onet_soc_code,title,scale_id,scale_name,category,category_description,share_pct,date,domain_source,data_source
11-1011.00,Chief Executives,RL,Required Level Of Education (Categories 1-12),8,Master's Degree,45.91,08/2023,Incumbent,O*NET
11-1011.03,Chief Sustainability Officers,RL,Required Level Of Education (Categories 1-12),8,Master's Degree,74.07,08/2021,Occupational Expert,O*NET
11-1021.00,General and Operations Managers,RL,Required Level Of Education (Categories 1-12),2,High School Diploma or the equivalent (such as a GED),28.76,08/2023,Incumbent,O*NET
11-2011.00,Advertising and Promotions Managers,RQ,Required Level Of Education (Categories 1-12),6,Bachelor's Degree,72.87,08/2026,Incumbent,O*NET
11-2021.00,Marketing Managers,RQ,Required Level Of Education (Categories 1-12),6,Bachelor's Degree,80.08,08/2026,Incumbent,O*NET
11-2022.00,Sales Managers,RL,Required Level Of Education (Categories 1-12),6,Bachelor's Degree,71.43,08/2025,Occupational Expert,O*NET
11-2032.00,Public Relations Managers,RQ,Required Level Of Education (Categories 1-12),6,Bachelor's Degree,83.33,08/2026,Occupational Expert,O*NET
11-2033.00,Fundraising Managers,RL,Required Level Of Education (Categories 1-12),8,Master's Degree,10.93,08/2025,Incumbent,O*NET
11-3012.00,Administrative Services Managers,RL,Required Level Of Education (Categories 1-12),2,High School Diploma or the equivalent (such as a GED),33.56,07/2017,Incumbent,O*NET
11-3013.00,Facilities Managers,RL,Required Level Of Education (Categories 1-12),5,Associate's Degree or other 2-year degree,57.34,08/2024,Incumbent,O*NET
11-3013.01,Security Managers,RL,Required Level Of Education (Categories 1-12),6,Bachelor's Degree,70.0,08/2025,Occupational Expert,O*NET
11-3021.00,Computer and Information Systems Managers,RL,Required Level Of Education (Categories 1-12),6,Bachelor's Degree,47.68,07/2016,Incumbent,O*NET
11-3031.00,Financial Managers,RL,Required Level Of Education (Categories 1-12),6,Bachelor's Degree,56.31,08/2022,Incumbent,O*NET
11-3031.01,Treasurers and Controllers,RQ,Required Level Of Education (Categories 1-12),6,Bachelor's Degree,48.0,08/2026,Occupational Expert,O*NET
11-3031.03,Investment Fund Managers,RL,Required Level Of Education (Categories 1-12),8,Master's Degree,63.33,07/2014,Incumbent,O*NET
11-3051.00,Industrial Production Managers,RL,Required Level Of Education (Categories 1-12),2,High School Diploma or the equivalent (such as a GED),29.42,08/2021,Incumbent,O*NET
11-3051.01,Quality Control Systems Managers,RL,Required Level Of Education (Categories 1-12),6,Bachelor's Degree,100.0,08/2022,Incumbent,O*NET
11-3051.02,Geothermal Production Managers,RL,Required Level Of Education (Categories 1-12),4,Some College Courses,47.61,07/2011,Incumbent,O*NET
11-3051.03,Biofuels Production Managers,RL,Required Level Of Education (Categories 1-12),6,Bachelor's Degree,45.44,07/2016,Incumbent,O*NET
11-3051.04,Biomass Power Plant Managers,RL,Required Level Of Education (Categories 1-12),6,Bachelor's Degree,61.49,08/2020,Incumbent,O*NET
11-3051.06,Hydroelectric Production Managers,RL,Required Level Of Education (Categories 1-12),3,Post-Secondary Certificate,28.95,07/2016,Incumbent,O*NET
11-3061.00,Purchasing Managers,RL,Required Level Of Education (Categories 1-12),6,Bachelor's Degree,52.63,08/2023,Occupational Expert,O*NET
11-3071.04,Supply Chain Managers,RL,Required Level Of Education (Categories 1-12),6,Bachelor's Degree,66.67,07/2017,Occupational Expert,O*NET
11-3111.00,Compensation and Benefits Managers,RL,Required Level Of Education (Categories 1-12),6,Bachelor's Degree,76.19,08/2023,Occupational Expert,O*NET
11-3121.00,Human Resources Managers,RL,Required Level Of Education (Categories 1-12),6,Bachelor's Degree,81.82,08/2025,Occupational Expert,O*NET
11-3131.00,Training and Development Managers,RL,Required Level Of Education (Categories 1-12),6,Bachelor's Degree,71.43,08/2024,Occupational Expert,O*NET
11-9021.00,Construction Managers,RL,Required Level Of Education (Categories 1-12),6,Bachelor's Degree,40.0,08/2025,Occupational Expert,O*NET
11-9031.00,"Education and Childcare Administrators, Preschool and Daycare",RQ,Required Level Of Education (Categories 1-12),6,Bachelor's Degree,43.75,08/2026,Occupational Expert,O*NET
11-9032.00,"Education Administrators, Kindergarten through Secondary",RQ,Required Level Of Education (Categories 1-12),8,Master's Degree,62.27,08/2026,Incumbent,O*NET
11-9033.00,"Education Administrators, Postsecondary",RL,Required Level Of Education (Categories 1-12),8,Master's Degree,47.94,08/2018,Incumbent,O*NET
11-9041.00,Architectural and Engineering Managers,RL,Required Level Of Education (Categories 1-12),6,Bachelor's Degree,45.52,08/2020,Incumbent,O*NET
11-9041.01,Biofuels/Biodiesel Technology and Product Development Managers,RL,Required Level Of Education (Categories 1-12),6,Bachelor's Degree,55.44,07/2014,Incumbent,O*NET
11-9051.00,Food Service Managers,RL,Required Level Of Education (Categories 1-12),2,High School Diploma or the equivalent (such as a GED),29.66,08/2025,Incumbent,O*NET
11-9071.00,Gambling Managers,RL,Required Level Of Education (Categories 1-12),2,High School Diploma or the equivalent (such as a GED),56.51,08/2023,Incumbent,O*NET
11-9072.00,"Entertainment and Recreation Managers, Except Gambling",RQ,Required Level Of Education (Categories 1-12),6,Bachelor's Degree,56.48,08/2026,Incumbent,O*NET
11-9081.00,Lodging Managers,RL,Required Level Of Education (Categories 1-12),6,Bachelor's Degree,71.6,07/2017,Incumbent,O*NET
11-9111.00,Medical and Health Services Managers,RL,Required Level Of Education (Categories 1-12),6,Bachelor's Degree,46.43,08/2022,Occupational Expert,O*NET
11-9121.00,Natural Sciences Managers,RL,Required Level Of Education (Categories 1-12),6,Bachelor's Degree,35.07,08/2021,Incumbent,O*NET
11-9121.01,Clinical Research Coordinators,RL,Required Level Of Education (Categories 1-12),6,Bachelor's Degree,60.13,08/2021,Incumbent,O*NET
11-9121.02,Water Resource Specialists,RL,Required Level Of Education (Categories 1-12),6,Bachelor's Degree,50.0,08/2020,Occupational Expert,O*NET
11-9131.00,Postmasters and Mail Superintendents,RL,Required Level Of Education (Categories 1-12),2,High School Diploma or the equivalent (such as a GED),62.1,07/2016,Incumbent,O*NET
11-9141.00,"Property, Real Estate, and Community Association Managers",RQ,Required Level Of Education (Categories 1-12),6,Bachelor's Degree,48.15,08/2026,Occupational Expert,O*NET
11-9151.00,Social and Community Service Managers,RL,Required Level Of Education (Categories 1-12),6,Bachelor's Degree,50.36,08/2018,Incumbent,O*NET
11-9161.00,Emergency Management Directors,RL,Required Level Of Education (Categories 1-12),6,Bachelor's Degree,59.09,08/2023,Occupational Expert,O*NET
11-9171.00,Funeral Home Managers,RL,Required Level Of Education (Categories 1-12),5,Associate's Degree or other 2-year degree,49.85,08/2024,Incumbent,O*NET
11-9179.01,Fitness and Wellness Coordinators,RL,Required Level Of Education (Categories 1-12),8,Master's Degree,50.0,08/2022,Occupational Expert,O*NET
11-9179.02,Spa Managers,RQ,Required Level Of Education (Categories 1-12),2,High School Diploma or the equivalent (such as a GED),20.46,08/2026,Incumbent,O*NET
11-9199.01,Regulatory Affairs Managers,RL,Required Level Of Education (Categories 1-12),6,Bachelor's Degree,73.91,08/2024,Occupational Expert,O*NET
11-9199.02,Compliance Managers,RL,Required Level Of Education (Categories 1-12),6,Bachelor's Degree,63.38,08/2019,Incumbent,O*NET
11-9199.08,Loss Prevention Managers,RL,Required Level Of Education (Categories 1-12),6,Bachelor's Degree,54.55,08/2019,Occupational Expert,O*NET
11-9199.09,Wind Energy Operations Managers,RL,Required Level Of Education (Categories 1-12),5,Associate's Degree or other 2-year degree,39.7,08/2021,Incumbent,O*NET
11-9199.10,Wind Energy Development Managers,RL,Required Level Of Education (Categories 1-12),6,Bachelor's Degree,66.85,07/2016,Incumbent,O*NET
11-9199.11,Brownfield Redevelopment Specialists and Site Managers,RL,Required Level Of Education (Categories 1-12),6,Bachelor's Degree,77.27,08/2021,Occupational Expert,O*NET
13-1011.00,"Agents and Business Managers of Artists, Performers, and Athletes",RL,Required Level Of Education (Categories 1-12),6,Bachelor's Degree,41.33,08/2020,Incumbent,O*NET
13-1021.00,"Buyers and Purchasing Agents, Farm Products",RQ,Required Level Of Education (Categories 1-12),3,Post-Secondary Certificate,1.11,08/2026,Incumbent,O*NET
13-1022.00,"Wholesale and Retail Buyers, Except Farm Products",RQ,Required Level Of Education (Categories 1-12),2,High School Diploma or the equivalent (such as a GED),16.25,08/2026,Incumbent,O*NET
13-1023.00,"Purchasing Agents, Except Wholesale, Retail, and Farm Products",RL,Required Level Of Education (Categories 1-12),6,Bachelor's Degree,65.0,08/2025,Occupational Expert,O*NET
13-1031.00,"Claims Adjusters, Examiners, and Investigators",RL,Required Level Of Education (Categories 1-12),6,Bachelor's Degree,55.82,08/2022,Incumbent,O*NET
13-1032.00,"Insurance Appraisers, Auto Damage",RL,Required Level Of Education (Categories 1-12),4,Some College Courses,30.6,07/2016,Incumbent,O*NET
13-1041.01,Environmental Compliance Inspectors,RL,Required Level Of Education (Categories 1-12),6,Bachelor's Degree,75.0,08/2021,Occupational Expert,O*NET
13-1041.03,Equal Opportunity Representatives and Officers,RL,Required Level Of Education (Categories 1-12),6,Bachelor's Degree,65.76,07/2015,Incumbent,O*NET
13-1041.04,Government Property Inspectors and Investigators,RL,Required Level Of Education (Categories 1-12),6,Bachelor's Degree,39.34,07/2016,Incumbent,O*NET
13-1041.06,Coroners,RL,Required Level Of Education (Categories 1-12),6,Bachelor's Degree,35.0,08/2024,Occupational Expert,O*NET
13-1041.07,Regulatory Affairs Specialists,RL,Required Level Of Education (Categories 1-12),6,Bachelor's Degree,80.0,08/2019,Occupational Expert,O*NET
13-1041.08,Customs Brokers,RQ,Required Level Of Education (Categories 1-12),6,Bachelor's Degree,35.0,08/2026,Occupational Expert,O*NET
13-1051.00,Cost Estimators,RL,Required Level Of Education (Categories 1-12),6,Bachelor's Degree,81.82,08/2023,Occupational Expert,O*NET
13-1071.00,Human Resources Specialists,RL,Required Level Of Education (Categories 1-12),6,Bachelor's Degree,46.59,08/2019,Incumbent,O*NET
13-1074.00,Farm Labor Contractors,RQ,Required Level Of Education (Categories 1-12),2,High School Diploma or the equivalent (such as a GED),48.54,08/2026,Incumbent,O*NET
13-1075.00,Labor Relations Specialists,RL,Required Level Of Education (Categories 1-12),6,Bachelor's Degree,33.33,08/2023,Occupational Expert,O*NET
13-1081.00,Logisticians,RL,Required Level Of Education (Categories 1-12),6,Bachelor's Degree,75.0,07/2016,Occupational Expert,O*NET
13-1081.01,Logistics Engineers,RL,Required Level Of Education (Categories 1-12),6,Bachelor's Degree,73.91,08/2025,Occupational Expert,O*NET
13-1081.02,Logistics Analysts,RL,Required Level Of Education (Categories 1-12),6,Bachelor's Degree,63.64,08/2020,Occupational Expert,O*NET
13-1082.00,Project Management Specialists,RQ,Required Level Of Education (Categories 1-12),6,Bachelor's Degree,63.64,08/2026,Occupational Expert,O*NET
13-1111.00,Management Analysts,RL,Required Level Of Education (Categories 1-12),6,Bachelor's Degree,57.14,08/2022,Occupational Expert,O*NET
13-1121.00,"Meeting, Convention, and Event Planners",RL,Required Level Of Education (Categories 1-12),6,Bachelor's Degree,40.8,07/2016,Incumbent,O*NET
13-1131.00,Fundraisers,RL,Required Level Of Education (Categories 1-12),6,Bachelor's Degree,90.48,08/2021,Occupational Expert,O*NET
13-1141.00,"Compensation, Benefits, and Job Analysis Specialists",RL,Required Level Of Education (Categories 1-12),6,Bachelor's Degree,85.71,08/2024,Occupational Expert,O*NET
13-1151.00,Training and Development Specialists,RL,Required Level Of Education (Categories 1-12),6,Bachelor's Degree,78.26,08/2022,Occupational Expert,O*NET
13-1161.00,Market Research Analysts and Marketing Specialists,RQ,Required Level Of Education (Categories 1-12),6,Bachelor's Degree,70.0,08/2026,Occupational Expert,O*NET
13-1161.01,Search Marketing Strategists,RL,Required Level Of Education (Categories 1-12),6,Bachelor's Degree,47.83,08/2021,Occupational Expert,O*NET
13-1199.04,Business Continuity Planners,RL,Required Level Of Education (Categories 1-12),6,Bachelor's Degree,47.83,08/2025,Occupational Expert,O*NET
13-1199.05,Sustainability Specialists,RL,Required Level Of Education (Categories 1-12),6,Bachelor's Degree,52.17,08/2020,Occupational Expert,O*NET
13-1199.06,Online Merchants,RL,Required Level Of Education (Categories 1-12),6,Bachelor's Degree,41.29,07/2014,Incumbent,O*NET
13-1199.07,Security Management Specialists,RL,Required Level Of Education (Categories 1-12),6,Bachelor's Degree,65.0,08/2025,Occupational Expert,O*NET
13-2011.00,Accountants and Auditors,RQ,Required Level Of Education (Categories 1-12),6,Bachelor's Degree,68.97,08/2026,Occupational Expert,O*NET
13-2022.00,Appraisers of Personal and Business Property,RL,Required Level Of Education (Categories 1-12),6,Bachelor's Degree,39.13,08/2025,Occupational Expert,O*NET
13-2023.00,Appraisers and Assessors of Real Estate,RL,Required Level Of Education (Categories 1-12),6,Bachelor's Degree,54.55,08/2025,Occupational Expert,O*NET
13-2031.00,Budget Analysts,RL,Required Level Of Education (Categories 1-12),6,Bachelor's Degree,77.48,08/2024,Incumbent,O*NET
13-2041.00,Credit Analysts,RL,Required Level Of Education (Categories 1-12),6,Bachelor's Degree,95.0,08/2020,Occupational Expert,O*NET
13-2052.00,Personal Financial Advisors,RL,Required Level Of Education (Categories 1-12),6,Bachelor's Degree,57.69,08/2024,Occupational Expert,O*NET
13-2053.00,Insurance Underwriters,RL,Required Level Of Education (Categories 1-12),6,Bachelor's Degree,70.0,08/2018,Occupational Expert,O*NET
13-2061.00,Financial Examiners,RL,Required Level Of Education (Categories 1-12),6,Bachelor's Degree,86.96,08/2020,Occupational Expert,O*NET
13-2071.00,Credit Counselors,RQ,Required Level Of Education (Categories 1-12),6,Bachelor's Degree,31.03,08/2026,Occupational Expert,O*NET
13-2072.00,Loan Officers,RL,Required Level Of Education (Categories 1-12),6,Bachelor's Degree,68.74,08/2020,Incumbent,O*NET
13-2081.00,"Tax Examiners and Collectors, and Revenue Agents",RL,Required Level Of Education (Categories 1-12),6,Bachelor's Degree,33.61,08/2022,Incumbent,O*NET
13-2082.00,Tax Preparers,RL,Required Level Of Education (Categories 1-12),2,High School Diploma or the equivalent (such as a GED),38.1,08/2025,Occupational Expert,O*NET
13-2099.01,Financial Quantitative Analysts,RL,Required Level Of Education (Categories 1-12),8,Master's Degree,60.0,08/2023,Occupational Expert,O*NET
13-2099.04,"Fraud Examiners, Investigators and Analysts",RQ,Required Level Of Education (Categories 1-12),6,Bachelor's Degree,83.33,08/2026,Occupational Expert,O*NET
15-1211.00,Computer Systems Analysts,RL,Required Level Of Education (Categories 1-12),4,Some College Courses,4.62,08/2023,Incumbent,O*NET
15-1211.01,Health Informatics Specialists,RL,Required Level Of Education (Categories 1-12),8,Master's Degree,52.38,08/2024,Occupational Expert,O*NET
15-1212.00,Information Security Analysts,RL,Required Level Of Education (Categories 1-12),6,Bachelor's Degree,52.64,08/2018,Incumbent,O*NET
15-1221.00,Computer and Information Research Scientists,RL,Required Level Of Education (Categories 1-12),11,Doctoral Degree,28.42,08/2019,Incumbent,O*NET
15-1231.00,Computer Network Support Specialists,RL,Required Level Of Education (Categories 1-12),6,Bachelor's Degree,46.93,07/2014,Incumbent,O*NET
15-1232.00,Computer User Support Specialists,RL,Required Level Of Education (Categories 1-12),5,Associate's Degree or other 2-year degree,13.74,08/2023,Incumbent,O*NET
15-1241.00,Computer Network Architects,RL,Required Level Of Education (Categories 1-12),6,Bachelor's Degree,55.0,08/2024,Occupational Expert,O*NET
15-1241.01,Telecommunications Engineering Specialists,RQ,Required Level Of Education (Categories 1-12),5,Associate's Degree or other 2-year degree,32.26,08/2026,Occupational Expert,O*NET
15-1242.00,Database Administrators,RL,Required Level Of Education (Categories 1-12),6,Bachelor's Degree,88.98,08/2023,Incumbent,O*NET
15-1243.00,Database Architects,RL,Required Level Of Education (Categories 1-12),6,Bachelor's Degree,76.19,08/2023,Occupational Expert,O*NET
15-1243.01,Data Warehousing Specialists,RL,Required Level Of Education (Categories 1-12),6,Bachelor's Degree,78.26,08/2018,Occupational Expert,O*NET
15-1244.00,Network and Computer Systems Administrators,RQ,Required Level Of Education (Categories 1-12),5,Associate's Degree or other 2-year degree,30.0,08/2026,Occupational Expert,O*NET
15-1251.00,Computer Programmers,RL,Required Level Of Education (Categories 1-12),6,Bachelor's Degree,88.04,08/2018,Incumbent,O*NET
15-1252.00,Software Developers,RL,Required Level Of Education (Categories 1-12),6,Bachelor's Degree,84.8,08/2025,Incumbent,O*NET
15-1253.00,Software Quality Assurance Analysts and Testers,RL,Required Level Of Education (Categories 1-12),6,Bachelor's Degree,50.0,08/2022,Occupational Expert,O*NET
15-1254.00,Web Developers,RL,Required Level Of Education (Categories 1-12),6,Bachelor's Degree,45.83,07/2017,Occupational Expert,O*NET
15-1255.00,Web and Digital Interface Designers,RQ,Required Level Of Education (Categories 1-12),6,Bachelor's Degree,52.42,08/2026,Incumbent,O*NET
15-1255.01,Video Game Designers,RL,Required Level Of Education (Categories 1-12),6,Bachelor's Degree,55.0,08/2022,Occupational Expert,O*NET
15-1299.01,Web Administrators,RL,Required Level Of Education (Categories 1-12),6,Bachelor's Degree,55.0,08/2018,Occupational Expert,O*NET
15-1299.02,Geographic Information Systems Technologists and Technicians,RQ,Required Level Of Education (Categories 1-12),6,Bachelor's Degree,27.35,08/2026,Incumbent,O*NET
15-1299.03,Document Management Specialists,RL,Required Level Of Education (Categories 1-12),6,Bachelor's Degree,60.0,08/2021,Occupational Expert,O*NET
15-1299.04,Penetration Testers,RQ,Required Level Of Education (Categories 1-12),6,Bachelor's Degree,40.0,08/2026,Occupational Expert,O*NET
15-1299.05,Information Security Engineers,RL,Required Level Of Education (Categories 1-12),6,Bachelor's Degree,47.37,08/2025,Occupational Expert,O*NET
15-1299.06,Digital Forensics Analysts,RQ,Required Level Of Education (Categories 1-12),6,Bachelor's Degree,55.56,08/2026,Occupational Expert,O*NET
15-1299.07,Blockchain Engineers,RL,Required Level Of Education (Categories 1-12),6,Bachelor's Degree,37.5,08/2026,Occupational Expert,O*NET
15-1299.08,Computer Systems Engineers/Architects,RL,Required Level Of Education (Categories 1-12),3,Post-Secondary Certificate,40.91,08/2024,Occupational Expert,O*NET
15-1299.09,Information Technology Project Managers,RL,Required Level Of Education (Categories 1-12),6,Bachelor's Degree,38.1,08/2019,Occupational Expert,O*NET
15-2011.00,Actuaries,RQ,Required Level Of Education (Categories 1-12),6,Bachelor's Degree,82.35,08/2026,Occupational Expert,O*NET
15-2021.00,Mathematicians,RL,Required Level Of Education (Categories 1-12),11,Doctoral Degree,45.0,08/2025,Occupational Expert,O*NET
15-2031.00,Operations Research Analysts,RL,Required Level Of Education (Categories 1-12),8,Master's Degree,42.86,08/2024,Occupational Expert,O*NET
15-2041.00,Statisticians,RL,Required Level Of Education (Categories 1-12),8,Master's Degree,61.9,08/2024,Occupational Expert,O*NET
15-2041.01,Biostatisticians,RL,Required Level Of Education (Categories 1-12),8,Master's Degree,58.33,08/2021,Occupational Expert,O*NET
15-2051.00,Data Scientists,RQ,Required Level Of Education (Categories 1-12),6,Bachelor's Degree,48.0,08/2026,Occupational Expert,O*NET
15-2051.01,Business Intelligence Analysts,RL,Required Level Of Education (Categories 1-12),6,Bachelor's Degree,68.18,08/2024,Occupational Expert,O*NET
15-2051.02,Clinical Data Managers,RL,Required Level Of Education (Categories 1-12),6,Bachelor's Degree,85.0,07/2016,Occupational Expert,O*NET
15-2099.01,Bioinformatics Technicians,RL,Required Level Of Education (Categories 1-12),6,Bachelor's Degree,50.89,07/2014,Incumbent,O*NET
17-1011.00,"Architects, Except Landscape and Naval",RQ,Required Level Of Education (Categories 1-12),8,Master's Degree,43.48,08/2026,Occupational Expert,O*NET
17-1012.00,Landscape Architects,RL,Required Level Of Education (Categories 1-12),6,Bachelor's Degree,85.0,08/2025,Occupational Expert,O*NET
17-1021.00,Cartographers and Photogrammetrists,RL,Required Level Of Education (Categories 1-12),3,Post-Secondary Certificate,35.73,08/2018,Incumbent,O*NET
17-1022.00,Surveyors,RL,Required Level Of Education (Categories 1-12),6,Bachelor's Degree,47.37,08/2023,Occupational Expert,O*NET
17-1022.01,Geodetic Surveyors,RL,Required Level Of Education (Categories 1-12),6,Bachelor's Degree,81.48,08/2022,Occupational Expert,O*NET
17-2011.00,Aerospace Engineers,RQ,Required Level Of Education (Categories 1-12),6,Bachelor's Degree,79.99,08/2026,Incumbent,O*NET
17-2021.00,Agricultural Engineers,RL,Required Level Of Education (Categories 1-12),6,Bachelor's Degree,75.0,08/2024,Occupational Expert,O*NET
17-2031.00,Bioengineers and Biomedical Engineers,RL,Required Level Of Education (Categories 1-12),6,Bachelor's Degree,43.48,08/2024,Occupational Expert,O*NET
17-2041.00,Chemical Engineers,RL,Required Level Of Education (Categories 1-12),6,Bachelor's Degree,91.3,08/2025,Occupational Expert,O*NET
17-2051.00,Civil Engineers,RL,Required Level Of Education (Categories 1-12),6,Bachelor's Degree,85.71,08/2021,Occupational Expert,O*NET
17-2051.01,Transportation Engineers,RL,Required Level Of Education (Categories 1-12),6,Bachelor's Degree,77.27,08/2023,Occupational Expert,O*NET
17-2051.02,Water/Wastewater Engineers,RL,Required Level Of Education (Categories 1-12),6,Bachelor's Degree,69.57,08/2020,Occupational Expert,O*NET
17-2061.00,Computer Hardware Engineers,RL,Required Level Of Education (Categories 1-12),6,Bachelor's Degree,48.28,08/2021,Occupational Expert,O*NET
17-2071.00,Electrical Engineers,RL,Required Level Of Education (Categories 1-12),6,Bachelor's Degree,81.62,08/2023,Incumbent,O*NET
17-2072.00,"Electronics Engineers, Except Computer",RL,Required Level Of Education (Categories 1-12),6,Bachelor's Degree,83.3,08/2022,Incumbent,O*NET
17-2072.01,Radio Frequency Identification Device Specialists,RL,Required Level Of Education (Categories 1-12),6,Bachelor's Degree,74.83,07/2015,Incumbent,O*NET
17-2081.00,Environmental Engineers,RL,Required Level Of Education (Categories 1-12),6,Bachelor's Degree,61.9,08/2024,Occupational Expert,O*NET
17-2111.02,Fire-Prevention and Protection Engineers,RL,Required Level Of Education (Categories 1-12),6,Bachelor's Degree,84.62,08/2025,Occupational Expert,O*NET
17-2112.00,Industrial Engineers,RL,Required Level Of Education (Categories 1-12),6,Bachelor's Degree,58.62,08/2020,Incumbent,O*NET
17-2112.01,Human Factors Engineers and Ergonomists,RL,Required Level Of Education (Categories 1-12),8,Master's Degree,50.0,08/2024,Occupational Expert,O*NET
17-2112.02,Validation Engineers,RL,Required Level Of Education (Categories 1-12),6,Bachelor's Degree,90.0,08/2018,Occupational Expert,O*NET
17-2112.03,Manufacturing Engineers,RL,Required Level Of Education (Categories 1-12),6,Bachelor's Degree,76.0,07/2017,Occupational Expert,O*NET
17-2121.00,Marine Engineers and Naval Architects,RL,Required Level Of Education (Categories 1-12),6,Bachelor's Degree,52.63,08/2025,Occupational Expert,O*NET
17-2131.00,Materials Engineers,RL,Required Level Of Education (Categories 1-12),6,Bachelor's Degree,80.0,08/2026,Occupational Expert,O*NET
17-2141.00,Mechanical Engineers,RL,Required Level Of Education (Categories 1-12),6,Bachelor's Degree,52.29,08/2024,Incumbent,O*NET
17-2141.01,Fuel Cell Engineers,RL,Required Level Of Education (Categories 1-12),6,Bachelor's Degree,57.14,08/2022,Occupational Expert,O*NET
17-2141.02,Automotive Engineers,RL,Required Level Of Education (Categories 1-12),6,Bachelor's Degree,71.43,08/2022,Occupational Expert,O*NET
17-2151.00,"Mining and Geological Engineers, Including Mining Safety Engineers",RL,Required Level Of Education (Categories 1-12),6,Bachelor's Degree,79.05,08/2018,Incumbent,O*NET
17-2161.00,Nuclear Engineers,RL,Required Level Of Education (Categories 1-12),6,Bachelor's Degree,80.95,08/2024,Occupational Expert,O*NET
17-2171.00,Petroleum Engineers,RL,Required Level Of Education (Categories 1-12),6,Bachelor's Degree,71.61,08/2020,Incumbent,O*NET
17-2199.03,"Energy Engineers, Except Wind and Solar",RQ,Required Level Of Education (Categories 1-12),6,Bachelor's Degree,65.0,08/2026,Occupational Expert,O*NET
17-2199.05,Mechatronics Engineers,RL,Required Level Of Education (Categories 1-12),6,Bachelor's Degree,66.14,08/2022,Incumbent,O*NET
17-2199.06,Microsystems Engineers,RL,Required Level Of Education (Categories 1-12),8,Master's Degree,34.17,07/2016,Incumbent,O*NET
17-2199.07,Photonics Engineers,RL,Required Level Of Education (Categories 1-12),6,Bachelor's Degree,52.38,08/2018,Occupational Expert,O*NET
17-2199.08,Robotics Engineers,RL,Required Level Of Education (Categories 1-12),6,Bachelor's Degree,50.0,08/2018,Occupational Expert,O*NET
17-2199.09,Nanosystems Engineers,RL,Required Level Of Education (Categories 1-12),11,Doctoral Degree,57.14,08/2023,Occupational Expert,O*NET
17-2199.10,Wind Energy Engineers,RL,Required Level Of Education (Categories 1-12),6,Bachelor's Degree,69.64,07/2012,Incumbent,O*NET
17-2199.11,Solar Energy Systems Engineers,RL,Required Level Of Education (Categories 1-12),6,Bachelor's Degree,55.56,08/2023,Occupational Expert,O*NET
17-3011.00,Architectural and Civil Drafters,RQ,Required Level Of Education (Categories 1-12),6,Bachelor's Degree,42.13,08/2026,Incumbent,O*NET
17-3012.00,Electrical and Electronics Drafters,RL,Required Level Of Education (Categories 1-12),6,Bachelor's Degree,40.08,08/2022,Incumbent,O*NET
17-3013.00,Mechanical Drafters,RQ,Required Level Of Education (Categories 1-12),2,High School Diploma or the equivalent (such as a GED),44.43,08/2026,Incumbent,O*NET
17-3021.00,Aerospace Engineering and Operations Technologists and Technicians,RL,Required Level Of Education (Categories 1-12),3,Post-Secondary Certificate,39.23,08/2019,Incumbent,O*NET
17-3022.00,Civil Engineering Technologists and Technicians,RL,Required Level Of Education (Categories 1-12),3,Post-Secondary Certificate,29.77,07/2017,Incumbent,O*NET
17-3023.00,Electrical and Electronic Engineering Technologists and Technicians,RQ,Required Level Of Education (Categories 1-12),5,Associate's Degree or other 2-year degree,33.95,08/2026,Incumbent,O*NET
17-3024.00,Electro-Mechanical and Mechatronics Technologists and Technicians,RL,Required Level Of Education (Categories 1-12),3,Post-Secondary Certificate,31.72,08/2022,Incumbent,O*NET
17-3024.01,Robotics Technicians,RL,Required Level Of Education (Categories 1-12),5,Associate's Degree or other 2-year degree,45.45,08/2018,Occupational Expert,O*NET
17-3025.00,Environmental Engineering Technologists and Technicians,RL,Required Level Of Education (Categories 1-12),6,Bachelor's Degree,67.31,07/2014,Incumbent,O*NET
17-3026.00,Industrial Engineering Technologists and Technicians,RQ,Required Level Of Education (Categories 1-12),6,Bachelor's Degree,52.52,08/2026,Incumbent,O*NET
17-3026.01,Nanotechnology Engineering Technologists and Technicians,RL,Required Level Of Education (Categories 1-12),11,Doctoral Degree,40.0,08/2025,Occupational Expert,O*NET
17-3027.00,Mechanical Engineering Technologists and Technicians,RL,Required Level Of Education (Categories 1-12),6,Bachelor's Degree,36.52,08/2022,Incumbent,O*NET
17-3027.01,Automotive Engineering Technicians,RL,Required Level Of Education (Categories 1-12),5,Associate's Degree or other 2-year degree,37.04,07/2016,Occupational Expert,O*NET
17-3029.01,Non-Destructive Testing Specialists,RL,Required Level Of Education (Categories 1-12),2,High School Diploma or the equivalent (such as a GED),68.18,08/2023,Occupational Expert,O*NET
17-3029.08,Photonics Technicians,RL,Required Level Of Education (Categories 1-12),5,Associate's Degree or other 2-year degree,40.91,08/2024,Occupational Expert,O*NET
17-3031.00,Surveying and Mapping Technicians,RQ,Required Level Of Education (Categories 1-12),2,High School Diploma or the equivalent (such as a GED),32.74,08/2026,Incumbent,O*NET
19-1011.00,Animal Scientists,RL,Required Level Of Education (Categories 1-12),11,Doctoral Degree,43.48,08/2022,Occupational Expert,O*NET
19-1012.00,Food Scientists and Technologists,RL,Required Level Of Education (Categories 1-12),6,Bachelor's Degree,81.82,08/2025,Occupational Expert,O*NET
19-1013.00,Soil and Plant Scientists,RL,Required Level Of Education (Categories 1-12),8,Master's Degree,28.57,08/2021,Occupational Expert,O*NET
19-1021.00,Biochemists and Biophysicists,RL,Required Level Of Education (Categories 1-12),12,Post-Doctoral Training,40.0,08/2020,Occupational Expert,O*NET
19-1022.00,Microbiologists,RL,Required Level Of Education (Categories 1-12),6,Bachelor's Degree,63.64,08/2024,Occupational Expert,O*NET
19-1023.00,Zoologists and Wildlife Biologists,RQ,Required Level Of Education (Categories 1-12),6,Bachelor's Degree,72.41,08/2026,Occupational Expert,O*NET
19-1029.01,Bioinformatics Scientists,RL,Required Level Of Education (Categories 1-12),8,Master's Degree,42.1,08/2026,Incumbent,O*NET
19-1029.02,Molecular and Cellular Biologists,RL,Required Level Of Education (Categories 1-12),6,Bachelor's Degree,34.62,08/2021,Occupational Expert,O*NET
19-1029.03,Geneticists,RL,Required Level Of Education (Categories 1-12),12,Post-Doctoral Training,36.0,08/2021,Occupational Expert,O*NET
19-1029.04,Biologists,RL,Required Level Of Education (Categories 1-12),8,Master's Degree,54.99,08/2025,Incumbent,O*NET
19-1031.00,Conservation Scientists,RL,Required Level Of Education (Categories 1-12),6,Bachelor's Degree,69.57,08/2022,Occupational Expert,O*NET
19-1031.02,Range Managers,RL,Required Level Of Education (Categories 1-12),6,Bachelor's Degree,75.0,08/2026,Occupational Expert,O*NET
19-1031.03,Park Naturalists,RQ,Required Level Of Education (Categories 1-12),6,Bachelor's Degree,75.0,08/2026,Occupational Expert,O*NET
19-1032.00,Foresters,RQ,Required Level Of Education (Categories 1-12),6,Bachelor's Degree,72.92,08/2026,Occupational Expert,O*NET
19-1041.00,Epidemiologists,RL,Required Level Of Education (Categories 1-12),8,Master's Degree,66.67,08/2023,Occupational Expert,O*NET
19-1042.00,"Medical Scientists, Except Epidemiologists",RL,Required Level Of Education (Categories 1-12),11,Doctoral Degree,35.91,08/2021,Incumbent,O*NET
19-2011.00,Astronomers,RL,Required Level Of Education (Categories 1-12),11,Doctoral Degree,65.22,08/2024,Occupational Expert,O*NET
19-2012.00,Physicists,RL,Required Level Of Education (Categories 1-12),11,Doctoral Degree,49.04,08/2020,Incumbent,O*NET
19-2021.00,Atmospheric and Space Scientists,RL,Required Level Of Education (Categories 1-12),6,Bachelor's Degree,60.0,08/2024,Occupational Expert,O*NET
19-2031.00,Chemists,RL,Required Level Of Education (Categories 1-12),6,Bachelor's Degree,55.91,08/2023,Incumbent,O*NET
19-2032.00,Materials Scientists,RL,Required Level Of Education (Categories 1-12),6,Bachelor's Degree,61.9,08/2024,Occupational Expert,O*NET
19-2041.00,"Environmental Scientists and Specialists, Including Health",RL,Required Level Of Education (Categories 1-12),6,Bachelor's Degree,47.49,08/2023,Incumbent,O*NET
19-2041.01,Climate Change Policy Analysts,RL,Required Level Of Education (Categories 1-12),8,Master's Degree,60.87,08/2021,Occupational Expert,O*NET
19-2041.02,Environmental Restoration Planners,RL,Required Level Of Education (Categories 1-12),6,Bachelor's Degree,50.0,08/2021,Occupational Expert,O*NET
19-2041.03,Industrial Ecologists,RL,Required Level Of Education (Categories 1-12),8,Master's Degree,65.22,08/2021,Occupational Expert,O*NET
19-2042.00,"Geoscientists, Except Hydrologists and Geographers",RL,Required Level Of Education (Categories 1-12),6,Bachelor's Degree,48.15,08/2026,Occupational Expert,O*NET
19-2043.00,Hydrologists,RQ,Required Level Of Education (Categories 1-12),6,Bachelor's Degree,63.64,08/2026,Occupational Expert,O*NET
19-2099.01,Remote Sensing Scientists and Technologists,RL,Required Level Of Education (Categories 1-12),6,Bachelor's Degree,60.0,08/2023,Occupational Expert,O*NET
19-3011.00,Economists,RL,Required Level Of Education (Categories 1-12),8,Master's Degree,50.0,08/2024,Occupational Expert,O*NET
19-3011.01,Environmental Economists,RL,Required Level Of Education (Categories 1-12),11,Doctoral Degree,44.44,08/2020,Occupational Expert,O*NET
19-3022.00,Survey Researchers,RL,Required Level Of Education (Categories 1-12),6,Bachelor's Degree,50.0,08/2025,Occupational Expert,O*NET
19-3032.00,Industrial-Organizational Psychologists,RL,Required Level Of Education (Categories 1-12),8,Master's Degree,57.69,08/2023,Occupational Expert,O*NET
19-3033.00,Clinical and Counseling Psychologists,RL,Required Level Of Education (Categories 1-12),12,Post-Doctoral Training,48.0,08/2024,Occupational Expert,O*NET
19-3034.00,School Psychologists,RL,Required Level Of Education (Categories 1-12),9,Post-Master's Certificate,57.69,08/2026,Occupational Expert,O*NET
19-3039.02,Neuropsychologists,RL,Required Level Of Education (Categories 1-12),12,Post-Doctoral Training,84.0,08/2024,Occupational Expert,O*NET
19-3039.03,Clinical Neuropsychologists,RL,Required Level Of Education (Categories 1-12),12,Post-Doctoral Training,91.67,08/2024,Occupational Expert,O*NET
19-3041.00,Sociologists,RL,Required Level Of Education (Categories 1-12),11,Doctoral Degree,50.0,08/2023,Occupational Expert,O*NET
19-3051.00,Urban and Regional Planners,RL,Required Level Of Education (Categories 1-12),8,Master's Degree,56.0,08/2021,Occupational Expert,O*NET
19-3091.00,Anthropologists and Archeologists,RL,Required Level Of Education (Categories 1-12),11,Doctoral Degree,40.0,08/2024,Occupational Expert,O*NET
19-3092.00,Geographers,RL,Required Level Of Education (Categories 1-12),6,Bachelor's Degree,45.0,08/2023,Occupational Expert,O*NET
19-3093.00,Historians,RL,Required Level Of Education (Categories 1-12),8,Master's Degree,64.48,08/2025,Incumbent,O*NET
19-3094.00,Political Scientists,RL,Required Level Of Education (Categories 1-12),11,Doctoral Degree,88.46,08/2022,Occupational Expert,O*NET
19-3099.01,Transportation Planners,RL,Required Level Of Education (Categories 1-12),6,Bachelor's Degree,55.0,08/2023,Occupational Expert,O*NET
19-4012.00,Agricultural Technicians,RL,Required Level Of Education (Categories 1-12),2,High School Diploma or the equivalent (such as a GED),41.34,08/2024,Incumbent,O*NET
19-4012.01,Precision Agriculture Technicians,RL,Required Level Of Education (Categories 1-12),6,Bachelor's Degree,34.78,08/2023,Occupational Expert,O*NET
19-4013.00,Food Science Technicians,RL,Required Level Of Education (Categories 1-12),6,Bachelor's Degree,32.33,08/2023,Incumbent,O*NET
19-4021.00,Biological Technicians,RL,Required Level Of Education (Categories 1-12),2,High School Diploma or the equivalent (such as a GED),14.46,08/2026,Incumbent,O*NET
19-4031.00,Chemical Technicians,RL,Required Level Of Education (Categories 1-12),2,High School Diploma or the equivalent (such as a GED),33.34,08/2021,Incumbent,O*NET
19-4042.00,"Environmental Science and Protection Technicians, Including Health",RL,Required Level Of Education (Categories 1-12),6,Bachelor's Degree,68.18,08/2023,Occupational Expert,O*NET
19-4051.02,Nuclear Monitoring Technicians,RL,Required Level Of Education (Categories 1-12),5,Associate's Degree or other 2-year degree,29.35,07/2014,Incumbent,O*NET
19-4061.00,Social Science Research Assistants,RL,Required Level Of Education (Categories 1-12),6,Bachelor's Degree,52.73,08/2019,Incumbent,O*NET
19-4071.00,Forest and Conservation Technicians,RL,Required Level Of Education (Categories 1-12),2,High School Diploma or the equivalent (such as a GED),35.31,08/2018,Incumbent,O*NET
19-4092.00,Forensic Science Technicians,RL,Required Level Of Education (Categories 1-12),3,Post-Secondary Certificate,36.29,08/2023,Incumbent,O*NET
19-4099.01,Quality Control Analysts,RL,Required Level Of Education (Categories 1-12),2,High School Diploma or the equivalent (such as a GED),37.77,08/2020,Incumbent,O*NET
19-4099.03,Remote Sensing Technicians,RL,Required Level Of Education (Categories 1-12),6,Bachelor's Degree,62.04,07/2012,Incumbent,O*NET
19-5011.00,Occupational Health and Safety Specialists,RL,Required Level Of Education (Categories 1-12),6,Bachelor's Degree,73.91,08/2024,Occupational Expert,O*NET
19-5012.00,Occupational Health and Safety Technicians,RL,Required Level Of Education (Categories 1-12),6,Bachelor's Degree,47.62,08/2024,Occupational Expert,O*NET
21-1011.00,Substance Abuse and Behavioral Disorder Counselors,RQ,Required Level Of Education (Categories 1-12),8,Master's Degree,33.33,08/2026,Occupational Expert,O*NET
21-1012.00,"Educational, Guidance, and Career Counselors and Advisors",RL,Required Level Of Education (Categories 1-12),5,Associate's Degree or other 2-year degree,2.51,08/2024,Incumbent,O*NET
21-1013.00,Marriage and Family Therapists,RQ,Required Level Of Education (Categories 1-12),8,Master's Degree,86.67,08/2026,Occupational Expert,O*NET
21-1014.00,Mental Health Counselors,RL,Required Level Of Education (Categories 1-12),8,Master's Degree,89.29,08/2025,Occupational Expert,O*NET
21-1015.00,Rehabilitation Counselors,RQ,Required Level Of Education (Categories 1-12),8,Master's Degree,82.35,08/2026,Occupational Expert,O*NET
21-1021.00,"Child, Family, and School Social Workers",RL,Required Level Of Education (Categories 1-12),6,Bachelor's Degree,68.66,08/2018,Incumbent,O*NET
21-1022.00,Healthcare Social Workers,RL,Required Level Of Education (Categories 1-12),8,Master's Degree,70.37,08/2021,Occupational Expert,O*NET
21-1023.00,Mental Health and Substance Abuse Social Workers,RL,Required Level Of Education (Categories 1-12),8,Master's Degree,77.18,08/2021,Incumbent,O*NET
21-1091.00,Health Education Specialists,RL,Required Level Of Education (Categories 1-12),5,Associate's Degree or other 2-year degree,62.17,08/2019,Incumbent,O*NET
21-1092.00,Probation Officers and Correctional Treatment Specialists,RL,Required Level Of Education (Categories 1-12),6,Bachelor's Degree,88.03,08/2020,Incumbent,O*NET
21-1093.00,Social and Human Service Assistants,RL,Required Level Of Education (Categories 1-12),6,Bachelor's Degree,39.39,08/2020,Incumbent,O*NET
21-1094.00,Community Health Workers,RQ,Required Level Of Education (Categories 1-12),6,Bachelor's Degree,55.96,08/2026,Incumbent,O*NET
21-2011.00,Clergy,RL,Required Level Of Education (Categories 1-12),8,Master's Degree,47.82,08/2023,Incumbent,O*NET
21-2021.00,"Directors, Religious Activities and Education",RL,Required Level Of Education (Categories 1-12),6,Bachelor's Degree,53.58,08/2023,Incumbent,O*NET
23-1011.00,Lawyers,RL,Required Level Of Education (Categories 1-12),11,Doctoral Degree,77.19,08/2024,Incumbent,O*NET
23-1012.00,Judicial Law Clerks,RL,Required Level Of Education (Categories 1-12),11,Doctoral Degree,51.87,08/2021,Incumbent,O*NET
23-1021.00,"Administrative Law Judges, Adjudicators, and Hearing Officers",RL,Required Level Of Education (Categories 1-12),11,Doctoral Degree,37.34,08/2020,Incumbent,O*NET
23-1022.00,"Arbitrators, Mediators, and Conciliators",RL,Required Level Of Education (Categories 1-12),10,"First Professional Degree - awarded for completion of a program that: requires at least 2 years of college work before entrance into the program, includes a total of at least 6 academic years of work to complete, and provides all remaining academic requirements to begin practice in a profession.",36.84,08/2024,Occupational Expert,O*NET
23-1023.00,"Judges, Magistrate Judges, and Magistrates",RL,Required Level Of Education (Categories 1-12),11,Doctoral Degree,66.47,08/2020,Incumbent,O*NET
23-2011.00,Paralegals and Legal Assistants,RL,Required Level Of Education (Categories 1-12),6,Bachelor's Degree,36.94,08/2024,Incumbent,O*NET
23-2093.00,"Title Examiners, Abstractors, and Searchers",RL,Required Level Of Education (Categories 1-12),2,High School Diploma or the equivalent (such as a GED),54.52,08/2026,Incumbent,O*NET
25-1011.00,"Business Teachers, Postsecondary",RL,Required Level Of Education (Categories 1-12),11,Doctoral Degree,72.77,08/2019,Incumbent,O*NET
25-1021.00,"Computer Science Teachers, Postsecondary",RL,Required Level Of Education (Categories 1-12),8,Master's Degree,47.35,08/2019,Incumbent,O*NET
25-1022.00,"Mathematical Science Teachers, Postsecondary",RL,Required Level Of Education (Categories 1-12),8,Master's Degree,43.0,08/2019,Incumbent,O*NET
25-1031.00,"Architecture Teachers, Postsecondary",RL,Required Level Of Education (Categories 1-12),11,Doctoral Degree,44.63,08/2019,Incumbent,O*NET
25-1032.00,"Engineering Teachers, Postsecondary",RL,Required Level Of Education (Categories 1-12),8,Master's Degree,5.09,08/2019,Incumbent,O*NET
25-1041.00,"Agricultural Sciences Teachers, Postsecondary",RL,Required Level Of Education (Categories 1-12),11,Doctoral Degree,55.31,08/2019,Incumbent,O*NET
25-1042.00,"Biological Science Teachers, Postsecondary",RL,Required Level Of Education (Categories 1-12),11,Doctoral Degree,48.44,08/2019,Incumbent,O*NET
25-1043.00,"Forestry and Conservation Science Teachers, Postsecondary",RL,Required Level Of Education (Categories 1-12),12,Post-Doctoral Training,22.15,08/2020,Incumbent,O*NET
25-1051.00,"Atmospheric, Earth, Marine, and Space Sciences Teachers, Postsecondary",RL,Required Level Of Education (Categories 1-12),8,Master's Degree,46.48,08/2019,Incumbent,O*NET
25-1052.00,"Chemistry Teachers, Postsecondary",RL,Required Level Of Education (Categories 1-12),8,Master's Degree,35.27,08/2019,Incumbent,O*NET
25-1053.00,"Environmental Science Teachers, Postsecondary",RL,Required Level Of Education (Categories 1-12),11,Doctoral Degree,52.49,08/2019,Incumbent,O*NET
25-1054.00,"Physics Teachers, Postsecondary",RL,Required Level Of Education (Categories 1-12),11,Doctoral Degree,53.82,08/2019,Incumbent,O*NET
25-1061.00,"Anthropology and Archeology Teachers, Postsecondary",RL,Required Level Of Education (Categories 1-12),11,Doctoral Degree,68.18,08/2025,Occupational Expert,O*NET
25-1062.00,"Area, Ethnic, and Cultural Studies Teachers, Postsecondary",RL,Required Level Of Education (Categories 1-12),11,Doctoral Degree,60.52,08/2019,Incumbent,O*NET
25-1063.00,"Economics Teachers, Postsecondary",RL,Required Level Of Education (Categories 1-12),11,Doctoral Degree,80.8,08/2019,Incumbent,O*NET
25-1064.00,"Geography Teachers, Postsecondary",RL,Required Level Of Education (Categories 1-12),11,Doctoral Degree,80.29,08/2019,Incumbent,O*NET
25-1065.00,"Political Science Teachers, Postsecondary",RL,Required Level Of Education (Categories 1-12),11,Doctoral Degree,96.54,08/2019,Incumbent,O*NET
25-1066.00,"Psychology Teachers, Postsecondary",RL,Required Level Of Education (Categories 1-12),11,Doctoral Degree,54.58,08/2019,Incumbent,O*NET
25-1067.00,"Sociology Teachers, Postsecondary",RL,Required Level Of Education (Categories 1-12),11,Doctoral Degree,76.68,08/2019,Incumbent,O*NET
25-1071.00,"Health Specialties Teachers, Postsecondary",RL,Required Level Of Education (Categories 1-12),8,Master's Degree,35.94,08/2019,Incumbent,O*NET
25-1072.00,"Nursing Instructors and Teachers, Postsecondary",RL,Required Level Of Education (Categories 1-12),8,Master's Degree,50.08,08/2019,Incumbent,O*NET
25-1081.00,"Education Teachers, Postsecondary",RL,Required Level Of Education (Categories 1-12),11,Doctoral Degree,89.76,08/2019,Incumbent,O*NET
25-1082.00,"Library Science Teachers, Postsecondary",RL,Required Level Of Education (Categories 1-12),11,Doctoral Degree,65.24,08/2019,Incumbent,O*NET
25-1111.00,"Criminal Justice and Law Enforcement Teachers, Postsecondary",RL,Required Level Of Education (Categories 1-12),8,Master's Degree,38.89,08/2019,Incumbent,O*NET
25-1112.00,"Law Teachers, Postsecondary",RL,Required Level Of Education (Categories 1-12),10,"First Professional Degree - awarded for completion of a program that: requires at least 2 years of college work before entrance into the program, includes a total of at least 6 academic years of work to complete, and provides all remaining academic requirements to begin practice in a profession.",46.18,08/2019,Incumbent,O*NET
25-1113.00,"Social Work Teachers, Postsecondary",RL,Required Level Of Education (Categories 1-12),11,Doctoral Degree,60.7,08/2021,Incumbent,O*NET
25-1121.00,"Art, Drama, and Music Teachers, Postsecondary",RL,Required Level Of Education (Categories 1-12),8,Master's Degree,50.68,08/2019,Incumbent,O*NET
25-1122.00,"Communications Teachers, Postsecondary",RL,Required Level Of Education (Categories 1-12),8,Master's Degree,70.85,08/2019,Incumbent,O*NET
25-1123.00,"English Language and Literature Teachers, Postsecondary",RL,Required Level Of Education (Categories 1-12),11,Doctoral Degree,58.38,08/2019,Incumbent,O*NET
25-1124.00,"Foreign Language and Literature Teachers, Postsecondary",RL,Required Level Of Education (Categories 1-12),11,Doctoral Degree,73.42,08/2019,Incumbent,O*NET
25-1125.00,"History Teachers, Postsecondary",RL,Required Level Of Education (Categories 1-12),1,Less than a High School Diploma,0.0,08/2019,Incumbent,O*NET
25-1126.00,"Philosophy and Religion Teachers, Postsecondary",RL,Required Level Of Education (Categories 1-12),11,Doctoral Degree,73.83,08/2019,Incumbent,O*NET
25-1192.00,"Family and Consumer Sciences Teachers, Postsecondary",RL,Required Level Of Education (Categories 1-12),11,Doctoral Degree,48.02,08/2019,Incumbent,O*NET
25-1193.00,"Recreation and Fitness Studies Teachers, Postsecondary",RL,Required Level Of Education (Categories 1-12),11,Doctoral Degree,74.16,08/2019,Incumbent,O*NET
25-1194.00,"Career/Technical Education Teachers, Postsecondary",RL,Required Level Of Education (Categories 1-12),5,Associate's Degree or other 2-year degree,42.29,08/2019,Incumbent,O*NET
25-2011.00,"Preschool Teachers, Except Special Education",RL,Required Level Of Education (Categories 1-12),2,High School Diploma or the equivalent (such as a GED),28.75,08/2019,Incumbent,O*NET
25-2012.00,"Kindergarten Teachers, Except Special Education",RL,Required Level Of Education (Categories 1-12),6,Bachelor's Degree,75.66,08/2018,Incumbent,O*NET
25-2021.00,"Elementary School Teachers, Except Special Education",RL,Required Level Of Education (Categories 1-12),6,Bachelor's Degree,78.17,08/2024,Incumbent,O*NET
25-2022.00,"Middle School Teachers, Except Special and Career/Technical Education",RL,Required Level Of Education (Categories 1-12),6,Bachelor's Degree,66.94,08/2024,Incumbent,O*NET
25-2023.00,"Career/Technical Education Teachers, Middle School",RQ,Required Level Of Education (Categories 1-12),6,Bachelor's Degree,85.76,08/2026,Incumbent,O*NET
25-2031.00,"Secondary School Teachers, Except Special and Career/Technical Education",RL,Required Level Of Education (Categories 1-12),6,Bachelor's Degree,76.97,08/2025,Incumbent,O*NET
25-2032.00,"Career/Technical Education Teachers, Secondary School",RL,Required Level Of Education (Categories 1-12),6,Bachelor's Degree,40.12,08/2025,Incumbent,O*NET
25-2051.00,"Special Education Teachers, Preschool",RQ,Required Level Of Education (Categories 1-12),6,Bachelor's Degree,44.19,08/2026,Incumbent,O*NET
25-2055.00,"Special Education Teachers, Kindergarten",RQ,Required Level Of Education (Categories 1-12),6,Bachelor's Degree,56.08,08/2026,Incumbent,O*NET
25-2056.00,"Special Education Teachers, Elementary School",RL,Required Level Of Education (Categories 1-12),6,Bachelor's Degree,51.39,08/2025,Incumbent,O*NET
25-2057.00,"Special Education Teachers, Middle School",RL,Required Level Of Education (Categories 1-12),6,Bachelor's Degree,82.52,08/2026,Incumbent,O*NET
25-2058.00,"Special Education Teachers, Secondary School",RL,Required Level Of Education (Categories 1-12),6,Bachelor's Degree,42.35,08/2025,Incumbent,O*NET
25-2059.01,Adapted Physical Education Specialists,RQ,Required Level Of Education (Categories 1-12),6,Bachelor's Degree,45.45,08/2026,Occupational Expert,O*NET
25-3011.00,"Adult Basic Education, Adult Secondary Education, and English as a Second Language Instructors",RL,Required Level Of Education (Categories 1-12),6,Bachelor's Degree,40.84,08/2018,Incumbent,O*NET
25-3021.00,Self-Enrichment Teachers,RL,Required Level Of Education (Categories 1-12),3,Post-Secondary Certificate,18.48,08/2019,Incumbent,O*NET
25-3031.00,"Substitute Teachers, Short-Term",RL,Required Level Of Education (Categories 1-12),6,Bachelor's Degree,39.66,08/2025,Incumbent,O*NET
25-3041.00,Tutors,RL,Required Level Of Education (Categories 1-12),6,Bachelor's Degree,40.91,08/2022,Occupational Expert,O*NET
25-4011.00,Archivists,RL,Required Level Of Education (Categories 1-12),8,Master's Degree,83.87,08/2024,Occupational Expert,O*NET
25-4012.00,Curators,RL,Required Level Of Education (Categories 1-12),8,Master's Degree,44.05,08/2018,Incumbent,O*NET
25-4013.00,Museum Technicians and Conservators,RQ,Required Level Of Education (Categories 1-12),8,Master's Degree,73.08,08/2026,Occupational Expert,O*NET
25-4022.00,Librarians and Media Collections Specialists,RQ,Required Level Of Education (Categories 1-12),8,Master's Degree,96.3,08/2026,Occupational Expert,O*NET
25-4031.00,Library Technicians,RL,Required Level Of Education (Categories 1-12),6,Bachelor's Degree,29.62,07/2017,Incumbent,O*NET
25-9021.00,Farm and Home Management Educators,RL,Required Level Of Education (Categories 1-12),8,Master's Degree,70.37,08/2022,Occupational Expert,O*NET
25-9031.00,Instructional Coordinators,RL,Required Level Of Education (Categories 1-12),8,Master's Degree,59.84,08/2018,Incumbent,O*NET
25-9042.00,"Teaching Assistants, Preschool, Elementary, Middle, and Secondary School, Except Special Education",RL,Required Level Of Education (Categories 1-12),2,High School Diploma or the equivalent (such as a GED),27.1,08/2024,Incumbent,O*NET
25-9043.00,"Teaching Assistants, Special Education",RL,Required Level Of Education (Categories 1-12),2,High School Diploma or the equivalent (such as a GED),24.61,08/2025,Incumbent,O*NET
25-9044.00,"Teaching Assistants, Postsecondary",RL,Required Level Of Education (Categories 1-12),6,Bachelor's Degree,57.32,07/2016,Incumbent,O*NET
27-1011.00,Art Directors,RL,Required Level Of Education (Categories 1-12),6,Bachelor's Degree,68.02,08/2023,Incumbent,O*NET
27-1012.00,Craft Artists,RL,Required Level Of Education (Categories 1-12),2,High School Diploma or the equivalent (such as a GED),26.09,08/2025,Occupational Expert,O*NET
27-1013.00,"Fine Artists, Including Painters, Sculptors, and Illustrators",RL,Required Level Of Education (Categories 1-12),6,Bachelor's Degree,35.12,07/2017,Incumbent,O*NET
27-1014.00,Special Effects Artists and Animators,RL,Required Level Of Education (Categories 1-12),2,High School Diploma or the equivalent (such as a GED),5.4,08/2019,Incumbent,O*NET
27-1021.00,Commercial and Industrial Designers,RL,Required Level Of Education (Categories 1-12),6,Bachelor's Degree,67.92,08/2019,Incumbent,O*NET
27-1022.00,Fashion Designers,RL,Required Level Of Education (Categories 1-12),6,Bachelor's Degree,50.67,08/2024,Incumbent,O*NET
27-1023.00,Floral Designers,RQ,Required Level Of Education (Categories 1-12),2,High School Diploma or the equivalent (such as a GED),71.43,08/2026,Occupational Expert,O*NET
27-1024.00,Graphic Designers,RL,Required Level Of Education (Categories 1-12),6,Bachelor's Degree,65.0,08/2023,Occupational Expert,O*NET
27-1025.00,Interior Designers,RL,Required Level Of Education (Categories 1-12),6,Bachelor's Degree,84.0,08/2024,Occupational Expert,O*NET
27-1026.00,Merchandise Displayers and Window Trimmers,RL,Required Level Of Education (Categories 1-12),2,High School Diploma or the equivalent (such as a GED),39.46,07/2015,Incumbent,O*NET
27-1027.00,Set and Exhibit Designers,RL,Required Level Of Education (Categories 1-12),6,Bachelor's Degree,33.33,08/2021,Occupational Expert,O*NET
27-2011.00,Actors,RQ,Required Level Of Education (Categories 1-12),1,Less than a High School Diploma,65.71,08/2026,Occupational Expert,O*NET
27-2012.00,Producers and Directors,RL,Required Level Of Education (Categories 1-12),6,Bachelor's Degree,56.67,08/2022,Incumbent,O*NET
27-2012.03,Media Programming Directors,RL,Required Level Of Education (Categories 1-12),6,Bachelor's Degree,52.0,08/2023,Incumbent,O*NET
27-2012.04,Talent Directors,RL,Required Level Of Education (Categories 1-12),6,Bachelor's Degree,42.31,08/2019,Incumbent,O*NET
27-2012.05,Media Technical Directors/Managers,RL,Required Level Of Education (Categories 1-12),6,Bachelor's Degree,92.07,08/2019,Incumbent,O*NET
27-2021.00,Athletes and Sports Competitors,RL,Required Level Of Education (Categories 1-12),1,Less than a High School Diploma,34.8,07/2016,Incumbent,O*NET
27-2022.00,Coaches and Scouts,RL,Required Level Of Education (Categories 1-12),6,Bachelor's Degree,48.89,08/2019,Incumbent,O*NET
27-2023.00,"Umpires, Referees, and Other Sports Officials",RL,Required Level Of Education (Categories 1-12),2,High School Diploma or the equivalent (such as a GED),42.86,08/2021,Occupational Expert,O*NET
27-2031.00,Dancers,RL,Required Level Of Education (Categories 1-12),2,High School Diploma or the equivalent (such as a GED),45.06,08/2019,Incumbent,O*NET
27-2032.00,Choreographers,RL,Required Level Of Education (Categories 1-12),2,High School Diploma or the equivalent (such as a GED),33.33,08/2024,Occupational Expert,O*NET
27-2041.00,Music Directors and Composers,RL,Required Level Of Education (Categories 1-12),8,Master's Degree,28.21,08/2022,Incumbent,O*NET
27-2042.00,Musicians and Singers,RQ,Required Level Of Education (Categories 1-12),7,Post-Baccalaureate Certificate,14.9,08/2026,Incumbent,O*NET
27-2091.00,"Disc Jockeys, Except Radio",RQ,Required Level Of Education (Categories 1-12),2,High School Diploma or the equivalent (such as a GED),52.0,08/2026,Occupational Expert,O*NET
27-3011.00,Broadcast Announcers and Radio Disc Jockeys,RL,Required Level Of Education (Categories 1-12),4,Some College Courses,30.3,08/2025,Incumbent,O*NET
27-3023.00,"News Analysts, Reporters, and Journalists",RQ,Required Level Of Education (Categories 1-12),6,Bachelor's Degree,83.57,08/2026,Incumbent,O*NET
27-3031.00,Public Relations Specialists,RL,Required Level Of Education (Categories 1-12),6,Bachelor's Degree,90.91,08/2022,Occupational Expert,O*NET
27-3041.00,Editors,RQ,Required Level Of Education (Categories 1-12),6,Bachelor's Degree,68.76,08/2026,Incumbent,O*NET
27-3042.00,Technical Writers,RL,Required Level Of Education (Categories 1-12),5,Associate's Degree or other 2-year degree,35.25,07/2012,Incumbent,O*NET
27-3043.00,Writers and Authors,RQ,Required Level Of Education (Categories 1-12),6,Bachelor's Degree,73.68,08/2026,Occupational Expert,O*NET
27-3043.05,"Poets, Lyricists and Creative Writers",RL,Required Level Of Education (Categories 1-12),6,Bachelor's Degree,31.82,08/2024,Occupational Expert,O*NET
27-3091.00,Interpreters and Translators,RL,Required Level Of Education (Categories 1-12),6,Bachelor's Degree,54.72,08/2021,Incumbent,O*NET
27-3092.00,Court Reporters and Simultaneous Captioners,RQ,Required Level Of Education (Categories 1-12),5,Associate's Degree or other 2-year degree,47.83,08/2026,Occupational Expert,O*NET
27-4011.00,Audio and Video Technicians,RL,Required Level Of Education (Categories 1-12),6,Bachelor's Degree,42.67,08/2018,Incumbent,O*NET
27-4012.00,Broadcast Technicians,RQ,Required Level Of Education (Categories 1-12),5,Associate's Degree or other 2-year degree,20.54,08/2026,Incumbent,O*NET
27-4014.00,Sound Engineering Technicians,RL,Required Level Of Education (Categories 1-12),2,High School Diploma or the equivalent (such as a GED),32.0,08/2025,Occupational Expert,O*NET
27-4021.00,Photographers,RL,Required Level Of Education (Categories 1-12),4,Some College Courses,27.27,08/2021,Occupational Expert,O*NET
27-4031.00,"Camera Operators, Television, Video, and Film",RL,Required Level Of Education (Categories 1-12),5,Associate's Degree or other 2-year degree,60.7,08/2019,Incumbent,O*NET
27-4032.00,Film and Video Editors,RL,Required Level Of Education (Categories 1-12),6,Bachelor's Degree,65.1,08/2020,Incumbent,O*NET
29-1011.00,Chiropractors,RL,Required Level Of Education (Categories 1-12),11,Doctoral Degree,82.14,07/2013,Incumbent,O*NET
29-1021.00,"Dentists, General",RL,Required Level Of Education (Categories 1-12),11,Doctoral Degree,61.86,08/2026,Incumbent,O*NET
29-1022.00,Oral and Maxillofacial Surgeons,RL,Required Level Of Education (Categories 1-12),12,Post-Doctoral Training,72.2,07/2012,Incumbent,O*NET
29-1023.00,Orthodontists,RL,Required Level Of Education (Categories 1-12),12,Post-Doctoral Training,68.94,08/2023,Incumbent,O*NET
29-1024.00,Prosthodontists,RL,Required Level Of Education (Categories 1-12),12,Post-Doctoral Training,61.03,08/2024,Incumbent,O*NET
29-1031.00,Dietitians and Nutritionists,RL,Required Level Of Education (Categories 1-12),7,Post-Baccalaureate Certificate,53.33,08/2021,Occupational Expert,O*NET
29-1041.00,Optometrists,RL,Required Level Of Education (Categories 1-12),11,Doctoral Degree,95.24,08/2021,Occupational Expert,O*NET
29-1051.00,Pharmacists,RL,Required Level Of Education (Categories 1-12),11,Doctoral Degree,78.36,08/2022,Incumbent,O*NET
29-1071.00,Physician Assistants,RL,Required Level Of Education (Categories 1-12),8,Master's Degree,81.08,08/2021,Occupational Expert,O*NET
29-1071.01,Anesthesiologist Assistants,RQ,Required Level Of Education (Categories 1-12),8,Master's Degree,96.3,08/2026,Occupational Expert,O*NET
29-1081.00,Podiatrists,RL,Required Level Of Education (Categories 1-12),11,Doctoral Degree,52.89,08/2022,Incumbent,O*NET
29-1122.00,Occupational Therapists,RL,Required Level Of Education (Categories 1-12),8,Master's Degree,86.36,08/2021,Occupational Expert,O*NET
29-1122.01,"Low Vision Therapists, Orientation and Mobility Specialists, and Vision Rehabilitation Therapists",RL,Required Level Of Education (Categories 1-12),8,Master's Degree,56.52,08/2021,Occupational Expert,O*NET
29-1123.00,Physical Therapists,RL,Required Level Of Education (Categories 1-12),11,Doctoral Degree,47.13,08/2020,Incumbent,O*NET
29-1124.00,Radiation Therapists,RL,Required Level Of Education (Categories 1-12),5,Associate's Degree or other 2-year degree,50.14,07/2013,Incumbent,O*NET
29-1125.00,Recreational Therapists,RL,Required Level Of Education (Categories 1-12),6,Bachelor's Degree,91.89,08/2022,Occupational Expert,O*NET
29-1126.00,Respiratory Therapists,RQ,Required Level Of Education (Categories 1-12),5,Associate's Degree or other 2-year degree,99.18,08/2026,Incumbent,O*NET
29-1127.00,Speech-Language Pathologists,RL,Required Level Of Education (Categories 1-12),8,Master's Degree,88.52,08/2022,Incumbent,O*NET
29-1128.00,Exercise Physiologists,RQ,Required Level Of Education (Categories 1-12),6,Bachelor's Degree,50.0,08/2026,Occupational Expert,O*NET
29-1129.01,Art Therapists,RQ,Required Level Of Education (Categories 1-12),8,Master's Degree,97.14,08/2026,Occupational Expert,O*NET
29-1129.02,Music Therapists,RL,Required Level Of Education (Categories 1-12),6,Bachelor's Degree,73.08,08/2021,Occupational Expert,O*NET
29-1131.00,Veterinarians,RL,Required Level Of Education (Categories 1-12),11,Doctoral Degree,79.16,08/2020,Incumbent,O*NET
29-1141.00,Registered Nurses,RL,Required Level Of Education (Categories 1-12),3,Post-Secondary Certificate,22.5,08/2021,Incumbent,O*NET
29-1141.01,Acute Care Nurses,RL,Required Level Of Education (Categories 1-12),6,Bachelor's Degree,57.14,08/2025,Occupational Expert,O*NET
29-1141.02,Advanced Practice Psychiatric Nurses,RL,Required Level Of Education (Categories 1-12),8,Master's Degree,86.96,08/2023,Occupational Expert,O*NET
29-1141.03,Critical Care Nurses,RL,Required Level Of Education (Categories 1-12),6,Bachelor's Degree,50.0,08/2021,Occupational Expert,O*NET
29-1141.04,Clinical Nurse Specialists,RL,Required Level Of Education (Categories 1-12),8,Master's Degree,85.71,08/2025,Occupational Expert,O*NET
29-1151.00,Nurse Anesthetists,RL,Required Level Of Education (Categories 1-12),11,Doctoral Degree,55.56,08/2021,Occupational Expert,O*NET
29-1161.00,Nurse Midwives,RL,Required Level Of Education (Categories 1-12),8,Master's Degree,81.25,08/2021,Occupational Expert,O*NET
29-1171.00,Nurse Practitioners,RL,Required Level Of Education (Categories 1-12),8,Master's Degree,65.22,08/2021,Occupational Expert,O*NET
29-1181.00,Audiologists,RL,Required Level Of Education (Categories 1-12),11,Doctoral Degree,95.45,08/2021,Occupational Expert,O*NET
29-1211.00,Anesthesiologists,RL,Required Level Of Education (Categories 1-12),12,Post-Doctoral Training,69.18,07/2012,Incumbent,O*NET
29-1213.00,Dermatologists,RL,Required Level Of Education (Categories 1-12),11,Doctoral Degree,56.38,08/2021,Incumbent,O*NET
29-1214.00,Emergency Medicine Physicians,RL,Required Level Of Education (Categories 1-12),12,Post-Doctoral Training,62.07,08/2025,Occupational Expert,O*NET
29-1215.00,Family Medicine Physicians,RL,Required Level Of Education (Categories 1-12),12,Post-Doctoral Training,28.89,08/2020,Incumbent,O*NET
29-1216.00,General Internal Medicine Physicians,RL,Required Level Of Education (Categories 1-12),12,Post-Doctoral Training,53.01,08/2021,Incumbent,O*NET
29-1217.00,Neurologists,RL,Required Level Of Education (Categories 1-12),12,Post-Doctoral Training,63.66,07/2012,Incumbent,O*NET
29-1218.00,Obstetricians and Gynecologists,RL,Required Level Of Education (Categories 1-12),12,Post-Doctoral Training,74.01,08/2023,Incumbent,O*NET
29-1221.00,"Pediatricians, General",RL,Required Level Of Education (Categories 1-12),12,Post-Doctoral Training,78.3,08/2020,Incumbent,O*NET
29-1222.00,"Physicians, Pathologists",RL,Required Level Of Education (Categories 1-12),12,Post-Doctoral Training,62.04,08/2020,Incumbent,O*NET
29-1223.00,Psychiatrists,RL,Required Level Of Education (Categories 1-12),12,Post-Doctoral Training,58.53,07/2014,Incumbent,O*NET
29-1224.00,Radiologists,RL,Required Level Of Education (Categories 1-12),12,Post-Doctoral Training,57.86,08/2023,Incumbent,O*NET
29-1229.01,Allergists and Immunologists,RL,Required Level Of Education (Categories 1-12),12,Post-Doctoral Training,52.95,08/2022,Incumbent,O*NET
29-1229.02,Hospitalists,RL,Required Level Of Education (Categories 1-12),12,Post-Doctoral Training,48.0,08/2021,Occupational Expert,O*NET
29-1229.03,Urologists,RL,Required Level Of Education (Categories 1-12),12,Post-Doctoral Training,64.43,08/2023,Incumbent,O*NET
29-1229.04,Physical Medicine and Rehabilitation Physicians,RL,Required Level Of Education (Categories 1-12),11,Doctoral Degree,54.89,07/2012,Incumbent,O*NET
29-1229.05,Preventive Medicine Physicians,RL,Required Level Of Education (Categories 1-12),12,Post-Doctoral Training,73.68,08/2023,Occupational Expert,O*NET
29-1229.06,Sports Medicine Physicians,RL,Required Level Of Education (Categories 1-12),1,Less than a High School Diploma,0.0,07/2012,Incumbent,O*NET
29-1241.00,"Ophthalmologists, Except Pediatric",RL,Required Level Of Education (Categories 1-12),11,Doctoral Degree,20.03,08/2022,Incumbent,O*NET
29-1291.00,Acupuncturists,RL,Required Level Of Education (Categories 1-12),8,Master's Degree,67.86,08/2025,Occupational Expert,O*NET
29-1292.00,Dental Hygienists,RL,Required Level Of Education (Categories 1-12),5,Associate's Degree or other 2-year degree,75.18,08/2021,Incumbent,O*NET
29-1299.01,Naturopathic Physicians,RL,Required Level Of Education (Categories 1-12),11,Doctoral Degree,96.0,08/2021,Occupational Expert,O*NET
29-1299.02,Orthoptists,RQ,Required Level Of Education (Categories 1-12),7,Post-Baccalaureate Certificate,66.67,08/2026,Occupational Expert,O*NET
29-2011.00,Medical and Clinical Laboratory Technologists,RL,Required Level Of Education (Categories 1-12),6,Bachelor's Degree,52.12,08/2025,Incumbent,O*NET
29-2011.01,Cytogenetic Technologists,RQ,Required Level Of Education (Categories 1-12),6,Bachelor's Degree,100.0,08/2026,Occupational Expert,O*NET
29-2011.02,Cytotechnologists,RL,Required Level Of Education (Categories 1-12),6,Bachelor's Degree,50.0,08/2021,Occupational Expert,O*NET
29-2011.04,Histotechnologists,RL,Required Level Of Education (Categories 1-12),6,Bachelor's Degree,42.86,08/2024,Occupational Expert,O*NET
29-2012.00,Medical and Clinical Laboratory Technicians,RQ,Required Level Of Education (Categories 1-12),2,High School Diploma or the equivalent (such as a GED),3.49,08/2026,Incumbent,O*NET
29-2012.01,Histology Technicians,RL,Required Level Of Education (Categories 1-12),5,Associate's Degree or other 2-year degree,48.0,08/2025,Occupational Expert,O*NET
29-2031.00,Cardiovascular Technologists and Technicians,RL,Required Level Of Education (Categories 1-12),5,Associate's Degree or other 2-year degree,62.9,07/2014,Incumbent,O*NET
29-2032.00,Diagnostic Medical Sonographers,RQ,Required Level Of Education (Categories 1-12),5,Associate's Degree or other 2-year degree,67.07,08/2026,Incumbent,O*NET
29-2033.00,Nuclear Medicine Technologists,RL,Required Level Of Education (Categories 1-12),5,Associate's Degree or other 2-year degree,62.63,07/2013,Incumbent,O*NET
29-2034.00,Radiologic Technologists and Technicians,RQ,Required Level Of Education (Categories 1-12),5,Associate's Degree or other 2-year degree,60.71,08/2026,Occupational Expert,O*NET
29-2035.00,Magnetic Resonance Imaging Technologists,RL,Required Level Of Education (Categories 1-12),5,Associate's Degree or other 2-year degree,65.22,08/2023,Occupational Expert,O*NET
29-2036.00,Medical Dosimetrists,RL,Required Level Of Education (Categories 1-12),6,Bachelor's Degree,40.0,08/2024,Occupational Expert,O*NET
29-2043.00,Paramedics,RQ,Required Level Of Education (Categories 1-12),3,Post-Secondary Certificate,41.94,08/2026,Occupational Expert,O*NET
29-2051.00,Dietetic Technicians,RL,Required Level Of Education (Categories 1-12),5,Associate's Degree or other 2-year degree,34.57,08/2021,Incumbent,O*NET
29-2052.00,Pharmacy Technicians,RL,Required Level Of Education (Categories 1-12),3,Post-Secondary Certificate,41.97,08/2021,Incumbent,O*NET
29-2053.00,Psychiatric Technicians,RL,Required Level Of Education (Categories 1-12),2,High School Diploma or the equivalent (such as a GED),19.77,08/2023,Incumbent,O*NET
29-2055.00,Surgical Technologists,RQ,Required Level Of Education (Categories 1-12),3,Post-Secondary Certificate,41.2,08/2026,Incumbent,O*NET
29-2056.00,Veterinary Technologists and Technicians,RL,Required Level Of Education (Categories 1-12),2,High School Diploma or the equivalent (such as a GED),41.25,08/2020,Incumbent,O*NET
29-2057.00,Ophthalmic Medical Technicians,RL,Required Level Of Education (Categories 1-12),2,High School Diploma or the equivalent (such as a GED),59.09,08/2020,Occupational Expert,O*NET
29-2061.00,Licensed Practical and Licensed Vocational Nurses,RL,Required Level Of Education (Categories 1-12),4,Some College Courses,38.24,08/2021,Incumbent,O*NET
29-2072.00,Medical Records Specialists,RQ,Required Level Of Education (Categories 1-12),2,High School Diploma or the equivalent (such as a GED),52.37,08/2026,Incumbent,O*NET
29-2081.00,"Opticians, Dispensing",RL,Required Level Of Education (Categories 1-12),2,High School Diploma or the equivalent (such as a GED),45.83,08/2022,Occupational Expert,O*NET
29-2091.00,Orthotists and Prosthetists,RL,Required Level Of Education (Categories 1-12),8,Master's Degree,90.0,08/2024,Occupational Expert,O*NET
29-2092.00,Hearing Aid Specialists,RL,Required Level Of Education (Categories 1-12),11,Doctoral Degree,43.99,08/2020,Incumbent,O*NET
29-2099.01,Neurodiagnostic Technologists,RL,Required Level Of Education (Categories 1-12),5,Associate's Degree or other 2-year degree,48.39,08/2022,Occupational Expert,O*NET
29-2099.05,Ophthalmic Medical Technologists,RL,Required Level Of Education (Categories 1-12),2,High School Diploma or the equivalent (such as a GED),30.0,08/2020,Occupational Expert,O*NET
29-2099.08,Patient Representatives,RQ,Required Level Of Education (Categories 1-12),6,Bachelor's Degree,57.69,08/2026,Occupational Expert,O*NET
29-9091.00,Athletic Trainers,RL,Required Level Of Education (Categories 1-12),8,Master's Degree,54.33,08/2021,Incumbent,O*NET
29-9092.00,Genetic Counselors,RL,Required Level Of Education (Categories 1-12),8,Master's Degree,90.48,08/2026,Occupational Expert,O*NET
29-9093.00,Surgical Assistants,RQ,Required Level Of Education (Categories 1-12),4,Some College Courses,10.42,08/2026,Incumbent,O*NET
29-9099.01,Midwives,RL,Required Level Of Education (Categories 1-12),3,Post-Secondary Certificate,32.75,08/2021,Incumbent,O*NET
31-1121.00,Home Health Aides,RQ,Required Level Of Education (Categories 1-12),3,Post-Secondary Certificate,31.8,08/2026,Incumbent,O*NET
31-1122.00,Personal Care Aides,RL,Required Level Of Education (Categories 1-12),2,High School Diploma or the equivalent (such as a GED),47.76,08/2023,Incumbent,O*NET
31-1131.00,Nursing Assistants,RL,Required Level Of Education (Categories 1-12),2,High School Diploma or the equivalent (such as a GED),38.69,08/2020,Incumbent,O*NET
31-1132.00,Orderlies,RL,Required Level Of Education (Categories 1-12),2,High School Diploma or the equivalent (such as a GED),89.32,07/2016,Incumbent,O*NET
31-1133.00,Psychiatric Aides,RL,Required Level Of Education (Categories 1-12),4,Some College Courses,45.7,08/2023,Incumbent,O*NET
31-2011.00,Occupational Therapy Assistants,RL,Required Level Of Education (Categories 1-12),5,Associate's Degree or other 2-year degree,91.74,08/2022,Incumbent,O*NET
31-2012.00,Occupational Therapy Aides,RL,Required Level Of Education (Categories 1-12),2,High School Diploma or the equivalent (such as a GED),36.76,08/2020,Incumbent,O*NET
31-2021.00,Physical Therapist Assistants,RL,Required Level Of Education (Categories 1-12),5,Associate's Degree or other 2-year degree,84.16,08/2020,Incumbent,O*NET
31-2022.00,Physical Therapist Aides,RL,Required Level Of Education (Categories 1-12),2,High School Diploma or the equivalent (such as a GED),34.41,08/2023,Incumbent,O*NET
31-9011.00,Massage Therapists,RQ,Required Level Of Education (Categories 1-12),3,Post-Secondary Certificate,48.15,08/2026,Occupational Expert,O*NET
31-9091.00,Dental Assistants,RL,Required Level Of Education (Categories 1-12),3,Post-Secondary Certificate,46.04,08/2021,Incumbent,O*NET
31-9092.00,Medical Assistants,RL,Required Level Of Education (Categories 1-12),2,High School Diploma or the equivalent (such as a GED),20.54,08/2021,Incumbent,O*NET
31-9093.00,Medical Equipment Preparers,RL,Required Level Of Education (Categories 1-12),2,High School Diploma or the equivalent (such as a GED),43.76,07/2014,Incumbent,O*NET
31-9094.00,Medical Transcriptionists,RL,Required Level Of Education (Categories 1-12),3,Post-Secondary Certificate,38.89,08/2021,Incumbent,O*NET
31-9095.00,Pharmacy Aides,RL,Required Level Of Education (Categories 1-12),3,Post-Secondary Certificate,18.21,07/2014,Incumbent,O*NET
31-9096.00,Veterinary Assistants and Laboratory Animal Caretakers,RL,Required Level Of Education (Categories 1-12),2,High School Diploma or the equivalent (such as a GED),78.23,08/2020,Incumbent,O*NET
31-9097.00,Phlebotomists,RQ,Required Level Of Education (Categories 1-12),2,High School Diploma or the equivalent (such as a GED),40.0,08/2026,Occupational Expert,O*NET
31-9099.01,Speech-Language Pathology Assistants,RL,Required Level Of Education (Categories 1-12),6,Bachelor's Degree,23.34,08/2022,Incumbent,O*NET
31-9099.02,Endoscopy Technicians,RL,Required Level Of Education (Categories 1-12),2,High School Diploma or the equivalent (such as a GED),53.85,08/2023,Occupational Expert,O*NET
33-1011.00,First-Line Supervisors of Correctional Officers,RL,Required Level Of Education (Categories 1-12),2,High School Diploma or the equivalent (such as a GED),58.99,08/2020,Incumbent,O*NET
33-1012.00,First-Line Supervisors of Police and Detectives,RL,Required Level Of Education (Categories 1-12),2,High School Diploma or the equivalent (such as a GED),56.42,08/2024,Incumbent,O*NET
33-1021.00,First-Line Supervisors of Firefighting and Prevention Workers,RQ,Required Level Of Education (Categories 1-12),2,High School Diploma or the equivalent (such as a GED),38.19,08/2026,Incumbent,O*NET
33-1091.00,First-Line Supervisors of Security Workers,RL,Required Level Of Education (Categories 1-12),5,Associate's Degree or other 2-year degree,29.75,08/2025,Incumbent,O*NET
33-2011.00,Firefighters,RQ,Required Level Of Education (Categories 1-12),2,High School Diploma or the equivalent (such as a GED),69.53,08/2026,Incumbent,O*NET
33-2021.00,Fire Inspectors and Investigators,RL,Required Level Of Education (Categories 1-12),3,Post-Secondary Certificate,27.49,08/2022,Incumbent,O*NET
33-2022.00,Forest Fire Inspectors and Prevention Specialists,RL,Required Level Of Education (Categories 1-12),2,High School Diploma or the equivalent (such as a GED),31.63,08/2019,Incumbent,O*NET
33-3011.00,Bailiffs,RL,Required Level Of Education (Categories 1-12),2,High School Diploma or the equivalent (such as a GED),39.86,08/2020,Incumbent,O*NET
33-3012.00,Correctional Officers and Jailers,RL,Required Level Of Education (Categories 1-12),2,High School Diploma or the equivalent (such as a GED),92.43,08/2023,Incumbent,O*NET
33-3021.00,Detectives and Criminal Investigators,RQ,Required Level Of Education (Categories 1-12),3,Post-Secondary Certificate,25.75,08/2026,Incumbent,O*NET
33-3021.02,Police Identification and Records Officers,RL,Required Level Of Education (Categories 1-12),2,High School Diploma or the equivalent (such as a GED),34.62,08/2025,Incumbent,O*NET
33-3021.06,Intelligence Analysts,RL,Required Level Of Education (Categories 1-12),6,Bachelor's Degree,65.22,08/2024,Occupational Expert,O*NET
33-3031.00,Fish and Game Wardens,RQ,Required Level Of Education (Categories 1-12),2,High School Diploma or the equivalent (such as a GED),34.6,08/2026,Incumbent,O*NET
33-3041.00,Parking Enforcement Workers,RQ,Required Level Of Education (Categories 1-12),2,High School Diploma or the equivalent (such as a GED),80.12,08/2026,Incumbent,O*NET
33-3051.00,Police and Sheriff's Patrol Officers,RQ,Required Level Of Education (Categories 1-12),2,High School Diploma or the equivalent (such as a GED),42.17,08/2026,Incumbent,O*NET
33-3051.04,Customs and Border Protection Officers,RL,Required Level Of Education (Categories 1-12),2,High School Diploma or the equivalent (such as a GED),39.01,07/2012,Incumbent,O*NET
33-3052.00,Transit and Railroad Police,RL,Required Level Of Education (Categories 1-12),6,Bachelor's Degree,28.41,07/2017,Incumbent,O*NET
33-9011.00,Animal Control Workers,RL,Required Level Of Education (Categories 1-12),2,High School Diploma or the equivalent (such as a GED),65.38,08/2025,Occupational Expert,O*NET
33-9021.00,Private Detectives and Investigators,RL,Required Level Of Education (Categories 1-12),6,Bachelor's Degree,37.69,07/2015,Incumbent,O*NET
33-9031.00,Gambling Surveillance Officers and Gambling Investigators,RL,Required Level Of Education (Categories 1-12),2,High School Diploma or the equivalent (such as a GED),84.07,08/2019,Incumbent,O*NET
33-9032.00,Security Guards,RL,Required Level Of Education (Categories 1-12),2,High School Diploma or the equivalent (such as a GED),79.26,08/2023,Incumbent,O*NET
33-9091.00,Crossing Guards and Flaggers,RL,Required Level Of Education (Categories 1-12),2,High School Diploma or the equivalent (such as a GED),72.8,07/2016,Incumbent,O*NET
33-9092.00,"Lifeguards, Ski Patrol, and Other Recreational Protective Service Workers",RL,Required Level Of Education (Categories 1-12),1,Less than a High School Diploma,39.22,08/2020,Incumbent,O*NET
33-9093.00,Transportation Security Screeners,RL,Required Level Of Education (Categories 1-12),2,High School Diploma or the equivalent (such as a GED),85.19,06/2009,Occupational Expert,O*NET
33-9094.00,School Bus Monitors,RQ,Required Level Of Education (Categories 1-12),2,High School Diploma or the equivalent (such as a GED),56.46,08/2026,Incumbent,O*NET
33-9099.02,Retail Loss Prevention Specialists,RL,Required Level Of Education (Categories 1-12),2,High School Diploma or the equivalent (such as a GED),68.63,07/2014,Incumbent,O*NET
35-1011.00,Chefs and Head Cooks,RL,Required Level Of Education (Categories 1-12),5,Associate's Degree or other 2-year degree,54.17,08/2025,Occupational Expert,O*NET
35-1012.00,First-Line Supervisors of Food Preparation and Serving Workers,RL,Required Level Of Education (Categories 1-12),2,High School Diploma or the equivalent (such as a GED),69.59,08/2025,Incumbent,O*NET
35-2011.00,"Cooks, Fast Food",RQ,Required Level Of Education (Categories 1-12),1,Less than a High School Diploma,62.89,08/2026,Incumbent,O*NET
35-2012.00,"Cooks, Institution and Cafeteria",RL,Required Level Of Education (Categories 1-12),2,High School Diploma or the equivalent (such as a GED),71.14,08/2019,Incumbent,O*NET
35-2013.00,"Cooks, Private Household",RL,Required Level Of Education (Categories 1-12),3,Post-Secondary Certificate,38.46,08/2023,Occupational Expert,O*NET
35-2014.00,"Cooks, Restaurant",RL,Required Level Of Education (Categories 1-12),2,High School Diploma or the equivalent (such as a GED),47.33,08/2025,Incumbent,O*NET
35-2015.00,"Cooks, Short Order",RL,Required Level Of Education (Categories 1-12),2,High School Diploma or the equivalent (such as a GED),66.35,08/2025,Incumbent,O*NET
35-2021.00,Food Preparation Workers,RL,Required Level Of Education (Categories 1-12),11,Doctoral Degree,4.15,08/2024,Incumbent,O*NET
35-3011.00,Bartenders,RL,Required Level Of Education (Categories 1-12),2,High School Diploma or the equivalent (such as a GED),42.96,07/2017,Incumbent,O*NET
35-3023.00,Fast Food and Counter Workers,RL,Required Level Of Education (Categories 1-12),1,Less than a High School Diploma,56.28,08/2025,Incumbent,O*NET
35-3023.01,Baristas,RQ,Required Level Of Education (Categories 1-12),1,Less than a High School Diploma,63.86,08/2026,Incumbent,O*NET
35-3031.00,Waiters and Waitresses,RL,Required Level Of Education (Categories 1-12),2,High School Diploma or the equivalent (such as a GED),57.57,08/2025,Incumbent,O*NET
35-3041.00,"Food Servers, Nonrestaurant",RL,Required Level Of Education (Categories 1-12),2,High School Diploma or the equivalent (such as a GED),48.08,08/2020,Incumbent,O*NET
35-9011.00,Dining Room and Cafeteria Attendants and Bartender Helpers,RL,Required Level Of Education (Categories 1-12),2,High School Diploma or the equivalent (such as a GED),74.01,08/2021,Incumbent,O*NET
35-9021.00,Dishwashers,RL,Required Level Of Education (Categories 1-12),2,High School Diploma or the equivalent (such as a GED),55.87,08/2025,Incumbent,O*NET
35-9031.00,"Hosts and Hostesses, Restaurant, Lounge, and Coffee Shop",RL,Required Level Of Education (Categories 1-12),1,Less than a High School Diploma,41.98,08/2025,Incumbent,O*NET
37-1011.00,First-Line Supervisors of Housekeeping and Janitorial Workers,RL,Required Level Of Education (Categories 1-12),2,High School Diploma or the equivalent (such as a GED),43.26,08/2020,Incumbent,O*NET
37-1012.00,"First-Line Supervisors of Landscaping, Lawn Service, and Groundskeeping Workers",RL,Required Level Of Education (Categories 1-12),6,Bachelor's Degree,32.32,08/2021,Incumbent,O*NET
37-2011.00,"Janitors and Cleaners, Except Maids and Housekeeping Cleaners",RL,Required Level Of Education (Categories 1-12),1,Less than a High School Diploma,13.51,08/2023,Incumbent,O*NET
37-2012.00,Maids and Housekeeping Cleaners,RL,Required Level Of Education (Categories 1-12),1,Less than a High School Diploma,44.6,08/2020,Incumbent,O*NET
37-2021.00,Pest Control Workers,RQ,Required Level Of Education (Categories 1-12),2,High School Diploma or the equivalent (such as a GED),85.3,08/2026,Incumbent,O*NET
37-3011.00,Landscaping and Groundskeeping Workers,RQ,Required Level Of Education (Categories 1-12),3,Post-Secondary Certificate,5.01,08/2026,Incumbent,O*NET
37-3012.00,"Pesticide Handlers, Sprayers, and Applicators, Vegetation",RQ,Required Level Of Education (Categories 1-12),2,High School Diploma or the equivalent (such as a GED),82.55,08/2026,Incumbent,O*NET
37-3013.00,Tree Trimmers and Pruners,RL,Required Level Of Education (Categories 1-12),1,Less than a High School Diploma,56.81,08/2018,Incumbent,O*NET
39-1013.00,First-Line Supervisors of Gambling Services Workers,RL,Required Level Of Education (Categories 1-12),2,High School Diploma or the equivalent (such as a GED),47.7,08/2022,Incumbent,O*NET
39-1014.00,"First-Line Supervisors of Entertainment and Recreation Workers, Except Gambling Services",RQ,Required Level Of Education (Categories 1-12),2,High School Diploma or the equivalent (such as a GED),38.74,08/2026,Incumbent,O*NET
39-1022.00,First-Line Supervisors of Personal Service Workers,RL,Required Level Of Education (Categories 1-12),2,High School Diploma or the equivalent (such as a GED),14.93,08/2024,Incumbent,O*NET
39-2011.00,Animal Trainers,RL,Required Level Of Education (Categories 1-12),2,High School Diploma or the equivalent (such as a GED),44.38,07/2014,Incumbent,O*NET
39-2021.00,Animal Caretakers,RL,Required Level Of Education (Categories 1-12),2,High School Diploma or the equivalent (such as a GED),63.55,08/2019,Incumbent,O*NET
39-3011.00,Gambling Dealers,RL,Required Level Of Education (Categories 1-12),2,High School Diploma or the equivalent (such as a GED),69.02,08/2019,Incumbent,O*NET
39-3012.00,Gambling and Sports Book Writers and Runners,RL,Required Level Of Education (Categories 1-12),2,High School Diploma or the equivalent (such as a GED),87.07,07/2014,Incumbent,O*NET
39-3021.00,Motion Picture Projectionists,RL,Required Level Of Education (Categories 1-12),2,High School Diploma or the equivalent (such as a GED),61.11,08/2020,Incumbent,O*NET
39-3031.00,"Ushers, Lobby Attendants, and Ticket Takers",RQ,Required Level Of Education (Categories 1-12),1,Less than a High School Diploma,53.0,08/2026,Incumbent,O*NET
39-3091.00,Amusement and Recreation Attendants,RL,Required Level Of Education (Categories 1-12),1,Less than a High School Diploma,64.17,08/2020,Incumbent,O*NET
39-3092.00,Costume Attendants,RL,Required Level Of Education (Categories 1-12),2,High School Diploma or the equivalent (such as a GED),32.24,07/2016,Incumbent,O*NET
39-3093.00,"Locker Room, Coatroom, and Dressing Room Attendants",RL,Required Level Of Education (Categories 1-12),2,High School Diploma or the equivalent (such as a GED),64.15,08/2026,Incumbent,O*NET
39-4011.00,Embalmers,RL,Required Level Of Education (Categories 1-12),5,Associate's Degree or other 2-year degree,86.37,08/2021,Incumbent,O*NET
39-4021.00,Funeral Attendants,RL,Required Level Of Education (Categories 1-12),2,High School Diploma or the equivalent (such as a GED),47.04,08/2024,Incumbent,O*NET
39-4031.00,"Morticians, Undertakers, and Funeral Arrangers",RL,Required Level Of Education (Categories 1-12),5,Associate's Degree or other 2-year degree,73.23,08/2024,Incumbent,O*NET
39-5011.00,Barbers,RQ,Required Level Of Education (Categories 1-12),2,High School Diploma or the equivalent (such as a GED),45.45,08/2026,Occupational Expert,O*NET
39-5012.00,"Hairdressers, Hairstylists, and Cosmetologists",RQ,Required Level Of Education (Categories 1-12),4,Some College Courses,12.77,08/2026,Incumbent,O*NET
39-5091.00,"Makeup Artists, Theatrical and Performance",RL,Required Level Of Education (Categories 1-12),2,High School Diploma or the equivalent (such as a GED),33.33,08/2025,Occupational Expert,O*NET
39-5092.00,Manicurists and Pedicurists,RL,Required Level Of Education (Categories 1-12),3,Post-Secondary Certificate,14.77,07/2015,Incumbent,O*NET
39-5093.00,Shampooers,RL,Required Level Of Education (Categories 1-12),3,Post-Secondary Certificate,67.55,06/2008,Incumbent,O*NET
39-5094.00,Skincare Specialists,RL,Required Level Of Education (Categories 1-12),2,High School Diploma or the equivalent (such as a GED),39.15,08/2025,Incumbent,O*NET
39-6011.00,Baggage Porters and Bellhops,RL,Required Level Of Education (Categories 1-12),1,Less than a High School Diploma,41.75,08/2018,Incumbent,O*NET
39-6012.00,Concierges,RL,Required Level Of Education (Categories 1-12),2,High School Diploma or the equivalent (such as a GED),45.45,08/2025,Occupational Expert,O*NET
39-7011.00,Tour Guides and Escorts,RL,Required Level Of Education (Categories 1-12),5,Associate's Degree or other 2-year degree,30.96,08/2020,Incumbent,O*NET
39-7012.00,Travel Guides,RL,Required Level Of Education (Categories 1-12),2,High School Diploma or the equivalent (such as a GED),45.84,08/2022,Incumbent,O*NET
39-9011.00,Childcare Workers,RL,Required Level Of Education (Categories 1-12),2,High School Diploma or the equivalent (such as a GED),38.54,08/2018,Incumbent,O*NET
39-9011.01,Nannies,RL,Required Level Of Education (Categories 1-12),2,High School Diploma or the equivalent (such as a GED),60.0,08/2023,Occupational Expert,O*NET
39-9031.00,Exercise Trainers and Group Fitness Instructors,RL,Required Level Of Education (Categories 1-12),3,Post-Secondary Certificate,38.1,08/2025,Occupational Expert,O*NET
39-9032.00,Recreation Workers,RL,Required Level Of Education (Categories 1-12),6,Bachelor's Degree,61.96,07/2017,Incumbent,O*NET
39-9041.00,Residential Advisors,RL,Required Level Of Education (Categories 1-12),4,Some College Courses,50.25,08/2019,Incumbent,O*NET
41-1011.00,First-Line Supervisors of Retail Sales Workers,RL,Required Level Of Education (Categories 1-12),2,High School Diploma or the equivalent (such as a GED),51.67,08/2018,Incumbent,O*NET
41-1012.00,First-Line Supervisors of Non-Retail Sales Workers,RL,Required Level Of Education (Categories 1-12),6,Bachelor's Degree,44.97,08/2020,Incumbent,O*NET
41-2011.00,Cashiers,RL,Required Level Of Education (Categories 1-12),2,High School Diploma or the equivalent (such as a GED),44.32,08/2024,Incumbent,O*NET
41-2012.00,Gambling Change Persons and Booth Cashiers,RL,Required Level Of Education (Categories 1-12),2,High School Diploma or the equivalent (such as a GED),96.45,08/2019,Incumbent,O*NET
41-2021.00,Counter and Rental Clerks,RL,Required Level Of Education (Categories 1-12),2,High School Diploma or the equivalent (such as a GED),55.86,08/2019,Incumbent,O*NET
41-2022.00,Parts Salespersons,RL,Required Level Of Education (Categories 1-12),2,High School Diploma or the equivalent (such as a GED),46.85,08/2023,Incumbent,O*NET
41-2031.00,Retail Salespersons,RL,Required Level Of Education (Categories 1-12),2,High School Diploma or the equivalent (such as a GED),63.45,08/2018,Incumbent,O*NET
41-3011.00,Advertising Sales Agents,RQ,Required Level Of Education (Categories 1-12),2,High School Diploma or the equivalent (such as a GED),39.49,08/2026,Incumbent,O*NET
41-3021.00,Insurance Sales Agents,RL,Required Level Of Education (Categories 1-12),5,Associate's Degree or other 2-year degree,15.76,08/2018,Incumbent,O*NET
41-3031.00,"Securities, Commodities, and Financial Services Sales Agents",RL,Required Level Of Education (Categories 1-12),6,Bachelor's Degree,55.3,08/2022,Incumbent,O*NET
41-3041.00,Travel Agents,RL,Required Level Of Education (Categories 1-12),5,Associate's Degree or other 2-year degree,37.25,07/2016,Incumbent,O*NET
41-3091.00,"Sales Representatives of Services, Except Advertising, Insurance, Financial Services, and Travel",RQ,Required Level Of Education (Categories 1-12),6,Bachelor's Degree,71.63,08/2026,Incumbent,O*NET
41-4011.00,"Sales Representatives, Wholesale and Manufacturing, Technical and Scientific Products",RL,Required Level Of Education (Categories 1-12),6,Bachelor's Degree,39.48,07/2014,Incumbent,O*NET
41-4011.07,Solar Sales Representatives and Assessors,RL,Required Level Of Education (Categories 1-12),5,Associate's Degree or other 2-year degree,44.93,08/2024,Incumbent,O*NET
41-4012.00,"Sales Representatives, Wholesale and Manufacturing, Except Technical and Scientific Products",RL,Required Level Of Education (Categories 1-12),4,Some College Courses,14.18,08/2020,Incumbent,O*NET
41-9011.00,Demonstrators and Product Promoters,RL,Required Level Of Education (Categories 1-12),2,High School Diploma or the equivalent (such as a GED),64.35,07/2016,Incumbent,O*NET
41-9012.00,Models,RL,Required Level Of Education (Categories 1-12),2,High School Diploma or the equivalent (such as a GED),76.3,08/2021,Incumbent,O*NET
41-9021.00,Real Estate Brokers,RQ,Required Level Of Education (Categories 1-12),6,Bachelor's Degree,25.6,08/2026,Incumbent,O*NET
41-9022.00,Real Estate Sales Agents,RQ,Required Level Of Education (Categories 1-12),2,High School Diploma or the equivalent (such as a GED),52.17,08/2026,Occupational Expert,O*NET
41-9031.00,Sales Engineers,RL,Required Level Of Education (Categories 1-12),6,Bachelor's Degree,57.33,08/2022,Incumbent,O*NET
41-9041.00,Telemarketers,RL,Required Level Of Education (Categories 1-12),2,High School Diploma or the equivalent (such as a GED),39.46,08/2023,Incumbent,O*NET
41-9091.00,"Door-to-Door Sales Workers, News and Street Vendors, and Related Workers",RL,Required Level Of Education (Categories 1-12),1,Less than a High School Diploma,56.52,08/2018,Occupational Expert,O*NET
43-1011.00,First-Line Supervisors of Office and Administrative Support Workers,RL,Required Level Of Education (Categories 1-12),6,Bachelor's Degree,45.22,07/2015,Incumbent,O*NET
43-2011.00,"Switchboard Operators, Including Answering Service",RL,Required Level Of Education (Categories 1-12),2,High School Diploma or the equivalent (such as a GED),88.55,08/2022,Incumbent,O*NET
43-2021.00,Telephone Operators,RL,Required Level Of Education (Categories 1-12),2,High School Diploma or the equivalent (such as a GED),97.83,08/2024,Incumbent,O*NET
43-3011.00,Bill and Account Collectors,RL,Required Level Of Education (Categories 1-12),2,High School Diploma or the equivalent (such as a GED),48.15,08/2018,Incumbent,O*NET
43-3021.00,Billing and Posting Clerks,RQ,Required Level Of Education (Categories 1-12),6,Bachelor's Degree,33.1,08/2026,Incumbent,O*NET
43-3031.00,"Bookkeeping, Accounting, and Auditing Clerks",RL,Required Level Of Education (Categories 1-12),2,High School Diploma or the equivalent (such as a GED),40.89,07/2017,Incumbent,O*NET
43-3041.00,Gambling Cage Workers,RL,Required Level Of Education (Categories 1-12),2,High School Diploma or the equivalent (such as a GED),84.85,08/2023,Incumbent,O*NET
43-3051.00,Payroll and Timekeeping Clerks,RL,Required Level Of Education (Categories 1-12),6,Bachelor's Degree,31.84,08/2022,Incumbent,O*NET
43-3061.00,Procurement Clerks,RL,Required Level Of Education (Categories 1-12),2,High School Diploma or the equivalent (such as a GED),48.23,08/2022,Incumbent,O*NET
43-3071.00,Tellers,RL,Required Level Of Education (Categories 1-12),2,High School Diploma or the equivalent (such as a GED),72.95,08/2018,Incumbent,O*NET
43-4011.00,Brokerage Clerks,RL,Required Level Of Education (Categories 1-12),6,Bachelor's Degree,38.23,07/2014,Incumbent,O*NET
43-4021.00,Correspondence Clerks,RL,Required Level Of Education (Categories 1-12),2,High School Diploma or the equivalent (such as a GED),42.91,08/2023,Incumbent,O*NET
43-4031.00,"Court, Municipal, and License Clerks",RQ,Required Level Of Education (Categories 1-12),2,High School Diploma or the equivalent (such as a GED),50.42,08/2026,Incumbent,O*NET
43-4051.00,Customer Service Representatives,RL,Required Level Of Education (Categories 1-12),2,High School Diploma or the equivalent (such as a GED),54.76,08/2022,Incumbent,O*NET
43-4061.00,"Eligibility Interviewers, Government Programs",RL,Required Level Of Education (Categories 1-12),2,High School Diploma or the equivalent (such as a GED),25.6,08/2023,Incumbent,O*NET
43-4071.00,File Clerks,RL,Required Level Of Education (Categories 1-12),5,Associate's Degree or other 2-year degree,38.41,08/2025,Incumbent,O*NET
43-4081.00,"Hotel, Motel, and Resort Desk Clerks",RL,Required Level Of Education (Categories 1-12),2,High School Diploma or the equivalent (such as a GED),75.03,07/2017,Incumbent,O*NET
43-4111.00,"Interviewers, Except Eligibility and Loan",RL,Required Level Of Education (Categories 1-12),2,High School Diploma or the equivalent (such as a GED),42.42,08/2021,Incumbent,O*NET
43-4121.00,"Library Assistants, Clerical",RL,Required Level Of Education (Categories 1-12),2,High School Diploma or the equivalent (such as a GED),49.83,08/2018,Incumbent,O*NET
43-4131.00,Loan Interviewers and Clerks,RL,Required Level Of Education (Categories 1-12),2,High School Diploma or the equivalent (such as a GED),42.85,07/2017,Incumbent,O*NET
43-4141.00,New Accounts Clerks,RL,Required Level Of Education (Categories 1-12),2,High School Diploma or the equivalent (such as a GED),45.6,08/2020,Incumbent,O*NET
43-4151.00,Order Clerks,RL,Required Level Of Education (Categories 1-12),2,High School Diploma or the equivalent (such as a GED),63.04,08/2023,Incumbent,O*NET
43-4161.00,"Human Resources Assistants, Except Payroll and Timekeeping",RL,Required Level Of Education (Categories 1-12),6,Bachelor's Degree,33.81,07/2017,Incumbent,O*NET
43-4171.00,Receptionists and Information Clerks,RL,Required Level Of Education (Categories 1-12),2,High School Diploma or the equivalent (such as a GED),49.48,08/2023,Incumbent,O*NET
43-4181.00,Reservation and Transportation Ticket Agents and Travel Clerks,RL,Required Level Of Education (Categories 1-12),1,Less than a High School Diploma,9.29,07/2013,Incumbent,O*NET
43-5011.00,Cargo and Freight Agents,RL,Required Level Of Education (Categories 1-12),6,Bachelor's Degree,30.75,08/2021,Incumbent,O*NET
43-5011.01,Freight Forwarders,RL,Required Level Of Education (Categories 1-12),6,Bachelor's Degree,43.66,08/2024,Incumbent,O*NET
43-5021.00,Couriers and Messengers,RQ,Required Level Of Education (Categories 1-12),2,High School Diploma or the equivalent (such as a GED),80.28,08/2026,Incumbent,O*NET
43-5031.00,Public Safety Telecommunicators,RL,Required Level Of Education (Categories 1-12),2,High School Diploma or the equivalent (such as a GED),63.35,08/2023,Incumbent,O*NET
43-5032.00,"Dispatchers, Except Police, Fire, and Ambulance",RL,Required Level Of Education (Categories 1-12),2,High School Diploma or the equivalent (such as a GED),47.36,08/2021,Incumbent,O*NET
43-5041.00,"Meter Readers, Utilities",RQ,Required Level Of Education (Categories 1-12),2,High School Diploma or the equivalent (such as a GED),94.23,08/2026,Incumbent,O*NET
43-5051.00,Postal Service Clerks,RL,Required Level Of Education (Categories 1-12),2,High School Diploma or the equivalent (such as a GED),67.56,07/2016,Incumbent,O*NET
43-5052.00,Postal Service Mail Carriers,RL,Required Level Of Education (Categories 1-12),2,High School Diploma or the equivalent (such as a GED),78.21,07/2016,Incumbent,O*NET
43-5053.00,"Postal Service Mail Sorters, Processors, and Processing Machine Operators",RL,Required Level Of Education (Categories 1-12),2,High School Diploma or the equivalent (such as a GED),81.39,07/2016,Incumbent,O*NET
43-5061.00,"Production, Planning, and Expediting Clerks",RL,Required Level Of Education (Categories 1-12),2,High School Diploma or the equivalent (such as a GED),36.75,08/2022,Incumbent,O*NET
43-5071.00,"Shipping, Receiving, and Inventory Clerks",RL,Required Level Of Education (Categories 1-12),2,High School Diploma or the equivalent (such as a GED),74.91,08/2019,Incumbent,O*NET
43-5111.00,"Weighers, Measurers, Checkers, and Samplers, Recordkeeping",RL,Required Level Of Education (Categories 1-12),2,High School Diploma or the equivalent (such as a GED),49.95,08/2018,Incumbent,O*NET
43-6011.00,Executive Secretaries and Executive Administrative Assistants,RL,Required Level Of Education (Categories 1-12),5,Associate's Degree or other 2-year degree,33.77,07/2017,Incumbent,O*NET
43-6012.00,Legal Secretaries and Administrative Assistants,RL,Required Level Of Education (Categories 1-12),5,Associate's Degree or other 2-year degree,48.14,08/2024,Incumbent,O*NET
43-6013.00,Medical Secretaries and Administrative Assistants,RL,Required Level Of Education (Categories 1-12),2,High School Diploma or the equivalent (such as a GED),47.63,08/2021,Incumbent,O*NET
43-6014.00,"Secretaries and Administrative Assistants, Except Legal, Medical, and Executive",RL,Required Level Of Education (Categories 1-12),2,High School Diploma or the equivalent (such as a GED),49.9,08/2019,Incumbent,O*NET
43-9021.00,Data Entry Keyers,RL,Required Level Of Education (Categories 1-12),5,Associate's Degree or other 2-year degree,11.14,08/2018,Incumbent,O*NET
43-9022.00,Word Processors and Typists,RQ,Required Level Of Education (Categories 1-12),2,High School Diploma or the equivalent (such as a GED),65.88,08/2026,Incumbent,O*NET
43-9031.00,Desktop Publishers,RL,Required Level Of Education (Categories 1-12),6,Bachelor's Degree,38.7,08/2021,Incumbent,O*NET
43-9041.00,Insurance Claims and Policy Processing Clerks,RL,Required Level Of Education (Categories 1-12),2,High School Diploma or the equivalent (such as a GED),54.85,08/2022,Incumbent,O*NET
43-9051.00,"Mail Clerks and Mail Machine Operators, Except Postal Service",RL,Required Level Of Education (Categories 1-12),5,Associate's Degree or other 2-year degree,6.17,07/2016,Incumbent,O*NET
43-9061.00,"Office Clerks, General",RL,Required Level Of Education (Categories 1-12),2,High School Diploma or the equivalent (such as a GED),40.59,08/2018,Incumbent,O*NET
43-9071.00,"Office Machine Operators, Except Computer",RL,Required Level Of Education (Categories 1-12),2,High School Diploma or the equivalent (such as a GED),67.73,07/2017,Incumbent,O*NET
43-9081.00,Proofreaders and Copy Markers,RL,Required Level Of Education (Categories 1-12),6,Bachelor's Degree,47.3,07/2016,Incumbent,O*NET
43-9111.00,Statistical Assistants,RQ,Required Level Of Education (Categories 1-12),6,Bachelor's Degree,88.02,08/2026,Incumbent,O*NET
45-1011.00,"First-Line Supervisors of Farming, Fishing, and Forestry Workers",RL,Required Level Of Education (Categories 1-12),6,Bachelor's Degree,32.89,08/2022,Incumbent,O*NET
45-2011.00,Agricultural Inspectors,RL,Required Level Of Education (Categories 1-12),2,High School Diploma or the equivalent (such as a GED),56.17,07/2013,Incumbent,O*NET
45-2021.00,Animal Breeders,RL,Required Level Of Education (Categories 1-12),2,High School Diploma or the equivalent (such as a GED),85.74,08/2018,Incumbent,O*NET
45-2041.00,"Graders and Sorters, Agricultural Products",RL,Required Level Of Education (Categories 1-12),1,Less than a High School Diploma,63.8,07/2017,Incumbent,O*NET
45-2091.00,Agricultural Equipment Operators,RL,Required Level Of Education (Categories 1-12),1,Less than a High School Diploma,56.78,08/2019,Incumbent,O*NET
45-2092.00,"Farmworkers and Laborers, Crop, Nursery, and Greenhouse",RL,Required Level Of Education (Categories 1-12),1,Less than a High School Diploma,38.96,08/2022,Incumbent,O*NET
45-2093.00,"Farmworkers, Farm, Ranch, and Aquacultural Animals",RL,Required Level Of Education (Categories 1-12),4,Some College Courses,39.39,08/2019,Incumbent,O*NET
45-3031.00,Fishing and Hunting Workers,RL,Required Level Of Education (Categories 1-12),1,Less than a High School Diploma,45.0,08/2025,Occupational Expert,O*NET
45-4011.00,Forest and Conservation Workers,RL,Required Level Of Education (Categories 1-12),2,High School Diploma or the equivalent (such as a GED),43.63,08/2023,Incumbent,O*NET
45-4021.00,Fallers,RQ,Required Level Of Education (Categories 1-12),3,Post-Secondary Certificate,2.81,08/2026,Incumbent,O*NET
45-4022.00,Logging Equipment Operators,RL,Required Level Of Education (Categories 1-12),1,Less than a High School Diploma,55.42,07/2017,Incumbent,O*NET
45-4023.00,Log Graders and Scalers,RL,Required Level Of Education (Categories 1-12),2,High School Diploma or the equivalent (such as a GED),64.23,07/2017,Incumbent,O*NET
47-1011.00,First-Line Supervisors of Construction Trades and Extraction Workers,RL,Required Level Of Education (Categories 1-12),3,Post-Secondary Certificate,27.04,08/2020,Incumbent,O*NET
47-1011.03,Solar Energy Installation Managers,RL,Required Level Of Education (Categories 1-12),2,High School Diploma or the equivalent (such as a GED),52.86,08/2024,Incumbent,O*NET
47-2011.00,Boilermakers,RL,Required Level Of Education (Categories 1-12),3,Post-Secondary Certificate,32.08,08/2025,Incumbent,O*NET
47-2021.00,Brickmasons and Blockmasons,RL,Required Level Of Education (Categories 1-12),2,High School Diploma or the equivalent (such as a GED),70.42,08/2018,Incumbent,O*NET
47-2031.00,Carpenters,RL,Required Level Of Education (Categories 1-12),2,High School Diploma or the equivalent (such as a GED),52.4,08/2022,Incumbent,O*NET
47-2041.00,Carpet Installers,RL,Required Level Of Education (Categories 1-12),2,High School Diploma or the equivalent (such as a GED),69.22,07/2011,Incumbent,O*NET
47-2042.00,"Floor Layers, Except Carpet, Wood, and Hard Tiles",RL,Required Level Of Education (Categories 1-12),2,High School Diploma or the equivalent (such as a GED),89.53,12/2005,Incumbent,O*NET
47-2043.00,Floor Sanders and Finishers,RL,Required Level Of Education (Categories 1-12),1,Less than a High School Diploma,46.62,08/2021,Incumbent,O*NET
47-2044.00,Tile and Stone Setters,RL,Required Level Of Education (Categories 1-12),2,High School Diploma or the equivalent (such as a GED),47.98,08/2023,Incumbent,O*NET
47-2051.00,Cement Masons and Concrete Finishers,RL,Required Level Of Education (Categories 1-12),1,Less than a High School Diploma,51.7,08/2018,Incumbent,O*NET
47-2053.00,Terrazzo Workers and Finishers,RL,Required Level Of Education (Categories 1-12),2,High School Diploma or the equivalent (such as a GED),69.89,07/2015,Incumbent,O*NET
47-2061.00,Construction Laborers,RL,Required Level Of Education (Categories 1-12),2,High School Diploma or the equivalent (such as a GED),34.9,08/2020,Incumbent,O*NET
47-2071.00,"Paving, Surfacing, and Tamping Equipment Operators",RL,Required Level Of Education (Categories 1-12),1,Less than a High School Diploma,40.99,08/2020,Incumbent,O*NET
47-2072.00,Pile Driver Operators,RL,Required Level Of Education (Categories 1-12),2,High School Diploma or the equivalent (such as a GED),52.59,08/2018,Incumbent,O*NET
47-2073.00,Operating Engineers and Other Construction Equipment Operators,RL,Required Level Of Education (Categories 1-12),1,Less than a High School Diploma,1.39,08/2020,Incumbent,O*NET
47-2081.00,Drywall and Ceiling Tile Installers,RL,Required Level Of Education (Categories 1-12),1,Less than a High School Diploma,41.87,07/2016,Incumbent,O*NET
47-2082.00,Tapers,RQ,Required Level Of Education (Categories 1-12),2,High School Diploma or the equivalent (such as a GED),58.79,08/2026,Incumbent,O*NET
47-2111.00,Electricians,RL,Required Level Of Education (Categories 1-12),3,Post-Secondary Certificate,61.71,08/2022,Incumbent,O*NET
47-2121.00,Glaziers,RL,Required Level Of Education (Categories 1-12),2,High School Diploma or the equivalent (such as a GED),44.16,08/2023,Incumbent,O*NET
47-2131.00,"Insulation Workers, Floor, Ceiling, and Wall",RL,Required Level Of Education (Categories 1-12),2,High School Diploma or the equivalent (such as a GED),68.21,07/2015,Incumbent,O*NET
47-2132.00,"Insulation Workers, Mechanical",RL,Required Level Of Education (Categories 1-12),2,High School Diploma or the equivalent (such as a GED),71.69,08/2023,Incumbent,O*NET
47-2141.00,"Painters, Construction and Maintenance",RL,Required Level Of Education (Categories 1-12),12,Post-Doctoral Training,1.85,08/2025,Incumbent,O*NET
47-2142.00,Paperhangers,RL,Required Level Of Education (Categories 1-12),2,High School Diploma or the equivalent (such as a GED),54.08,06/2008,Incumbent,O*NET
47-2151.00,Pipelayers,RL,Required Level Of Education (Categories 1-12),1,Less than a High School Diploma,65.4,08/2025,Incumbent,O*NET
47-2152.00,"Plumbers, Pipefitters, and Steamfitters",RL,Required Level Of Education (Categories 1-12),3,Post-Secondary Certificate,43.26,08/2022,Incumbent,O*NET
47-2152.04,Solar Thermal Installers and Technicians,RL,Required Level Of Education (Categories 1-12),2,High School Diploma or the equivalent (such as a GED),43.24,07/2015,Incumbent,O*NET
47-2161.00,Plasterers and Stucco Masons,RL,Required Level Of Education (Categories 1-12),1,Less than a High School Diploma,67.95,07/2015,Incumbent,O*NET
47-2171.00,Reinforcing Iron and Rebar Workers,RQ,Required Level Of Education (Categories 1-12),2,High School Diploma or the equivalent (such as a GED),45.05,08/2026,Incumbent,O*NET
47-2181.00,Roofers,RQ,Required Level Of Education (Categories 1-12),2,High School Diploma or the equivalent (such as a GED),58.38,08/2026,Incumbent,O*NET
47-2211.00,Sheet Metal Workers,RL,Required Level Of Education (Categories 1-12),2,High School Diploma or the equivalent (such as a GED),49.0,08/2023,Incumbent,O*NET
47-2221.00,Structural Iron and Steel Workers,RQ,Required Level Of Education (Categories 1-12),6,Bachelor's Degree,7.17,08/2026,Incumbent,O*NET
47-2231.00,Solar Photovoltaic Installers,RL,Required Level Of Education (Categories 1-12),3,Post-Secondary Certificate,36.91,08/2024,Incumbent,O*NET
47-3011.00,"Helpers--Brickmasons, Blockmasons, Stonemasons, and Tile and Marble Setters",RL,Required Level Of Education (Categories 1-12),2,High School Diploma or the equivalent (such as a GED),58.01,07/2013,Incumbent,O*NET
47-3012.00,Helpers--Carpenters,RQ,Required Level Of Education (Categories 1-12),3,Post-Secondary Certificate,6.74,08/2026,Incumbent,O*NET
47-3013.00,Helpers--Electricians,RL,Required Level Of Education (Categories 1-12),2,High School Diploma or the equivalent (such as a GED),70.79,08/2023,Incumbent,O*NET
47-3014.00,"Helpers--Painters, Paperhangers, Plasterers, and Stucco Masons",RL,Required Level Of Education (Categories 1-12),1,Less than a High School Diploma,68.24,06/2007,Incumbent,O*NET
47-3015.00,"Helpers--Pipelayers, Plumbers, Pipefitters, and Steamfitters",RL,Required Level Of Education (Categories 1-12),3,Post-Secondary Certificate,26.83,07/2011,Incumbent,O*NET
47-3016.00,Helpers--Roofers,RQ,Required Level Of Education (Categories 1-12),2,High School Diploma or the equivalent (such as a GED),46.14,08/2026,Incumbent,O*NET
47-4011.00,Construction and Building Inspectors,RL,Required Level Of Education (Categories 1-12),2,High School Diploma or the equivalent (such as a GED),36.0,08/2024,Occupational Expert,O*NET
47-4011.01,Energy Auditors,RL,Required Level Of Education (Categories 1-12),2,High School Diploma or the equivalent (such as a GED),34.48,08/2022,Occupational Expert,O*NET
47-4021.00,Elevator and Escalator Installers and Repairers,RL,Required Level Of Education (Categories 1-12),2,High School Diploma or the equivalent (such as a GED),47.49,08/2023,Incumbent,O*NET
47-4031.00,Fence Erectors,RL,Required Level Of Education (Categories 1-12),2,High School Diploma or the equivalent (such as a GED),47.51,08/2019,Incumbent,O*NET
47-4041.00,Hazardous Materials Removal Workers,RQ,Required Level Of Education (Categories 1-12),1,Less than a High School Diploma,45.82,08/2026,Incumbent,O*NET
47-4051.00,Highway Maintenance Workers,RL,Required Level Of Education (Categories 1-12),2,High School Diploma or the equivalent (such as a GED),88.29,07/2017,Incumbent,O*NET
47-4061.00,Rail-Track Laying and Maintenance Equipment Operators,RQ,Required Level Of Education (Categories 1-12),2,High School Diploma or the equivalent (such as a GED),67.84,08/2026,Incumbent,O*NET
47-4071.00,Septic Tank Servicers and Sewer Pipe Cleaners,RL,Required Level Of Education (Categories 1-12),2,High School Diploma or the equivalent (such as a GED),40.44,07/2017,Incumbent,O*NET
47-4091.00,Segmental Pavers,RL,Required Level Of Education (Categories 1-12),2,High School Diploma or the equivalent (such as a GED),58.91,06/2008,Incumbent,O*NET
47-4099.03,Weatherization Installers and Technicians,RL,Required Level Of Education (Categories 1-12),2,High School Diploma or the equivalent (such as a GED),60.87,08/2020,Occupational Expert,O*NET
47-5011.00,"Derrick Operators, Oil and Gas",RL,Required Level Of Education (Categories 1-12),1,Less than a High School Diploma,68.54,06/2006,Incumbent,O*NET
47-5012.00,"Rotary Drill Operators, Oil and Gas",RL,Required Level Of Education (Categories 1-12),1,Less than a High School Diploma,31.11,12/2005,Incumbent,O*NET
47-5013.00,"Service Unit Operators, Oil and Gas",RL,Required Level Of Education (Categories 1-12),3,Post-Secondary Certificate,0.0,07/2013,Incumbent,O*NET
47-5022.00,"Excavating and Loading Machine and Dragline Operators, Surface Mining",RL,Required Level Of Education (Categories 1-12),2,High School Diploma or the equivalent (such as a GED),71.12,07/2013,Incumbent,O*NET
47-5023.00,"Earth Drillers, Except Oil and Gas",RL,Required Level Of Education (Categories 1-12),2,High School Diploma or the equivalent (such as a GED),72.77,07/2017,Incumbent,O*NET
47-5032.00,"Explosives Workers, Ordnance Handling Experts, and Blasters",RL,Required Level Of Education (Categories 1-12),2,High School Diploma or the equivalent (such as a GED),62.5,06/2006,Occupational Expert,O*NET
47-5041.00,Continuous Mining Machine Operators,RL,Required Level Of Education (Categories 1-12),2,High School Diploma or the equivalent (such as a GED),81.27,07/2016,Incumbent,O*NET
47-5043.00,"Roof Bolters, Mining",RL,Required Level Of Education (Categories 1-12),2,High School Diploma or the equivalent (such as a GED),86.71,07/2017,Incumbent,O*NET
47-5044.00,"Loading and Moving Machine Operators, Underground Mining",RL,Required Level Of Education (Categories 1-12),2,High School Diploma or the equivalent (such as a GED),52.59,08/2022,Incumbent,O*NET
47-5051.00,"Rock Splitters, Quarry",RL,Required Level Of Education (Categories 1-12),1,Less than a High School Diploma,49.54,06/2008,Incumbent,O*NET
47-5071.00,"Roustabouts, Oil and Gas",RL,Required Level Of Education (Categories 1-12),5,Associate's Degree or other 2-year degree,0.38,08/2023,Incumbent,O*NET
47-5081.00,Helpers--Extraction Workers,RL,Required Level Of Education (Categories 1-12),2,High School Diploma or the equivalent (such as a GED),96.59,08/2018,Incumbent,O*NET
49-1011.00,"First-Line Supervisors of Mechanics, Installers, and Repairers",RL,Required Level Of Education (Categories 1-12),2,High School Diploma or the equivalent (such as a GED),54.15,08/2021,Incumbent,O*NET
49-2011.00,"Computer, Automated Teller, and Office Machine Repairers",RQ,Required Level Of Education (Categories 1-12),3,Post-Secondary Certificate,25.58,08/2026,Incumbent,O*NET
49-2021.00,"Radio, Cellular, and Tower Equipment Installers and Repairers",RL,Required Level Of Education (Categories 1-12),2,High School Diploma or the equivalent (such as a GED),30.71,08/2022,Incumbent,O*NET
49-2022.00,"Telecommunications Equipment Installers and Repairers, Except Line Installers",RQ,Required Level Of Education (Categories 1-12),3,Post-Secondary Certificate,41.27,08/2026,Incumbent,O*NET
49-2091.00,Avionics Technicians,RL,Required Level Of Education (Categories 1-12),3,Post-Secondary Certificate,49.95,07/2015,Incumbent,O*NET
49-2092.00,"Electric Motor, Power Tool, and Related Repairers",RL,Required Level Of Education (Categories 1-12),3,Post-Secondary Certificate,39.17,07/2017,Incumbent,O*NET
49-2093.00,"Electrical and Electronics Installers and Repairers, Transportation Equipment",RL,Required Level Of Education (Categories 1-12),3,Post-Secondary Certificate,47.69,08/2019,Incumbent,O*NET
49-2094.00,"Electrical and Electronics Repairers, Commercial and Industrial Equipment",RL,Required Level Of Education (Categories 1-12),5,Associate's Degree or other 2-year degree,45.71,08/2021,Incumbent,O*NET
49-2095.00,"Electrical and Electronics Repairers, Powerhouse, Substation, and Relay",RL,Required Level Of Education (Categories 1-12),3,Post-Secondary Certificate,50.33,07/2017,Incumbent,O*NET
49-2096.00,"Electronic Equipment Installers and Repairers, Motor Vehicles",RL,Required Level Of Education (Categories 1-12),3,Post-Secondary Certificate,47.4,07/2016,Incumbent,O*NET
49-2097.00,Audiovisual Equipment Installers and Repairers,RL,Required Level Of Education (Categories 1-12),2,High School Diploma or the equivalent (such as a GED),38.35,08/2023,Incumbent,O*NET
49-2098.00,Security and Fire Alarm Systems Installers,RL,Required Level Of Education (Categories 1-12),3,Post-Secondary Certificate,48.58,07/2015,Incumbent,O*NET
49-3011.00,Aircraft Mechanics and Service Technicians,RL,Required Level Of Education (Categories 1-12),3,Post-Secondary Certificate,66.17,08/2025,Incumbent,O*NET
49-3021.00,Automotive Body and Related Repairers,RL,Required Level Of Education (Categories 1-12),2,High School Diploma or the equivalent (such as a GED),41.99,08/2019,Incumbent,O*NET
49-3022.00,Automotive Glass Installers and Repairers,RL,Required Level Of Education (Categories 1-12),2,High School Diploma or the equivalent (such as a GED),89.5,07/2014,Incumbent,O*NET
49-3023.00,Automotive Service Technicians and Mechanics,RQ,Required Level Of Education (Categories 1-12),3,Post-Secondary Certificate,32.38,08/2026,Incumbent,O*NET
49-3031.00,Bus and Truck Mechanics and Diesel Engine Specialists,RL,Required Level Of Education (Categories 1-12),3,Post-Secondary Certificate,39.49,08/2022,Incumbent,O*NET
49-3041.00,Farm Equipment Mechanics and Service Technicians,RL,Required Level Of Education (Categories 1-12),3,Post-Secondary Certificate,51.53,08/2025,Incumbent,O*NET
49-3042.00,"Mobile Heavy Equipment Mechanics, Except Engines",RL,Required Level Of Education (Categories 1-12),3,Post-Secondary Certificate,54.58,07/2017,Incumbent,O*NET
49-3043.00,Rail Car Repairers,RL,Required Level Of Education (Categories 1-12),2,High School Diploma or the equivalent (such as a GED),61.41,08/2019,Incumbent,O*NET
49-3051.00,Motorboat Mechanics and Service Technicians,RL,Required Level Of Education (Categories 1-12),3,Post-Secondary Certificate,53.7,07/2015,Incumbent,O*NET
49-3052.00,Motorcycle Mechanics,RL,Required Level Of Education (Categories 1-12),2,High School Diploma or the equivalent (such as a GED),25.73,08/2021,Incumbent,O*NET
49-3053.00,Outdoor Power Equipment and Other Small Engine Mechanics,RL,Required Level Of Education (Categories 1-12),2,High School Diploma or the equivalent (such as a GED),48.05,08/2018,Incumbent,O*NET
49-3091.00,Bicycle Repairers,RQ,Required Level Of Education (Categories 1-12),1,Less than a High School Diploma,11.38,08/2026,Incumbent,O*NET
49-3092.00,Recreational Vehicle Service Technicians,RL,Required Level Of Education (Categories 1-12),1,Less than a High School Diploma,46.26,08/2025,Incumbent,O*NET
49-3093.00,Tire Repairers and Changers,RQ,Required Level Of Education (Categories 1-12),2,High School Diploma or the equivalent (such as a GED),47.91,08/2026,Incumbent,O*NET
49-9011.00,Mechanical Door Repairers,RQ,Required Level Of Education (Categories 1-12),2,High School Diploma or the equivalent (such as a GED),80.11,08/2026,Incumbent,O*NET
49-9012.00,"Control and Valve Installers and Repairers, Except Mechanical Door",RL,Required Level Of Education (Categories 1-12),2,High School Diploma or the equivalent (such as a GED),46.98,07/2017,Incumbent,O*NET
49-9031.00,Home Appliance Repairers,RL,Required Level Of Education (Categories 1-12),2,High School Diploma or the equivalent (such as a GED),68.97,08/2018,Incumbent,O*NET
49-9041.00,Industrial Machinery Mechanics,RL,Required Level Of Education (Categories 1-12),3,Post-Secondary Certificate,47.22,08/2021,Incumbent,O*NET
49-9043.00,"Maintenance Workers, Machinery",RL,Required Level Of Education (Categories 1-12),3,Post-Secondary Certificate,54.1,08/2024,Incumbent,O*NET
49-9044.00,Millwrights,RL,Required Level Of Education (Categories 1-12),2,High School Diploma or the equivalent (such as a GED),45.45,08/2024,Occupational Expert,O*NET
49-9045.00,"Refractory Materials Repairers, Except Brickmasons",RL,Required Level Of Education (Categories 1-12),2,High School Diploma or the equivalent (such as a GED),74.85,06/2007,Incumbent,O*NET
49-9051.00,Electrical Power-Line Installers and Repairers,RL,Required Level Of Education (Categories 1-12),2,High School Diploma or the equivalent (such as a GED),50.29,08/2021,Incumbent,O*NET
49-9052.00,Telecommunications Line Installers and Repairers,RQ,Required Level Of Education (Categories 1-12),2,High School Diploma or the equivalent (such as a GED),78.28,08/2026,Incumbent,O*NET
49-9061.00,Camera and Photographic Equipment Repairers,RL,Required Level Of Education (Categories 1-12),2,High School Diploma or the equivalent (such as a GED),32.31,07/2015,Incumbent,O*NET
49-9062.00,Medical Equipment Repairers,RL,Required Level Of Education (Categories 1-12),5,Associate's Degree or other 2-year degree,39.32,08/2023,Incumbent,O*NET
49-9063.00,Musical Instrument Repairers and Tuners,RL,Required Level Of Education (Categories 1-12),3,Post-Secondary Certificate,54.55,08/2025,Occupational Expert,O*NET
49-9064.00,Watch and Clock Repairers,RL,Required Level Of Education (Categories 1-12),2,High School Diploma or the equivalent (such as a GED),22.37,08/2018,Incumbent,O*NET
49-9071.00,"Maintenance and Repair Workers, General",RL,Required Level Of Education (Categories 1-12),3,Post-Secondary Certificate,62.97,08/2021,Incumbent,O*NET
49-9081.00,Wind Turbine Service Technicians,RL,Required Level Of Education (Categories 1-12),3,Post-Secondary Certificate,34.42,08/2021,Incumbent,O*NET
49-9091.00,"Coin, Vending, and Amusement Machine Servicers and Repairers",RL,Required Level Of Education (Categories 1-12),2,High School Diploma or the equivalent (such as a GED),91.61,07/2017,Incumbent,O*NET
49-9092.00,Commercial Divers,RQ,Required Level Of Education (Categories 1-12),3,Post-Secondary Certificate,67.81,08/2026,Incumbent,O*NET
49-9094.00,Locksmiths and Safe Repairers,RL,Required Level Of Education (Categories 1-12),2,High School Diploma or the equivalent (such as a GED),61.54,08/2025,Occupational Expert,O*NET
49-9095.00,Manufactured Building and Mobile Home Installers,RL,Required Level Of Education (Categories 1-12),1,Less than a High School Diploma,59.23,06/2007,Incumbent,O*NET
49-9096.00,Riggers,RL,Required Level Of Education (Categories 1-12),2,High School Diploma or the equivalent (such as a GED),62.85,08/2020,Incumbent,O*NET
49-9097.00,Signal and Track Switch Repairers,RL,Required Level Of Education (Categories 1-12),1,Less than a High School Diploma,33.98,08/2021,Incumbent,O*NET
49-9098.00,"Helpers--Installation, Maintenance, and Repair Workers",RL,Required Level Of Education (Categories 1-12),2,High School Diploma or the equivalent (such as a GED),31.74,08/2020,Incumbent,O*NET
49-9099.01,Geothermal Technicians,RL,Required Level Of Education (Categories 1-12),2,High School Diploma or the equivalent (such as a GED),65.75,08/2020,Incumbent,O*NET
51-1011.00,First-Line Supervisors of Production and Operating Workers,RL,Required Level Of Education (Categories 1-12),2,High School Diploma or the equivalent (such as a GED),32.83,08/2020,Incumbent,O*NET
51-2011.00,"Aircraft Structure, Surfaces, Rigging, and Systems Assemblers",RL,Required Level Of Education (Categories 1-12),2,High School Diploma or the equivalent (such as a GED),54.84,07/2015,Incumbent,O*NET
51-2021.00,"Coil Winders, Tapers, and Finishers",RL,Required Level Of Education (Categories 1-12),2,High School Diploma or the equivalent (such as a GED),57.18,07/2017,Incumbent,O*NET
51-2022.00,Electrical and Electronic Equipment Assemblers,RQ,Required Level Of Education (Categories 1-12),2,High School Diploma or the equivalent (such as a GED),45.95,08/2026,Incumbent,O*NET
51-2023.00,Electromechanical Equipment Assemblers,RL,Required Level Of Education (Categories 1-12),2,High School Diploma or the equivalent (such as a GED),52.73,07/2017,Incumbent,O*NET
51-2031.00,Engine and Other Machine Assemblers,RL,Required Level Of Education (Categories 1-12),2,High School Diploma or the equivalent (such as a GED),64.05,07/2014,Incumbent,O*NET
51-2041.00,Structural Metal Fabricators and Fitters,RL,Required Level Of Education (Categories 1-12),2,High School Diploma or the equivalent (such as a GED),76.67,08/2024,Incumbent,O*NET
51-2051.00,Fiberglass Laminators and Fabricators,RL,Required Level Of Education (Categories 1-12),2,High School Diploma or the equivalent (such as a GED),45.8,08/2020,Incumbent,O*NET
51-2061.00,Timing Device Assemblers and Adjusters,RL,Required Level Of Education (Categories 1-12),2,High School Diploma or the equivalent (such as a GED),91.37,06/2008,Incumbent,O*NET
51-2092.00,Team Assemblers,RL,Required Level Of Education (Categories 1-12),2,High School Diploma or the equivalent (such as a GED),81.47,08/2020,Incumbent,O*NET
51-3011.00,Bakers,RQ,Required Level Of Education (Categories 1-12),2,High School Diploma or the equivalent (such as a GED),56.94,08/2026,Incumbent,O*NET
51-3021.00,Butchers and Meat Cutters,RL,Required Level Of Education (Categories 1-12),2,High School Diploma or the equivalent (such as a GED),69.93,07/2016,Incumbent,O*NET
51-3022.00,"Meat, Poultry, and Fish Cutters and Trimmers",RL,Required Level Of Education (Categories 1-12),2,High School Diploma or the equivalent (such as a GED),36.26,07/2017,Incumbent,O*NET
51-3023.00,Slaughterers and Meat Packers,RL,Required Level Of Education (Categories 1-12),2,High School Diploma or the equivalent (such as a GED),60.8,07/2017,Incumbent,O*NET
51-3091.00,"Food and Tobacco Roasting, Baking, and Drying Machine Operators and Tenders",RL,Required Level Of Education (Categories 1-12),2,High School Diploma or the equivalent (such as a GED),60.77,07/2017,Incumbent,O*NET
51-3092.00,Food Batchmakers,RL,Required Level Of Education (Categories 1-12),2,High School Diploma or the equivalent (such as a GED),37.83,08/2021,Incumbent,O*NET
51-3093.00,Food Cooking Machine Operators and Tenders,RL,Required Level Of Education (Categories 1-12),2,High School Diploma or the equivalent (such as a GED),85.92,08/2021,Incumbent,O*NET
51-4021.00,"Extruding and Drawing Machine Setters, Operators, and Tenders, Metal and Plastic",RQ,Required Level Of Education (Categories 1-12),2,High School Diploma or the equivalent (such as a GED),61.18,08/2026,Incumbent,O*NET
51-4022.00,"Forging Machine Setters, Operators, and Tenders, Metal and Plastic",RQ,Required Level Of Education (Categories 1-12),2,High School Diploma or the equivalent (such as a GED),82.44,08/2026,Incumbent,O*NET
51-4023.00,"Rolling Machine Setters, Operators, and Tenders, Metal and Plastic",RL,Required Level Of Education (Categories 1-12),2,High School Diploma or the equivalent (such as a GED),74.21,08/2018,Incumbent,O*NET
51-4031.00,"Cutting, Punching, and Press Machine Setters, Operators, and Tenders, Metal and Plastic",RL,Required Level Of Education (Categories 1-12),2,High School Diploma or the equivalent (such as a GED),63.43,08/2025,Incumbent,O*NET
51-4032.00,"Drilling and Boring Machine Tool Setters, Operators, and Tenders, Metal and Plastic",RL,Required Level Of Education (Categories 1-12),2,High School Diploma or the equivalent (such as a GED),56.88,08/2022,Incumbent,O*NET
51-4033.00,"Grinding, Lapping, Polishing, and Buffing Machine Tool Setters, Operators, and Tenders, Metal and Plastic",RQ,Required Level Of Education (Categories 1-12),2,High School Diploma or the equivalent (such as a GED),87.2,08/2026,Incumbent,O*NET
51-4034.00,"Lathe and Turning Machine Tool Setters, Operators, and Tenders, Metal and Plastic",RL,Required Level Of Education (Categories 1-12),2,High School Diploma or the equivalent (such as a GED),31.64,08/2024,Incumbent,O*NET
51-4035.00,"Milling and Planing Machine Setters, Operators, and Tenders, Metal and Plastic",RL,Required Level Of Education (Categories 1-12),2,High School Diploma or the equivalent (such as a GED),47.3,08/2023,Incumbent,O*NET
51-4041.00,Machinists,RL,Required Level Of Education (Categories 1-12),2,High School Diploma or the equivalent (such as a GED),35.91,08/2020,Incumbent,O*NET
51-4051.00,Metal-Refining Furnace Operators and Tenders,RL,Required Level Of Education (Categories 1-12),3,Post-Secondary Certificate,0.0,08/2018,Incumbent,O*NET
51-4052.00,"Pourers and Casters, Metal",RL,Required Level Of Education (Categories 1-12),2,High School Diploma or the equivalent (such as a GED),79.96,08/2024,Incumbent,O*NET
51-4061.00,"Model Makers, Metal and Plastic",RL,Required Level Of Education (Categories 1-12),3,Post-Secondary Certificate,37.73,08/2025,Incumbent,O*NET
51-4062.00,"Patternmakers, Metal and Plastic",RQ,Required Level Of Education (Categories 1-12),2,High School Diploma or the equivalent (such as a GED),33.31,08/2026,Incumbent,O*NET
51-4071.00,Foundry Mold and Coremakers,RL,Required Level Of Education (Categories 1-12),2,High School Diploma or the equivalent (such as a GED),64.37,08/2023,Incumbent,O*NET
51-4072.00,"Molding, Coremaking, and Casting Machine Setters, Operators, and Tenders, Metal and Plastic",RL,Required Level Of Education (Categories 1-12),2,High School Diploma or the equivalent (such as a GED),56.98,07/2016,Incumbent,O*NET
51-4081.00,"Multiple Machine Tool Setters, Operators, and Tenders, Metal and Plastic",RL,Required Level Of Education (Categories 1-12),2,High School Diploma or the equivalent (such as a GED),81.65,08/2021,Incumbent,O*NET
51-4111.00,Tool and Die Makers,RL,Required Level Of Education (Categories 1-12),3,Post-Secondary Certificate,40.85,08/2021,Incumbent,O*NET
51-4121.00,"Welders, Cutters, Solderers, and Brazers",RL,Required Level Of Education (Categories 1-12),2,High School Diploma or the equivalent (such as a GED),53.55,08/2022,Incumbent,O*NET
51-4122.00,"Welding, Soldering, and Brazing Machine Setters, Operators, and Tenders",RL,Required Level Of Education (Categories 1-12),2,High School Diploma or the equivalent (such as a GED),32.0,08/2024,Incumbent,O*NET
51-4191.00,"Heat Treating Equipment Setters, Operators, and Tenders, Metal and Plastic",RL,Required Level Of Education (Categories 1-12),2,High School Diploma or the equivalent (such as a GED),69.85,07/2016,Incumbent,O*NET
51-4192.00,"Layout Workers, Metal and Plastic",RL,Required Level Of Education (Categories 1-12),2,High School Diploma or the equivalent (such as a GED),60.01,08/2018,Incumbent,O*NET
51-4193.00,"Plating Machine Setters, Operators, and Tenders, Metal and Plastic",RL,Required Level Of Education (Categories 1-12),1,Less than a High School Diploma,49.2,07/2016,Incumbent,O*NET
51-4194.00,"Tool Grinders, Filers, and Sharpeners",RQ,Required Level Of Education (Categories 1-12),2,High School Diploma or the equivalent (such as a GED),64.12,08/2026,Incumbent,O*NET
51-5111.00,Prepress Technicians and Workers,RL,Required Level Of Education (Categories 1-12),2,High School Diploma or the equivalent (such as a GED),39.34,07/2016,Incumbent,O*NET
51-5112.00,Printing Press Operators,RL,Required Level Of Education (Categories 1-12),2,High School Diploma or the equivalent (such as a GED),73.17,08/2020,Incumbent,O*NET
51-5113.00,Print Binding and Finishing Workers,RL,Required Level Of Education (Categories 1-12),2,High School Diploma or the equivalent (such as a GED),87.93,07/2015,Incumbent,O*NET
51-6011.00,Laundry and Dry-Cleaning Workers,RQ,Required Level Of Education (Categories 1-12),2,High School Diploma or the equivalent (such as a GED),73.52,08/2026,Incumbent,O*NET
51-6021.00,"Pressers, Textile, Garment, and Related Materials",RL,Required Level Of Education (Categories 1-12),1,Less than a High School Diploma,59.18,07/2017,Incumbent,O*NET
51-6031.00,Sewing Machine Operators,RL,Required Level Of Education (Categories 1-12),1,Less than a High School Diploma,52.93,07/2017,Incumbent,O*NET
51-6041.00,Shoe and Leather Workers and Repairers,RL,Required Level Of Education (Categories 1-12),2,High School Diploma or the equivalent (such as a GED),56.39,08/2022,Incumbent,O*NET
51-6042.00,Shoe Machine Operators and Tenders,RL,Required Level Of Education (Categories 1-12),2,High School Diploma or the equivalent (such as a GED),38.0,08/2024,Incumbent,O*NET
51-6051.00,"Sewers, Hand",RL,Required Level Of Education (Categories 1-12),1,Less than a High School Diploma,82.18,08/2024,Incumbent,O*NET
51-6052.00,"Tailors, Dressmakers, and Custom Sewers",RL,Required Level Of Education (Categories 1-12),2,High School Diploma or the equivalent (such as a GED),57.66,08/2020,Incumbent,O*NET
51-6061.00,Textile Bleaching and Dyeing Machine Operators and Tenders,RL,Required Level Of Education (Categories 1-12),2,High School Diploma or the equivalent (such as a GED),55.98,08/2023,Incumbent,O*NET
51-6062.00,"Textile Cutting Machine Setters, Operators, and Tenders",RL,Required Level Of Education (Categories 1-12),2,High School Diploma or the equivalent (such as a GED),67.69,08/2019,Incumbent,O*NET
51-6063.00,"Textile Knitting and Weaving Machine Setters, Operators, and Tenders",RL,Required Level Of Education (Categories 1-12),2,High School Diploma or the equivalent (such as a GED),94.68,08/2023,Incumbent,O*NET
51-6064.00,"Textile Winding, Twisting, and Drawing Out Machine Setters, Operators, and Tenders",RL,Required Level Of Education (Categories 1-12),1,Less than a High School Diploma,53.84,08/2019,Incumbent,O*NET
51-6091.00,"Extruding and Forming Machine Setters, Operators, and Tenders, Synthetic and Glass Fibers",RL,Required Level Of Education (Categories 1-12),2,High School Diploma or the equivalent (such as a GED),74.09,08/2019,Incumbent,O*NET
51-6092.00,Fabric and Apparel Patternmakers,RL,Required Level Of Education (Categories 1-12),2,High School Diploma or the equivalent (such as a GED),40.66,07/2016,Incumbent,O*NET
51-6093.00,Upholsterers,RL,Required Level Of Education (Categories 1-12),2,High School Diploma or the equivalent (such as a GED),56.18,07/2016,Incumbent,O*NET
51-7011.00,Cabinetmakers and Bench Carpenters,RQ,Required Level Of Education (Categories 1-12),2,High School Diploma or the equivalent (such as a GED),76.39,08/2026,Incumbent,O*NET
51-7021.00,Furniture Finishers,RL,Required Level Of Education (Categories 1-12),2,High School Diploma or the equivalent (such as a GED),61.21,07/2017,Incumbent,O*NET
51-7031.00,"Model Makers, Wood",RL,Required Level Of Education (Categories 1-12),3,Post-Secondary Certificate,30.84,08/2024,Incumbent,O*NET
51-7032.00,"Patternmakers, Wood",RL,Required Level Of Education (Categories 1-12),2,High School Diploma or the equivalent (such as a GED),57.25,08/2021,Incumbent,O*NET
51-7041.00,"Sawing Machine Setters, Operators, and Tenders, Wood",RL,Required Level Of Education (Categories 1-12),2,High School Diploma or the equivalent (such as a GED),59.25,07/2013,Incumbent,O*NET
51-7042.00,"Woodworking Machine Setters, Operators, and Tenders, Except Sawing",RL,Required Level Of Education (Categories 1-12),2,High School Diploma or the equivalent (such as a GED),73.06,07/2015,Incumbent,O*NET
51-8011.00,Nuclear Power Reactor Operators,RL,Required Level Of Education (Categories 1-12),2,High School Diploma or the equivalent (such as a GED),50.09,07/2014,Incumbent,O*NET
51-8012.00,Power Distributors and Dispatchers,RL,Required Level Of Education (Categories 1-12),3,Post-Secondary Certificate,40.32,08/2024,Incumbent,O*NET
51-8013.00,Power Plant Operators,RL,Required Level Of Education (Categories 1-12),2,High School Diploma or the equivalent (such as a GED),59.81,08/2024,Incumbent,O*NET
51-8013.03,Biomass Plant Technicians,RL,Required Level Of Education (Categories 1-12),2,High School Diploma or the equivalent (such as a GED),46.51,08/2020,Incumbent,O*NET
51-8013.04,Hydroelectric Plant Technicians,RL,Required Level Of Education (Categories 1-12),5,Associate's Degree or other 2-year degree,34.02,08/2024,Incumbent,O*NET
51-8021.00,Stationary Engineers and Boiler Operators,RL,Required Level Of Education (Categories 1-12),3,Post-Secondary Certificate,47.15,08/2023,Incumbent,O*NET
51-8031.00,Water and Wastewater Treatment Plant and System Operators,RL,Required Level Of Education (Categories 1-12),2,High School Diploma or the equivalent (such as a GED),50.0,08/2025,Occupational Expert,O*NET
51-8091.00,Chemical Plant and System Operators,RQ,Required Level Of Education (Categories 1-12),2,High School Diploma or the equivalent (such as a GED),68.13,08/2026,Incumbent,O*NET
51-8092.00,Gas Plant Operators,RL,Required Level Of Education (Categories 1-12),2,High School Diploma or the equivalent (such as a GED),58.44,08/2023,Incumbent,O*NET
51-8093.00,"Petroleum Pump System Operators, Refinery Operators, and Gaugers",RL,Required Level Of Education (Categories 1-12),2,High School Diploma or the equivalent (such as a GED),97.02,08/2023,Incumbent,O*NET
51-8099.01,Biofuels Processing Technicians,RL,Required Level Of Education (Categories 1-12),2,High School Diploma or the equivalent (such as a GED),71.18,07/2016,Incumbent,O*NET
51-9012.00,"Separating, Filtering, Clarifying, Precipitating, and Still Machine Setters, Operators, and Tenders",RQ,Required Level Of Education (Categories 1-12),2,High School Diploma or the equivalent (such as a GED),83.44,08/2026,Incumbent,O*NET
51-9021.00,"Crushing, Grinding, and Polishing Machine Setters, Operators, and Tenders",RL,Required Level Of Education (Categories 1-12),2,High School Diploma or the equivalent (such as a GED),61.72,08/2024,Incumbent,O*NET
51-9022.00,"Grinding and Polishing Workers, Hand",RL,Required Level Of Education (Categories 1-12),2,High School Diploma or the equivalent (such as a GED),37.33,08/2023,Incumbent,O*NET
51-9023.00,"Mixing and Blending Machine Setters, Operators, and Tenders",RL,Required Level Of Education (Categories 1-12),2,High School Diploma or the equivalent (such as a GED),80.32,08/2023,Incumbent,O*NET
51-9031.00,"Cutters and Trimmers, Hand",RL,Required Level Of Education (Categories 1-12),1,Less than a High School Diploma,72.8,08/2019,Incumbent,O*NET
51-9032.00,"Cutting and Slicing Machine Setters, Operators, and Tenders",RQ,Required Level Of Education (Categories 1-12),2,High School Diploma or the equivalent (such as a GED),91.95,08/2026,Incumbent,O*NET
51-9041.00,"Extruding, Forming, Pressing, and Compacting Machine Setters, Operators, and Tenders",RL,Required Level Of Education (Categories 1-12),2,High School Diploma or the equivalent (such as a GED),78.21,07/2016,Incumbent,O*NET
51-9051.00,"Furnace, Kiln, Oven, Drier, and Kettle Operators and Tenders",RL,Required Level Of Education (Categories 1-12),2,High School Diploma or the equivalent (such as a GED),55.94,07/2015,Incumbent,O*NET
51-9061.00,"Inspectors, Testers, Sorters, Samplers, and Weighers",RL,Required Level Of Education (Categories 1-12),2,High School Diploma or the equivalent (such as a GED),69.81,08/2020,Incumbent,O*NET
51-9071.00,Jewelers and Precious Stone and Metal Workers,RL,Required Level Of Education (Categories 1-12),2,High School Diploma or the equivalent (such as a GED),25.34,08/2025,Incumbent,O*NET
51-9071.06,Gem and Diamond Workers,RQ,Required Level Of Education (Categories 1-12),6,Bachelor's Degree,20.15,08/2026,Incumbent,O*NET
51-9081.00,Dental Laboratory Technicians,RL,Required Level Of Education (Categories 1-12),2,High School Diploma or the equivalent (such as a GED),51.74,08/2022,Incumbent,O*NET
51-9082.00,Medical Appliance Technicians,RQ,Required Level Of Education (Categories 1-12),2,High School Diploma or the equivalent (such as a GED),70.5,08/2026,Incumbent,O*NET
51-9083.00,Ophthalmic Laboratory Technicians,RL,Required Level Of Education (Categories 1-12),2,High School Diploma or the equivalent (such as a GED),56.4,07/2015,Incumbent,O*NET
51-9111.00,Packaging and Filling Machine Operators and Tenders,RL,Required Level Of Education (Categories 1-12),2,High School Diploma or the equivalent (such as a GED),79.69,07/2017,Incumbent,O*NET
51-9123.00,"Painting, Coating, and Decorating Workers",RL,Required Level Of Education (Categories 1-12),1,Less than a High School Diploma,59.01,08/2019,Incumbent,O*NET
51-9124.00,"Coating, Painting, and Spraying Machine Setters, Operators, and Tenders",RL,Required Level Of Education (Categories 1-12),2,High School Diploma or the equivalent (such as a GED),62.67,08/2022,Incumbent,O*NET
51-9141.00,Semiconductor Processing Technicians,RL,Required Level Of Education (Categories 1-12),2,High School Diploma or the equivalent (such as a GED),83.85,12/2006,Incumbent,O*NET
51-9151.00,Photographic Process Workers and Processing Machine Operators,RL,Required Level Of Education (Categories 1-12),2,High School Diploma or the equivalent (such as a GED),84.07,07/2017,Incumbent,O*NET
51-9161.00,Computer Numerically Controlled Tool Operators,RL,Required Level Of Education (Categories 1-12),2,High School Diploma or the equivalent (such as a GED),48.24,08/2023,Incumbent,O*NET
51-9162.00,Computer Numerically Controlled Tool Programmers,RL,Required Level Of Education (Categories 1-12),2,High School Diploma or the equivalent (such as a GED),32.77,08/2025,Incumbent,O*NET
51-9191.00,Adhesive Bonding Machine Operators and Tenders,RL,Required Level Of Education (Categories 1-12),2,High School Diploma or the equivalent (such as a GED),72.61,07/2015,Incumbent,O*NET
51-9192.00,"Cleaning, Washing, and Metal Pickling Equipment Operators and Tenders",RL,Required Level Of Education (Categories 1-12),4,Some College Courses,3.89,07/2017,Incumbent,O*NET
51-9193.00,Cooling and Freezing Equipment Operators and Tenders,RL,Required Level Of Education (Categories 1-12),2,High School Diploma or the equivalent (such as a GED),7.31,07/2017,Incumbent,O*NET
51-9194.00,Etchers and Engravers,RL,Required Level Of Education (Categories 1-12),2,High School Diploma or the equivalent (such as a GED),53.86,07/2017,Incumbent,O*NET
51-9195.03,"Stone Cutters and Carvers, Manufacturing",RL,Required Level Of Education (Categories 1-12),2,High School Diploma or the equivalent (such as a GED),65.55,07/2015,Incumbent,O*NET
51-9195.04,"Glass Blowers, Molders, Benders, and Finishers",RQ,Required Level Of Education (Categories 1-12),2,High School Diploma or the equivalent (such as a GED),27.27,08/2026,Occupational Expert,O*NET
51-9195.05,"Potters, Manufacturing",RL,Required Level Of Education (Categories 1-12),4,Some College Courses,30.9,08/2020,Incumbent,O*NET
51-9196.00,"Paper Goods Machine Setters, Operators, and Tenders",RL,Required Level Of Education (Categories 1-12),2,High School Diploma or the equivalent (such as a GED),69.35,08/2018,Incumbent,O*NET
51-9197.00,Tire Builders,RL,Required Level Of Education (Categories 1-12),2,High School Diploma or the equivalent (such as a GED),66.45,08/2020,Incumbent,O*NET
51-9198.00,Helpers--Production Workers,RL,Required Level Of Education (Categories 1-12),1,Less than a High School Diploma,34.56,08/2026,Incumbent,O*NET
53-1041.00,Aircraft Cargo Handling Supervisors,RL,Required Level Of Education (Categories 1-12),2,High School Diploma or the equivalent (such as a GED),64.06,07/2016,Incumbent,O*NET
53-1042.00,"First-Line Supervisors of Helpers, Laborers, and Material Movers, Hand",RL,Required Level Of Education (Categories 1-12),2,High School Diploma or the equivalent (such as a GED),35.2,08/2024,Incumbent,O*NET
53-1042.01,Recycling Coordinators,RL,Required Level Of Education (Categories 1-12),2,High School Diploma or the equivalent (such as a GED),47.06,07/2014,Incumbent,O*NET
53-1043.00,First-Line Supervisors of Material-Moving Machine and Vehicle Operators,RL,Required Level Of Education (Categories 1-12),2,High School Diploma or the equivalent (such as a GED),29.86,08/2023,Incumbent,O*NET
53-1044.00,First-Line Supervisors of Passenger Attendants,RQ,Required Level Of Education (Categories 1-12),2,High School Diploma or the equivalent (such as a GED),32.89,08/2026,Incumbent,O*NET
53-2011.00,"Airline Pilots, Copilots, and Flight Engineers",RL,Required Level Of Education (Categories 1-12),6,Bachelor's Degree,61.02,08/2021,Incumbent,O*NET
53-2012.00,Commercial Pilots,RL,Required Level Of Education (Categories 1-12),2,High School Diploma or the equivalent (such as a GED),28.63,08/2024,Incumbent,O*NET
53-2021.00,Air Traffic Controllers,RL,Required Level Of Education (Categories 1-12),2,High School Diploma or the equivalent (such as a GED),36.14,07/2014,Incumbent,O*NET
53-2022.00,Airfield Operations Specialists,RL,Required Level Of Education (Categories 1-12),4,Some College Courses,14.7,08/2021,Incumbent,O*NET
53-2031.00,Flight Attendants,RL,Required Level Of Education (Categories 1-12),2,High School Diploma or the equivalent (such as a GED),70.27,08/2021,Incumbent,O*NET
53-3011.00,"Ambulance Drivers and Attendants, Except Emergency Medical Technicians",RQ,Required Level Of Education (Categories 1-12),3,Post-Secondary Certificate,36.47,08/2026,Incumbent,O*NET
53-3031.00,Driver/Sales Workers,RL,Required Level Of Education (Categories 1-12),3,Post-Secondary Certificate,0.44,08/2020,Incumbent,O*NET
53-3032.00,Heavy and Tractor-Trailer Truck Drivers,RL,Required Level Of Education (Categories 1-12),2,High School Diploma or the equivalent (such as a GED),54.34,08/2022,Incumbent,O*NET
53-3033.00,Light Truck Drivers,RL,Required Level Of Education (Categories 1-12),2,High School Diploma or the equivalent (such as a GED),73.97,08/2023,Incumbent,O*NET
53-3051.00,"Bus Drivers, School",RL,Required Level Of Education (Categories 1-12),2,High School Diploma or the equivalent (such as a GED),59.27,08/2025,Incumbent,O*NET
53-3052.00,"Bus Drivers, Transit and Intercity",RL,Required Level Of Education (Categories 1-12),2,High School Diploma or the equivalent (such as a GED),83.83,08/2018,Incumbent,O*NET
53-3053.00,Shuttle Drivers and Chauffeurs,RL,Required Level Of Education (Categories 1-12),2,High School Diploma or the equivalent (such as a GED),56.23,08/2025,Incumbent,O*NET
53-4011.00,Locomotive Engineers,RQ,Required Level Of Education (Categories 1-12),2,High School Diploma or the equivalent (such as a GED),64.24,08/2026,Incumbent,O*NET
53-4013.00,"Rail Yard Engineers, Dinkey Operators, and Hostlers",RL,Required Level Of Education (Categories 1-12),2,High School Diploma or the equivalent (such as a GED),82.54,08/2021,Incumbent,O*NET
53-4022.00,"Railroad Brake, Signal, and Switch Operators and Locomotive Firers",RQ,Required Level Of Education (Categories 1-12),2,High School Diploma or the equivalent (such as a GED),86.98,08/2026,Incumbent,O*NET
53-4031.00,Railroad Conductors and Yardmasters,RL,Required Level Of Education (Categories 1-12),2,High School Diploma or the equivalent (such as a GED),85.64,07/2013,Incumbent,O*NET
53-4041.00,Subway and Streetcar Operators,RL,Required Level Of Education (Categories 1-12),2,High School Diploma or the equivalent (such as a GED),86.52,08/2021,Incumbent,O*NET
53-5011.00,Sailors and Marine Oilers,RQ,Required Level Of Education (Categories 1-12),2,High School Diploma or the equivalent (such as a GED),37.17,08/2026,Incumbent,O*NET
53-5021.00,"Captains, Mates, and Pilots of Water Vessels",RL,Required Level Of Education (Categories 1-12),2,High School Diploma or the equivalent (such as a GED),41.98,08/2022,Incumbent,O*NET
53-5022.00,Motorboat Operators,RL,Required Level Of Education (Categories 1-12),2,High School Diploma or the equivalent (such as a GED),39.74,08/2023,Incumbent,O*NET
53-5031.00,Ship Engineers,RL,Required Level Of Education (Categories 1-12),2,High School Diploma or the equivalent (such as a GED),47.95,08/2024,Incumbent,O*NET
53-6011.00,Bridge and Lock Tenders,RL,Required Level Of Education (Categories 1-12),2,High School Diploma or the equivalent (such as a GED),65.0,08/2020,Occupational Expert,O*NET
53-6021.00,Parking Attendants,RL,Required Level Of Education (Categories 1-12),2,High School Diploma or the equivalent (such as a GED),60.75,07/2015,Incumbent,O*NET
53-6031.00,Automotive and Watercraft Service Attendants,RL,Required Level Of Education (Categories 1-12),2,High School Diploma or the equivalent (such as a GED),58.62,07/2016,Incumbent,O*NET
53-6032.00,Aircraft Service Attendants,RQ,Required Level Of Education (Categories 1-12),2,High School Diploma or the equivalent (such as a GED),76.55,08/2026,Incumbent,O*NET
53-6041.00,Traffic Technicians,RL,Required Level Of Education (Categories 1-12),2,High School Diploma or the equivalent (such as a GED),42.94,07/2016,Incumbent,O*NET
53-6051.01,Aviation Inspectors,RL,Required Level Of Education (Categories 1-12),5,Associate's Degree or other 2-year degree,33.65,08/2021,Incumbent,O*NET
53-6051.07,"Transportation Vehicle, Equipment and Systems Inspectors, Except Aviation",RL,Required Level Of Education (Categories 1-12),2,High School Diploma or the equivalent (such as a GED),57.78,07/2015,Incumbent,O*NET
53-6061.00,Passenger Attendants,RQ,Required Level Of Education (Categories 1-12),3,Post-Secondary Certificate,7.61,08/2026,Incumbent,O*NET
53-7011.00,Conveyor Operators and Tenders,RL,Required Level Of Education (Categories 1-12),1,Less than a High School Diploma,70.04,07/2017,Incumbent,O*NET
53-7021.00,Crane and Tower Operators,RL,Required Level Of Education (Categories 1-12),3,Post-Secondary Certificate,60.63,07/2015,Incumbent,O*NET
53-7031.00,Dredge Operators,RL,Required Level Of Education (Categories 1-12),2,High School Diploma or the equivalent (such as a GED),79.97,06/2008,Incumbent,O*NET
53-7041.00,Hoist and Winch Operators,RQ,Required Level Of Education (Categories 1-12),1,Less than a High School Diploma,7.63,08/2026,Incumbent,O*NET
53-7051.00,Industrial Truck and Tractor Operators,RL,Required Level Of Education (Categories 1-12),4,Some College Courses,4.05,08/2021,Incumbent,O*NET
53-7061.00,Cleaners of Vehicles and Equipment,RL,Required Level Of Education (Categories 1-12),2,High School Diploma or the equivalent (such as a GED),54.02,08/2022,Incumbent,O*NET
53-7062.00,"Laborers and Freight, Stock, and Material Movers, Hand",RL,Required Level Of Education (Categories 1-12),4,Some College Courses,0.58,08/2024,Incumbent,O*NET
53-7062.04,Recycling and Reclamation Workers,RL,Required Level Of Education (Categories 1-12),2,High School Diploma or the equivalent (such as a GED),74.12,07/2012,Incumbent,O*NET
53-7063.00,Machine Feeders and Offbearers,RL,Required Level Of Education (Categories 1-12),2,High School Diploma or the equivalent (such as a GED),72.98,07/2016,Incumbent,O*NET
53-7064.00,"Packers and Packagers, Hand",RL,Required Level Of Education (Categories 1-12),2,High School Diploma or the equivalent (such as a GED),53.78,08/2020,Incumbent,O*NET
53-7065.00,Stockers and Order Fillers,RQ,Required Level Of Education (Categories 1-12),2,High School Diploma or the equivalent (such as a GED),78.01,08/2026,Incumbent,O*NET
53-7071.00,Gas Compressor and Gas Pumping Station Operators,RL,Required Level Of Education (Categories 1-12),4,Some College Courses,11.06,07/2017,Incumbent,O*NET
53-7072.00,"Pump Operators, Except Wellhead Pumpers",RL,Required Level Of Education (Categories 1-12),4,Some College Courses,8.48,08/2021,Incumbent,O*NET
53-7073.00,Wellhead Pumpers,RL,Required Level Of Education (Categories 1-12),2,High School Diploma or the equivalent (such as a GED),80.46,08/2019,Incumbent,O*NET
53-7081.00,Refuse and Recyclable Material Collectors,RL,Required Level Of Education (Categories 1-12),2,High School Diploma or the equivalent (such as a GED),81.47,08/2023,Incumbent,O*NET
53-7121.00,"Tank Car, Truck, and Ship Loaders",RL,Required Level Of Education (Categories 1-12),2,High School Diploma or the equivalent (such as a GED),81.42,08/2019,Incumbent,O*NET
