anzsco4_code,occupation,description,employed,median_weekly_earnings_aud,median_age,annual_employment_growth,average_full_time_hours_worked_per_week,vacancies_aust_jul_2026,vacancies_nsw_jul_2026,vacancies_vic_jul_2026,vacancies_qld_jul_2026,vacancies_sa_jul_2026,vacancies_wa_jul_2026,vacancies_tas_jul_2026,vacancies_nt_jul_2026,vacancies_act_jul_2026,employment_may_2025_thousands,employment_may_2030_thousands,employment_may_2035_thousands,change_5y_thousands,change_5y_pct,change_10y_thousands,change_10y_pct
1111,Chief Executives and Managing Directors,"Chief Executives and Managing Directors determine, formulate and review the general policy programs and the overall direction of organisations within the framework established by boards of directors and similar governing bodies.",63000,,50,3400,50,369.33333,117.66667,92.33333,66.33333,25.33333,33.33333,8.33333,12.0,14.0,61.1931474092206,65.3877536346177,69.8156003671647,4.194606225397095,6.854699264520998,8.622452957944105,14.090553146878781
1112,General Managers,"General Managers plan, organise, direct, control and review the day-to-day operations and major functions of commercial, industrial, government and defence organisations through departmental managers and subordinate executives.",69300,,48,-400,47,719.66667,213.33333,189.33333,157.66667,45.33333,79.0,12.66667,10.33333,12.0,71.3232207735316,75.9364325674704,81.1273519272728,4.613211793938802,6.468036277535559,9.804131153741196,13.746057801948783
1113,Legislators,"Legislators represent the interests of people in constituencies as elected members of national, state and territory parliaments and local government authorities.",2700,,54,-200,52,,,,,,,,,,2.8300233042979,2.9980818503935103,3.13715558706066,0.16805854609561033,5.9384156250721745,0.30713228276276006,10.85264147105518
1211,Aquaculture Farmers,"Aquaculture Farmers plan, organise, control, coordinate and perform farming operations to breed and raise fish and other aquatic stock.",1900,,47,0,46,2.66667,2.0,0.0,0.0,0.33333,0.0,0.33333,0.0,0.0,1.87342628649597,2.03589684857681,2.20232702500067,0.16247056208083976,8.672375489335233,0.3289007385046998,17.55610780501383
1212,Crop Farmers,"Crop Farmers plan, organise, control, coordinate and perform farming operations to grow crops.",34700,,52,-600,51,20.0,3.33333,5.66667,1.0,5.66667,2.66667,1.66667,0.0,0.0,33.1571161970379,32.8917729423759,34.684595855166,-0.2653432546619996,-0.800260351609541,1.527479658128101,4.606792849688655
1213,Livestock Farmers,"Livestock Farmers plan, organise, control, coordinate and perform farming operations to breed and raise livestock.",72400,,60,-4000,55,60.33333,17.0,14.33333,14.66667,5.66667,7.0,1.66667,0.0,0.0,78.8707065628769,76.57814172608549,79.8245496643315,-2.2925648367914135,-2.9067380485094887,0.9538431014545949,1.209375626290576
1214,Mixed Crop and Livestock Farmers,"Mixed Crop and Livestock Farmers plan, organise, control, coordinate and perform farming operations to both grow crops and to breed and raise livestock.",28300,,56,500,55,114.0,27.66667,35.33333,19.0,9.33333,15.33333,4.66667,2.0,0.66667,27.5863301143859,26.846328348800203,27.984511858035702,-0.7400017655856956,-2.682494418493871,0.3981817436498041,1.443402373562396
1311,"Advertising, Public Relations and Sales Manager","Advertising, Public Relations and Sales Managers plan, organise, direct, control and coordinate advertising, public relations, sales and marketing activities within organisations.",167100,2677,42,2400,44,4703.66667,1723.33333,1189.33333,985.33333,231.33333,446.33333,39.66667,18.0,70.33333,165.39522882996602,180.877568502329,194.351351246657,15.482339672362997,9.36081396173741,28.956122416690988,17.50722957459627
1321,Corporate Services Managers,"Corporate Services Managers plan, organise, direct, control and coordinate the overall administration of organisations.",23000,2932,48,400,44,678.0,200.0,157.33333,156.0,62.0,67.33333,9.33333,9.33333,16.66667,21.673195128345,24.400450106263097,26.412464777034202,2.727254977918097,12.583539075654299,4.739269648689202,21.8669634109048
1322,Finance Managers,"Finance Managers plan, organise, direct, control and coordinate the financial and accounting activities within organisations.",77900,2904,45,2100,45,934.0,356.66667,243.66667,184.0,44.0,71.33333,10.33333,7.66667,16.33333,76.3017952531336,85.761343136816,92.97445246963949,9.45954788368239,12.397543009702513,16.672657216505883,21.850937007699255
1323,Human Resource Managers,"Human Resource Managers plan, organise, direct, control and coordinate the human resource and workplace relations activities within organisations.",95300,2768,44,1000,45,594.66667,179.0,167.33333,116.0,30.33333,68.0,8.66667,11.0,14.33333,92.88904449310459,104.40110500636,113.121209433154,11.512060513255406,12.39334582035665,20.2321649400494,21.781002324285176
1324,Policy and Planning Managers,"Policy and Planning Managers plan, organise, direct, control and coordinate policy advice and strategic planning within organisations.",41900,2945,45,2800,44,1697.0,541.66667,397.33333,330.0,97.0,209.66667,26.0,31.0,64.33333,39.317417308810604,44.0651169931837,47.304204775761306,4.747699684373096,12.075309136109476,7.986787466950702,20.313611660247453
1325,Research and Development Managers,"Research and Development Managers plan, organise, direct, control and coordinate research and development activities within organisations.",20500,2887,48,1100,44,119.0,46.33333,32.33333,18.66667,4.33333,12.0,0.0,0.33333,5.0,19.796648144175098,22.3326002105873,24.3075461368501,2.5359520664122037,12.810007269631521,4.510897992675002,22.78617046594463
1331,Construction Managers,"Construction Managers plan, organise, direct, control and coordinate the construction of civil engineering projects, buildings and dwellings, and the physical and human resources involved in building and construction.",134300,3751,42,2700,47,3938.0,1136.33333,795.33333,997.33333,266.66667,519.33333,37.0,49.0,137.0,128.187768551921,147.311066271144,156.627423036549,19.12329771922299,14.918192223213023,28.439654484627994,22.185934591028342
1332,Engineering Managers,"Engineering Managers plan, organise, direct, control and coordinate the engineering and technical operations of organisations.",33500,3519,45,1100,45,344.0,115.66667,74.33333,74.66667,21.0,43.0,3.0,3.0,9.33333,34.7598812479904,37.6416606394229,40.2549940914467,2.8817793914325023,8.290532901630982,5.4951128434562975,15.808779104428014
1333,"Importers, Exporters and Wholesalers","Importers, Exporters and Wholesalers plan, organise, direct, control and coordinate the operations of importing, exporting and wholesaling establishments.",17700,1846,52,-700,46,29.0,8.66667,11.33333,6.0,1.0,1.33333,0.0,0.0,0.66667,18.6484808524795,20.2043213298655,21.706954829989403,1.555840477385999,8.342987773071792,3.0584739775099017,16.400660202320164
1334,Manufacturers,"Manufacturers plan, organise, direct, control and coordinate the operations of small manufacturing establishments.",19400,,45,-2000,45,37.66667,12.0,9.66667,10.0,1.33333,4.0,0.33333,0.33333,0.0,21.6775954732334,23.8678842794021,25.7576868021305,2.1902888061687023,10.10392877232708,4.080091328897101,18.82169696327727
1335,Production Managers,"Production Managers plan, organise, direct, control and coordinate the production activities of forestry, manufacturing and mining organisations including physical and human resources.",64700,2298,47,700,47,1229.0,349.66667,292.66667,268.66667,81.33333,169.0,23.66667,23.0,21.0,62.2306120045629,67.8346810308757,72.6822558137507,5.6040690263128,9.005325266449084,10.4516438091878,16.795020123571113
1336,"Supply, Distribution and Procurement Managers","Supply, Distribution and Procurement Managers plan, organise, direct, control and coordinate the supply, storage and distribution of goods, products and services produced and used by organisations.",56700,2834,45,2500,46,505.66667,173.0,126.33333,94.33333,31.0,65.66667,6.33333,2.33333,6.66667,55.4762866220008,59.942389095677704,64.0905819495792,4.466102473676905,8.050471193408496,8.614295327578404,15.527887413001693
1341,Child Care Centre Managers,"Child Care Centre Managers plan, organise, direct, control and coordinate the activities of childcare centres and services including physical and human resources.",17200,1983,43,-400,41,308.0,85.33333,80.66667,76.33333,21.66667,25.0,4.33333,5.0,9.66667,18.8589585316514,20.556254927967398,21.8610272683297,1.6972963963159984,8.999947656003322,3.0020687366783,15.918528754596192
1342,Health and Welfare Services Managers,"Health and Welfare Services Managers plan, organise, direct, control and coordinate the professional and administrative aspects of health and welfare programs and services.",51200,2720,47,4500,43,399.33333,98.33333,99.66667,93.66667,31.66667,45.33333,10.33333,10.66667,9.66667,44.2535121492895,50.9647805145314,56.2395931207856,6.711268365241899,15.165504474766644,11.9860809714961,27.08503888021584
1343,School Principals,"School Principals plan, organise, direct, control and coordinate the educational and administrative aspects of primary, middle or intermediate, and secondary schools including physical and human resources.",30000,,50,900,51,159.33333,45.33333,38.0,40.33333,9.66667,16.0,4.0,3.33333,2.66667,28.969372572315198,31.3875139846418,33.306662201361895,2.4181414123266016,8.347234329256812,4.337289629046698,14.971983318657243
1344,Other Education Managers,"Other Education Managers plan, organise, direct, control and coordinate educational policy, and provide advice and educational and administrative support to staff and students in educational institutions.",16200,2724,47,600,44,112.33333,28.33333,34.33333,27.0,4.33333,8.0,2.0,0.66667,7.66667,15.7429987918962,17.2737553596928,18.828572895708998,1.5307565677965993,9.72341158143622,3.0855741038127977,19.599659153890777
1351,ICT Managers,"ICT Managers plan, organise, direct, control and coordinate the acquisition, development, maintenance and use of computer and telecommunication systems within organisations.",95800,3310,45,4100,44,521.33333,164.33333,136.0,97.66667,29.33333,49.0,8.0,4.33333,32.66667,89.8831046427226,103.37045715215899,112.762151890767,13.487352509436391,15.005436853841916,22.8790472480444,25.45422450524667
1391,Commissioned Officers (Management),"Commissioned Officers (Management) provide high level management to support the running of organisational, geographical and operational units and sections within the defence forces and fire and police services.",4400,3542,46,0,48,,,,,,,,,,4.3722073743892595,4.8501236738947,5.1364613027590105,0.47791629950544046,10.930778405088782,0.7642539283697509,17.47981884039769
1392,Senior Non-Commissioned Defence Force Officers,Senior Non-Commissioned Defence Force Members implement and enforce directives of commissioned officers of the Australian and New Zealand Defence Forces.,4000,,44,,45,,,,,,,,,,0.257389691791879,0.28441789627491404,0.300400188169831,0.027028204483035057,10.500888475708503,0.04301049637795201,16.710263755523506
1399,Other Specialist Managers,"Other Specialist Managers includes occupations such as Arts Administrators or Managers, Environmental Managers, Laboratory Managers, Quality Assurance Managers and Sports Administrators.",72200,2845,45,1600,43,729.0,250.66667,186.33333,135.0,50.33333,71.0,4.33333,10.0,21.33333,68.8174358683943,76.75489459830379,82.8721000519034,7.937458729909494,11.534080905148809,14.054664183509104,20.423115168642852
1411,Cafe and Restaurant Managers,"Cafe and Restaurant Managers organise and control the operations of cafes, restaurants and related establishments to provide dining and catering services.",63700,1644,38,-400,46,607.33333,201.66667,118.33333,132.0,36.33333,88.33333,7.66667,5.33333,17.66667,64.5099001761583,65.63756810225081,69.13761210940031,1.1276679260925135,1.748054055289454,4.627711933242011,7.173646092468037
1412,Caravan Park and Camping Ground Managers,Caravan Park and Camping Ground Managers organise and control the operations of caravan parks and camping grounds to provide accommodation and leisure services.,3200,1519,51,200,51,6.66667,1.33333,2.33333,0.33333,1.0,1.33333,0.33333,0.0,0.0,3.21239105071902,3.2168761211167,3.45792182372278,0.00448507039767998,0.13961782133206044,0.24553077300376014,7.643240474997704
1413,Hotel and Motel Managers,"Hotel and Motel Managers organise and control the operations of hotels and motels to provide guest accommodation, meals and other services.",18500,1827,44,-200,50,604.33333,173.0,102.66667,178.66667,55.66667,58.66667,10.66667,11.66667,13.33333,18.248528713678102,18.4207086976765,19.5988907392824,0.1721799839983973,0.9435280328618524,1.3503620256042979,7.399840539430119
1414,Licensed Club Managers,"Licensed Club Managers organise and control the operations of licensed clubs to provide food, beverages, gaming, entertainment, sporting and other amenities for members.",7800,1765,56,400,42,147.0,52.66667,33.0,38.0,9.66667,5.33333,2.33333,3.0,3.0,6.45246672872837,6.5614914144861896,6.90464879829476,0.1090246857578192,1.6896590147827917,0.4521820695663896,7.007894632809738
1419,Other Accommodation and Hospitality Managers,Other Accommodation and Hospitality Managers includes occupations such as Bed and Breakfast Operators and Retirement Village Managers.,8300,1923,54,-400,48,103.66667,31.33333,18.0,26.66667,8.66667,14.66667,0.33333,1.66667,2.33333,10.4807489755357,10.703440678773301,11.4522450191591,0.2226917032376008,2.1247689812761537,0.9714960436234001,9.269337963260819
1421,Retail Managers,Retail Managers organise and control the operations of establishments which provide retail services.,247500,1620,42,300,45,3636.0,1108.33333,844.66667,841.66667,240.0,448.0,49.33333,32.66667,71.33333,250.748451634984,255.80653144961,267.72817734269796,5.058079814625984,2.017192840731499,16.979725707713953,6.77161737071519
1491,"Amusement, Fitness and Sports Centre Managers","Amusement, Fitness and Sports Centre Managers organise, control and promote the activities, facilities and resources of amusement, fitness and sports centres.",20300,1538,38,900,43,277.66667,67.0,78.0,65.33333,21.66667,31.33333,6.33333,3.33333,4.66667,19.7030796858784,20.823452348108,22.0893544223079,1.1203726622295989,5.686281942170659,2.386274736429499,12.11117639715882
1492,"Call, Contact Centre and Customer Service Managers","Call or Contact Centre and Customer Service Managers organise and control the operations of call or contact centres, review customer services, and maintain sound customer relations.",38500,2206,42,-700,43,584.66667,178.33333,119.33333,154.33333,39.0,74.33333,4.0,5.33333,10.0,39.5296185096408,42.221490563478596,44.824844053511,2.6918720538377983,6.809759758195701,5.2952255438702025,13.395589796999333
1493,Conference and Event Organisers,"Conference and Event Organisers organise and coordinate services for conferences, events, functions, banquets and seminars.",31200,1634,38,100,41,433.33333,167.0,101.66667,79.66667,21.66667,44.66667,4.66667,3.0,11.0,30.3358567456184,32.0407688586219,34.0464078614647,1.7049121130035019,5.62012184887362,3.7105511158463003,12.231568559151503
1494,Transport Services Managers,"Transport Services Managers organise and control the buying and selling of vehicles for rental agencies and coordinate the leasing of vehicles, the operations of railway stations, and the operations of enterprises that operate fleets of vehicles to transport goods and passengers.",23400,2652,47,2200,48,217.0,62.0,53.66667,53.33333,14.33333,28.66667,3.0,1.66667,0.33333,20.0333643491228,21.237338500956803,22.484839746649598,1.2039741518340037,6.009845030780974,2.4514753975267993,12.236963072226768
1499,"Other Hospitality, Retail and Service Managers","Other Hospitality, Retail and Service Managers includes occupations such as Boarding Kennel or Cattery Operators, Cinema or Theatre Managers, Facilities Managers, Financial Institution Branch Managers and Equipment Hire Managers.",91200,2115,46,-200,44,943.33333,307.33333,215.33333,211.66667,50.0,105.0,8.66667,15.66667,29.66667,92.72884809115159,98.9869375257432,105.188118206902,6.258089434591611,6.748805321554268,12.459270115750414,13.436239500681674
2111,"Actors, Dancers and Other Entertainers","Actors, Dancers and Other Entertainers entertain by portraying roles in productions, performing and composing dances, and performing a variety of other acts.",8400,1692,33,500,45,297.33333,69.66667,71.33333,74.0,19.33333,52.0,4.66667,1.66667,4.66667,7.887388104671549,8.29932989141547,8.806271921065571,0.41194178674392035,5.222790881812131,0.9188838163940218,11.650039331141631
2112,Music Professionals,"Music Professionals write, arrange, orchestrate, conduct and perform musical compositions.",11900,1766,45,200,44,10.33333,3.0,3.66667,1.66667,0.33333,1.0,0.33333,0.0,0.33333,10.6590042778057,11.189763378536199,11.8325194350419,0.5307591007304993,4.9794435474207654,1.173515157236201,11.009613343337405
2113,Photographers,Photographers operate still cameras to take photographs.,14200,1840,35,-200,44,29.0,5.66667,8.0,7.66667,1.0,5.0,0.33333,0.33333,1.0,15.231340669207901,16.1434722278652,17.1809761456657,0.9121315586572987,5.988517875522862,1.9496354764577983,12.800156721589422
2114,Visual Arts and Crafts Professionals,"Visual Arts and Crafts Professionals create visual two- and three-dimensional concepts and forms through painting, drawing, carving, sculpting, modelling, printmaking, video, multimedia, found objects, ephemera, soundscapes and other media to communicate concepts and ideas.",15300,2081,56,1300,45,4.33333,1.33333,1.33333,1.0,0.0,0.33333,0.0,0.0,0.33333,12.2825376050673,12.9708422766066,13.7287028182098,0.6883046715392993,5.603928875864637,1.4461652131424998,11.77415660869516
2121,"Artistic Directors, Media Producers and Presenters","Artistic Directors, and Media Producers and Presenters plan, administer and review activities concerned with producing artistic media, determine artistic policies for performing arts organisations, prepare and present news, sports and other information, and conduct interviews and introduce music, performances and special events on radio and television.",13800,2179,40,200,46,13.33333,5.66667,4.33333,1.33333,0.33333,0.66667,0.33333,0.33333,0.33333,14.3290223579547,15.7173198243812,17.044086281704303,1.3882974664264989,9.688710309365879,2.715063923749602,18.948005355315427
2122,"Authors, and Book and Script Editors","Authors, and Book and Script Editors write, edit and evaluate literary works for publication and scripts for film, television, radio and stage productions.",6800,,53,300,44,79.0,21.0,12.33333,20.33333,5.33333,11.66667,1.33333,2.33333,4.66667,6.034841177745481,6.605258891375049,7.13381736442656,0.5704177136295687,9.452074989696209,1.098976186681079,18.21052376214545
2123,"Film, Television, Radio and Stage Directors","Film, Television, Radio and Stage Directors direct the artistic and production aspects of film, television, radio and stage productions.",17400,1975,35,800,45,76.0,28.0,14.33333,17.33333,5.0,8.66667,0.66667,0.66667,1.33333,15.467682640342,16.9700184875418,18.4288499869433,1.5023358471998005,9.71274031238194,2.9611673466012984,19.144220989368744
2124,Journalists and Other Writers,"Journalists and Other Writers research and compile news stories, write and edit news reports, commentaries and feature stories for presentation in print and electronic media, and compose written material to advertise goods and services.",23000,1722,40,-300,42,790.33333,248.0,194.0,127.33333,47.33333,85.33333,13.0,10.0,65.33333,23.3387779292834,25.5669979835346,27.7138188384983,2.2282200542511994,9.547286755984894,4.375040909214903,18.74580118321232
2211,Accountants,"Accountants provide services relating to financial reporting, taxation, auditing, insolvency, accounting information systems, budgeting, cost management, planning and decision-making by organisations and individuals; and provide advice on associated compliance and performance requirements to ensure statutory and strategic governance.",215500,2003,42,5800,43,3343.0,1099.0,808.66667,802.66667,165.33333,361.66667,33.66667,12.33333,59.66667,210.295305183867,228.043111695155,245.259539867072,17.74780651128802,8.439468725072404,34.96423468320501,16.62625547091259
2212,"Auditors, Company Secretaries and Corporate Treasurers","Auditors, Company Secretaries and Corporate Treasurers conduct audits of accounting systems, procedures and financial statements, manage corporate funding and financial risk, and administer and review corporate compliance activities.",33100,2104,40,800,43,645.66667,229.33333,156.0,116.33333,40.33333,66.66667,6.66667,9.66667,20.66667,31.540485238669,34.0722684476797,36.553635775958796,2.5317832090106975,8.027090229755572,5.013150537289796,15.894335484552455
2221,Financial Brokers,Financial Brokers operate as independent agents to facilitate the trading of commodities and arrange insurance and loans of money on behalf of clients.,53000,2576,42,3900,45,225.66667,79.33333,60.33333,39.66667,18.66667,22.66667,1.0,0.66667,3.33333,50.642136310549,53.684124891834294,57.047665452706,3.0419885812852954,6.006833050310389,6.405529142157,12.648615577504177
2222,Financial Dealers,Financial Dealers conduct financial market transactions on behalf of clients.,19400,2651,41,-400,47,48.33333,21.0,14.33333,7.33333,1.33333,2.66667,0.33333,0.33333,1.0,21.240346151163003,22.3969676507201,23.888180085520702,1.1566214995570974,5.445398541651202,2.647833934357699,12.466058300150246
2223,Financial Investment Advisers and Managers,"Financial Investment Advisers and Managers develop financial plans for individuals and organisations, and invest and manage funds on their behalf.",63400,2582,44,900,45,644.33333,222.0,179.0,119.0,39.33333,57.0,5.33333,3.66667,19.0,65.8102295518758,69.850380542398,74.18731212886469,4.040150990522193,6.139092688223323,8.377082576988883,12.72914960794284
2231,Human Resource Professionals,"Human Resource Professionals plan, develop, implement and evaluate staff recruitment, assist in resolving disputes by advising on workplace matters, and represent industrial, commercial, union, employer and other parties in negotiations on issues such as enterprise bargaining, rates of pay and conditions of employment.",84700,1970,38,-200,41,2404.66667,715.33333,543.0,544.66667,147.66667,353.33333,28.0,29.0,43.66667,89.6725217061978,96.2983335337055,102.91869553990101,6.625811827507704,7.38889874115111,13.24617383370321,14.771720011513503
2232,ICT Trainers,"ICT Trainers analyse and evaluate information-based system training needs and objectives, and develop, schedule and conduct ICT-based system training programs and courses.",3700,,47,400,42,6.33333,1.66667,2.66667,0.66667,0.0,0.0,0.0,0.0,1.33333,2.96549091402286,3.21353761783626,3.44323138939956,0.2480467038134,8.364439851778547,0.47774047537670006,16.109996261246927
2233,Training and Development Professionals,"Training and Development Professionals plan, develop, implement and evaluate training and development programs to ensure management and staff acquire the skills and develop the competencies required by organisations to meet organisational objectives.",33700,1956,44,1600,42,834.66667,192.0,152.33333,200.33333,53.66667,189.0,17.33333,14.66667,15.33333,31.7939385844575,34.1833736841543,36.51973637778,2.3894350996967972,7.515379364999072,4.725797793322499,14.863832553393403
2241,"Actuaries, Mathematicians and Statisticians","Actuaries, Mathematicians and Statisticians develop and apply actuarial, mathematical, statistical and quantitative principles and techniques to solve problems in a range of fields such as business and finance, scientific and social research, and engineering.",12600,2072,38,500,42,141.0,63.66667,42.33333,22.33333,4.0,7.33333,0.66667,0.33333,0.33333,12.479423154862799,14.485595053287799,15.9126587496563,2.0061718984250003,16.075838390360733,3.4332355947935014,27.5111722087546
2242,"Archivists, Curators and Records Managers","Archivists, Curators and Records Managers develop, maintain, implement and deliver systems for keeping, updating, accessing and preserving records, files, information, historical documents and artefacts.",9800,2279,41,400,41,95.66667,21.66667,30.33333,10.0,9.0,10.66667,1.66667,3.0,9.33333,10.2131083552503,11.9843097994618,13.1847423306104,1.7712014442114992,17.342432711006825,2.971633975360099,29.09627384725099
2243,Economists,"Economists perform economic research and analysis, develop and apply theories about production and distribution of goods and services and people's spending and financial behaviour, and provide advice to governments and organisations on economic policy issues.",4600,2862,35,-100,43,26.33333,12.0,7.33333,2.33333,0.0,3.0,0.0,0.0,1.66667,4.44332413354164,5.14171065527121,5.59769123892284,0.6983865217295708,15.71765868840426,1.1543671053812004,25.979808600213218
2244,Intelligence and Policy Analysts,"Intelligence and Policy Analysts collect and analyse information and data to produce intelligence and to develop and analyse policies guiding the design, implementation and modification of government and commercial operations and programs.",44500,2173,39,2700,41,554.66667,159.66667,145.66667,88.66667,31.33333,67.66667,13.0,5.33333,43.33333,45.427762016107,52.68848383399,56.8605449347131,7.260721817882995,15.983005756058624,11.432782918606094,25.16695168595902
2245,Land Economists and Valuers,"Land Economists and Valuers provide advice on the administration and use of land and property, and assess the value of land, property and other items such as commercial equipment and objects of art.",13800,2744,40,100,45,82.33333,28.33333,18.33333,19.33333,4.33333,7.0,2.0,0.66667,2.33333,14.686950376016402,17.3673094386839,18.994158473780402,2.680359062667499,18.249936127274523,4.307208097764001,29.326769598116265
2246,Librarians,"Librarians develop, organise and manage library services such as collections of information, recreational resources and reader information services.",11900,1841,50,0,39,80.0,35.33333,16.33333,14.33333,3.0,5.66667,0.66667,2.0,2.66667,11.2586396681561,13.022237842724701,14.1744841398907,1.7635981745686014,15.664398422455573,2.9158444717345997,25.89872806731496
2247,Management and Organisation Analysts,"Management and Organisation Analysts assist organisations to achieve greater efficiency and solve organisational problems, and study organisational structures, methods, systems and procedures.",105800,2444,43,200,43,751.66667,260.66667,195.0,151.66667,38.0,68.66667,5.0,6.66667,26.0,107.697120699298,125.090702983852,137.110381230754,17.393582284554,16.150461750150928,29.413260531456004,27.31109275760585
2249,Other Information and Organisation Professionals,"Other Information and Organisation Professionals includes occupations such as Electorate Officers, Liaison Officers, Migration Agents and Patents Examiners.",55000,2189,39,1300,41,277.33333,60.66667,53.0,64.66667,24.0,56.33333,4.66667,5.33333,8.66667,57.123887243131,66.26102702769779,72.3268269168226,9.137139784566791,15.995304636180041,15.202939673691596,26.613979558122086
2251,Advertising and Marketing Professionals,"Advertising and Marketing Professionals develop and coordinate advertising strategies and campaigns, determine the market for new goods and services, and identify and develop market opportunities for new and existing goods and services.",103100,1957,36,3000,42,1781.66667,664.66667,546.33333,321.33333,69.0,138.66667,9.66667,7.0,25.0,102.987290484735,115.922436324058,125.727813501952,12.935145839322999,12.559943832331694,22.740523017217,22.08090232317322
2252,ICT Sales Professionals,"ICT Sales Professionals manage client accounts and represent companies in selling a range of computer hardware, software and other ICT goods and services to industrial, business, professional and other organisations.",16200,2003,40,-1300,43,26.66667,12.33333,4.66667,6.33333,1.0,1.66667,0.0,0.0,0.66667,17.2043993856141,19.549308865463498,21.178385342561302,2.344909479849399,13.629708467533922,3.973985956947203,23.098661382333134
2253,Public Relations Professionals,"Public Relations Professionals plan, develop, implement and evaluate information and communication strategies that create an understanding and a favourable view of organisations, their goods and services, and their role in the community.",32300,2046,39,1300,42,656.0,224.66667,163.33333,118.0,34.66667,68.0,9.0,8.0,30.33333,30.790869639312803,34.591019764301,37.318771185364604,3.8001501249881997,12.341808365608124,6.527901546051801,21.200770301457105
2254,Technical Sales Representatives,"Technical Sales Representatives represent companies in selling a range of industrial, medical and pharmaceutical goods and services to industrial, business, professional and other establishments.",26600,2596,42,-1000,42,281.33333,83.33333,61.66667,66.66667,20.33333,43.33333,1.33333,1.0,3.66667,27.905131093589702,31.7994187705855,34.7772292260317,3.8942876769957984,13.95545379785148,6.872098132441998,24.62664701123959
2311,Air Transport Professionals,"Air Transport Professionals fly and navigate aircraft, control and direct air traffic to ensure the safe and efficient operation of aircraft in flight and on the ground, and instruct students in flying aircraft.",16700,2651,44,500,43,113.0,32.66667,17.0,30.33333,5.0,17.0,1.66667,4.33333,5.0,15.4926857643941,16.3682885486804,17.6087014107936,0.8756027842863006,5.651717188369272,2.1160156463995,13.658158944026416
2312,Marine Transport Professionals,"Marine Transport Professionals control and manage the operations of ships, boats and marine equipment.",10700,3365,49,100,54,53.0,4.33333,5.0,20.0,4.66667,15.0,0.66667,3.33333,0.0,10.548723567096701,11.1031949251879,11.8134188401349,0.5544713580911989,5.256288635913176,1.2646952730381997,11.989083465823331
2321,Architects and Landscape Architects,"Architects and Landscape Architects design commercial, industrial, institutional, residential and recreational buildings and landscapes.",35800,2308,41,1000,44,444.0,156.33333,102.66667,87.66667,21.0,34.33333,1.33333,1.66667,39.0,30.932281214230102,34.1060245701682,36.8718266772434,3.1737433559381003,10.26029517175749,5.939545463013296,19.20176989817636
2322,Surveyors and Spatial Scientists,"Surveyors and Spatial Scientists plan, direct and conduct survey work to determine and delineate boundaries and features of tracts of land, marine floors and underground works, prepare and revise maps, charts and other geographic products, and analyse, present and maintain geographical information about locations in space and time.",18500,2300,39,200,46,410.0,105.0,48.33333,136.0,21.33333,86.66667,5.0,3.66667,4.0,19.558574923503098,21.553452483845597,23.199043832235997,1.9948775603424984,10.199503635335411,3.640468908732899,18.61316032978573
2323,"Fashion, Industrial and Jewellery Designers","Fashion, Industrial and Jewellery Designers plan, design, develop and document products for manufacture and prepare designs and specifications of products for mass, batch and one-off production.",14100,,40,0,43,94.33333,32.0,34.66667,16.66667,3.33333,7.33333,0.0,0.0,0.33333,14.6008084853573,16.2396564043922,17.6557343026258,1.6388479190349,11.224364189684769,3.054925817268499,20.92299080788704
2324,"Graphic and Web Designers, and Illustrators","Graphic and Web Designers, and Illustrators design information for visual and audio communication, publication and display using print, film, electronic, digital and other forms of visual and audio media.",58700,1850,38,1400,42,411.33333,151.0,128.0,77.33333,17.33333,22.33333,2.0,1.66667,11.66667,55.6878273127744,61.178236470917,66.2453005511437,5.490409158142597,9.85926264873892,10.557473238369298,18.958314137616725
2325,Interior Designers,"Interior Designers plan, design, detail and supervise the construction of commercial, industrial, retail and residential building interiors to produce an environment tailored to a purpose, with particular emphasis on space creation, space planning, and factors that enhance living and working environments.",19300,1692,40,700,43,223.0,84.66667,68.66667,42.0,12.0,12.0,0.0,0.33333,3.33333,18.9625829679616,21.057340081142502,22.7594662118095,2.094757113180904,11.046792078484877,3.796883243847901,20.023027718654994
2326,Urban and Regional Planners,"Urban and Regional Planners develop and implement plans and policies for the controlled use of urban and rural land, and advise on economic, environmental and social factors affecting land use.",18800,2316,39,200,40,242.33333,81.66667,61.33333,44.66667,11.33333,32.66667,4.66667,2.0,4.0,20.525251966552602,22.558187518521002,24.1440371413249,2.0329355519684,9.904558322992658,3.6187851747722988,17.63089281763446
2331,Chemical and Materials Engineers,"Chemical and Materials Engineers design and prepare specifications for chemical process systems and the construction and operation of commercial-scale chemical plants, supervise industrial processing and fabrication of products undergoing physical and chemical change, and investigate the properties of metals, ceramics, polymers and other materials and assess and develop their engineering and commercial applications.",6700,2849,34,0,42,39.0,7.66667,10.66667,5.66667,5.0,9.66667,0.0,0.0,0.33333,7.14673440122589,8.086780742842171,8.80368315602761,0.9400463416162808,13.153508845313086,1.6569487548017197,23.18469753846597
2332,Civil Engineering Professionals,"Civil Engineering Professionals design, plan, organise and oversee the construction of civil engineering projects such as dams, bridges, pipelines, gas and water supply schemes, sewerage systems, roads, airports and other structures; analyse the likely behaviour of soil and rock when placed under pressure by proposed structures and design structural foundations; analyse the statical properties of all types of structures and test the behaviour and durability of materials used in their construction; plan and develop transportation systems; and estimate and monitor the construction costs of projects.",76800,2217,35,1700,44,2275.66667,653.33333,349.0,657.0,141.66667,387.66667,16.0,28.33333,42.66667,76.2856735621662,85.1196428741541,92.29541302470881,8.8339693119879,11.58011576680775,16.009739462542612,20.98656106050642
2333,Electrical Engineers,"Electrical Engineers design, develop and supervise the manufacture, installation, operation and maintenance of equipment, machines and systems for the generation, distribution, utilisation and control of electric power.",33100,2553,35,2100,43,535.33333,130.0,99.0,132.0,34.33333,121.33333,10.0,5.33333,3.33333,32.2499920321048,36.1313798008443,39.279178548176596,3.8813877687395006,12.03531388434325,7.029186516071796,21.795932566663133
2334,Electronics Engineers,"Electronics Engineers design, develop, adapt, install, test and maintain electronic components, circuits and systems used for computer systems, communication systems, entertainment, transport and other industrial applications.",6300,2762,46,0,41,53.33333,16.66667,12.66667,8.66667,6.33333,8.0,0.33333,0.33333,0.33333,5.62391263632112,6.312274958263419,6.91440818646793,0.6883623219422992,12.239918477691559,1.2904955501468098,22.946578896200403
2335,"Industrial, Mechanical and Production Engineers","Industrial, Mechanical and Production Engineers design, organise and oversee the construction, operation and maintenance of mechanical and process plant and installations, establish programs for the coordination of manufacturing activities, and ensure usage of resources is cost effective.",42500,2614,38,1300,43,868.66667,224.66667,178.33333,211.66667,61.66667,169.33333,4.66667,7.66667,10.66667,40.099899343373295,45.1950577671611,49.3493030150294,5.095158423787808,12.706162626889006,9.249403671656104,23.065902466372684
2336,Mining Engineers,"Mining Engineers plan and direct the engineering aspects of locating and extracting minerals, petroleum and natural gas from the earth.",17300,3518,40,1500,50,857.33333,98.66667,16.0,231.33333,37.66667,452.66667,5.0,12.33333,3.66667,15.5042264093311,17.2340227964228,18.3688585630877,1.7297963870916995,11.156934512067206,2.864632153756599,18.476459760885213
2339,Other Engineering Professionals,"Other Engineering Professionals includes occupations such as Aeronautical Engineers, Agricultural Engineers, Biomedical Engineers, Engineering Technologists, Environmental Engineers and Naval Architects.",20600,2649,35,2000,42,350.33333,108.66667,88.33333,74.0,23.33333,44.0,1.0,5.33333,5.66667,17.1100765622474,19.232729739726,21.0391356712702,2.1226531774786004,12.405866038975754,3.9290591090227984,22.963422137409292
2341,Agricultural and Forestry Scientists,"Agricultural and Forestry Scientists advise farmers, rural industries and government on aspects of farming, develop techniques for increasing productivity, and study and develop plans and policies for the management of forest areas.",8900,2074,38,0,43,30.66667,7.0,7.66667,6.33333,4.0,3.66667,1.66667,0.33333,0.0,9.43819756885182,10.2649615610563,11.088021640188598,0.82676399220448,8.759765688026999,1.6498240713367789,17.48028751571773
2342,"Chemists, and Food and Wine Scientists","Chemists, and Food and Wine Scientists study the chemical and physical properties of substances, develop and monitor chemical processes and production, develop new and improve existing food products, and plan and coordinate the production of wine and spirits.",9100,2194,42,-400,42,117.66667,34.33333,39.33333,24.0,4.33333,9.66667,3.0,0.66667,2.33333,10.245205590446199,11.304812816693701,12.2502559257873,1.0596072262475023,10.34246913732606,2.0050503353411013,19.570620790771045
2343,Environmental Scientists,"Environmental Scientists study, develop, implement and advise on policies and plans for managing and protecting the environment, flora, fauna and other natural resources.",32000,1953,39,1000,42,443.33333,118.66667,65.0,97.33333,20.66667,114.0,10.66667,10.66667,6.33333,31.523510383864,34.3277048902345,36.7687554276959,2.8041945063705,8.895565475493138,5.2452450438319005,16.639152746506284
2344,"Geologists, Geophysicists and Hydrogeologists","Geologists, Geophysicists and Hydrogeologists study the composition, structure and other physical attributes of the earth, locate and advise on the extraction of minerals, petroleum and ground water, and detect, monitor and forecast seismic, magnetic, electrical, thermal and oceanographic activity. Geographers are not included here, they are included in Social Professionals.",13600,2914,44,400,51,236.66667,18.0,9.0,25.0,8.33333,171.33333,1.33333,2.33333,1.33333,14.0145573923201,15.4390318636919,16.3340870291169,1.4244744713718003,10.164248727201363,2.3195296367968012,16.550859023688403
2345,Life Scientists,"Life Scientists examine the anatomy, physiology and biochemistry of humans, animals, plants and other living organisms to better understand how living organisms function and interact with each other and the environment in which they live.",9700,1544,41,-100,42,187.33333,52.0,38.33333,45.66667,18.33333,19.66667,2.0,5.0,6.33333,10.5200462928112,11.5676610148746,12.5978175360599,1.0476147220634004,9.95827102756459,2.0777712432486997,19.750590305562916
2346,Medical Laboratory Scientists,"Medical Laboratory Scientists conduct medical laboratory tests to assist in the diagnosis, treatment and prevention of disease.",33300,2056,39,1700,42,94.33333,14.0,37.33333,21.33333,12.66667,2.66667,3.33333,1.66667,1.33333,32.3457490276364,36.4491952602362,40.3695677951533,4.103446232599801,12.686199441830182,8.0238187675169,24.806408906039866
2347,Veterinarians,"Veterinarians diagnose, treat and prevent animal diseases, ailments and injuries.",14500,2413,37,100,45,157.66667,49.66667,36.66667,34.66667,8.0,21.66667,3.66667,0.33333,3.0,13.1230175005733,14.3149369637851,15.4586223205181,1.1919194632118,9.082663062513856,2.3356048199448,17.797772652842728
2349,Other Natural and Physical Science Professionals,"Other Natural and Physical Science Professionals includes occupations such as Conservators, Metallurgists, Meteorologists and Physicists.",14600,1848,38,200,42,62.33333,9.0,12.33333,10.66667,5.33333,22.66667,0.33333,0.66667,1.33333,14.8763478779435,16.8271391700288,18.5484646448257,1.9507912920853006,13.113375057447078,3.6721167668821995,24.684262542197498
2411,Early Childhood (Pre-primary School) Teachers,"Early Childhood (Pre-Primary School) Teachers teach the basics of numeracy, literacy, music, art and literature to early childhood (pre-primary) students and promote students' social, emotional, intellectual and physical development.",71900,1906,37,2700,41,1082.66667,365.33333,299.33333,242.0,41.33333,99.0,15.0,9.0,11.66667,79.7878378592184,84.3542622901931,89.4296648108271,4.566424430974706,5.723208641186557,9.641826951608707,12.084331660448328
2412,Primary School Teachers,"Primary School Teachers teach a range of subjects within a prescribed curriculum to primary school students and promote students' social, emotional, intellectual and physical development.",165900,2226,41,1600,45,436.66667,100.33333,113.0,151.33333,14.0,31.33333,7.0,5.66667,14.0,168.61119174327098,177.821725262416,188.35956836121701,9.21053351914503,5.462587283748683,19.748376617946036,11.71237591868463
2413,Middle School Teachers,"Middle School Teachers teach one or more subjects within a prescribed curriculum to middle school or intermediate school students and promote students' social, emotional, intellectual and physical development.",1000,2424,40,-200,45,4.0,0.33333,0.33333,1.33333,1.66667,0.33333,0.0,0.0,0.0,1.1616620542882499,1.22606488587429,1.29982415986355,0.0644028315860401,5.544024731486965,0.13816210557530018,11.893485292497747
2414,Secondary School Teachers,"Secondary School Teachers teach one or more subjects within a prescribed curriculum to secondary school students and promote students' social, emotional, intellectual and physical development.",161400,2322,40,6400,45,743.66667,201.0,206.0,241.0,14.66667,51.0,5.0,10.0,15.0,153.485610408868,161.850460976269,171.41317346888698,8.364850567400993,5.449924944180756,17.92756306001897,11.68028912434332
2415,Special Education Teachers,"Special Education Teachers teach primary, middle or intermediate, and secondary school students with learning difficulties, hearing impairment and sight impairment, and promote students' social, emotional, intellectual and physical development.",34000,2160,42,2700,43,53.33333,13.33333,12.66667,21.33333,2.66667,1.66667,0.33333,0.33333,1.0,29.616527147982,31.3557116226941,33.360153962156105,1.739184474712097,5.872344404264836,3.743626814174103,12.640330162509228
2421,University Lecturers and Tutors,University Lecturers and Tutors prepare and deliver lectures and conduct tutorials in one or more subjects within a prescribed course of study at a university and conduct research in a particular field of knowledge.,65200,2924,47,1300,45,320.0,105.0,62.33333,50.0,18.0,49.0,5.66667,12.0,18.0,63.8285743306936,69.4608905952534,76.61930608151269,5.632316264559805,8.824129825270688,12.790731750819091,20.039193864100362
2422,Vocational Education Teachers,"Vocational Education Teachers teach one or more subjects within a prescribed course of study at technical and further education (TAFE) institutes, polytechnics and other training institutes to tertiary students for vocational education and training purposes.",39400,2128,49,1800,42,57.0,9.66667,16.66667,19.0,2.0,5.0,2.66667,0.66667,1.33333,35.2436437518456,38.399493537167594,42.008528805138305,3.1558497853219905,8.954379994142144,6.764885053292701,19.194624429088563
2491,Education Advisers and Reviewers,"Education Advisers and Reviewers conduct educational research, develop course curricula and associated teaching materials for use by educational institutions, and review and examine the work of teachers and the results from curriculum programs in school settings.",25300,2524,42,0,42,51.33333,13.33333,13.66667,11.66667,3.0,3.66667,0.33333,2.33333,3.33333,25.422761897137,27.1523174688613,29.0820256516654,1.7295555717242976,6.8031773208680075,3.6592637545284,14.393651521161004
2492,Private Tutors and Teachers,"Private Tutors and Teachers teach students in the practice, theory and performance of subjects, such as art, dance, drama and music, in private training establishments.",50800,2518,34,2600,43,91.33333,25.33333,31.0,21.0,3.33333,6.66667,0.66667,1.0,2.33333,45.4324587921028,48.2357187508632,51.6868841624274,2.8032599587603997,6.17017003545419,6.254425370324597,13.766425011123895
2493,Teachers of English to Speakers of Other Languages,Teachers of English to Speakers of other Languages teach classes in English to students whose first language is a language other than English.,4000,2366,46,300,42,6.66667,1.66667,3.0,2.0,0.0,0.0,0.0,0.0,0.0,4.227968597715391,4.49487718299197,4.824502225815699,0.2669085852765791,6.312927333963758,0.5965336281003086,14.109225608313395
2511,Nutrition Professionals,Nutrition Professionals apply the science of human nutrition to assist people to attain better health and to help prevent and treat various illnesses and diseases.,8900,1667,35,-600,41,124.66667,22.66667,49.0,21.0,15.33333,11.66667,0.33333,3.66667,1.0,10.8755816922535,12.6858954299753,14.1813418008641,1.8103137377218008,16.645672746049602,3.3057601086106008,30.39616824326041
2512,Medical Imaging Professionals,"Medical Imaging Professionals operate X-ray and other radiation producing and imaging equipment for diagnostic, monitoring and treatment purposes under the direction of Radiologists and other Medical Practitioners.",26000,2360,36,1700,40,855.66667,226.66667,226.0,214.0,60.0,72.33333,31.0,10.66667,15.0,22.9178478965871,27.068040807269497,30.509940073720603,4.150192910682396,18.108999280427362,7.592092177133502,33.127421961222225
2513,Occupational and Environmental Health Professionals,"Occupational and Environmental Health Professionals develop, implement and evaluate policies and programs to monitor environmental health and occupational health and safety and related legislation to ensure safe and healthy working conditions, and assist injured staff through the workers' compensation and rehabilitation process.",42000,2284,42,2600,44,1006.66667,219.33333,168.66667,238.0,68.66667,261.33333,12.66667,22.33333,15.66667,40.0298274550554,44.5556997487419,47.944700660283196,4.525872293686504,11.306249817759152,7.914873205227799,19.772438974698165
2514,Optometrists and Orthoptists,"Optometrists and Orthoptists perform eye examinations and vision tests, prescribe lenses, other optical aids and therapy, and diagnose and manage eye movement disorders and associated sensory problems.",9700,,33,200,40,110.66667,37.33333,18.0,29.66667,8.0,10.0,3.33333,1.66667,2.66667,10.0474538421174,11.856260725063299,13.356857218892301,1.8088068829458983,18.002639388734035,3.3094033767749007,32.937731576356036
2515,Pharmacists,"Pharmacists ensure safe and quality use of medicines, and optimise health outcomes by contributing to selecting, prescribing, monitoring and evaluating medicine therapy, and researching, testing and developing pharmaceuticals and medical products.",46300,1956,38,2900,42,513.33333,98.33333,143.0,155.33333,61.33333,27.0,8.66667,6.66667,13.0,41.985407845815004,46.557490916508,50.365263377780906,4.572083070692997,10.889695504407802,8.379855531965902,19.95897137105263
2519,Other Health Diagnostic and Promotion Professionals,Other Health Diagnostic and Promotion Professionals includes occupations such as Health Promotion Officers and Orthotists or Prosthetists.,10700,2024,45,200,41,47.0,11.0,15.0,4.33333,3.0,8.66667,0.66667,4.0,0.33333,10.443936954177799,12.0065316130635,13.258679689653599,1.5625946588857005,14.961739674813233,2.8147427354758,26.950974022778283
2521,Chiropractors and Osteopaths,"Chiropractors and Osteopaths diagnose and treat physiological and mechanical disorders of the locomotor system and tissue strain, stress and dysfunction that impede normal neural, vascular and biochemical mechanisms, and provide advice on preventing these disorders.",7700,,41,-500,42,15.66667,2.33333,9.0,2.33333,0.66667,0.66667,0.0,0.0,0.66667,8.93593778016823,10.7312541835205,12.150352316201602,1.7953164033522704,20.090968038482373,3.214414536033372,35.971764968722255
2522,Complementary Health Therapists,"Complementary Health Therapists treat patients with physical, mental, spiritual and emotional needs by considering the whole person rather than focusing on specific symptoms and by using various therapies, techniques and practices.",7500,,50,-700,43,74.66667,14.66667,20.66667,11.0,10.66667,6.66667,5.0,2.0,4.0,9.488846393611881,11.291163673365299,12.711940096818,1.8023172797534173,18.994061079614276,3.2230937032061178,33.96718177855615
2523,Dental Practitioners,"Dental Practitioners diagnose and treat dental disease, restore normal oral function using a broad range of treatments, such as surgery and other specialist techniques, and advise on oral health.",25800,3232,42,2300,42,543.33333,141.33333,113.0,145.0,41.66667,69.0,13.33333,6.66667,13.33333,24.458473353318002,29.3476471261724,33.2093762003848,4.889173772854399,19.9896931514376,8.7509028470668,35.778614309464515
2524,Occupational Therapists,"Occupational Therapists assess functional limitations of people resulting from illnesses and disabilities, and provide therapy to enable people to perform their daily activities and occupations.",35600,1913,33,3000,40,1497.33333,431.66667,374.0,276.33333,137.0,162.66667,37.33333,34.33333,44.0,31.2848159725791,37.1519088296396,41.6389930308548,5.867092857060502,18.75380332172311,10.354177058275699,33.09649341505175
2525,Physiotherapists,"Physiotherapists assess, treat and prevent disorders in human movement caused by injury or disease.",46600,1888,33,2000,41,1220.33333,351.33333,335.33333,266.0,97.66667,101.66667,26.66667,18.66667,23.0,46.9803075540637,56.2290312577349,63.4700794866016,9.248723703671203,19.686383902506417,16.4897719325379,35.09932733744219
2526,Podiatrists,"Podiatrists prevent, diagnose and treat disorders of the feet.",6600,,43,300,42,222.0,46.0,74.33333,52.0,21.33333,13.66667,7.33333,3.66667,3.66667,6.143695107151729,7.37058053188119,8.337791825291681,1.2268854247294607,19.969829285656974,2.194096718139952,35.7129818435465
2527,Audiologists and Speech Pathologists \ Therapists,"Audiologists and Speech Pathologists provide diagnostic assessment, treatment, rehabilitative services and management of human hearing defects, and communication and swallowing impairments.",21200,2003,33,1000,41,1004.0,281.33333,263.0,222.33333,45.33333,118.66667,29.66667,20.66667,23.0,22.102896151032898,26.1882960926755,29.334816373497297,4.085399941642603,18.483550362479022,7.2319202224643995,32.71933312742114
2531,General Practitioners and Resident Medical Officers,"General Practitioners and Resident Medical Officers diagnose and treat physical and mental illnesses, disorders and injuries, recommend preventative action and refer patients to specialist Medical Practitioners, other health care workers, and social, welfare and support workers.",97300,2446,40,7000,45,5590.33333,2759.66667,878.0,974.0,294.66667,359.33333,155.0,65.66667,104.0,89.00622985955641,105.037876114222,118.344778076459,16.03164625466559,18.011824880080912,29.33854821690258,32.962353605130886
2532,Anaesthetists,"Anaesthetists provide direct medical care to patients requiring general or local anaesthesia for surgical, diagnostic and other procedures such as prevention of pain and maintenance of body function. Anaesthetic Registrars training as Anaesthetists are included here.",7400,8293,49,200,46,52.0,20.0,14.33333,11.33333,2.33333,2.0,1.33333,0.66667,0.0,7.07688706370659,8.359856781949729,9.42546088636699,1.2829697182431383,18.12901218705008,2.3485738226603994,33.18653811369869
2533,Specialist Physicians,"Specialist Physicians diagnose and treat internal human disorders and diseases using specialist testing, diagnostic and medical techniques. Medical Registrars training as Specialist Physicians are included here.",15900,3620,41,600,48,451.0,94.0,151.33333,94.66667,33.33333,27.33333,26.0,10.33333,14.0,16.1014404809884,18.9919926053744,21.390280041856098,2.890552124385998,17.952133710017968,5.288839560867697,32.846996311370006
2534,Psychiatrists,"Psychiatrists diagnose, assess, treat and prevent human mental, emotional and behavioural disorders. Psychiatric Registrars training as Psychiatrists are included here.",8100,,46,1100,44,193.0,52.0,43.33333,48.0,11.33333,17.66667,17.0,3.33333,0.33333,6.40974650840512,7.544070810094969,8.47783531434739,1.1343243016898494,17.696866798123867,2.0680888059422697,32.26475186234555
2535,Surgeons,"Surgeons perform surgery to correct deformities, repair injuries, prevent and treat diseases, and improve human functioning and appearance. Medical Registrars training as Surgeons are included here.",7400,3905,43,-800,54,78.66667,45.66667,20.66667,3.0,1.0,3.0,4.0,0.33333,1.0,10.4518611695042,12.3436604607703,13.9161560575551,1.8917992912661,18.100118826548098,3.4642948880508992,33.14524400839543
2539,Other Medical Practitioners,"Other Medical Practitioners includes occupations such as Dermatologists, Emergency Medicine Specialists, Obstetricians and Gynaecologists, Ophthalmologists, Pathologists, Diagnostic and Interventional Radiologists, and Radiation Oncologists. Medical Registrars training in these specialties are included here.",23400,5013,43,1400,46,290.66667,150.66667,62.0,24.66667,24.66667,10.0,9.66667,3.33333,5.66667,21.690913679092,25.6031367729729,28.8535296022444,3.9122230938809004,18.03623006278392,7.162615923152401,33.021273465564015
2541,Midwives,"Midwives provide care and advice to women during pregnancy, labour and childbirth, and postnatal care for women and babies in a range of settings such as the home, community, hospitals, clinics and health units.",19400,2114,38,-200,41,242.0,70.0,62.0,45.66667,25.66667,19.66667,7.0,5.0,7.0,21.274288189679798,24.2331184081668,26.9630935626728,2.9588302184870017,13.908010421342023,5.688805372993002,26.740285372991483
2542,Nurse Educators and Researchers,"Nurse Educators and Researchers provide clinical and theoretical education to and promote professional development of nurses and midwives, and conduct research into nursing practice.",9000,2732,41,200,41,174.0,50.66667,63.0,23.33333,9.66667,12.0,5.33333,5.0,5.0,8.82589732279666,9.861006513031251,10.8735610329562,1.035109190234591,11.728090100946204,2.04766371015954,23.200629185551154
2543,Nurse Managers,"Nurse Managers manage health service units and sub-units of hospitals, aged care and community health care facilities, supervise nursing staff and financial resources to enable the provision of safe, cost effective nursing care within specified fields or for particular units, and monitor quality, clinical standards and professional development of nurses.",24200,2658,45,1400,43,250.33333,59.66667,74.33333,46.66667,19.0,29.33333,8.33333,4.66667,8.33333,21.8711083421437,24.8547673408194,27.5705781426276,2.9836589986757005,13.642010967164625,5.6994698004839,26.05935516080602
2544,Registered Nurses,"Registered Nurses provide nursing care to patients in hospitals, aged care and other health care facilities, and in the community.",366200,2192,38,12600,41,7344.0,2532.33333,1681.33333,1467.0,711.33333,550.66667,152.33333,120.66667,128.33333,363.765570259861,413.48174528595797,458.643143002301,49.71617502609695,13.667091965460475,94.87757274243995,26.08206507137628
2611,ICT Business and Systems Analysts,"ICT Business and Systems Analysts work with users to formulate system requirements, develop system plans and documentation, review and evaluate existing systems, and design and modify systems to meet users' business needs.",51000,2697,44,800,41,1743.33333,620.33333,469.0,293.33333,91.0,135.33333,15.0,8.66667,110.66667,51.4216745161059,59.1708475755063,64.7298234187704,7.749173059400398,15.069857472209042,13.308148902664492,25.88042693649779
2612,Multimedia Specialists and Web Developers,"Multimedia Specialists and Web Developers create computer animation, audio, video and graphic image files for multimedia presentations, games, motion pictures, CD-ROMs, information kiosks and the web, and plan, produce and maintain websites and web applications using web programming, scripting, authoring, content management and file transfer software.",12400,2476,37,-600,41,66.33333,23.66667,23.0,12.0,2.33333,3.66667,0.0,0.66667,1.0,13.463889344601402,15.6025807527074,17.0830130002478,2.1386914081059984,15.884647841105043,3.6191236556463977,26.88022430233024
2613,Software and Applications Programmers,"Software and Applications Programmers design, develop, test, maintain and document program code in accordance with user requirements, and system and technical specifications.",203200,2537,38,13700,41,3049.0,1067.66667,823.33333,476.66667,162.33333,221.0,25.0,13.33333,259.66667,186.065836799349,215.25848492193802,235.692213531838,29.19264812258902,15.689418662099694,49.62637673248901,26.6714070600749
2621,"Database and Systems Administrators, and ICT Security Specialists","Database and Systems Administrators, and ICT Security Specialists plan, develop, maintain, manage and administer organisations' database management systems, operating systems and security policies and procedures to ensure optimal database and system integrity, security, backup, reliability and performance.",72600,2461,41,3300,41,533.0,170.66667,130.66667,91.66667,32.0,46.33333,7.33333,3.66667,50.66667,68.857017280793,78.50606496099431,85.4108900608668,9.649047680201306,14.01316534065558,16.553872780073803,24.040937922954942
2631,Computer Network Professionals,"Computer Network Professionals research, analyse and recommend strategies for network architecture and development, implement, manage, maintain and configure network hardware and software, and monitor and optimise performance, and troubleshoot and provide user support.",48600,2309,42,2600,41,370.66667,133.66667,89.0,46.33333,24.66667,26.66667,3.33333,3.66667,43.33333,45.040033195998305,51.6917575154818,56.3711541320972,6.651724319483492,14.768471174382885,11.331120936098898,25.157887621418627
2632,ICT Support and Test Engineers,"ICT Support and Test Engineers develop procedures and strategies to support, create, maintain and manage technical quality assurance processes and guidelines and systems infrastructure, investigate, analyse and resolve system problems and performance issues, and test the behaviour, functionality and integrity of systems.",14800,2115,38,200,40,325.66667,99.33333,90.0,56.66667,26.0,22.66667,3.33333,4.66667,23.0,15.565313948909399,17.89025105559,19.5162154564995,2.3249371066806006,14.936654116401552,3.9509015075900997,25.382729320836628
2633,Telecommunications Engineering Professionals,"Telecommunications Engineering Professionals design, construct, install, service and support telecommunications equipment, systems and facilities.",13700,2797,42,-300,41,65.33333,17.66667,12.66667,12.33333,7.33333,8.0,1.0,0.0,6.33333,15.4239324567665,17.183071154464,18.7995349524563,1.759138697697498,11.405254156995232,3.3756024956897974,21.885485463267287
2711,Barristers,"Barristers plead cases before civil, criminal and industrial courts and other tribunals.",8900,3495,40,0,48,61.66667,24.0,18.33333,5.66667,4.33333,3.0,0.33333,3.33333,2.66667,8.714949843022,9.735592591236621,10.5405061465354,1.0206427482146214,11.71140128857819,1.8255563035134,20.94741032818577
2712,Judicial and Other Legal Professionals,"Judicial and Other Legal Professionals hear legal and other matters in courts and tribunals; interpret, analyse, administer and provide advice on the law; and draft legislation.",14500,2803,44,800,44,,,,,,,,,,12.8831225909622,14.4104703467742,15.5166027510697,1.5273477558120003,11.855415835936151,2.6334801601074993,20.441318799177964
2713,Solicitors,"Solicitors provide legal advice, prepare and draft legal documents, and conduct negotiations on behalf of clients on matters associated with the law.",106100,2070,37,5400,46,1771.33333,600.0,487.66667,419.0,64.0,129.66667,13.33333,13.66667,44.0,100.23833855113,111.941088575524,121.536089777878,11.702750024394007,11.674924179259634,21.297751226748005,21.247111169828855
2721,Counsellors,"Counsellors provide information on vocational, relationship, social and educational difficulties and issues, and work with people to help them to identify and define their emotional issues through therapies such as cognitive behaviour therapy, interpersonal therapy and other talking therapies.",40100,2154,44,2800,41,429.66667,129.33333,74.33333,109.0,23.33333,58.66667,8.66667,10.0,16.33333,34.0453599923963,38.464795082483896,41.9996648871713,4.419435090087596,12.981020294908422,7.9543048947749995,23.363844284658807
2722,Ministers of Religion,"Ministers of Religion perform spiritual functions associated with beliefs and practices of religious faiths, and provide motivation, guidance and training in religious life for the people of congregations and parishes, and the wider community.",18800,1994,49,-400,45,65.66667,19.0,19.0,11.33333,5.33333,8.33333,1.33333,0.66667,0.66667,19.450632162236403,21.261826218323897,23.0767128660692,1.8111940560874942,9.311749052578074,3.6260807038327982,18.642482535209677
2723,Psychologists and Psychotherapists,"Psychologists and Psychotherapists investigate, assess and provide treatment and counselling to foster optimal personal, social, educational and occupational adjustment and development.",54200,2204,44,4400,42,610.66667,161.33333,171.66667,126.0,42.33333,65.33333,11.66667,12.33333,20.0,51.1987831531178,59.805948851846296,66.8662465722192,8.607165698728494,16.811270051062436,15.667463419101395,30.601241776089573
2724,Social Professionals,"Social Professionals research and study human behaviour, society and institutions from current and historical perspectives, and verbally render spoken statements, and transcribe text and recorded spoken material from one language into another.",16000,2113,45,200,41,310.33333,104.33333,86.33333,45.66667,17.0,33.33333,8.33333,7.0,8.33333,15.7974188288936,17.6315350370978,19.1521396062479,1.8341162082042022,11.610227139446284,3.3547207773543004,21.235879188177822
2725,Social Workers,"Social Workers assess the social needs of individuals, families and groups, assist and empower people to develop and use the skills and resources needed to resolve social and other problems, and further human wellbeing and human rights, social justice and social development.",47400,2172,38,1700,40,1231.66667,285.66667,339.0,252.66667,103.0,130.0,42.66667,43.0,35.66667,49.8455521241429,57.122365899242304,62.460059968348496,7.276813775099406,14.598722383445825,12.614507844205598,25.30718851862353
2726,"Welfare, Recreation and Community Arts Workers","Welfare, Recreation and Community Arts Workers design and implement strategies and programs to meet community and individual needs and assist individuals, families and groups with social, emotional and financial difficulties to improve quality of life by educating and supporting them and working towards change in their social environment.",42600,1960,39,1300,41,2150.33333,641.0,464.0,564.33333,157.33333,204.66667,37.0,47.66667,34.33333,40.4505092891839,45.9812398553085,49.915427101921104,5.530730566124603,13.672832958875677,9.464917812737205,23.398760557182996
3111,Agricultural Technicians,"Agricultural Technicians perform tests and experiments, and provide technical support to assist Agricultural Scientists in areas such as research, production, servicing and marketing.",2800,1808,33,200,41,85.0,19.33333,13.66667,14.33333,7.0,8.33333,19.0,3.33333,0.0,2.63749949601997,2.72210110956987,2.86783338980197,0.08460161354989992,3.2076447285607124,0.23033389378199987,8.733040295536643
3112,Medical Technicians,"Medical Technicians operate anaesthetic, cardiac, operating theatre and medical testing equipment, perform and assist with laboratory tests, and fill prescriptions in support of Health Professionals.",39200,1539,42,1100,41,458.0,124.33333,140.33333,87.66667,36.33333,50.66667,5.0,6.0,7.66667,41.937314181622504,45.2814498538482,49.244327260959295,3.344135672225697,7.974129334422524,7.307013079336791,17.42365533398613
3113,Primary Products Inspectors,"Primary Products Inspectors inspect animals, plants and agricultural produce and facilities to ensure compliance with government and industry standards with respect to quality, health and licensing.",4400,1330,46,0,41,14.33333,6.66667,3.0,1.66667,2.0,1.0,0.0,0.0,0.0,3.8539380557612697,3.9224519822024,4.06191013997529,0.0685139264411303,1.7777640805281891,0.20797208421402047,5.396352541347208
3114,Science Technicians,"Science Technicians perform tests and experiments, and provide technical support functions to assist with research, design, production and teaching in chemistry, earth sciences, life sciences, and physical sciences.",23500,1794,44,1100,43,137.33333,26.0,20.0,30.0,11.0,44.0,2.33333,3.66667,0.33333,22.4323804775978,23.1735589840836,24.3625552019376,0.7411785064857987,3.3040564162416026,1.9301747243397998,8.604413277794471
3121,"Architectural, Building and Surveying Technicians","Architectural, Building and Surveying Technicians perform technical functions to assist Construction Managers, Architects and Surveyors by supervising and inspecting construction sites, estimating time, costs and resources, inspecting plumbing work, and collecting and evaluating survey data and preparing maps and plans.",79200,2280,42,-300,46,2244.33333,640.66667,395.66667,672.33333,127.0,329.0,22.33333,22.0,35.33333,84.20331682361119,91.15527077311239,96.1432943440276,6.951953949501203,8.256152146671528,11.939977520416406,14.17993728848975
3122,Civil Engineering Draftspersons and Technicians,"Civil Engineering Draftspersons and Technicians assist in civil engineering research, design, construction, operations and maintenance.",13600,1730,39,-400,42,219.66667,52.33333,24.33333,78.0,12.66667,45.33333,1.33333,3.33333,2.33333,16.0353520966271,16.871973954117998,17.8423961053351,0.836621857490897,5.217358823488967,1.8070440087080009,11.269125852796815
3123,"Electrical Engineering Draftspersons, Technicians","Electrical Engineering Draftspersons and Technicians assist in electrical engineering research, design, manufacture, assembly, construction, operation and maintenance of equipment, facilities and distribution systems.",10500,2854,41,0,45,206.33333,60.0,30.33333,49.66667,14.33333,44.33333,4.0,2.33333,1.33333,10.0704563426322,10.6389877868063,11.268241837302499,0.5685314441741003,5.645538045453643,1.197785494670299,11.894053793765059
3124,"Electronic Engineering Draftspersons, Technicians","Electronic Engineering Draftspersons and Technicians assist in electronic engineering research, design, manufacture, assembly, construction, operation and maintenance of equipment, facilities and distribution systems.",7900,2142,42,800,42,69.66667,27.66667,12.33333,14.66667,3.0,9.0,0.66667,0.33333,2.0,6.51458664583767,6.83237996622193,7.29991261055455,0.31779332038425956,4.878180883315222,0.78532596471688,12.054885557760509
3125,"Mechanical Engineering Draftspersons, Technicians","Mechanical Engineering Draftspersons and Technicians assist in mechanical engineering research, design, manufacture, construction, operation and maintenance of machines, manufacturing equipment, mechanical installations and facilities.",5400,2589,44,-300,43,193.0,41.66667,27.0,53.66667,15.66667,46.33333,2.33333,5.33333,1.0,6.76966502089209,7.17029010091923,7.62405669707547,0.40062508002714026,5.917945404842896,0.8543916761833801,12.620885576267266
3126,Safety Inspectors,"Safety Inspectors inspect machines, equipment, working conditions and public places to ensure compliance with government and industry standards and regulations, in relation to occupational health and safety.",6600,2382,49,-200,45,144.0,31.0,32.33333,27.66667,19.33333,24.33333,1.33333,3.66667,4.33333,7.3832191054688305,7.780556568406451,8.17030245338122,0.39733746293762007,5.381629032833495,0.7870833479123895,10.660436005879717
3129,Other Building and Engineering Technicians,"Other Building and Engineering Technicians includes occupations such as Maintenance Planners, Metallurgical or Materials Technicians, and Mine Deputies.",42300,2954,43,2400,52,620.33333,118.0,64.33333,154.33333,38.0,225.33333,7.0,11.0,2.33333,39.3636466604065,41.886066288389095,43.9500770050567,2.5224196279825932,6.407992759775841,4.586430344650196,11.65143662683927
3131,ICT Support Technicians,ICT Support Technicians provide support for the deployment and maintenance of computer infrastructure and web technology and the diagnosis and resolution of technical problems.,77900,1687,36,2300,40,892.0,276.66667,234.66667,179.0,47.66667,89.66667,14.66667,9.0,40.66667,74.7706355729605,81.7941148819828,87.8126456817773,7.023479309022292,9.39336579822014,13.042010108816797,17.44268991279407
3132,Telecommunications Technical Specialists,"Telecommunications Technical Specialists develop, monitor and carry out technical support functions for telecommunications networks and install computer equipment, computer systems and microwave, telemetry, multiplexing, satellite and other radio and electromagnetic wave communication systems.",4000,2286,43,100,41,35.0,9.0,6.66667,7.0,2.0,5.66667,1.66667,0.66667,2.33333,3.76000181232903,3.9655937674553603,4.27573554894642,0.2055919551263301,5.46786851145111,0.5157337366173897,13.71631617108005
3211,Automotive Electricians,"Automotive Electricians install, maintain and repair electrical wiring and electronic components in motor vehicles.",10400,2808,35,-200,49,372.66667,76.33333,45.33333,91.66667,17.33333,124.33333,8.33333,5.66667,3.66667,10.4547300129945,10.7955575391659,11.270133665543101,0.34082752617140066,3.2600318300690296,0.8154036525486017,7.79937551266376
3212,Motor Mechanics,"Motor Mechanics repair, maintain and test motor vehicle and other internal combustion engines and related mechanical components.",112600,1622,33,1800,44,3378.66667,806.0,638.33333,814.0,241.0,730.66667,49.0,58.0,41.66667,111.20172027116399,114.16691517589601,119.547947918886,2.965194904732016,2.6665009295732345,8.346227647722003,7.505484292302163
3221,"Metal Casting, Forging and Finishing Trades","Metal Casting, Forging and Finishing Trades Workers fabricate mould patterns and form sand moulds and cores for the production of metal castings, heat and hammer metal into shape, and make, repair, coat and polish metal parts and articles.",2900,,39,0,45,8.66667,4.0,2.33333,0.33333,0.33333,1.66667,0.0,0.0,0.0,2.29007705056169,2.30604684371274,2.40104563182053,0.01596979315104985,0.6973474166353013,0.1109685812588399,4.845626536086307
3222,Sheetmetal Trades Workers,"Sheetmetal Trades Workers mark out, shape, form and join sheetmetal and other materials to make products and components.",4100,,28,-500,43,383.0,85.33333,73.33333,117.66667,19.33333,78.66667,2.33333,3.66667,2.66667,5.69261789228832,5.99660826496482,6.28808006544622,0.3039903726765001,5.340080406385786,0.5954621731579,10.46025193372914
3223,Structural Steel and Welding Trades Workers,"Structural Steel and Welding Trades Workers cut, shape, join and repair metal components of iron and steel structures, boilers, pressure vessels and pipes, ships and other vessels.",79100,1688,39,1100,46,1519.0,266.0,225.33333,425.33333,118.33333,444.33333,17.0,16.33333,6.33333,77.1839962654885,79.4487142313676,82.95596607765751,2.2647179658791003,2.934180756965716,5.771969812169004,7.478195081160681
3231,Aircraft Maintenance Engineers,"Aircraft Maintenance Engineers maintain and repair aircraft structures, and avionic and mechanical systems.",9900,1980,46,-400,42,129.33333,25.66667,9.33333,46.0,11.66667,26.66667,0.0,7.66667,2.33333,10.006431687467801,10.1102610149688,10.7000199771077,0.10382932750099982,1.0376259064561162,0.6935882896398997,6.931424820583741
3232,Metal Fitters and Machinists,"Metal Fitters and Machinists fit and assemble fabricated metal parts into products, set up machining tools, production machines and textile machines, and operate machining tools and machines to shape metal stock and castings.",119900,2606,40,900,50,3005.66667,613.33333,383.66667,870.66667,201.66667,850.33333,39.33333,37.33333,9.33333,122.958433360501,126.60120593113601,131.830697451866,3.642772570635003,2.962604899132687,8.872264091364997,7.215661300231815
3233,Precision Metal Trades Workers,"Precision Metal Trades Workers fabricate, assemble, maintain and repair metal precision instruments.",7800,1537,39,0,42,59.66667,15.0,21.0,8.66667,5.66667,5.66667,1.0,1.33333,1.33333,8.28615493872842,8.5359412133173,8.945996361555501,0.24978627458887992,3.0145016166836456,0.6598414228270819,7.963179879042187
3234,Toolmakers and Engineering Patternmakers,"Toolmakers and Engineering Patternmakers make and repair tools, dies, jigs, fixtures and other precision parts and equipment to fine tolerances for machine tools and other production machinery, and construct full-size engineering, visual and experimental models and models for the manufacture of prototype developmental products.",1800,,49,-300,42,16.66667,5.33333,5.66667,3.0,2.0,0.66667,0.0,0.0,0.0,4.07690482958414,4.25452996909987,4.495754124056081,0.17762513951573045,4.356862545006941,0.41884929447194086,10.273707922553225
3241,Panelbeaters,"Panelbeaters repair damage to metal, fibreglass and plastic body work on vehicles, and form replacement vehicle panels.",11400,1848,41,200,42,229.66667,63.33333,55.0,52.33333,20.0,27.0,2.66667,2.66667,6.66667,11.0426885156685,10.7062027817438,11.0440448467913,-0.33648573392470027,-3.047135970984419,0.0013563311227997588,0.01228261687246957
3242,Vehicle Body Builders and Trimmers,"Vehicle Body Builders and Trimmers manufacture and repair prototype production units and purpose-built vehicle bodies, and install, repair and replace the interior trim of vehicles.",6700,1924,44,200,43,26.0,4.33333,4.33333,6.66667,0.33333,10.0,0.0,0.33333,0.0,6.33655202825473,6.24903314941172,6.497625474587999,-0.08751887884301013,-1.3811751004767707,0.16107344633326903,2.5419730732903543
3243,Vehicle Painters,"Vehicle Painters prepare surfaces of vehicles, match and mix colours and apply paint.",9200,1880,36,-200,42,51.33333,15.66667,14.33333,7.33333,1.66667,8.0,1.0,2.33333,1.0,9.80774566277794,9.518196797735571,9.82275796608443,-0.2895488650423683,-2.9522468770907815,0.015012303306489727,0.153065789251285
3311,Bricklayers and Stonemasons,"Bricklayers and Stonemasons lay bricks, pre-cut stones and other types of building blocks in mortar to construct and repair walls, partitions, arches and other structures, and cut and shape hard and soft stone blocks and masonry slabs for the construction and renovation of stone structures and monumental masonry.",25800,2317,39,-800,42,87.66667,21.33333,18.0,19.66667,4.0,22.0,1.0,1.33333,0.33333,26.585964097878602,27.976236997937,29.1943020943708,1.3902729000583989,5.229349196967186,2.6083379964921996,9.810958846139153
3312,Carpenters and Joiners,"Carpenters and Joiners construct, erect, install, renovate and repair structures and fixtures made of wood, plywood, wallboard and other materials, and cut, shape and fit timber parts to form structures and fittings.",149600,1760,30,2900,43,1011.0,242.0,179.0,294.33333,80.33333,153.33333,19.0,19.0,24.0,149.259384010911,158.848230539497,165.55358294735902,9.588846528586004,6.424283868064904,16.294198936448026,10.916699840632402
3321,Floor Finishers,"Floor Finishers measure, cut, install and repair soft and resilient floor coverings.",11500,,42,600,43,37.66667,6.33333,6.33333,13.33333,3.33333,7.0,0.66667,0.33333,0.33333,10.864952060924201,11.2297178054498,11.687502552853001,0.36476574452559873,3.357269709799077,0.8225504919287996,7.570677600015395
3322,Painting Trades Workers,"Painting Trades Workers apply paint, varnish, wallpaper and other finishes to protect, maintain and decorate surfaces of buildings and structures.",50000,1379,39,-2300,42,543.0,113.33333,74.66667,147.0,34.66667,152.0,6.66667,12.66667,2.0,53.8219160163458,55.7858845829605,58.065118396592695,1.963968566614696,3.649012729346602,4.243202380246892,7.883781727425357
3331,Glaziers,"Glaziers measure, cut, finish, fit and install flat glass and mirrors.",8500,,38,0,42,96.66667,14.33333,12.66667,36.33333,3.66667,24.33333,2.33333,1.33333,1.66667,8.34270692188753,8.34984275445335,8.63899512931615,0.007135832565820621,0.0855337797747562,0.2962882074286206,3.551463694011508
3332,Plasterers,"Plasterers apply and fix plasterboard partitions, suspended ceilings, fire rating systems, acoustic tiles, and composite wall linings to buildings, and apply decorative and protective coverings of plaster, cement and similar materials to the interiors and exteriors of structures.",31600,1841,34,700,43,75.66667,18.0,8.66667,25.0,6.0,12.66667,1.66667,2.66667,1.0,31.4305518824916,32.168639931208,33.2324239602585,0.7380880487163992,2.348313995490329,1.8018720777669017,5.732868084860563
3333,Roof Tilers,"Roof Tilers cover roofs with tiles, sheets and shingles to form a waterproof surface.",9400,,30,-100,42,120.33333,30.0,13.0,54.0,10.0,11.0,0.33333,0.33333,1.66667,10.272327120747502,10.3815950517545,10.722778426527,0.10926793100699861,1.063711559441142,0.45045130577949877,4.385095027490909
3334,Wall and Floor Tilers,"Wall and Floor Tilers lay ceramic, clay, slate, marble and glass tiles on external and internal walls and floors to provide protective and decorative finishes.",21800,,39,500,42,89.66667,25.0,10.66667,28.0,6.0,17.0,1.66667,0.33333,1.0,21.0925362634275,21.7163324038099,22.4372666698123,0.6237961403823995,2.957425947224773,1.344730406384798,6.375385063181974
3341,Plumbers,"Plumbers install, maintain and repair pipes, drains, guttering and metal roofing, mechanical services and related equipment for water supply, gas, drainage, sewerage, heating, cooling and ventilation systems.",107600,1990,34,4500,44,1448.66667,335.33333,370.66667,329.66667,100.33333,247.33333,12.66667,25.33333,27.33333,103.57297972692001,108.95796905005,114.159649249816,5.384989323129986,5.19922216907153,10.586669522895988,10.221458869686618
3411,Electricians,"Electricians design, assemble, install, test, commission, diagnose, maintain and repair electrical networks, systems, circuits, equipment, components, appliances and facilities for industrial, commercial and domestic purposes, and service and repair lifts, escalators and related equipment.",197300,2191,33,7200,45,3337.0,828.66667,525.33333,831.33333,233.66667,804.66667,37.66667,48.66667,27.0,194.917294073425,207.934754857862,218.27753573866897,13.017460784436992,6.678453467311801,23.36024166524396,11.984694214174858
3421,Airconditioning and Refrigeration Mechanics,"Airconditioning and Refrigeration Mechanics assemble, install, maintain and repair industrial, commercial and domestic airconditioning and refrigeration systems and equipment.",29700,2100,31,-400,43,457.0,115.66667,80.0,129.0,29.0,75.66667,3.33333,13.0,11.33333,29.2342005333982,29.919606207579,31.1856265143184,0.6854056741807995,2.344533668357947,1.9514259809201988,6.675147414039319
3422,Electrical Distribution Trades Workers,"Electrical Distribution Trades Workers prepare, install, repair, maintain and patrol electric power distribution networks.",12000,2731,38,600,44,170.33333,50.66667,50.0,23.0,5.33333,28.33333,6.33333,1.66667,5.0,11.975364039042999,12.076234684569298,12.599720342500499,0.10087064552629954,0.8423179888096374,0.6243563034574997,5.213672848874785
3423,Electronics Trades Workers,"Electronics Trades Workers maintain, adjust and repair electronic equipment such as business machines, video and audio equipment, and electronic instruments and control systems, and transmit and receive radio messages.",31600,1882,38,1400,42,134.0,37.0,19.33333,36.33333,4.0,26.33333,0.33333,4.33333,6.33333,30.2831184953531,30.839454657891203,32.1583045342443,0.556336162538102,1.8371164866110832,1.8751860388912007,6.19218274755602
3424,Telecommunications Trades Workers,"Telecommunications Trades Workers install, maintain and repair data transmission equipment, aerial lines, conduits, cables, radio antennae and telecommunications equipment and appliances.",15800,2060,38,-1400,42,87.0,20.33333,14.0,23.0,7.33333,18.66667,0.66667,1.33333,1.66667,16.991432667210702,16.8277611253075,17.630198436074398,-0.1636715419032022,-0.9632592207427462,0.6387657688636956,3.759340259143403
3511,Bakers and Pastrycooks,"Bakers and Pastrycooks prepare and bake bread loaves and rolls, buns, cakes, biscuits and pastry goods.",34200,1417,37,1000,43,406.0,110.33333,106.66667,97.0,27.0,49.33333,9.33333,2.0,4.33333,34.271688486011904,35.2847401569597,37.0302736853448,1.013051670947796,2.9559432747565855,2.7585851993328987,8.049166297887027
3512,Butchers and Smallgoods Makers,"Butchers and Smallgoods Makers select, cut, trim, prepare and arrange meat for sale and supply, operate meat and smallgoods processing machines, and manage the processes in the production of smallgoods.",14300,1550,40,100,45,140.0,39.66667,35.33333,33.66667,10.33333,13.33333,2.66667,2.66667,2.33333,14.5293532568912,15.181535341302801,15.911548927292701,0.6521820844116011,4.488720680683253,1.3821956704015008,9.513125918016566
3513,Chefs,Chefs plan and organise the preparation and cooking of food in dining and catering establishments.,133400,1423,34,6100,43,2735.66667,816.66667,622.33333,647.66667,201.33333,322.0,44.33333,33.33333,48.0,124.895395570758,132.09437329367802,140.46700030854802,7.19897772292002,5.764005702549318,15.571604737790025,12.467717217780153
3514,Cooks,"Cooks prepare, season and cook food in dining and catering establishments.",30700,1432,36,-3500,42,1014.0,301.66667,222.0,242.0,82.66667,121.66667,11.0,15.66667,17.33333,39.4470304788829,41.803648450949794,44.3944515679073,2.3566179720668927,5.974132763500299,4.947421089024402,12.541935423181968
3611,Animal Attendants and Trainers,"Animal Attendants and Trainers train, feed, groom and care for animals.",27200,1276,36,1300,46,122.66667,42.66667,31.0,24.66667,9.0,8.66667,2.33333,0.66667,3.66667,26.0190706578816,27.346827848271,28.8808206147392,1.327757190389402,5.103015429904307,2.861749956857601,10.998663228545137
3612,Shearers,"Shearers remove wool and hair from sheep, goats, alpacas and other animals.",2700,,31,100,43,0.66667,0.66667,0.0,0.0,0.0,0.0,0.0,0.0,0.0,2.12207270066502,2.19332542676507,2.2868559256326497,0.07125272610005018,3.3576948649177214,0.16478322496762976,7.765201678339749
3613,Veterinary Nurses,Veterinary Nurses care for animals under treatment and in temporary residence at veterinary facilities and assist Veterinarians to perform procedures and operations.,17500,1667,28,1000,40,135.0,31.66667,31.0,35.0,8.66667,22.0,2.66667,1.0,3.0,17.5247675168915,18.5636753984151,19.5763598933619,1.038907881523599,5.9282263260966666,2.051592376470399,11.70681650694049
3621,Florists,Florists prepare and sell floral arrangements.,5600,,46,-300,45,18.0,5.33333,5.0,4.66667,1.66667,0.0,0.33333,0.0,1.0,5.89547140386263,5.95740690828916,6.17937091644265,0.06193550442652995,1.050560679269018,0.2838995125800201,4.815552364379431
3622,Gardeners,"Gardeners plant, cultivate, maintain, plan and construct parks, gardens and landscapes, and inspect, diagnose and treat trees and shrubs.",87000,,41,900,42,866.33333,234.0,188.33333,205.0,67.33333,137.33333,5.33333,12.33333,16.66667,87.21958759049541,90.84621281235219,94.8822169851961,3.6266252218567843,4.15803986471955,7.662629394700687,8.785445570641185
3623,Greenkeepers,"Greenkeepers establish and maintain fine turf, grassed areas and synthetic surfaces used for sporting events.",13600,1468,39,-100,40,198.0,65.66667,28.33333,52.33333,12.33333,26.0,4.0,7.66667,1.66667,13.2490241097054,13.497698896420001,14.0847236558447,0.24867478671460042,1.8769290828932594,0.8356995461392991,6.307630956208452
3624,Nurserypersons,"Nurserypersons propagate and cultivate trees, shrubs, and ornamental and flowering plants in plant nurseries.",4400,,59,300,44,51.0,17.0,8.66667,8.66667,4.0,9.33333,1.66667,0.33333,1.33333,4.09428131112369,4.204755951971181,4.4541912855600305,0.11047464084749059,2.6982669839354645,0.35990997443634054,8.79055314197651
3911,Hairdressers,"Hairdressers cut, style, colour, straighten and permanently wave hair, and treat hair and scalp conditions.",65400,1209,36,500,40,499.33333,141.66667,92.66667,149.66667,31.0,58.66667,5.0,6.66667,14.0,64.8358953021299,65.3199428006231,68.471569286881,0.4840474984931973,0.7465733236775339,3.635673984751108,5.607501782475847
3921,Print Finishers and Screen Printers,"Print Finishers and Screen Printers bind books and other publications, finish printed products by hand and machine, prepare stencils, and set up and operate power-driven and hand-operated screen print equipment.",3800,,50,300,40,10.0,2.33333,3.66667,1.0,1.0,2.0,0.0,0.0,0.0,2.99787849636831,2.9908403844661002,3.15002707196627,-0.00703811190220982,-0.2347697517006086,0.1521485755979599,5.075208210815607
3922,Graphic Pre-press Trades Workers,"Graphic Pre-Press Trades Workers manipulate, set and compose text and graphics into a format suitable for printing and other visual media.",1300,,45,-300,40,30.33333,6.0,8.33333,10.33333,2.0,2.66667,0.66667,0.33333,0.0,1.19490933790731,1.2075139655231,1.27253335729112,0.012604627615790065,1.0548605836376699,0.07762401938381003,6.496226694466705
3923,Printers,"Printers set up and operate letterpress, lithographic, flexographic, gravure, newspaper, instant, digital and offset printing presses.",8800,1408,49,-900,41,26.33333,5.0,12.33333,5.66667,3.0,0.0,0.0,0.33333,0.0,10.8680752745603,10.819389516183401,11.4067795073557,-0.04868575837689981,-0.4479703824913886,0.5387042327953999,4.956758388087211
3931,Canvas and Leather Goods Makers,"Canvas and Leather Goods Makers make and repair boots, shoes, leather goods, canvas and sailcloth articles, and related products.",1100,,53,-200,45,1.66667,1.0,0.33333,0.33333,0.0,0.0,0.0,0.0,0.0,1.40410075563289,1.4202814291133399,1.48802705880121,0.016180673480449936,1.1523869220593501,0.08392630316831995,5.977227975387754
3932,Clothing Trades Workers,"Clothing Trades Workers prepare and cut garment patterns and fabric, and make and repair garments.",8400,,54,200,42,26.33333,7.0,8.66667,9.0,0.33333,1.0,0.0,0.33333,0.0,7.9586841524706395,8.264194568577281,8.751918282787539,0.30551041610664154,3.8387051207679974,0.7932341303168995,9.96690049661857
3933,Upholsterers,"Upholsterers make, rebuild and repair upholstered articles such as chairs, sofas, beds and mattresses.",1900,1527,37,-300,42,11.66667,3.0,3.66667,3.0,1.0,1.0,0.0,0.0,0.0,2.0931236274382,2.1144774128508796,2.21889781071837,0.021353785412679738,1.020187490731969,0.12577418328016998,6.008922819055202
3941,Cabinetmakers,"Cabinetmakers fabricate and repair wooden furniture, and fit and assemble prepared wooden parts to make furniture.",30500,1400,37,0,43,281.66667,66.0,55.66667,83.0,20.33333,46.33333,2.66667,2.0,5.66667,32.9273948590306,33.781549389881896,35.4956345258084,0.8541545308512966,2.5940543869568775,2.5682396667777994,7.799705010897451
3942,Wood Machinists and Other Wood Trades Workers,"Wood Machinists and Other Wood Trades Workers set up and operate woodworking machines and wood turning lathes to shape wood stock, finish and polish furniture, and make picture frames and frame paintings, photographs and other artwork.",4600,1405,53,700,42,54.66667,11.0,6.33333,21.33333,2.66667,11.33333,1.33333,0.0,0.66667,2.61829041574249,2.66645941557554,2.77776341220903,0.048168999833049675,1.8397118800662149,0.15947299646653956,6.09072987120554
3991,Boat Builders and Shipwrights,"Boat Builders and Shipwrights construct, fit out and repair boats and ships.",3100,2197,45,-500,43,20.66667,6.33333,3.33333,8.66667,0.66667,1.66667,0.0,0.0,0.0,3.9462673533666397,3.86018825714702,4.0872162393322,-0.08607909621961962,-2.1812788772707914,0.14094888596556032,3.5717013913239817
3992,"Chemical, Gas, Petroleum and Power Plant Operators","Chemical, Gas, Petroleum and Power Generation Plant Operators control the operation of chemical production equipment, pump gas and oil from wellheads, refine and process petroleum products, and operate boilers, turbogenerators and associated plant to generate electrical power.",7100,3532,48,-1000,51,62.0,11.66667,4.66667,16.0,3.66667,19.33333,2.33333,2.66667,1.66667,9.538694607180311,9.92261242305314,10.4051997637028,0.38391781587282914,4.024846498218243,0.8665051565224893,9.084106287145646
3993,"Gallery, Library and Museum Technicians","Gallery, Library and Museum Technicians prepare artworks, specimens and artefacts for collections, arrange and construct gallery exhibits, and assist Librarians to organise and operate systems for handling recorded material and files.",7700,1498,51,200,38,34.33333,8.66667,10.66667,5.66667,1.0,7.0,1.0,0.0,0.33333,7.02038111527584,7.2287295547631,7.51123501221412,0.2083484394872599,2.967765368662234,0.49085389693827963,6.991841167571618
3994,Jewellers,"Jewellers make and repair jewellery such as rings, brooches, chains and bracelets, craft objects out of precious metals, and cut, shape and polish rough gemstones to produce fashion and industrial jewels.",4100,,55,-100,43,42.0,13.0,11.33333,9.0,2.0,4.33333,0.66667,0.66667,1.0,4.60579155591152,4.990334661413439,5.2500021904180505,0.38454310550191906,8.349120902103332,0.6442106345065302,13.986968943040587
3995,Performing Arts Technicians,"Performing Arts Technicians provide technical and other assistance for the production, recording and broadcasting of artistic performances.",15500,1844,34,-500,45,93.0,31.66667,23.66667,19.33333,2.33333,12.66667,2.0,0.66667,0.66667,16.2790976480454,16.7169279008736,17.6301828173712,0.4378302528281992,2.6895240896891397,1.351085169325799,8.299508968717447
3996,Signwriters,"Signwriters design, fabricate and paint signs for displays, buildings, hoardings, boats and structures.",6300,,43,200,43,26.33333,4.66667,5.0,10.33333,0.66667,4.33333,0.33333,0.33333,0.66667,6.59784797889557,6.90704171851117,7.27106417749281,0.30919373961560037,4.686281657361816,0.67321619859724,10.203572448935558
3999,Other Miscellaneous Technicians and Trades Workers,"Other Technicians and Trades Workers includes a wide variety of occupations such as Divers, Interior Decorators, Optical Dispensers, Optical Mechanics, Photographer's Assistants, Plastics Technicians, Wool Classers and Fire Protection Equipment Technicians.",23900,2036,40,300,42,1161.66667,375.0,231.0,248.66667,74.0,177.33333,18.66667,13.0,24.0,24.8599618044009,26.519898946165398,28.316494819515,1.6599371417644981,6.677150813122503,3.4565330151141005,13.904015791778887
4111,Ambulance Officers and Paramedics,"Ambulance Officers and Paramedics provide emergency health care and transport for injured, sick, infirm and aged persons to medical facilities.",27100,2852,36,800,47,54.0,14.33333,11.66667,9.66667,2.66667,10.33333,1.66667,2.66667,1.0,28.1544232595764,31.2833051840195,34.528793925386196,3.1288819244430996,11.11328722877975,6.374370665809796,22.640743186389468
4112,"Dental Hygienists, Technicians and Therapists","Dental Hygienists, Technicians and Therapists provide supportive dental services in preventative and restorative dental procedures, and construct and repair dental appliances.",8000,2210,44,-200,42,176.66667,35.66667,38.33333,41.66667,23.66667,26.33333,4.0,3.66667,3.33333,7.5424291833065595,8.25863383691523,9.099691050861809,0.7162046536086706,9.495676209911599,1.5572618675552494,20.64668861594209
4113,Diversional Therapists,"Diversional Therapists plan, design, coordinate and implement recreation and leisure-based activity programs to support, challenge and enhance the psychological, spiritual, social, emotional and physical wellbeing of individuals.",5300,1434,48,-200,40,57.33333,19.0,15.33333,9.33333,4.33333,4.33333,2.0,1.66667,1.33333,6.62430628625058,7.26074702589896,7.8509687287641,0.6364407396483793,9.607658706382232,1.2266624425135193,18.51759851532804
4114,Enrolled and Mothercraft Nurses,"Enrolled and Mothercraft Nurses provide nursing care to patients in hospitals, aged care and other health care facilities and in the community, and assist parents in providing care to newborn infants under the supervision of a Registered Nurse or Midwife.",21800,1777,38,-200,41,729.66667,132.0,238.66667,139.0,142.66667,57.33333,8.33333,3.33333,8.33333,22.104162825101298,24.4511612910241,26.807504783686,2.346998465922802,10.61790253941475,4.703341958584701,21.27808230422383
4115,Indigenous Health Workers,Indigenous Health Workers assist with the coordination and provision of health care delivery to Indigenous communities.,1200,1460,55,0,41,74.0,17.66667,17.66667,25.66667,2.0,5.66667,2.66667,0.33333,2.33333,1.19322302959525,1.31303403410479,1.4344797574091201,0.11981100450953996,10.04095642959395,0.2412567278138702,20.21891313107712
4116,Massage Therapists,"Massage Therapists perform therapeutic massage and administer body treatments for health, fitness and remedial purposes.",19500,,49,100,42,137.66667,33.66667,35.66667,30.33333,12.66667,17.66667,2.66667,1.66667,3.33333,19.4729510863547,21.5335454199266,23.7107477721558,2.060594333571899,10.581828734812676,4.237796685801097,21.762477947015704
4117,Welfare Support Workers,"Welfare Support Workers provide support, information and advice to clients on emotional, financial, recreational, health, housing and other social welfare matters, and evaluate and coordinate the services of welfare and community service agencies.",94500,1844,39,3300,41,1327.33333,349.66667,279.66667,356.66667,84.0,162.33333,29.33333,43.66667,22.0,96.48562662419491,102.31522390600199,107.955077735359,5.829597281807082,6.041933379893956,11.46945111116409,11.887212129363931
4211,Child Carers,Child Carers provide care and supervision for children in residential homes and non-residential childcare centres.,184600,1341,33,10700,40,3087.0,962.66667,600.33333,1038.0,164.0,198.0,26.66667,33.33333,64.0,172.41674062821198,174.121396686399,180.230067026562,1.7046560581870267,0.9886836115657898,7.8133263983500285,4.531651839538116
4221,Education Aides,"Education Aides perform non-teaching duties to assist teaching staff in schools, provide care and supervision for children in preschools, and provide assistance to Aboriginal, Torres Strait Islander and Maori students and their teachers.",137900,1342,42,6800,39,1700.0,412.66667,545.66667,427.0,89.0,126.33333,44.33333,23.66667,31.33333,134.652920212705,141.41308175374598,147.65774776262901,6.760161541040986,5.020434410454873,13.004827549924016,9.658036030247906
4231,Aged and Disabled Carers,"Aged and Disabled Carers provide general household assistance, emotional support, care and companionship for aged and disabled persons in their own homes.",376300,1761,41,27100,43,3499.33333,1168.0,792.33333,897.33333,286.0,211.0,65.0,34.33333,45.33333,370.153695258105,409.92675698408505,437.239810631053,39.77306172598003,10.745012743489326,67.08611537294797,18.123854018577173
4232,Dental Assistants,"Dental Assistants prepare patients for dental examination and assist Dental Practitioners, Hygienists and Therapists in providing care and treatment.",27300,1211,30,-1600,39,796.0,217.33333,185.0,189.66667,72.33333,95.33333,14.0,5.66667,16.66667,26.1276253384525,29.914377231829302,33.1362342508846,3.7867518933768025,14.493287638367086,7.0086089124320985,26.824515514302792
4233,Nursing Support and Personal Care Workers,"Nursing Support and Personal Care Workers provide assistance, support and direct care to patients in a variety of health, welfare and community settings.",110400,1612,40,3600,42,1680.0,615.33333,427.66667,340.66667,111.0,107.0,44.66667,14.0,19.66667,115.04949495886,130.925166924692,143.438518735936,15.875671965832012,13.798993182463704,28.38902377707599,24.675487525805732
4234,Special Care Workers,"Special Care Workers provide care and supervision for children and young people in residential and institutional facilities, and provide care and support to people in refuges.",3500,1708,30,-300,44,52.33333,8.0,15.0,14.66667,9.66667,5.0,0.0,0.0,0.0,4.15589671368532,4.48579403957532,4.73686227731954,0.3298973258900002,7.938054013798084,0.5809655636342201,13.979307082418755
4311,Bar Attendants and Baristas,"Bar Attendants and Baristas prepare, mix and serve alcoholic and non-alcoholic drinks to patrons in bars in licensed establishments, and prepare and serve espresso coffee and other hot beverages to patrons in cafes, coffee shops and dining establishments.",118800,1500,23,1600,41,996.0,323.0,202.0,229.33333,57.66667,113.33333,45.33333,11.0,14.33333,120.35111847745699,126.64434646370199,134.12729170957002,6.293227986245,5.2290565022241875,13.776173232113024,11.44665160273807
4312,Cafe Workers,Cafe Workers sell and serve food and beverages for consumption on premises in cafes and similar establishments.,36800,1346,22,800,41,377.0,138.0,79.66667,72.0,31.33333,37.66667,5.33333,3.0,10.0,37.419360383187,39.3735656736822,41.647218792019395,1.954205290495203,5.222444399058335,4.227858408832397,11.298585452925133
4313,Gaming Workers,Gaming Workers provide gaming services within casinos and other gambling establishments.,4300,1539,35,-600,40,92.0,28.33333,27.0,23.0,11.66667,0.33333,1.33333,0.33333,0.0,5.34268936928216,5.6125292196073895,5.94374664607876,0.26983985032522906,5.050637079458066,0.6010572767965998,11.25008839653647
4314,Hotel Service Managers,Hotel Service Managers supervise and coordinate the activities of hotel service workers.,10200,1410,37,-300,41,205.0,70.66667,58.33333,44.33333,8.33333,16.66667,3.0,1.33333,2.33333,11.0731453335627,11.6222380275308,12.4643675749203,0.5490926939681007,4.958777993311448,1.3912222413575996,12.563930116051178
4315,Waiters,"Waiters serve food and beverages in hotels, restaurants, clubs and dining establishments.",129300,1346,21,-100,41,1493.66667,549.66667,337.33333,320.33333,61.0,148.66667,27.0,17.66667,32.0,126.494355894794,133.108126887268,141.110341283037,6.6137709924740165,5.228510747131456,14.615985388243004,11.554654185835131
4319,Other Hospitality Workers,"Other Hospitality Workers includes a number of jobs like Bar Usefuls or Bussers, and Doorpersons or Luggage Porters.",5800,1574,22,-300,43,,,,,,,,,,6.09156661363925,6.41132052357214,6.78218254952553,0.3197539099328903,5.24912440778287,0.6906159358862798,11.33724671646805
4411,Defence Force Members - Other Ranks,Defence Force Members - Other Ranks provide specialised military services to the Australian and New Zealand Defence Forces.,17000,,27,,47,,,,,,,,,,4.06625131085229,4.279141823488111,4.44963233214939,0.2128905126358207,5.235547347200207,0.38338102129710006,9.428365144916315
4412,Fire and Emergency Workers,Fire and Emergency Workers attend emergencies to minimise risk to community safety and security and protect life and property.,19900,2473,45,600,48,88.66667,16.0,8.33333,26.0,2.33333,32.33333,0.33333,3.0,0.33333,17.1374422652301,18.2109723891796,19.0957227823039,1.0735301239494994,6.264237727747557,1.9582805170737991,11.426912410651415
4413,Police,"Police protect and preserve property, public order and safety through the enforcement of laws.",70100,2560,40,900,43,13.66667,1.0,1.33333,2.0,3.0,4.0,0.33333,0.66667,1.33333,67.4536488107271,71.64179968304691,74.9438425189215,4.1881508723198095,6.208931534707091,7.490193708194397,11.104208356780896
4421,Prison Officers,Prison Officers supervise and control the activities of inmates in prisons and other correctional institutions.,19800,2080,40,-1500,43,31.66667,11.66667,9.33333,4.33333,2.0,1.33333,0.66667,2.33333,0.0,18.5534614309923,19.5401890734677,20.3228317695597,0.986727642475401,5.318294088385789,1.7693703385673984,9.536605043476067
4422,Security Officers and Guards,Security Officers and Guards provide security and investigative services to organisations and individuals.,66800,1818,39,2600,45,912.33333,253.66667,215.33333,185.33333,61.66667,84.0,17.66667,19.66667,75.0,65.2639748745359,68.8506153725894,72.2129723807111,3.586640498053498,5.495590032553933,6.948997506175189,10.647524180888475
4511,Beauty Therapists,"Beauty Therapists provide skin analyses, facial therapies, skin-care treatments and body treatments such as massage to clients.",44300,1178,33,2500,41,352.33333,101.33333,93.33333,83.0,19.0,37.0,1.33333,4.33333,13.0,39.264333480409604,40.926543138792006,43.409679368195995,1.6622096583824018,4.23338310126094,4.145345887786391,10.557535351656112
4512,Driving Instructors,Driving Instructors instruct individuals and groups in the theory and application of driving motor vehicles.,5900,2224,53,-200,44,23.66667,7.66667,3.0,6.0,0.66667,5.0,0.0,0.33333,1.0,6.66098534236258,6.86185172739644,7.22301049173329,0.20086638503385945,3.0155656364590393,0.5620251493707098,8.437567724347604
4513,Funeral Workers,"Funeral Workers prepare bodies for viewing and burial, arrange and conduct funerals, and perform other specialist funereal services.",5300,,52,400,43,54.66667,13.66667,8.66667,16.33333,5.33333,8.33333,1.0,0.66667,0.66667,5.12260049739227,5.32772853511535,5.64236192242448,0.20512803772307997,4.004373127037785,0.5197614250322102,10.146436859497475
4514,"Gallery, Museum and Tour Guides","Gallery, Museum and Tour Guides direct and guide visitors in galleries and museums, and escort visitors on sightseeing, educational and other tours.",5800,1432,41,0,44,61.66667,12.66667,4.66667,20.0,7.0,8.0,2.0,7.0,0.33333,6.09382987208091,6.31479472949112,6.6578130480239395,0.22096485741020988,3.6260424404456697,0.5639831759430294,9.254987221204477
4515,Personal Care Consultants,"Personal Care Consultants provide personal care services, such as natural relaxation and health treatments, and weight loss advice.",4400,,47,-100,42,0.0,0.0,0.0,0.0,0.0,0.0,0.0,0.0,0.0,4.6688113603148,5.17108612531203,5.66779320014726,0.5022747649972299,10.758086507126805,0.9989818398324601,21.396920173812774
4516,Tourism and Travel Advisers,"Tourism and Travel Advisers plan and organise travel and accommodation for clients, and provide travel and accommodation information to tourists.",19100,1330,44,100,40,262.66667,78.33333,53.66667,70.33333,19.66667,32.33333,0.66667,2.33333,5.33333,21.9302754051292,22.6783905223712,23.970440265527397,0.7481151172419978,3.4113348027860315,2.040164860398196,9.302960508745041
4517,Travel Attendants,"Travel Attendants provide services for the safety and comfort of passengers in aircraft, ships and railway sleeping cars.",10700,1504,37,200,41,23.33333,3.0,2.0,6.33333,2.66667,7.66667,0.0,1.66667,0.0,9.99875330936984,10.441796874002899,11.2879602141255,0.44304356463305794,4.430988053459439,1.289206904755659,12.893676490123443
4518,Other Personal Service Workers,"Other Personal Service Workers includes occupations such as Civil Celebrants, Hair or Beauty Salon Assistants, Body Artists, First Aid Trainers and Religious Assistants.",24400,,35,1800,43,,,,,,,,,,21.0436215860437,22.071046939570397,23.4563966245907,1.0274253535266986,4.882359955608095,2.412775038547,11.465588414435148
4521,Fitness Instructors,"Fitness Instructors direct, instruct and guide individuals and groups in the pursuit of physical fitness and wellbeing.",35900,1500,36,400,43,347.66667,118.0,81.33333,75.66667,25.33333,31.33333,2.33333,1.33333,12.33333,35.2732704364194,37.5258054437546,39.8960073385581,2.2525350073351973,6.3859545187209825,4.622736902138698,13.10549559182852
4522,Outdoor Adventure Guides,"Outdoor Adventure Guides direct, instruct and guide individuals and groups in outdoor adventure activities such as bungy jumping, fishing and hunting, mountaineering, trekking and whitewater rafting.",4300,1298,36,100,45,12.66667,0.66667,3.33333,4.0,1.0,0.0,0.66667,2.66667,0.33333,4.05401981138908,4.29205672432543,4.54065226613297,0.23803691293635065,5.871626780599995,0.48663245474388983,12.003701939906131
4523,"Sports Coaches, Instructors and Officials","Sports Coaches, Instructors and Officials coach, train and instruct participants in sports, and officiate at sporting events.",66400,1442,21,5200,44,954.0,268.0,240.33333,221.66667,69.66667,107.66667,14.33333,9.66667,22.66667,58.785617919570804,62.230067727903204,65.9066767775458,3.4444498083324007,5.859340992290021,7.121058857974994,12.113607222293506
4524,Sportspersons,Sportspersons participate in sporting events for monetary gain either as individuals or as members of a team.,13100,,21,-100,43,103.0,31.0,23.66667,30.33333,5.33333,7.33333,0.66667,2.0,2.66667,16.0838436437726,17.1212044464217,18.1278251277608,1.0373608026491006,6.4497070826148555,2.043981483988201,12.708289941500379
5111,"Contract, Program and Project Administrators","Contract, Program and Project Administrators plan and undertake administration of contracts, organisational programs, special projects and support services.",158500,2130,43,1500,42,2099.0,593.33333,417.0,483.33333,128.66667,354.33333,19.33333,30.33333,72.66667,164.535790937849,180.22732796366998,193.05469103518,15.691537025820992,9.536853310990704,28.518900097331027,17.332946184398036
5121,Office Managers,Office Managers organise and control the functions and resources of offices such as administrative systems and office personnel.,140600,1730,47,3000,41,1049.33333,309.33333,253.0,240.0,59.33333,122.0,18.33333,16.33333,31.0,136.600736251171,141.105043955592,148.117343304446,4.504307704420995,3.297425642083523,11.516607053274981,8.43085284115828
5122,Practice Managers,Practice Managers organise and control the functions and resources of professional practices such as administrative systems and practice personnel.,30600,1655,44,700,42,342.33333,97.66667,80.0,92.66667,18.66667,35.33333,3.66667,4.33333,10.0,31.014865554255,33.5256608693292,36.487987180139896,2.5107953150742013,8.095457678776686,5.473121625884897,17.646768825454497
5211,Personal Assistants,"Personal Assistants perform liaison, coordination and organisational tasks in support of Managers and Professionals.",50900,1832,43,-200,41,302.66667,93.66667,94.33333,48.0,22.0,25.0,4.66667,5.0,10.0,49.8270090238567,45.993101147267105,46.9288926203728,-3.833907876589592,-7.694437116933816,-2.898116403483897,-5.816356350220231
5212,Secretaries,"Secretaries perform secretarial, clerical and other administrative tasks in support of Managers, Legal Professionals and other professionals.",29500,1626,46,-1600,40,893.0,289.66667,209.33333,188.33333,64.0,87.33333,14.66667,12.66667,27.0,30.162245395310002,27.891759820882502,28.4575418052514,-2.2704855744275,-7.527574769949134,-1.7047035900586032,-5.651779460436561
5311,General Clerks,General Clerks perform a range of clerical and administrative tasks.,292100,1438,41,200,40,9284.0,2325.0,2027.33333,2348.33333,731.66667,1296.33333,152.0,164.0,239.33333,297.90738550704896,331.642434823914,354.46147061012,33.73504931686506,11.324005700445058,56.55408510307103,18.983780817254317
5321,Keyboard Operators,"Keyboard Operators input and process text and data, and prepare, edit and generate documents for storage, processing, publication and transmission.",49900,1371,40,900,40,124.33333,31.33333,25.66667,28.66667,11.0,17.66667,3.0,1.66667,5.33333,46.3431500637756,43.5774175743444,44.7359772051716,-2.765732489431201,-5.96794237255152,-1.6071728586040024,-3.4679836316527357
5411,Call or Contact Centre Workers,"Call or Contact Centre Workers respond to telephone, Internet and email inquiries and complaints about an organisation's goods and services, and promote the goods and services.",28500,1414,36,-1100,39,1388.0,444.33333,329.33333,317.33333,118.33333,139.33333,13.66667,12.0,13.66667,32.172342078795396,33.2067644058236,34.8513381863753,1.034422327028203,3.2152534139253253,2.6789961075799056,8.327016109111982
5412,Information Officers,"Information Officers respond to personal, written and telephone inquiries and complaints about the organisation's goods and services, provide information and refer people to other sources.",89500,1462,36,3800,40,523.33333,184.0,123.66667,113.66667,25.33333,46.0,13.0,6.33333,11.33333,81.8284785859619,84.6533582097739,88.60151862688541,2.824879623811995,3.4521961945613118,6.7730400409235045,8.277118379768403
5421,Receptionists,"Receptionists receive and welcome visitors, patients, guests and clients, and respond to inquiries and requests.",181300,1229,36,-2000,40,2251.66667,590.0,536.33333,534.0,174.0,304.0,41.33333,20.66667,51.33333,190.051002238618,194.020242333816,205.84978752102302,3.969240095197989,2.0885131088203477,15.79878528240502,8.312918688304997
5511,Accounting Clerks,"Accounting Clerks monitor creditor and debtor accounts, undertake related routine documentation, and calculate and investigate the cost of wages, materials, overheads and other operating costs.",139500,1442,45,-200,40,1773.0,571.66667,455.66667,387.33333,93.66667,221.0,17.0,10.66667,16.0,138.66309601875798,140.487989107444,146.884095235611,1.824893088686025,1.3160625581583425,8.220999216853016,5.928757869174435
5512,Bookkeepers,Bookkeepers maintain and evaluate records of financial transactions in account books and computerised accounting systems.,91800,1400,52,-1000,41,431.0,132.33333,115.33333,94.33333,16.66667,63.0,2.66667,1.66667,5.0,88.25847717947559,89.4042424212999,93.46244405657531,1.1457652418243072,1.298192851769205,5.203966877099717,5.896279930728165
5513,Payroll Clerks,Payroll Clerks prepare payrolls and related records for employee salaries and statutory record-keeping purposes.,51700,1606,46,1100,41,1233.33333,356.33333,397.33333,253.0,63.66667,127.0,13.66667,8.0,14.33333,52.311480719794304,52.844156362923194,55.212537834291204,0.5326756431288899,1.0182767449886563,2.9010571144969006,5.545736948331421
5521,Bank Workers,"Bank Workers receive deposits and pay out money in financial and commercial institutions, keep records of transactions, issue receipts and cash cheques.",38600,1610,37,-2100,41,736.66667,271.0,168.33333,148.66667,50.0,68.0,9.33333,11.66667,9.66667,42.3018619526482,43.2864782143267,45.8495145182135,0.9846162616784966,2.3275955625325784,3.5476525655653006,8.386516341849129
5522,Credit and Loans Officers,"Credit and Loans Officers analyse, evaluate and process credit and loan applications.",35600,1806,39,-900,42,1444.66667,513.66667,342.33333,307.33333,81.33333,128.66667,17.66667,15.0,38.66667,36.432551440106295,37.3690300174382,39.4978260537547,0.9364785773319042,2.5704446719067664,3.0652746136484055,8.413560106235213
5523,"Insurance, Money Market and Statistical Clerks","Insurance, Money Market and Statistical Clerks prepare and check documentation associated with insurance, maintain records of securities transactions and registrations, offer odds and accept bets, and compile data and undertake statistical and actuarial computations.",41200,1501,40,900,40,45.0,16.33333,12.66667,6.66667,2.0,5.33333,1.0,0.0,1.0,40.6516988866785,41.5837354142044,43.7615408098185,0.932036527525895,2.2927369656162684,3.109841923139996,7.649967918460318
5611,Betting Clerks,"Betting Clerks take bets from customers at betting agencies, over the telephone and on course.",1900,,76,100,41,1.66667,0.0,0.33333,1.33333,0.0,0.0,0.0,0.0,0.0,2.32437402762597,2.1996075871968,2.2706394144160598,-0.12476644042917018,-5.367743699864088,-0.053734613209910354,-2.3117885749563682
5612,Couriers and Postal Deliverers,"Couriers and Postal Deliverers deliver small items such as documents, messages, mail and parcels.",41700,1503,47,-200,44,360.33333,97.0,63.33333,95.33333,33.66667,51.33333,7.0,9.33333,3.33333,42.5440208499464,40.758472704511,42.212730409513405,-1.7855481454353992,-4.19694262498851,-0.33129044043299416,-0.778700352751006
5613,Filing and Registry Clerks,Filing and Registry Clerks process and handle information and documents to maintain access to and security of database and record management systems.,16300,1602,43,-700,40,138.0,26.0,25.33333,30.33333,11.0,39.66667,0.66667,2.0,3.0,17.9260360135989,17.3504876004437,17.864899546893298,-0.5755484131552002,-3.2106842400549818,-0.06113646670560158,-0.34104844294200204
5614,Mail Sorters,"Mail Sorters receive, sort and despatch mail in organisations and postal sorting centres.",11400,,50,-1200,41,20.0,5.33333,2.0,6.0,0.66667,3.33333,2.0,0.66667,0.0,15.5215313777863,14.7832914647679,15.266302696467799,-0.7382399130183988,-4.756231167209014,-0.25522868131850096,-1.6443524489070227
5615,Survey Interviewers,Survey Interviewers interview people and record their responses to survey and market research questions on a range of topics.,800,,37,-500,41,234.66667,79.33333,35.33333,43.66667,33.0,36.66667,1.0,1.66667,4.0,1.4257661749525001,1.36391504107072,1.40150770821561,-0.06185113388178021,-4.338097997298947,-0.02425846673689014,-1.7014337387894838
5616,Switchboard Operators,"Switchboard Operators operate telecommunication switchboards and consoles to assist callers establish telephone connections, and receive caller inquiries and fault reports.",2600,,49,100,40,10.66667,1.33333,8.0,0.66667,0.33333,0.0,0.33333,0.0,0.0,2.92936755918095,2.86026417685649,2.97624032474085,-0.06910338232446023,-2.3589863999102083,0.04687276555989994,1.6000984722110307
5619,Other Clerical and Office Support Workers,"Other Clerical and Office Support Workers includes occupations such as Classified Advertising Clerks, Meter Readers and Parking Inspectors.",6600,1433,41,300,40,61.66667,24.0,11.33333,12.0,4.66667,6.33333,1.33333,1.0,1.0,5.747817398064489,5.51491247620019,5.66041448496264,-0.23290492186429912,-4.052058472538239,-0.08740291310184922,-1.5206278670453437
5911,Purchasing and Supply Logistics Clerks,"Purchasing and Supply Logistics Clerks prepare and process orders for goods and services, monitor stock levels and supply sources and maintain stock and inventory levels, record and coordinate the flow of materials between departments, prepare production schedules, and administer and coordinate storage and distribution operations within organisations.",120800,1553,41,4600,42,2182.0,578.33333,542.66667,504.0,153.33333,320.33333,25.33333,19.66667,38.33333,117.522422317346,123.92160796636699,130.793652690423,6.399185649020993,5.445076371674216,13.271230373076989,11.292509217722438
5912,Transport and Despatch Clerks,"Transport and Despatch Clerks verify and maintain records of incoming and outgoing goods, prepare goods for despatch, arrange clearance and collection of imported cargo from customs and bond stores, and arrange shipment of cargo for export.",46000,1707,41,500,43,921.66667,275.0,203.33333,225.0,58.33333,130.33333,7.66667,13.66667,8.33333,46.458413195150996,48.7656314691023,51.4449897454028,2.3072182739513067,4.966201200759302,4.9865765502518045,10.733419863707846
5991,Conveyancers and Legal Executives,"Conveyancers and Legal Executives act for and on behalf of clients in the areas of property transfer, company and business law, trusts, wills, probate and litigation.",16800,1575,37,-600,42,346.0,99.0,69.66667,128.0,15.0,22.66667,2.33333,1.66667,7.66667,19.32987426436,19.9568441707738,21.026034779872703,0.6269699064137981,3.2435281152852173,1.6961605155127017,8.77481401231898
5992,Court and Legal Clerks,"Court and Legal Clerks provide administrative and operational support to Legal Professionals by performing clerical work associated with the functions of courts, legal practices and the administration of trusts and estates.",20000,1345,29,600,40,347.66667,103.0,125.66667,76.66667,11.66667,23.0,3.0,1.66667,3.0,21.0322638876097,21.7038810947736,22.671593086511198,0.671617207163898,3.1932711131470435,1.6393291989014962,7.794354462560922
5993,Debt Collectors,"Debt Collectors collect consumer, commercial, insurance and other forms of debt for clients, make arrangements to settle overdue accounts, formalise payment arrangements and follow up until accounts are fully paid.",6700,1519,41,500,40,182.66667,75.33333,41.0,29.66667,13.33333,17.0,2.33333,0.66667,3.33333,6.9152068629977705,7.09631324895086,7.465542414526619,0.1811063859530897,2.618958326787918,0.5503355515288488,7.958338230973413
5994,Human Resource Clerks,"Human Resources Clerks maintain and update personnel records such as information on transfers and promotions, employee leave taken and accumulated, salaries, superannuation and taxation, qualifications and training.",27100,1476,40,2100,41,59.0,13.66667,10.33333,18.0,8.0,6.0,1.33333,0.66667,1.0,23.4825727234285,24.488323642131398,25.8644645751596,1.0057509187028977,4.282967333044656,2.381891851731101,10.143232088682915
5995,Inspectors and Regulatory Officers,Inspectors and Regulatory Officers administer and enforce government and corporate regulations and standards.,44800,1862,44,800,41,1237.66667,449.66667,303.66667,221.33333,71.33333,130.0,19.0,14.66667,28.0,47.4876305196821,48.9688004108471,50.8114230329164,1.4811698911650026,3.1190646384243266,3.3237925132343022,6.999280606044761
5996,"Insurance Investigators, Loss Adjusters and Risk Surveyors","Insurance Investigators, Loss Adjusters and Risk Surveyors conduct investigations into insurance claims to ensure their validity, inspect and assess the damage and loss to insured properties and businesses, estimate insurance costs, and inspect insured properties to evaluate conditions affecting underwriting standards.",9100,1995,41,800,41,651.66667,244.66667,154.0,169.33333,37.0,35.33333,3.0,4.0,4.33333,7.928095904529671,8.10883725541281,8.54932639042857,0.1807413508831397,2.27975737250951,0.6212304858988995,7.835809422335105
5997,Library Assistants,"Library Assistants issue, receive and shelve library items and maintain associated records.",6700,1779,48,-100,38,39.33333,13.0,5.33333,16.0,1.33333,1.66667,0.66667,1.33333,0.0,7.04756616739526,7.215631188571201,7.49870781920758,0.16806502117594047,2.384724274792532,0.45114165181231947,6.401382280019924
5999,Other Miscellaneous Clerical and Administrative Workers,"Other Clerical and Administrative Workers includes occupations such as Production Assistants (Film, Television, Radio or Stage), Proof Readers, Radio Despatchers, Clinical Coders and Facilities Administrators.",24600,1590,39,1500,42,277.0,99.33333,73.33333,54.33333,16.33333,25.33333,3.0,3.0,2.33333,21.864094854166,22.750986784098,24.175767728992103,0.8868919299319984,4.056385301324328,2.311672874826101,10.572918249051746
6111,"Auctioneers, and Stock and Station Agents","Auctioneers, and Stock and Station Agents sell property at auction, and advise and represent farmers in business transactions such as buying and selling livestock, rural property, and goods and services.",3000,,44,-200,49,4.66667,1.33333,1.66667,1.33333,0.0,0.33333,0.0,0.0,0.0,2.68241801552184,2.6853575713349103,2.81195786870582,0.0029395558130702604,0.10958604498107638,0.1295398531839802,4.829219474160868
6112,Insurance Agents,Insurance Agents represent insurance companies in selling insurance to clients.,17300,1559,40,800,41,554.0,185.33333,145.0,138.0,23.66667,43.66667,5.33333,5.0,8.0,16.7033614724549,16.435804404616903,17.1376344070974,-0.2675570678379984,-1.601815708049066,0.4342729346425003,2.5999134087988756
6113,Sales Representatives,Sales Representatives represent companies to sell their goods and business services to wholesale and retail establishments.,71800,1692,43,-400,42,2385.66667,796.66667,525.33333,579.33333,148.0,261.66667,33.66667,12.66667,28.33333,76.5353542745761,76.5364141520287,79.78492917604879,0.0010598774526044963,0.0013848207310860673,3.2495749014726982,4.245848121137081
6121,Real Estate Sales Agents,"Real Estate Sales Agents sell, lease and manage commercial and private properties, and broker the buying and selling of businesses.",103900,1504,43,900,44,1852.66667,560.33333,420.33333,491.33333,93.0,221.66667,11.66667,11.66667,42.66667,114.371371080783,123.006594501195,130.565654676571,8.63522342041199,7.550161669665341,16.194283595787994,14.159385729799126
6211,Sales Assistants (General),"Sales Assistants (General) sell goods and services, such as food, clothing, hardware, household appliances, office supplies and cosmetics, in retail and wholesale establishments.",562000,1241,23,9500,41,8674.33333,2511.66667,1919.0,2232.66667,604.0,999.33333,161.33333,86.66667,159.66667,569.428947215293,583.906932785986,609.1847504358419,14.477985570693022,2.542544709308412,39.755803220548955,6.981696911435353
6212,ICT Sales Assistants,ICT Sales Assistants sell computing and telecommunications related goods and services in retail and wholesale establishments.,13600,1178,35,-1100,42,7.66667,2.66667,2.0,1.66667,0.0,0.33333,1.0,0.0,0.0,16.0166655106878,16.551097815484002,17.3111435970734,0.5344323047962014,3.3367263893947134,1.294478086385599,8.082069801119362
6213,Motor Vehicle and Vehicle Parts Salespersons,"Motor Vehicle and Vehicle Parts Salespersons sell motor vehicles, boats, caravans, earthmoving equipment, vehicle accessories and parts in retail and wholesale establishments.",39100,1316,39,1900,43,847.0,235.33333,184.33333,211.33333,60.0,126.0,12.0,7.66667,10.33333,35.9764464489664,37.0018640513816,38.6190535518162,1.025417602415203,2.8502470466886907,2.6426071028498015,7.345381113719538
6214,Pharmacy Sales Assistants,"Pharmacy Sales Assistants sell pharmaceutical goods, toiletries and related goods in retail pharmacies (Pharmacy Technicians are not included here, they are included in Medical Technicians).",39900,1112,24,400,39,299.66667,69.66667,59.66667,100.0,42.66667,19.66667,3.0,1.33333,3.66667,42.5134624134299,43.5389135866388,45.292012288905795,1.0254511732089,2.4120622386309387,2.778549875475896,6.535694148962469
6215,Retail Supervisors,Retail Supervisors supervise and coordinate the activities of retail sales workers.,49400,1267,33,2200,42,212.33333,40.0,42.33333,63.33333,11.0,41.66667,3.66667,8.66667,1.66667,52.0668946331762,53.3683833404796,55.6186334181054,1.301488707303406,2.4996472642985665,3.5517387849291993,6.821491486965094
6216,Service Station Attendants,"Service Station Attendants sell fuel, lubricants and other automotive accessories, and perform minor maintenance on motor vehicles at service stations.",13300,1233,35,300,41,23.0,7.66667,2.66667,6.33333,1.66667,3.66667,0.0,0.66667,0.33333,12.8846518438647,13.197560880307199,13.730773390561,0.31290903644249823,2.4285408735471306,0.846121546696299,6.566894914581628
6217,Street Vendors and Related Salespersons,"Street Vendors and Related Salespersons sell goods and services on established routes, door-to-door, and at street and market locations.",5900,,31,200,44,15.33333,4.66667,6.66667,2.66667,0.33333,0.66667,0.33333,0.0,0.0,4.62586097009974,4.76841054562937,4.98558933370703,0.14254957552963,3.0815793308754893,0.35972836360728966,7.776462931602836
6219,Other Sales Assistants and Salespersons,Other Sales Assistants and Salespersons includes occupations such as Materials Recyclers and Rental Salespersons.,11100,1318,41,-2000,43,38.33333,10.33333,4.66667,11.33333,5.33333,4.0,1.33333,0.0,1.33333,15.4693359934891,15.9982131661411,16.7775145397912,0.5288771726520007,3.418874429223079,1.3081785463020985,8.456591458435572
6311,Checkout Operators and Office Cashiers,"Checkout Operators and Office Cashiers operate cash registers and receive payments from customers, and issue receipts and return change due.",119300,1077,23,-5100,39,72.66667,14.66667,13.33333,22.0,11.66667,8.33333,0.66667,0.66667,1.33333,125.172897767401,125.92954559076901,130.461966248046,0.756647823368013,0.6044821497813627,5.289068480645,4.225410272496257
6391,Models and Sales Demonstrators,"Models and Sales Demonstrators wear and display clothing and accessories and pose for art and photography, and demonstrate goods at commercial premises, exhibitions and private homes.",10200,,43,400,40,645.33333,216.0,155.66667,121.0,57.33333,57.66667,8.0,7.0,22.66667,11.3743514825641,11.4198214886776,11.894413381443101,0.045470006113500716,0.3997591087562426,0.5200618988790016,4.572233411955061
6392,Retail and Wool Buyers,"Retail and Wool Buyers select and buy goods for resale in retail establishments, and value and buy wool sold by wool growers.",6800,1535,41,-400,43,66.66667,23.33333,30.33333,7.66667,1.33333,4.0,0.0,0.0,0.0,6.8658413816326105,6.8824101400452005,7.14562771400316,0.01656875841258998,0.24132160199497846,0.2797863323705494,4.07504800677495
6393,Telemarketers,"Telemarketers telephone existing and prospective customers to promote goods and services, and obtain sales and arrange sales visits.",5500,,39,300,40,58.33333,12.0,14.66667,21.0,1.33333,7.0,1.66667,0.66667,0.0,5.31813268244772,5.37129930939237,5.606775290215049,0.05316662694465002,0.9997235894494378,0.2886426077673292,5.427517984272607
6394,Ticket Salespersons,"Ticket Salespersons sell tickets and make reservations for services such as travel and admission to sporting and entertainment venues, and collect fares on transport vehicles.",18300,1276,28,500,41,51.66667,14.33333,13.33333,13.66667,2.0,4.33333,1.0,2.33333,0.66667,21.1948592369475,21.237721183096202,22.3419442461551,0.04286194614870098,0.2022280293043078,1.1470850092076006,5.412090716828014
6395,Visual Merchandisers,"Visual Merchandisers plan and install internal, window and fixed displays to show goods to their best advantage.",7400,1200,43,-200,40,74.33333,18.66667,20.66667,19.0,3.33333,7.33333,1.0,0.33333,4.0,8.2342677373462,8.25750658294093,8.58547206932201,0.023238845594731217,0.28222115597884123,0.35120433197581136,4.265155605554794
6399,Other Sales Support Workers,This group includes Sales Support Workers not covered elsewhere.,6500,1363,27,-200,40,184.66667,44.0,20.33333,52.66667,26.66667,31.66667,1.66667,5.66667,2.0,7.2721788102532905,7.2757515791106,7.54504722123615,0.003572768857309505,0.049129276803152,0.2728684109828592,3.7522236196686034
7111,"Clay, Concrete, Glass and Stone Processing Machine Operators","Clay, Concrete, Glass and Stone Processing Machine Operators operate machines to manufacture and finish a variety of clay, concrete, glassware and stone products by extruding, shaping, mixing, grinding, cutting and other processes.",2700,1716,43,-100,44,1.33333,0.33333,0.33333,0.66667,0.0,0.0,0.0,0.0,0.0,2.51872120328388,2.5583372803488302,2.66896862875613,0.03961607706495007,1.5728647145741688,0.15024742547224967,5.965226531477909
7112,Industrial Spraypainters,Industrial Spraypainters operate spray painting equipment to paint and apply other industrial coatings to manufactured items (Vehicle Painters are shown separately).,5900,,40,-100,44,209.66667,46.0,48.33333,64.0,15.66667,33.33333,1.0,0.33333,1.0,6.28310051790221,6.38298943703821,6.645384049584189,0.09988891913600018,1.5898029778672218,0.362283531681979,5.765999296839796
7113,Paper and Wood Processing Machine Operators,"Paper and Wood Processing Machine Operators operate machines to manufacture paper packaging and other paper products, fibreboard stock, logs, plywood, particle board, solid laminate and similar timber products.",5100,1451,45,-600,43,16.66667,4.0,5.66667,2.66667,0.66667,3.33333,0.33333,0.0,0.0,6.15375125259841,6.052713671307081,6.201653708880349,-0.10103758129132956,-1.6418860162517395,0.04790245628193901,0.7784269190554669
7114,Photographic Developers and Printers,"Photographic Developers and Printers edit and adjust digital images, develop photographic film, and print photographic images from digital media, negatives and positives using computer software, fully automatic equipment and by separate processes.",1300,1406,43,0,39,2.66667,0.66667,1.33333,0.66667,0.0,0.0,0.0,0.0,0.0,0.9329178329503439,0.935159305108294,0.979009748750191,0.0022414721579501196,0.24026469199988224,0.04609191579984706,4.940619009723698
7115,Plastics and Rubber Production Machine Operators,Plastics and Rubber Production Machine Operators operate machines to manufacture and finish plastic and rubber products.,8100,1708,44,300,45,48.0,7.33333,6.0,10.66667,4.0,19.33333,0.33333,0.33333,0.0,7.30407503964044,7.3785019789947,7.67737690328395,0.07442693935426004,1.018978295681966,0.37330186364350926,5.110871145456987
7116,Sewing Machinists,Sewing Machinists operate industrial sewing machines to sew and finish garments and soft furnishings such as curtains.,6500,1067,53,-200,40,98.0,31.0,22.33333,21.0,10.0,7.33333,4.66667,1.33333,0.33333,6.04788916346742,6.173808175229611,6.50373535590522,0.1259190117621909,2.082032397729956,0.4558461924378001,7.537277554479043
7117,Textile and Footwear Production Machine Operators,"Textile and Footwear Production Machine Operators operate machines to process raw hides and skins, raw textile fibres, and dye, weave and knit fibres for use in textile and footwear production.",1600,1225,46,-100,43,15.33333,3.0,6.0,4.66667,0.33333,1.0,0.33333,0.0,0.0,1.6825059848182,1.6699558538984098,1.7414281589643001,-0.012550130919790181,-0.7459189466803746,0.058922174146100126,3.5020484133651895
7119,Other Machine Operators,"Other Machine Operators includes a range of occupations such as Chemical Production Machine Operators, Motion Picture Projectionists, Sand Blasters and Sterilisation Technicians.",11800,1554,44,-100,43,824.66667,225.66667,185.33333,242.66667,77.33333,77.66667,3.66667,8.33333,4.0,13.6472250551511,14.149244721340699,14.877069986396,0.5020196661895984,3.678547574036765,1.2298449312448998,9.011684985591256
7121,"Crane, Hoist and Lift Operators","Crane, Hoist and Lift Operators operate stationary and mobile cranes, hoists, lifts and winches to lift, move and place materials, equipment and people in areas such as building sites, factories, mines, sawmills, wharves and shipyards.",20200,3411,46,2400,50,386.33333,86.33333,51.0,95.66667,27.33333,116.0,4.0,5.33333,0.66667,15.2405457197944,15.789906499492899,16.4354170089771,0.5493607796984996,3.6046004506583422,1.1948712891827018,7.84008204923269
7122,"Drillers, Miners and Shot Firers","Drillers, Miners and Shot Firers assemble, position and operate drilling rigs and mining plant, and detonate explosives to extract materials from the earth and demolish structures.",72000,2908,40,3000,64,988.33333,131.66667,34.0,254.66667,48.33333,486.66667,14.66667,16.33333,2.0,64.1267538230051,66.5331220953732,67.86006916108839,2.4063682723680984,3.752518455884832,3.733315338083287,5.821775024489048
7123,Engineering Production Workers,"Engineering Production Workers perform a range of production process tasks to refine and treat metals and mineral ore, fire ceramics, and operate plant to produce and finish metal products such as rods, tubing and structural shapes, and moulds for casting.",20100,1656,41,-400,44,184.0,48.0,48.33333,45.66667,14.0,23.33333,2.33333,0.66667,1.66667,23.0271175504189,24.4868971718921,25.7057300788484,1.4597796214731993,6.339393622657924,2.6786125284295004,11.632426518710206
7129,Other Stationary Plant Operators,"Other Stationary Plant Operators includes a range of occupations such as Boiler or Engine Operators, Bulk Materials Handling Plant Operators, Cement Production Plant Operators, Concrete Batching Plant Operators, Concrete Pump Operators, Paper and Pulp Mill Operators, Railway Signal Operators, Train Controllers, Waste Water or Water Plant Operators and Weighbridge Operators.",24100,2019,40,-300,49,416.33333,75.33333,56.33333,130.0,36.0,102.0,7.0,7.33333,2.33333,25.454566406368098,26.223868369063702,27.201728938771698,0.7693019626956037,3.0222552229494806,1.7471625324035998,6.86384715618846
7211,"Agricultural, Forestry and Horticultural Plant Operators","Agricultural, Forestry and Horticultural Plant Operators operate agricultural, forestry and horticultural plant to clear and cultivate land, sow and harvest crops, and fell trees and move logs.",15700,1403,37,-100,49,83.33333,14.66667,13.33333,21.33333,6.0,24.33333,1.33333,1.33333,1.0,16.1220716834281,16.0495479992991,16.760523135504698,-0.07252368412899912,-0.4498409730031552,0.6384514520765983,3.960108009771867
7212,Earthmoving Plant Operators,"Earthmoving Plant Operators operate plant to excavate earth, ore and rock, break up pavement, road, rock and obstructions, move and load earth, rock and debris, and level, smooth and compact surfaces in construction and other projects.",51400,1900,44,300,50,1342.33333,247.33333,143.0,461.66667,110.0,335.0,7.33333,27.33333,10.66667,48.6442720473878,49.2314458223243,50.734370799653696,0.5871737749364954,1.2070769079748755,2.090098752265895,4.296700647981294
7213,Forklift Drivers,"Forklift Drivers operate forklifts to move bulk materials, containers, crates, palletised goods, cartons and bales.",71300,1340,41,1200,42,1878.33333,573.0,362.0,593.66667,124.66667,195.33333,12.66667,9.66667,7.33333,69.0850718975789,68.985658234081,71.47226837280469,-0.0994136634978986,-0.14390035468919093,2.3871964752257924,3.455444728732275
7219,Other Mobile Plant Operators,"Other Mobile Plant Operators includes a number of occupation such as Aircraft Baggage Handlers and Airline Ground Crew, Linemarkers, Paving Plant Operators, Railway Track Plant Operators, Road Roller Operators and Streetsweeper Operators.",13100,1696,37,100,46,347.0,73.33333,39.0,97.33333,22.66667,102.33333,3.66667,7.66667,1.0,13.7615232051622,13.6820374504295,14.2743499940042,-0.07948575473270125,-0.5775941627078366,0.5128267888420002,3.7265263531992545
7311,Automobile Drivers,Automobile Drivers drive motor cars to transport passengers to destinations.,50800,,45,-1400,46,49.0,14.66667,5.66667,10.66667,12.33333,4.0,0.33333,0.66667,0.66667,55.040482827532806,57.2126657883737,60.162563075136,2.1721829608408925,3.9465187244947373,5.1220802476031935,9.306023465769789
7312,Bus and Coach Drivers,Bus and Coach Drivers drive buses and coaches to transport passengers over established and special routes.,40800,1795,54,-200,42,373.0,110.66667,59.66667,91.0,27.33333,57.33333,14.66667,8.66667,3.66667,40.249094066861396,41.8549586992933,43.9676353160941,1.6058646324319028,3.989815596257288,3.7185412492327075,9.238819743509017
7313,Train and Tram Drivers,Train and Tram Drivers drive trains and trams to transport passengers and freight on rail networks.,18700,3001,47,1500,44,92.33333,31.33333,7.0,34.33333,4.0,13.0,0.0,2.66667,0.0,17.539124558561603,18.0919779068279,18.638984781259797,0.5528533482662965,3.152114841424197,1.0998602226981937,6.2708957851679346
7321,Delivery Drivers,Delivery Drivers drive vans and cars to deliver goods.,85500,1308,38,600,43,959.33333,262.0,155.33333,294.66667,79.0,111.0,22.66667,13.33333,21.33333,91.5958057396724,103.55266550647,111.106903358239,11.956859766797606,13.053938081816332,19.511097618566595,21.301300273529726
7331,Truck Drivers,"Truck Drivers drive heavy trucks, removal vans, tankers and tow trucks to transport bulky goods and liquids.",195800,1960,45,200,49,2795.0,676.33333,373.33333,880.33333,212.66667,525.33333,42.33333,46.66667,38.0,189.199802352218,190.349915338305,196.851535960306,1.1501129860870094,0.6078827629776995,7.651733608087994,4.044260888731469
7411,Storepersons,"Storepersons receive, handle and despatch goods in stores and warehouses.",166600,1328,35,2400,41,2248.33333,554.66667,399.0,656.33333,174.66667,368.33333,26.66667,40.66667,28.0,175.683264210483,188.365596926457,199.001355750987,12.682332715973985,7.218862179598112,23.318091540503985,13.272801848995128
8111,Car Detailers,"Car Detailers wash and clean exteriors and interiors of motor vehicles, and touch up paint work, glass and upholstery to prepare them for sale or rent.",17200,1240,33,-500,41,150.33333,37.33333,22.0,58.66667,13.66667,12.66667,3.0,1.66667,1.33333,17.3699780357491,17.1172445541823,17.6856253680233,-0.25273348156679987,-1.455001733719236,0.3156473322741995,1.8172005262445736
8112,Commercial Cleaners,"Commercial Cleaners clean offices, residential complexes, hospitals, schools, industrial work areas, industrial machines, construction sites and other commercial premises using heavy duty cleaning equipment.",150100,1254,42,-1200,42,1858.0,515.33333,399.66667,485.0,166.33333,213.33333,26.33333,30.0,22.0,153.027959409055,153.587501939836,159.875206660774,0.5595425307809876,0.3656472535749426,6.847247251719011,4.474507324126185
8113,Domestic Cleaners,"Domestic Cleaners clean and tidy private dwellings such as houses, units, flats, apartments and townhouses.",36000,1302,42,200,42,36.66667,7.66667,9.33333,9.66667,6.66667,3.0,0.0,0.0,0.33333,32.4935649477784,32.827824241722304,34.165148235789296,0.3342592939439015,1.0286938182409406,1.6715832880108934,5.1443517837989035
8114,Housekeepers,"Housekeepers perform cleaning and housekeeping duties in hotels, motels and other commercial premises, and in private residences.",36300,1230,40,2200,45,688.33333,214.33333,138.33333,183.0,55.33333,64.0,11.0,11.66667,10.66667,32.931633763246204,32.4924041168888,34.3227881781932,-0.43922964635740414,-1.3337620888023247,1.391154414946996,4.224371086318872
8115,Laundry Workers,"Laundry Workers sort, clean, fold, iron and package linen, clothing and other items in laundries and drycleaning establishments, and private residences.",16700,1154,45,1700,41,92.33333,27.33333,28.66667,18.66667,5.0,9.0,1.0,1.66667,1.0,14.182851003689601,14.1264837581347,14.7695233712395,-0.05636724555490069,-0.39743240297904153,0.5866723675498999,4.136491086293439
8116,Other Cleaners,"Other Cleaners clean surfaces, materials and objects, such as carpets, windows, walls, swimming pools and cooling towers, using specialised cleaning equipment and chemicals. Carpet Cleaners and Window Cleaners are included here.",14300,1342,42,300,42,74.33333,17.0,16.33333,20.66667,5.66667,10.33333,2.0,0.0,2.33333,13.3951282743445,13.4114503575992,13.9085947975757,0.01632208325469975,0.12185089176011255,0.5134665232311999,3.833233342114648
8211,Building and Plumbing Labourers,"Building and Plumbing Labourers perform a variety of routine tasks associated with erecting and repairing structures and facilities, maintaining stormwater, drainage and sewerage systems, excavating earth and clearing and levelling sites, and installing and maintaining piping systems, fixtures and water regulators.",70000,1827,32,-100,44,928.33333,207.66667,107.33333,301.0,88.0,178.66667,12.0,20.0,13.66667,73.04346404459979,75.2256633649747,77.69469964826159,2.182199320374906,2.9875353653031453,4.651235603661803,6.367764268164764
8212,Concreters,"Concreters pour, spread, smooth and finish concrete for structures such as floors, stairs, ramps, footpaths and bridges.",44600,2209,35,3200,45,162.66667,31.0,20.33333,56.0,12.33333,37.66667,0.66667,0.66667,4.0,36.4445576339498,37.2956055602272,38.517085962047595,0.8510479262774027,2.33518522799852,2.072528328097796,5.68679787230327
8213,Fencers,Fencers erect and repair fences and gates.,13200,1249,46,100,45,42.0,5.0,11.33333,9.0,4.33333,9.33333,1.33333,0.66667,1.0,13.8538127221184,14.1095349224018,14.5884198745564,0.2557222002833992,1.8458615358292245,0.7346071524380005,5.30256303569889
8214,Insulation and Home Improvement Installers,"Insulation and Home Improvement Installers install a variety of insulation materials to improve resistance to heat, cold, air, sound and moisture, and install functional and decorative home improvements.",25900,1606,38,-400,43,76.0,13.33333,11.66667,18.0,10.66667,19.66667,1.0,1.33333,0.33333,27.3488858869323,28.1749721048472,29.1224458217901,0.8260862179148987,3.02054797160719,1.7735599348578006,6.484944001705142
8215,Paving and Surfacing Labourers,"Paving and Surfacing Labourers perform routine tasks associated in laying bituminous and other paving materials on roads, runways, parking areas and other surfaces to be paved.",7000,1383,44,0,44,15.66667,4.66667,4.33333,3.66667,1.0,1.66667,0.33333,0.0,0.0,6.90754443495563,6.751129335639,6.943983060309289,-0.15641509931663045,-2.2644096001046594,0.03643862535365905,0.5275192320046669
8216,Railway Track Workers,"Railway Track Workers lay and repair tracks for railways, tramways, quarries and mines, and install and repair signals and other equipment.",5600,,38,-100,48,26.33333,5.33333,1.0,5.66667,1.33333,12.33333,0.0,0.33333,0.33333,5.7644205211378905,5.67971230828051,5.83558002126234,-0.08470821285738062,-1.4695009246247583,0.07115950012444916,1.2344605995261837
8217,Structural Steel Construction Workers,"Structural Steel Construction Workers assemble rigging gear to move and position equipment and structural components, erect scaffolding, position and secure steel reinforcing in concrete forms, and erect and dismantle structural steel frames.",26100,2910,34,1000,49,360.66667,56.66667,23.66667,93.0,23.33333,155.0,0.66667,7.33333,1.0,26.3765177281972,26.711106517782902,27.5861118379681,0.3345887895857018,1.268510093081838,1.2095941097709009,4.585874914328864
8219,Other Construction and Mining Labourers,"Other Construction and Mining Labourers includes occupations such as Crane Chasers, Driller's Assistants, Laggers, Mining Support Workers and Surveyor's Assistants.",8900,,35,500,59,118.33333,21.33333,3.66667,24.0,5.0,62.33333,0.33333,1.0,0.66667,7.89583182527222,7.86394045819795,7.972897806146969,-0.03189136707426954,-0.4039012960255146,0.07706598087474958,0.976033717284659
8311,Food and Drink Factory Workers,Food and Drink Factory Workers perform routine tasks in manufacturing food and beverages.,27900,1647,44,-600,42,115.0,32.0,23.66667,21.33333,22.0,10.33333,5.33333,0.33333,0.0,28.1354185056183,27.9054795585168,28.9098512186562,-0.22993894710150187,-0.8172579592359213,0.7744327130378998,2.7525189038267017
8312,"Meat Boners and Slicers, and Slaughterers","Meat Boners and Slicers, and Slaughterers trim and cut meat from bones, sides and carcasses, and slaughter livestock in abattoirs.",7500,1627,38,200,40,41.33333,7.66667,8.0,15.33333,3.0,5.66667,1.33333,0.33333,0.0,5.6022420766516,5.29129328210795,5.41397781161352,-0.3109487945436502,-5.550434813225725,-0.1882642650380797,-3.3605164229283577
8313,"Meat, Poultry and Seafood Process Workers","Meat, Poultry and Seafood Process Workers slaughter and eviscerate poultry, and process, grade and package meat, poultry, fish and shellfish.",14600,1244,39,0,41,63.0,15.33333,20.0,16.66667,2.0,6.0,1.66667,1.33333,0.0,13.5745192652263,12.9613960683715,13.3037677089059,-0.6131231968548008,-4.516721254545137,-0.27075155632040016,-1.9945572364686353
8321,Packers,"Packers weigh, wrap, seal and label chocolate, fruit, vegetables, meat, seafood and other products.",54400,1366,36,-3300,40,541.66667,161.66667,133.66667,152.0,43.33333,41.66667,4.33333,3.0,2.0,59.6328520047444,59.048711389910906,61.207565545261296,-0.584140614833494,-0.979561760331402,1.5747135405168962,2.640681247966493
8322,Product Assemblers,"Product Assemblers put together components and subassemblies that go into the production of metal products, electrical and electronic equipment, jewellery and precious metal articles, and joinery products.",24500,1196,42,-100,40,207.33333,55.33333,65.33333,47.0,18.0,18.0,2.0,0.0,1.66667,27.427151758289803,28.0314141163893,29.456894747406,0.604262358099497,2.2031538798659978,2.0297429891161975,7.400487688273033
8391,Metal Engineering Process Workers,Metal Engineering Process Workers perform routine tasks in manufacturing metal products.,7500,1212,46,-900,42,15.0,1.66667,1.0,7.66667,2.0,2.33333,0.0,0.33333,0.0,7.9876581469831,8.0953446844757,8.40040650514786,0.10768653749259993,1.3481615701502276,0.41274835816475974,5.167326274731134
8392,Plastics and Rubber Factory Workers,Plastics and Rubber Factory Workers perform routine tasks in manufacturing plastic and rubber products.,2000,1609,44,100,40,0.33333,0.0,0.0,0.33333,0.0,0.0,0.0,0.0,0.0,1.4888229285889398,1.47370861896712,1.53657772162309,-0.01511430962181981,-1.015185172903314,0.0477547930341502,3.2075535724997675
8393,Product Quality Controllers,Product Quality Controllers examine manufactured products and primary produce to ensure conformity to specifications and standards of presentation and quality.,12400,1404,46,-100,42,520.0,147.33333,126.66667,118.0,31.0,54.66667,6.0,4.33333,32.0,11.5269156013335,11.330635224084201,11.758806886689799,-0.19628037724929825,-1.7028005065517389,0.23189128535629955,2.0117375139753175
8394,Timber and Wood Process Workers,"Timber and Wood Process Workers perform routine tasks in paper and pulp mills, sawmills, timber yards, and wood processing and timber products factories.",4100,,31,-300,41,16.0,4.0,3.0,2.66667,4.0,2.0,0.33333,0.0,0.0,4.17172578290641,3.9824827453918803,4.02652403876649,-0.18924303751452998,-4.536324949495739,-0.14520174413992049,-3.4806157378532085
8399,Other Factory Process Workers,"Other Factory Process Workers includes a number of occupations such as Cement and Concrete Plant Workers, Chemical Plant Workers, Clay Processing Factory Workers, Fabric and Textile Factory Workers, Footwear Factory Workers, Glass Processing Workers, Hide and Skin Processing Workers and Recycling Workers.",11300,1519,37,-400,41,331.33333,96.33333,70.33333,93.66667,33.33333,28.66667,6.33333,1.66667,1.0,12.3948170479626,12.358455681997501,12.852203790495299,-0.036361365965099424,-0.29335944067908876,0.45738674253269807,3.690145169249441
8411,Aquaculture Workers,Aquaculture Workers perform routine tasks in breeding and raising fish and other aquatic stock.,1000,,45,100,46,1.33333,0.33333,0.33333,0.33333,0.0,0.0,0.0,0.33333,0.0,0.745719369369206,0.813712301858164,0.8801083174394619,0.06799293248895799,9.117764038564841,0.13438894807025592,18.02138359151563
8412,Crop Farm Workers,"Crop Farm Workers perform routine tasks in producing crops such as fruit, nuts, grains, vegetables and mushrooms.",18400,,33,-1600,42,85.0,16.33333,17.33333,23.0,6.0,12.33333,8.33333,1.66667,0.0,24.0002556979324,24.0295210270435,25.3316753071237,0.02926532911110158,0.12193757216354476,1.3314196091913004,5.54752260121129
8413,Forestry and Logging Workers,"Forestry and Logging Workers perform routine tasks associated in cultivating and maintaining natural and plantation forests, and logging, felling and sawing trees. Tree Surgeons not included here, they are included under Gardeners.",2200,,51,0,45,26.0,3.66667,6.33333,5.33333,2.33333,8.0,0.0,0.0,0.33333,2.14429191831199,2.1587653305589303,2.27903331048672,0.01447341224694032,0.6749739680189603,0.13474139217473002,6.283724292576727
8414,Garden and Nursery Labourers,"Garden and Nursery Labourers perform a variety of routine tasks in propagating, cultivating and maintaining plants in gardens and horticultural nurseries.",35200,,42,800,41,259.66667,59.0,54.66667,69.0,23.66667,42.66667,2.0,3.0,5.66667,32.4256469428983,32.850009662805,34.149877213620606,0.4243627199067035,1.3087255303001604,1.724230270722309,5.31748918921706
8415,Livestock Farm Workers,"Livestock Farm Workers perform routine tasks in livestock, egg and wool production.",29600,,37,0,47,151.0,30.33333,67.66667,23.33333,11.33333,11.0,5.33333,1.33333,0.66667,28.3461534712295,27.6989771313213,28.8700460014767,-0.6471763399081993,-2.283118732723521,0.5238925302472026,1.8481961962808744
8416,Mixed Crop and Livestock Farm Workers,Mixed Crop and Livestock Farm Workers perform routine tasks in crop cultivation and animal production.,3200,,33,-300,46,170.66667,52.0,27.0,42.33333,14.0,20.66667,8.33333,6.33333,0.0,3.9853773071515803,3.91216901909293,4.08876081349451,-0.07320828805865043,-1.8369223894380453,0.10338350634292937,2.5940707334638633
8419,"Other Farm, Forestry and Garden Workers","Other Farm, Forestry and Garden Workers includes a range of occupations such as Hunter-Trappers and Pest Controllers.",16500,,42,700,43,115.0,31.66667,17.66667,38.33333,8.66667,11.66667,2.33333,2.66667,2.0,17.0993431054035,17.1961867308223,17.813071416526302,0.09684362541880276,0.5663587473614679,0.7137283111228037,4.174010116781978
8511,Fast Food Cooks,Fast Food Cooks prepare a restricted range of foods in fast food establishments.,48800,977,18,-200,44,28.33333,6.0,8.33333,7.33333,3.66667,3.0,0.0,0.0,0.0,50.159240548347,51.275167683183795,53.7437989981845,1.1159271348367952,2.2247688015953635,3.584558449837502,7.146357103199065
8512,Food Trades Assistants,"Food Trades Assistants assist Food Trades Workers by performing routine food preparation, cleaning and storage tasks.",4400,1380,30,-300,40,24.0,3.0,3.33333,6.66667,7.66667,2.66667,0.66667,0.0,0.0,4.54992785091373,4.57969134989607,4.74723178469502,0.029763498982339875,0.6541532076461978,0.1973039337812903,4.336418955339416
8513,Kitchenhands,"Kitchenhands assist kitchen and service staff in preparing and serving food, and clean food preparation and service areas.",149500,1292,22,100,42,785.33333,207.0,198.33333,197.0,68.0,73.0,19.0,12.0,11.0,151.62699209886998,156.63460085556198,164.967004952952,5.007608756692008,3.302583984140992,13.340012854082033,8.797914322130413
8911,Freight and Furniture Handlers,"Freight and Furniture Handlers load and unload trucks, containers and rail cars, and transfer cargo between ships and other forms of transport and storage facilities.",16100,1652,29,500,43,186.0,44.0,24.33333,63.66667,12.0,29.66667,4.0,6.66667,1.66667,14.7319944427054,14.490259474644,14.953536702912201,-0.24173496806139916,-1.6408841925751274,0.22154226020680134,1.5038171584194344
8912,Shelf Fillers,Shelf Fillers fill up shelves and display areas in stores and supermarkets.,71800,1022,23,300,39,56.0,11.0,4.0,14.66667,6.66667,14.33333,3.66667,0.33333,1.33333,72.0204127935346,70.2469013344693,72.08001424977411,-1.773511459065304,-2.4625122104611363,0.059601456239505524,0.08275633799874033
8991,Caretakers,"Caretakers maintain and clean residential buildings, schools, offices, holiday camps, caravan parks and associated grounds.",6100,1383,51,-400,41,121.33333,35.33333,24.66667,24.66667,8.0,13.66667,6.0,6.33333,2.66667,7.05343211213442,7.08127913529296,7.32738109026601,0.027847023158540374,0.3948010375067417,0.2739489781315898,3.8839103258724195
8992,Deck and Fishing Hands,"Deck and Fishing Hands maintain ships' equipment and structures, and catch fish, crustacea and molluscs.",7100,1720,31,100,56,26.0,2.0,3.33333,10.0,2.0,6.66667,0.0,1.66667,0.33333,6.29888078169052,6.22097002207944,6.48622892354444,-0.07791075961107996,-1.2368984635738722,0.1873481418539198,2.9743084263239306
8993,Handypersons,"Handypersons clean, paint, repair and maintain buildings, grounds and facilities.",43400,1538,53,0,42,727.0,190.33333,138.66667,190.66667,65.33333,99.0,11.33333,18.33333,13.33333,43.8254458491823,45.4047818443102,47.244491926116304,1.5793359951278987,3.603696356137278,3.419046076934002,7.80150894231643
8994,Motor Vehicle Parts and Accessories Fitters,Motor Vehicle Parts and Accessories Fitters fit and replace parts and accessories on motor vehicles.,15400,,38,600,44,218.66667,47.0,28.33333,75.66667,14.0,47.33333,2.66667,2.0,1.66667,14.2585875417107,14.366340441845999,14.9164723071517,0.10775290013529926,0.7557052886205544,0.6578847654410005,4.613954667785205
8995,Printing Assistants and Table Workers,"Printing Assistants and Table Workers perform routine printing tasks, operate bindery machines and perform manual binding and finishing of books and printed products.",2400,1253,39,-100,41,77.0,23.0,24.33333,12.0,7.33333,9.33333,0.33333,0.33333,0.33333,2.52191708657186,2.41113000806055,2.51989044455353,-0.11078707851131009,-4.392970692859188,-0.002026642018329916,-0.08036116766569869
8996,Recycling and Rubbish Collectors,"Recycling and Rubbish Collectors collect household, commercial and industrial waste for recycling and disposal.",3400,1462,39,-200,43,22.66667,5.33333,5.33333,7.33333,0.66667,3.66667,0.0,0.33333,0.0,3.6225589789068797,3.68389113936359,3.7992431747913202,0.061332160456710305,1.6930617503767325,0.1766841958844405,4.8773311052552035
8997,Vending Machine Attendants,Vending Machine Attendants stock and maintain vending and amusement machines and collect money from coin boxes.,4500,1150,32,0,40,6.0,1.0,1.33333,2.33333,0.33333,1.0,0.0,0.0,0.0,3.73274213753319,3.72719835134958,3.89598086312192,-0.005543786183610067,-0.14851779146131208,0.16323872558872976,4.373158379930505
8999,Other Miscellaneous Labourers,"Other Labourers includes a wide variety of occupations such as Bicycle Mechanics, Car Park Attendants, Crossing Supervisors, Electrical or Telecommunications Trades Assistants, Leaflet or Newspaper Deliverers, Mechanic's Assistants, Railways Assistants, Sign Erectors, Ticket Collectors or Ushers, Trolley Collectors and Road Traffic Controllers.",73300,1543,35,2500,45,3821.66667,1052.0,606.33333,1219.0,294.66667,503.66667,53.66667,45.33333,47.0,68.5910301566426,69.1554869235965,71.4984654792397,0.5644567669538958,0.8229308783740898,2.9074353225970953,4.238798157656083
