anzsic_level,nfd_indicator,anzsic_code,anzsic_title,industry_1_digit_code,date,employment_thousands
1,N,A,"Agriculture, Forestry and Fishing",A,1986-08-01,420.379189452738
1,N,A,"Agriculture, Forestry and Fishing",A,1986-11-01,421.220661873645
1,N,A,"Agriculture, Forestry and Fishing",A,1987-02-01,422.062884040948
1,N,A,"Agriculture, Forestry and Fishing",A,1987-05-01,422.922811680982
1,N,A,"Agriculture, Forestry and Fishing",A,1987-08-01,423.816638414767
1,N,A,"Agriculture, Forestry and Fishing",A,1987-11-01,424.741031637636
1,N,A,"Agriculture, Forestry and Fishing",A,1988-02-01,425.659316284311
1,N,A,"Agriculture, Forestry and Fishing",A,1988-05-01,426.488409884585
1,N,A,"Agriculture, Forestry and Fishing",A,1988-08-01,427.152688281841
1,N,A,"Agriculture, Forestry and Fishing",A,1988-11-01,427.581400132862
1,N,A,"Agriculture, Forestry and Fishing",A,1989-02-01,427.718481528745
1,N,A,"Agriculture, Forestry and Fishing",A,1989-05-01,427.535057880667
1,N,A,"Agriculture, Forestry and Fishing",A,1989-08-01,427.014407551227
1,N,A,"Agriculture, Forestry and Fishing",A,1989-11-01,426.149556686952
1,N,A,"Agriculture, Forestry and Fishing",A,1990-02-01,424.897351589178
1,N,A,"Agriculture, Forestry and Fishing",A,1990-05-01,423.224970983868
1,N,A,"Agriculture, Forestry and Fishing",A,1990-08-01,421.093219772143
1,N,A,"Agriculture, Forestry and Fishing",A,1990-11-01,418.512442588508
1,N,A,"Agriculture, Forestry and Fishing",A,1991-02-01,415.516059452241
1,N,A,"Agriculture, Forestry and Fishing",A,1991-05-01,412.225379550022
1,N,A,"Agriculture, Forestry and Fishing",A,1991-08-01,408.790516820668
1,N,A,"Agriculture, Forestry and Fishing",A,1991-11-01,405.389530773989
1,N,A,"Agriculture, Forestry and Fishing",A,1992-02-01,402.147663067025
1,N,A,"Agriculture, Forestry and Fishing",A,1992-05-01,399.185707049794
1,N,A,"Agriculture, Forestry and Fishing",A,1992-08-01,396.588191061131
1,N,A,"Agriculture, Forestry and Fishing",A,1992-11-01,394.388809793401
1,N,A,"Agriculture, Forestry and Fishing",A,1993-02-01,392.586328176942
1,N,A,"Agriculture, Forestry and Fishing",A,1993-05-01,391.179473004811
1,N,A,"Agriculture, Forestry and Fishing",A,1993-08-01,390.17936559814
1,N,A,"Agriculture, Forestry and Fishing",A,1993-11-01,389.539442238131
1,N,A,"Agriculture, Forestry and Fishing",A,1994-02-01,389.227832979601
1,N,A,"Agriculture, Forestry and Fishing",A,1994-05-01,389.248693795459
1,N,A,"Agriculture, Forestry and Fishing",A,1994-08-01,389.596260972472
1,N,A,"Agriculture, Forestry and Fishing",A,1994-11-01,390.257338786265
1,N,A,"Agriculture, Forestry and Fishing",A,1995-02-01,391.22389810959
1,N,A,"Agriculture, Forestry and Fishing",A,1995-05-01,392.477240076734
1,N,A,"Agriculture, Forestry and Fishing",A,1995-08-01,394.003857220216
1,N,A,"Agriculture, Forestry and Fishing",A,1995-11-01,395.746312276336
1,N,A,"Agriculture, Forestry and Fishing",A,1996-02-01,397.632271962874
1,N,A,"Agriculture, Forestry and Fishing",A,1996-05-01,399.623035375306
1,N,A,"Agriculture, Forestry and Fishing",A,1996-08-01,401.704062061308
1,N,A,"Agriculture, Forestry and Fishing",A,1996-11-01,403.86911204963
1,N,A,"Agriculture, Forestry and Fishing",A,1997-02-01,406.105512429877
1,N,A,"Agriculture, Forestry and Fishing",A,1997-05-01,408.378569148465
1,N,A,"Agriculture, Forestry and Fishing",A,1997-08-01,410.672791982658
1,N,A,"Agriculture, Forestry and Fishing",A,1997-11-01,412.956191112313
1,N,A,"Agriculture, Forestry and Fishing",A,1998-02-01,415.171931040443
1,N,A,"Agriculture, Forestry and Fishing",A,1998-05-01,417.300018498125
1,N,A,"Agriculture, Forestry and Fishing",A,1998-08-01,419.330561786703
1,N,A,"Agriculture, Forestry and Fishing",A,1998-11-01,421.242520546718
1,N,A,"Agriculture, Forestry and Fishing",A,1999-02-01,423.002976806682
1,N,A,"Agriculture, Forestry and Fishing",A,1999-05-01,424.525344726168
1,N,A,"Agriculture, Forestry and Fishing",A,1999-08-01,425.714879018643
1,N,A,"Agriculture, Forestry and Fishing",A,1999-11-01,426.481947156579
1,N,A,"Agriculture, Forestry and Fishing",A,2000-02-01,426.762302004016
1,N,A,"Agriculture, Forestry and Fishing",A,2000-05-01,426.498353082765
1,N,A,"Agriculture, Forestry and Fishing",A,2000-08-01,425.658333863694
1,N,A,"Agriculture, Forestry and Fishing",A,2000-11-01,424.214217230682
1,N,A,"Agriculture, Forestry and Fishing",A,2001-02-01,422.169145929545
1,N,A,"Agriculture, Forestry and Fishing",A,2001-05-01,419.525854250316
1,N,A,"Agriculture, Forestry and Fishing",A,2001-08-01,416.255006638284
1,N,A,"Agriculture, Forestry and Fishing",A,2001-11-01,412.333068777158
1,N,A,"Agriculture, Forestry and Fishing",A,2002-02-01,407.809227510937
1,N,A,"Agriculture, Forestry and Fishing",A,2002-05-01,402.789800031595
1,N,A,"Agriculture, Forestry and Fishing",A,2002-08-01,397.439854138712
1,N,A,"Agriculture, Forestry and Fishing",A,2002-11-01,391.977602065797
1,N,A,"Agriculture, Forestry and Fishing",A,2003-02-01,386.616948967474
1,N,A,"Agriculture, Forestry and Fishing",A,2003-05-01,381.493473691111
1,N,A,"Agriculture, Forestry and Fishing",A,2003-08-01,376.65792948338
1,N,A,"Agriculture, Forestry and Fishing",A,2003-11-01,372.144607237542
1,N,A,"Agriculture, Forestry and Fishing",A,2004-02-01,367.98054411037
1,N,A,"Agriculture, Forestry and Fishing",A,2004-05-01,364.190264244911
1,N,A,"Agriculture, Forestry and Fishing",A,2004-08-01,360.797675683957
1,N,A,"Agriculture, Forestry and Fishing",A,2004-11-01,357.805044067309
1,N,A,"Agriculture, Forestry and Fishing",A,2005-02-01,355.196189230234
1,N,A,"Agriculture, Forestry and Fishing",A,2005-05-01,352.932144434663
1,N,A,"Agriculture, Forestry and Fishing",A,2005-08-01,351.002653680618
1,N,A,"Agriculture, Forestry and Fishing",A,2005-11-01,349.394704294868
1,N,A,"Agriculture, Forestry and Fishing",A,2006-02-01,348.10223532132
1,N,A,"Agriculture, Forestry and Fishing",A,2006-05-01,347.103532169393
1,N,A,"Agriculture, Forestry and Fishing",A,2006-08-01,346.395993360684
1,N,A,"Agriculture, Forestry and Fishing",A,2006-11-01,345.942679902615
1,N,A,"Agriculture, Forestry and Fishing",A,2007-02-01,345.70488279555
1,N,A,"Agriculture, Forestry and Fishing",A,2007-05-01,345.63837409642
1,N,A,"Agriculture, Forestry and Fishing",A,2007-08-01,345.713489646224
1,N,A,"Agriculture, Forestry and Fishing",A,2007-11-01,345.871303496736
1,N,A,"Agriculture, Forestry and Fishing",A,2008-02-01,346.085037458369
1,N,A,"Agriculture, Forestry and Fishing",A,2008-05-01,346.314091669926
1,N,A,"Agriculture, Forestry and Fishing",A,2008-08-01,346.460107625904
1,N,A,"Agriculture, Forestry and Fishing",A,2008-11-01,346.439989111371
1,N,A,"Agriculture, Forestry and Fishing",A,2009-02-01,346.184327094403
1,N,A,"Agriculture, Forestry and Fishing",A,2009-05-01,345.641215456839
1,N,A,"Agriculture, Forestry and Fishing",A,2009-08-01,344.788519067983
1,N,A,"Agriculture, Forestry and Fishing",A,2009-11-01,343.585326495848
1,N,A,"Agriculture, Forestry and Fishing",A,2010-02-01,342.014106988534
1,N,A,"Agriculture, Forestry and Fishing",A,2010-05-01,340.062158100188
1,N,A,"Agriculture, Forestry and Fishing",A,2010-08-01,337.729240036931
1,N,A,"Agriculture, Forestry and Fishing",A,2010-11-01,335.06213235046
1,N,A,"Agriculture, Forestry and Fishing",A,2011-02-01,332.17392041744
1,N,A,"Agriculture, Forestry and Fishing",A,2011-05-01,329.220331800996
1,N,A,"Agriculture, Forestry and Fishing",A,2011-08-01,326.314790017008
1,N,A,"Agriculture, Forestry and Fishing",A,2011-11-01,323.54662419424
1,N,A,"Agriculture, Forestry and Fishing",A,2012-02-01,320.950752850231
1,N,A,"Agriculture, Forestry and Fishing",A,2012-05-01,318.560307416745
1,N,A,"Agriculture, Forestry and Fishing",A,2012-08-01,316.403352127899
1,N,A,"Agriculture, Forestry and Fishing",A,2012-11-01,314.559470279805
1,N,A,"Agriculture, Forestry and Fishing",A,2013-02-01,313.100841791158
1,N,A,"Agriculture, Forestry and Fishing",A,2013-05-01,312.05992969489
1,N,A,"Agriculture, Forestry and Fishing",A,2013-08-01,311.425762315833
1,N,A,"Agriculture, Forestry and Fishing",A,2013-11-01,311.155916822893
1,N,A,"Agriculture, Forestry and Fishing",A,2014-02-01,311.13840910178
1,N,A,"Agriculture, Forestry and Fishing",A,2014-05-01,311.282231618133
1,N,A,"Agriculture, Forestry and Fishing",A,2014-08-01,311.522604788598
1,N,A,"Agriculture, Forestry and Fishing",A,2014-11-01,311.834091593356
1,N,A,"Agriculture, Forestry and Fishing",A,2015-02-01,312.222011290358
1,N,A,"Agriculture, Forestry and Fishing",A,2015-05-01,312.716526591347
1,N,A,"Agriculture, Forestry and Fishing",A,2015-08-01,313.357432967971
1,N,A,"Agriculture, Forestry and Fishing",A,2015-11-01,314.146183603231
1,N,A,"Agriculture, Forestry and Fishing",A,2016-02-01,315.065764305258
1,N,A,"Agriculture, Forestry and Fishing",A,2016-05-01,316.107567268971
1,N,A,"Agriculture, Forestry and Fishing",A,2016-08-01,317.275942774316
1,N,A,"Agriculture, Forestry and Fishing",A,2016-11-01,318.614875354743
1,N,A,"Agriculture, Forestry and Fishing",A,2017-02-01,320.130945498689
1,N,A,"Agriculture, Forestry and Fishing",A,2017-05-01,321.77696021014
1,N,A,"Agriculture, Forestry and Fishing",A,2017-08-01,323.46235131128
1,N,A,"Agriculture, Forestry and Fishing",A,2017-11-01,325.094249342659
1,N,A,"Agriculture, Forestry and Fishing",A,2018-02-01,326.607792297757
1,N,A,"Agriculture, Forestry and Fishing",A,2018-05-01,327.954195214625
1,N,A,"Agriculture, Forestry and Fishing",A,2018-08-01,329.098780518931
1,N,A,"Agriculture, Forestry and Fishing",A,2018-11-01,330.02142062524
1,N,A,"Agriculture, Forestry and Fishing",A,2019-02-01,330.701243577943
1,N,A,"Agriculture, Forestry and Fishing",A,2019-05-01,331.127816693003
1,N,A,"Agriculture, Forestry and Fishing",A,2019-08-01,331.313870893451
1,N,A,"Agriculture, Forestry and Fishing",A,2019-11-01,331.270613762622
1,N,A,"Agriculture, Forestry and Fishing",A,2020-02-01,330.975776629517
1,N,A,"Agriculture, Forestry and Fishing",A,2020-05-01,330.366784766471
1,N,A,"Agriculture, Forestry and Fishing",A,2020-08-01,329.370488897995
1,N,A,"Agriculture, Forestry and Fishing",A,2020-11-01,327.96331379119
1,N,A,"Agriculture, Forestry and Fishing",A,2021-02-01,326.194844546578
1,N,A,"Agriculture, Forestry and Fishing",A,2021-05-01,324.15158709132
1,N,A,"Agriculture, Forestry and Fishing",A,2021-08-01,321.943799208785
1,N,A,"Agriculture, Forestry and Fishing",A,2021-11-01,319.660954624031
1,N,A,"Agriculture, Forestry and Fishing",A,2022-02-01,317.388630516679
1,N,A,"Agriculture, Forestry and Fishing",A,2022-05-01,315.247303135159
1,N,A,"Agriculture, Forestry and Fishing",A,2022-08-01,313.330006824356
1,N,A,"Agriculture, Forestry and Fishing",A,2022-11-01,311.667855661242
1,N,A,"Agriculture, Forestry and Fishing",A,2023-02-01,310.249003820924
1,N,A,"Agriculture, Forestry and Fishing",A,2023-05-01,309.039093544553
1,N,A,"Agriculture, Forestry and Fishing",A,2023-08-01,307.982696122092
1,N,A,"Agriculture, Forestry and Fishing",A,2023-11-01,307.001955477039
1,N,A,"Agriculture, Forestry and Fishing",A,2024-02-01,305.985389706712
1,N,A,"Agriculture, Forestry and Fishing",A,2024-05-01,304.821467476955
1,N,A,"Agriculture, Forestry and Fishing",A,2024-08-01,303.43397665989
1,N,A,"Agriculture, Forestry and Fishing",A,2024-11-01,301.822953002854
1,N,A,"Agriculture, Forestry and Fishing",A,2025-02-01,300.040012423784
1,N,A,"Agriculture, Forestry and Fishing",A,2025-05-01,298.140368375274
1,N,A,"Agriculture, Forestry and Fishing",A,2025-08-01,296.160720874086
1,N,A,"Agriculture, Forestry and Fishing",A,2025-11-01,294.152700223782
1,N,A,"Agriculture, Forestry and Fishing",A,2026-02-01,292.171319278372
1,N,B,Mining,B,1986-08-01,102.394810856117
1,N,B,Mining,B,1986-11-01,102.26924945716
1,N,B,Mining,B,1987-02-01,102.140665842343
1,N,B,Mining,B,1987-05-01,101.99963488615
1,N,B,Mining,B,1987-08-01,101.844771455763
1,N,B,Mining,B,1987-11-01,101.678376473437
1,N,B,Mining,B,1988-02-01,101.511286959105
1,N,B,Mining,B,1988-05-01,101.35007322799
1,N,B,Mining,B,1988-08-01,101.19326065518
1,N,B,Mining,B,1988-11-01,101.020799627686
1,N,B,Mining,B,1989-02-01,100.812045034475
1,N,B,Mining,B,1989-05-01,100.532150151945
1,N,B,Mining,B,1989-08-01,100.144349954379
1,N,B,Mining,B,1989-11-01,99.6127186630338
1,N,B,Mining,B,1990-02-01,98.928965853115
1,N,B,Mining,B,1990-05-01,98.1021512084819
1,N,B,Mining,B,1990-08-01,97.1559305500129
1,N,B,Mining,B,1990-11-01,96.1164887473569
1,N,B,Mining,B,1991-02-01,95.0193436633545
1,N,B,Mining,B,1991-05-01,93.8973873538094
1,N,B,Mining,B,1991-08-01,92.7996009621978
1,N,B,Mining,B,1991-11-01,91.7612927089082
1,N,B,Mining,B,1992-02-01,90.8149880682914
1,N,B,Mining,B,1992-05-01,89.9697898253538
1,N,B,Mining,B,1992-08-01,89.2290324243291
1,N,B,Mining,B,1992-11-01,88.5874066372832
1,N,B,Mining,B,1993-02-01,88.0477048657415
1,N,B,Mining,B,1993-05-01,87.5992526298554
1,N,B,Mining,B,1993-08-01,87.2152533353098
1,N,B,Mining,B,1993-11-01,86.8687205746754
1,N,B,Mining,B,1994-02-01,86.5480889923642
1,N,B,Mining,B,1994-05-01,86.2517937441344
1,N,B,Mining,B,1994-08-01,85.975398226263
1,N,B,Mining,B,1994-11-01,85.7157778844495
1,N,B,Mining,B,1995-02-01,85.4787571736607
1,N,B,Mining,B,1995-05-01,85.2605509662273
1,N,B,Mining,B,1995-08-01,85.0524202317041
1,N,B,Mining,B,1995-11-01,84.8489733955475
1,N,B,Mining,B,1996-02-01,84.6501063739882
1,N,B,Mining,B,1996-05-01,84.4426118105599
1,N,B,Mining,B,1996-08-01,84.215946752107
1,N,B,Mining,B,1996-11-01,83.962525526523
1,N,B,Mining,B,1997-02-01,83.6855777546817
1,N,B,Mining,B,1997-05-01,83.3965432487302
1,N,B,Mining,B,1997-08-01,83.1021333601763
1,N,B,Mining,B,1997-11-01,82.8018375700326
1,N,B,Mining,B,1998-02-01,82.4979005603113
1,N,B,Mining,B,1998-05-01,82.1865819646322
1,N,B,Mining,B,1998-08-01,81.8548579721813
1,N,B,Mining,B,1998-11-01,81.4987839822623
1,N,B,Mining,B,1999-02-01,81.1369949669317
1,N,B,Mining,B,1999-05-01,80.7977424405631
1,N,B,Mining,B,1999-08-01,80.5003959084559
1,N,B,Mining,B,1999-11-01,80.257337823277
1,N,B,Mining,B,2000-02-01,80.0846143022322
1,N,B,Mining,B,2000-05-01,79.9978235323928
1,N,B,Mining,B,2000-08-01,80.0180642697751
1,N,B,Mining,B,2000-11-01,80.1575994338126
1,N,B,Mining,B,2001-02-01,80.4372735020161
1,N,B,Mining,B,2001-05-01,80.8806532107633
1,N,B,Mining,B,2001-08-01,81.4986841204877
1,N,B,Mining,B,2001-11-01,82.2985260053839
1,N,B,Mining,B,2002-02-01,83.288870334034
1,N,B,Mining,B,2002-05-01,84.4741746825586
1,N,B,Mining,B,2002-08-01,85.8593211210411
1,N,B,Mining,B,2002-11-01,87.4453045209869
1,N,B,Mining,B,2003-02-01,89.2279736206429
1,N,B,Mining,B,2003-05-01,91.2084929622707
1,N,B,Mining,B,2003-08-01,93.4008193203562
1,N,B,Mining,B,2003-11-01,95.8098249673796
1,N,B,Mining,B,2004-02-01,98.4182551115895
1,N,B,Mining,B,2004-05-01,101.20039279735
1,N,B,Mining,B,2004-08-01,104.1397151881
1,N,B,Mining,B,2004-11-01,107.227988779219
1,N,B,Mining,B,2005-02-01,110.443277203598
1,N,B,Mining,B,2005-05-01,113.74402797117
1,N,B,Mining,B,2005-08-01,117.08461111311
1,N,B,Mining,B,2005-11-01,120.416709547243
1,N,B,Mining,B,2006-02-01,123.718328124328
1,N,B,Mining,B,2006-05-01,126.994880309064
1,N,B,Mining,B,2006-08-01,130.254242573465
1,N,B,Mining,B,2006-11-01,133.515244211649
1,N,B,Mining,B,2007-02-01,136.820309409179
1,N,B,Mining,B,2007-05-01,140.214722347484
1,N,B,Mining,B,2007-08-01,143.743280098711
1,N,B,Mining,B,2007-11-01,147.432345891466
1,N,B,Mining,B,2008-02-01,151.310722694631
1,N,B,Mining,B,2008-05-01,155.378585970004
1,N,B,Mining,B,2008-08-01,159.602608570905
1,N,B,Mining,B,2008-11-01,163.970172796006
1,N,B,Mining,B,2009-02-01,168.520471668056
1,N,B,Mining,B,2009-05-01,173.331173442236
1,N,B,Mining,B,2009-08-01,178.477956295847
1,N,B,Mining,B,2009-11-01,183.988711761378
1,N,B,Mining,B,2010-02-01,189.877147081304
1,N,B,Mining,B,2010-05-01,196.107531881297
1,N,B,Mining,B,2010-08-01,202.610804699753
1,N,B,Mining,B,2010-11-01,209.275511386028
1,N,B,Mining,B,2011-02-01,215.995655844072
1,N,B,Mining,B,2011-05-01,222.635363088502
1,N,B,Mining,B,2011-08-01,229.027478440886
1,N,B,Mining,B,2011-11-01,234.983513709828
1,N,B,Mining,B,2012-02-01,240.324727811445
1,N,B,Mining,B,2012-05-01,244.879826895777
1,N,B,Mining,B,2012-08-01,248.49821413391
1,N,B,Mining,B,2012-11-01,251.102708552992
1,N,B,Mining,B,2013-02-01,252.708170245211
1,N,B,Mining,B,2013-05-01,253.347620371597
1,N,B,Mining,B,2013-08-01,253.083282148866
1,N,B,Mining,B,2013-11-01,251.987206175021
1,N,B,Mining,B,2014-02-01,250.189263424734
1,N,B,Mining,B,2014-05-01,247.851716572595
1,N,B,Mining,B,2014-08-01,245.167021786894
1,N,B,Mining,B,2014-11-01,242.350679370798
1,N,B,Mining,B,2015-02-01,239.626839155559
1,N,B,Mining,B,2015-05-01,237.164303643994
1,N,B,Mining,B,2015-08-01,235.070218896373
1,N,B,Mining,B,2015-11-01,233.410603026981
1,N,B,Mining,B,2016-02-01,232.296687676126
1,N,B,Mining,B,2016-05-01,231.787422328986
1,N,B,Mining,B,2016-08-01,231.901454239114
1,N,B,Mining,B,2016-11-01,232.618901055127
1,N,B,Mining,B,2017-02-01,233.90930303225
1,N,B,Mining,B,2017-05-01,235.722752963329
1,N,B,Mining,B,2017-08-01,238.008290133222
1,N,B,Mining,B,2017-11-01,240.690917988666
1,N,B,Mining,B,2018-02-01,243.696378072369
1,N,B,Mining,B,2018-05-01,246.92827954979
1,N,B,Mining,B,2018-08-01,250.28348539932
1,N,B,Mining,B,2018-11-01,253.659646386977
1,N,B,Mining,B,2019-02-01,257.013541826765
1,N,B,Mining,B,2019-05-01,260.341805569707
1,N,B,Mining,B,2019-08-01,263.663308243716
1,N,B,Mining,B,2019-11-01,266.993641971164
1,N,B,Mining,B,2020-02-01,270.362303184884
1,N,B,Mining,B,2020-05-01,273.807826883402
1,N,B,Mining,B,2020-08-01,277.341228987429
1,N,B,Mining,B,2020-11-01,280.918108312868
1,N,B,Mining,B,2021-02-01,284.49457382612
1,N,B,Mining,B,2021-05-01,288.029257885227
1,N,B,Mining,B,2021-08-01,291.448355680636
1,N,B,Mining,B,2021-11-01,294.668495176713
1,N,B,Mining,B,2022-02-01,297.634784563045
1,N,B,Mining,B,2022-05-01,300.297316056355
1,N,B,Mining,B,2022-08-01,302.623985134781
1,N,B,Mining,B,2022-11-01,304.632884898362
1,N,B,Mining,B,2023-02-01,306.35634109967
1,N,B,Mining,B,2023-05-01,307.793035519473
1,N,B,Mining,B,2023-08-01,308.921478238952
1,N,B,Mining,B,2023-11-01,309.758057039725
1,N,B,Mining,B,2024-02-01,310.386776494864
1,N,B,Mining,B,2024-05-01,310.90135104574
1,N,B,Mining,B,2024-08-01,311.378262137888
1,N,B,Mining,B,2024-11-01,311.830833554788
1,N,B,Mining,B,2025-02-01,312.27057633414
1,N,B,Mining,B,2025-05-01,312.706161374473
1,N,B,Mining,B,2025-08-01,313.189316428074
1,N,B,Mining,B,2025-11-01,313.783140734303
1,N,B,Mining,B,2026-02-01,314.513722176692
1,N,C,Manufacturing,C,1986-08-01,1068.81921874442
1,N,C,Manufacturing,C,1986-11-01,1073.83494549439
1,N,C,Manufacturing,C,1987-02-01,1079.95859403782
1,N,C,Manufacturing,C,1987-05-01,1087.64803724402
1,N,C,Manufacturing,C,1987-08-01,1096.54029769326
1,N,C,Manufacturing,C,1987-11-01,1106.24486125693
1,N,C,Manufacturing,C,1988-02-01,1115.69670234349
1,N,C,Manufacturing,C,1988-05-01,1125.78126434493
1,N,C,Manufacturing,C,1988-08-01,1136.73536102332
1,N,C,Manufacturing,C,1988-11-01,1147.00305753098
1,N,C,Manufacturing,C,1989-02-01,1155.78304942423
1,N,C,Manufacturing,C,1989-05-01,1161.92071659278
1,N,C,Manufacturing,C,1989-08-01,1163.2378926874
1,N,C,Manufacturing,C,1989-11-01,1159.03446106916
1,N,C,Manufacturing,C,1990-02-01,1149.87142657407
1,N,C,Manufacturing,C,1990-05-01,1137.26782164356
1,N,C,Manufacturing,C,1990-08-01,1121.79161238714
1,N,C,Manufacturing,C,1990-11-01,1103.57550498223
1,N,C,Manufacturing,C,1991-02-01,1084.27852980948
1,N,C,Manufacturing,C,1991-05-01,1067.26897303091
1,N,C,Manufacturing,C,1991-08-01,1055.43623928937
1,N,C,Manufacturing,C,1991-11-01,1048.84038585121
1,N,C,Manufacturing,C,1992-02-01,1045.12008620102
1,N,C,Manufacturing,C,1992-05-01,1043.52629411832
1,N,C,Manufacturing,C,1992-08-01,1042.72911444027
1,N,C,Manufacturing,C,1992-11-01,1041.69718238498
1,N,C,Manufacturing,C,1993-02-01,1039.26347119487
1,N,C,Manufacturing,C,1993-05-01,1038.30471465615
1,N,C,Manufacturing,C,1993-08-01,1040.51491591717
1,N,C,Manufacturing,C,1993-11-01,1046.54670642526
1,N,C,Manufacturing,C,1994-02-01,1054.17453842585
1,N,C,Manufacturing,C,1994-05-01,1061.92694669154
1,N,C,Manufacturing,C,1994-08-01,1067.93613603814
1,N,C,Manufacturing,C,1994-11-01,1071.35051538156
1,N,C,Manufacturing,C,1995-02-01,1072.60416736994
1,N,C,Manufacturing,C,1995-05-01,1071.91585008985
1,N,C,Manufacturing,C,1995-08-01,1070.55723041663
1,N,C,Manufacturing,C,1995-11-01,1068.5837121614
1,N,C,Manufacturing,C,1996-02-01,1067.4404004137
1,N,C,Manufacturing,C,1996-05-01,1068.44660432235
1,N,C,Manufacturing,C,1996-08-01,1072.0103760117
1,N,C,Manufacturing,C,1996-11-01,1076.60780867444
1,N,C,Manufacturing,C,1997-02-01,1080.00096404414
1,N,C,Manufacturing,C,1997-05-01,1081.14072672682
1,N,C,Manufacturing,C,1997-08-01,1079.52519710085
1,N,C,Manufacturing,C,1997-11-01,1073.70157989765
1,N,C,Manufacturing,C,1998-02-01,1063.88976442541
1,N,C,Manufacturing,C,1998-05-01,1052.6394212667
1,N,C,Manufacturing,C,1998-08-01,1042.64421329246
1,N,C,Manufacturing,C,1998-11-01,1033.57164359117
1,N,C,Manufacturing,C,1999-02-01,1027.26929928128
1,N,C,Manufacturing,C,1999-05-01,1025.9628516318
1,N,C,Manufacturing,C,1999-08-01,1030.65968921345
1,N,C,Manufacturing,C,1999-11-01,1040.91573917572
1,N,C,Manufacturing,C,2000-02-01,1053.56170639681
1,N,C,Manufacturing,C,2000-05-01,1063.74304382185
1,N,C,Manufacturing,C,2000-08-01,1066.55418755316
1,N,C,Manufacturing,C,2000-11-01,1063.10034778401
1,N,C,Manufacturing,C,2001-02-01,1056.9549415583
1,N,C,Manufacturing,C,2001-05-01,1049.97182154832
1,N,C,Manufacturing,C,2001-08-01,1044.63636536275
1,N,C,Manufacturing,C,2001-11-01,1043.32961754177
1,N,C,Manufacturing,C,2002-02-01,1045.98228821534
1,N,C,Manufacturing,C,2002-05-01,1051.40761286135
1,N,C,Manufacturing,C,2002-08-01,1056.71905618729
1,N,C,Manufacturing,C,2002-11-01,1058.21458726109
1,N,C,Manufacturing,C,2003-02-01,1053.827802967
1,N,C,Manufacturing,C,2003-05-01,1045.05988471705
1,N,C,Manufacturing,C,2003-08-01,1035.98232706875
1,N,C,Manufacturing,C,2003-11-01,1030.22608869528
1,N,C,Manufacturing,C,2004-02-01,1031.01460126262
1,N,C,Manufacturing,C,2004-05-01,1035.23121030239
1,N,C,Manufacturing,C,2004-08-01,1038.36931422757
1,N,C,Manufacturing,C,2004-11-01,1037.52476125883
1,N,C,Manufacturing,C,2005-02-01,1033.23609474352
1,N,C,Manufacturing,C,2005-05-01,1026.75302422049
1,N,C,Manufacturing,C,2005-08-01,1020.53117514138
1,N,C,Manufacturing,C,2005-11-01,1016.85008714098
1,N,C,Manufacturing,C,2006-02-01,1014.13529858402
1,N,C,Manufacturing,C,2006-05-01,1012.45570635487
1,N,C,Manufacturing,C,2006-08-01,1012.5674075865
1,N,C,Manufacturing,C,2006-11-01,1015.18940950356
1,N,C,Manufacturing,C,2007-02-01,1020.98475719104
1,N,C,Manufacturing,C,2007-05-01,1029.05456940888
1,N,C,Manufacturing,C,2007-08-01,1037.64708458956
1,N,C,Manufacturing,C,2007-11-01,1045.33402542289
1,N,C,Manufacturing,C,2008-02-01,1049.46513872437
1,N,C,Manufacturing,C,2008-05-01,1047.33740560886
1,N,C,Manufacturing,C,2008-08-01,1039.35040176975
1,N,C,Manufacturing,C,2008-11-01,1028.28716150851
1,N,C,Manufacturing,C,2009-02-01,1017.11431406787
1,N,C,Manufacturing,C,2009-05-01,1007.2046665612
1,N,C,Manufacturing,C,2009-08-01,999.588649785155
1,N,C,Manufacturing,C,2009-11-01,992.747002459511
1,N,C,Manufacturing,C,2010-02-01,986.898899578273
1,N,C,Manufacturing,C,2010-05-01,981.278137638887
1,N,C,Manufacturing,C,2010-08-01,976.668484421765
1,N,C,Manufacturing,C,2010-11-01,971.269720793203
1,N,C,Manufacturing,C,2011-02-01,964.133439921795
1,N,C,Manufacturing,C,2011-05-01,955.888224836924
1,N,C,Manufacturing,C,2011-08-01,949.114255850108
1,N,C,Manufacturing,C,2011-11-01,945.866867062909
1,N,C,Manufacturing,C,2012-02-01,944.818476949894
1,N,C,Manufacturing,C,2012-05-01,943.900256639109
1,N,C,Manufacturing,C,2012-08-01,942.392387945911
1,N,C,Manufacturing,C,2012-11-01,938.905707884085
1,N,C,Manufacturing,C,2013-02-01,933.2622242491
1,N,C,Manufacturing,C,2013-05-01,928.490144763221
1,N,C,Manufacturing,C,2013-08-01,926.098988140433
1,N,C,Manufacturing,C,2013-11-01,925.485046856215
1,N,C,Manufacturing,C,2014-02-01,924.167942620317
1,N,C,Manufacturing,C,2014-05-01,921.729524719681
1,N,C,Manufacturing,C,2014-08-01,918.395665757626
1,N,C,Manufacturing,C,2014-11-01,913.805404778916
1,N,C,Manufacturing,C,2015-02-01,907.913272648111
1,N,C,Manufacturing,C,2015-05-01,900.256418592619
1,N,C,Manufacturing,C,2015-08-01,892.456628013395
1,N,C,Manufacturing,C,2015-11-01,888.342938215505
1,N,C,Manufacturing,C,2016-02-01,889.911412067935
1,N,C,Manufacturing,C,2016-05-01,894.068680982596
1,N,C,Manufacturing,C,2016-08-01,899.327029070869
1,N,C,Manufacturing,C,2016-11-01,903.984244046231
1,N,C,Manufacturing,C,2017-02-01,902.894793259773
1,N,C,Manufacturing,C,2017-05-01,899.5701820188
1,N,C,Manufacturing,C,2017-08-01,898.7225668366
1,N,C,Manufacturing,C,2017-11-01,903.323982535594
1,N,C,Manufacturing,C,2018-02-01,911.899271260924
1,N,C,Manufacturing,C,2018-05-01,918.266581287396
1,N,C,Manufacturing,C,2018-08-01,917.104801937269
1,N,C,Manufacturing,C,2018-11-01,908.34304160855
1,N,C,Manufacturing,C,2019-02-01,898.641584488092
1,N,C,Manufacturing,C,2019-05-01,892.884967593056
1,N,C,Manufacturing,C,2019-08-01,888.938179679581
1,N,C,Manufacturing,C,2019-11-01,886.692625272626
1,N,C,Manufacturing,C,2020-02-01,882.210735525018
1,N,C,Manufacturing,C,2020-05-01,875.927017486793
1,N,C,Manufacturing,C,2020-08-01,872.551534566264
1,N,C,Manufacturing,C,2020-11-01,874.705476739981
1,N,C,Manufacturing,C,2021-02-01,882.161222752772
1,N,C,Manufacturing,C,2021-05-01,888.507037465171
1,N,C,Manufacturing,C,2021-08-01,887.600747764285
1,N,C,Manufacturing,C,2021-11-01,877.039816526814
1,N,C,Manufacturing,C,2022-02-01,865.595411824551
1,N,C,Manufacturing,C,2022-05-01,858.8831320678
1,N,C,Manufacturing,C,2022-08-01,859.923818600833
1,N,C,Manufacturing,C,2022-11-01,867.841998981293
1,N,C,Manufacturing,C,2023-02-01,879.954728031629
1,N,C,Manufacturing,C,2023-05-01,893.850200732714
1,N,C,Manufacturing,C,2023-08-01,904.839192012025
1,N,C,Manufacturing,C,2023-11-01,909.438542185418
1,N,C,Manufacturing,C,2024-02-01,907.497800519702
1,N,C,Manufacturing,C,2024-05-01,901.141424791113
1,N,C,Manufacturing,C,2024-08-01,892.807962384269
1,N,C,Manufacturing,C,2024-11-01,884.388949616436
1,N,C,Manufacturing,C,2025-02-01,876.750909552495
1,N,C,Manufacturing,C,2025-05-01,870.354680259389
1,N,C,Manufacturing,C,2025-08-01,866.839515094984
1,N,C,Manufacturing,C,2025-11-01,866.620439412312
1,N,C,Manufacturing,C,2026-02-01,868.055952694937
1,N,D,"Electricity, Gas, Water and Waste Services",D,1986-08-01,143.053449219968
1,N,D,"Electricity, Gas, Water and Waste Services",D,1986-11-01,141.534353467766
1,N,D,"Electricity, Gas, Water and Waste Services",D,1987-02-01,140.017309828528
1,N,D,"Electricity, Gas, Water and Waste Services",D,1987-05-01,138.505527086967
1,N,D,"Electricity, Gas, Water and Waste Services",D,1987-08-01,137.005178187157
1,N,D,"Electricity, Gas, Water and Waste Services",D,1987-11-01,135.521376381448
1,N,D,"Electricity, Gas, Water and Waste Services",D,1988-02-01,134.053537233432
1,N,D,"Electricity, Gas, Water and Waste Services",D,1988-05-01,132.600625533623
1,N,D,"Electricity, Gas, Water and Waste Services",D,1988-08-01,131.168377794313
1,N,D,"Electricity, Gas, Water and Waste Services",D,1988-11-01,129.759845960726
1,N,D,"Electricity, Gas, Water and Waste Services",D,1989-02-01,128.373596705858
1,N,D,"Electricity, Gas, Water and Waste Services",D,1989-05-01,127.006638869536
1,N,D,"Electricity, Gas, Water and Waste Services",D,1989-08-01,125.659244661511
1,N,D,"Electricity, Gas, Water and Waste Services",D,1989-11-01,124.337097366287
1,N,D,"Electricity, Gas, Water and Waste Services",D,1990-02-01,123.044765025643
1,N,D,"Electricity, Gas, Water and Waste Services",D,1990-05-01,121.783792467677
1,N,D,"Electricity, Gas, Water and Waste Services",D,1990-08-01,120.55275000914
1,N,D,"Electricity, Gas, Water and Waste Services",D,1990-11-01,119.348587648141
1,N,D,"Electricity, Gas, Water and Waste Services",D,1991-02-01,118.165490935452
1,N,D,"Electricity, Gas, Water and Waste Services",D,1991-05-01,116.995651269881
1,N,D,"Electricity, Gas, Water and Waste Services",D,1991-08-01,115.828794860215
1,N,D,"Electricity, Gas, Water and Waste Services",D,1991-11-01,114.652233903784
1,N,D,"Electricity, Gas, Water and Waste Services",D,1992-02-01,113.452897020198
1,N,D,"Electricity, Gas, Water and Waste Services",D,1992-05-01,112.21770778741
1,N,D,"Electricity, Gas, Water and Waste Services",D,1992-08-01,110.938489660772
1,N,D,"Electricity, Gas, Water and Waste Services",D,1992-11-01,109.614148191316
1,N,D,"Electricity, Gas, Water and Waste Services",D,1993-02-01,108.247042587201
1,N,D,"Electricity, Gas, Water and Waste Services",D,1993-05-01,106.836701518631
1,N,D,"Electricity, Gas, Water and Waste Services",D,1993-08-01,105.383859781578
1,N,D,"Electricity, Gas, Water and Waste Services",D,1993-11-01,103.890605782995
1,N,D,"Electricity, Gas, Water and Waste Services",D,1994-02-01,102.359759639807
1,N,D,"Electricity, Gas, Water and Waste Services",D,1994-05-01,100.795531569381
1,N,D,"Electricity, Gas, Water and Waste Services",D,1994-08-01,99.203180810201
1,N,D,"Electricity, Gas, Water and Waste Services",D,1994-11-01,97.5903075995816
1,N,D,"Electricity, Gas, Water and Waste Services",D,1995-02-01,95.9669345162854
1,N,D,"Electricity, Gas, Water and Waste Services",D,1995-05-01,94.3450020638461
1,N,D,"Electricity, Gas, Water and Waste Services",D,1995-08-01,92.7363426504961
1,N,D,"Electricity, Gas, Water and Waste Services",D,1995-11-01,91.1531272797729
1,N,D,"Electricity, Gas, Water and Waste Services",D,1996-02-01,89.6095418319006
1,N,D,"Electricity, Gas, Water and Waste Services",D,1996-05-01,88.1224203320837
1,N,D,"Electricity, Gas, Water and Waste Services",D,1996-08-01,86.7105544130605
1,N,D,"Electricity, Gas, Water and Waste Services",D,1996-11-01,85.3913537536879
1,N,D,"Electricity, Gas, Water and Waste Services",D,1997-02-01,84.1784332097256
1,N,D,"Electricity, Gas, Water and Waste Services",D,1997-05-01,83.080724732661
1,N,D,"Electricity, Gas, Water and Waste Services",D,1997-08-01,82.102052683221
1,N,D,"Electricity, Gas, Water and Waste Services",D,1997-11-01,81.2457418074336
1,N,D,"Electricity, Gas, Water and Waste Services",D,1998-02-01,80.513143239127
1,N,D,"Electricity, Gas, Water and Waste Services",D,1998-05-01,79.9039499385881
1,N,D,"Electricity, Gas, Water and Waste Services",D,1998-08-01,79.4139445349064
1,N,D,"Electricity, Gas, Water and Waste Services",D,1998-11-01,79.0387741655033
1,N,D,"Electricity, Gas, Water and Waste Services",D,1999-02-01,78.7763564642107
1,N,D,"Electricity, Gas, Water and Waste Services",D,1999-05-01,78.6239037207372
1,N,D,"Electricity, Gas, Water and Waste Services",D,1999-08-01,78.5747750793534
1,N,D,"Electricity, Gas, Water and Waste Services",D,1999-11-01,78.6238439583736
1,N,D,"Electricity, Gas, Water and Waste Services",D,2000-02-01,78.7674237447929
1,N,D,"Electricity, Gas, Water and Waste Services",D,2000-05-01,79.0025326365999
1,N,D,"Electricity, Gas, Water and Waste Services",D,2000-08-01,79.3226943776024
1,N,D,"Electricity, Gas, Water and Waste Services",D,2000-11-01,79.7235323234991
1,N,D,"Electricity, Gas, Water and Waste Services",D,2001-02-01,80.2009262527747
1,N,D,"Electricity, Gas, Water and Waste Services",D,2001-05-01,80.7525085959681
1,N,D,"Electricity, Gas, Water and Waste Services",D,2001-08-01,81.3737828818966
1,N,D,"Electricity, Gas, Water and Waste Services",D,2001-11-01,82.0604615265447
1,N,D,"Electricity, Gas, Water and Waste Services",D,2002-02-01,82.8109981464063
1,N,D,"Electricity, Gas, Water and Waste Services",D,2002-05-01,83.6244111204134
1,N,D,"Electricity, Gas, Water and Waste Services",D,2002-08-01,84.4976542764569
1,N,D,"Electricity, Gas, Water and Waste Services",D,2002-11-01,85.4258112117251
1,N,D,"Electricity, Gas, Water and Waste Services",D,2003-02-01,86.4027664360611
1,N,D,"Electricity, Gas, Water and Waste Services",D,2003-05-01,87.4252629586321
1,N,D,"Electricity, Gas, Water and Waste Services",D,2003-08-01,88.4922683518442
1,N,D,"Electricity, Gas, Water and Waste Services",D,2003-11-01,89.6067789960486
1,N,D,"Electricity, Gas, Water and Waste Services",D,2004-02-01,90.7771528058043
1,N,D,"Electricity, Gas, Water and Waste Services",D,2004-05-01,92.0079945260067
1,N,D,"Electricity, Gas, Water and Waste Services",D,2004-08-01,93.3023770947471
1,N,D,"Electricity, Gas, Water and Waste Services",D,2004-11-01,94.6628918278913
1,N,D,"Electricity, Gas, Water and Waste Services",D,2005-02-01,96.0899852878787
1,N,D,"Electricity, Gas, Water and Waste Services",D,2005-05-01,97.5822560141979
1,N,D,"Electricity, Gas, Water and Waste Services",D,2005-08-01,99.1385606654821
1,N,D,"Electricity, Gas, Water and Waste Services",D,2005-11-01,100.75760262959
1,N,D,"Electricity, Gas, Water and Waste Services",D,2006-02-01,102.437693026618
1,N,D,"Electricity, Gas, Water and Waste Services",D,2006-05-01,104.179374354998
1,N,D,"Electricity, Gas, Water and Waste Services",D,2006-08-01,105.984042492604
1,N,D,"Electricity, Gas, Water and Waste Services",D,2006-11-01,107.856640769863
1,N,D,"Electricity, Gas, Water and Waste Services",D,2007-02-01,109.801068734624
1,N,D,"Electricity, Gas, Water and Waste Services",D,2007-05-01,111.81803288843
1,N,D,"Electricity, Gas, Water and Waste Services",D,2007-08-01,113.903449784306
1,N,D,"Electricity, Gas, Water and Waste Services",D,2007-11-01,116.04993733572
1,N,D,"Electricity, Gas, Water and Waste Services",D,2008-02-01,118.24042410526
1,N,D,"Electricity, Gas, Water and Waste Services",D,2008-05-01,120.453304022975
1,N,D,"Electricity, Gas, Water and Waste Services",D,2008-08-01,122.664178530885
1,N,D,"Electricity, Gas, Water and Waste Services",D,2008-11-01,124.851093264192
1,N,D,"Electricity, Gas, Water and Waste Services",D,2009-02-01,126.989001448445
1,N,D,"Electricity, Gas, Water and Waste Services",D,2009-05-01,129.0552303203
1,N,D,"Electricity, Gas, Water and Waste Services",D,2009-08-01,131.042122388204
1,N,D,"Electricity, Gas, Water and Waste Services",D,2009-11-01,132.945994557559
1,N,D,"Electricity, Gas, Water and Waste Services",D,2010-02-01,134.758534375646
1,N,D,"Electricity, Gas, Water and Waste Services",D,2010-05-01,136.463489746632
1,N,D,"Electricity, Gas, Water and Waste Services",D,2010-08-01,138.043839786199
1,N,D,"Electricity, Gas, Water and Waste Services",D,2010-11-01,139.484848842843
1,N,D,"Electricity, Gas, Water and Waste Services",D,2011-02-01,140.775711249465
1,N,D,"Electricity, Gas, Water and Waste Services",D,2011-05-01,141.908486195618
1,N,D,"Electricity, Gas, Water and Waste Services",D,2011-08-01,142.881586940859
1,N,D,"Electricity, Gas, Water and Waste Services",D,2011-11-01,143.698654376023
1,N,D,"Electricity, Gas, Water and Waste Services",D,2012-02-01,144.359584622146
1,N,D,"Electricity, Gas, Water and Waste Services",D,2012-05-01,144.86944830665
1,N,D,"Electricity, Gas, Water and Waste Services",D,2012-08-01,145.239430171443
1,N,D,"Electricity, Gas, Water and Waste Services",D,2012-11-01,145.487463715468
1,N,D,"Electricity, Gas, Water and Waste Services",D,2013-02-01,145.632070413286
1,N,D,"Electricity, Gas, Water and Waste Services",D,2013-05-01,145.688001346092
1,N,D,"Electricity, Gas, Water and Waste Services",D,2013-08-01,145.663542985856
1,N,D,"Electricity, Gas, Water and Waste Services",D,2013-11-01,145.568742423276
1,N,D,"Electricity, Gas, Water and Waste Services",D,2014-02-01,145.415273410154
1,N,D,"Electricity, Gas, Water and Waste Services",D,2014-05-01,145.219116802114
1,N,D,"Electricity, Gas, Water and Waste Services",D,2014-08-01,144.997010466633
1,N,D,"Electricity, Gas, Water and Waste Services",D,2014-11-01,144.765792211774
1,N,D,"Electricity, Gas, Water and Waste Services",D,2015-02-01,144.54047709429
1,N,D,"Electricity, Gas, Water and Waste Services",D,2015-05-01,144.33199717081
1,N,D,"Electricity, Gas, Water and Waste Services",D,2015-08-01,144.15269060604
1,N,D,"Electricity, Gas, Water and Waste Services",D,2015-11-01,144.013072153339
1,N,D,"Electricity, Gas, Water and Waste Services",D,2016-02-01,143.927402986543
1,N,D,"Electricity, Gas, Water and Waste Services",D,2016-05-01,143.907328350841
1,N,D,"Electricity, Gas, Water and Waste Services",D,2016-08-01,143.965500142299
1,N,D,"Electricity, Gas, Water and Waste Services",D,2016-11-01,144.110258391678
1,N,D,"Electricity, Gas, Water and Waste Services",D,2017-02-01,144.341969652793
1,N,D,"Electricity, Gas, Water and Waste Services",D,2017-05-01,144.656323081694
1,N,D,"Electricity, Gas, Water and Waste Services",D,2017-08-01,145.044930614008
1,N,D,"Electricity, Gas, Water and Waste Services",D,2017-11-01,145.497326544318
1,N,D,"Electricity, Gas, Water and Waste Services",D,2018-02-01,145.999334523283
1,N,D,"Electricity, Gas, Water and Waste Services",D,2018-05-01,146.534751312869
1,N,D,"Electricity, Gas, Water and Waste Services",D,2018-08-01,147.095965499008
1,N,D,"Electricity, Gas, Water and Waste Services",D,2018-11-01,147.679454549094
1,N,D,"Electricity, Gas, Water and Waste Services",D,2019-02-01,148.28046201936
1,N,D,"Electricity, Gas, Water and Waste Services",D,2019-05-01,148.900038737613
1,N,D,"Electricity, Gas, Water and Waste Services",D,2019-08-01,149.542744466061
1,N,D,"Electricity, Gas, Water and Waste Services",D,2019-11-01,150.220051870111
1,N,D,"Electricity, Gas, Water and Waste Services",D,2020-02-01,150.951672671277
1,N,D,"Electricity, Gas, Water and Waste Services",D,2020-05-01,151.759981657379
1,N,D,"Electricity, Gas, Water and Waste Services",D,2020-08-01,152.657870531928
1,N,D,"Electricity, Gas, Water and Waste Services",D,2020-11-01,153.668761896768
1,N,D,"Electricity, Gas, Water and Waste Services",D,2021-02-01,154.814984960839
1,N,D,"Electricity, Gas, Water and Waste Services",D,2021-05-01,156.120580720383
1,N,D,"Electricity, Gas, Water and Waste Services",D,2021-08-01,157.608007223824
1,N,D,"Electricity, Gas, Water and Waste Services",D,2021-11-01,159.295319791762
1,N,D,"Electricity, Gas, Water and Waste Services",D,2022-02-01,161.19266919244
1,N,D,"Electricity, Gas, Water and Waste Services",D,2022-05-01,163.296620526323
1,N,D,"Electricity, Gas, Water and Waste Services",D,2022-08-01,165.611114026533
1,N,D,"Electricity, Gas, Water and Waste Services",D,2022-11-01,168.143129245504
1,N,D,"Electricity, Gas, Water and Waste Services",D,2023-02-01,170.894595299075
1,N,D,"Electricity, Gas, Water and Waste Services",D,2023-05-01,173.86668252856
1,N,D,"Electricity, Gas, Water and Waste Services",D,2023-08-01,177.059889287658
1,N,D,"Electricity, Gas, Water and Waste Services",D,2023-11-01,180.46349966273
1,N,D,"Electricity, Gas, Water and Waste Services",D,2024-02-01,184.057366535435
1,N,D,"Electricity, Gas, Water and Waste Services",D,2024-05-01,187.808788591368
1,N,D,"Electricity, Gas, Water and Waste Services",D,2024-08-01,191.676761570974
1,N,D,"Electricity, Gas, Water and Waste Services",D,2024-11-01,195.637717811094
1,N,D,"Electricity, Gas, Water and Waste Services",D,2025-02-01,199.676812828662
1,N,D,"Electricity, Gas, Water and Waste Services",D,2025-05-01,203.779801389105
1,N,D,"Electricity, Gas, Water and Waste Services",D,2025-08-01,207.926416550946
1,N,D,"Electricity, Gas, Water and Waste Services",D,2025-11-01,212.098032098294
1,N,D,"Electricity, Gas, Water and Waste Services",D,2026-02-01,216.280394767176
1,N,E,Construction,E,1986-08-01,495.181475241671
1,N,E,Construction,E,1986-11-01,497.98655268602
1,N,E,Construction,E,1987-02-01,500.503858530157
1,N,E,Construction,E,1987-05-01,502.072054640388
1,N,E,Construction,E,1987-08-01,503.623211729987
1,N,E,Construction,E,1987-11-01,508.030094071284
1,N,E,Construction,E,1988-02-01,516.574490322341
1,N,E,Construction,E,1988-05-01,528.941115183155
1,N,E,Construction,E,1988-08-01,544.428152818713
1,N,E,Construction,E,1988-11-01,562.282949164031
1,N,E,Construction,E,1989-02-01,579.224014337833
1,N,E,Construction,E,1989-05-01,592.621583795753
1,N,E,Construction,E,1989-08-01,601.287499684281
1,N,E,Construction,E,1989-11-01,604.969590661183
1,N,E,Construction,E,1990-02-01,602.993583642867
1,N,E,Construction,E,1990-05-01,595.777841706098
1,N,E,Construction,E,1990-08-01,586.452838889765
1,N,E,Construction,E,1990-11-01,575.130646836866
1,N,E,Construction,E,1991-02-01,561.137748797156
1,N,E,Construction,E,1991-05-01,545.80078585901
1,N,E,Construction,E,1991-08-01,532.285354712862
1,N,E,Construction,E,1991-11-01,523.546489298576
1,N,E,Construction,E,1992-02-01,518.898341230564
1,N,E,Construction,E,1992-05-01,518.120928746573
1,N,E,Construction,E,1992-08-01,520.886146681832
1,N,E,Construction,E,1992-11-01,526.337608443215
1,N,E,Construction,E,1993-02-01,533.184149317557
1,N,E,Construction,E,1993-05-01,540.320867497048
1,N,E,Construction,E,1993-08-01,546.97079310421
1,N,E,Construction,E,1993-11-01,553.232455653114
1,N,E,Construction,E,1994-02-01,559.466376090725
1,N,E,Construction,E,1994-05-01,566.215146503971
1,N,E,Construction,E,1994-08-01,574.201873718892
1,N,E,Construction,E,1994-11-01,582.586833442508
1,N,E,Construction,E,1995-02-01,589.837886653455
1,N,E,Construction,E,1995-05-01,594.973112577181
1,N,E,Construction,E,1995-08-01,597.761084162351
1,N,E,Construction,E,1995-11-01,599.05684810399
1,N,E,Construction,E,1996-02-01,598.05318006177
1,N,E,Construction,E,1996-05-01,594.832021435695
1,N,E,Construction,E,1996-08-01,590.137189990933
1,N,E,Construction,E,1996-11-01,584.580241991109
1,N,E,Construction,E,1997-02-01,580.39021265954
1,N,E,Construction,E,1997-05-01,578.973328316997
1,N,E,Construction,E,1997-08-01,581.358041796565
1,N,E,Construction,E,1997-11-01,587.680561025359
1,N,E,Construction,E,1998-02-01,595.514685979838
1,N,E,Construction,E,1998-05-01,603.464387606022
1,N,E,Construction,E,1998-08-01,611.287737229461
1,N,E,Construction,E,1998-11-01,620.069385063533
1,N,E,Construction,E,1999-02-01,630.935654188893
1,N,E,Construction,E,1999-05-01,644.790144810993
1,N,E,Construction,E,1999-08-01,659.691788117878
1,N,E,Construction,E,1999-11-01,672.126702186856
1,N,E,Construction,E,2000-02-01,679.230972267903
1,N,E,Construction,E,2000-05-01,681.069611322805
1,N,E,Construction,E,2000-08-01,677.703236409298
1,N,E,Construction,E,2000-11-01,670.941950343251
1,N,E,Construction,E,2001-02-01,664.721149147653
1,N,E,Construction,E,2001-05-01,663.042507874493
1,N,E,Construction,E,2001-08-01,666.380036830434
1,N,E,Construction,E,2001-11-01,673.563081283446
1,N,E,Construction,E,2002-02-01,681.669968379325
1,N,E,Construction,E,2002-05-01,689.367958044043
1,N,E,Construction,E,2002-08-01,697.280085896687
1,N,E,Construction,E,2002-11-01,708.166747695628
1,N,E,Construction,E,2003-02-01,720.544271760685
1,N,E,Construction,E,2003-05-01,731.907172649065
1,N,E,Construction,E,2003-08-01,744.229763790582
1,N,E,Construction,E,2003-11-01,757.040526444972
1,N,E,Construction,E,2004-02-01,769.825253204227
1,N,E,Construction,E,2004-05-01,783.442845931284
1,N,E,Construction,E,2004-08-01,797.010047050381
1,N,E,Construction,E,2004-11-01,811.252701415207
1,N,E,Construction,E,2005-02-01,824.800748288207
1,N,E,Construction,E,2005-05-01,836.577671939635
1,N,E,Construction,E,2005-08-01,847.33593397848
1,N,E,Construction,E,2005-11-01,858.889503584458
1,N,E,Construction,E,2006-02-01,872.270705728794
1,N,E,Construction,E,2006-05-01,885.951610845664
1,N,E,Construction,E,2006-08-01,900.430126491297
1,N,E,Construction,E,2006-11-01,914.69577780717
1,N,E,Construction,E,2007-02-01,925.520677057814
1,N,E,Construction,E,2007-05-01,932.854315550362
1,N,E,Construction,E,2007-08-01,940.600862374341
1,N,E,Construction,E,2007-11-01,951.721826448286
1,N,E,Construction,E,2008-02-01,963.761589170419
1,N,E,Construction,E,2008-05-01,972.482477083968
1,N,E,Construction,E,2008-08-01,978.322449841822
1,N,E,Construction,E,2008-11-01,981.832192212857
1,N,E,Construction,E,2009-02-01,982.829324867704
1,N,E,Construction,E,2009-05-01,981.430982309218
1,N,E,Construction,E,2009-08-01,979.650632666148
1,N,E,Construction,E,2009-11-01,980.510637867796
1,N,E,Construction,E,2010-02-01,984.1388252633
1,N,E,Construction,E,2010-05-01,988.858411785309
1,N,E,Construction,E,2010-08-01,993.831713121079
1,N,E,Construction,E,2010-11-01,1000.30191093347
1,N,E,Construction,E,2011-02-01,1005.01363625245
1,N,E,Construction,E,2011-05-01,1007.07180496826
1,N,E,Construction,E,2011-08-01,1004.5560981195
1,N,E,Construction,E,2011-11-01,999.284507035118
1,N,E,Construction,E,2012-02-01,992.107690528271
1,N,E,Construction,E,2012-05-01,984.69742794275
1,N,E,Construction,E,2012-08-01,980.678229210034
1,N,E,Construction,E,2012-11-01,983.428287317336
1,N,E,Construction,E,2013-02-01,989.531041465363
1,N,E,Construction,E,2013-05-01,995.402787397459
1,N,E,Construction,E,2013-08-01,1001.45589224574
1,N,E,Construction,E,2013-11-01,1007.06050660253
1,N,E,Construction,E,2014-02-01,1013.66964040194
1,N,E,Construction,E,2014-05-01,1020.146549585
1,N,E,Construction,E,2014-08-01,1025.51940368332
1,N,E,Construction,E,2014-11-01,1029.71791731042
1,N,E,Construction,E,2015-02-01,1032.02432112108
1,N,E,Construction,E,2015-05-01,1034.48078554993
1,N,E,Construction,E,2015-08-01,1038.09587161904
1,N,E,Construction,E,2015-11-01,1044.63034863679
1,N,E,Construction,E,2016-02-01,1052.85855435117
1,N,E,Construction,E,2016-05-01,1061.72889935827
1,N,E,Construction,E,2016-08-01,1071.23739896812
1,N,E,Construction,E,2016-11-01,1085.48307504758
1,N,E,Construction,E,2017-02-01,1104.41859434332
1,N,E,Construction,E,2017-05-01,1124.35879975006
1,N,E,Construction,E,2017-08-01,1143.10630959291
1,N,E,Construction,E,2017-11-01,1158.56239749083
1,N,E,Construction,E,2018-02-01,1169.02305011737
1,N,E,Construction,E,2018-05-01,1172.76788637269
1,N,E,Construction,E,2018-08-01,1172.71208366775
1,N,E,Construction,E,2018-11-01,1171.17401341237
1,N,E,Construction,E,2019-02-01,1171.29814857748
1,N,E,Construction,E,2019-05-01,1173.43446419557
1,N,E,Construction,E,2019-08-01,1175.74665359664
1,N,E,Construction,E,2019-11-01,1177.2659257712
1,N,E,Construction,E,2020-02-01,1175.92684430042
1,N,E,Construction,E,2020-05-01,1170.96898957821
1,N,E,Construction,E,2020-08-01,1164.19538087548
1,N,E,Construction,E,2020-11-01,1157.83935942915
1,N,E,Construction,E,2021-02-01,1151.78516723487
1,N,E,Construction,E,2021-05-01,1147.7241384716
1,N,E,Construction,E,2021-08-01,1148.71539336199
1,N,E,Construction,E,2021-11-01,1159.60595442158
1,N,E,Construction,E,2022-02-01,1180.36656184702
1,N,E,Construction,E,2022-05-01,1208.92319548322
1,N,E,Construction,E,2022-08-01,1242.01650726152
1,N,E,Construction,E,2022-11-01,1272.73673224148
1,N,E,Construction,E,2023-02-01,1296.41691304452
1,N,E,Construction,E,2023-05-01,1311.48638004355
1,N,E,Construction,E,2023-08-01,1320.93995096536
1,N,E,Construction,E,2023-11-01,1328.43135003423
1,N,E,Construction,E,2024-02-01,1333.82565719755
1,N,E,Construction,E,2024-05-01,1338.28561977
1,N,E,Construction,E,2024-08-01,1341.65933158945
1,N,E,Construction,E,2024-11-01,1346.71973515501
1,N,E,Construction,E,2025-02-01,1349.54265703423
1,N,E,Construction,E,2025-05-01,1349.40299842351
1,N,E,Construction,E,2025-08-01,1352.60121724857
1,N,E,Construction,E,2025-11-01,1360.86104706335
1,N,E,Construction,E,2026-02-01,1371.49557259635
1,N,F,Wholesale Trade,F,1986-08-01,361.365156224161
1,N,F,Wholesale Trade,F,1986-11-01,366.066636019479
1,N,F,Wholesale Trade,F,1987-02-01,370.765814717316
1,N,F,Wholesale Trade,F,1987-05-01,375.469067244202
1,N,F,Wholesale Trade,F,1987-08-01,380.181693948956
1,N,F,Wholesale Trade,F,1987-11-01,384.89847807584
1,N,F,Wholesale Trade,F,1988-02-01,389.613113404908
1,N,F,Wholesale Trade,F,1988-05-01,394.276331460309
1,N,F,Wholesale Trade,F,1988-08-01,398.811112460079
1,N,F,Wholesale Trade,F,1988-11-01,403.13674534423
1,N,F,Wholesale Trade,F,1989-02-01,407.172108155269
1,N,F,Wholesale Trade,F,1989-05-01,410.838127392681
1,N,F,Wholesale Trade,F,1989-08-01,414.062287237689
1,N,F,Wholesale Trade,F,1989-11-01,416.775988956999
1,N,F,Wholesale Trade,F,1990-02-01,418.935296407253
1,N,F,Wholesale Trade,F,1990-05-01,420.532119925164
1,N,F,Wholesale Trade,F,1990-08-01,421.570418761626
1,N,F,Wholesale Trade,F,1990-11-01,422.087284108191
1,N,F,Wholesale Trade,F,1991-02-01,422.147477221643
1,N,F,Wholesale Trade,F,1991-05-01,421.826793200086
1,N,F,Wholesale Trade,F,1991-08-01,421.239718183983
1,N,F,Wholesale Trade,F,1991-11-01,420.505196461042
1,N,F,Wholesale Trade,F,1992-02-01,419.732908044894
1,N,F,Wholesale Trade,F,1992-05-01,419.017146446423
1,N,F,Wholesale Trade,F,1992-08-01,418.419600563287
1,N,F,Wholesale Trade,F,1992-11-01,417.981764282643
1,N,F,Wholesale Trade,F,1993-02-01,417.740698309295
1,N,F,Wholesale Trade,F,1993-05-01,417.6680850594
1,N,F,Wholesale Trade,F,1993-08-01,417.691727841755
1,N,F,Wholesale Trade,F,1993-11-01,417.748417072052
1,N,F,Wholesale Trade,F,1994-02-01,417.794268301064
1,N,F,Wholesale Trade,F,1994-05-01,417.808306726199
1,N,F,Wholesale Trade,F,1994-08-01,417.766143476312
1,N,F,Wholesale Trade,F,1994-11-01,417.705002059786
1,N,F,Wholesale Trade,F,1995-02-01,417.636269512314
1,N,F,Wholesale Trade,F,1995-05-01,417.528620793489
1,N,F,Wholesale Trade,F,1995-08-01,417.346454035958
1,N,F,Wholesale Trade,F,1995-11-01,417.094068250087
1,N,F,Wholesale Trade,F,1996-02-01,416.787318149599
1,N,F,Wholesale Trade,F,1996-05-01,416.467016903086
1,N,F,Wholesale Trade,F,1996-08-01,416.136578713173
1,N,F,Wholesale Trade,F,1996-11-01,415.80197028242
1,N,F,Wholesale Trade,F,1997-02-01,415.458772780091
1,N,F,Wholesale Trade,F,1997-05-01,415.074745795408
1,N,F,Wholesale Trade,F,1997-08-01,414.61269365316
1,N,F,Wholesale Trade,F,1997-11-01,414.035181341999
1,N,F,Wholesale Trade,F,1998-02-01,413.255681394136
1,N,F,Wholesale Trade,F,1998-05-01,412.171470114527
1,N,F,Wholesale Trade,F,1998-08-01,410.69260239302
1,N,F,Wholesale Trade,F,1998-11-01,408.7825734813
1,N,F,Wholesale Trade,F,1999-02-01,406.423139261493
1,N,F,Wholesale Trade,F,1999-05-01,403.593091513826
1,N,F,Wholesale Trade,F,1999-08-01,400.28948019654
1,N,F,Wholesale Trade,F,1999-11-01,396.547273061747
1,N,F,Wholesale Trade,F,2000-02-01,392.494616508581
1,N,F,Wholesale Trade,F,2000-05-01,388.342645428831
1,N,F,Wholesale Trade,F,2000-08-01,384.312411689392
1,N,F,Wholesale Trade,F,2000-11-01,380.557758329503
1,N,F,Wholesale Trade,F,2001-02-01,377.221370770306
1,N,F,Wholesale Trade,F,2001-05-01,374.415382958957
1,N,F,Wholesale Trade,F,2001-08-01,372.191648082596
1,N,F,Wholesale Trade,F,2001-11-01,370.558174832131
1,N,F,Wholesale Trade,F,2002-02-01,369.462240238082
1,N,F,Wholesale Trade,F,2002-05-01,368.839145249347
1,N,F,Wholesale Trade,F,2002-08-01,368.622204994171
1,N,F,Wholesale Trade,F,2002-11-01,368.742559282609
1,N,F,Wholesale Trade,F,2003-02-01,369.118745891837
1,N,F,Wholesale Trade,F,2003-05-01,369.675190948766
1,N,F,Wholesale Trade,F,2003-08-01,370.368797280122
1,N,F,Wholesale Trade,F,2003-11-01,371.179963743578
1,N,F,Wholesale Trade,F,2004-02-01,372.074677447395
1,N,F,Wholesale Trade,F,2004-05-01,373.030062326252
1,N,F,Wholesale Trade,F,2004-08-01,374.048753087945
1,N,F,Wholesale Trade,F,2004-11-01,375.143313452563
1,N,F,Wholesale Trade,F,2005-02-01,376.318720073077
1,N,F,Wholesale Trade,F,2005-05-01,377.611659175031
1,N,F,Wholesale Trade,F,2005-08-01,379.071289373927
1,N,F,Wholesale Trade,F,2005-11-01,380.710423624607
1,N,F,Wholesale Trade,F,2006-02-01,382.521804568364
1,N,F,Wholesale Trade,F,2006-05-01,384.461652151119
1,N,F,Wholesale Trade,F,2006-08-01,386.44293661373
1,N,F,Wholesale Trade,F,2006-11-01,388.389168846677
1,N,F,Wholesale Trade,F,2007-02-01,390.276954667323
1,N,F,Wholesale Trade,F,2007-05-01,392.117364177525
1,N,F,Wholesale Trade,F,2007-08-01,393.927730516886
1,N,F,Wholesale Trade,F,2007-11-01,395.755238323013
1,N,F,Wholesale Trade,F,2008-02-01,397.609774555363
1,N,F,Wholesale Trade,F,2008-05-01,399.440860278572
1,N,F,Wholesale Trade,F,2008-08-01,401.225509439877
1,N,F,Wholesale Trade,F,2008-11-01,402.936856733565
1,N,F,Wholesale Trade,F,2009-02-01,404.584619330678
1,N,F,Wholesale Trade,F,2009-05-01,406.155664609059
1,N,F,Wholesale Trade,F,2009-08-01,407.611983260251
1,N,F,Wholesale Trade,F,2009-11-01,408.903496091987
1,N,F,Wholesale Trade,F,2010-02-01,409.979737780866
1,N,F,Wholesale Trade,F,2010-05-01,410.833119691416
1,N,F,Wholesale Trade,F,2010-08-01,411.508289588454
1,N,F,Wholesale Trade,F,2010-11-01,412.034350575534
1,N,F,Wholesale Trade,F,2011-02-01,412.440468820382
1,N,F,Wholesale Trade,F,2011-05-01,412.722442560077
1,N,F,Wholesale Trade,F,2011-08-01,412.894280199588
1,N,F,Wholesale Trade,F,2011-11-01,412.918807131753
1,N,F,Wholesale Trade,F,2012-02-01,412.729268498933
1,N,F,Wholesale Trade,F,2012-05-01,412.314216147135
1,N,F,Wholesale Trade,F,2012-08-01,411.612377843801
1,N,F,Wholesale Trade,F,2012-11-01,410.532660394254
1,N,F,Wholesale Trade,F,2013-02-01,408.999584512847
1,N,F,Wholesale Trade,F,2013-05-01,406.951697618984
1,N,F,Wholesale Trade,F,2013-08-01,404.443491772367
1,N,F,Wholesale Trade,F,2013-11-01,401.576114725125
1,N,F,Wholesale Trade,F,2014-02-01,398.465440970174
1,N,F,Wholesale Trade,F,2014-05-01,395.222268163613
1,N,F,Wholesale Trade,F,2014-08-01,391.949633228538
1,N,F,Wholesale Trade,F,2014-11-01,388.722803094803
1,N,F,Wholesale Trade,F,2015-02-01,385.604115280189
1,N,F,Wholesale Trade,F,2015-05-01,382.64063501674
1,N,F,Wholesale Trade,F,2015-08-01,379.880591991711
1,N,F,Wholesale Trade,F,2015-11-01,377.401591651999
1,N,F,Wholesale Trade,F,2016-02-01,375.248998143001
1,N,F,Wholesale Trade,F,2016-05-01,373.487637491286
1,N,F,Wholesale Trade,F,2016-08-01,372.130058467454
1,N,F,Wholesale Trade,F,2016-11-01,371.207860932387
1,N,F,Wholesale Trade,F,2017-02-01,370.740237196496
1,N,F,Wholesale Trade,F,2017-05-01,370.711448208783
1,N,F,Wholesale Trade,F,2017-08-01,371.122815434418
1,N,F,Wholesale Trade,F,2017-11-01,371.917065665984
1,N,F,Wholesale Trade,F,2018-02-01,373.025545952802
1,N,F,Wholesale Trade,F,2018-05-01,374.351191728679
1,N,F,Wholesale Trade,F,2018-08-01,375.791313322892
1,N,F,Wholesale Trade,F,2018-11-01,377.20836263654
1,N,F,Wholesale Trade,F,2019-02-01,378.417347033556
1,N,F,Wholesale Trade,F,2019-05-01,379.307332691141
1,N,F,Wholesale Trade,F,2019-08-01,379.795196187054
1,N,F,Wholesale Trade,F,2019-11-01,379.859526044205
1,N,F,Wholesale Trade,F,2020-02-01,379.53262100538
1,N,F,Wholesale Trade,F,2020-05-01,378.834540879727
1,N,F,Wholesale Trade,F,2020-08-01,377.821112790062
1,N,F,Wholesale Trade,F,2020-11-01,376.574556366278
1,N,F,Wholesale Trade,F,2021-02-01,375.209828282467
1,N,F,Wholesale Trade,F,2021-05-01,373.81474638235
1,N,F,Wholesale Trade,F,2021-08-01,372.517507804513
1,N,F,Wholesale Trade,F,2021-11-01,371.431460353946
1,N,F,Wholesale Trade,F,2022-02-01,370.601421383831
1,N,F,Wholesale Trade,F,2022-05-01,370.035009666787
1,N,F,Wholesale Trade,F,2022-08-01,369.636001715011
1,N,F,Wholesale Trade,F,2022-11-01,369.31070572593
1,N,F,Wholesale Trade,F,2023-02-01,368.966692931214
1,N,F,Wholesale Trade,F,2023-05-01,368.445104322767
1,N,F,Wholesale Trade,F,2023-08-01,367.554224389034
1,N,F,Wholesale Trade,F,2023-11-01,366.126150904797
1,N,F,Wholesale Trade,F,2024-02-01,364.061856689598
1,N,F,Wholesale Trade,F,2024-05-01,361.28451189034
1,N,F,Wholesale Trade,F,2024-08-01,357.826679067392
1,N,F,Wholesale Trade,F,2024-11-01,353.782692419354
1,N,F,Wholesale Trade,F,2025-02-01,349.286171974561
1,N,F,Wholesale Trade,F,2025-05-01,344.447676566878
1,N,F,Wholesale Trade,F,2025-08-01,339.370174998623
1,N,F,Wholesale Trade,F,2025-11-01,334.170054405886
1,N,F,Wholesale Trade,F,2026-02-01,328.930229359345
1,N,G,Retail Trade,G,1986-08-01,750.958973322756
1,N,G,Retail Trade,G,1986-11-01,756.732618544516
1,N,G,Retail Trade,G,1987-02-01,761.402781281629
1,N,G,Retail Trade,G,1987-05-01,767.152504010999
1,N,G,Retail Trade,G,1987-08-01,775.738638875489
1,N,G,Retail Trade,G,1987-11-01,786.533784849494
1,N,G,Retail Trade,G,1988-02-01,796.55138521569
1,N,G,Retail Trade,G,1988-05-01,806.110726528711
1,N,G,Retail Trade,G,1988-08-01,815.727100769432
1,N,G,Retail Trade,G,1988-11-01,826.562663911107
1,N,G,Retail Trade,G,1989-02-01,837.72849803578
1,N,G,Retail Trade,G,1989-05-01,848.09166194532
1,N,G,Retail Trade,G,1989-08-01,857.700263461185
1,N,G,Retail Trade,G,1989-11-01,865.43105775254
1,N,G,Retail Trade,G,1990-02-01,869.175502415674
1,N,G,Retail Trade,G,1990-05-01,868.441695273422
1,N,G,Retail Trade,G,1990-08-01,863.167050640863
1,N,G,Retail Trade,G,1990-11-01,856.178233739103
1,N,G,Retail Trade,G,1991-02-01,848.27714833979
1,N,G,Retail Trade,G,1991-05-01,841.556823349081
1,N,G,Retail Trade,G,1991-08-01,837.253218556469
1,N,G,Retail Trade,G,1991-11-01,836.426640858932
1,N,G,Retail Trade,G,1992-02-01,838.346731332063
1,N,G,Retail Trade,G,1992-05-01,841.064074098998
1,N,G,Retail Trade,G,1992-08-01,843.282078467645
1,N,G,Retail Trade,G,1992-11-01,846.094776392435
1,N,G,Retail Trade,G,1993-02-01,849.280052724942
1,N,G,Retail Trade,G,1993-05-01,852.162435237267
1,N,G,Retail Trade,G,1993-08-01,854.901273826727
1,N,G,Retail Trade,G,1993-11-01,860.26557531075
1,N,G,Retail Trade,G,1994-02-01,867.369515852564
1,N,G,Retail Trade,G,1994-05-01,875.517953764396
1,N,G,Retail Trade,G,1994-08-01,882.921028409568
1,N,G,Retail Trade,G,1994-11-01,889.549454912788
1,N,G,Retail Trade,G,1995-02-01,894.592414810356
1,N,G,Retail Trade,G,1995-05-01,899.811109190672
1,N,G,Retail Trade,G,1995-08-01,906.743577458378
1,N,G,Retail Trade,G,1995-11-01,915.742592098739
1,N,G,Retail Trade,G,1996-02-01,923.606642668593
1,N,G,Retail Trade,G,1996-05-01,927.940222745707
1,N,G,Retail Trade,G,1996-08-01,928.610289709728
1,N,G,Retail Trade,G,1996-11-01,927.944136366637
1,N,G,Retail Trade,G,1997-02-01,926.068890532355
1,N,G,Retail Trade,G,1997-05-01,925.437744409773
1,N,G,Retail Trade,G,1997-08-01,928.236872990974
1,N,G,Retail Trade,G,1997-11-01,934.933606027414
1,N,G,Retail Trade,G,1998-02-01,942.039586258235
1,N,G,Retail Trade,G,1998-05-01,949.494401845589
1,N,G,Retail Trade,G,1998-08-01,958.48475922968
1,N,G,Retail Trade,G,1998-11-01,967.98050534487
1,N,G,Retail Trade,G,1999-02-01,975.521138602313
1,N,G,Retail Trade,G,1999-05-01,980.673696354466
1,N,G,Retail Trade,G,1999-08-01,984.417508780053
1,N,G,Retail Trade,G,1999-11-01,986.813224998544
1,N,G,Retail Trade,G,2000-02-01,988.05075348464
1,N,G,Retail Trade,G,2000-05-01,988.986407250484
1,N,G,Retail Trade,G,2000-08-01,992.718834614639
1,N,G,Retail Trade,G,2000-11-01,999.604103030144
1,N,G,Retail Trade,G,2001-02-01,1007.80135972826
1,N,G,Retail Trade,G,2001-05-01,1016.18048586529
1,N,G,Retail Trade,G,2001-08-01,1025.27186037896
1,N,G,Retail Trade,G,2001-11-01,1035.51999506364
1,N,G,Retail Trade,G,2002-02-01,1045.71731590919
1,N,G,Retail Trade,G,2002-05-01,1057.38400267352
1,N,G,Retail Trade,G,2002-08-01,1071.49992393811
1,N,G,Retail Trade,G,2002-11-01,1086.29944056562
1,N,G,Retail Trade,G,2003-02-01,1097.83460451687
1,N,G,Retail Trade,G,2003-05-01,1102.83642713046
1,N,G,Retail Trade,G,2003-08-01,1101.64344296577
1,N,G,Retail Trade,G,2003-11-01,1099.33715933703
1,N,G,Retail Trade,G,2004-02-01,1099.20724005337
1,N,G,Retail Trade,G,2004-05-01,1103.75908441428
1,N,G,Retail Trade,G,2004-08-01,1114.18297823964
1,N,G,Retail Trade,G,2004-11-01,1129.41093453095
1,N,G,Retail Trade,G,2005-02-01,1144.36090745798
1,N,G,Retail Trade,G,2005-05-01,1155.70773492559
1,N,G,Retail Trade,G,2005-08-01,1161.26858691029
1,N,G,Retail Trade,G,2005-11-01,1163.09284045353
1,N,G,Retail Trade,G,2006-02-01,1162.93540545427
1,N,G,Retail Trade,G,2006-05-01,1163.70767156983
1,N,G,Retail Trade,G,2006-08-01,1166.8983984311
1,N,G,Retail Trade,G,2006-11-01,1173.1287038045
1,N,G,Retail Trade,G,2007-02-01,1181.4308668876
1,N,G,Retail Trade,G,2007-05-01,1191.76080409125
1,N,G,Retail Trade,G,2007-08-01,1204.100004303
1,N,G,Retail Trade,G,2007-11-01,1214.90432712411
1,N,G,Retail Trade,G,2008-02-01,1220.0856771998
1,N,G,Retail Trade,G,2008-05-01,1220.51070731173
1,N,G,Retail Trade,G,2008-08-01,1217.31868755113
1,N,G,Retail Trade,G,2008-11-01,1212.19248908877
1,N,G,Retail Trade,G,2009-02-01,1205.26249804566
1,N,G,Retail Trade,G,2009-05-01,1196.36606286497
1,N,G,Retail Trade,G,2009-08-01,1187.81243357438
1,N,G,Retail Trade,G,2009-11-01,1183.31626766963
1,N,G,Retail Trade,G,2010-02-01,1181.67333766367
1,N,G,Retail Trade,G,2010-05-01,1183.8617698754
1,N,G,Retail Trade,G,2010-08-01,1189.47655365697
1,N,G,Retail Trade,G,2010-11-01,1196.32986651058
1,N,G,Retail Trade,G,2011-02-01,1200.31081845494
1,N,G,Retail Trade,G,2011-05-01,1200.80515968399
1,N,G,Retail Trade,G,2011-08-01,1199.16786609293
1,N,G,Retail Trade,G,2011-11-01,1197.00853014927
1,N,G,Retail Trade,G,2012-02-01,1195.62971275471
1,N,G,Retail Trade,G,2012-05-01,1196.39504281572
1,N,G,Retail Trade,G,2012-08-01,1199.87337782826
1,N,G,Retail Trade,G,2012-11-01,1205.87502943638
1,N,G,Retail Trade,G,2013-02-01,1211.86101242335
1,N,G,Retail Trade,G,2013-05-01,1218.00812326162
1,N,G,Retail Trade,G,2013-08-01,1222.94945824572
1,N,G,Retail Trade,G,2013-11-01,1228.33831809713
1,N,G,Retail Trade,G,2014-02-01,1230.61235185583
1,N,G,Retail Trade,G,2014-05-01,1230.78567260606
1,N,G,Retail Trade,G,2014-08-01,1230.49022476658
1,N,G,Retail Trade,G,2014-11-01,1231.63114623456
1,N,G,Retail Trade,G,2015-02-01,1233.55299685684
1,N,G,Retail Trade,G,2015-05-01,1239.20325321554
1,N,G,Retail Trade,G,2015-08-01,1247.92591440703
1,N,G,Retail Trade,G,2015-11-01,1254.63107702227
1,N,G,Retail Trade,G,2016-02-01,1253.7165246847
1,N,G,Retail Trade,G,2016-05-01,1247.37979419358
1,N,G,Retail Trade,G,2016-08-01,1240.89947044631
1,N,G,Retail Trade,G,2016-11-01,1239.12640661026
1,N,G,Retail Trade,G,2017-02-01,1241.30664813393
1,N,G,Retail Trade,G,2017-05-01,1249.26561290519
1,N,G,Retail Trade,G,2017-08-01,1259.25655002415
1,N,G,Retail Trade,G,2017-11-01,1268.86025888969
1,N,G,Retail Trade,G,2018-02-01,1272.28326086255
1,N,G,Retail Trade,G,2018-05-01,1270.79052874749
1,N,G,Retail Trade,G,2018-08-01,1268.53879870034
1,N,G,Retail Trade,G,2018-11-01,1267.78679508045
1,N,G,Retail Trade,G,2019-02-01,1265.12872930854
1,N,G,Retail Trade,G,2019-05-01,1260.35485247117
1,N,G,Retail Trade,G,2019-08-01,1253.51106518901
1,N,G,Retail Trade,G,2019-11-01,1247.9036829819
1,N,G,Retail Trade,G,2020-02-01,1243.78357066043
1,N,G,Retail Trade,G,2020-08-01,1247.49005462248
1,N,G,Retail Trade,G,2020-11-01,1256.17026335828
1,N,G,Retail Trade,G,2021-02-01,1262.98486087465
1,N,G,Retail Trade,G,2021-05-01,1266.03672912898
1,N,G,Retail Trade,G,2021-08-01,1267.98336297785
1,N,G,Retail Trade,G,2021-11-01,1275.65026077125
1,N,G,Retail Trade,G,2022-02-01,1286.69991864248
1,N,G,Retail Trade,G,2022-05-01,1300.96389269028
1,N,G,Retail Trade,G,2022-08-01,1316.1382054455
1,N,G,Retail Trade,G,2022-11-01,1327.50867423695
1,N,G,Retail Trade,G,2023-02-01,1332.27963323567
1,N,G,Retail Trade,G,2023-05-01,1331.64563640084
1,N,G,Retail Trade,G,2023-08-01,1330.24749400434
1,N,G,Retail Trade,G,2023-11-01,1327.95932202534
1,N,G,Retail Trade,G,2024-02-01,1326.87372777301
1,N,G,Retail Trade,G,2024-05-01,1326.72462449013
1,N,G,Retail Trade,G,2024-08-01,1330.57440458884
1,N,G,Retail Trade,G,2024-11-01,1334.4937726901
1,N,G,Retail Trade,G,2025-02-01,1335.98436681243
1,N,G,Retail Trade,G,2025-05-01,1336.54647970094
1,N,G,Retail Trade,G,2025-08-01,1336.66487981628
1,N,G,Retail Trade,G,2025-11-01,1337.55908636852
1,N,G,Retail Trade,G,2026-02-01,1338.34475468562
1,N,H,Accommodation and Food Services,H,1986-08-01,353.403629556706
1,N,H,Accommodation and Food Services,H,1986-11-01,358.037822502255
1,N,H,Accommodation and Food Services,H,1987-02-01,363.307944065449
1,N,H,Accommodation and Food Services,H,1987-05-01,369.793956538743
1,N,H,Accommodation and Food Services,H,1987-08-01,376.963739884826
1,N,H,Accommodation and Food Services,H,1987-11-01,384.199702132588
1,N,H,Accommodation and Food Services,H,1988-02-01,391.210620008273
1,N,H,Accommodation and Food Services,H,1988-05-01,397.68067851979
1,N,H,Accommodation and Food Services,H,1988-08-01,403.680954011512
1,N,H,Accommodation and Food Services,H,1988-11-01,409.355132671514
1,N,H,Accommodation and Food Services,H,1989-02-01,415.072483928912
1,N,H,Accommodation and Food Services,H,1989-05-01,421.767354348016
1,N,H,Accommodation and Food Services,H,1989-08-01,428.93775482427
1,N,H,Accommodation and Food Services,H,1989-11-01,435.985839451651
1,N,H,Accommodation and Food Services,H,1990-02-01,441.924184902867
1,N,H,Accommodation and Food Services,H,1990-05-01,446.226350631825
1,N,H,Accommodation and Food Services,H,1990-08-01,449.04094772089
1,N,H,Accommodation and Food Services,H,1990-11-01,452.085528121355
1,N,H,Accommodation and Food Services,H,1991-02-01,456.009958099022
1,N,H,Accommodation and Food Services,H,1991-05-01,460.725590601239
1,N,H,Accommodation and Food Services,H,1991-08-01,465.040595733306
1,N,H,Accommodation and Food Services,H,1991-11-01,468.427722238654
1,N,H,Accommodation and Food Services,H,1992-02-01,470.227656507706
1,N,H,Accommodation and Food Services,H,1992-05-01,470.514864020236
1,N,H,Accommodation and Food Services,H,1992-08-01,469.329814809777
1,N,H,Accommodation and Food Services,H,1992-11-01,467.706741656879
1,N,H,Accommodation and Food Services,H,1993-02-01,467.259368716648
1,N,H,Accommodation and Food Services,H,1993-05-01,468.595918600342
1,N,H,Accommodation and Food Services,H,1993-08-01,472.185251464971
1,N,H,Accommodation and Food Services,H,1993-11-01,478.881395261045
1,N,H,Accommodation and Food Services,H,1994-02-01,488.357458003846
1,N,H,Accommodation and Food Services,H,1994-05-01,499.794500239747
1,N,H,Accommodation and Food Services,H,1994-08-01,512.471523001635
1,N,H,Accommodation and Food Services,H,1994-11-01,523.785749560132
1,N,H,Accommodation and Food Services,H,1995-02-01,532.445764216308
1,N,H,Accommodation and Food Services,H,1995-05-01,537.785276157581
1,N,H,Accommodation and Food Services,H,1995-08-01,539.424549468991
1,N,H,Accommodation and Food Services,H,1995-11-01,538.725974411075
1,N,H,Accommodation and Food Services,H,1996-02-01,537.839284924375
1,N,H,Accommodation and Food Services,H,1996-05-01,539.330629217403
1,N,H,Accommodation and Food Services,H,1996-08-01,543.160356317574
1,N,H,Accommodation and Food Services,H,1996-11-01,548.759756864583
1,N,H,Accommodation and Food Services,H,1997-02-01,554.654632753608
1,N,H,Accommodation and Food Services,H,1997-05-01,559.413235375386
1,N,H,Accommodation and Food Services,H,1997-08-01,562.540915132952
1,N,H,Accommodation and Food Services,H,1997-11-01,564.939031942227
1,N,H,Accommodation and Food Services,H,1998-02-01,567.574738972003
1,N,H,Accommodation and Food Services,H,1998-05-01,571.504128740955
1,N,H,Accommodation and Food Services,H,1998-08-01,575.301674427558
1,N,H,Accommodation and Food Services,H,1998-11-01,578.727444661609
1,N,H,Accommodation and Food Services,H,1999-02-01,581.539690986343
1,N,H,Accommodation and Food Services,H,1999-05-01,584.821312306275
1,N,H,Accommodation and Food Services,H,1999-08-01,589.284132246198
1,N,H,Accommodation and Food Services,H,1999-11-01,596.009485096168
1,N,H,Accommodation and Food Services,H,2000-02-01,603.881638386643
1,N,H,Accommodation and Food Services,H,2000-05-01,612.881005989573
1,N,H,Accommodation and Food Services,H,2000-08-01,621.252678560979
1,N,H,Accommodation and Food Services,H,2000-11-01,627.416818440678
1,N,H,Accommodation and Food Services,H,2001-02-01,630.778521569088
1,N,H,Accommodation and Food Services,H,2001-05-01,632.594174026663
1,N,H,Accommodation and Food Services,H,2001-08-01,634.058414984
1,N,H,Accommodation and Food Services,H,2001-11-01,635.144223097941
1,N,H,Accommodation and Food Services,H,2002-02-01,635.365165835318
1,N,H,Accommodation and Food Services,H,2002-05-01,633.91948237269
1,N,H,Accommodation and Food Services,H,2002-08-01,632.22177987191
1,N,H,Accommodation and Food Services,H,2002-11-01,632.937156305704
1,N,H,Accommodation and Food Services,H,2003-02-01,635.468115438911
1,N,H,Accommodation and Food Services,H,2003-05-01,639.86203812905
1,N,H,Accommodation and Food Services,H,2003-08-01,644.60766584001
1,N,H,Accommodation and Food Services,H,2003-11-01,649.471853361357
1,N,H,Accommodation and Food Services,H,2004-02-01,653.617398794776
1,N,H,Accommodation and Food Services,H,2004-05-01,658.54389342014
1,N,H,Accommodation and Food Services,H,2004-08-01,665.128205858801
1,N,H,Accommodation and Food Services,H,2004-11-01,672.483430826923
1,N,H,Accommodation and Food Services,H,2005-02-01,677.596041220653
1,N,H,Accommodation and Food Services,H,2005-05-01,679.613093393994
1,N,H,Accommodation and Food Services,H,2005-08-01,677.65081254824
1,N,H,Accommodation and Food Services,H,2005-11-01,673.27435418111
1,N,H,Accommodation and Food Services,H,2006-02-01,668.889774051941
1,N,H,Accommodation and Food Services,H,2006-05-01,668.979057834953
1,N,H,Accommodation and Food Services,H,2006-08-01,673.820740012363
1,N,H,Accommodation and Food Services,H,2006-11-01,680.832181252823
1,N,H,Accommodation and Food Services,H,2007-02-01,688.569391322992
1,N,H,Accommodation and Food Services,H,2007-05-01,694.799184888841
1,N,H,Accommodation and Food Services,H,2007-08-01,698.859042724809
1,N,H,Accommodation and Food Services,H,2007-11-01,700.670247073911
1,N,H,Accommodation and Food Services,H,2008-02-01,702.998686985748
1,N,H,Accommodation and Food Services,H,2008-05-01,706.468264892126
1,N,H,Accommodation and Food Services,H,2008-08-01,710.245119080659
1,N,H,Accommodation and Food Services,H,2008-11-01,713.714054793089
1,N,H,Accommodation and Food Services,H,2009-02-01,718.254569215026
1,N,H,Accommodation and Food Services,H,2009-05-01,724.907246995255
1,N,H,Accommodation and Food Services,H,2009-08-01,731.880618280005
1,N,H,Accommodation and Food Services,H,2009-11-01,736.787144436944
1,N,H,Accommodation and Food Services,H,2010-02-01,740.505082120928
1,N,H,Accommodation and Food Services,H,2010-05-01,745.303304592325
1,N,H,Accommodation and Food Services,H,2010-08-01,750.703659248898
1,N,H,Accommodation and Food Services,H,2010-11-01,757.605603885425
1,N,H,Accommodation and Food Services,H,2011-02-01,763.320276577311
1,N,H,Accommodation and Food Services,H,2011-05-01,765.643535193333
1,N,H,Accommodation and Food Services,H,2011-08-01,764.590281001912
1,N,H,Accommodation and Food Services,H,2011-11-01,762.053564265276
1,N,H,Accommodation and Food Services,H,2012-02-01,761.327571342441
1,N,H,Accommodation and Food Services,H,2012-05-01,765.398850494087
1,N,H,Accommodation and Food Services,H,2012-08-01,771.571102994437
1,N,H,Accommodation and Food Services,H,2012-11-01,777.451478123471
1,N,H,Accommodation and Food Services,H,2013-02-01,781.665146776211
1,N,H,Accommodation and Food Services,H,2013-05-01,783.605567426582
1,N,H,Accommodation and Food Services,H,2013-08-01,783.15076885733
1,N,H,Accommodation and Food Services,H,2013-11-01,783.21464874727
1,N,H,Accommodation and Food Services,H,2014-02-01,786.568111870148
1,N,H,Accommodation and Food Services,H,2014-05-01,793.101171814359
1,N,H,Accommodation and Food Services,H,2014-08-01,802.490888309039
1,N,H,Accommodation and Food Services,H,2014-11-01,812.24373516125
1,N,H,Accommodation and Food Services,H,2015-02-01,819.904054065908
1,N,H,Accommodation and Food Services,H,2015-05-01,824.49855292985
1,N,H,Accommodation and Food Services,H,2015-08-01,827.314527914342
1,N,H,Accommodation and Food Services,H,2015-11-01,831.243123072301
1,N,H,Accommodation and Food Services,H,2016-02-01,836.41135218072
1,N,H,Accommodation and Food Services,H,2016-05-01,842.740702636189
1,N,H,Accommodation and Food Services,H,2016-08-01,848.657499149007
1,N,H,Accommodation and Food Services,H,2016-11-01,853.934400561488
1,N,H,Accommodation and Food Services,H,2017-02-01,859.828751417856
1,N,H,Accommodation and Food Services,H,2017-05-01,866.603595752957
1,N,H,Accommodation and Food Services,H,2017-08-01,871.631262962671
1,N,H,Accommodation and Food Services,H,2017-11-01,874.151602331142
1,N,H,Accommodation and Food Services,H,2018-02-01,876.159182574635
1,N,H,Accommodation and Food Services,H,2018-05-01,879.61272873913
1,N,H,Accommodation and Food Services,H,2018-08-01,882.891616849007
1,N,H,Accommodation and Food Services,H,2018-11-01,887.696173209395
1,N,H,Accommodation and Food Services,H,2019-02-01,893.874505510017
1,N,H,Accommodation and Food Services,H,2019-05-01,901.164055260037
1,N,H,Accommodation and Food Services,H,2019-08-01,907.479901337333
1,N,H,Accommodation and Food Services,H,2019-11-01,912.215083113864
1,N,H,Accommodation and Food Services,H,2020-02-01,915.22831047689
1,N,H,Accommodation and Food Services,H,2022-02-01,913.097603879033
1,N,H,Accommodation and Food Services,H,2022-05-01,918.06851663125
1,N,H,Accommodation and Food Services,H,2022-08-01,925.244270239128
1,N,H,Accommodation and Food Services,H,2022-11-01,930.923428725786
1,N,H,Accommodation and Food Services,H,2023-02-01,932.227902498112
1,N,H,Accommodation and Food Services,H,2023-05-01,930.029172350056
1,N,H,Accommodation and Food Services,H,2023-08-01,925.809177016582
1,N,H,Accommodation and Food Services,H,2023-11-01,923.91837008568
1,N,H,Accommodation and Food Services,H,2024-02-01,928.39434025118
1,N,H,Accommodation and Food Services,H,2024-05-01,938.35690990982
1,N,H,Accommodation and Food Services,H,2024-08-01,948.717965881979
1,N,H,Accommodation and Food Services,H,2024-11-01,955.294071833156
1,N,H,Accommodation and Food Services,H,2025-02-01,958.31503492839
1,N,H,Accommodation and Food Services,H,2025-05-01,960.482999808938
1,N,H,Accommodation and Food Services,H,2025-08-01,963.391883779324
1,N,H,Accommodation and Food Services,H,2025-11-01,965.904134217042
1,N,H,Accommodation and Food Services,H,2026-02-01,967.227276048945
1,N,I,"Transport, Postal and Warehousing",I,1986-08-01,436.500890321849
1,N,I,"Transport, Postal and Warehousing",I,1986-11-01,429.934490414618
1,N,I,"Transport, Postal and Warehousing",I,1987-02-01,423.958029436014
1,N,I,"Transport, Postal and Warehousing",I,1987-05-01,419.756069423274
1,N,I,"Transport, Postal and Warehousing",I,1987-08-01,417.460483123021
1,N,I,"Transport, Postal and Warehousing",I,1987-11-01,416.607215637261
1,N,I,"Transport, Postal and Warehousing",I,1988-02-01,416.453443055366
1,N,I,"Transport, Postal and Warehousing",I,1988-05-01,416.071700188182
1,N,I,"Transport, Postal and Warehousing",I,1988-08-01,416.41475189063
1,N,I,"Transport, Postal and Warehousing",I,1988-11-01,418.100072747062
1,N,I,"Transport, Postal and Warehousing",I,1989-02-01,421.17996617154
1,N,I,"Transport, Postal and Warehousing",I,1989-05-01,424.575011064516
1,N,I,"Transport, Postal and Warehousing",I,1989-08-01,427.572872507441
1,N,I,"Transport, Postal and Warehousing",I,1989-11-01,428.598334815284
1,N,I,"Transport, Postal and Warehousing",I,1990-02-01,428.475200018946
1,N,I,"Transport, Postal and Warehousing",I,1990-05-01,428.473696773621
1,N,I,"Transport, Postal and Warehousing",I,1990-08-01,428.883472439294
1,N,I,"Transport, Postal and Warehousing",I,1990-11-01,428.415486279141
1,N,I,"Transport, Postal and Warehousing",I,1991-02-01,427.101702618515
1,N,I,"Transport, Postal and Warehousing",I,1991-05-01,424.399816963795
1,N,I,"Transport, Postal and Warehousing",I,1991-08-01,419.816530143352
1,N,I,"Transport, Postal and Warehousing",I,1991-11-01,413.818195287231
1,N,I,"Transport, Postal and Warehousing",I,1992-02-01,407.154094208269
1,N,I,"Transport, Postal and Warehousing",I,1992-05-01,400.603679561252
1,N,I,"Transport, Postal and Warehousing",I,1992-08-01,394.947103173991
1,N,I,"Transport, Postal and Warehousing",I,1992-11-01,391.08219911986
1,N,I,"Transport, Postal and Warehousing",I,1993-02-01,389.816319513205
1,N,I,"Transport, Postal and Warehousing",I,1993-05-01,390.266484640164
1,N,I,"Transport, Postal and Warehousing",I,1993-08-01,392.190925529904
1,N,I,"Transport, Postal and Warehousing",I,1993-11-01,395.42443474412
1,N,I,"Transport, Postal and Warehousing",I,1994-02-01,399.078394926944
1,N,I,"Transport, Postal and Warehousing",I,1994-05-01,402.587369086383
1,N,I,"Transport, Postal and Warehousing",I,1994-08-01,406.356304423081
1,N,I,"Transport, Postal and Warehousing",I,1994-11-01,410.323738368303
1,N,I,"Transport, Postal and Warehousing",I,1995-02-01,413.504212448373
1,N,I,"Transport, Postal and Warehousing",I,1995-05-01,415.599551888224
1,N,I,"Transport, Postal and Warehousing",I,1995-08-01,417.737383719684
1,N,I,"Transport, Postal and Warehousing",I,1995-11-01,420.90535735895
1,N,I,"Transport, Postal and Warehousing",I,1996-02-01,424.452034821607
1,N,I,"Transport, Postal and Warehousing",I,1996-05-01,427.041502474244
1,N,I,"Transport, Postal and Warehousing",I,1996-08-01,428.607496252861
1,N,I,"Transport, Postal and Warehousing",I,1996-11-01,429.681626099436
1,N,I,"Transport, Postal and Warehousing",I,1997-02-01,430.612785809889
1,N,I,"Transport, Postal and Warehousing",I,1997-05-01,431.078368534966
1,N,I,"Transport, Postal and Warehousing",I,1997-08-01,431.351918446649
1,N,I,"Transport, Postal and Warehousing",I,1997-11-01,431.383085158944
1,N,I,"Transport, Postal and Warehousing",I,1998-02-01,431.87121470002
1,N,I,"Transport, Postal and Warehousing",I,1998-05-01,433.036919633224
1,N,I,"Transport, Postal and Warehousing",I,1998-08-01,435.41285144062
1,N,I,"Transport, Postal and Warehousing",I,1998-11-01,439.044771148297
1,N,I,"Transport, Postal and Warehousing",I,1999-02-01,442.233451320374
1,N,I,"Transport, Postal and Warehousing",I,1999-05-01,443.234670101105
1,N,I,"Transport, Postal and Warehousing",I,1999-08-01,443.645353619379
1,N,I,"Transport, Postal and Warehousing",I,1999-11-01,444.672838909951
1,N,I,"Transport, Postal and Warehousing",I,2000-02-01,448.017989104427
1,N,I,"Transport, Postal and Warehousing",I,2000-05-01,453.474608417961
1,N,I,"Transport, Postal and Warehousing",I,2000-08-01,458.957064835526
1,N,I,"Transport, Postal and Warehousing",I,2000-11-01,462.929446119737
1,N,I,"Transport, Postal and Warehousing",I,2001-02-01,464.583045544619
1,N,I,"Transport, Postal and Warehousing",I,2001-05-01,463.470148693659
1,N,I,"Transport, Postal and Warehousing",I,2001-08-01,459.969711065729
1,N,I,"Transport, Postal and Warehousing",I,2001-11-01,455.094347362176
1,N,I,"Transport, Postal and Warehousing",I,2002-02-01,450.548746768424
1,N,I,"Transport, Postal and Warehousing",I,2002-05-01,447.710081462042
1,N,I,"Transport, Postal and Warehousing",I,2002-08-01,446.927503022895
1,N,I,"Transport, Postal and Warehousing",I,2002-11-01,448.941350830684
1,N,I,"Transport, Postal and Warehousing",I,2003-02-01,453.632481598882
1,N,I,"Transport, Postal and Warehousing",I,2003-05-01,459.912279264913
1,N,I,"Transport, Postal and Warehousing",I,2003-08-01,466.117354724502
1,N,I,"Transport, Postal and Warehousing",I,2003-11-01,471.903193535458
1,N,I,"Transport, Postal and Warehousing",I,2004-02-01,476.531241093806
1,N,I,"Transport, Postal and Warehousing",I,2004-05-01,480.998424923361
1,N,I,"Transport, Postal and Warehousing",I,2004-08-01,485.24789268913
1,N,I,"Transport, Postal and Warehousing",I,2004-11-01,488.793706046212
1,N,I,"Transport, Postal and Warehousing",I,2005-02-01,492.104657734705
1,N,I,"Transport, Postal and Warehousing",I,2005-05-01,494.537949335071
1,N,I,"Transport, Postal and Warehousing",I,2005-08-01,495.757351737161
1,N,I,"Transport, Postal and Warehousing",I,2005-11-01,496.532180102555
1,N,I,"Transport, Postal and Warehousing",I,2006-02-01,498.166963472273
1,N,I,"Transport, Postal and Warehousing",I,2006-05-01,501.012616652409
1,N,I,"Transport, Postal and Warehousing",I,2006-08-01,504.636438112287
1,N,I,"Transport, Postal and Warehousing",I,2006-11-01,510.019782946837
1,N,I,"Transport, Postal and Warehousing",I,2007-02-01,518.204403273227
1,N,I,"Transport, Postal and Warehousing",I,2007-05-01,527.777759388247
1,N,I,"Transport, Postal and Warehousing",I,2007-08-01,536.892210779436
1,N,I,"Transport, Postal and Warehousing",I,2007-11-01,545.584844512471
1,N,I,"Transport, Postal and Warehousing",I,2008-02-01,554.479199579568
1,N,I,"Transport, Postal and Warehousing",I,2008-05-01,564.685145970868
1,N,I,"Transport, Postal and Warehousing",I,2008-08-01,574.357311861266
1,N,I,"Transport, Postal and Warehousing",I,2008-11-01,581.953433809008
1,N,I,"Transport, Postal and Warehousing",I,2009-02-01,585.374284732025
1,N,I,"Transport, Postal and Warehousing",I,2009-05-01,584.499285112175
1,N,I,"Transport, Postal and Warehousing",I,2009-08-01,580.293580701404
1,N,I,"Transport, Postal and Warehousing",I,2009-11-01,575.844853513475
1,N,I,"Transport, Postal and Warehousing",I,2010-02-01,573.579795918918
1,N,I,"Transport, Postal and Warehousing",I,2010-05-01,573.981554399129
1,N,I,"Transport, Postal and Warehousing",I,2010-08-01,574.593284891854
1,N,I,"Transport, Postal and Warehousing",I,2010-11-01,575.558883067984
1,N,I,"Transport, Postal and Warehousing",I,2011-02-01,575.831948046184
1,N,I,"Transport, Postal and Warehousing",I,2011-05-01,573.826810106774
1,N,I,"Transport, Postal and Warehousing",I,2011-08-01,570.128575910288
1,N,I,"Transport, Postal and Warehousing",I,2011-11-01,565.34449981683
1,N,I,"Transport, Postal and Warehousing",I,2012-02-01,561.810849347771
1,N,I,"Transport, Postal and Warehousing",I,2012-05-01,562.598858952725
1,N,I,"Transport, Postal and Warehousing",I,2012-08-01,568.386318912491
1,N,I,"Transport, Postal and Warehousing",I,2012-11-01,577.03719788451
1,N,I,"Transport, Postal and Warehousing",I,2013-02-01,583.974784979967
1,N,I,"Transport, Postal and Warehousing",I,2013-05-01,587.542423999493
1,N,I,"Transport, Postal and Warehousing",I,2013-08-01,589.338913533955
1,N,I,"Transport, Postal and Warehousing",I,2013-11-01,590.269853464343
1,N,I,"Transport, Postal and Warehousing",I,2014-02-01,590.882179989448
1,N,I,"Transport, Postal and Warehousing",I,2014-05-01,592.238628820117
1,N,I,"Transport, Postal and Warehousing",I,2014-08-01,595.245910001712
1,N,I,"Transport, Postal and Warehousing",I,2014-11-01,599.298250920888
1,N,I,"Transport, Postal and Warehousing",I,2015-02-01,603.756525223247
1,N,I,"Transport, Postal and Warehousing",I,2015-05-01,609.291654759085
1,N,I,"Transport, Postal and Warehousing",I,2015-08-01,614.658277815358
1,N,I,"Transport, Postal and Warehousing",I,2015-11-01,618.626984665782
1,N,I,"Transport, Postal and Warehousing",I,2016-02-01,620.711770954489
1,N,I,"Transport, Postal and Warehousing",I,2016-05-01,620.216247810887
1,N,I,"Transport, Postal and Warehousing",I,2016-08-01,619.081968680122
1,N,I,"Transport, Postal and Warehousing",I,2016-11-01,618.952924156201
1,N,I,"Transport, Postal and Warehousing",I,2017-02-01,620.98817005798
1,N,I,"Transport, Postal and Warehousing",I,2017-05-01,626.411730126509
1,N,I,"Transport, Postal and Warehousing",I,2017-08-01,631.635003735407
1,N,I,"Transport, Postal and Warehousing",I,2017-11-01,635.193817572831
1,N,I,"Transport, Postal and Warehousing",I,2018-02-01,637.106911790628
1,N,I,"Transport, Postal and Warehousing",I,2018-05-01,639.300446002822
1,N,I,"Transport, Postal and Warehousing",I,2018-08-01,644.212981563757
1,N,I,"Transport, Postal and Warehousing",I,2018-11-01,649.811377838851
1,N,I,"Transport, Postal and Warehousing",I,2019-02-01,654.370520308979
1,N,I,"Transport, Postal and Warehousing",I,2019-05-01,657.180558813236
1,N,I,"Transport, Postal and Warehousing",I,2019-08-01,658.813972704878
1,N,I,"Transport, Postal and Warehousing",I,2019-11-01,658.369281226399
1,N,I,"Transport, Postal and Warehousing",I,2020-02-01,657.27869364806
1,N,I,"Transport, Postal and Warehousing",I,2021-02-01,653.844532532264
1,N,I,"Transport, Postal and Warehousing",I,2021-05-01,653.083359365142
1,N,I,"Transport, Postal and Warehousing",I,2021-08-01,655.761249646633
1,N,I,"Transport, Postal and Warehousing",I,2021-11-01,662.785139589906
1,N,I,"Transport, Postal and Warehousing",I,2022-02-01,673.125227992001
1,N,I,"Transport, Postal and Warehousing",I,2022-05-01,684.90197978045
1,N,I,"Transport, Postal and Warehousing",I,2022-08-01,696.212000734514
1,N,I,"Transport, Postal and Warehousing",I,2022-11-01,705.534586009904
1,N,I,"Transport, Postal and Warehousing",I,2023-02-01,712.264664584732
1,N,I,"Transport, Postal and Warehousing",I,2023-05-01,719.54513886468
1,N,I,"Transport, Postal and Warehousing",I,2023-08-01,726.225415318657
1,N,I,"Transport, Postal and Warehousing",I,2023-11-01,730.478145327952
1,N,I,"Transport, Postal and Warehousing",I,2024-02-01,731.966235729862
1,N,I,"Transport, Postal and Warehousing",I,2024-05-01,732.880453603527
1,N,I,"Transport, Postal and Warehousing",I,2024-08-01,734.121382765795
1,N,I,"Transport, Postal and Warehousing",I,2024-11-01,737.008069132194
1,N,I,"Transport, Postal and Warehousing",I,2025-02-01,739.240951349615
1,N,I,"Transport, Postal and Warehousing",I,2025-05-01,742.162891486678
1,N,I,"Transport, Postal and Warehousing",I,2025-08-01,744.553856930553
1,N,I,"Transport, Postal and Warehousing",I,2025-11-01,748.526731721303
1,N,I,"Transport, Postal and Warehousing",I,2026-02-01,754.545381945292
1,N,J,Information Media and Telecommunications,J,1986-08-01,166.907701085427
1,N,J,Information Media and Telecommunications,J,1986-11-01,167.336704167128
1,N,J,Information Media and Telecommunications,J,1987-02-01,167.767256451463
1,N,J,Information Media and Telecommunications,J,1987-05-01,168.199343359223
1,N,J,Information Media and Telecommunications,J,1987-08-01,168.630008131922
1,N,J,Information Media and Telecommunications,J,1987-11-01,169.05473224801
1,N,J,Information Media and Telecommunications,J,1988-02-01,169.466628459762
1,N,J,Information Media and Telecommunications,J,1988-05-01,169.859137591408
1,N,J,Information Media and Telecommunications,J,1988-08-01,170.22532817142
1,N,J,Information Media and Telecommunications,J,1988-11-01,170.557181591599
1,N,J,Information Media and Telecommunications,J,1989-02-01,170.845849738521
1,N,J,Information Media and Telecommunications,J,1989-05-01,171.085825144731
1,N,J,Information Media and Telecommunications,J,1989-08-01,171.274881051579
1,N,J,Information Media and Telecommunications,J,1989-11-01,171.41267380764
1,N,J,Information Media and Telecommunications,J,1990-02-01,171.503591953607
1,N,J,Information Media and Telecommunications,J,1990-05-01,171.555861657687
1,N,J,Information Media and Telecommunications,J,1990-08-01,171.575519646628
1,N,J,Information Media and Telecommunications,J,1990-11-01,171.571656009626
1,N,J,Information Media and Telecommunications,J,1991-02-01,171.558326353932
1,N,J,Information Media and Telecommunications,J,1991-05-01,171.553701726055
1,N,J,Information Media and Telecommunications,J,1991-08-01,171.580594844609
1,N,J,Information Media and Telecommunications,J,1991-11-01,171.661156598804
1,N,J,Information Media and Telecommunications,J,1992-02-01,171.815805573267
1,N,J,Information Media and Telecommunications,J,1992-05-01,172.062805408084
1,N,J,Information Media and Telecommunications,J,1992-08-01,172.421817087247
1,N,J,Information Media and Telecommunications,J,1992-11-01,172.908743058295
1,N,J,Information Media and Telecommunications,J,1993-02-01,173.534629590847
1,N,J,Information Media and Telecommunications,J,1993-05-01,174.307416755688
1,N,J,Information Media and Telecommunications,J,1993-08-01,175.226789039184
1,N,J,Information Media and Telecommunications,J,1993-11-01,176.286428312237
1,N,J,Information Media and Telecommunications,J,1994-02-01,177.467791764003
1,N,J,Information Media and Telecommunications,J,1994-05-01,178.74687591901
1,N,J,Information Media and Telecommunications,J,1994-08-01,180.096353400025
1,N,J,Information Media and Telecommunications,J,1994-11-01,181.485927513716
1,N,J,Information Media and Telecommunications,J,1995-02-01,182.886750830736
1,N,J,Information Media and Telecommunications,J,1995-05-01,184.277925652447
1,N,J,Information Media and Telecommunications,J,1995-08-01,185.642147121549
1,N,J,Information Media and Telecommunications,J,1995-11-01,186.964422794924
1,N,J,Information Media and Telecommunications,J,1996-02-01,188.225177422671
1,N,J,Information Media and Telecommunications,J,1996-05-01,189.410274618951
1,N,J,Information Media and Telecommunications,J,1996-08-01,190.517948194807
1,N,J,Information Media and Telecommunications,J,1996-11-01,191.553627203172
1,N,J,Information Media and Telecommunications,J,1997-02-01,192.527670680585
1,N,J,Information Media and Telecommunications,J,1997-05-01,193.459856486485
1,N,J,Information Media and Telecommunications,J,1997-08-01,194.376609702574
1,N,J,Information Media and Telecommunications,J,1997-11-01,195.31173189716
1,N,J,Information Media and Telecommunications,J,1998-02-01,196.297221785884
1,N,J,Information Media and Telecommunications,J,1998-05-01,197.357495580972
1,N,J,Information Media and Telecommunications,J,1998-08-01,198.509485730898
1,N,J,Information Media and Telecommunications,J,1998-11-01,199.765478512794
1,N,J,Information Media and Telecommunications,J,1999-02-01,201.12786964867
1,N,J,Information Media and Telecommunications,J,1999-05-01,202.591950284194
1,N,J,Information Media and Telecommunications,J,1999-08-01,204.142421668322
1,N,J,Information Media and Telecommunications,J,1999-11-01,205.75549387924
1,N,J,Information Media and Telecommunications,J,2000-02-01,207.394662367086
1,N,J,Information Media and Telecommunications,J,2000-05-01,209.023090710097
1,N,J,Information Media and Telecommunications,J,2000-08-01,210.613321192379
1,N,J,Information Media and Telecommunications,J,2000-11-01,212.145780933968
1,N,J,Information Media and Telecommunications,J,2001-02-01,213.605685464131
1,N,J,Information Media and Telecommunications,J,2001-05-01,214.986069777348
1,N,J,Information Media and Telecommunications,J,2001-08-01,216.289307661663
1,N,J,Information Media and Telecommunications,J,2001-11-01,217.530030311358
1,N,J,Information Media and Telecommunications,J,2002-02-01,218.720132222307
1,N,J,Information Media and Telecommunications,J,2002-05-01,219.870391472115
1,N,J,Information Media and Telecommunications,J,2002-08-01,220.98895580902
1,N,J,Information Media and Telecommunications,J,2002-11-01,222.07866490477
1,N,J,Information Media and Telecommunications,J,2003-02-01,223.141557039006
1,N,J,Information Media and Telecommunications,J,2003-05-01,224.178240199151
1,N,J,Information Media and Telecommunications,J,2003-08-01,225.194516842141
1,N,J,Information Media and Telecommunications,J,2003-11-01,226.200208016561
1,N,J,Information Media and Telecommunications,J,2004-02-01,227.200649800209
1,N,J,Information Media and Telecommunications,J,2004-05-01,228.191008954284
1,N,J,Information Media and Telecommunications,J,2004-08-01,229.158105094776
1,N,J,Information Media and Telecommunications,J,2004-11-01,230.085042106542
1,N,J,Information Media and Telecommunications,J,2005-02-01,230.94435969141
1,N,J,Information Media and Telecommunications,J,2005-05-01,231.71093797901
1,N,J,Information Media and Telecommunications,J,2005-08-01,232.357830808296
1,N,J,Information Media and Telecommunications,J,2005-11-01,232.865723407316
1,N,J,Information Media and Telecommunications,J,2006-02-01,233.218000718066
1,N,J,Information Media and Telecommunications,J,2006-05-01,233.401160011531
1,N,J,Information Media and Telecommunications,J,2006-08-01,233.399113930908
1,N,J,Information Media and Telecommunications,J,2006-11-01,233.201804391592
1,N,J,Information Media and Telecommunications,J,2007-02-01,232.8057259419
1,N,J,Information Media and Telecommunications,J,2007-05-01,232.217086149209
1,N,J,Information Media and Telecommunications,J,2007-08-01,231.451076130951
1,N,J,Information Media and Telecommunications,J,2007-11-01,230.534353868197
1,N,J,Information Media and Telecommunications,J,2008-02-01,229.492538619324
1,N,J,Information Media and Telecommunications,J,2008-05-01,228.357088855539
1,N,J,Information Media and Telecommunications,J,2008-08-01,227.157298500292
1,N,J,Information Media and Telecommunications,J,2008-11-01,225.918653537546
1,N,J,Information Media and Telecommunications,J,2009-02-01,224.661605735643
1,N,J,Information Media and Telecommunications,J,2009-05-01,223.408154558743
1,N,J,Information Media and Telecommunications,J,2009-08-01,222.181027035324
1,N,J,Information Media and Telecommunications,J,2009-11-01,221.002853822754
1,N,J,Information Media and Telecommunications,J,2010-02-01,219.886818998513
1,N,J,Information Media and Telecommunications,J,2010-05-01,218.843791562649
1,N,J,Information Media and Telecommunications,J,2010-08-01,217.877050683677
1,N,J,Information Media and Telecommunications,J,2010-11-01,216.990418689061
1,N,J,Information Media and Telecommunications,J,2011-02-01,216.180082513728
1,N,J,Information Media and Telecommunications,J,2011-05-01,215.44192223401
1,N,J,Information Media and Telecommunications,J,2011-08-01,214.769455691505
1,N,J,Information Media and Telecommunications,J,2011-11-01,214.15566702344
1,N,J,Information Media and Telecommunications,J,2012-02-01,213.584479492329
1,N,J,Information Media and Telecommunications,J,2012-05-01,213.033088844078
1,N,J,Information Media and Telecommunications,J,2012-08-01,212.483885569943
1,N,J,Information Media and Telecommunications,J,2012-11-01,211.934186755171
1,N,J,Information Media and Telecommunications,J,2013-02-01,211.394224617933
1,N,J,Information Media and Telecommunications,J,2013-05-01,210.879843986713
1,N,J,Information Media and Telecommunications,J,2013-08-01,210.410302692787
1,N,J,Information Media and Telecommunications,J,2013-11-01,210.010517900932
1,N,J,Information Media and Telecommunications,J,2014-02-01,209.696482083907
1,N,J,Information Media and Telecommunications,J,2014-05-01,209.470922124737
1,N,J,Information Media and Telecommunications,J,2014-08-01,209.328179755504
1,N,J,Information Media and Telecommunications,J,2014-11-01,209.258800239839
1,N,J,Information Media and Telecommunications,J,2015-02-01,209.247582901878
1,N,J,Information Media and Telecommunications,J,2015-05-01,209.279008510655
1,N,J,Information Media and Telecommunications,J,2015-08-01,209.337565064194
1,N,J,Information Media and Telecommunications,J,2015-11-01,209.407743815238
1,N,J,Information Media and Telecommunications,J,2016-02-01,209.474775099135
1,N,J,Information Media and Telecommunications,J,2016-05-01,209.530067537217
1,N,J,Information Media and Telecommunications,J,2016-08-01,209.561875578225
1,N,J,Information Media and Telecommunications,J,2016-11-01,209.551203286581
1,N,J,Information Media and Telecommunications,J,2017-02-01,209.476750919073
1,N,J,Information Media and Telecommunications,J,2017-05-01,209.319825758443
1,N,J,Information Media and Telecommunications,J,2017-08-01,209.057452032189
1,N,J,Information Media and Telecommunications,J,2017-11-01,208.678547538031
1,N,J,Information Media and Telecommunications,J,2018-02-01,208.174952266732
1,N,J,Information Media and Telecommunications,J,2018-05-01,207.540514129125
1,N,J,Information Media and Telecommunications,J,2018-08-01,206.769805754774
1,N,J,Information Media and Telecommunications,J,2018-11-01,205.873011099703
1,N,J,Information Media and Telecommunications,J,2019-02-01,204.865104344094
1,N,J,Information Media and Telecommunications,J,2019-05-01,203.769994974626
1,N,J,Information Media and Telecommunications,J,2019-08-01,202.612121690283
1,N,J,Information Media and Telecommunications,J,2019-11-01,201.414081949063
1,N,J,Information Media and Telecommunications,J,2020-02-01,200.198289172503
1,N,J,Information Media and Telecommunications,J,2020-05-01,198.99049933078
1,N,J,Information Media and Telecommunications,J,2020-08-01,197.81842817361
1,N,J,Information Media and Telecommunications,J,2020-11-01,196.700329572768
1,N,J,Information Media and Telecommunications,J,2021-02-01,195.647588148165
1,N,J,Information Media and Telecommunications,J,2021-05-01,194.667369089618
1,N,J,Information Media and Telecommunications,J,2021-08-01,193.764240763712
1,N,J,Information Media and Telecommunications,J,2021-11-01,192.932385230819
1,N,J,Information Media and Telecommunications,J,2022-02-01,192.154644854821
1,N,J,Information Media and Telecommunications,J,2022-05-01,191.409594089081
1,N,J,Information Media and Telecommunications,J,2022-08-01,190.680624506327
1,N,J,Information Media and Telecommunications,J,2022-11-01,189.957330401816
1,N,J,Information Media and Telecommunications,J,2023-02-01,189.229639363233
1,N,J,Information Media and Telecommunications,J,2023-05-01,188.486054362544
1,N,J,Information Media and Telecommunications,J,2023-08-01,187.719466456927
1,N,J,Information Media and Telecommunications,J,2023-11-01,186.926335477659
1,N,J,Information Media and Telecommunications,J,2024-02-01,186.09905958201
1,N,J,Information Media and Telecommunications,J,2024-05-01,185.23119642504
1,N,J,Information Media and Telecommunications,J,2024-08-01,184.318367629058
1,N,J,Information Media and Telecommunications,J,2024-11-01,183.36513450705
1,N,J,Information Media and Telecommunications,J,2025-02-01,182.372614260591
1,N,J,Information Media and Telecommunications,J,2025-05-01,181.341886243154
1,N,J,Information Media and Telecommunications,J,2025-08-01,180.278912797006
1,N,J,Information Media and Telecommunications,J,2025-11-01,179.189684308156
1,N,J,Information Media and Telecommunications,J,2026-02-01,178.08024654109
1,N,K,Financial and Insurance Services,K,1986-08-01,302.748647455607
1,N,K,Financial and Insurance Services,K,1986-11-01,306.379576596332
1,N,K,Financial and Insurance Services,K,1987-02-01,311.04345561969
1,N,K,Financial and Insurance Services,K,1987-05-01,316.728378462848
1,N,K,Financial and Insurance Services,K,1987-08-01,322.472874966811
1,N,K,Financial and Insurance Services,K,1987-11-01,327.022149226153
1,N,K,Financial and Insurance Services,K,1988-02-01,330.74535991042
1,N,K,Financial and Insurance Services,K,1988-05-01,333.807134531138
1,N,K,Financial and Insurance Services,K,1988-08-01,336.960913810073
1,N,K,Financial and Insurance Services,K,1988-11-01,340.996703597308
1,N,K,Financial and Insurance Services,K,1989-02-01,345.945177351833
1,N,K,Financial and Insurance Services,K,1989-05-01,350.712577407628
1,N,K,Financial and Insurance Services,K,1989-08-01,354.905601461954
1,N,K,Financial and Insurance Services,K,1989-11-01,359.001917124271
1,N,K,Financial and Insurance Services,K,1990-02-01,362.912012528857
1,N,K,Financial and Insurance Services,K,1990-05-01,365.047359222329
1,N,K,Financial and Insurance Services,K,1990-08-01,363.610607576168
1,N,K,Financial and Insurance Services,K,1990-11-01,359.166193380728
1,N,K,Financial and Insurance Services,K,1991-02-01,353.964751796356
1,N,K,Financial and Insurance Services,K,1991-05-01,349.227787847956
1,N,K,Financial and Insurance Services,K,1991-08-01,344.272284097121
1,N,K,Financial and Insurance Services,K,1991-11-01,338.989874674522
1,N,K,Financial and Insurance Services,K,1992-02-01,334.059551598888
1,N,K,Financial and Insurance Services,K,1992-05-01,330.066017836977
1,N,K,Financial and Insurance Services,K,1992-08-01,326.18392336375
1,N,K,Financial and Insurance Services,K,1992-11-01,321.829640563047
1,N,K,Financial and Insurance Services,K,1993-02-01,318.194449217506
1,N,K,Financial and Insurance Services,K,1993-05-01,316.107155651206
1,N,K,Financial and Insurance Services,K,1993-08-01,315.725033837522
1,N,K,Financial and Insurance Services,K,1993-11-01,316.758569823814
1,N,K,Financial and Insurance Services,K,1994-02-01,317.376428068402
1,N,K,Financial and Insurance Services,K,1994-05-01,316.979658720525
1,N,K,Financial and Insurance Services,K,1994-08-01,315.785732946658
1,N,K,Financial and Insurance Services,K,1994-11-01,314.870864701188
1,N,K,Financial and Insurance Services,K,1995-02-01,314.747995006892
1,N,K,Financial and Insurance Services,K,1995-05-01,315.466653694735
1,N,K,Financial and Insurance Services,K,1995-08-01,316.036365592764
1,N,K,Financial and Insurance Services,K,1995-11-01,316.290340011393
1,N,K,Financial and Insurance Services,K,1996-02-01,316.772720771624
1,N,K,Financial and Insurance Services,K,1996-05-01,317.250985166256
1,N,K,Financial and Insurance Services,K,1996-08-01,317.275444037656
1,N,K,Financial and Insurance Services,K,1996-11-01,317.223291324853
1,N,K,Financial and Insurance Services,K,1997-02-01,316.766967509062
1,N,K,Financial and Insurance Services,K,1997-05-01,315.605518929043
1,N,K,Financial and Insurance Services,K,1997-08-01,314.243114779143
1,N,K,Financial and Insurance Services,K,1997-11-01,313.654264180285
1,N,K,Financial and Insurance Services,K,1998-02-01,314.483326613546
1,N,K,Financial and Insurance Services,K,1998-05-01,316.410634285409
1,N,K,Financial and Insurance Services,K,1998-08-01,317.900904058958
1,N,K,Financial and Insurance Services,K,1998-11-01,317.992843793371
1,N,K,Financial and Insurance Services,K,1999-02-01,316.014227830258
1,N,K,Financial and Insurance Services,K,1999-05-01,314.175531198212
1,N,K,Financial and Insurance Services,K,1999-08-01,315.065264081296
1,N,K,Financial and Insurance Services,K,1999-11-01,318.723916210581
1,N,K,Financial and Insurance Services,K,2000-02-01,323.274428622472
1,N,K,Financial and Insurance Services,K,2000-05-01,326.687244743467
1,N,K,Financial and Insurance Services,K,2000-08-01,329.386204410164
1,N,K,Financial and Insurance Services,K,2000-11-01,332.297548894476
1,N,K,Financial and Insurance Services,K,2001-02-01,336.000516897026
1,N,K,Financial and Insurance Services,K,2001-05-01,340.154951903716
1,N,K,Financial and Insurance Services,K,2001-08-01,343.14001482624
1,N,K,Financial and Insurance Services,K,2001-11-01,344.445267555855
1,N,K,Financial and Insurance Services,K,2002-02-01,344.099202692517
1,N,K,Financial and Insurance Services,K,2002-05-01,343.358639075358
1,N,K,Financial and Insurance Services,K,2002-08-01,343.284499677652
1,N,K,Financial and Insurance Services,K,2002-11-01,344.051741249054
1,N,K,Financial and Insurance Services,K,2003-02-01,344.803666280342
1,N,K,Financial and Insurance Services,K,2003-05-01,344.181506494544
1,N,K,Financial and Insurance Services,K,2003-08-01,343.818316516392
1,N,K,Financial and Insurance Services,K,2003-11-01,344.429904583835
1,N,K,Financial and Insurance Services,K,2004-02-01,345.747078067799
1,N,K,Financial and Insurance Services,K,2004-05-01,347.220341800934
1,N,K,Financial and Insurance Services,K,2004-08-01,350.097613868604
1,N,K,Financial and Insurance Services,K,2004-11-01,355.043313797289
1,N,K,Financial and Insurance Services,K,2005-02-01,361.011446746432
1,N,K,Financial and Insurance Services,K,2005-05-01,365.871901812866
1,N,K,Financial and Insurance Services,K,2005-08-01,370.07611694971
1,N,K,Financial and Insurance Services,K,2005-11-01,373.950874827753
1,N,K,Financial and Insurance Services,K,2006-02-01,378.649454192721
1,N,K,Financial and Insurance Services,K,2006-05-01,384.297157707785
1,N,K,Financial and Insurance Services,K,2006-08-01,390.629137170873
1,N,K,Financial and Insurance Services,K,2006-11-01,397.266669541091
1,N,K,Financial and Insurance Services,K,2007-02-01,402.477564996553
1,N,K,Financial and Insurance Services,K,2007-05-01,405.332197830382
1,N,K,Financial and Insurance Services,K,2007-08-01,406.542879887427
1,N,K,Financial and Insurance Services,K,2007-11-01,407.183488663191
1,N,K,Financial and Insurance Services,K,2008-02-01,407.089082057167
1,N,K,Financial and Insurance Services,K,2008-05-01,406.487644791003
1,N,K,Financial and Insurance Services,K,2008-08-01,405.177891189729
1,N,K,Financial and Insurance Services,K,2008-11-01,403.016707514751
1,N,K,Financial and Insurance Services,K,2009-02-01,401.076336104443
1,N,K,Financial and Insurance Services,K,2009-05-01,399.811551269001
1,N,K,Financial and Insurance Services,K,2009-08-01,399.571367373101
1,N,K,Financial and Insurance Services,K,2009-11-01,399.916636524371
1,N,K,Financial and Insurance Services,K,2010-02-01,399.595638036284
1,N,K,Financial and Insurance Services,K,2010-05-01,398.181276799129
1,N,K,Financial and Insurance Services,K,2010-08-01,398.413095408235
1,N,K,Financial and Insurance Services,K,2010-11-01,401.423469620741
1,N,K,Financial and Insurance Services,K,2011-02-01,407.700684882824
1,N,K,Financial and Insurance Services,K,2011-05-01,414.885940414636
1,N,K,Financial and Insurance Services,K,2011-08-01,420.383711327256
1,N,K,Financial and Insurance Services,K,2011-11-01,423.500070251167
1,N,K,Financial and Insurance Services,K,2012-02-01,424.82374124542
1,N,K,Financial and Insurance Services,K,2012-05-01,424.800524992443
1,N,K,Financial and Insurance Services,K,2012-08-01,423.432792553897
1,N,K,Financial and Insurance Services,K,2012-11-01,421.853372514679
1,N,K,Financial and Insurance Services,K,2013-02-01,420.676664908726
1,N,K,Financial and Insurance Services,K,2013-05-01,419.865614869115
1,N,K,Financial and Insurance Services,K,2013-08-01,418.232674671629
1,N,K,Financial and Insurance Services,K,2013-11-01,415.300329965815
1,N,K,Financial and Insurance Services,K,2014-02-01,412.355107795587
1,N,K,Financial and Insurance Services,K,2014-05-01,410.126763422941
1,N,K,Financial and Insurance Services,K,2014-08-01,409.109225715994
1,N,K,Financial and Insurance Services,K,2014-11-01,409.440152315716
1,N,K,Financial and Insurance Services,K,2015-02-01,411.445129548193
1,N,K,Financial and Insurance Services,K,2015-05-01,415.673190699614
1,N,K,Financial and Insurance Services,K,2015-08-01,422.637904456819
1,N,K,Financial and Insurance Services,K,2015-11-01,429.552301891571
1,N,K,Financial and Insurance Services,K,2016-02-01,433.521954790425
1,N,K,Financial and Insurance Services,K,2016-05-01,435.617549061305
1,N,K,Financial and Insurance Services,K,2016-08-01,436.331207011351
1,N,K,Financial and Insurance Services,K,2016-11-01,436.165735433215
1,N,K,Financial and Insurance Services,K,2017-02-01,436.062279180854
1,N,K,Financial and Insurance Services,K,2017-05-01,434.546760526439
1,N,K,Financial and Insurance Services,K,2017-08-01,432.795115711341
1,N,K,Financial and Insurance Services,K,2017-11-01,432.876881451038
1,N,K,Financial and Insurance Services,K,2018-02-01,435.304396858122
1,N,K,Financial and Insurance Services,K,2018-05-01,438.620233850332
1,N,K,Financial and Insurance Services,K,2018-08-01,441.071506901771
1,N,K,Financial and Insurance Services,K,2018-11-01,441.959582938936
1,N,K,Financial and Insurance Services,K,2019-02-01,443.004780840768
1,N,K,Financial and Insurance Services,K,2019-05-01,445.060085224709
1,N,K,Financial and Insurance Services,K,2019-08-01,449.513426554602
1,N,K,Financial and Insurance Services,K,2019-11-01,455.866657001448
1,N,K,Financial and Insurance Services,K,2020-02-01,462.72796551953
1,N,K,Financial and Insurance Services,K,2020-05-01,468.726830836965
1,N,K,Financial and Insurance Services,K,2020-08-01,473.240596049707
1,N,K,Financial and Insurance Services,K,2020-11-01,477.390977218131
1,N,K,Financial and Insurance Services,K,2021-02-01,483.586898299974
1,N,K,Financial and Insurance Services,K,2021-05-01,493.723463020288
1,N,K,Financial and Insurance Services,K,2021-08-01,507.256113374625
1,N,K,Financial and Insurance Services,K,2021-11-01,521.333977547742
1,N,K,Financial and Insurance Services,K,2022-02-01,534.389747090357
1,N,K,Financial and Insurance Services,K,2022-05-01,543.842277543521
1,N,K,Financial and Insurance Services,K,2022-08-01,549.242669754393
1,N,K,Financial and Insurance Services,K,2022-11-01,552.447051949241
1,N,K,Financial and Insurance Services,K,2023-02-01,553.222932603721
1,N,K,Financial and Insurance Services,K,2023-05-01,553.419782458074
1,N,K,Financial and Insurance Services,K,2023-08-01,552.205118300777
1,N,K,Financial and Insurance Services,K,2023-11-01,548.933066644138
1,N,K,Financial and Insurance Services,K,2024-02-01,543.853242311433
1,N,K,Financial and Insurance Services,K,2024-05-01,540.341697873262
1,N,K,Financial and Insurance Services,K,2024-08-01,541.007774902208
1,N,K,Financial and Insurance Services,K,2024-11-01,544.932333746667
1,N,K,Financial and Insurance Services,K,2025-02-01,549.609743350437
1,N,K,Financial and Insurance Services,K,2025-05-01,552.306190625141
1,N,K,Financial and Insurance Services,K,2025-08-01,550.985328592309
1,N,K,Financial and Insurance Services,K,2025-11-01,548.363410758007
1,N,K,Financial and Insurance Services,K,2026-02-01,546.041065691228
1,N,L,"Rental, Hiring and Real Estate Services",L,1986-08-01,86.2638387542105
1,N,L,"Rental, Hiring and Real Estate Services",L,1986-11-01,88.9392643699196
1,N,L,"Rental, Hiring and Real Estate Services",L,1987-02-01,91.6153286034052
1,N,L,"Rental, Hiring and Real Estate Services",L,1987-05-01,94.2988139634185
1,N,L,"Rental, Hiring and Real Estate Services",L,1987-08-01,96.9848094694044
1,N,L,"Rental, Hiring and Real Estate Services",L,1987-11-01,99.6696633399508
1,N,L,"Rental, Hiring and Real Estate Services",L,1988-02-01,102.346159715311
1,N,L,"Rental, Hiring and Real Estate Services",L,1988-05-01,104.981902847157
1,N,L,"Rental, Hiring and Real Estate Services",L,1988-08-01,107.528610902879
1,N,L,"Rental, Hiring and Real Estate Services",L,1988-11-01,109.930172492428
1,N,L,"Rental, Hiring and Real Estate Services",L,1989-02-01,112.133492424582
1,N,L,"Rental, Hiring and Real Estate Services",L,1989-05-01,114.081359808586
1,N,L,"Rental, Hiring and Real Estate Services",L,1989-08-01,115.723222297152
1,N,L,"Rental, Hiring and Real Estate Services",L,1989-11-01,117.010256776124
1,N,L,"Rental, Hiring and Real Estate Services",L,1990-02-01,117.923947995071
1,N,L,"Rental, Hiring and Real Estate Services",L,1990-05-01,118.474255856807
1,N,L,"Rental, Hiring and Real Estate Services",L,1990-08-01,118.704893174194
1,N,L,"Rental, Hiring and Real Estate Services",L,1990-11-01,118.687181947647
1,N,L,"Rental, Hiring and Real Estate Services",L,1991-02-01,118.496267037906
1,N,L,"Rental, Hiring and Real Estate Services",L,1991-05-01,118.20315736244
1,N,L,"Rental, Hiring and Real Estate Services",L,1991-08-01,117.876146827625
1,N,L,"Rental, Hiring and Real Estate Services",L,1991-11-01,117.557058352083
1,N,L,"Rental, Hiring and Real Estate Services",L,1992-02-01,117.274940980576
1,N,L,"Rental, Hiring and Real Estate Services",L,1992-05-01,117.047896076606
1,N,L,"Rental, Hiring and Real Estate Services",L,1992-08-01,116.886007627829
1,N,L,"Rental, Hiring and Real Estate Services",L,1992-11-01,116.774017895127
1,N,L,"Rental, Hiring and Real Estate Services",L,1993-02-01,116.692308135172
1,N,L,"Rental, Hiring and Real Estate Services",L,1993-05-01,116.628160878953
1,N,L,"Rental, Hiring and Real Estate Services",L,1993-08-01,116.574385915906
1,N,L,"Rental, Hiring and Real Estate Services",L,1993-11-01,116.536361570825
1,N,L,"Rental, Hiring and Real Estate Services",L,1994-02-01,116.523850380662
1,N,L,"Rental, Hiring and Real Estate Services",L,1994-05-01,116.535150951907
1,N,L,"Rental, Hiring and Real Estate Services",L,1994-08-01,116.578309894941
1,N,L,"Rental, Hiring and Real Estate Services",L,1994-11-01,116.662023314232
1,N,L,"Rental, Hiring and Real Estate Services",L,1995-02-01,116.794468773028
1,N,L,"Rental, Hiring and Real Estate Services",L,1995-05-01,116.978202717202
1,N,L,"Rental, Hiring and Real Estate Services",L,1995-08-01,117.22192176206
1,N,L,"Rental, Hiring and Real Estate Services",L,1995-11-01,117.555901751599
1,N,L,"Rental, Hiring and Real Estate Services",L,1996-02-01,118.016118578807
1,N,L,"Rental, Hiring and Real Estate Services",L,1996-05-01,118.626136372302
1,N,L,"Rental, Hiring and Real Estate Services",L,1996-08-01,119.380991309296
1,N,L,"Rental, Hiring and Real Estate Services",L,1996-11-01,120.25370953373
1,N,L,"Rental, Hiring and Real Estate Services",L,1997-02-01,121.217112203069
1,N,L,"Rental, Hiring and Real Estate Services",L,1997-05-01,122.25257043619
1,N,L,"Rental, Hiring and Real Estate Services",L,1997-08-01,123.345302013557
1,N,L,"Rental, Hiring and Real Estate Services",L,1997-11-01,124.484392440329
1,N,L,"Rental, Hiring and Real Estate Services",L,1998-02-01,125.660593724376
1,N,L,"Rental, Hiring and Real Estate Services",L,1998-05-01,126.859734338331
1,N,L,"Rental, Hiring and Real Estate Services",L,1998-08-01,128.082354020282
1,N,L,"Rental, Hiring and Real Estate Services",L,1998-11-01,129.347649894117
1,N,L,"Rental, Hiring and Real Estate Services",L,1999-02-01,130.68469025549
1,N,L,"Rental, Hiring and Real Estate Services",L,1999-05-01,132.103770534711
1,N,L,"Rental, Hiring and Real Estate Services",L,1999-08-01,133.596254934373
1,N,L,"Rental, Hiring and Real Estate Services",L,1999-11-01,135.163961629998
1,N,L,"Rental, Hiring and Real Estate Services",L,2000-02-01,136.820264167395
1,N,L,"Rental, Hiring and Real Estate Services",L,2000-05-01,138.557041261275
1,N,L,"Rental, Hiring and Real Estate Services",L,2000-08-01,140.362739315829
1,N,L,"Rental, Hiring and Real Estate Services",L,2000-11-01,142.238467238847
1,N,L,"Rental, Hiring and Real Estate Services",L,2001-02-01,144.198142802923
1,N,L,"Rental, Hiring and Real Estate Services",L,2001-05-01,146.244650642051
1,N,L,"Rental, Hiring and Real Estate Services",L,2001-08-01,148.371458379406
1,N,L,"Rental, Hiring and Real Estate Services",L,2001-11-01,150.570044399941
1,N,L,"Rental, Hiring and Real Estate Services",L,2002-02-01,152.826316399402
1,N,L,"Rental, Hiring and Real Estate Services",L,2002-05-01,155.132452798476
1,N,L,"Rental, Hiring and Real Estate Services",L,2002-08-01,157.491513736572
1,N,L,"Rental, Hiring and Real Estate Services",L,2002-11-01,159.894252913568
1,N,L,"Rental, Hiring and Real Estate Services",L,2003-02-01,162.329350694082
1,N,L,"Rental, Hiring and Real Estate Services",L,2003-05-01,164.771798718316
1,N,L,"Rental, Hiring and Real Estate Services",L,2003-08-01,167.166799856577
1,N,L,"Rental, Hiring and Real Estate Services",L,2003-11-01,169.480247174712
1,N,L,"Rental, Hiring and Real Estate Services",L,2004-02-01,171.719014185973
1,N,L,"Rental, Hiring and Real Estate Services",L,2004-05-01,173.882560581708
1,N,L,"Rental, Hiring and Real Estate Services",L,2004-08-01,175.986389649702
1,N,L,"Rental, Hiring and Real Estate Services",L,2004-11-01,178.057476649947
1,N,L,"Rental, Hiring and Real Estate Services",L,2005-02-01,180.121811449043
1,N,L,"Rental, Hiring and Real Estate Services",L,2005-05-01,182.183111148216
1,N,L,"Rental, Hiring and Real Estate Services",L,2005-08-01,184.218741356586
1,N,L,"Rental, Hiring and Real Estate Services",L,2005-11-01,186.187629438019
1,N,L,"Rental, Hiring and Real Estate Services",L,2006-02-01,188.050202903685
1,N,L,"Rental, Hiring and Real Estate Services",L,2006-05-01,189.754932224635
1,N,L,"Rental, Hiring and Real Estate Services",L,2006-08-01,191.280952972776
1,N,L,"Rental, Hiring and Real Estate Services",L,2006-11-01,192.59024659391
1,N,L,"Rental, Hiring and Real Estate Services",L,2007-02-01,193.667472372501
1,N,L,"Rental, Hiring and Real Estate Services",L,2007-05-01,194.495768712429
1,N,L,"Rental, Hiring and Real Estate Services",L,2007-08-01,195.058746312011
1,N,L,"Rental, Hiring and Real Estate Services",L,2007-11-01,195.370339801642
1,N,L,"Rental, Hiring and Real Estate Services",L,2008-02-01,195.464101449394
1,N,L,"Rental, Hiring and Real Estate Services",L,2008-05-01,195.368284615899
1,N,L,"Rental, Hiring and Real Estate Services",L,2008-08-01,195.118161961485
1,N,L,"Rental, Hiring and Real Estate Services",L,2008-11-01,194.75901968453
1,N,L,"Rental, Hiring and Real Estate Services",L,2009-02-01,194.374863869233
1,N,L,"Rental, Hiring and Real Estate Services",L,2009-05-01,194.080702086236
1,N,L,"Rental, Hiring and Real Estate Services",L,2009-08-01,193.945320164224
1,N,L,"Rental, Hiring and Real Estate Services",L,2009-11-01,194.006380258754
1,N,L,"Rental, Hiring and Real Estate Services",L,2010-02-01,194.298096437486
1,N,L,"Rental, Hiring and Real Estate Services",L,2010-05-01,194.827456633049
1,N,L,"Rental, Hiring and Real Estate Services",L,2010-08-01,195.524916221108
1,N,L,"Rental, Hiring and Real Estate Services",L,2010-11-01,196.322761968513
1,N,L,"Rental, Hiring and Real Estate Services",L,2011-02-01,197.17411324187
1,N,L,"Rental, Hiring and Real Estate Services",L,2011-05-01,198.058374371604
1,N,L,"Rental, Hiring and Real Estate Services",L,2011-08-01,198.954401795824
1,N,L,"Rental, Hiring and Real Estate Services",L,2011-11-01,199.851639959026
1,N,L,"Rental, Hiring and Real Estate Services",L,2012-02-01,200.726045680834
1,N,L,"Rental, Hiring and Real Estate Services",L,2012-05-01,201.530753429106
1,N,L,"Rental, Hiring and Real Estate Services",L,2012-08-01,202.277280397347
1,N,L,"Rental, Hiring and Real Estate Services",L,2012-11-01,203.013592128318
1,N,L,"Rental, Hiring and Real Estate Services",L,2013-02-01,203.792274702551
1,N,L,"Rental, Hiring and Real Estate Services",L,2013-05-01,204.643849958108
1,N,L,"Rental, Hiring and Real Estate Services",L,2013-08-01,205.581162247323
1,N,L,"Rental, Hiring and Real Estate Services",L,2013-11-01,206.589629907175
1,N,L,"Rental, Hiring and Real Estate Services",L,2014-02-01,207.630537568554
1,N,L,"Rental, Hiring and Real Estate Services",L,2014-05-01,208.627690346009
1,N,L,"Rental, Hiring and Real Estate Services",L,2014-08-01,209.503810398922
1,N,L,"Rental, Hiring and Real Estate Services",L,2014-11-01,210.230846772312
1,N,L,"Rental, Hiring and Real Estate Services",L,2015-02-01,210.814320077341
1,N,L,"Rental, Hiring and Real Estate Services",L,2015-05-01,211.280348725218
1,N,L,"Rental, Hiring and Real Estate Services",L,2015-08-01,211.63933374463
1,N,L,"Rental, Hiring and Real Estate Services",L,2015-11-01,211.902849556648
1,N,L,"Rental, Hiring and Real Estate Services",L,2016-02-01,212.070558518845
1,N,L,"Rental, Hiring and Real Estate Services",L,2016-05-01,212.14627928559
1,N,L,"Rental, Hiring and Real Estate Services",L,2016-08-01,212.149436937707
1,N,L,"Rental, Hiring and Real Estate Services",L,2016-11-01,212.11239541486
1,N,L,"Rental, Hiring and Real Estate Services",L,2017-02-01,212.060031406479
1,N,L,"Rental, Hiring and Real Estate Services",L,2017-05-01,212.019693040293
1,N,L,"Rental, Hiring and Real Estate Services",L,2017-08-01,212.015241355213
1,N,L,"Rental, Hiring and Real Estate Services",L,2017-11-01,212.060201793155
1,N,L,"Rental, Hiring and Real Estate Services",L,2018-02-01,212.134690403473
1,N,L,"Rental, Hiring and Real Estate Services",L,2018-05-01,212.230520881334
1,N,L,"Rental, Hiring and Real Estate Services",L,2018-08-01,212.33846271879
1,N,L,"Rental, Hiring and Real Estate Services",L,2018-11-01,212.465896646962
1,N,L,"Rental, Hiring and Real Estate Services",L,2019-02-01,212.635512600617
1,N,L,"Rental, Hiring and Real Estate Services",L,2019-05-01,212.868130830864
1,N,L,"Rental, Hiring and Real Estate Services",L,2019-08-01,213.175073778138
1,N,L,"Rental, Hiring and Real Estate Services",L,2019-11-01,213.565629098659
1,N,L,"Rental, Hiring and Real Estate Services",L,2020-02-01,214.046567012754
1,N,L,"Rental, Hiring and Real Estate Services",L,2020-05-01,214.625199663878
1,N,L,"Rental, Hiring and Real Estate Services",L,2020-08-01,215.306308910282
1,N,L,"Rental, Hiring and Real Estate Services",L,2020-11-01,216.100919799273
1,N,L,"Rental, Hiring and Real Estate Services",L,2021-02-01,217.028482591223
1,N,L,"Rental, Hiring and Real Estate Services",L,2021-05-01,218.072518041012
1,N,L,"Rental, Hiring and Real Estate Services",L,2021-08-01,219.186947319234
1,N,L,"Rental, Hiring and Real Estate Services",L,2021-11-01,220.299428319977
1,N,L,"Rental, Hiring and Real Estate Services",L,2022-02-01,221.368574226157
1,N,L,"Rental, Hiring and Real Estate Services",L,2022-05-01,222.374897519699
1,N,L,"Rental, Hiring and Real Estate Services",L,2022-08-01,223.329600497306
1,N,L,"Rental, Hiring and Real Estate Services",L,2022-11-01,224.249009844343
1,N,L,"Rental, Hiring and Real Estate Services",L,2023-02-01,225.185080056858
1,N,L,"Rental, Hiring and Real Estate Services",L,2023-05-01,226.162547017812
1,N,L,"Rental, Hiring and Real Estate Services",L,2023-08-01,227.186715349968
1,N,L,"Rental, Hiring and Real Estate Services",L,2023-11-01,228.215057965631
1,N,L,"Rental, Hiring and Real Estate Services",L,2024-02-01,229.204397507437
1,N,L,"Rental, Hiring and Real Estate Services",L,2024-05-01,230.036622139329
1,N,L,"Rental, Hiring and Real Estate Services",L,2024-08-01,230.589603304961
1,N,L,"Rental, Hiring and Real Estate Services",L,2024-11-01,230.751654500681
1,N,L,"Rental, Hiring and Real Estate Services",L,2025-02-01,230.491451430448
1,N,L,"Rental, Hiring and Real Estate Services",L,2025-05-01,229.830570303167
1,N,L,"Rental, Hiring and Real Estate Services",L,2025-08-01,228.830393342058
1,N,L,"Rental, Hiring and Real Estate Services",L,2025-11-01,227.578832558762
1,N,L,"Rental, Hiring and Real Estate Services",L,2026-02-01,226.162822857681
1,N,M,"Professional, Scientific and Technical Services",M,1986-08-01,292.810361759106
1,N,M,"Professional, Scientific and Technical Services",M,1986-11-01,299.517666520185
1,N,M,"Professional, Scientific and Technical Services",M,1987-02-01,305.276119369946
1,N,M,"Professional, Scientific and Technical Services",M,1987-05-01,309.538673454952
1,N,M,"Professional, Scientific and Technical Services",M,1987-08-01,313.288854862188
1,N,M,"Professional, Scientific and Technical Services",M,1987-11-01,317.832776656855
1,N,M,"Professional, Scientific and Technical Services",M,1988-02-01,323.521421024552
1,N,M,"Professional, Scientific and Technical Services",M,1988-05-01,329.721805793723
1,N,M,"Professional, Scientific and Technical Services",M,1988-08-01,335.652269371568
1,N,M,"Professional, Scientific and Technical Services",M,1988-11-01,341.205828653287
1,N,M,"Professional, Scientific and Technical Services",M,1989-02-01,346.647692243321
1,N,M,"Professional, Scientific and Technical Services",M,1989-05-01,352.345410352635
1,N,M,"Professional, Scientific and Technical Services",M,1989-08-01,358.536400533755
1,N,M,"Professional, Scientific and Technical Services",M,1989-11-01,364.08176085955
1,N,M,"Professional, Scientific and Technical Services",M,1990-02-01,367.697997631007
1,N,M,"Professional, Scientific and Technical Services",M,1990-05-01,369.359013082017
1,N,M,"Professional, Scientific and Technical Services",M,1990-08-01,371.27845756492
1,N,M,"Professional, Scientific and Technical Services",M,1990-11-01,374.354976579416
1,N,M,"Professional, Scientific and Technical Services",M,1991-02-01,378.482161237928
1,N,M,"Professional, Scientific and Technical Services",M,1991-05-01,383.001696686795
1,N,M,"Professional, Scientific and Technical Services",M,1991-08-01,386.923281099211
1,N,M,"Professional, Scientific and Technical Services",M,1991-11-01,389.45750865138
1,N,M,"Professional, Scientific and Technical Services",M,1992-02-01,390.671323727947
1,N,M,"Professional, Scientific and Technical Services",M,1992-05-01,389.581238767664
1,N,M,"Professional, Scientific and Technical Services",M,1992-08-01,385.2980092413
1,N,M,"Professional, Scientific and Technical Services",M,1992-11-01,378.599628378475
1,N,M,"Professional, Scientific and Technical Services",M,1993-02-01,372.301619562412
1,N,M,"Professional, Scientific and Technical Services",M,1993-05-01,370.503953121406
1,N,M,"Professional, Scientific and Technical Services",M,1993-08-01,374.471014583566
1,N,M,"Professional, Scientific and Technical Services",M,1993-11-01,383.114763525746
1,N,M,"Professional, Scientific and Technical Services",M,1994-02-01,395.181042327122
1,N,M,"Professional, Scientific and Technical Services",M,1994-05-01,408.928760442115
1,N,M,"Professional, Scientific and Technical Services",M,1994-08-01,423.647098690705
1,N,M,"Professional, Scientific and Technical Services",M,1994-11-01,438.032780934405
1,N,M,"Professional, Scientific and Technical Services",M,1995-02-01,452.246584994493
1,N,M,"Professional, Scientific and Technical Services",M,1995-05-01,466.21656817618
1,N,M,"Professional, Scientific and Technical Services",M,1995-08-01,478.236824145122
1,N,M,"Professional, Scientific and Technical Services",M,1995-11-01,488.236741289222
1,N,M,"Professional, Scientific and Technical Services",M,1996-02-01,496.447922975251
1,N,M,"Professional, Scientific and Technical Services",M,1996-05-01,503.480623694264
1,N,M,"Professional, Scientific and Technical Services",M,1996-08-01,509.232410185
1,N,M,"Professional, Scientific and Technical Services",M,1996-11-01,514.46336850494
1,N,M,"Professional, Scientific and Technical Services",M,1997-02-01,520.316602586523
1,N,M,"Professional, Scientific and Technical Services",M,1997-05-01,527.091237396064
1,N,M,"Professional, Scientific and Technical Services",M,1997-08-01,534.357722528356
1,N,M,"Professional, Scientific and Technical Services",M,1997-11-01,540.864128006091
1,N,M,"Professional, Scientific and Technical Services",M,1998-02-01,545.793500252227
1,N,M,"Professional, Scientific and Technical Services",M,1998-05-01,549.044720366132
1,N,M,"Professional, Scientific and Technical Services",M,1998-08-01,551.834630131895
1,N,M,"Professional, Scientific and Technical Services",M,1998-11-01,553.98310424495
1,N,M,"Professional, Scientific and Technical Services",M,1999-02-01,555.786802820983
1,N,M,"Professional, Scientific and Technical Services",M,1999-05-01,558.223450392353
1,N,M,"Professional, Scientific and Technical Services",M,1999-08-01,562.096033459776
1,N,M,"Professional, Scientific and Technical Services",M,1999-11-01,568.148066859558
1,N,M,"Professional, Scientific and Technical Services",M,2000-02-01,575.018622739301
1,N,M,"Professional, Scientific and Technical Services",M,2000-05-01,583.196135486462
1,N,M,"Professional, Scientific and Technical Services",M,2000-08-01,591.922704305632
1,N,M,"Professional, Scientific and Technical Services",M,2000-11-01,599.830182299337
1,N,M,"Professional, Scientific and Technical Services",M,2001-02-01,604.380825745947
1,N,M,"Professional, Scientific and Technical Services",M,2001-05-01,603.192280061048
1,N,M,"Professional, Scientific and Technical Services",M,2001-08-01,598.735602443045
1,N,M,"Professional, Scientific and Technical Services",M,2001-11-01,595.235618643412
1,N,M,"Professional, Scientific and Technical Services",M,2002-02-01,595.319550053614
1,N,M,"Professional, Scientific and Technical Services",M,2002-05-01,597.439494774899
1,N,M,"Professional, Scientific and Technical Services",M,2002-08-01,600.458441345369
1,N,M,"Professional, Scientific and Technical Services",M,2002-11-01,603.727127932259
1,N,M,"Professional, Scientific and Technical Services",M,2003-02-01,608.0370989633
1,N,M,"Professional, Scientific and Technical Services",M,2003-05-01,612.85140791959
1,N,M,"Professional, Scientific and Technical Services",M,2003-08-01,617.142732205153
1,N,M,"Professional, Scientific and Technical Services",M,2003-11-01,620.522765786036
1,N,M,"Professional, Scientific and Technical Services",M,2004-02-01,622.714508908098
1,N,M,"Professional, Scientific and Technical Services",M,2004-05-01,626.413872886501
1,N,M,"Professional, Scientific and Technical Services",M,2004-08-01,633.414578963531
1,N,M,"Professional, Scientific and Technical Services",M,2004-11-01,644.255710853409
1,N,M,"Professional, Scientific and Technical Services",M,2005-02-01,657.871782347263
1,N,M,"Professional, Scientific and Technical Services",M,2005-05-01,673.045811268386
1,N,M,"Professional, Scientific and Technical Services",M,2005-08-01,688.059015676083
1,N,M,"Professional, Scientific and Technical Services",M,2005-11-01,701.742216451292
1,N,M,"Professional, Scientific and Technical Services",M,2006-02-01,713.123894596062
1,N,M,"Professional, Scientific and Technical Services",M,2006-05-01,722.673862399138
1,N,M,"Professional, Scientific and Technical Services",M,2006-08-01,730.290007391372
1,N,M,"Professional, Scientific and Technical Services",M,2006-11-01,735.54350843372
1,N,M,"Professional, Scientific and Technical Services",M,2007-02-01,740.435491631482
1,N,M,"Professional, Scientific and Technical Services",M,2007-05-01,748.500279138755
1,N,M,"Professional, Scientific and Technical Services",M,2007-08-01,758.904537278851
1,N,M,"Professional, Scientific and Technical Services",M,2007-11-01,768.936744675321
1,N,M,"Professional, Scientific and Technical Services",M,2008-02-01,776.778271012997
1,N,M,"Professional, Scientific and Technical Services",M,2008-05-01,780.688558610366
1,N,M,"Professional, Scientific and Technical Services",M,2008-08-01,782.803449498319
1,N,M,"Professional, Scientific and Technical Services",M,2008-11-01,784.917886665526
1,N,M,"Professional, Scientific and Technical Services",M,2009-02-01,786.443771968434
1,N,M,"Professional, Scientific and Technical Services",M,2009-05-01,791.755375509439
1,N,M,"Professional, Scientific and Technical Services",M,2009-08-01,802.632512513136
1,N,M,"Professional, Scientific and Technical Services",M,2009-11-01,816.983306343371
1,N,M,"Professional, Scientific and Technical Services",M,2010-02-01,829.540703116272
1,N,M,"Professional, Scientific and Technical Services",M,2010-05-01,837.768347324768
1,N,M,"Professional, Scientific and Technical Services",M,2010-08-01,843.475122083275
1,N,M,"Professional, Scientific and Technical Services",M,2010-11-01,847.958324025179
1,N,M,"Professional, Scientific and Technical Services",M,2011-02-01,852.477973846678
1,N,M,"Professional, Scientific and Technical Services",M,2011-05-01,856.861208038891
1,N,M,"Professional, Scientific and Technical Services",M,2011-08-01,863.80600928012
1,N,M,"Professional, Scientific and Technical Services",M,2011-11-01,873.246964804136
1,N,M,"Professional, Scientific and Technical Services",M,2012-02-01,885.105250272836
1,N,M,"Professional, Scientific and Technical Services",M,2012-05-01,896.639138683194
1,N,M,"Professional, Scientific and Technical Services",M,2012-08-01,903.853615958818
1,N,M,"Professional, Scientific and Technical Services",M,2012-11-01,906.980124142219
1,N,M,"Professional, Scientific and Technical Services",M,2013-02-01,907.27795068185
1,N,M,"Professional, Scientific and Technical Services",M,2013-05-01,905.942901267538
1,N,M,"Professional, Scientific and Technical Services",M,2013-08-01,904.853455401603
1,N,M,"Professional, Scientific and Technical Services",M,2013-11-01,906.149266111389
1,N,M,"Professional, Scientific and Technical Services",M,2014-02-01,912.783533403334
1,N,M,"Professional, Scientific and Technical Services",M,2014-05-01,924.21034074893
1,N,M,"Professional, Scientific and Technical Services",M,2014-08-01,938.16351367171
1,N,M,"Professional, Scientific and Technical Services",M,2014-11-01,954.184236641499
1,N,M,"Professional, Scientific and Technical Services",M,2015-02-01,971.380087788289
1,N,M,"Professional, Scientific and Technical Services",M,2015-05-01,986.194929647732
1,N,M,"Professional, Scientific and Technical Services",M,2015-08-01,995.577514726256
1,N,M,"Professional, Scientific and Technical Services",M,2015-11-01,1002.93048056408
1,N,M,"Professional, Scientific and Technical Services",M,2016-02-01,1007.77096728919
1,N,M,"Professional, Scientific and Technical Services",M,2016-05-01,1010.43204479553
1,N,M,"Professional, Scientific and Technical Services",M,2016-08-01,1012.34553813386
1,N,M,"Professional, Scientific and Technical Services",M,2016-11-01,1010.5786924391
1,N,M,"Professional, Scientific and Technical Services",M,2017-02-01,1008.30819986934
1,N,M,"Professional, Scientific and Technical Services",M,2017-05-01,1007.88333659718
1,N,M,"Professional, Scientific and Technical Services",M,2017-08-01,1010.70465671661
1,N,M,"Professional, Scientific and Technical Services",M,2017-11-01,1017.41223820127
1,N,M,"Professional, Scientific and Technical Services",M,2018-02-01,1028.57598216714
1,N,M,"Professional, Scientific and Technical Services",M,2018-05-01,1044.88437306819
1,N,M,"Professional, Scientific and Technical Services",M,2018-08-01,1063.96244099237
1,N,M,"Professional, Scientific and Technical Services",M,2018-11-01,1083.83483463193
1,N,M,"Professional, Scientific and Technical Services",M,2019-02-01,1103.5111848294
1,N,M,"Professional, Scientific and Technical Services",M,2019-05-01,1119.03771326185
1,N,M,"Professional, Scientific and Technical Services",M,2019-08-01,1128.01010250024
1,N,M,"Professional, Scientific and Technical Services",M,2019-11-01,1129.6135582322
1,N,M,"Professional, Scientific and Technical Services",M,2020-02-01,1127.84100872308
1,N,M,"Professional, Scientific and Technical Services",M,2020-05-01,1127.07321240002
1,N,M,"Professional, Scientific and Technical Services",M,2020-08-01,1133.47805910102
1,N,M,"Professional, Scientific and Technical Services",M,2020-11-01,1147.49651559598
1,N,M,"Professional, Scientific and Technical Services",M,2021-02-01,1164.465868578
1,N,M,"Professional, Scientific and Technical Services",M,2021-05-01,1180.72300816653
1,N,M,"Professional, Scientific and Technical Services",M,2021-08-01,1195.84040820302
1,N,M,"Professional, Scientific and Technical Services",M,2021-11-01,1213.20833922906
1,N,M,"Professional, Scientific and Technical Services",M,2022-02-01,1232.4722909807
1,N,M,"Professional, Scientific and Technical Services",M,2022-05-01,1250.84839213733
1,N,M,"Professional, Scientific and Technical Services",M,2022-08-01,1267.22564399124
1,N,M,"Professional, Scientific and Technical Services",M,2022-11-01,1281.77632217085
1,N,M,"Professional, Scientific and Technical Services",M,2023-02-01,1295.99225281887
1,N,M,"Professional, Scientific and Technical Services",M,2023-05-01,1308.76831909235
1,N,M,"Professional, Scientific and Technical Services",M,2023-08-01,1314.86775364174
1,N,M,"Professional, Scientific and Technical Services",M,2023-11-01,1316.44516694045
1,N,M,"Professional, Scientific and Technical Services",M,2024-02-01,1314.45777781185
1,N,M,"Professional, Scientific and Technical Services",M,2024-05-01,1310.57486055323
1,N,M,"Professional, Scientific and Technical Services",M,2024-08-01,1307.90569880019
1,N,M,"Professional, Scientific and Technical Services",M,2024-11-01,1310.13439838209
1,N,M,"Professional, Scientific and Technical Services",M,2025-02-01,1320.33096214864
1,N,M,"Professional, Scientific and Technical Services",M,2025-05-01,1339.85275216215
1,N,M,"Professional, Scientific and Technical Services",M,2025-08-01,1360.41993222829
1,N,M,"Professional, Scientific and Technical Services",M,2025-11-01,1380.20920369899
1,N,M,"Professional, Scientific and Technical Services",M,2026-02-01,1401.1627653506
1,N,N,Administrative and Support Services,N,1986-08-01,135.387492141979
1,N,N,Administrative and Support Services,N,1986-11-01,137.73980315604
1,N,N,Administrative and Support Services,N,1987-02-01,140.076898197956
1,N,N,Administrative and Support Services,N,1987-05-01,142.394018090498
1,N,N,Administrative and Support Services,N,1987-08-01,144.694716427055
1,N,N,Administrative and Support Services,N,1987-11-01,146.988534145484
1,N,N,Administrative and Support Services,N,1988-02-01,149.276137558579
1,N,N,Administrative and Support Services,N,1988-05-01,151.553296153562
1,N,N,Administrative and Support Services,N,1988-08-01,153.811142142478
1,N,N,Administrative and Support Services,N,1988-11-01,156.042605670343
1,N,N,Administrative and Support Services,N,1989-02-01,158.231412641064
1,N,N,Administrative and Support Services,N,1989-05-01,160.372670264783
1,N,N,Administrative and Support Services,N,1989-08-01,162.460036719417
1,N,N,Administrative and Support Services,N,1989-11-01,164.495162535392
1,N,N,Administrative and Support Services,N,1990-02-01,166.472837728798
1,N,N,Administrative and Support Services,N,1990-05-01,168.403467062205
1,N,N,Administrative and Support Services,N,1990-08-01,170.292453524651
1,N,N,Administrative and Support Services,N,1990-11-01,172.148319584488
1,N,N,Administrative and Support Services,N,1991-02-01,173.981540868475
1,N,N,Administrative and Support Services,N,1991-05-01,175.808339352166
1,N,N,Administrative and Support Services,N,1991-08-01,177.649953387712
1,N,N,Administrative and Support Services,N,1991-11-01,179.539810940405
1,N,N,Administrative and Support Services,N,1992-02-01,181.511415418028
1,N,N,Administrative and Support Services,N,1992-05-01,183.601129862628
1,N,N,Administrative and Support Services,N,1992-08-01,185.855094184929
1,N,N,Administrative and Support Services,N,1992-11-01,188.325997804721
1,N,N,Administrative and Support Services,N,1993-02-01,191.062708182271
1,N,N,Administrative and Support Services,N,1993-05-01,194.115563956522
1,N,N,Administrative and Support Services,N,1993-08-01,197.517444005502
1,N,N,Administrative and Support Services,N,1993-11-01,201.279689527621
1,N,N,Administrative and Support Services,N,1994-02-01,205.367707955688
1,N,N,Administrative and Support Services,N,1994-05-01,209.71304285454
1,N,N,Administrative and Support Services,N,1994-08-01,214.223272440271
1,N,N,Administrative and Support Services,N,1994-11-01,218.792691581197
1,N,N,Administrative and Support Services,N,1995-02-01,223.306540780826
1,N,N,Administrative and Support Services,N,1995-05-01,227.677483549659
1,N,N,Administrative and Support Services,N,1995-08-01,231.88375776414
1,N,N,Administrative and Support Services,N,1995-11-01,235.944791977752
1,N,N,Administrative and Support Services,N,1996-02-01,239.904469897724
1,N,N,Administrative and Support Services,N,1996-05-01,243.837949770878
1,N,N,Administrative and Support Services,N,1996-08-01,247.82771076949
1,N,N,Administrative and Support Services,N,1996-11-01,251.94098657406
1,N,N,Administrative and Support Services,N,1997-02-01,256.213996499934
1,N,N,Administrative and Support Services,N,1997-05-01,260.676383944249
1,N,N,Administrative and Support Services,N,1997-08-01,265.329344341485
1,N,N,Administrative and Support Services,N,1997-11-01,270.155786140963
1,N,N,Administrative and Support Services,N,1998-02-01,275.108555532696
1,N,N,Administrative and Support Services,N,1998-05-01,280.118692588602
1,N,N,Administrative and Support Services,N,1998-08-01,285.119896830692
1,N,N,Administrative and Support Services,N,1998-11-01,290.054268733092
1,N,N,Administrative and Support Services,N,1999-02-01,294.857817910862
1,N,N,Administrative and Support Services,N,1999-05-01,299.512097658441
1,N,N,Administrative and Support Services,N,1999-08-01,303.998361404633
1,N,N,Administrative and Support Services,N,1999-11-01,308.290183028837
1,N,N,Administrative and Support Services,N,2000-02-01,312.346633213805
1,N,N,Administrative and Support Services,N,2000-05-01,316.110776539352
1,N,N,Administrative and Support Services,N,2000-08-01,319.514449082388
1,N,N,Administrative and Support Services,N,2000-11-01,322.496408148663
1,N,N,Administrative and Support Services,N,2001-02-01,325.042501236778
1,N,N,Administrative and Support Services,N,2001-05-01,327.195602160018
1,N,N,Administrative and Support Services,N,2001-08-01,329.044337477903
1,N,N,Administrative and Support Services,N,2001-11-01,330.677616901904
1,N,N,Administrative and Support Services,N,2002-02-01,332.185697955903
1,N,N,Administrative and Support Services,N,2002-05-01,333.629948907068
1,N,N,Administrative and Support Services,N,2002-08-01,335.031689821134
1,N,N,Administrative and Support Services,N,2002-11-01,336.380339841775
1,N,N,Administrative and Support Services,N,2003-02-01,337.66458023504
1,N,N,Administrative and Support Services,N,2003-05-01,338.868944638474
1,N,N,Administrative and Support Services,N,2003-08-01,339.993531953973
1,N,N,Administrative and Support Services,N,2003-11-01,341.041133535322
1,N,N,Administrative and Support Services,N,2004-02-01,342.003894672225
1,N,N,Administrative and Support Services,N,2004-05-01,342.91273035197
1,N,N,Administrative and Support Services,N,2004-08-01,343.782904133174
1,N,N,Administrative and Support Services,N,2004-11-01,344.609351563267
1,N,N,Administrative and Support Services,N,2005-02-01,345.346806832592
1,N,N,Administrative and Support Services,N,2005-05-01,345.971829444396
1,N,N,Administrative and Support Services,N,2005-08-01,346.483886211174
1,N,N,Administrative and Support Services,N,2005-11-01,346.894356584355
1,N,N,Administrative and Support Services,N,2006-02-01,347.207644252912
1,N,N,Administrative and Support Services,N,2006-05-01,347.441100211033
1,N,N,Administrative and Support Services,N,2006-08-01,347.637638828553
1,N,N,Administrative and Support Services,N,2006-11-01,347.830195615815
1,N,N,Administrative and Support Services,N,2007-02-01,348.05112400877
1,N,N,Administrative and Support Services,N,2007-05-01,348.331033647222
1,N,N,Administrative and Support Services,N,2007-08-01,348.727097474456
1,N,N,Administrative and Support Services,N,2007-11-01,349.304179995302
1,N,N,Administrative and Support Services,N,2008-02-01,350.154026404062
1,N,N,Administrative and Support Services,N,2008-05-01,351.348456445748
1,N,N,Administrative and Support Services,N,2008-08-01,352.945193284035
1,N,N,Administrative and Support Services,N,2008-11-01,354.972426193703
1,N,N,Administrative and Support Services,N,2009-02-01,357.410297668583
1,N,N,Administrative and Support Services,N,2009-05-01,360.211798127542
1,N,N,Administrative and Support Services,N,2009-08-01,363.324574727844
1,N,N,Administrative and Support Services,N,2009-11-01,366.653639549584
1,N,N,Administrative and Support Services,N,2010-02-01,370.053885164561
1,N,N,Administrative and Support Services,N,2010-05-01,373.403434305772
1,N,N,Administrative and Support Services,N,2010-08-01,376.635835610358
1,N,N,Administrative and Support Services,N,2010-11-01,379.665274571233
1,N,N,Administrative and Support Services,N,2011-02-01,382.380390302282
1,N,N,Administrative and Support Services,N,2011-05-01,384.739086735179
1,N,N,Administrative and Support Services,N,2011-08-01,386.740134931868
1,N,N,Administrative and Support Services,N,2011-11-01,388.397109672113
1,N,N,Administrative and Support Services,N,2012-02-01,389.733524100002
1,N,N,Administrative and Support Services,N,2012-05-01,390.796889813754
1,N,N,Administrative and Support Services,N,2012-08-01,391.660471679696
1,N,N,Administrative and Support Services,N,2012-11-01,392.406704491039
1,N,N,Administrative and Support Services,N,2013-02-01,393.096948347597
1,N,N,Administrative and Support Services,N,2013-05-01,393.818080289554
1,N,N,Administrative and Support Services,N,2013-08-01,394.655112648416
1,N,N,Administrative and Support Services,N,2013-11-01,395.685372952513
1,N,N,Administrative and Support Services,N,2014-02-01,396.936172620413
1,N,N,Administrative and Support Services,N,2014-05-01,398.423873039826
1,N,N,Administrative and Support Services,N,2014-08-01,400.154990334072
1,N,N,Administrative and Support Services,N,2014-11-01,402.129138252862
1,N,N,Administrative and Support Services,N,2015-02-01,404.301230294363
1,N,N,Administrative and Support Services,N,2015-05-01,406.57110010168
1,N,N,Administrative and Support Services,N,2015-08-01,408.834615643338
1,N,N,Administrative and Support Services,N,2015-11-01,411.001200627696
1,N,N,Administrative and Support Services,N,2016-02-01,412.96962685547
1,N,N,Administrative and Support Services,N,2016-05-01,414.653033902185
1,N,N,Administrative and Support Services,N,2016-08-01,416.046203418046
1,N,N,Administrative and Support Services,N,2016-11-01,417.143028553853
1,N,N,Administrative and Support Services,N,2017-02-01,417.990116170392
1,N,N,Administrative and Support Services,N,2017-05-01,418.681408611165
1,N,N,Administrative and Support Services,N,2017-08-01,419.348080561523
1,N,N,Administrative and Support Services,N,2017-11-01,420.055486631862
1,N,N,Administrative and Support Services,N,2018-02-01,420.811405268759
1,N,N,Administrative and Support Services,N,2018-05-01,421.598004074941
1,N,N,Administrative and Support Services,N,2018-08-01,422.404370530051
1,N,N,Administrative and Support Services,N,2018-11-01,423.212718493141
1,N,N,Administrative and Support Services,N,2019-02-01,423.926733376065
1,N,N,Administrative and Support Services,N,2019-05-01,424.421385105116
1,N,N,Administrative and Support Services,N,2019-08-01,424.594533061266
1,N,N,Administrative and Support Services,N,2019-11-01,424.4402763692
1,N,N,Administrative and Support Services,N,2020-02-01,424.04893872004
1,N,N,Administrative and Support Services,N,2020-05-01,423.541924304767
1,N,N,Administrative and Support Services,N,2020-08-01,423.093949065017
1,N,N,Administrative and Support Services,N,2020-11-01,422.791631122595
1,N,N,Administrative and Support Services,N,2021-02-01,422.644378509889
1,N,N,Administrative and Support Services,N,2021-05-01,422.71983009331
1,N,N,Administrative and Support Services,N,2021-08-01,423.006486595684
1,N,N,Administrative and Support Services,N,2021-11-01,423.473412525394
1,N,N,Administrative and Support Services,N,2022-02-01,424.035121546304
1,N,N,Administrative and Support Services,N,2022-05-01,424.651733611504
1,N,N,Administrative and Support Services,N,2022-08-01,425.269819017519
1,N,N,Administrative and Support Services,N,2022-11-01,425.842750764441
1,N,N,Administrative and Support Services,N,2023-02-01,426.350192158268
1,N,N,Administrative and Support Services,N,2023-05-01,426.864176352196
1,N,N,Administrative and Support Services,N,2023-08-01,427.450268428702
1,N,N,Administrative and Support Services,N,2023-11-01,428.11474381612
1,N,N,Administrative and Support Services,N,2024-02-01,428.821885538149
1,N,N,Administrative and Support Services,N,2024-05-01,429.535368022503
1,N,N,Administrative and Support Services,N,2024-08-01,430.207552730292
1,N,N,Administrative and Support Services,N,2024-11-01,430.851273206928
1,N,N,Administrative and Support Services,N,2025-02-01,431.481729173239
1,N,N,Administrative and Support Services,N,2025-05-01,432.124730021946
1,N,N,Administrative and Support Services,N,2025-08-01,432.797816561644
1,N,N,Administrative and Support Services,N,2025-11-01,433.494989256468
1,N,N,Administrative and Support Services,N,2026-02-01,434.186651598997
1,N,O,Public Administration and Safety,O,1986-08-01,397.90835436151
1,N,O,Public Administration and Safety,O,1986-11-01,403.537390419466
1,N,O,Public Administration and Safety,O,1987-02-01,409.068332345578
1,N,O,Public Administration and Safety,O,1987-05-01,413.997296377411
1,N,O,Public Administration and Safety,O,1987-08-01,417.001696863407
1,N,O,Public Administration and Safety,O,1987-11-01,417.090162109173
1,N,O,Public Administration and Safety,O,1988-02-01,415.17861013184
1,N,O,Public Administration and Safety,O,1988-05-01,412.178029446145
1,N,O,Public Administration and Safety,O,1988-08-01,408.634479079604
1,N,O,Public Administration and Safety,O,1988-11-01,406.361153790089
1,N,O,Public Administration and Safety,O,1989-02-01,406.314112682409
1,N,O,Public Administration and Safety,O,1989-05-01,409.525503207424
1,N,O,Public Administration and Safety,O,1989-08-01,415.484537704985
1,N,O,Public Administration and Safety,O,1989-11-01,423.750627191162
1,N,O,Public Administration and Safety,O,1990-02-01,433.13538167473
1,N,O,Public Administration and Safety,O,1990-05-01,441.55263519624
1,N,O,Public Administration and Safety,O,1990-08-01,446.335540923097
1,N,O,Public Administration and Safety,O,1990-11-01,447.095488319832
1,N,O,Public Administration and Safety,O,1991-02-01,445.532004877938
1,N,O,Public Administration and Safety,O,1991-05-01,443.225724223753
1,N,O,Public Administration and Safety,O,1991-08-01,441.279578709755
1,N,O,Public Administration and Safety,O,1991-11-01,440.018972991078
1,N,O,Public Administration and Safety,O,1992-02-01,440.842077124193
1,N,O,Public Administration and Safety,O,1992-05-01,443.658941374119
1,N,O,Public Administration and Safety,O,1992-08-01,448.698337590806
1,N,O,Public Administration and Safety,O,1992-11-01,455.430181787374
1,N,O,Public Administration and Safety,O,1993-02-01,461.731982058472
1,N,O,Public Administration and Safety,O,1993-05-01,465.608433518182
1,N,O,Public Administration and Safety,O,1993-08-01,467.037634826115
1,N,O,Public Administration and Safety,O,1993-11-01,465.228274016545
1,N,O,Public Administration and Safety,O,1994-02-01,462.496330904826
1,N,O,Public Administration and Safety,O,1994-05-01,459.799118365249
1,N,O,Public Administration and Safety,O,1994-08-01,458.398626140567
1,N,O,Public Administration and Safety,O,1994-11-01,459.721651843458
1,N,O,Public Administration and Safety,O,1995-02-01,463.366667878404
1,N,O,Public Administration and Safety,O,1995-05-01,468.332015029019
1,N,O,Public Administration and Safety,O,1995-08-01,473.41713626468
1,N,O,Public Administration and Safety,O,1995-11-01,476.705534601308
1,N,O,Public Administration and Safety,O,1996-02-01,477.315048477877
1,N,O,Public Administration and Safety,O,1996-05-01,475.784707149273
1,N,O,Public Administration and Safety,O,1996-08-01,473.937312932715
1,N,O,Public Administration and Safety,O,1996-11-01,471.787064215582
1,N,O,Public Administration and Safety,O,1997-02-01,469.174537024123
1,N,O,Public Administration and Safety,O,1997-05-01,465.492419199438
1,N,O,Public Administration and Safety,O,1997-08-01,461.201777594579
1,N,O,Public Administration and Safety,O,1997-11-01,457.417571996119
1,N,O,Public Administration and Safety,O,1998-02-01,454.676846827733
1,N,O,Public Administration and Safety,O,1998-05-01,454.30286159658
1,N,O,Public Administration and Safety,O,1998-08-01,456.922984918954
1,N,O,Public Administration and Safety,O,1998-11-01,461.598566632599
1,N,O,Public Administration and Safety,O,1999-02-01,466.802195277656
1,N,O,Public Administration and Safety,O,1999-05-01,471.090536432973
1,N,O,Public Administration and Safety,O,1999-08-01,473.812566191453
1,N,O,Public Administration and Safety,O,1999-11-01,475.830778373754
1,N,O,Public Administration and Safety,O,2000-02-01,478.533837286804
1,N,O,Public Administration and Safety,O,2000-05-01,482.864227727423
1,N,O,Public Administration and Safety,O,2000-08-01,488.880456907282
1,N,O,Public Administration and Safety,O,2000-11-01,495.488174751662
1,N,O,Public Administration and Safety,O,2001-02-01,501.939911156692
1,N,O,Public Administration and Safety,O,2001-05-01,508.093141952275
1,N,O,Public Administration and Safety,O,2001-08-01,515.252722698395
1,N,O,Public Administration and Safety,O,2001-11-01,523.365290674999
1,N,O,Public Administration and Safety,O,2002-02-01,533.329100611976
1,N,O,Public Administration and Safety,O,2002-05-01,544.186342048783
1,N,O,Public Administration and Safety,O,2002-08-01,555.498724009612
1,N,O,Public Administration and Safety,O,2002-11-01,566.433335063244
1,N,O,Public Administration and Safety,O,2003-02-01,574.257431950065
1,N,O,Public Administration and Safety,O,2003-05-01,578.347986179404
1,N,O,Public Administration and Safety,O,2003-08-01,580.853276053741
1,N,O,Public Administration and Safety,O,2003-11-01,583.721168816145
1,N,O,Public Administration and Safety,O,2004-02-01,587.085521977084
1,N,O,Public Administration and Safety,O,2004-05-01,591.245232233196
1,N,O,Public Administration and Safety,O,2004-08-01,595.354175719951
1,N,O,Public Administration and Safety,O,2004-11-01,600.051676619536
1,N,O,Public Administration and Safety,O,2005-02-01,603.783616995145
1,N,O,Public Administration and Safety,O,2005-05-01,607.139998074166
1,N,O,Public Administration and Safety,O,2005-08-01,609.710008089493
1,N,O,Public Administration and Safety,O,2005-11-01,612.174287189
1,N,O,Public Administration and Safety,O,2006-02-01,616.006150783931
1,N,O,Public Administration and Safety,O,2006-05-01,621.695368452863
1,N,O,Public Administration and Safety,O,2006-08-01,627.50707726354
1,N,O,Public Administration and Safety,O,2006-11-01,632.411059891931
1,N,O,Public Administration and Safety,O,2007-02-01,635.846882880247
1,N,O,Public Administration and Safety,O,2007-05-01,637.146532191201
1,N,O,Public Administration and Safety,O,2007-08-01,636.840472810403
1,N,O,Public Administration and Safety,O,2007-11-01,636.64633294556
1,N,O,Public Administration and Safety,O,2008-02-01,638.390011960016
1,N,O,Public Administration and Safety,O,2008-05-01,643.136277599137
1,N,O,Public Administration and Safety,O,2008-08-01,650.660315018227
1,N,O,Public Administration and Safety,O,2008-11-01,658.100670547966
1,N,O,Public Administration and Safety,O,2009-02-01,664.102881104372
1,N,O,Public Administration and Safety,O,2009-05-01,668.518340307798
1,N,O,Public Administration and Safety,O,2009-08-01,671.180777348357
1,N,O,Public Administration and Safety,O,2009-11-01,675.682730314559
1,N,O,Public Administration and Safety,O,2010-02-01,681.317513176224
1,N,O,Public Administration and Safety,O,2010-05-01,687.600277626546
1,N,O,Public Administration and Safety,O,2010-08-01,693.825289917269
1,N,O,Public Administration and Safety,O,2010-11-01,700.041121055818
1,N,O,Public Administration and Safety,O,2011-02-01,706.824063948933
1,N,O,Public Administration and Safety,O,2011-05-01,713.747246076693
1,N,O,Public Administration and Safety,O,2011-08-01,719.030785171374
1,N,O,Public Administration and Safety,O,2011-11-01,720.314736379573
1,N,O,Public Administration and Safety,O,2012-02-01,717.409888774637
1,N,O,Public Administration and Safety,O,2012-05-01,712.338354279874
1,N,O,Public Administration and Safety,O,2012-08-01,709.905665780611
1,N,O,Public Administration and Safety,O,2012-11-01,713.224741294842
1,N,O,Public Administration and Safety,O,2013-02-01,722.07558220407
1,N,O,Public Administration and Safety,O,2013-05-01,733.329190105927
1,N,O,Public Administration and Safety,O,2013-08-01,742.86030319688
1,N,O,Public Administration and Safety,O,2013-11-01,746.00976599152
1,N,O,Public Administration and Safety,O,2014-02-01,743.987667203785
1,N,O,Public Administration and Safety,O,2014-05-01,739.295947789878
1,N,O,Public Administration and Safety,O,2014-08-01,735.156234035582
1,N,O,Public Administration and Safety,O,2014-11-01,732.797404611148
1,N,O,Public Administration and Safety,O,2015-02-01,732.111410825462
1,N,O,Public Administration and Safety,O,2015-05-01,732.826277016209
1,N,O,Public Administration and Safety,O,2015-08-01,735.472862717926
1,N,O,Public Administration and Safety,O,2015-11-01,741.150690397296
1,N,O,Public Administration and Safety,O,2016-02-01,749.481926520414
1,N,O,Public Administration and Safety,O,2016-05-01,758.379111832692
1,N,O,Public Administration and Safety,O,2016-08-01,766.028182751242
1,N,O,Public Administration and Safety,O,2016-11-01,771.126241512531
1,N,O,Public Administration and Safety,O,2017-02-01,771.689365008705
1,N,O,Public Administration and Safety,O,2017-05-01,765.135730520585
1,N,O,Public Administration and Safety,O,2017-08-01,757.28051819981
1,N,O,Public Administration and Safety,O,2017-11-01,754.988401898285
1,N,O,Public Administration and Safety,O,2018-02-01,762.668091536214
1,N,O,Public Administration and Safety,O,2018-05-01,781.905457550478
1,N,O,Public Administration and Safety,O,2018-08-01,804.513750210602
1,N,O,Public Administration and Safety,O,2018-11-01,823.514031365207
1,N,O,Public Administration and Safety,O,2019-02-01,835.623078691239
1,N,O,Public Administration and Safety,O,2019-05-01,839.601123816127
1,N,O,Public Administration and Safety,O,2019-08-01,840.282589879381
1,N,O,Public Administration and Safety,O,2019-11-01,842.460005773214
1,N,O,Public Administration and Safety,O,2020-02-01,846.789725869536
1,N,O,Public Administration and Safety,O,2020-05-01,853.828948292008
1,N,O,Public Administration and Safety,O,2020-08-01,862.417003424009
1,N,O,Public Administration and Safety,O,2020-11-01,870.673220300651
1,N,O,Public Administration and Safety,O,2021-02-01,878.343709500301
1,N,O,Public Administration and Safety,O,2021-05-01,886.332260325935
1,N,O,Public Administration and Safety,O,2021-08-01,893.63716591688
1,N,O,Public Administration and Safety,O,2021-11-01,897.564029571014
1,N,O,Public Administration and Safety,O,2022-02-01,895.999131886086
1,N,O,Public Administration and Safety,O,2022-05-01,891.068854027845
1,N,O,Public Administration and Safety,O,2022-08-01,885.756418853167
1,N,O,Public Administration and Safety,O,2022-11-01,886.53434511035
1,N,O,Public Administration and Safety,O,2023-02-01,895.32738529187
1,N,O,Public Administration and Safety,O,2023-05-01,908.131253072463
1,N,O,Public Administration and Safety,O,2023-08-01,920.738814179279
1,N,O,Public Administration and Safety,O,2023-11-01,931.396400953664
1,N,O,Public Administration and Safety,O,2024-02-01,941.490355467867
1,N,O,Public Administration and Safety,O,2024-05-01,952.249825063962
1,N,O,Public Administration and Safety,O,2024-08-01,963.218996868588
1,N,O,Public Administration and Safety,O,2024-11-01,971.926143621806
1,N,O,Public Administration and Safety,O,2025-02-01,978.930992996446
1,N,O,Public Administration and Safety,O,2025-05-01,982.840901564388
1,N,O,Public Administration and Safety,O,2025-08-01,983.06949006632
1,N,O,Public Administration and Safety,O,2025-11-01,979.796036388548
1,N,O,Public Administration and Safety,O,2026-02-01,976.235950763883
1,N,P,Education and Training,P,1986-08-01,485.072128269046
1,N,P,Education and Training,P,1986-11-01,485.751904606924
1,N,P,Education and Training,P,1987-02-01,486.455595045485
1,N,P,Education and Training,P,1987-05-01,488.636021851443
1,N,P,Education and Training,P,1987-08-01,489.980000377708
1,N,P,Education and Training,P,1987-11-01,489.594382518918
1,N,P,Education and Training,P,1988-02-01,488.842305580852
1,N,P,Education and Training,P,1988-05-01,490.173056503556
1,N,P,Education and Training,P,1988-08-01,492.409799542936
1,N,P,Education and Training,P,1988-11-01,495.474766168742
1,N,P,Education and Training,P,1989-02-01,500.051435054551
1,N,P,Education and Training,P,1989-05-01,508.31746026696
1,N,P,Education and Training,P,1989-08-01,517.594603555007
1,N,P,Education and Training,P,1989-11-01,525.837008824116
1,N,P,Education and Training,P,1990-02-01,532.444680658527
1,N,P,Education and Training,P,1990-05-01,537.942457573283
1,N,P,Education and Training,P,1990-08-01,539.84293465108
1,N,P,Education and Training,P,1990-11-01,539.113425383381
1,N,P,Education and Training,P,1991-02-01,538.181959071387
1,N,P,Education and Training,P,1991-05-01,539.154795270831
1,N,P,Education and Training,P,1991-08-01,540.665157776149
1,N,P,Education and Training,P,1991-11-01,542.250183826738
1,N,P,Education and Training,P,1992-02-01,545.590110921958
1,N,P,Education and Training,P,1992-05-01,550.960815021319
1,N,P,Education and Training,P,1992-08-01,555.351805832449
1,N,P,Education and Training,P,1992-11-01,557.739655940458
1,N,P,Education and Training,P,1993-02-01,559.960040510738
1,N,P,Education and Training,P,1993-05-01,563.476853312536
1,N,P,Education and Training,P,1993-08-01,565.615143410307
1,N,P,Education and Training,P,1993-11-01,565.444876375125
1,N,P,Education and Training,P,1994-02-01,564.518215638331
1,N,P,Education and Training,P,1994-05-01,565.912033819536
1,N,P,Education and Training,P,1994-08-01,568.397401730897
1,N,P,Education and Training,P,1994-11-01,571.707603280308
1,N,P,Education and Training,P,1995-02-01,576.966653937826
1,N,P,Education and Training,P,1995-05-01,585.287073244097
1,N,P,Education and Training,P,1995-08-01,592.912237001929
1,N,P,Education and Training,P,1995-11-01,597.04496986224
1,N,P,Education and Training,P,1996-02-01,598.477810998326
1,N,P,Education and Training,P,1996-05-01,599.603336089405
1,N,P,Education and Training,P,1996-08-01,599.06709772772
1,N,P,Education and Training,P,1996-11-01,597.155094787672
1,N,P,Education and Training,P,1997-02-01,595.038659974147
1,N,P,Education and Training,P,1997-05-01,595.521922300176
1,N,P,Education and Training,P,1997-08-01,596.903308355832
1,N,P,Education and Training,P,1997-11-01,598.727291053836
1,N,P,Education and Training,P,1998-02-01,601.815880447103
1,N,P,Education and Training,P,1998-05-01,607.905263089174
1,N,P,Education and Training,P,1998-08-01,613.869134215613
1,N,P,Education and Training,P,1998-11-01,618.809442439278
1,N,P,Education and Training,P,1999-02-01,622.933889632029
1,N,P,Education and Training,P,1999-05-01,627.535489650795
1,N,P,Education and Training,P,1999-08-01,629.861064093478
1,N,P,Education and Training,P,1999-11-01,629.175184707737
1,N,P,Education and Training,P,2000-02-01,628.088089575081
1,N,P,Education and Training,P,2000-05-01,630.364739257099
1,N,P,Education and Training,P,2000-08-01,633.596503737988
1,N,P,Education and Training,P,2000-11-01,636.053749440369
1,N,P,Education and Training,P,2001-02-01,639.442393257038
1,N,P,Education and Training,P,2001-05-01,646.391417816019
1,N,P,Education and Training,P,2001-08-01,654.518636134233
1,N,P,Education and Training,P,2001-11-01,660.990616298616
1,N,P,Education and Training,P,2002-02-01,666.220115631622
1,N,P,Education and Training,P,2002-05-01,673.237031632098
1,N,P,Education and Training,P,2002-08-01,680.553280896882
1,N,P,Education and Training,P,2002-11-01,685.953025046505
1,N,P,Education and Training,P,2003-02-01,690.90948186001
1,N,P,Education and Training,P,2003-05-01,697.428038561966
1,N,P,Education and Training,P,2003-08-01,704.16682894016
1,N,P,Education and Training,P,2003-11-01,707.713652364072
1,N,P,Education and Training,P,2004-02-01,708.64123411405
1,N,P,Education and Training,P,2004-05-01,709.051081093816
1,N,P,Education and Training,P,2004-08-01,706.637375464312
1,N,P,Education and Training,P,2004-11-01,703.569714349343
1,N,P,Education and Training,P,2005-02-01,703.952444230773
1,N,P,Education and Training,P,2005-05-01,711.823241902629
1,N,P,Education and Training,P,2005-08-01,722.389725160975
1,N,P,Education and Training,P,2005-11-01,730.346909912486
1,N,P,Education and Training,P,2006-02-01,734.536571771858
1,N,P,Education and Training,P,2006-05-01,737.1708492053
1,N,P,Education and Training,P,2006-08-01,739.781005434282
1,N,P,Education and Training,P,2006-11-01,744.243651957543
1,N,P,Education and Training,P,2007-02-01,750.825508394411
1,N,P,Education and Training,P,2007-05-01,761.033934073862
1,N,P,Education and Training,P,2007-08-01,771.817344446288
1,N,P,Education and Training,P,2007-11-01,782.1281197423
1,N,P,Education and Training,P,2008-02-01,791.103496363497
1,N,P,Education and Training,P,2008-05-01,799.192484068471
1,N,P,Education and Training,P,2008-08-01,803.086031791223
1,N,P,Education and Training,P,2008-11-01,803.066396484502
1,N,P,Education and Training,P,2009-02-01,803.805891290414
1,N,P,Education and Training,P,2009-05-01,808.777747967741
1,N,P,Education and Training,P,2009-08-01,815.542982184092
1,N,P,Education and Training,P,2009-11-01,822.12321348416
1,N,P,Education and Training,P,2010-02-01,828.022955058548
1,N,P,Education and Training,P,2010-05-01,835.932484191373
1,N,P,Education and Training,P,2010-08-01,842.914111358902
1,N,P,Education and Training,P,2010-11-01,845.416900513592
1,N,P,Education and Training,P,2011-02-01,845.553549873508
1,N,P,Education and Training,P,2011-05-01,848.803505659624
1,N,P,Education and Training,P,2011-08-01,852.368264469616
1,N,P,Education and Training,P,2011-11-01,856.898654027293
1,N,P,Education and Training,P,2012-02-01,863.504002413669
1,N,P,Education and Training,P,2012-05-01,874.210982347675
1,N,P,Education and Training,P,2012-08-01,883.411934635401
1,N,P,Education and Training,P,2012-11-01,889.141865903833
1,N,P,Education and Training,P,2013-02-01,891.859130989013
1,N,P,Education and Training,P,2013-05-01,894.02965894629
1,N,P,Education and Training,P,2013-08-01,894.505639355526
1,N,P,Education and Training,P,2013-11-01,895.69331752265
1,N,P,Education and Training,P,2014-02-01,898.046170336631
1,N,P,Education and Training,P,2014-05-01,903.539298618481
1,N,P,Education and Training,P,2014-08-01,908.514991069664
1,N,P,Education and Training,P,2014-11-01,912.324434980918
1,N,P,Education and Training,P,2015-02-01,917.003963573994
1,N,P,Education and Training,P,2015-05-01,924.253048288542
1,N,P,Education and Training,P,2015-08-01,930.412614911489
1,N,P,Education and Training,P,2015-11-01,933.64582689379
1,N,P,Education and Training,P,2016-02-01,937.437510092066
1,N,P,Education and Training,P,2016-05-01,947.199401596167
1,N,P,Education and Training,P,2016-08-01,959.35437916405
1,N,P,Education and Training,P,2016-11-01,970.387475949186
1,N,P,Education and Training,P,2017-02-01,979.999067130836
1,N,P,Education and Training,P,2017-05-01,992.653598607757
1,N,P,Education and Training,P,2017-08-01,1003.64888853117
1,N,P,Education and Training,P,2017-11-01,1009.51652332017
1,N,P,Education and Training,P,2018-02-01,1011.70120620825
1,N,P,Education and Training,P,2018-05-01,1015.99508364868
1,N,P,Education and Training,P,2018-08-01,1023.30641013477
1,N,P,Education and Training,P,2018-11-01,1032.23655260137
1,N,P,Education and Training,P,2019-02-01,1041.90209119962
1,N,P,Education and Training,P,2019-05-01,1056.07910588402
1,N,P,Education and Training,P,2019-08-01,1067.64757710889
1,N,P,Education and Training,P,2019-11-01,1072.27119731473
1,N,P,Education and Training,P,2020-02-01,1072.94099729357
1,N,P,Education and Training,P,2020-05-01,1074.83398071569
1,N,P,Education and Training,P,2020-08-01,1081.1942745557
1,N,P,Education and Training,P,2020-11-01,1087.74965279736
1,N,P,Education and Training,P,2021-02-01,1094.65860379445
1,N,P,Education and Training,P,2021-05-01,1105.53081375283
1,N,P,Education and Training,P,2021-08-01,1113.53754709158
1,N,P,Education and Training,P,2021-11-01,1118.90401281098
1,N,P,Education and Training,P,2022-02-01,1123.49277064036
1,N,P,Education and Training,P,2022-05-01,1130.95023269415
1,N,P,Education and Training,P,2022-08-01,1139.32429610188
1,N,P,Education and Training,P,2022-11-01,1147.39337938499
1,N,P,Education and Training,P,2023-02-01,1154.95960987841
1,N,P,Education and Training,P,2023-05-01,1166.30249902481
1,N,P,Education and Training,P,2023-08-01,1178.70483472437
1,N,P,Education and Training,P,2023-11-01,1193.20906995887
1,N,P,Education and Training,P,2024-02-01,1207.44553307458
1,N,P,Education and Training,P,2024-05-01,1224.55628679371
1,N,P,Education and Training,P,2024-08-01,1241.57753021817
1,N,P,Education and Training,P,2024-11-01,1255.12833265817
1,N,P,Education and Training,P,2025-02-01,1265.30280426691
1,N,P,Education and Training,P,2025-05-01,1279.56748997754
1,N,P,Education and Training,P,2025-08-01,1295.32082099254
1,N,P,Education and Training,P,2025-11-01,1308.4127424608
1,N,P,Education and Training,P,2026-02-01,1318.11233013539
1,N,Q,Health Care and Social Assistance,Q,1986-08-01,572.694888084545
1,N,Q,Health Care and Social Assistance,Q,1986-11-01,579.487004391301
1,N,Q,Health Care and Social Assistance,Q,1987-02-01,585.745842065091
1,N,Q,Health Care and Social Assistance,Q,1987-05-01,590.332185923732
1,N,Q,Health Care and Social Assistance,Q,1987-08-01,593.325339966517
1,N,Q,Health Care and Social Assistance,Q,1987-11-01,595.781947420737
1,N,Q,Health Care and Social Assistance,Q,1988-02-01,601.133077455022
1,N,Q,Health Care and Social Assistance,Q,1988-05-01,609.816120463198
1,N,Q,Health Care and Social Assistance,Q,1988-08-01,619.617134921253
1,N,Q,Health Care and Social Assistance,Q,1988-11-01,628.963334902932
1,N,Q,Health Care and Social Assistance,Q,1989-02-01,637.163922553365
1,N,Q,Health Care and Social Assistance,Q,1989-05-01,642.408079903231
1,N,Q,Health Care and Social Assistance,Q,1989-08-01,643.608450238129
1,N,Q,Health Care and Social Assistance,Q,1989-11-01,644.447004001448
1,N,Q,Health Care and Social Assistance,Q,1990-02-01,647.372149489429
1,N,Q,Health Care and Social Assistance,Q,1990-05-01,653.249836972227
1,N,Q,Health Care and Social Assistance,Q,1990-08-01,660.409301744521
1,N,Q,Health Care and Social Assistance,Q,1990-11-01,667.230948809027
1,N,Q,Health Care and Social Assistance,Q,1991-02-01,673.503570163359
1,N,Q,Health Care and Social Assistance,Q,1991-05-01,680.045914014871
1,N,Q,Health Care and Social Assistance,Q,1991-08-01,685.008676160777
1,N,Q,Health Care and Social Assistance,Q,1991-11-01,687.389679058028
1,N,Q,Health Care and Social Assistance,Q,1992-02-01,687.265031644675
1,N,Q,Health Care and Social Assistance,Q,1992-05-01,686.072625451816
1,N,Q,Health Care and Social Assistance,Q,1992-08-01,685.116954524704
1,N,Q,Health Care and Social Assistance,Q,1992-11-01,683.797029720096
1,N,Q,Health Care and Social Assistance,Q,1993-02-01,683.240383561382
1,N,Q,Health Care and Social Assistance,Q,1993-05-01,685.619172772796
1,N,Q,Health Care and Social Assistance,Q,1993-08-01,690.211470362054
1,N,Q,Health Care and Social Assistance,Q,1993-11-01,695.28892626116
1,N,Q,Health Care and Social Assistance,Q,1994-02-01,699.914051444095
1,N,Q,Health Care and Social Assistance,Q,1994-05-01,703.994623337172
1,N,Q,Health Care and Social Assistance,Q,1994-08-01,707.724806949005
1,N,Q,Health Care and Social Assistance,Q,1994-11-01,712.845628123725
1,N,Q,Health Care and Social Assistance,Q,1995-02-01,719.889775988351
1,N,Q,Health Care and Social Assistance,Q,1995-05-01,728.368274587328
1,N,Q,Health Care and Social Assistance,Q,1995-08-01,736.169325267839
1,N,Q,Health Care and Social Assistance,Q,1995-11-01,742.176190656133
1,N,Q,Health Care and Social Assistance,Q,1996-02-01,747.160662722362
1,N,Q,Health Care and Social Assistance,Q,1996-05-01,751.749017201369
1,N,Q,Health Care and Social Assistance,Q,1996-08-01,755.484733722173
1,N,Q,Health Care and Social Assistance,Q,1996-11-01,759.097775139616
1,N,Q,Health Care and Social Assistance,Q,1997-02-01,762.983726028643
1,N,Q,Health Care and Social Assistance,Q,1997-05-01,769.049974189366
1,N,Q,Health Care and Social Assistance,Q,1997-08-01,777.044619110252
1,N,Q,Health Care and Social Assistance,Q,1997-11-01,785.177127179188
1,N,Q,Health Care and Social Assistance,Q,1998-02-01,792.118934093066
1,N,Q,Health Care and Social Assistance,Q,1998-05-01,797.600944926103
1,N,Q,Health Care and Social Assistance,Q,1998-08-01,801.135652380939
1,N,Q,Health Care and Social Assistance,Q,1998-11-01,803.427690856863
1,N,Q,Health Care and Social Assistance,Q,1999-02-01,804.392763728089
1,N,Q,Health Care and Social Assistance,Q,1999-05-01,804.105817652529
1,N,Q,Health Care and Social Assistance,Q,1999-08-01,805.637057951718
1,N,Q,Health Care and Social Assistance,Q,1999-11-01,811.058936421336
1,N,Q,Health Care and Social Assistance,Q,2000-02-01,819.352086334208
1,N,Q,Health Care and Social Assistance,Q,2000-05-01,829.29926592887
1,N,Q,Health Care and Social Assistance,Q,2000-08-01,839.439348730398
1,N,Q,Health Care and Social Assistance,Q,2000-11-01,850.220719689317
1,N,Q,Health Care and Social Assistance,Q,2001-02-01,862.468963835814
1,N,Q,Health Care and Social Assistance,Q,2001-05-01,874.099613253302
1,N,Q,Health Care and Social Assistance,Q,2001-08-01,883.697124172015
1,N,Q,Health Care and Social Assistance,Q,2001-11-01,892.792251116808
1,N,Q,Health Care and Social Assistance,Q,2002-02-01,900.992125432408
1,N,Q,Health Care and Social Assistance,Q,2002-05-01,908.294973394263
1,N,Q,Health Care and Social Assistance,Q,2002-08-01,914.353157966019
1,N,Q,Health Care and Social Assistance,Q,2002-11-01,917.776523101257
1,N,Q,Health Care and Social Assistance,Q,2003-02-01,918.484156370952
1,N,Q,Health Care and Social Assistance,Q,2003-05-01,919.60245097129
1,N,Q,Health Care and Social Assistance,Q,2003-08-01,923.608096155792
1,N,Q,Health Care and Social Assistance,Q,2003-11-01,931.447739383088
1,N,Q,Health Care and Social Assistance,Q,2004-02-01,940.961384210889
1,N,Q,Health Care and Social Assistance,Q,2004-05-01,949.695115412512
1,N,Q,Health Care and Social Assistance,Q,2004-08-01,958.043371234798
1,N,Q,Health Care and Social Assistance,Q,2004-11-01,966.690018840126
1,N,Q,Health Care and Social Assistance,Q,2005-02-01,976.543134834828
1,N,Q,Health Care and Social Assistance,Q,2005-05-01,987.42847981526
1,N,Q,Health Care and Social Assistance,Q,2005-08-01,1000.16597366675
1,N,Q,Health Care and Social Assistance,Q,2005-11-01,1013.92694602483
1,N,Q,Health Care and Social Assistance,Q,2006-02-01,1028.22486962212
1,N,Q,Health Care and Social Assistance,Q,2006-05-01,1040.53081645267
1,N,Q,Health Care and Social Assistance,Q,2006-08-01,1049.18862598906
1,N,Q,Health Care and Social Assistance,Q,2006-11-01,1055.93772294487
1,N,Q,Health Care and Social Assistance,Q,2007-02-01,1062.15290764184
1,N,Q,Health Care and Social Assistance,Q,2007-05-01,1068.50923227707
1,N,Q,Health Care and Social Assistance,Q,2007-08-01,1074.9631261614
1,N,Q,Health Care and Social Assistance,Q,2007-11-01,1082.64883077994
1,N,Q,Health Care and Social Assistance,Q,2008-02-01,1091.20091712115
1,N,Q,Health Care and Social Assistance,Q,2008-05-01,1100.83975871264
1,N,Q,Health Care and Social Assistance,Q,2008-08-01,1113.44041561339
1,N,Q,Health Care and Social Assistance,Q,2008-11-01,1130.92574280682
1,N,Q,Health Care and Social Assistance,Q,2009-02-01,1151.74206447521
1,N,Q,Health Care and Social Assistance,Q,2009-05-01,1171.45448088193
1,N,Q,Health Care and Social Assistance,Q,2009-08-01,1186.87177658473
1,N,Q,Health Care and Social Assistance,Q,2009-11-01,1198.08547766365
1,N,Q,Health Care and Social Assistance,Q,2010-02-01,1210.31820105668
1,N,Q,Health Care and Social Assistance,Q,2010-05-01,1225.637114648
1,N,Q,Health Care and Social Assistance,Q,2010-08-01,1243.28430864993
1,N,Q,Health Care and Social Assistance,Q,2010-11-01,1260.1439868334
1,N,Q,Health Care and Social Assistance,Q,2011-02-01,1275.13110717195
1,N,Q,Health Care and Social Assistance,Q,2011-05-01,1289.64916596374
1,N,Q,Health Care and Social Assistance,Q,2011-08-01,1305.30791964897
1,N,Q,Health Care and Social Assistance,Q,2011-11-01,1320.08220459857
1,N,Q,Health Care and Social Assistance,Q,2012-02-01,1332.1528711134
1,N,Q,Health Care and Social Assistance,Q,2012-05-01,1342.55979021348
1,N,Q,Health Care and Social Assistance,Q,2012-08-01,1352.38525912763
1,N,Q,Health Care and Social Assistance,Q,2012-11-01,1360.9503915205
1,N,Q,Health Care and Social Assistance,Q,2013-02-01,1367.99343309557
1,N,Q,Health Care and Social Assistance,Q,2013-05-01,1373.02052954817
1,N,Q,Health Care and Social Assistance,Q,2013-08-01,1377.40966739633
1,N,Q,Health Care and Social Assistance,Q,2013-11-01,1382.38726092545
1,N,Q,Health Care and Social Assistance,Q,2014-02-01,1386.66227651522
1,N,Q,Health Care and Social Assistance,Q,2014-05-01,1392.11553746037
1,N,Q,Health Care and Social Assistance,Q,2014-08-01,1402.52453830915
1,N,Q,Health Care and Social Assistance,Q,2014-11-01,1420.33214276355
1,N,Q,Health Care and Social Assistance,Q,2015-02-01,1445.77103848138
1,N,Q,Health Care and Social Assistance,Q,2015-05-01,1473.26177277358
1,N,Q,Health Care and Social Assistance,Q,2015-08-01,1498.31183017254
1,N,Q,Health Care and Social Assistance,Q,2015-11-01,1517.30060912903
1,N,Q,Health Care and Social Assistance,Q,2016-02-01,1530.19549659077
1,N,Q,Health Care and Social Assistance,Q,2016-05-01,1540.38113299342
1,N,Q,Health Care and Social Assistance,Q,2016-08-01,1549.09221269928
1,N,Q,Health Care and Social Assistance,Q,2016-11-01,1561.97538379234
1,N,Q,Health Care and Social Assistance,Q,2017-02-01,1581.68350746569
1,N,Q,Health Care and Social Assistance,Q,2017-05-01,1608.79249890637
1,N,Q,Health Care and Social Assistance,Q,2017-08-01,1634.5818996992
1,N,Q,Health Care and Social Assistance,Q,2017-11-01,1653.87082325759
1,N,Q,Health Care and Social Assistance,Q,2018-02-01,1666.79969074622
1,N,Q,Health Care and Social Assistance,Q,2018-05-01,1674.54990364967
1,N,Q,Health Care and Social Assistance,Q,2018-08-01,1680.28734143332
1,N,Q,Health Care and Social Assistance,Q,2018-11-01,1686.48056435075
1,N,Q,Health Care and Social Assistance,Q,2019-02-01,1694.85993433905
1,N,Q,Health Care and Social Assistance,Q,2019-05-01,1706.96801349859
1,N,Q,Health Care and Social Assistance,Q,2019-08-01,1722.94293295908
1,N,Q,Health Care and Social Assistance,Q,2019-11-01,1737.21127859402
1,N,Q,Health Care and Social Assistance,Q,2020-02-01,1746.09478974976
1,N,Q,Health Care and Social Assistance,Q,2020-05-01,1751.05315888284
1,N,Q,Health Care and Social Assistance,Q,2020-08-01,1759.52590178999
1,N,Q,Health Care and Social Assistance,Q,2020-11-01,1773.47683096692
1,N,Q,Health Care and Social Assistance,Q,2021-02-01,1797.14323172765
1,N,Q,Health Care and Social Assistance,Q,2021-05-01,1830.48353222584
1,N,Q,Health Care and Social Assistance,Q,2021-08-01,1871.73116985106
1,N,Q,Health Care and Social Assistance,Q,2021-11-01,1918.79960747791
1,N,Q,Health Care and Social Assistance,Q,2022-02-01,1968.27500982371
1,N,Q,Health Care and Social Assistance,Q,2022-05-01,2012.65298510968
1,N,Q,Health Care and Social Assistance,Q,2022-08-01,2051.16362679548
1,N,Q,Health Care and Social Assistance,Q,2022-11-01,2085.63692745838
1,N,Q,Health Care and Social Assistance,Q,2023-02-01,2118.03758199601
1,N,Q,Health Care and Social Assistance,Q,2023-05-01,2148.05393650826
1,N,Q,Health Care and Social Assistance,Q,2023-08-01,2175.54561953181
1,N,Q,Health Care and Social Assistance,Q,2023-11-01,2202.25312459948
1,N,Q,Health Care and Social Assistance,Q,2024-02-01,2225.19702711678
1,N,Q,Health Care and Social Assistance,Q,2024-05-01,2245.45856730406
1,N,Q,Health Care and Social Assistance,Q,2024-08-01,2264.42601240357
1,N,Q,Health Care and Social Assistance,Q,2024-11-01,2286.92078469336
1,N,Q,Health Care and Social Assistance,Q,2025-02-01,2313.99827382853
1,N,Q,Health Care and Social Assistance,Q,2025-05-01,2340.81581683562
1,N,Q,Health Care and Social Assistance,Q,2025-08-01,2362.33162472383
1,N,Q,Health Care and Social Assistance,Q,2025-11-01,2383.65469396635
1,N,Q,Health Care and Social Assistance,Q,2026-02-01,2408.9784472911
1,N,R,Arts and Recreation Services,R,1986-08-01,80.267624455585
1,N,R,Arts and Recreation Services,R,1986-11-01,81.275587387387
1,N,R,Arts and Recreation Services,R,1987-02-01,82.279944416985
1,N,R,Arts and Recreation Services,R,1987-05-01,83.2771617478259
1,N,R,Arts and Recreation Services,R,1987-08-01,84.2660175521169
1,N,R,Arts and Recreation Services,R,1987-11-01,85.2462592237464
1,N,R,Arts and Recreation Services,R,1988-02-01,86.2206690009858
1,N,R,Arts and Recreation Services,R,1988-05-01,87.1968057275063
1,N,R,Arts and Recreation Services,R,1988-08-01,88.1788637788011
1,N,R,Arts and Recreation Services,R,1988-11-01,89.1637594003243
1,N,R,Arts and Recreation Services,R,1989-02-01,90.1364340113061
1,N,R,Arts and Recreation Services,R,1989-05-01,91.070110838845
1,N,R,Arts and Recreation Services,R,1989-08-01,91.9363259011597
1,N,R,Arts and Recreation Services,R,1989-11-01,92.7193773166859
1,N,R,Arts and Recreation Services,R,1990-02-01,93.4173013746438
1,N,R,Arts and Recreation Services,R,1990-05-01,94.0558376437385
1,N,R,Arts and Recreation Services,R,1990-08-01,94.6656061591033
1,N,R,Arts and Recreation Services,R,1990-11-01,95.2770962223043
1,N,R,Arts and Recreation Services,R,1991-02-01,95.9043210330446
1,N,R,Arts and Recreation Services,R,1991-05-01,96.5493699931904
1,N,R,Arts and Recreation Services,R,1991-08-01,97.2080429263398
1,N,R,Arts and Recreation Services,R,1991-11-01,97.8805531200887
1,N,R,Arts and Recreation Services,R,1992-02-01,98.577843937387
1,N,R,Arts and Recreation Services,R,1992-05-01,99.3331002443587
1,N,R,Arts and Recreation Services,R,1992-08-01,100.191036482227
1,N,R,Arts and Recreation Services,R,1992-11-01,101.193518802345
1,N,R,Arts and Recreation Services,R,1993-02-01,102.376070070867
1,N,R,Arts and Recreation Services,R,1993-05-01,103.746097875185
1,N,R,Arts and Recreation Services,R,1993-08-01,105.282872073236
1,N,R,Arts and Recreation Services,R,1993-11-01,106.96044075439
1,N,R,Arts and Recreation Services,R,1994-02-01,108.741503266021
1,N,R,Arts and Recreation Services,R,1994-05-01,110.583495128967
1,N,R,Arts and Recreation Services,R,1994-08-01,112.437878645665
1,N,R,Arts and Recreation Services,R,1994-11-01,114.254342318809
1,N,R,Arts and Recreation Services,R,1995-02-01,115.990986573038
1,N,R,Arts and Recreation Services,R,1995-05-01,117.622346542305
1,N,R,Arts and Recreation Services,R,1995-08-01,119.140308834955
1,N,R,Arts and Recreation Services,R,1995-11-01,120.545532403571
1,N,R,Arts and Recreation Services,R,1996-02-01,121.856937010567
1,N,R,Arts and Recreation Services,R,1996-05-01,123.102001007507
1,N,R,Arts and Recreation Services,R,1996-08-01,124.304956906437
1,N,R,Arts and Recreation Services,R,1996-11-01,125.46814526833
1,N,R,Arts and Recreation Services,R,1997-02-01,126.600201095962
1,N,R,Arts and Recreation Services,R,1997-05-01,127.687919758611
1,N,R,Arts and Recreation Services,R,1997-08-01,128.717063831237
1,N,R,Arts and Recreation Services,R,1997-11-01,129.673861845128
1,N,R,Arts and Recreation Services,R,1998-02-01,130.553342535784
1,N,R,Arts and Recreation Services,R,1998-05-01,131.378388524641
1,N,R,Arts and Recreation Services,R,1998-08-01,132.171269174585
1,N,R,Arts and Recreation Services,R,1998-11-01,132.943795046887
1,N,R,Arts and Recreation Services,R,1999-02-01,133.687365501204
1,N,R,Arts and Recreation Services,R,1999-05-01,134.405451810824
1,N,R,Arts and Recreation Services,R,1999-08-01,135.100310384309
1,N,R,Arts and Recreation Services,R,1999-11-01,135.785333234395
1,N,R,Arts and Recreation Services,R,2000-02-01,136.472302459301
1,N,R,Arts and Recreation Services,R,2000-05-01,137.167707273391
1,N,R,Arts and Recreation Services,R,2000-08-01,137.889322253314
1,N,R,Arts and Recreation Services,R,2000-11-01,138.6527672144
1,N,R,Arts and Recreation Services,R,2001-02-01,139.473130952457
1,N,R,Arts and Recreation Services,R,2001-05-01,140.367342469665
1,N,R,Arts and Recreation Services,R,2001-08-01,141.347188187388
1,N,R,Arts and Recreation Services,R,2001-11-01,142.411796311705
1,N,R,Arts and Recreation Services,R,2002-02-01,143.534223393425
1,N,R,Arts and Recreation Services,R,2002-05-01,144.687274372667
1,N,R,Arts and Recreation Services,R,2002-08-01,145.872405527274
1,N,R,Arts and Recreation Services,R,2002-11-01,147.101173431229
1,N,R,Arts and Recreation Services,R,2003-02-01,148.407863625699
1,N,R,Arts and Recreation Services,R,2003-05-01,149.832659426658
1,N,R,Arts and Recreation Services,R,2003-08-01,151.404461636319
1,N,R,Arts and Recreation Services,R,2003-11-01,153.127765728073
1,N,R,Arts and Recreation Services,R,2004-02-01,155.010639806985
1,N,R,Arts and Recreation Services,R,2004-05-01,157.043665153132
1,N,R,Arts and Recreation Services,R,2004-08-01,159.224624310716
1,N,R,Arts and Recreation Services,R,2004-11-01,161.535117592419
1,N,R,Arts and Recreation Services,R,2005-02-01,163.941960808753
1,N,R,Arts and Recreation Services,R,2005-05-01,166.400393686022
1,N,R,Arts and Recreation Services,R,2005-08-01,168.863047219762
1,N,R,Arts and Recreation Services,R,2005-11-01,171.295995641099
1,N,R,Arts and Recreation Services,R,2006-02-01,173.689166910319
1,N,R,Arts and Recreation Services,R,2006-05-01,176.036410277416
1,N,R,Arts and Recreation Services,R,2006-08-01,178.32149473753
1,N,R,Arts and Recreation Services,R,2006-11-01,180.542120211408
1,N,R,Arts and Recreation Services,R,2007-02-01,182.680539028223
1,N,R,Arts and Recreation Services,R,2007-05-01,184.712101753231
1,N,R,Arts and Recreation Services,R,2007-08-01,186.599430220892
1,N,R,Arts and Recreation Services,R,2007-11-01,188.315551755049
1,N,R,Arts and Recreation Services,R,2008-02-01,189.865813639686
1,N,R,Arts and Recreation Services,R,2008-05-01,191.281369154963
1,N,R,Arts and Recreation Services,R,2008-08-01,192.591443790297
1,N,R,Arts and Recreation Services,R,2008-11-01,193.788708871712
1,N,R,Arts and Recreation Services,R,2009-02-01,194.857849210714
1,N,R,Arts and Recreation Services,R,2009-05-01,195.78147022501
1,N,R,Arts and Recreation Services,R,2009-08-01,196.590374903099
1,N,R,Arts and Recreation Services,R,2009-11-01,197.337293745174
1,N,R,Arts and Recreation Services,R,2010-02-01,198.066722498569
1,N,R,Arts and Recreation Services,R,2010-05-01,198.810124947554
1,N,R,Arts and Recreation Services,R,2010-08-01,199.601478316779
1,N,R,Arts and Recreation Services,R,2010-11-01,200.464804492079
1,N,R,Arts and Recreation Services,R,2011-02-01,201.3862100708
1,N,R,Arts and Recreation Services,R,2011-05-01,202.31112137723
1,N,R,Arts and Recreation Services,R,2011-08-01,203.202782756926
1,N,R,Arts and Recreation Services,R,2011-11-01,204.062126354307
1,N,R,Arts and Recreation Services,R,2012-02-01,204.898302416905
1,N,R,Arts and Recreation Services,R,2012-05-01,205.713044492269
1,N,R,Arts and Recreation Services,R,2012-08-01,206.494357675329
1,N,R,Arts and Recreation Services,R,2012-11-01,207.263055187825
1,N,R,Arts and Recreation Services,R,2013-02-01,208.061008309826
1,N,R,Arts and Recreation Services,R,2013-05-01,208.919161842849
1,N,R,Arts and Recreation Services,R,2013-08-01,209.848728354309
1,N,R,Arts and Recreation Services,R,2013-11-01,210.895224305549
1,N,R,Arts and Recreation Services,R,2014-02-01,212.106846656919
1,N,R,Arts and Recreation Services,R,2014-05-01,213.505791963202
1,N,R,Arts and Recreation Services,R,2014-08-01,215.076128068746
1,N,R,Arts and Recreation Services,R,2014-11-01,216.744500065387
1,N,R,Arts and Recreation Services,R,2015-02-01,218.422903130299
1,N,R,Arts and Recreation Services,R,2015-05-01,220.06508241814
1,N,R,Arts and Recreation Services,R,2015-08-01,221.653544110959
1,N,R,Arts and Recreation Services,R,2015-11-01,223.190912918909
1,N,R,Arts and Recreation Services,R,2016-02-01,224.675016175344
1,N,R,Arts and Recreation Services,R,2016-05-01,226.118346520704
1,N,R,Arts and Recreation Services,R,2016-08-01,227.549175019894
1,N,R,Arts and Recreation Services,R,2016-11-01,229.000011211189
1,N,R,Arts and Recreation Services,R,2017-02-01,230.515498704843
1,N,R,Arts and Recreation Services,R,2017-05-01,232.091696862945
1,N,R,Arts and Recreation Services,R,2017-08-01,233.656553057996
1,N,R,Arts and Recreation Services,R,2017-11-01,235.125361247514
1,N,R,Arts and Recreation Services,R,2018-02-01,236.430026939325
1,N,R,Arts and Recreation Services,R,2018-05-01,237.529473058432
1,N,R,Arts and Recreation Services,R,2018-08-01,238.398822641083
1,N,R,Arts and Recreation Services,R,2018-11-01,239.026162675167
1,N,R,Arts and Recreation Services,R,2019-02-01,239.420537206745
1,N,R,Arts and Recreation Services,R,2019-05-01,239.588992969707
1,N,R,Arts and Recreation Services,R,2019-08-01,239.546942601899
1,N,R,Arts and Recreation Services,R,2019-11-01,239.340431843288
1,N,R,Arts and Recreation Services,R,2020-02-01,239.028634285903
1,N,R,Arts and Recreation Services,R,2022-02-01,241.062051996091
1,N,R,Arts and Recreation Services,R,2022-05-01,242.642847550313
1,N,R,Arts and Recreation Services,R,2022-08-01,244.567557363348
1,N,R,Arts and Recreation Services,R,2022-11-01,246.764203338976
1,N,R,Arts and Recreation Services,R,2023-02-01,249.133085284541
1,N,R,Arts and Recreation Services,R,2023-05-01,251.581469092504
1,N,R,Arts and Recreation Services,R,2023-08-01,253.990795461605
1,N,R,Arts and Recreation Services,R,2023-11-01,256.230887662995
1,N,R,Arts and Recreation Services,R,2024-02-01,258.183715435171
1,N,R,Arts and Recreation Services,R,2024-05-01,259.801639593269
1,N,R,Arts and Recreation Services,R,2024-08-01,261.051735715906
1,N,R,Arts and Recreation Services,R,2024-11-01,261.945198161397
1,N,R,Arts and Recreation Services,R,2025-02-01,262.52881533454
1,N,R,Arts and Recreation Services,R,2025-05-01,262.838706429869
1,N,R,Arts and Recreation Services,R,2025-08-01,262.92873751988
1,N,R,Arts and Recreation Services,R,2025-11-01,262.870600220746
1,N,R,Arts and Recreation Services,R,2026-02-01,262.736946802713
1,N,S,Other Services,S,1986-08-01,303.420516333334
1,N,S,Other Services,S,1986-11-01,306.688426782311
1,N,S,Other Services,S,1987-02-01,310.484377978504
1,N,S,Other Services,S,1987-05-01,315.398138186537
1,N,S,Other Services,S,1987-08-01,321.22029571097
1,N,S,Other Services,S,1987-11-01,327.232834143561
1,N,S,Other Services,S,1988-02-01,332.53137586356
1,N,S,Other Services,S,1988-05-01,336.816707215744
1,N,S,Other Services,S,1988-08-01,339.983087389404
1,N,S,Other Services,S,1988-11-01,342.504762974004
1,N,S,Other Services,S,1989-02-01,344.916534134957
1,N,S,Other Services,S,1989-05-01,348.120194645195
1,N,S,Other Services,S,1989-08-01,351.583399549149
1,N,S,Other Services,S,1989-11-01,354.546692544441
1,N,S,Other Services,S,1990-02-01,356.020300245361
1,N,S,Other Services,S,1990-05-01,356.633199235822
1,N,S,Other Services,S,1990-08-01,356.435445849354
1,N,S,Other Services,S,1990-11-01,356.219870470852
1,N,S,Other Services,S,1991-02-01,356.192706100246
1,N,S,Other Services,S,1991-05-01,356.555336002353
1,N,S,Other Services,S,1991-08-01,357.316973056038
1,N,S,Other Services,S,1991-11-01,359.460242724065
1,N,S,Other Services,S,1992-02-01,362.940080770813
1,N,S,Other Services,S,1992-05-01,365.958466177774
1,N,S,Other Services,S,1992-08-01,367.235021666093
1,N,S,Other Services,S,1992-11-01,366.432452487116
1,N,S,Other Services,S,1993-02-01,365.248790349128
1,N,S,Other Services,S,1993-05-01,364.159105012598
1,N,S,Other Services,S,1993-08-01,363.329813814708
1,N,S,Other Services,S,1993-11-01,363.807279319036
1,N,S,Other Services,S,1994-02-01,365.843216646924
1,N,S,Other Services,S,1994-05-01,370.334260992789
1,N,S,Other Services,S,1994-08-01,376.925664131491
1,N,S,Other Services,S,1994-11-01,383.585857951611
1,N,S,Other Services,S,1995-02-01,389.916047816678
1,N,S,Other Services,S,1995-05-01,396.274414106213
1,N,S,Other Services,S,1995-08-01,402.833272513728
1,N,S,Other Services,S,1995-11-01,408.407241984669
1,N,S,Other Services,S,1996-02-01,410.972571962803
1,N,S,Other Services,S,1996-05-01,410.555413101156
1,N,S,Other Services,S,1996-08-01,408.176011901804
1,N,S,Other Services,S,1996-11-01,405.891964838909
1,N,S,Other Services,S,1997-02-01,404.877773441752
1,N,S,Other Services,S,1997-05-01,405.558866224898
1,N,S,Other Services,S,1997-08-01,407.404634228427
1,N,S,Other Services,S,1997-11-01,410.121625896443
1,N,S,Other Services,S,1998-02-01,411.988214698766
1,N,S,Other Services,S,1998-05-01,412.179586919409
1,N,S,Other Services,S,1998-08-01,411.69141388395
1,N,S,Other Services,S,1998-11-01,411.808565347863
1,N,S,Other Services,S,1999-02-01,412.4518409107
1,N,S,Other Services,S,1999-05-01,412.725809573407
1,N,S,Other Services,S,1999-08-01,411.74240505888
1,N,S,Other Services,S,1999-11-01,408.524025675257
1,N,S,Other Services,S,2000-02-01,403.530177409618
1,N,S,Other Services,S,2000-05-01,398.010486528628
1,N,S,Other Services,S,2000-08-01,394.04238870363
1,N,S,Other Services,S,2000-11-01,393.944792881335
1,N,S,Other Services,S,2001-02-01,398.680207554153
1,N,S,Other Services,S,2001-05-01,406.495684751738
1,N,S,Other Services,S,2001-08-01,413.640897604008
1,N,S,Other Services,S,2001-11-01,417.844354198588
1,N,S,Other Services,S,2002-02-01,419.96734245249
1,N,S,Other Services,S,2002-05-01,421.98891249457
1,N,S,Other Services,S,2002-08-01,423.881958417821
1,N,S,Other Services,S,2002-11-01,424.704657389361
1,N,S,Other Services,S,2003-02-01,424.91336916478
1,N,S,Other Services,S,2003-05-01,424.418276319474
1,N,S,Other Services,S,2003-08-01,423.110620346635
1,N,S,Other Services,S,2003-11-01,421.238249282039
1,N,S,Other Services,S,2004-02-01,419.435537671888
1,N,S,Other Services,S,2004-05-01,417.324997224613
1,N,S,Other Services,S,2004-08-01,415.041059459382
1,N,S,Other Services,S,2004-11-01,412.135859940427
1,N,S,Other Services,S,2005-02-01,409.263523797907
1,N,S,Other Services,S,2005-05-01,406.814176705505
1,N,S,Other Services,S,2005-08-01,406.165955222704
1,N,S,Other Services,S,2005-11-01,406.955990104474
1,N,S,Other Services,S,2006-02-01,409.084390961695
1,N,S,Other Services,S,2006-05-01,411.632615210728
1,N,S,Other Services,S,2006-08-01,413.837431617397
1,N,S,Other Services,S,2006-11-01,417.618228764744
1,N,S,Other Services,S,2007-02-01,424.414725923103
1,N,S,Other Services,S,2007-05-01,434.547242918785
1,N,S,Other Services,S,2007-08-01,445.396964430602
1,N,S,Other Services,S,2007-11-01,454.104536895231
1,N,S,Other Services,S,2008-02-01,457.727932155206
1,N,S,Other Services,S,2008-05-01,457.553751165458
1,N,S,Other Services,S,2008-08-01,455.759760950411
1,N,S,Other Services,S,2008-11-01,452.603495319632
1,N,S,Other Services,S,2009-02-01,449.229264600943
1,N,S,Other Services,S,2009-05-01,446.487376135442
1,N,S,Other Services,S,2009-08-01,445.360188936146
1,N,S,Other Services,S,2009-11-01,446.42083939227
1,N,S,Other Services,S,2010-02-01,448.951675547617
1,N,S,Other Services,S,2010-05-01,450.705365035528
1,N,S,Other Services,S,2010-08-01,451.108223831487
1,N,S,Other Services,S,2010-11-01,450.598387149067
1,N,S,Other Services,S,2011-02-01,449.070546852062
1,N,S,Other Services,S,2011-05-01,448.216195872677
1,N,S,Other Services,S,2011-08-01,448.401449791833
1,N,S,Other Services,S,2011-11-01,449.395084519989
1,N,S,Other Services,S,2012-02-01,450.573232619526
1,N,S,Other Services,S,2012-05-01,450.115542106304
1,N,S,Other Services,S,2012-08-01,450.050015740728
1,N,S,Other Services,S,2012-11-01,451.636084962435
1,N,S,Other Services,S,2013-02-01,454.755296977923
1,N,S,Other Services,S,2013-05-01,459.79658727098
1,N,S,Other Services,S,2013-08-01,466.241488024581
1,N,S,Other Services,S,2013-11-01,473.086083379945
1,N,S,Other Services,S,2014-02-01,479.469745569793
1,N,S,Other Services,S,2014-05-01,483.281000138883
1,N,S,Other Services,S,2014-08-01,483.105488249743
1,N,S,Other Services,S,2014-11-01,481.296493275378
1,N,S,Other Services,S,2015-02-01,480.033866418959
1,N,S,Other Services,S,2015-05-01,478.482928612622
1,N,S,Other Services,S,2015-08-01,476.376124954822
1,N,S,Other Services,S,2015-11-01,474.561196855188
1,N,S,Other Services,S,2016-02-01,474.327427119175
1,N,S,Other Services,S,2016-05-01,476.474692007235
1,N,S,Other Services,S,2016-08-01,479.363272827037
1,N,S,Other Services,S,2016-11-01,482.854958813769
1,N,S,Other Services,S,2017-02-01,488.763537503669
1,N,S,Other Services,S,2017-05-01,494.979958405479
1,N,S,Other Services,S,2017-08-01,498.789508344217
1,N,S,Other Services,S,2017-11-01,498.840177002256
1,N,S,Other Services,S,2018-02-01,495.143796664497
1,N,S,Other Services,S,2018-05-01,492.486314028388
1,N,S,Other Services,S,2018-08-01,493.417509749471
1,N,S,Other Services,S,2018-11-01,497.543452914882
1,N,S,Other Services,S,2019-02-01,503.243493163092
1,N,S,Other Services,S,2019-05-01,506.387033388258
1,N,S,Other Services,S,2019-08-01,506.432595762103
1,N,S,Other Services,S,2019-11-01,505.247206168572
1,N,S,Other Services,S,2020-02-01,505.419040230858
1,N,S,Other Services,S,2021-02-01,519.964940100355
1,N,S,Other Services,S,2021-05-01,525.095297424243
1,N,S,Other Services,S,2021-08-01,528.746980585849
1,N,S,Other Services,S,2021-11-01,529.836471921662
1,N,S,Other Services,S,2022-02-01,528.719524866885
1,N,S,Other Services,S,2022-05-01,527.092936404924
1,N,S,Other Services,S,2022-08-01,523.787372676659
1,N,S,Other Services,S,2022-11-01,520.632227837025
1,N,S,Other Services,S,2023-02-01,519.534551343202
1,N,S,Other Services,S,2023-05-01,519.59205871745
1,N,S,Other Services,S,2023-08-01,519.949181442579
1,N,S,Other Services,S,2023-11-01,521.27448611579
1,N,S,Other Services,S,2024-02-01,523.574715965218
1,N,S,Other Services,S,2024-05-01,527.477160362367
1,N,S,Other Services,S,2024-08-01,533.567552041136
1,N,S,Other Services,S,2024-11-01,541.164566264914
1,N,S,Other Services,S,2025-02-01,548.268190221685
1,N,S,Other Services,S,2025-05-01,555.98757764849
1,N,S,Other Services,S,2025-08-01,565.115632768408
1,N,S,Other Services,S,2025-11-01,573.505762043182
1,N,S,Other Services,S,2026-02-01,579.919454444181
