anzsco_level,nfd_indicator,code_text,anzsco_title,covid_adjusted,skill_level,trend_data_for_feb_2026_000,qtr_change_to_feb_2026_000,qtr_change_to_feb_2026_pct,1_year_change_to_feb_2026_000,1_year_change_to_feb_2026_pct,5_year_change_to_feb_2026_000,5_year_change_to_feb_2026_pct,10_year_change_to_feb_2026_000,10_year_change_to_feb_2026_pct,share_of_national_emp_pct,share_of_level_1_group_pct,female_share_2025_4_quarter_avg_pct,part_time_share_2025_4_quarter_avg_pct,female_part_time_share_2025_4_quarter_avg_pct,male_part_time_share_2025_4_quarter_avg_pct,median_age_2025_abs_customised_report,median_female_age_2025_abs_customised_report,median_male_age_2025_abs_customised_report
4,N,1111,Chief Executives and Managing Directors,,1,62.9724731606509,0.834229984404075,1.34253873582794,3.39132959472941,5.69195116400743,17.2477137954069,37.7207316885675,5.7270839188202,10.0044457635293,0.425454194169644,3.31824045905868,30.794302365896,15.1923912182237,24.1434774439415,11.2094466725999,50,49,50
4,N,1112,General Managers,,1,69.3357338870257,-0.108139638407323,-0.155722359536465,-0.448599947042041,-0.642837614684001,8.19965281747925,13.4121335126986,20.7734370051862,42.7768831769461,0.468445612939627,3.65354298306673,32.8586144692471,9.17386824535277,14.2746211408858,6.67758861733631,48,48,48
4,N,1113,Legislators,,1,2.66863721606839,-0.0420141523375728,-1.54996517911781,-0.155292744463068,-5.49917124834932,-0.0884735180616159,-3.20892146138386,0.0482475098599409,1.84123413954912,<0.1,0.140619853984727,57.3681043252601,23.8163560326304,,,54,51,62
4,N,1211,Aquaculture Farmers,,1,1.88552397453748,-0.0132352167669978,-0.697045566789594,-0.0470030460079893,-2.43220640685906,-0.331572164063199,-14.9552452097305,-0.788233649370258,-29.4803703343253,<0.1,0.0993548708635587,15.0591307166636,27.1994345626619,,,47,44,47
4,N,1212,Crop Farmers,,1,34.6539883283292,-0.131534405604974,-0.378129736934092,-0.59746253233606,-1.69485941074479,-5.20161453325834,-13.0511500511553,-6.55211306299888,-15.9008322597046,0.234129039864457,1.82604017862621,18.6019860003816,21.612584814468,56.66703897878,13.6015482626548,52,58,52
4,N,1213,Livestock Farmers,,1,72.384464487753,-0.987151433537946,-1.3454132379978,-4.01857514613845,-5.25970585122618,-15.9652714626059,-18.070536703784,-2.35079170396254,-3.14549226663805,0.489043425854863,3.81419129049934,31.7460648735148,26.3339072503954,39.4160580241815,20.2491766575476,60,61,60
4,N,1214,Mixed Crop and Livestock Farmers,,1,28.2985850510929,0.1212067976791,0.430156406281042,0.46598180760196,1.67423005144493,-0.96264586537875,-3.28983380134177,2.41796920200753,9.34278077502932,0.191190707538814,1.4911516911698,23.5169770261832,17.2500906622154,41.4408149876534,9.81193397908364,56,59,55
4,N,1311,"Advertising, Public Relations and Sales Managers",,1,167.131940596309,0.637755398693486,0.383049653017324,2.40448990245454,1.45967772361347,13.1674680404528,8.55227691289358,36.1614784582993,27.6104076201505,1.12917567847475,8.80676809171601,44.4756189396172,10.091089298364,15.4857211300233,5.76993191650174,42,39,45
4,N,1321,Corporate Services Managers,,1,23.0335389155902,0.101854698260233,0.444165798268141,0.414322978071635,1.83173006180287,4.49781589222439,24.2656619682681,12.9651117846553,128.769981806001,0.155619038706122,1.21371794545895,66.0359065596077,17.244954307263,17.9778592506764,15.8199776042594,48,49,45
4,N,1322,Finance Managers,,1,77.9468841914603,0.515666681931606,0.665967420527964,2.08210878064331,2.74450002569498,12.3833322299955,18.8875249426294,24.4683018533065,45.7534601395926,0.52662420796321,4.10729469242576,52.7481999207147,11.809139679949,13.5298965622045,9.88822179136382,45,45,45
4,N,1323,Human Resource Managers,,1,95.296739185494,0.27496856284202,0.289374278168282,0.966963505573005,1.02508831236289,14.9343558923097,18.5837642940789,46.0408309087526,93.47270717266,0.643843180078461,5.02151939903896,59.2379854929493,11.4318116188588,16.1103356012005,4.63267915212247,44,42,45
4,N,1324,Policy and Planning Managers,,1,41.8503468560109,0.685424023596397,1.66506816103314,2.76262190972495,7.06774802964696,14.6293867445662,53.7430960725572,20.6035515284015,96.9725137871877,0.282749028324174,2.20524154750887,59.7599705883134,11.0984403183257,13.3827623249853,7.70602193114085,45,46,45
4,N,1325,Research and Development Managers,,1,20.5145501769223,0.280643964355317,1.38699844413143,1.11825255212758,5.76528868425948,6.03915849222469,41.7201732690168,9.41992179956513,84.9052485506418,0.138600264150479,1.0809835945746,54.2621044171777,12.9539565588475,17.6926446205423,7.33211534310598,48,48,48
4,N,1331,Construction Managers,,1,134.274712505657,0.659215075153327,0.493367227477637,2.68764003508528,2.04248030192051,19.450225504769,16.9390920114615,45.4229193695624,51.1221189424824,0.907185897887708,7.07540551135846,10.8629730074507,6.83301457815288,14.6491133059021,5.88048034548836,42,39,42
4,N,1332,Engineering Managers,,1,33.4933796308282,0.279823859633169,0.842498953020411,1.11863479036295,3.45526982799497,7.56755991485869,29.189279250435,13.7347923940312,69.5130285856294,0.226287743289018,1.76488363603087,18.1802263210378,4.32617746691682,8.96446719569202,3.29555671146368,45,42,45
4,N,1333,"Importers, Exporters and Wholesalers",,1,17.7453756508586,-0.154723431729622,-0.864371928980685,-0.681673127395946,-3.69930711965325,-4.30750104241774,-19.5326038517734,-2.29071880041935,-11.4329606799854,0.119891186082418,0.935066077135869,22.7508313077688,22.3331610205717,43.4414372036761,16.1165137920534,52,48,53
4,N,1334,Manufacturers,,1,19.3938759084191,-0.509465179598564,-2.55969677324816,-2.00044238053623,-9.35034411247841,-5.47976780872434,-22.030418506588,-1.51671528919356,-7.25333528287196,0.131028772292183,1.02193133709558,22.948990584803,25.6109646386493,51.590272195563,17.8732479182203,45,42,47
4,N,1335,Production Managers,,1,64.7446806543988,0.16027419876167,0.248162377820661,0.66824737345398,1.04289102753899,3.33417087491824,5.42931639371003,8.56861923450835,15.2531505732697,0.437427570365785,3.41162428714177,15.5679279578402,4.03214905046023,11.1669698599062,2.71660184586136,47,42,47
4,N,1336,"Supply, Distribution and Procurement Managers",,1,56.6770572665355,0.623883235646403,1.1130203533213,2.50783448369924,4.62962980612278,11.4707010558882,25.3740889941192,17.5171227556587,44.7322575342744,0.382921148193179,2.98651291719825,23.9445899099387,6.53901860532207,14.6973477557514,3.97052485165807,45,42,46
4,N,1341,Child Care Centre Managers,,1,17.1972243284531,-0.0816833997346507,-0.472734741220925,-0.35176312500532,-2.0044639380946,0.3582374247719,2.12742860850843,3.49069741609195,25.467410077048,0.116187769852248,0.9061820615589,94.9085584233875,19.4720179996306,19.406349837104,,43,43,47
4,N,1342,Health and Welfare Services Managers,,1,51.1893000969735,1.11267484616609,2.22194455116191,4.5366279944494,9.72426184823816,20.5006046406779,66.8018119892817,29.5231835846643,136.264307301639,0.345844800589388,2.69734374604191,66.0363180328839,16.7421950956545,18.4913857984428,13.3412059619484,47,47,45
4,N,1343,School Principals,,1,30.0394825438013,0.238619065342078,0.800711917339436,0.940131111261767,3.23076310975953,4.60709282407432,18.1150606562968,7.38233416615953,32.5828036393338,0.202952547319232,1.58288568549208,65.9375395640195,6.5149621617433,8.77871538855426,2.13282664688895,50,48,52
4,N,1344,Other Education Managers,,1,16.1816245520216,0.156569818005515,0.977031408655141,0.639134899543233,4.11217838218935,2.27482592655326,16.3576534601373,4.08865074347458,33.8101347791294,0.109326181561469,0.852666547569662,57.76318177337,15.5121760204634,21.3275687726385,7.55902987205529,47,47,44
4,N,1351,ICT Managers,,1,95.7968254047393,1.00635571376797,1.06166338984164,4.06645110361296,4.4330475424246,25.9170770216721,37.0881086743468,38.771848093345,67.9909925814174,0.647221859186102,5.04787069576323,24.7361778395281,5.5340132929193,10.0845534209693,4.03843458535172,45,45,46
4,N,1391,Commissioned Officers (Management),,1,4.42778518865008,0.00365417128706902,0.082596362375522,0.0189203358814884,0.429143022372465,0.0226033090607549,0.513107283163122,1.59934818780981,56.5453000132114,<0.1,0.233315530097049,9.35681973470758,5.97869017621032,,5.02236508682082,46,20,46
4,N,1392,Senior Non-commissioned Defence Force Members,,1,0.260149629434461,-0.00210173624455667,-0.801420514671062,-0.00847942645913086,-3.15655595442724,-0.0444641944827017,-14.5969063094108,0.147553301346543,131.046281750262,<0.1,<0.1,,,,,45,31,46
4,N,1399,Other Specialist Managers,,1,72.2410277549079,0.422110837302313,0.587743251247551,1.64208680665546,2.32593688318791,10.385829902776,16.7905532007252,23.346013594416,47.7472273917042,0.488074339577574,3.80663310600454,42.912512495004,11.0123792119881,15.3489805565566,7.75256751737885,45,44,45
4,N,1411,Cafe and Restaurant Managers,,2,63.6677186605992,-0.0951346665388186,-0.149200767491891,-0.384136334148302,-0.599727102641762,-2.78760230405448,-4.19470143788359,-3.52712510532618,-5.24910083519652,0.430151407080052,3.35487538271844,50.4158711136369,22.5293645538601,29.3700145322012,15.5739670175496,38,39,37
4,N,1412,Caravan Park and Camping Ground Managers,,2,3.17043414191054,0.0384858501743652,1.22881499276065,0.155263929553697,5.14942502805945,0.635224695133951,25.056103192642,-0.536589603535229,-14.4749437926976,<0.1,0.167061293839135,48.1795368184653,15.2439364185403,,,51,50,53
4,N,1413,Hotel and Motel Managers,Y,2,18.5227267783977,-0.026133484612874,-0.140889975137656,-0.162481286941425,-0.869571729537369,-0.80888601899585,-4.18426557304578,-3.01043971296615,-13.9804785059064,0.125143120474613,0.97602743426273,39.4366724893938,17.7641533914943,25.6176411289878,12.6502430967921,44,42,47
4,N,1414,Licensed Club Managers,,2,7.76405507055187,0.0931895859062086,1.21485099814018,0.373280893252678,5.0506331853463,1.123782599136,16.92374227072,0.823306807383069,11.8619315406087,0.052455455975238,0.409115290672167,37.0978723577086,17.2266885230343,21.9024285480698,14.4690710444488,56,41,57
4,N,1419,Other Accommodation and Hospitality Managers,,2,8.29054007177904,-0.121721999675717,-1.44695919648955,-0.379694301202077,-4.37928532111325,0.679651145397702,8.92998376368169,0.745816575022066,9.88527379886947,0.0560124903538635,0.436857631801166,60.6106717220249,46.0137207701523,51.5169719943704,37.5455450661295,54,51,55
4,N,1421,Retail Managers,,2,247.457542432775,-0.0884404911679155,-0.0357268940999493,0.289910612788219,0.117293114253473,16.3470879142371,7.07327928902752,15.3322556811018,6.6051639162881,1.6718709623862,13.0394057591619,48.1683168325519,17.5955441397578,24.6017891855099,11.084487377815,42,41,43
4,N,1491,"Amusement, Fitness and Sports Centre Managers",,2,20.3375223088878,0.197317257772031,0.97971821672739,0.860777038532976,4.41951171299215,5.23942338224865,34.7025371055437,7.36589874026744,56.7847093411365,0.137404229674463,1.07165537536056,47.6620824141035,22.8306683873066,25.7878098025177,20.1377160522629,38,37,42
4,N,1492,Call or Contact Centre and Customer Service Managers,,2,38.4905067004288,-0.178763008283255,-0.462287003684945,-0.698378876820811,-1.78208404381431,1.60198568026097,4.3427755734233,2.43685756579973,6.75897620432314,0.260049299153855,2.02819978655118,42.5206280770556,8.35002053664796,17.2939032539137,1.73374242515691,42,40,44
4,N,1493,Conference and Event Organisers,,2,31.2033602777995,0.0100696068759341,0.0322813228721659,0.0739549714700942,0.237572708962279,1.05637408328306,3.50407857179173,3.03690130716015,10.7819776363291,0.210815930136783,1.64421448508516,72.1451273991002,24.5010501468124,30.563889072086,8.79807807473553,38,37,41
4,N,1494,Transport Services Managers,,2,23.4136139223705,0.562753043482275,2.46272141108784,2.18950198950246,10.3161064944807,6.95956250864016,42.2969537024337,5.36483703826535,29.7241030387491,0.15818689887768,1.23374543051195,22.3773437543851,10.8772218334004,14.8657249125684,9.72740155173482,47,45,47
4,N,1499,"Other Hospitality, Retail and Service Managers",,2,91.1887301852303,-0.103683548728526,-0.113573017173888,-0.226323739691765,-0.247578194153494,11.9028364933724,15.0125525981108,24.9578378993699,37.6830766398992,0.616088677656585,4.80505399778218,39.3647584381503,15.1657796990299,22.4937930759971,10.4083899590405,46,44,47
4,N,2111,"Actors, Dancers and Other Entertainers",,1,8.42218789043036,0.108841810215443,1.30924190049633,0.475713513820951,5.98647263270894,1.67231501834858,24.7755039249029,1.96973291836746,30.5268758464148,0.0569019284493882,0.20796295131289,53.934894113693,59.3702478570038,59.7754449185588,58.8958267048178,33,27,35
4,N,2112,Music Professionals,,1,11.862628827452,0.0545354163515874,0.461847772141778,0.202992632855162,1.74098599190625,0.856436468018298,7.78140559468072,1.86789788103278,18.6888260529112,0.080146212070179,0.292915253539925,45.9690373127304,58.173918767024,48.0560455641779,66.7821105654203,45,43,51
4,N,2113,Photographers,,2,14.1688488675257,-0.0569480179362465,-0.400315134503603,-0.234320296935504,-1.62686624214393,-0.832182519473784,-5.54750202172756,0.94273545238808,7.12783432893516,0.0957274801938606,0.349861065263695,53.6309869250275,46.7786217891586,50.9076761047093,42.002905379353,35,32,37
4,N,2114,Visual Arts and Crafts Professionals,,1,15.3104724330393,0.341755533876235,2.28313178863944,1.3431580042749,9.61643708334363,4.24641052045749,38.3802129273028,6.9505199349533,83.1406630186553,0.103440509549902,0.378050344470147,58.7935451882222,40.4530511402295,39.5219923925012,41.7814897053861,56,56,59
4,N,2121,"Artistic Directors, and Media Producers and Presenters",,1,13.8090273980523,0.0480586065703523,0.349238540531394,0.188625322095357,1.38487337630305,0.74079291390913,5.66865336559424,0.184127432861141,1.35140392466402,0.0932964568330788,0.340976255792458,35.2197425596426,13.4303678285019,16.437961698207,11.7951986272604,40,36,42
4,N,2122,"Authors, and Book and Script Editors",,1,6.77796609980273,0.074429614745382,1.11030371672163,0.266429099518898,4.09164686474614,-0.27849666760989,-3.94668939367203,0.0110320626991882,0.163028967604807,<0.1,0.167363380199022,69.1815342438661,37.6622856497743,45.1731763682832,,53,53,45
4,N,2123,"Film, Television, Radio and Stage Directors",,1,17.3777587562307,0.219736605615978,1.28066395815969,0.836740171775762,5.05857706104099,1.93842039944818,12.5550742826789,4.03162666024485,30.2082028804246,0.117407495323313,0.42909633994932,27.5003618843902,21.9608005420266,29.1257861490673,19.2429980507113,35,34,36
4,N,2124,Journalists and Other Writers,,1,22.9873339853095,-0.0694480295211335,-0.301204346193943,-0.321953248401414,-1.38122305145303,-1.05940815187303,-4.40562029496256,-1.98929398665284,-7.96462192128548,0.15530686927093,0.567609495370188,64.8844117307808,17.6523599445269,18.4792882599754,16.124412973037,40,38,47
4,N,2211,Accountants,,1,215.528814775577,1.37853496913499,0.643723169720332,5.75086211851115,2.74140444487623,20.3750950195125,10.4405363346293,31.1370346146068,16.8863463368187,1.45615431010227,5.32189604373787,53.5436583868139,15.7295845380944,20.8411677041015,9.83818514346819,42,42,42
4,N,2212,"Auditors, Company Secretaries and Corporate Treasurers",,1,33.1221776685523,0.211781442582229,0.643509245917584,0.810576434300017,2.50862353872069,5.27914877970849,18.960396876303,13.5876347574513,69.5569628595188,0.223779831120293,0.817861808769273,49.764823534173,12.3241591357191,16.7194960376514,7.96997585845537,40,38,42
4,N,2221,Financial Brokers,,2,53.0473110058232,0.978116758520386,1.87849413200983,3.87109287392513,7.87187998788819,15.9950358904297,43.1688360312982,24.634421496324,86.7015707363663,0.358397881234107,1.30985861387854,39.6529249312463,14.8149993457063,20.9339885346604,10.7943269487713,42,42,42
4,N,2222,Financial Dealers,,1,19.3783063787315,-0.107150520610265,-0.549899964695641,-0.367971701212998,-1.86349903370768,1.23410323606245,6.80163921423613,2.48932958067249,14.7393747438777,0.130923581541775,0.478494405301198,33.6799538494831,14.6807932406954,20.4343245166626,11.7589215099832,41,41,39
4,N,2223,Financial Investment Advisers and Managers,,1,63.4308046314935,0.227728043922923,0.360311643385581,0.931705988646335,1.49075108102054,9.07584212287435,16.6973569734965,16.018956001963,33.7868200987749,0.428550770130579,1.56625065920284,40.1744817767184,20.0817594817851,24.8923565477407,16.8513111766431,44,41,46
4,N,2231,Human Resource Professionals,Y,1,84.7241082715869,-0.0544314763918123,-0.0642043099039224,-0.1691502234507,-0.199250478129058,5.76176259424582,7.29684832032441,22.8523827763743,36.9350985340509,0.572412443123697,2.09203069709856,72.5161142850124,15.7926507716907,18.4396484760828,8.8085587229561,38,38,39
4,N,2232,ICT Trainers,,1,3.67737013945169,0.0916691921977808,2.55652084616775,0.354119957148404,10.6558320235454,1.08163173591296,41.6695201041209,0.751031243168173,25.6645340743682,<0.1,0.0908026224562407,43.3548324951255,28.6588346618512,,,47,53,47
4,N,2233,Training and Development Professionals,,1,33.7016845160469,0.38506395895579,1.15577136131183,1.55621202420839,4.84115461237503,9.18833352128751,37.4829762085643,9.60300366983083,39.8486694400897,0.227695091335461,0.832171149273056,62.6398252214188,19.3665028436988,24.16265922366,11.3250416044007,44,45,42
4,N,2241,"Actuaries, Mathematicians and Statisticians",,1,12.5986256749207,0.136308624893895,1.09376630643177,0.512082162793876,4.23679575786152,1.46522814806306,13.1606559859954,4.68765490192185,59.2551159197987,0.0851187489570873,0.311088687634227,49.2016526502521,17.0547378414934,25.1061524845117,9.25639543573472,38,39,36
4,N,2242,"Archivists, Curators and Records Managers",,1,9.75397083041049,0.109525747895979,1.13563555973325,0.449982087881978,4.83644273799591,2.00155686983435,25.8184983414586,2.6547217954371,37.3944030186716,0.0658997112757451,0.240847697451257,81.5376555591577,31.3099953209514,35.5776395299214,,41,42,41
4,N,2243,Economists,,1,4.55120762262143,-0.0239891435671904,-0.524330313932587,-0.0970156180195403,-2.08715487611052,-0.445654296772106,-8.91868344495287,-0.656068809383808,-12.5990778087263,<0.1,0.112379654972256,35.7719811828288,10.3676358660832,,0.0857520165471031,35,35,35
4,N,2244,Intelligence and Policy Analysts,,1,44.4606243987711,0.670979992953946,1.53228006771576,2.70979076674561,6.49038721149517,12.9972842939351,41.3092959953649,21.5997340979139,94.4833460711892,0.300384567676122,1.09783381556807,63.6500657447038,20.1311782803676,27.3112780000572,7.55856079583997,39,40,37
4,N,2245,Land Economists and Valuers,,1,13.8411778068472,0.00560492891657738,0.0405109999132593,0.0573973776178107,0.416412448765479,1.5073397488714,12.2211735048415,2.6851281830729,24.0688081679981,0.0935136712059546,0.341770122420213,26.5936311604457,12.6636850493228,20.9932215390305,9.64606376996969,40,38,45
4,N,2246,Librarians,,1,11.9105338081252,-0.00129659352980482,-0.0108849226868162,-0.0430937361830122,-0.360507603430654,-0.639420405699575,-5.09500190044678,0.830769825745953,7.49808233340683,0.0804698673742519,0.294098136336295,79.7903512086248,36.6304909591481,42.2455435605792,14.4615248445641,50,50,50
4,N,2247,Management and Organisation Analysts,,1,105.8110226789,0.0140848397492874,0.0133130882962807,0.240852376903476,0.228144348175708,18.7851687203662,21.5857332802697,44.8175914198637,73.4793739173735,0.714879710588329,2.61271451599199,47.6779978558877,17.3126029989595,18.9377011489404,15.8317455533705,43,43,47
4,N,2249,Other Information and Organisation Professionals,,1,55.0444261453387,0.314509637736244,0.574657623847381,1.3037749507221,2.42604978119935,11.8658704347302,27.4809340874152,31.8967788669526,137.797066299416,0.371890776934406,1.3591719234281,50.3934929552193,19.2440176618136,28.6074262668927,9.73206258597393,39,38,40
4,N,2251,Advertising and Marketing Professionals,,1,103.115805763823,0.712428804129033,0.6957083108787,3.02008792644142,3.01719992792095,20.0290532292643,24.1061933681107,40.47012372368,64.6016172315712,0.696670304427776,2.546163487758,63.1832720572643,18.0172858241083,25.702911986333,4.827547458823,36,34,37
4,N,2252,ICT Sales Professionals,,1,16.2371109304523,-0.372919098517741,-2.24514403566593,-1.33525537199526,-7.59860879868686,-0.806157888941232,-4.73006614801444,1.74773268495143,12.062164817142,0.109701058253423,0.400931153973472,29.2183930776312,5.83524666695147,15.4717443318306,1.85733504687586,40,40,39
4,N,2253,Public Relations Professionals,,1,32.2553139711231,0.333277214855443,1.04403493235752,1.33268745495275,4.30974857279945,6.46939946292609,25.0888889780099,10.0113383809983,45.0069653261212,0.217923132513209,0.796456974865222,70.4037794172667,25.6036476200082,31.1657595214156,12.372441348039,39,38,40
4,N,2254,Technical Sales Representatives,,1,26.645277236428,-0.239211288164608,-0.889774369134043,-0.961288793676957,-3.48210202105062,-3.82465148887161,-12.5522167227649,-3.63094527947723,-11.9927288735237,0.180020640544492,0.657932423822308,34.1641491879031,8.35043458821916,15.4698176767137,4.65597840726447,42,43,42
4,N,2311,Air Transport Professionals,,1,16.6503603109565,0.12183785047516,0.737136974986519,0.484752890929531,2.99866796424233,1.7133643702679,11.4706087962484,2.30742459793947,16.0875335712851,0.112493050902735,0.411135219937797,17.4771846262216,26.0278891267606,33.3702764288322,24.4728735995183,44,41,47
4,N,2312,Marine Transport Professionals,,2,10.670113765965,0.0180589574159651,0.169534965230103,0.103087858317513,0.975561706940715,1.21917774037439,12.9000739934455,1.85728346044345,21.074767084529,0.0720893499357384,0.263469347690009,9.79890105581653,12.9530851131597,,13.2116815036466,49,41,50
4,N,2321,Architects and Landscape Architects,,1,35.8278544877179,0.257747916398621,0.724619466297713,0.968107528911624,2.77715019003333,3.6594750519631,11.3760006445822,10.5780550418644,41.8936200445802,0.242059906413586,0.884671115796475,36.6475905657557,21.8370847947352,33.897831704583,14.8602812581142,41,40,43
4,N,2322,Surveyors and Spatial Scientists,,1,18.5110379664218,0.0384712216048193,0.208261375564462,0.245272881572102,1.34280102931763,2.68881572098869,16.9939195599707,4.5511360867053,32.6014905113196,0.125064148602771,0.457079578067373,11.9482438472281,6.59171264145855,19.7764540721336,4.80260004878558,39,42,38
4,N,2323,"Fashion, Industrial and Jewellery Designers",,1,14.1072278575484,0.00624413829860515,0.0442815793771964,0.00835398814584565,0.0592528752525087,0.758922389306019,5.68553357661471,3.6305829973742,34.6540619237315,0.0953111567460433,0.348339502545731,51.2437840626123,22.777485825616,30.762666207421,14.3848972779443,40,35,43
4,N,2324,"Graphic and Web Designers, and Illustrators",,1,58.654141518783,0.359155248701875,0.616099722603768,1.43029243293237,2.49946911258374,2.31482328619317,4.10871724900311,3.99915108074086,7.31708312212471,0.396278711349378,1.44830399602339,53.3403415212229,22.3329149720428,27.6741343575646,16.2269451444715,38,36,40
4,N,2325,Interior Designers,,2,19.2829282289537,0.179881358621106,0.941637006086528,0.729081972455006,3.92954626429351,3.52740389025132,22.3883624208335,8.28579253641617,75.3450059003888,0.130279188336007,0.476139302117012,72.6429234183097,30.0376674886965,35.3124854787234,16.0311197501576,40,43,40
4,N,2326,Urban and Regional Planners,,1,18.8245784339451,0.0409057154555192,0.217772722451951,0.176538533687605,0.946686808006921,2.67917173243704,16.5940182366963,6.90615758281656,57.9452401377704,0.127182488573466,0.464821604466032,43.2156497438571,19.1407378619547,33.0353354178976,8.56627396518788,39,43,37
4,N,2331,Chemical and Materials Engineers,,1,6.69367173711953,0.0105874489117959,0.158421597801443,0.0475138672697826,0.714907292306867,0.719433382136077,12.0422611115935,0.936154839295415,16.2596976423848,<0.1,0.165281960896734,37.0962743917365,12.3364018923845,19.9263685132642,7.8603636026066,34,30,39
4,N,2332,Civil Engineering Professionals,,1,76.7720323018848,0.40004800230308,0.523815121437497,1.65125386109304,2.198131988734,14.1917026448329,22.677577319591,30.8738554395195,67.2659734004267,0.518686681630508,1.89567587704015,13.177165977452,7.39188790692768,15.0998664177346,6.22204228735514,35,30,36
4,N,2333,Electrical Engineers,,1,33.131854845126,0.508576218572195,1.55893656304133,2.09499131427532,6.75000974951252,9.33256284183364,39.2136154325204,13.3795418328529,67.7365826702906,0.223845211994735,0.818100760242077,12.8905651391602,8.11467686113486,16.2062379727507,6.91727734045948,35,34,35
4,N,2334,Electronics Engineers,,1,6.27851987773466,0.000942805634869259,0.0150186230139569,0.00338381803354526,0.0539242177596135,0.205228585602055,3.3791987858035,0.559467879704729,9.78252829135758,<0.1,0.155030918407073,10.9673352120415,12.8991749179417,,11.7469102472779,46,35,50
4,N,2335,"Industrial, Mechanical and Production Engineers",,1,42.4677155035666,0.324930432227411,0.771022683188523,1.29221909492087,3.13832062179958,5.46692320627299,14.7751517382315,12.386654034709,41.1775829371337,0.286920090174982,1.04862436774568,10.1088704766649,8.00649582097611,8.82341495744366,7.91462769558771,38,32,39
4,N,2336,Mining Engineers,,1,17.2780646954182,0.369782556967774,2.18699069450034,1.45318066870444,9.18288352857022,5.14752524235352,42.4344297487366,6.44584502007894,59.5062250699512,0.116733942988815,0.426634667117433,14.5380048799603,6.68003685295182,6.26304535338775,6.75097159211147,40,33,40
4,N,2339,Other Engineering Professionals,,1,20.6131877378372,0.525586543946165,2.61647241436675,2.03726478393166,10.9672331705237,6.60401756218763,47.140676281216,11.4487066595021,124.924767279698,0.139266678567567,0.508986431280894,18.8071767981738,6.4627882802977,7.3620921397773,6.25447717658712,35,29,36
4,N,2341,Agricultural and Forestry Scientists,,1,8.8563713414753,0.0161595139511217,0.182795551355554,0.0433525631011076,0.491915020168664,-0.275497202280151,-3.01687656759516,-0.279662720925034,-3.06109542734736,0.0598353557234745,0.218683927033833,30.5255185803763,18.7442537548834,28.4564754462994,14.4769228207037,38,37,40
4,N,2342,"Chemists, and Food and Wine Scientists",,1,9.05509351838563,-0.105053245513234,-1.14685111735612,-0.417904884665356,-4.41153758170972,-0.708233319449423,-7.25401629191458,-0.498462870717065,-5.21756349588974,0.0611779611413264,0.223590829009809,47.9888597636075,18.337617456732,24.3169268734682,12.8207178121786,42,37,44
4,N,2343,Environmental Scientists,,1,31.955420605684,0.242283533424629,0.7639847577128001,0.975200322461493,3.14781597272766,4.69453463662838,17.2207706013562,10.1736213388563,46.7069832672182,0.215896995000645,0.78905192641852,44.5162532143327,15.2099129833552,20.3729882883543,11.0674247655057,39,35,40
4,N,2344,"Geologists, Geophysicists and Hydrogeologists",,1,13.6062960312532,0.103185586940208,0.764161615694007,0.445593626390558,3.38578909151475,2.38364055751462,21.2395414177369,3.2461815686428,31.3334527370162,0.0919267645538126,0.335970357810635,18.6465622828311,14.7399339336321,39.4162901734576,9.08400560733975,44,40,45
4,N,2345,Life Scientists,,1,9.73256905846296,-0.0241146977468762,-0.247160801245894,-0.0976788841017413,-0.993656362204197,0.311665063611711,3.30822884706227,2.18281703416278,28.9124335095643,0.0657551167699122,0.240319239084448,65.0832970320922,23.8243283399105,32.448055452328,7.75005598673232,41,42,37
4,N,2346,Medical Laboratory Scientists,,1,33.3485563189857,0.405198335444815,1.22998492032069,1.65890994681318,5.23486418033971,7.07936085168009,26.949286895714,11.0389591253862,49.4807639492173,0.225309289016153,0.823451611902478,66.3993316981599,24.5514729267072,29.1094151021243,15.544380816281,39,39,38
4,N,2347,Veterinarians,,1,14.5150414430051,-0.00716256102092672,-0.0493214461037801,0.109897886601029,0.762907264136023,2.97023483137278,25.7278872768646,4.6368849683248,46.9407928514804,0.0980664241138866,0.358409346382086,62.5116985204765,27.2151856560994,31.775151285495,19.6114483512261,37,36,40
4,N,2349,Other Natural and Physical Science Professionals,,1,14.6162919836612,0.0600372953366364,0.412450157146478,0.244248958114111,1.69947277279886,1.70460292631662,13.2020134526628,5.58947968694864,61.9208586954249,0.0987504923269006,0.360909452237097,45.4890625780764,22.0730269784965,37.4398318496192,9.24951702739889,38,34,40
4,N,2411,Early Childhood (Pre-primary School) Teachers,,1,71.9062665499478,0.606651987289467,0.850848901513121,2.74073685985115,3.96257626035875,19.8828538946422,38.2190496159511,36.3741798593281,102.36995135141,0.485812628205174,1.77552906728781,94.714101189343,42.7524988941059,43.3349144395299,32.3166264957228,37,37,25
4,N,2412,Primary School Teachers,,1,165.874000084173,0.418338994109519,0.252840544320694,1.57569400144433,0.95904458117233,3.94471355429715,2.43607171922502,13.8287279684846,9.09513842558852,1.12067678935635,4.09580587044069,82.3449288593793,36.6763205974393,38.2875477964592,29.1614038974142,41,41,44
4,N,2413,Middle School Teachers,,1,1.01663235874051,-0.0535039811166913,-4.99973499861063,-0.217875167349599,-17.648751647521,-0.568799529484115,-35.8766298135368,-0.1579581814904,-13.4479357767812,<0.1,<0.1,,,,,40,34,69
4,N,2414,Secondary School Teachers,,1,161.402728611054,1.60671814334412,1.00548076177959,6.43019504192975,4.14924818859053,21.2645843144969,15.1740159121112,27.874126371218,20.8750229566188,1.09046801549009,3.98540002058695,58.32656743235,22.7256530674819,28.0097690987773,15.3299495933466,40,40,39
4,N,2415,Special Education Teachers,,1,34.0491211984107,0.692260386898369,2.0753163518896,2.68147580832902,8.54854030317778,8.35965698678173,32.5411885507427,11.9597358460976,54.1424564574641,0.230042440681944,0.840750150216604,84.5813290427147,36.1353345256004,37.6153918252173,28.0162680467895,42,44,36
4,N,2421,University Lecturers and Tutors,,1,65.1909446735964,0.353112614943541,0.544608916942368,1.34702073251017,2.1098651983753,4.80058624022232,7.94925939298503,13.1105950445242,25.1737846191526,0.440442616292126,1.60971251527181,48.2351806668181,34.4381192451009,38.4075951713118,30.7393062110788,47,45,48
4,N,2422,Vocational Education Teachers,,1,39.4049770827482,0.455874075437173,1.17043536368887,1.7908016606525,4.76097545820591,5.5823153882984,16.5046602148832,7.47228962872854,23.4001276575546,0.266227637721075,0.972998398653202,43.3594440173453,27.8192117309317,36.7163518827657,21.0082783963779,49,50,47
4,N,2491,Education Advisers and Reviewers,,1,25.3473243239982,-0.00694369400016726,-0.0273866869090367,-0.0441699413149195,-0.173955659534615,-0.546858651882278,-2.11189768911287,7.88996362473158,45.1956269945377,0.171251419919805,0.625883017914284,71.4629937435448,27.7920624846074,29.0071341140252,24.7492536103689,42,42,37
4,N,2492,Private Tutors and Teachers,Y,1,50.8417808728469,0.673026469181984,1.34152517275338,2.55618788419545,5.29389353216853,6.59973346253341,14.9173328289389,14.3253112042665,39.2297265707267,0.34349689357481,1.25539906469366,71.0245076478126,76.6800611874113,78.4056048876179,72.4504215235762,34,37,28
4,N,2493,Teachers of English to Speakers of Other Languages,,1,3.99569618742637,0.0635038904314782,1.61497418323132,0.269223075373174,7.22460802151979,0.316990065100122,8.61689013907074,-0.679662723520516,-14.5371240254765,<0.1,0.0986628157074269,78.8126541828682,83.0538495895794,78.7178721409544,,46,46,43
4,N,2511,Nutrition Professionals,,1,8.88430722824069,-0.197535707946376,-2.17506192668544,-0.639953943181311,-6.71919775889308,-0.227233698561768,-2.49391074887607,2.00743441830746,29.1910941759435,0.0600240959713263,0.219373727538744,97.3455821098065,47.4257528743983,48.6997793135309,,35,37,28
4,N,2512,Medical Imaging Professionals,,1,26.0401640640459,0.425052549405173,1.65938199863868,1.71913610015757,7.06851742743001,6.99858227131977,36.7542063863267,8.37331401107367,47.3956250603087,0.175932379051562,0.642990804988339,75.9263378453259,36.188760950911,42.0312387670692,17.762069518149,36,34,39
4,N,2513,Occupational and Environmental Health Professionals,,1,42.0178538796673,0.641118014635197,1.54946493780098,2.59241389562217,6.57548500833797,11.7142864527801,38.6564601050452,17.170105972454,69.1012563254051,0.283880738136264,1.03751626232158,49.97790354704,12.1492515163174,14.9777109525605,9.3232909325941,42,39,49
4,N,2514,Optometrists and Orthoptists,,1,9.70839943420192,0.0444095569978487,0.459536460221303,0.17628616950746,1.8493923080037,1.69416914501355,21.1395116421733,4.11916879638683,73.6983149079187,0.0655918221191347,0.239722436156415,76.4996880293406,40.9950093788723,49.0177631079696,14.878838743417,33,33,32
4,N,2515,Pharmacists,,1,46.3456246305045,0.706068445822929,1.54705370702074,2.8705895368207,6.60284581860579,13.1610831950435,39.6602834504729,18.552104668491,66.7497484803901,0.313119993400244,1.14437875335819,66.3475472538145,32.2424641803072,40.4316166919882,16.0971273950401,38,38,39
4,N,2519,Other Health Diagnostic and Promotion Professionals,,1,10.7337706892314,0.0411345876067664,0.384700154534545,0.159236372760923,1.50584761461224,2.11647857328102,24.5608312310022,3.58030459184396,50.0499274491782,0.0725194284070495,0.26504118173197,77.1999019399271,26.9643438043525,33.6763309991024,4.23791733213033,45,45,43
4,N,2521,Chiropractors and Osteopaths,,1,7.71539760184732,-0.152956720569282,-1.94394805192637,-0.519556013800582,-6.30915531586397,0.366753268879272,4.99076091128694,2.10312552319386,37.4736914696846,0.052126716716654,0.190510693504675,39.9323630024896,32.755367721961,43.2078780396897,25.8066436184516,41,41,41
4,N,2522,Complementary Health Therapists,,1,7.48329428973137,-0.166677391637759,-2.17879749860627,-0.651450105488882,-8.00824308470781,-0.831635206212937,-10.0017108577839,0.65580545809537,9.60536844903526,0.0505585819005341,0.184779535470078,72.2324001109281,59.5469541161127,61.1380327031124,,50,50,53
4,N,2523,Dental Practitioners,,1,25.7687982567629,0.581079016217391,2.30699338303727,2.33564686139191,9.96727594161019,9.20125314860252,55.5378185997538,13.258183152987,105.975469974978,0.174098979233069,0.636290166757257,54.0455844292745,40.3240227002968,52.17662291541,26.384541645192,42,37,45
4,N,2524,Occupational Therapists,,1,35.5787168543445,0.742361349233214,2.13099601973086,3.00574449424222,9.22772555422015,13.1886839890828,58.9042636446735,21.4553658626656,151.914130543853,0.240376684432233,0.878519341673945,91.8340930935746,36.6233390060907,38.6281187877865,14.0775108965252,33,33,36
4,N,2525,Physiotherapists,,1,46.6071986303422,0.46362416927817,1.00474264227054,1.97541566640754,4.42602902062819,14.3184468711548,44.3449997012681,23.6419827372411,102.946921323493,0.314887237875981,1.15083760961984,58.2733640711902,28.180042977023,35.1944786511915,18.3840276547252,33,33,33
4,N,2526,Podiatrists,,1,6.62119410437501,0.0687316256547854,1.048943444972,0.271058329602082,4.26854384246255,0.888778177115458,15.504425854534,2.51478491956172,61.2404854553251,<0.1,0.163492323500156,58.1672151891909,24.6286414361751,39.0362047906041,4.59536274133724,43,44,40
4,N,2527,Audiologists and Speech Pathologists \ Therapists,,1,21.1903815387974,0.23668001816387,1.1295379860728,1.0413365567191,5.16816830596845,8.21388876513004,63.298218620351,12.2835865812663,137.912533518918,0.143166311393496,0.523238657411301,95.7839488150018,29.9724759286463,31.2849371916431,,33,33,33
4,N,2531,General Practitioners and Resident Medical Officers,,1,97.2863235845303,1.79531553735097,1.88008858013517,7.04783585393255,7.81023267474683,28.1592551398784,40.7354973579194,37.2236811491605,61.9747644123633,0.657285196641238,2.40222033018382,50.6205291179095,22.8003466053132,29.1915577224237,16.2485046576505,40,39,41
4,N,2532,Anaesthetists,Y,1,7.39322153552229,0.0403696742372306,0.549034238671241,0.170190116431544,2.35621453870082,2.00274603132349,37.1534205055471,3.64695015208233,97.3487977460291,<0.1,0.182555434554509,31.5315068192658,9.86019486792039,21.2252075536036,4.62631343696848,49,40,54
4,N,2533,Specialist Physicians,,1,15.9110671875824,0.135476827044219,0.858775005866702,0.562218292867456,3.6629345739474,4.17829144547286,35.6121308146781,8.16803605183778,105.488870038649,0.10749824373901,0.39288039330339,49.2250774988188,26.8145629016909,39.4236892571587,14.590315348817,41,40,41
4,N,2534,Psychiatrists,,1,8.12771233903765,0.270526065758005,3.44303999356611,1.11134703100736,15.8393553102975,4.36929039511814,116.253322812435,4.53250323376021,126.070642931642,0.0549123947351759,0.200691681002393,51.9306084499025,33.8070509269783,36.4517246003807,30.9499414980178,46,44,48
4,N,2535,Surgeons,,1,7.39315603825958,-0.21620404391839,-2.84129074696788,-0.815321979438825,-9.93268152367466,-0.468146270177637,-5.9550727323537,0.598395752098172,8.8067235177803,<0.1,0.182553817278305,25.8124141743975,6.74750177684655,,6.31572458188587,43,34,45
4,N,2539,Other Medical Practitioners,,1,23.3760589190049,0.349708118703852,1.51873009204428,1.36175546285527,6.18577583237077,5.22540347672386,28.7890621544803,8.13153720138614,53.3407170917548,0.157933170019783,0.577207997031739,55.4850749003544,23.3453274419672,25.2338505049362,20.9914013450012,43,40,51
4,N,2541,Midwives,,1,19.3615423553916,-0.0509644452405773,-0.262534075397813,-0.187821442046264,-0.960754753926466,-0.877852627223977,-4.33734619032831,2.57344757300802,15.3290031201661,0.13081032056149,0.478080463482871,99.9944828633393,57.2948902326935,57.2980514444956,,38,38,
4,N,2542,Nurse Educators and Researchers,,1,8.99243439722725,0.0451999262879799,0.505183209792811,0.197054279214065,2.24042936825996,1.15409863035391,14.7237712784824,2.47374146507089,37.9484275577402,0.0607546240138198,0.222043632968556,82.300931428701,33.1307110255675,39.9199518064022,,41,41,56
4,N,2543,Nurse Managers,,1,24.2045998711392,0.355873781366117,1.49221295941138,1.35738695244877,5.94114895886642,4.34576498797534,21.8832827481719,8.37303075669437,52.8881925484869,0.163530952756179,0.597666555298436,80.8541023847767,25.6954639770467,28.5527688616347,13.6289197026667,45,46,38
4,N,2544,Registered Nurses,,1,366.200937862216,3.07566415818184,0.846998097050292,12.6370932041551,3.57420403558985,65.7003188870581,21.8636218158637,104.320049404726,39.8349226700672,2.47412428165028,9.04233303770233,86.2614463934203,43.9149427392215,46.3769354436218,28.4566159331056,38,38,38
4,N,2611,ICT Business and Systems Analysts,,1,50.9942505076344,0.212495246343039,0.418448013956332,0.824831632680791,1.64409245946554,9.02685463270512,21.5092083854973,22.9263703642176,81.6818735404033,0.344527007882665,1.25916388633484,37.9434233579614,9.87123864591611,14.4078936366512,7.09737920575705,44,43,44
4,N,2612,Multimedia Specialists and Web Developers,,1,12.4071213164878,-0.14918986573975,-1.18816636171709,-0.612387047726841,-4.70361115485776,-1.19440987843167,-8.78143689350074,1.48432518063318,13.5892418220715,0.0838249085152617,0.306360009992848,28.101219597415,11.3058865109293,8.48934646145529,12.4067147817074,37,35,37
4,N,2613,Software and Applications Programmers,,1,203.196028081725,3.47229436703446,1.73854869546687,13.7010635697009,7.23030482893468,60.0066224006672,41.9071663264858,105.131858679957,107.20720862809,1.37283162065806,5.01737152444044,20.5140405020733,6.11299589217775,11.7100375036553,4.66848998249005,38,38,39
4,N,2621,"Database and Systems Administrators, and ICT Security Specialists",,1,72.5813214777886,0.832963646574385,1.16095151408748,3.3192244634342,4.79226677578979,17.9871500956158,32.9470154784497,32.6172851888105,81.6165938619322,0.490373429709858,1.79219770694754,23.7483360838706,7.86352005960698,15.5967033160474,5.45504494714981,41,40,42
4,N,2631,Computer Network Professionals,,1,48.6055678908067,0.65737436433259,1.37100965851743,2.56859583606527,5.57941958695941,8.25494451091616,20.4580346459534,20.1077693078614,70.5590266888022,0.328388606659693,1.20018188626456,18.5157089064411,6.66729302699388,17.600449572527,4.18294737784893,42,43,41
4,N,2632,ICT Support and Test Engineers,,1,14.8090626702718,0.0553596982024338,0.375225787771632,0.249821365572204,1.71589549444149,1.75357761908882,13.4317308948236,7.05138983560315,90.8956846451539,0.100052888326533,0.365669398397843,29.0982952592833,4.40866441385698,9.5705974610358,2.29018993475951,38,42,36
4,N,2633,Telecommunications Engineering Professionals,,1,13.7158047021917,-0.0765144599257628,-0.55476137860789,-0.279362751515142,-1.99613725551494,-0.844084239746271,-5.79732608615573,2.76203310596838,25.2153615008797,0.0926666262903821,0.338674375661933,19.9761630912743,8.49399936003226,30.7727376455784,2.93261007089457,42,33,43
4,N,2711,Barristers,,1,8.89452568179588,0.00386722363525749,0.0434976065435042,-0.0121770873602927,-0.136718241035973,-0.958191939476855,-9.72515377288443,0.469264024747968,5.56972642333806,0.060093133817623,0.219626044369814,40.3291359680174,11.0858909861537,20.6656219071603,4.61133632505113,40,34,40
4,N,2712,Judicial and Other Legal Professionals,,1,14.543725773931,0.204204734010711,1.42406941934963,0.810358463309065,5.90065382349673,3.2888781562262,29.2218808102965,3.49038340073274,31.5776285840569,0.0982602209950767,0.359117627673526,69.4967217968949,26.3312708985792,29.0708436020711,20.0896033243438,44,44,56
4,N,2713,Solicitors,,1,106.148696203949,1.36563134443466,1.30329394951903,5.38810502545265,5.34743292236907,22.7584114548595,27.2914423105,38.0092755665154,55.7816242212574,0.717161098157873,2.62105244240291,56.9130070368117,11.3948594170094,16.7536681324597,4.31648386039617,37,36,39
4,N,2721,Counsellors,,1,40.1236590560616,0.705050332548545,1.78862307772924,2.8236254292713,7.57003454078193,10.090104798918,33.596106250122,18.3284057391704,84.0935660287367,0.271083191973173,0.990744289171205,79.1365886468455,51.3528993298496,53.6400893937717,42.6774044283735,44,44,41
4,N,2722,Ministers of Religion,,1,18.7909914010013,-0.107062397462016,-0.566526048680853,-0.442535697661544,-2.3008556641299,-0.962180408929857,-4.87101726339518,1.13987442471259,6.45780335739554,0.126955568090302,0.463992264324526,34.3765376949774,32.8113280653228,44.372882404466,26.754862975067,49,49,49
4,N,2723,Psychologists,,1,54.2087363628543,1.0904142573851,2.05280252493673,4.37646966693909,8.78240135782912,20.196596312979,59.380551424764,27.9646039478265,106.55564263124,0.3662446953191,1.33853684430039,82.4223212088941,50.4130951844164,53.8709443411776,34.199125271517,44,43,50
4,N,2724,Social Professionals,,1,16.0062776796604,0.0480479089378409,0.301085456395614,0.228522232822028,1.44838239882733,1.34084720532747,9.1429106542367,3.67034362386909,29.7532688426295,0.108141504216969,0.395231356638107,76.4900032619784,40.3862069259266,42.2860562118879,34.2050288249018,45,45,47
4,N,2725,Social Workers,,1,47.4078791952697,0.412711099519079,0.878199006923856,1.70304429474772,3.7261797323072,9.96746295049947,26.622201220564,17.328688310794,57.6102208910731,0.320296790454129,1.17060823163724,84.3826261419895,32.1299822709918,35.2097331811186,15.4897025277421,38,38,41
4,N,2726,"Welfare, Recreation and Community Arts Workers",,1,42.5576843333222,0.339354144269059,0.803807594354005,1.34783415723997,3.27066017343162,6.5767911742781,18.2785656409559,16.0596507074496,60.6069527052337,0.287527936969667,1.05084590253042,68.1668942791284,43.7780779095708,44.1026385316062,43.083069046243,39,41,37
4,N,3111,Agricultural Technicians,,2,2.81064622272923,0.043172180544317,1.5599850219456,0.182398541896914,6.93992971922461,0.695525139868681,32.8834668381269,0.577814642205756,25.878111329395,<0.1,0.141468754547879,31.9078246292607,19.4706579272157,,3.50705323612114,33,33,31
4,N,3112,Medical Technicians,,2,39.1687661295706,0.267656722518126,0.688043931388758,1.11409540470427,2.92761803868736,6.66884748859174,20.5195821019166,11.2710061727425,40.4011153231816,0.264631750888398,1.97148844871229,70.0406197322718,41.2710772121188,45.2907945352518,31.8735699876504,42,41,42
4,N,3113,Primary Products Inspectors,,2,4.356205989501,-0.0127005835023573,-0.290703939077974,-0.0480366303815627,-1.09068992168382,-0.0352261545937029,-0.802156413621754,1.09591256840108,33.6139244801884,<0.1,0.219261688256981,48.3754972915936,13.7979436989918,,0.957196660255396,46,46,49
4,N,3114,Science Technicians,,2,23.4684265639626,0.262967832680292,1.13321540300255,1.05456939143309,4.70498845118711,5.28051727858882,29.0331186269731,8.71564990026194,59.07803052226,0.158557223673395,1.18124047429145,48.681822036663,25.8903704072633,28.7465608865852,23.1809102873717,44,49,39
4,N,3121,"Architectural, Building and Surveying Technicians",,2,79.2337853559079,-0.0883366645322923,-0.111364474729419,-0.299675851903984,-0.376792166910686,3.07865109474925,4.04260477591916,17.3531192785505,28.0428773291762,0.53531876084347,3.98808816341526,14.9383681277272,9.68662845944829,25.3581351566982,6.93442713193091,42,35,44
4,N,3122,Civil Engineering Draftspersons and Technicians,,2,13.6030489621951,-0.106797008346771,-0.778980366199909,-0.368065922340231,-2.63447781642425,0.798591684331509,6.23682571624584,2.56501450915822,23.2379643320691,0.091904826727963,0.684684674710465,22.2602207849218,8.20782330863536,20.4194874791989,4.71110203194297,39,37,39
4,N,3123,Electrical Engineering Draftspersons and Technicians,,2,10.4514990824106,-0.00694281856609535,-0.066384827030946,-0.0164875541799834,-0.157504539816201,0.171464129667642,1.66793333345517,1.53624863481648,17.2316935328615,0.070612346900015,0.526057155962943,14.9061555457574,11.0802376477046,,9.75531435136942,41,41,41
4,N,3124,Electronic Engineering Draftspersons and Technicians,,2,7.91622199190336,0.195102981145823,2.52687441903166,0.797770234389174,11.2070750995405,2.27248453501992,40.2655962007635,2.09908054979318,36.084399368356,0.0534835250926397,0.398448604759528,10.9076819640009,12.5211211411524,,12.3229691790797,42,33,42
4,N,3125,Mechanical Engineering Draftspersons and Technicians,,2,5.43538238456724,-0.0943674497526912,-1.70654102952375,-0.335989441888557,-5.82165647945937,0.11072207807372,2.07942050197442,0.542609236386812,11.0900141893683,<0.1,0.273580065046232,7.09446476735411,6.10067513906132,,4.1513649652414,44,45,44
4,N,3126,Safety Inspectors,,2,6.6010239462966,-0.0511586294174808,-0.769050290415235,-0.176811860131856,-2.60867724125389,0.447788557421841,7.27728632373559,1.83190143049947,38.4117083264589,<0.1,0.332250508396079,16.9106325186271,7.60879405097362,,9.10334995117795,49,40,49
4,N,3129,Other Building and Engineering Technicians,,2,42.3083227060689,0.593576381774497,1.42294136744828,2.35709665798289,5.89993572449026,10.3948288850528,32.5718924519867,17.1554215236928,68.2045438786721,0.285843201642388,2.12951230639955,16.5743733160164,8.51061528411947,15.8691880899933,7.04866962580301,43,39,44
4,N,3131,ICT Support Technicians,,2,77.8634502957706,0.604772593444324,0.78278921077899,2.31254813799032,3.06091399565395,9.49872080155784,13.894183260627,23.5143149559102,43.2652972468993,0.526060512445542,3.91911484592578,23.7190601449672,11.1009002372375,23.0480773250354,7.3860035350392,36,35,37
4,N,3132,Telecommunications Technical Specialists,,2,4.03099164667597,0.0276998594032136,0.691927065903037,0.0989035744525264,2.51529397703954,0.359877017858943,9.8029360084272,-0.632705228495073,-13.5666027494951,<0.1,0.2028926170916,9.97251145835975,8.19474183870182,,3.68341920826293,43,48,43
4,N,3211,Automotive Electricians,,3,10.3797839915708,-0.0519826895366702,-0.498311466559294,-0.155453676639404,-1.47555927578627,2.30974096590708,28.6211728805142,1.80330903507306,21.0262263251505,0.0701278258918401,0.52244750758338,5.76390826683271,14.2514165567973,,11.4580517653178,35,32,35
4,N,3212,Motor Mechanics,,3,112.648879017026,0.46078155081149,0.410722314771631,1.84123256184164,1.66164756742335,8.42875533775702,8.08745474501259,14.7439023664763,15.0594003194562,0.761077588997254,5.66997599586856,2.68486354865698,8.50665803541794,9.78507960398149,8.47138718811041,33,26,33
4,N,3221,"Metal Casting, Forging and Finishing Trades Workers",,3,2.87600885345256,-0.00226230962748586,-0.0785996002219942,-0.0385758097733127,-1.32354397729578,-0.475877047871794,-14.197292565471,0.300407449355487,11.663584624454,<0.1,0.144758663426352,,,,,39,,39
4,N,3222,Sheetmetal Trades Workers,,3,4.09725838155663,-0.14018790779772,-3.3083111436695,-0.542081407660808,-11.6844515014979,-1.4768837566567,-26.4952654603472,-3.67765558970807,-47.3015599053612,<0.1,0.206228032404886,6.01281218561473,0.288952032048576,,0.285282394170002,28,23,29
4,N,3223,Structural Steel and Welding Trades Workers,,3,79.1124516876445,0.284079303980761,0.360376975181125,1.13419244321014,1.45449828477813,3.26745383055834,4.30806766810801,4.08340824918196,5.44243677120993,0.534499007140531,3.98198105438278,1.4707450254937,4.47722487849898,,4.54309240749299,39,51,39
4,N,3231,Aircraft Maintenance Engineers,,3,9.86934304962319,-0.0967203636710021,-0.970497172855456,-0.399052068732635,-3.88621653270128,-1.39181163963469,-12.3594043243394,-0.137689021397302,-1.37592265538988,0.0666791882772197,0.496755393170827,6.14458997830767,1.54011161753017,,1.54019703534341,46,45,46
4,N,3232,Metal Fitters and Machinists,,3,119.91084096503,0.202115585439671,0.168839476653663,0.90572546938013,0.761081122948229,6.86127631627359,6.06926381148966,7.77048082229562,6.92924546738142,0.81014080683843,6.03549361386341,3.84290346069081,6.085229263009,11.0233550477301,5.88787783569563,40,37,40
4,N,3233,Precision Metal Trades Workers,,3,7.76395847323917,0.00800761552333284,0.103244794484053,0.0253409073803006,0.327460391531677,0.267260500932504,3.56504292849709,0.261707851757027,3.48839121699888,0.052454803345132,0.39078469808415,5.36770115804083,15.7287998363601,,14.5230189962385,39,24,40
4,N,3234,Toolmakers and Engineering Patternmakers,,3,1.7860272056552,-0.064898829948312,-3.5062897544229,-0.25738362956361,-12.595784710912,-1.32514875839621,-42.5931793542975,-2.94995313739425,-62.2881203830083,<0.1,0.0898964239360306,7.28059291381439,16.9982378621637,,,49,53,49
4,N,3241,Panelbeaters,,3,11.4496718728155,0.0428158903896918,0.375352248293981,0.186024781982955,1.65155016383956,-0.301079888683764,-2.56221810140043,-4.30629699126497,-27.331210339481,0.0773561951065224,0.576298363959958,,7.77279578316238,,7.77419421980182,41,,41
4,N,3242,Vehicle Body Builders and Trimmers,,3,6.72935363525812,0.0381953628037257,0.570833348255491,0.175169202951124,2.67263158002812,0.991660547854332,17.2832623277005,1.02969225719817,18.0658496864712,<0.1,0.338709749378487,0.0601367505544077,0.81098235441629,,0.790897792181181,44,42,44
4,N,3243,Vehicle Painters,,3,9.22574637877724,-0.0486774261526008,-0.52485660755255,-0.207856030235602,-2.20335796680404,-0.827060714383268,-8.22716189337767,-1.55853307242686,-14.4518980565999,0.062330924834136,0.464361127852253,3.45993416392786,7.41113720956161,,7.6767476232572,36,42,36
4,N,3311,Bricklayers and Stonemasons,,3,25.7555498891793,-0.184394713545828,-0.710852379871528,-0.801337259463025,-3.01743670098772,-2.35212673551129,-8.36827165374853,-2.01304973673946,-7.2493743431718,0.174009470702255,1.2963586580384,0.51415047149203,16.111503348665,,16.1947688324556,39,53,39
4,N,3312,Carpenters and Joiners,,3,149.648473668652,0.717879321240247,0.482022733062921,2.88659102100345,1.96685336064657,14.6392822058159,10.8431744884908,24.609811395881,19.6817615836251,1.01105399832379,7.53228315207096,2.64336068577837,10.8265607699644,20.3284766085143,10.568571266379,30,25,30
4,N,3321,Floor Finishers,,3,11.5196141773102,0.138161017420009,1.21391368465063,0.588923976536744,5.3878022862186,1.67629133535672,17.0297303285854,1.44417032340801,14.3335652934901,0.0778287388276691,0.579818782370163,7.25685031714651,29.3277013707952,,25.3898596911743,42,43,40
4,N,3322,Painting Trades Workers,,3,49.9542265348763,-0.587551661624651,-1.16250690535722,-2.25427826815377,-4.31783725019249,-1.73262816587928,-3.35216405778692,2.49390724831572,5.2547207557913,0.337500405003054,2.51435493913898,7.6863490188031,14.3813685263378,32.1266742384561,12.9038339288113,39,38,39
4,N,3331,Glaziers,,3,8.53415034195516,0.00805000447042836,0.0944160184819404,0.024060782932068,0.282732429138267,-0.88080862494297,-9.35541650303297,-1.72475696054783,-16.8122872123723,0.0576583684016388,0.429550901937565,10.2787010529543,15.4557848946918,,9.01634451870758,38,26,39
4,N,3332,Plasterers,,3,31.5981921136836,0.183457465187281,0.583985404428882,0.715339294173528,2.31629926922301,1.65010172390187,5.50987292486899,-2.33597867541735,-6.88385371175072,0.213483490296602,1.59043740479965,1.7381966290094,17.5945337579383,,17.3028012213648,34,30,35
4,N,3333,Roof Tilers,,3,9.38298038605403,-0.0350804118660886,-0.372480201803706,-0.121769091291506,-1.28113940911059,-0.224352186014766,-2.33521827553905,0.587983248805877,6.68542854113821,0.0633932281629468,0.472275215012045,2.22075233320586,13.1283892912858,,13.426559932617,30,32,30
4,N,3334,Wall and Floor Tilers,,3,21.7618195763526,0.128559563545746,0.594268101384808,0.52920301233074,2.4924060147512,1.60990959446292,7.98886852863937,-0.41854845289485,-1.88702212850095,0.14702705716992,1.09534152226843,6.55129791465131,16.5195094104743,,14.793600597879,39,50,38
4,N,3341,Plumbers,,3,107.578442476816,1.09561982522378,1.02891696326327,4.47136653765078,4.3366243266262,18.6093611211827,20.9166609766331,24.1349764189414,28.9237462909342,0.726820740186503,5.41476481469718,3.16825509226055,6.82275551799229,20.0434904657155,6.39018393868779,34,48,33
4,N,3411,Electricians,,3,197.337790848164,1.78951539658848,0.915127168703478,7.22988422278848,3.80304236216519,36.5246562623811,22.7124832535974,50.5272792048169,34.4166631116747,1.33325223816977,9.93263800714528,2.49547687950002,6.29553024081331,7.70868788422823,6.2593626626983,33,30,33
4,N,3421,Airconditioning and Refrigeration Mechanics,,3,29.7117096506775,-0.158246734631589,-0.529785623354374,-0.38914929350943,-1.29281790340598,1.12160506390614,3.92305337849342,4.75241035220848,19.0406401052292,0.200738050331653,1.49548474858854,1.02145825944314,8.52767272623985,,8.61231507753754,31,18,31
4,N,3422,Electrical Distribution Trades Workers,,3,12.0034894806145,0.141333707818776,1.19146730599261,0.587715154183698,5.14827235873933,2.67397361634545,28.6614402638668,2.2301159002433,22.8182815473487,0.0810978938554657,0.604173763783821,2.66547092084146,1.02480786111565,,1.05287185485751,38,38,38
4,N,3423,Electronics Trades Workers,,3,31.5753146614267,0.336276060866162,1.07646097937254,1.37762087719019,4.56200691030689,4.65384236358585,17.2867305030679,1.2993419191785,4.29166035469885,0.213328925809516,1.58928590993992,6.37559023545682,15.6952596878694,31.1888704799087,14.6401831998457,38,33,39
4,N,3424,Telecommunications Trades Workers,,3,15.833007116711,-0.340773498016802,-2.10695016913048,-1.39292708296696,-8.08622085061137,-6.5676550316328,-29.3190218581033,-7.04610842217146,-30.7971189279444,0.106970854819971,0.79692555378735,4.49295941495389,11.2240641872626,,10.7135674975326,38,34,39
4,N,3511,Bakers and Pastrycooks,,3,34.2376370014543,0.251101344117195,0.738825947571938,1.01901502439049,3.06760173583986,2.65189710516051,8.39586824265492,4.73292416990611,16.0412480437545,0.231316089866208,1.72328905220767,37.4934302562567,25.8919327928693,37.3721851415713,19.005711992001,37,38,37
4,N,3512,Butchers and Smallgoods Makers,,3,14.2763370787294,0.0224138601546375,0.157246954476571,0.0680796038080462,0.479155194985818,-1.1685173486266,-7.56573882986504,-4.09413031139792,-22.2864787512059,0.0964536913141338,0.718573404828017,9.70958112694108,25.8938230474094,,24.7735095700133,40,37,40
4,N,3513,Chefs,Y,2,133.380325311724,1.53732854636615,1.16602973543005,6.05089106172107,4.75215420327757,,0,44.3318089932863,49.7838827934601,0.901143245221051,6.71345555710601,30.0852880252462,21.518261500693,28.713374700405,18.4221026878824,34,32,34
4,N,3514,Cooks,,3,30.676791955244,-0.90042174941734,-2.85149208489038,-3.48916031308632,-10.2123900592127,-9.43323941105496,-23.5184044732034,-6.72483025135506,-17.9800496732694,0.207258332823167,1.54406040729618,52.4935153600334,55.0790470492363,57.495710210471,52.4086927386299,36,46,28
4,N,3611,Animal Attendants and Trainers,,4,27.1845479306085,0.303304970967751,1.12831453301148,1.27708912513688,4.92942644327261,6.8100875679615,33.4246279250989,10.5849859318487,63.7666580156731,0.183664057534747,1.36828466976393,73.5151193604605,48.3472012385825,52.104945212835,37.9166842333596,36,32,54
4,N,3612,Shearers,,3,2.67574343671311,0.0323826420227333,1.22505569757179,0.129318531133905,5.0784349010477,0.0430621306173684,1.63567578489891,-1.75147252745798,-39.5614883401313,<0.1,0.134678668706265,6.7960405546127,20.3905740238426,,14.8642329422885,31,66,28
4,N,3613,Veterinary Nurses,,3,17.5323645618784,0.235704378531416,1.36271613151277,0.968823872801892,5.84913510334673,3.80805866398087,27.7468215318943,7.60708760712849,76.6435802427459,0.118452042014182,0.882459613305537,96.3403452734115,42.0653579571733,39.8801453390145,,28,28,18
4,N,3621,Florists,,3,5.58389691527153,-0.0695848919229825,-1.23083250810907,-0.309873371633077,-5.25764250299313,-1.46353187649499,-20.7668912980693,-0.839232840881927,-13.0657930439274,<0.1,0.281055273246073,84.2612506486676,67.3754861548998,61.3592645545804,,46,47,25
4,N,3622,Gardeners,,3,86.9554551838511,0.209395958540128,0.241389592115361,0.91595136895144,1.06457072430585,8.28884756204405,10.5366785382345,17.3252905657143,24.8818750619491,0.587487853931344,4.37674433961959,11.401778105095,32.4974672882939,49.1396242450665,30.3557744133037,41,41,41
4,N,3623,Greenkeepers,,3,13.6296440323853,-0.00535389699969535,-0.0392658438778129,-0.0531471986950489,-0.388423661499164,-1.61438749079012,-10.5902922618322,-1.31518117884213,-8.80024463487258,0.092084508160004,0.68602328909263,5.23546562728009,31.4856191308803,,29.579606041706,39,34,41
4,N,3624,Nurserypersons,,3,4.37263720340694,0.0894043772947937,2.08731070488982,0.316017070199131,7.79015682568331,1.02193687776751,30.4992025084337,0.442600573721907,11.2619961447377,<0.1,0.220088723459129,44.9791392001432,62.7655929748749,,,59,61,51
4,N,3911,Hairdressers,,3,65.3771835486574,0.114257741388954,0.175072968267428,0.54549545491291,0.841402516195693,1.228250788119,1.91468623913657,2.81138063007274,4.49347806457646,0.441700882111066,3.29064136840948,76.13461405677,48.6284487499429,52.4813154844353,36.337152760042,36,37,35
4,N,3921,Print Finishers and Screen Printers,,3,3.78528383582904,0.0817053846444953,2.20611999236476,0.272466563803806,7.75635459246993,0.137164552186915,3.75987026526105,-0.197723921708997,-4.96418620663731,<0.1,0.190525362293716,22.542947749113,21.4467238839869,,20.2427295735709,50,50,52
4,N,3922,Graphic Pre-press Trades Workers,,3,1.30884451427526,-0.0859659659494774,-6.16327215548495,-0.336445979356765,-20.4490319891201,-1.05381057250568,-44.6028105584158,-1.32048212738032,-50.2213040578658,<0.1,0.0658783029447044,,,,,45,45,37
4,N,3923,Printers,,3,8.82167398886686,-0.223965144129988,-2.4759460424748,-0.887187047534445,-9.1379106592228,-3.0552015834532,-25.7239504181855,-4.43410257523909,-33.4503418475366,0.0596009337061562,0.444022880624433,4.31664673307784,18.5136327611105,,17.6635136288897,49,44,49
4,N,3931,Canvas and Leather Goods Makers,,3,1.14163590629961,-0.0531122306950649,-4.44547507968213,-0.208919737015479,-15.4691691563823,-0.727028764726321,-38.9063257843457,-1.22897684346782,-51.8421595255652,<0.1,0.0574621624398242,,,,,53,43,55
4,N,3932,Clothing Trades Workers,,3,8.40045818327181,0.0740344886269533,0.889151109071817,0.244552301793361,2.99846890519818,0.325956451433544,4.03686149633578,1.02754978955339,13.9368310940746,0.0567551183499167,0.422821750816089,75.7233530587964,52.3937417869612,64.1968479353513,,54,56,44
4,N,3933,Upholsterers,,3,1.85890482366362,-0.0632631082520856,-3.29123731603592,-0.270385676416011,-12.6983930283772,-1.44642378877318,-43.7603626862028,-1.35202585700036,-42.1069774300073,<0.1,0.0935645860016412,,,,,37,64,37
4,N,3941,Cabinetmakers,,3,30.4849895985759,-0.0339566769717123,-0.111264250951282,0.0380847839615441,0.125085896886516,3.4639436714717,12.8194285329166,2.90806558107434,10.5452862662593,0.205962479047694,1.53440638527884,5.30480941265471,7.40618734085824,,6.84035638835303,37,34,37
4,N,3942,Wood Machinists and Other Wood Trades Workers,,3,4.58265486684556,0.209397338072826,4.78813188327349,0.744852305130552,19.4083018381669,0.924891972270499,25.2857278869069,-0.707590738419174,-13.3753854020501,<0.1,0.230659579741023,23.7923497880847,44.8748334032233,,32.2291232557231,53,53,53
4,N,3991,Boat Builders and Shipwrights,,3,3.125490744559,-0.126391769454382,-3.88672619351161,-0.536243839549117,-14.6445305423394,-2.19243493544221,-41.2272579078561,-1.76318241217375,-36.0666863102818,<0.1,0.157315879674936,7.68709057221584,17.6818648316048,,19.1197780112374,45,26,45
4,N,3992,"Chemical, Gas, Petroleum and Power Generation Plant Operators",,3,7.11571883848724,-0.265911952490438,-3.60234696126299,-1.03870778007424,-12.7379621972425,-3.17541597724115,-30.855838875884,-3.18926411394529,-30.9487568166472,<0.1,0.358156737640278,4.15459908939198,3.40551460309439,,3.50566799414073,48,45,48
4,N,3993,"Gallery, Library and Museum Technicians",,2,7.71536090349339,0.0686465570167396,0.897726185474284,0.230990888010095,3.08631037124344,0.138249732290321,1.82457046183698,-0.0981478362589687,-1.25613011424211,0.0521264687754852,0.388338627991659,77.1870393116924,45.5205548681931,48.4495230865635,,51,55,45
4,N,3994,Jewellers,,3,4.13442059360604,-0.0277626778843869,-0.667021994791821,-0.103306965782592,-2.43779158369245,-0.503965878962895,-10.8651118647252,-0.283000677677968,-6.40646794358621,<0.1,0.208098524611397,39.2783245221016,39.6425807382791,,32.0190324041999,55,47,57
4,N,3995,Performing Arts Technicians,,3,15.5022691593124,-0.155283735148711,-0.991749708242354,-0.480541555888349,-3.00661482170542,0.312499463618506,2.05730218350246,3.31183488025986,27.1674889052209,0.104736325285339,0.780278461550513,20.8270046817384,30.5218506762685,54.1061739692503,24.3178311253877,34,34,34
4,N,3996,Signwriters,,3,6.34117869406388,0.0313289729421893,0.496509018864874,0.150244457307411,2.42684628138009,0.617148563375295,10.7817140945248,0.00254261403788991,0.0401129518367851,<0.1,0.319171671254901,7.67856066377172,23.91553013106,,19.8524044702182,43,24,43
4,N,3999,Other Miscellaneous Technicians and Trades Workers,,3,23.8878061630242,0.089604397994492,0.376517515395475,0.346054268316554,1.46995971185283,3.37708038397473,16.4649482439291,6.74518408275719,39.3474466809929,0.161390633263562,1.20234918199086,47.0486185299986,36.0047061421429,55.5048108949881,18.6783783988073,40,38,44
4,N,4111,Ambulance Officers and Paramedics,,2,27.0701065458687,0.190846632259703,0.710014460491439,0.808079764760254,3.07698934090473,6.59803215351173,32.22942642283,10.3002568631356,61.4212831838387,0.182890869430797,1.53968499138731,48.4643833829509,9.96954169856104,13.0706859110362,7.05320825957205,36,32,39
4,N,4112,"Dental Hygienists, Technicians and Therapists",,1,7.9803843381376,-0.0594384907628553,-0.739301002370276,-0.183708537971984,-2.25020147075453,0.4495363863557,5.96926653192266,0.676629400927517,9.26413066627313,0.0539170182991632,0.453905786078556,67.9559383810837,50.1230851003972,53.7428176891567,42.4467072528235,44,40,58
4,N,4113,Diversional Therapists,,3,5.29351835212134,-0.0538066128319787,-1.00623420466552,-0.170090474231733,-3.11315249018784,0.095663697193249,1.84044579050609,0.0327408499146937,0.622357624913058,<0.1,0.30108306905199,74.1938598304415,48.3154715166419,37.2721667881785,,48,54,32
4,N,4114,Enrolled and Mothercraft Nurses,,2,21.758180791658,-0.0465983643354591,-0.213707114399508,-0.234144137063144,-1.06466295774559,-2.88393398708631,-11.7032730874784,-0.825095919017176,-3.65357042553152,0.147002472837555,1.23755495191873,86.5331922580146,50.0507069215828,51.1041885137153,43.281387257407,38,39,30
4,N,4115,Indigenous Health Workers,,2,1.19980216769549,0.00222684775265924,0.185946363086837,0.00757048055731757,0.63498400847655,0.0144083856493167,1.21549360790855,0.0728139685806237,6.46093443017518,<0.1,0.0682419696835894,,,,,55,55,36
4,N,4116,Massage Therapists,,2,19.469853232001,0.0305490006534903,0.157150689602498,0.117601455876727,0.60768874463393,1.21248593656678,6.64107763702596,3.36339855759817,20.88230231662,0.131542089768173,1.1074001779428,79.0535113798049,73.4941500207711,76.701563360212,61.3891480069838,49,48,53
4,N,4117,Welfare Support Workers,,2,94.4925737584611,0.795809793087784,0.849346081345867,3.32505984628378,3.64719811213328,23.9914831031782,34.0299460337221,39.5473016515447,71.9758045325369,0.638410083098698,5.3745188393307,70.6066293951189,29.806411291197,32.370438721565,23.6472899971787,39,40,37
4,N,4211,Child Carers,,3,184.612383149897,2.68272068123736,1.47459223792024,10.670842074633,6.13472894897242,43.8673368955698,31.1679437841821,43.1646076058072,30.5162859152582,1.24727692537025,10.5003249646803,92.9284825106586,52.9360098905373,52.1452848596069,63.3271143505901,33,34,24
4,N,4221,Education Aides,,4,137.916796497036,1.70831680197287,1.25419269475539,6.79495500330063,5.18216868058953,31.4410249147895,29.5288068333019,49.0213210758014,55.1449000565122,0.931792520938665,7.84438809898634,86.8433106163808,69.0532091282577,71.7666953941745,51.1423102823484,42,44,28
4,N,4231,Aged and Disabled Carers,,4,376.326160170151,6.74617809544247,1.82536349982256,27.1301214177511,7.76930961607728,138.10476467721,57.9732833784453,227.75817807932,153.302329932754,2.54253223962933,21.4045607725481,73.1715464550979,59.8479783568115,63.6024129719528,49.6081862341261,41,43,38
4,N,4232,Dental Assistants,,4,27.2583526202458,-0.446647913541518,-1.61215630729483,-1.56466343444554,-5.42852084416361,-0.915861747460596,-3.25070908990587,4.42144594856271,19.3609669301015,0.184162696276082,1.55039199229678,91.6685558613064,58.2270039732891,56.2676871316384,79.7848205134432,30,30,24
4,N,4233,Nursing Support and Personal Care Workers,,4,110.437599442583,0.853505851260067,0.778859251638366,3.58145649179367,3.35166176964018,16.2331361182608,17.2318121089169,18.3017211283479,19.8638374791725,0.746137757000689,6.28143498654014,74.2514961974687,52.4911252057693,56.8617308448001,39.8875188396555,40,41,36
4,N,4234,Special Care Workers,,4,3.47017165120946,-0.0754095323112489,-2.12685955864557,-0.305828920124781,-8.09928161681175,-0.642977475421627,-15.6322432186713,0.813667904010876,30.629277480558,<0.1,0.19737532986254,79.4146192607359,49.570078614107,49.393333052338,,30,30,27
4,N,4311,Bar Attendants and Baristas,Y,4,118.787675862459,0.394562914112498,0.333265089739334,1.64555849573851,1.40475392858658,,0,23.062011652974,24.091775015011,0.802552486423973,6.75636800236832,57.6474860672925,71.3457889156725,74.5240363265821,67.0197653499894,23,23,24
4,N,4312,Cafe Workers,,5,36.8357348656945,0.172987108882914,0.471833453483516,0.796894223024196,2.21120937525573,5.82207367604584,18.7726100457596,11.5372983583683,45.6047880865174,0.248869340957113,2.09513132219598,74.3551508978564,75.9428291676855,79.3443416294088,66.0804209646854,22,22,23
4,N,4313,Gaming Workers,,4,4.29160309891027,-0.14306286672411,-3.22601223706022,-0.579037592636773,-11.8883249516165,-1.9644892947525,-31.4012193416847,-2.70866415804801,-38.6937249482239,<0.1,0.244096448944041,56.208504438436,24.7406031561905,32.3743559370523,,35,37,33
4,N,4314,Hotel Service Managers,,2,10.166259618604,-0.0761347062823834,-0.743329185221813,-0.269498840397866,-2.58245571183564,1.17490337396571,13.0670317357998,2.40233985011121,30.9423580065867,0.0686852139778316,0.578233311597377,67.4985648629355,28.8664897877755,28.4671939342273,29.695742310212,37,37,37
4,N,4315,Waiters,Y,4,129.293432067049,0.00477546246239058,0.00369364381052836,-0.094228202735593,-0.0728262668473321,,0,3.92628722241592,3.13183109281283,0.873531404923232,7.35391109382136,69.3651935384691,82.8473450263611,84.7691129118205,78.4959612714674,21,21,21
4,N,4319,Other Hospitality Workers,,5,5.81992556154383,-0.0736651074758479,-1.24991896473362,-0.279516590332155,-4.58265827221896,0.0246017502814659,0.424510365299279,1.31237036321528,29.1149038774262,<0.1,0.331023892459261,58.9720812589856,74.9196094833683,80.9452496619719,66.2585671211393,22,20,22
4,N,4411,Defence Force Members - Other Ranks,,3,3.99799976642646,-0.00535188552388366,-0.133685121597458,-0.0212513758093005,-0.528739684514442,0.0431355050067119,1.09069495576636,2.62924700578691,192.090718016771,<0.1,0.22739697110192,16.6531134947451,7.8045213605473,,7.5126764895978,23,22,23
4,N,4412,Fire and emergency services,,3,19.8657434554515,0.154141277063239,0.781982487614525,0.629882893844574,3.27452412033889,2.50913080407956,14.456339232075,2.74373037154285,16.0245781737045,0.134216800598857,1.12991749734274,15.8168569478952,4.32031544407825,14.0434135455038,2.49347878510137,45,45,45
4,N,4413,Police,,2,70.1433592362539,0.210274102895028,0.300679002640947,0.886490024743381,1.28000303050957,2.14876857537084,3.16020517880257,9.8444585716979,16.3260995858993,0.473902085822156,3.98959188721888,28.0636035869671,4.84717362836334,13.4118618020187,1.50594407526271,40,39,41
4,N,4421,Prison Officers,,4,19.7745193388267,-0.421277661623716,-2.08596700399751,-1.5465293159884,-7.25353307441158,-2.17466732349527,-9.907735338678,2.26963691326227,12.9657364047625,0.133600472843579,1.1247288807785,25.6668785702662,1.1737783032834,2.97950056803909,0.550270865284552,40,44,40
4,N,4422,Security Officers and Guards,,4,66.8160443399854,0.648389582884832,0.979919244931757,2.55158298998018,3.97044172841257,9.35432521891703,16.2792296541077,13.1195546521353,24.4327976156398,0.451422103587234,3.80034191885532,16.8284397384204,22.1000442017678,28.4397087819502,20.8173141073237,39,43,39
4,N,4511,Beauty Therapists,Y,3,44.3234173523957,0.64139282217841,1.46832210520537,2.46493195079685,5.88872704577767,5.91926603418153,15.4130890307532,13.0748839874225,41.8415924827957,0.29945757036412,2.52101336759956,98.1506042528601,53.413231954647,52.9075348049982,,33,33,22
4,N,4512,Driving Instructors,,3,5.88409864834593,-0.0584971125151883,-0.984369707602518,-0.239855198004517,-3.91667220267276,-0.380867588319795,-6.07932387713068,0.207045924759726,3.64706714629443,<0.1,0.334673909071969,11.2268398994647,43.4994936300264,,43.4909476651872,53,59,50
4,N,4513,Funeral Workers,,2,5.29825830109801,0.0828736408347135,1.58902259820141,0.354352424975704,7.16745896573655,1.1284471316424,27.0623077588841,2.25751006199524,74.2419261471436,<0.1,0.301352666376513,50.7793153950232,33.1920862551924,30.4168919989949,36.0551602971098,52,49,64
4,N,4514,"Gallery, Museum and Tour Guides",,3,5.83314099310131,-0.00400983129938215,-0.068695009260684,-0.00611573484929107,-0.10473481701904,-0.272889054954548,-4.46917314207182,-1.08013908889913,-15.6241187408478,<0.1,0.331775555611724,57.8046794040754,42.9548062753876,48.1089057085865,35.8940454686453,41,28,48
4,N,4515,Personal Care Consultants,,4,4.38286449923786,-0.0287330957650758,-0.651308174562931,-0.120494333051501,-2.67565471770869,-0.927959359504887,-17.4729831790085,-1.10178672796116,-20.0885467884863,<0.1,0.249287186118987,89.8209252355595,74.3858289819768,76.1815467753408,,47,47,42
4,N,4516,Tourism and Travel Advisers,,3,19.0551010138712,0.0057555461970189,0.0302138790373967,0.121177632698963,0.640002762551901,0.0645218545181621,0.339757171051755,-5.91051585276212,-23.6746237208404,0.128739943657534,1.08381003195217,80.2434272927421,31.8544808334077,33.6892169875354,24.4025042883288,44,44,42
4,N,4517,Travel Attendants,Y,3,10.7195496617182,0.059254524159309,0.55584318627859,0.21123764710407,2.01019580319178,,0,0.0670427131431026,0.629360895672266,0.0724233483978454,0.609703168349638,61.3186705903735,39.321434946868,38.174439927005,41.1396819304812,37,36,44
4,N,4518,Other Personal Service Workers,,4,24.3693635144375,0.443185408062362,1.8523033895843,1.78912192985227,7.92339587311432,8.15238960064576,50.2707203204697,10.7073480604787,78.3731221543609,0.164644127760583,1.38607298014374,64.7842945215748,64.4050961354628,64.5582695547726,64.1233117847423,35,39,34
4,N,4521,Fitness Instructors,Y,4,35.9326868670093,0.108236315105685,0.302129728267204,0.405424277508978,1.14116384983963,1.67336933372909,4.88442109829989,6.72725634230651,23.0342652768512,0.242768174220388,2.04376804264177,61.6557478217039,67.5084805252705,73.5374171965041,57.8142349184329,36,39,33
4,N,4522,Outdoor Adventure Guides,,3,4.26685701331578,0.0267969344232428,0.631994215285787,0.124330186141145,3.00131275736222,0.192922144860289,4.73552354393505,0.60652102116136,16.5700914468338,<0.1,0.242688948884119,35.775146424044,31.35968664963,,35.0264600543184,36,25,49
4,N,4523,"Sports Coaches, Instructors and Officials",Y,4,66.4233976477521,1.31136237430651,2.01400919015861,5.20896124560316,8.50936731881812,17.082408877798,34.6211320519792,21.1228303526363,46.6281806473399,0.448769306680062,3.77800908400204,49.8336002412459,79.3886791267117,83.0868353514569,75.7150561258937,21,21,22
4,N,4524,Sportspersons,,3,13.1191684562255,-0.0471301569949869,-0.357960565679886,-0.134355814774727,-1.01373651285122,1.39901324647066,11.9368150116838,1.79634658860528,15.8648313080176,0.0886356365499545,0.746187930117878,34.424606740747,63.3311967824314,73.5248465539172,57.9799153579038,21,23,21
4,N,5111,"Contract, Program and Project Administrators",,2,158.502478245919,0.269089129127309,0.170058374297156,1.53374682722762,0.977103409937466,24.3217045030641,18.1260726292087,33.0168994305436,26.31130982718,1.07087336373104,8.52709953969179,56.6834566452042,11.142126790836,15.9609700742822,4.83625210605737,43,43,42
4,N,5121,Office Managers,,2,140.574320591004,0.827685224520167,0.592275601018637,3.00927563839738,2.18752928073707,0.828352174088963,0.592755686244682,11.3118828693086,8.75109820662928,0.949747267118015,7.56260241271591,81.3320639833992,33.5088922981645,38.8174786711736,10.3805568493435,47,48,44
4,N,5122,Practice Managers,,2,30.6336157956079,0.162308382024936,0.532659724185594,0.657228414927417,2.19248706183652,4.23982851736098,16.0637367902686,9.65845688146328,46.0471213638819,0.20696662634757,1.64802401855536,86.178746741989,32.1616755909056,36.274618878543,6.51651220863245,44,44,42
4,N,5211,Personal Assistants,,2,50.8695060267382,-0.0428294192314027,-0.0841238549680267,-0.178275453073915,-0.349232518840056,1.39009608857455,2.80944354492467,-1.21666473296361,-2.33586903244753,0.343684210070653,2.73667229828387,96.6290433035221,28.0874463553688,28.0895353275003,,43,43,44
4,N,5212,Secretaries,,2,29.5166534680968,-0.382060182234245,-1.27784822685847,-1.58137061198177,-5.08511604438174,-7.55527628720005,-20.3800458650809,-19.6670718620977,-39.9869504191945,0.199420213079716,1.5879337975432,93.5169505440445,43.7735624575938,44.0940477710659,,46,48,30
4,N,5311,General Clerks,,4,292.121473028117,0.162225231313585,0.0555643407556966,0.198295536354806,0.06792730130529,-7.45009395378224,-2.48691624136425,49.8299410050944,20.5661091780787,1.97362910600258,15.7155200710957,81.0540087799656,40.0350131366,42.5950802027608,29.0826330100313,41,42,36
4,N,5321,Keyboard Operators,,4,49.9013190854697,0.236387297892279,0.475964205293453,0.864908033442106,1.76380778055808,-3.94885684473093,-7.33304353517684,-8.17863782664806,-14.081687145573,0.337142952053804,2.68458587974588,75.3678565967008,42.7551598577622,46.7637708521513,30.4898683016841,40,42,36
4,N,5411,Call or Contact Centre Workers,,4,28.5098094229742,-0.292206902582777,-1.01453627162725,-1.14049944688762,-3.84650106645898,-4.26208284659247,-13.0052998207565,-3.77142206430235,-11.6830179350154,0.192617780201158,1.53376770822574,63.909358017205,22.0737291991473,23.6553161179416,19.2730529370568,36,37,32
4,N,5412,Information Officers,,4,89.5021537895962,0.984419662039159,1.11211574916793,3.79502497856286,4.42789885883369,11.2873069412439,14.4311564825134,16.5931460683323,22.7587051133229,0.60469384170216,4.81502739153758,64.1206181680846,29.9492308574587,32.0829018794971,26.1361131694279,36,37,34
4,N,5421,Receptionists,,4,181.319810997408,-0.530184799640637,-0.291550625182496,-1.96775051676974,-1.07358650009512,1.45621264177532,0.809620543060664,7.17620844369023,4.1208567747854,1.22503167182416,9.75462399076278,88.8800406409434,57.2422041022566,57.417196301804,55.8435194796225,36,38,27
4,N,5511,Accounting Clerks,,4,139.498959914912,-0.0982618499657235,-0.0703895455249279,-0.180704644381365,-0.129370760555239,4.84847425939284,3.60078482880251,5.28291684140999,3.93612918428599,0.942481922644072,7.5047502729413,79.5242059265241,30.3100235212316,34.4214727263445,14.3419134705158,45,46,42
4,N,5512,Bookkeepers,,3,91.7649708977549,-0.220318454355819,-0.239514878854663,-1.00505907524537,-1.08338767976887,-7.68853766152088,-7.73078574391209,-13.0783233178568,-12.4741629073206,0.619981871232919,4.93676218669611,89.4986122366682,60.2831708186288,63.8768750219776,29.6556437570321,52,53,40
4,N,5513,Payroll Clerks,,4,51.7055307428616,0.27238833183587,0.529596907883035,1.1484494176339,2.27158963201625,8.44466413839125,19.5203305000798,14.2307305876641,37.9741333608964,0.349332554562329,2.78164866742913,83.9972637270903,29.3144546179529,33.2673443788683,8.5660077196989,46,47,40
4,N,5521,Bank Workers,,3,38.6127987012858,-0.540108970156048,-1.37948623046968,-2.13176356505024,-5.23201979963727,-6.60745672554661,-14.6117191581053,-16.1276073048351,-29.4619796992952,0.260875527536934,2.07728725554121,65.4589029212827,23.4572835588824,33.0864604047772,5.20901104655207,37,40,35
4,N,5522,Credit and Loans Officers,,3,35.6204329003175,-0.243879006114767,-0.680004698684955,-0.906292420481073,-2.481176214187,2.0347242456934,6.05830374644563,7.61184594693394,27.1768295901639,0.240658526097846,1.91630427706413,57.4390215950214,12.8011733821671,19.4455056668184,3.83418156018967,39,40,36
4,N,5523,"Insurance, Money Market and Statistical Clerks",,4,41.202358783362,0.208171712798723,0.507807881250084,0.872118711597984,2.16244364042001,6.23457562667325,17.8294849254139,11.800738610084,40.1363548693458,0.278371095722146,2.21660013460936,74.5538196796509,18.7612097029131,20.3805830039564,14.0166679560074,40,39,42
4,N,5611,Betting Clerks,,5,1.90084521908555,0.0166358922932068,0.882911046912583,0.0613863765759868,3.33719761254553,0.0271075281645161,1.44670880539268,-0.554444841258513,-22.5816432124854,<0.1,0.102261469802016,,,,,76,76,76
4,N,5612,Couriers and Postal Deliverers,,5,41.7442764439892,-0.0752771286073397,-0.180004620270904,-0.236264766521252,-0.562795904265521,-1.17958561166114,-2.74808825480759,-2.33190398326928,-5.29062173869116,0.282032396129075,2.24575416352818,15.0322021435015,29.6570937708962,55.2433593499967,25.1304621980627,47,57,45
4,N,5613,Filing and Registry Clerks,,5,16.2844226606472,-0.192405085004335,-1.1677313617308,-0.712699495978935,-4.1930597980735,-1.45967051696641,-8.22623338569912,-1.92569388679689,-10.5748575621674,0.110020705442656,0.876067645821346,71.0404087247011,47.333775771902,57.0113520755168,23.5938352022136,43,48,33
4,N,5614,Mail Sorters,,5,11.4362654744091,-0.308165971459445,-2.62393265165554,-1.17997715320008,-9.35284131757136,-1.47011791743488,-11.3906264272601,-1.48565721637708,-11.4971839092987,0.0772656188889396,0.615246998922792,50.5114645420964,32.2871849370353,38.9857682808386,25.4501417407837,50,47,56
4,N,5615,Survey Interviewers,,5,0.821138979181103,-0.136717172705792,-14.2732468164944,-0.54954566383571,-40.0927862317174,-2.03420591108774,-71.2420386770234,-2.30564984841831,-73.7385853520677,<0.1,<0.1,,,,,37,40,34
4,N,5616,Switchboard Operators,,5,2.64147840651387,0.0172723796857457,0.658194498037291,0.0662163094997137,2.57124545018106,-0.376853725706991,-12.4854956048096,-1.42254802463135,-35.003414685728,<0.1,0.142105975588241,68.0256180438689,15.7945953516043,,,49,55,36
4,N,5619,Other Clerical and Office Support Workers,,5,6.56851008102449,0.078335157383056,1.20698067932974,0.289403519112922,4.60899200004686,0.177427783533353,2.77617741838504,-1.35050807061704,-17.0539837736967,<0.1,0.353372009751569,57.2328512953814,45.5492141508012,57.1038026935306,30.0863631570913,41,42,39
4,N,5911,Purchasing and Supply Logistics Clerks,,4,120.802837630131,1.09502185384399,0.914745496560053,4.63399820342444,3.98901996980708,26.0462918395595,27.4875910917293,33.4001399286108,38.2140835545742,0.81616730863048,6.49893826613321,45.1362671978162,19.5742491531067,28.3417890508567,12.3612141745775,41,39,43
4,N,5912,Transport and Despatch Clerks,,4,45.9743516692854,0.119071307258316,0.259667602767336,0.53258744876851,1.17202194479951,5.74402350886447,14.2778440333865,7.59152397454933,19.7784385114244,0.310611601548943,2.47332330254518,35.4651006243259,10.5809065796997,14.3140821852406,8.5293430105359,41,42,40
4,N,5991,Conveyancers and Legal Executives,,2,16.794239355016,-0.176969587561512,-1.04276358956096,-0.628791925003224,-3.60896973033805,0.598526217307455,3.69558420934182,4.3646891382137,35.1154230208066,0.113465125520037,0.903494710356794,77.5982057337948,36.895958440485,38.2579411512461,32.1781481498425,37,41,28
4,N,5992,Court and Legal Clerks,,3,20.0045407898117,0.141709643205452,0.713441312366313,0.639252785450985,3.30102390063622,4.77887526793757,31.3869713023181,5.63465058606008,39.2115075770658,0.135154542203708,1.07620216698372,69.2257607417328,39.2930190376733,38.7058241131159,40.6138970296532,29,32,26
4,N,5993,Debt Collectors,,4,6.67285450170937,0.123803072523604,1.89039701187682,0.501523794566686,8.12667183734334,0.93239098903596,16.2424338553409,-2.31599094379302,-25.765165925195,<0.1,0.358985519845783,68.2927589242843,18.4599708239221,24.1678128830212,6.16611400851651,41,41,40
4,N,5994,Human Resource Clerks,,4,27.119843765055,0.553575439038802,2.08375309714345,2.14190290226357,8.57517805022217,10.4617090820673,62.8024042376807,15.7417396371243,138.35116518649,0.18322690369223,1.4589904829546,76.9148094248215,11.2104952618245,14.093470104432,1.60505321927829,40,38,41
4,N,5995,Inspectors and Regulatory Officers,,4,44.8423043061938,0.170771827801957,0.382283343166169,0.803699056087162,1.8249875342844,7.99307566176027,21.6912970930471,13.1287248992107,41.397802281252,0.302963270866467,2.41242153838632,54.7738206890166,15.6842713622082,18.6523452312439,12.0896111755258,44,40,48
4,N,5996,"Insurance Investigators, Loss Adjusters and Risk Surveyors",,3,9.09835586712812,0.199199068289072,2.2384038487226,0.794598405378453,9.56914275300889,2.74760916401921,43.2643481541181,3.64143880449841,66.7306972546066,0.0614702499271768,0.489472385448572,41.6751411096831,10.8089928327657,22.0833664515687,2.75306058661144,41,43,35
4,N,5997,Library Assistants,,4,6.66502126413391,-0.0424285573885879,-0.632558699916702,-0.146860046774729,-2.15593960128967,-0.406482273901137,-5.74817323805067,0.0855461263443491,1.30019681741801,<0.1,0.358564108160217,69.7498604704626,68.8704007695824,66.1616872385315,75.1160707962728,48,55,38
4,N,5999,Other Miscellaneous Clerical and Administrative Workers,,4,24.6028773647766,0.382400095850549,1.57882972992095,1.48110292122356,6.40566287349341,5.10797011797801,26.201561532522,4.37349694464826,21.6195298808886,0.166221792445437,1.32358299109233,63.4853172024922,31.9919680717812,32.8356019419037,30.525205677291,39,36,39
4,N,6111,"Auctioneers, and Stock and Station Agents",,3,3.04103093985872,-0.0515031146387326,-1.66540169747951,-0.224967060023499,-6.88815669916553,-0.853961803321597,-21.9246057599667,0.471831612287929,18.3649282180862,<0.1,0.272915693378577,28.6942673186327,12.306084488847,,,44,44,41
4,N,6112,Insurance Agents,,3,17.2546073148346,0.209021701103712,1.22625121741395,0.837421899915636,5.10088592381151,4.24538606158485,32.6336679109393,6.3122294327302,57.6860852434413,0.116575460393919,1.54850549449586,57.6485723777103,9.59699336754776,11.975687415407,6.35912575079026,40,42,35
4,N,6113,Sales Representatives,,4,71.8148177319823,-0.105383246695339,-0.14652802030765,-0.422563987796309,-0.584965813732713,-4.40076095317444,-5.77409635811307,-19.9776444152338,-21.7639269586143,0.485194782324229,6.44498236413557,36.8195119611733,17.0978978902435,27.1681699491261,11.229274293406,43,41,45
4,N,6121,Real Estate Sales Agents,,3,103.90571894944,0.190079144278599,0.183269509435297,0.916227667912977,0.889632191121737,8.38423570219537,8.77732989184633,14.8100355671984,16.622618520877,0.70200711051118,9.3249631108335,51.6357990871789,20.9204136797371,25.880680567385,15.624609344408,43,43,46
4,N,6211,Sales Assistants (General),,5,561.958742697079,2.72210181605078,0.486753123286476,9.48361211760164,1.71656814808198,38.4177314311918,7.33805577872501,28.4668955381253,5.33595699535472,3.79670182908059,50.4326864627203,64.5819620171624,74.7681416019116,78.847298487959,67.3301250007722,23,23,23
4,N,6212,ICT Sales Assistants,,5,13.6415967906119,-0.270921464345303,-1.94732153719741,-1.05343757020594,-7.16866353858128,-2.2739704143801,-14.2877120563247,-2.96270097848483,-17.8429766779954,0.0921652633037063,1.22425779958482,37.3478667856289,16.8489051478936,23.5181260123863,12.8732835702361,35,34,36
4,N,6213,Motor Vehicle and Vehicle Parts Salespersons,,4,39.0850227062683,0.497186943437669,1.2884551144394,1.91439076684119,5.15027769762125,3.68448934116376,10.4080051652433,3.83329591183383,10.8740656427617,0.264065964142383,3.50766443471114,21.1386679484885,9.42934947085791,19.7744576050969,6.6563579444578,39,37,39
4,N,6214,Pharmacy Sales Assistants,,4,39.8914998936317,0.0663702644552941,0.166654233327769,0.392160407028264,0.992827758958523,3.88993256256585,10.8048978167937,1.83515071480007,4.82219328547903,0.269514679821542,3.58004129806312,83.5038689044078,74.0804191624488,74.9179822595067,69.8406517694215,24,25,21
4,N,6215,Retail Supervisors,,4,49.4394588459328,0.537958242380718,1.10008534654587,2.21577294546662,4.69207962744971,9.5325702486918,23.8870294923239,11.464051087568,30.188092147721,0.334022535049856,4.43691776178582,58.7566909079245,31.7615464907702,40.5955967209127,19.1762430513459,33,35,32
4,N,6216,Service Station Attendants,,5,13.337358490918,0.0739303376993945,0.557399918372189,0.324313264140379,2.49221652955622,0.851056100752988,6.8159177485829,1.97686254885527,17.4011993748957,0.0901097705759301,1.1969540962831,47.3589474352688,56.8369389786354,60.230075951816,53.784275953289,35,36,30
4,N,6217,Street Vendors and Related Salespersons,,5,5.85597962413524,0.0685323843474315,1.18415566497577,0.215074749012146,3.81277035818571,-0.121618077748534,-2.03456444902953,-2.57506070610794,-30.5426211385904,<0.1,0.525541755785601,49.2706446470247,49.5008305860911,73.6370184157344,26.058673172229,31,30,35
4,N,6219,Other Sales Assistants and Salespersons,,5,11.1243252613317,-0.500799046548412,-4.30790272245902,-1.98577419064743,-15.1469040942146,-9.30783749709419,-45.554832384329,-3.97907832876635,-26.3455737313083,0.0751580905464307,0.998346614061808,34.8611129494719,36.9738911658749,56.7522479489777,26.3888848825842,41,46,35
4,N,6311,Checkout Operators and Office Cashiers,,5,119.312025022919,-1.24881995763248,-1.03584207445953,-5.11236476484119,-4.10881240692578,-30.3538593447135,-20.281081071324,-23.5185574730897,-16.4660516411091,0.806095090649758,10.7075938000962,68.1068167281424,78.4681975224657,79.9374109307874,75.3307418238418,23,23,23
4,N,6391,Models and Sales Demonstrators,C,5,10.2290419952227,0.0866866193103295,0.854699092049234,0.366783244241502,3.71905922874931,3.51231121410617,52.2919754946964,0.405427441527216,4.12706992228947,0.0691093838430392,0.917999896723994,76.9419309577324,52.2073163797495,60.4337087620361,24.7568602073115,43,43,44
4,N,6392,Retail and Wool Buyers,,3,6.80838559495269,-0.0922010485563511,-1.33613348139145,-0.365058367499556,-5.08902515180116,-0.977970831863384,-12.5600573394671,1.20094487956979,21.4169875443398,<0.1,0.61101491967114,56.1078220376252,13.6371442066825,16.9890408266307,9.35238031679065,41,41,45
4,N,6393,Telemarketers,,5,5.52639714422734,0.0802694924870559,1.47388195099331,0.30519120631161,5.84522445466766,0.223745713678972,4.21950634714516,-2.87736299256002,-34.2389947562211,<0.1,0.495963552601099,45.6497453347531,40.2877731100226,64.4067006820663,20.0298569660679,39,33,39
4,N,6394,Ticket Salespersons,C,5,18.3410121683226,0.105540195284139,0.57876316796287,0.4549152990582,2.54340174037596,6.32084892541435,52.5853833902262,1.68257579491606,10.1004425457489,0.12391542146395,1.64600431635701,61.3174222499741,68.3504576544999,65.8558231901766,72.304810194972,28,33,20
4,N,6395,Visual Merchandisers,,4,7.35637763269009,-0.0597288104683438,-0.805393111953581,-0.216490087889484,-2.85875966512876,0.439632516236563,6.35606067354957,0.103249571358053,1.42351783237495,<0.1,0.660194171675722,87.88319170003,66.9237940668009,73.290285648359,,43,43,41
4,N,6399,Other Sales Support Workers,,4,6.46781296108961,-0.0392292068788036,-0.602873100652604,-0.158293761972268,-2.38894072474464,0.650284461097646,11.178019344444,3.43093448799447,112.975692586662,<0.1,0.580450411004606,56.0969510115293,55.9446159751701,67.842200043037,40.7425239567785,27,36,24
4,N,7111,"Clay, Concrete, Glass and Stone Processing Machine Operators",,4,2.65169284528573,-0.0259778147317378,-0.970164670347038,-0.0767470046998695,-2.81285309259336,-0.246211720215913,-8.49619836163559,-0.788918692293448,-22.9296066608128,<0.1,0.291333689880895,4.41978799922371,9.7622348457255,,5.58949047576751,43,47,43
4,N,7112,Industrial Spraypainters,,4,5.86784522476115,-0.0128045262316272,-0.217739990882224,-0.0706402577036114,-1.18953322210181,-0.335976373618007,-5.41563564151791,-0.336941995282986,-5.43035535843225,<0.1,0.64468288777068,1.50541861600556,4.68669267312184,,4.73100082634602,40,24,40
4,N,7113,Paper and Wood Processing Machine Operators,,4,5.0558370074219,-0.146487962051682,-2.81581721463481,-0.583655012725893,-10.3494252787434,-1.87866755768307,-27.0915901784345,-0.697498529521382,-12.1233765185884,<0.1,0.555469934395773,9.80083325397333,24.4448875146114,,20.6275755984876,45,60,41
4,N,7114,Photographic Developers and Printers,,4,1.34421695186416,0.00932510717194068,0.698566495032466,0.048728829252296,3.76142616838915,-0.0268221332709495,-1.95633615129989,0.208742936105696,18.3837704085427,<0.1,0.147685160927769,75.1326198382361,76.4122262440691,,,43,52,43
4,N,7115,Plastics and Rubber Production Machine Operators,,4,8.09893822857751,0.0646116208185372,0.804194601152261,0.267136651322221,3.41092210632641,0.76861001772538,10.4853424787651,-0.0460068482480924,-0.564851546746379,0.054717991286108,0.889806510751694,4.6891916992121,6.14494245973312,,6.44726717702416,44,55,43
4,N,7116,Sewing Machinists,,4,6.45548717140078,-0.0512818940309696,-0.788131459950114,-0.212458061768342,-3.18625984975833,-1.93983083216064,-23.106103084335,-2.01608292198354,-23.7982203978688,<0.1,0.709245379217486,83.8697620292254,46.3964334908849,52.8587306513972,,53,53,54
4,N,7117,Textile and Footwear Production Machine Operators,,4,1.59836381777534,-0.0197707926809263,-1.22182620365258,-0.0680904237088569,-4.08594619725132,0.159071776279154,11.0520847536817,-0.0166994267864544,-1.03397974306482,<0.1,0.175607529217596,,,,,46,46,39
4,N,7119,Other Machine Operators,,4,11.7655856283141,-0.0242078049426446,-0.20532849095014,-0.127810703042659,-1.07463586919817,-1.11485782298422,-8.65543043762089,1.51317066196449,14.7591632501319,0.0794905694692673,1.29265027086386,43.7609376925074,25.9078825939637,42.0719980333693,13.3302040272269,44,47,41
4,N,7121,"Crane, Hoist and Lift Operators",,4,20.2357465665435,0.596123983701585,3.03531282837577,2.3552439450755,13.1721350061363,6.29899723458841,45.1970332862748,6.24883162568718,44.676268155704,0.13671661309738,2.22324192834277,8.09998928761245,4.85709722115848,,2.7993789647337,46,42,46
4,N,7122,"Drillers, Miners and Shot Firers",,4,71.9776234350799,0.827848320058166,1.16352907471577,3.04815393281046,4.4221346179229,9.10523433054229,14.4820873840233,18.2682250362183,34.0130881760268,0.486294729106387,7.90796968113397,13.7623331016518,3.07735401564665,4.70907345583885,2.81695427107233,40,37,41
4,N,7123,Engineering Production Workers,,4,20.1484631136917,-0.131739724647421,-0.649597667723377,-0.44351414936714,-2.15382011985214,1.39528252534998,7.44024470290327,2.14757196502172,11.9303647096405,0.136126909227839,2.21365235222347,9.03290121633758,9.3617363910697,,9.46726417072861,41,35,41
4,N,7129,Other Stationary Plant Operators,,4,24.1426784692747,-0.0891660885750234,-0.367970702197901,-0.330485601908617,-1.35039997667387,0.775239507111078,3.31760578626669,1.52175584836027,6.72720504756652,0.16311259980274,2.65248503972335,20.6720289775197,7.30311574886752,19.1879695720183,4.20604873128129,40,36,40
4,N,7211,"Agricultural, Forestry and Horticultural Plant Operators",,4,15.7316501941177,-0.0259536335170694,-0.164705457764799,-0.100911302942482,-0.637365614914674,0.434210834666793,2.83845436130807,2.22347982100344,16.4602589365389,0.106286067870038,1.72839011392889,7.92932814434615,10.3425266618862,,6.17080409388955,37,49,37
4,N,7212,Earthmoving Plant Operators,,4,51.4254435329301,0.0826230709187143,0.160924293163534,0.298499887741961,0.583840664940774,1.9158667283991,3.8696891632969,5.96884481076588,13.1308654377071,0.347440231262677,5.64996215336388,4.76600581304071,6.08510561149476,15.1305556873169,5.63242410890821,44,44,44
4,N,7213,Forklift Drivers,,4,71.2759831358549,0.324196225578419,0.456924680400773,1.19848075561119,1.71022184710319,5.43962371157843,8.26233977569031,12.2781833728139,20.8112563894383,0.48155431169667,7.83088252614701,5.12784101692293,13.4504837272231,10.7392036364579,13.5970284406584,41,39,41
4,N,7219,Other Mobile Plant Operators,,4,13.0901454607229,0.0288847459890498,0.2211482231303,0.120071257847776,0.925756136546698,0.333663037439029,2.61563514429346,0.540827393771462,4.30961579654061,0.088439551585458,1.43817576192129,8.26626809165698,15.5331745021567,,15.1960570297931,37,39,37
4,N,7311,Automobile Drivers,Y,4,50.8498374414028,-0.349588677033566,-0.682798038057858,-1.37974131972631,-2.64168571229826,,0,4.24302934996389,9.10388315294924,0.343551325308402,5.58672200590083,8.65559434324967,40.0324814650652,65.1588611476536,37.6515611680893,45,51,44
4,N,7312,Bus and Coach Drivers,Y,4,40.7828063875992,-0.0249353666713859,-0.0611045002723688,-0.166441664889895,-0.406458415735861,-2.94570228902089,-6.73634289887376,-0.0232394450188593,-0.0569509849451843,0.275536518684083,4.48068692786972,16.2268187034721,39.8915352181855,54.6774766397128,37.027506562346304,54,58,54
4,N,7313,Train and Tram Drivers,,4,18.7109729564475,0.37540431025764,2.0474102412725,1.52002158788699,8.84198643401937,4.71411853236591,33.6798425527329,5.67503620855678,43.5337814098786,0.126414948020331,2.05571953869194,15.9470188590494,6.46691689219233,8.99336554848118,5.98758440664139,47,38,48
4,N,7321,Delivery Drivers,,4,85.5202141395845,0.131020317463864,0.153438991047041,0.615158997986839,0.724525762289333,11.9361079197556,16.2210408374018,37.1602165854301,76.8408156841148,0.577791088165612,9.39585427059701,14.5015970872197,49.1769978017469,62.05129171153,46.9933567471538,38,38,38
4,N,7331,Truck Drivers,,4,195.773504442601,0.0304485166566906,0.0155553495947311,0.171218496462927,0.087533995645672,1.75850429133033,0.906375429713809,10.1430158952532,5.46408942551809,1.32268361701316,21.5090588382347,6.40920697288255,12.7574710059388,27.5590193346222,11.7438436648952,45,38,46
4,N,7411,Storepersons,,4,166.603699058772,0.561874312426255,0.3383932411515,2.39253545130541,1.45698708829843,23.1177503934692,16.1115082058619,44.0605233866704,35.9551016570408,1.12560677659748,18.304258157535,28.1842965989482,31.7697152647938,42.2277353046409,27.66543269572,35,35,34
4,N,8111,Car Detailers,,5,17.2036099972032,-0.136573591982827,-0.787613298788828,-0.536930614038507,-3.02657413775918,-1.05803251554076,-5.79374234712132,0.356354132617579,2.11520579661086,0.116230912663956,1.40389169330044,13.4164826984797,34.450595310261,53.512972059224,31.4967993201687,33,50,31
4,N,8112,Commercial Cleaners,,5,150.071163920982,-0.291219756179714,-0.193678597703654,-1.17350592958971,-0.775899032176883,-8.47620308421381,-5.34616452125378,-1.55261221603331,-1.023989941149,1.01390977532701,12.2464796904165,60.2153556164751,61.8063250879959,67.3676428126498,53.3890895095208,42,46,36
4,N,8113,Domestic Cleaners,,5,36.0172524713784,0.0600682913687294,0.167055048215161,0.165404260981397,0.461354907034974,-0.184667264938184,-0.510103514629177,4.33772295884843,13.6925106704403,0.243339515780525,2.939169253912,81.291529088778,82.9947097282441,86.9333062479065,65.8808292757699,42,42,40
4,N,8114,Housekeepers,Y,5,36.2919134945037,0.555490949893191,1.55441118707324,2.18698157512149,6.41250825625782,8.64297992744752,31.2597225729735,8.05611816051985,28.5315786760351,0.245195178713843,2.96158282460453,79.7300666997061,69.3710493869629,73.7333292056569,52.2123909469945,40,42,33
4,N,8115,Laundry Workers,,5,16.6560171988187,0.432112753091346,2.66343255741465,1.72525746912786,11.5550548020478,4.60818370102236,38.2490652934838,2.44887627171773,17.2369393974712,0.112531269929972,1.35920566629285,56.5327756035854,41.3307855350499,48.1458400474839,32.4672348368937,45,46,35
4,N,8116,Other Cleaners,,5,14.2533198006392,0.0745857122190792,0.526039290630282,0.297685937676659,2.13308790270502,0.491145805635256,3.56880973757167,0.256812007876578,1.83482917081196,0.0962981821367056,1.16313478818254,17.520537668742,46.2183453266381,70.1943187041048,41.1252963077496,42,33,44
4,N,8211,Building and Plumbing Labourers,,5,69.9991619397781,-0.0428676375512964,-0.0612027347151166,-0.0629291885681482,-0.089819169760247,3.88169696030415,5.87091014682614,11.9678230750435,20.6230345691995,0.472927861030047,5.71224539507827,4.94038956831254,18.2190864645078,39.7346890480163,17.1008885355197,32,32,32
4,N,8212,Concreters,,5,44.6446179253845,0.844743080090502,1.9286426800858,3.23841804894401,7.82109456701584,7.82506881848871,21.2524840968875,6.8410982207887,18.0964584098158,0.301627663487177,3.64320094830145,3.2578254035791,12.8927698142379,,12.4642682884877,35,41,35
4,N,8213,Fencers,,4,13.2250729043552,0.0100902704991022,0.076354776836796,0.085892363051844,0.653711719553889,1.86937552235213,16.462005453886,4.54021331580581,52.2773370083253,0.089351147460937,1.07922523218878,4.70768902657408,25.4085867808955,,24.8712625596962,46,41,46
4,N,8214,Insulation and Home Improvement Installers,,4,25.9171336125446,-0.108879179592865,-0.418347522005974,-0.359940449936175,-1.36978892353205,1.27883602321847,5.19043987752014,5.23922332869934,25.337295968406,0.175101161553271,2.11495427987056,5.26592980717503,19.0283749000907,,16.4680899502061,38,28,39
4,N,8215,Paving and Surfacing Labourers,,5,7.02909873390605,-0.00683637065704357,-0.097163640020072,-0.0166280056956838,-0.23600128574705,-0.483192435254606,-6.43202485598802,-1.93869153878045,-21.6183862448834,<0.1,0.573605965580688,3.55148084607093,14.3856440871888,,14.9059762847894,44,30,44
4,N,8216,Railway Track Workers,,4,5.63645534088536,-0.0150252864494309,-0.265864601512697,-0.055985441766742,-0.983505035965582,0.0824783347627749,1.48503198108045,1.40325090810249,33.1486685886323,<0.1,0.459960021996212,6.5256470150049,8.14917962189665,,8.57089588914969,38,41,38
4,N,8217,Structural Steel Construction Workers,,4,26.0842632298008,0.24302698919028,0.940461930410101,0.967441342958423,3.85176654640858,2.27961559418955,9.57634672474334,1.18875335564914,4.77497091507006,0.176230321534811,2.12859280581998,2.92732882017154,7.88027485887435,,8.10910129125112,34,28,35
4,N,8219,Other Construction and Mining Labourers,,5,8.86471927272944,0.140080055568625,1.60556846056277,0.542763908934898,6.52207185941232,0.677726228294087,8.27808481839048,1.52017050812751,20.6979428804965,0.0598917559597437,0.72340082996815,8.50267586968637,10.6103937964483,,11.5307563582731,35,27,35
4,N,8311,Food and Drink Factory Workers,,5,27.8767953247707,-0.153282227020565,-0.546849100710995,-0.641540204751561,-2.24957099648202,-2.47083270123962,-8.14176547544976,-1.35534012672863,-4.63647320250466,0.188341014663268,2.27487146003916,29.1671389858922,18.4773612155681,32.0406416339451,12.8923533632006,44,45,43
4,N,8312,"Meat Boners and Slicers, and Slaughterers",,4,7.49692810019833,0.0541961201724321,0.728175088366458,0.18905933223611,2.58706523391537,-1.79744100193415,-19.3390318609334,-3.5700985588851,-32.2588773738508,0.050650694557931,0.611782938979092,22.7407366793113,5.26839088471679,,2.65644987315264,38,38,36
4,N,8313,"Meat, Poultry and Seafood Process Workers",,5,14.5865167573153,7.73312117203773e-05,0.000530158248091628,-0.00870511760946435,-0.0596436127115007,-2.38615372966988,-14.0587995949112,-3.59622359762658,-19.7782266447487,0.0985493251455051,1.19032515344812,30.9974225915351,14.0143511666924,13.3363944341712,14.3189037192137,39,42,38
4,N,8321,Packers,,5,54.393075706967,-0.846402446779287,-1.53224193107604,-3.34521565445564,-5.79375588639383,-10.7443102934731,-16.4948441335986,-8.64081932433963,-13.7082109871967,0.367490127539987,4.43871880207043,55.2053090482549,40.9458200998011,43.2777981965657,38.0718730138767,36,38,31
4,N,8322,Product Assemblers,,5,24.5030787199052,-0.0355045329807453,-0.144688601680253,-0.121058773722208,-0.491626452920583,-2.33100430530722,-8.68672986931242,-2.96121837921342,-10.7820650516792,0.165547533520833,1.99956106193723,25.7397482894419,9.50620182278614,19.6181638243796,6.00123987291421,42,54,39
4,N,8391,Metal Engineering Process Workers,,5,7.46803735433196,-0.21396664794853,-2.78529727249571,-0.853842351492721,-10.2602102130255,-2.75618123596129,-26.9573778340183,-3.46687938641338,-31.7046710881227,0.0504555030975261,0.609425324609687,15.8247047412569,9.33580051472734,,8.48222160404268,46,41,48
4,N,8392,Plastics and Rubber Factory Workers,,5,2.03278212930576,0.0184827765962599,0.917578440930244,0.0678377920722737,3.45240273664875,-0.28307605833125,-12.2233761912722,-1.14830835714124,-36.0979469786726,<0.1,0.165884133974548,11.5084569947144,6.05828514621465,,,44,48,39
4,N,8393,Product Quality Controllers,,4,12.3504227011001,-0.0141503706047779,-0.114442856398816,-0.0530162560326488,-0.427431909939471,-0.201692608348107,-1.60684158307795,-0.82368460991604,-6.2522992296205,0.0834418417162369,1.00784985486432,46.3665966443508,15.0995940224246,14.4405877224094,15.6693113633247,46,45,48
4,N,8394,Timber and Wood Process Workers,,5,4.12426082059895,-0.072550261000206,-1.72869971007991,-0.298171388771573,-6.74224894029555,-0.968850471432854,-19.0227626274067,-1.47682779314463,-26.3667992954242,<0.1,0.336558170522617,4.3729813419346,14.3121744007795,,10.5031475278269,31,60,31
4,N,8399,Other Factory Process Workers,,5,11.3126815660041,-0.0876983433518905,-0.769258077793698,-0.353735196238963,-3.03208091608544,-1.90212330971355,-14.3938811628519,1.2754650649363,12.7073583079593,0.0764306621288858,0.923165526424279,17.6648220385688,29.1479572106084,36.7283350930593,27.5216046762456,37,45,34
4,N,8411,Aquaculture Workers,,5,0.997902793660436,0.0135648226567251,1.37806556856618,0.05065554329587,5.34765799281806,-0.128501630434936,-11.4081255085745,-0.313450324417889,-23.9028161138796,<0.1,0.0814333411980938,,,,,45,19,65
4,N,8412,Crop Farm Workers,,5,18.4257098710664,-0.431882858319966,-2.29023324725298,-1.63919587681317,-8.16946711542067,-5.41859884994955,-22.724914835437,-4.82761225633547,-20.7609572081169,0.124487655506226,1.50362052123707,33.3393796499857,29.9456591176475,34.0448416357708,27.8955101409856,33,33,33
4,N,8413,Forestry and Logging Workers,,4,2.23990779000216,0.00615275824914363,0.275444628514839,0.023027820235284,1.03874907750218,0.0396989279225126,1.8043254259502,-0.488524989486051,-17.9049670257109,<0.1,0.182786516356404,,,,,51,43,56
4,N,8414,Garden and Nursery Labourers,,5,35.1960671827305,0.213584589602597,0.610547261858866,0.810480417095668,2.35703529685196,3.29135451481544,10.3162017131262,1.4308885332083,4.23776384558991,0.237791429327666,2.87215685328325,16.725685167868,37.9673854753068,48.6713982881158,35.8174794869715,42,38,43
4,N,8415,Livestock Farm Workers,,5,29.6360828719952,0.0254141312938678,0.0858276167837266,0.00238949404337063,0.0080634364839196,-2.22782860323552,-6.99169844533154,-2.85968076797049,-8.80016484503674,0.200227101204725,2.41843721013911,39.4891058446615,40.3422397934941,46.2428931118251,36.4915030384502,37,33,41
4,N,8416,Mixed Crop and Livestock Farm Workers,,5,3.16875020867999,-0.0777236378306929,-2.39409406960818,-0.298302921236241,-8.60393279417234,-0.759577287578589,-19.335895194635,-0.636114869018557,-16.7184606031635,<0.1,0.258584221383365,35.3892202192347,31.5976465267402,,21.0122920343253,33,42,33
4,N,8419,"Other Farm, Forestry and Garden Workers",,4,16.5092103880399,0.179361885138039,1.09836833517571,0.74955624877531,4.75617194483868,3.30150938723458,24.9968513599246,4.79918916778459,40.9836077793201,0.111539414755106,1.34722557245174,14.5135151795019,21.0903959884996,48.3558450696143,16.4613893104778,42,44,42
4,N,8511,Fast Food Cooks,,5,48.7818240848839,-0.0480928553432562,-0.0984905532444933,-0.234629051487701,-0.478674070592023,-1.13633084544795,-2.27638791344325,8.42321602156552,20.8709279773732,0.329579427557376,3.98081551650759,30.4919150864218,83.6309581308123,79.312817311559,85.5252468794607,18,18,17
4,N,8512,Food Trades Assistants,,5,4.42388118389013,-0.0780277079263962,-1.73321383887251,-0.32614276607111,-6.86612887654537,-1.14376445616695,-20.543054104198,-0.339174006859938,-7.12093379725307,<0.1,0.361008535256329,54.1695925383883,73.4057635991822,67.9515958551628,,30,33,25
4,N,8513,Kitchenhands,Y,5,149.500073890235,0.0163852470847132,0.0109612274311937,0.0848767457435429,0.0568059657689726,,0,17.896342906119,13.5986592266742,1.01005138075182,12.1998761839186,50.4332012340487,79.4603677995481,77.1529572998322,81.8081107565892,22,30,19
4,N,8911,Freight and Furniture Handlers,,5,16.130346899862,0.121438481875998,0.75856815908549,0.475255276962688,3.03578725957448,1.47434392306387,10.0596590038765,0.881899990312554,5.78353976338575,0.108979739837276,1.31630861350915,14.8816563984024,39.7298345853531,38.6729824872537,39.9146092076303,29,36,29
4,N,8912,Shelf Fillers,,5,71.8294203588149,0.0560938001653142,0.0781541038361614,0.287922839021192,0.402455706132698,4.15159895423355,6.13435667412384,11.3364127373642,18.7400382012818,0.485293440492155,5.86160268645471,35.9538794508546,80.8787004170102,78.4251895782128,82.2560396246489,23,30,21
4,N,8991,Caretakers,,5,6.08127327693549,-0.100080969200461,-1.61907836398508,-0.381437245088566,-5.90212487142476,-0.499815931883353,-7.59472962642089,-0.708375417150216,-10.4331674445434,<0.1,0.496259159534981,25.6336796534807,37.3438453636572,,44.8530481799122,51,54,49
4,N,8992,Deck and Fishing Hands,,4,7.14220050802658,0.0300208152716728,0.422104285445074,0.124350464564134,1.77191680919392,0.189493249045222,2.72545991060445,-0.82770505960253,-10.3853810133507,<0.1,0.582835577343055,3.36360679930599,25.7113848836557,,26.2810516992387,31,22,31
4,N,8993,Handypersons,,5,43.4405531589912,0.0040592192331701,0.00934518158578779,-0.011219328999367,-0.025820187202876,0.824434033270784,1.93455915316608,3.59860901231414,9.0322123816698,0.293492769315131,3.54494386597919,5.4739123611682,41.5787262611097,42.787621103444,41.5087203376691,53,52,53
4,N,8994,Motor Vehicle Parts and Accessories Fitters,,4,15.4447814753538,0.133917247980927,0.87465505533978,0.57655813283316,3.87778767880289,2.76651214644194,21.8208974322159,3.1879968251954,26.0100582345974,0.104347927386611,1.26036340172874,1.30786926164469,16.5462061991668,,15.4588923999351,38,15,38
4,N,8995,Printing Assistants and Table Workers,,4,2.372596769658,-0.0278854664572306,-1.16166102117708,-0.0968027606418351,-3.92009310174612,-0.0245130404640168,-1.02260815756159,-0.720687493329136,-23.2984566582697,<0.1,0.193614531892773,40.020777988992,31.269492011084,,37.4369108160857,39,39,40
4,N,8996,Recycling and Rubbish Collectors,,5,3.38149866547963,-0.0494114504480634,-1.44018492990169,-0.179764275250681,-5.04776755444562,0.4500307276124,15.3517192461541,0.680388917341691,25.1892363059564,<0.1,0.275945449132196,22.79144985623,24.8801825880929,,26.3094782143174,39,24,39
4,N,8997,Vending Machine Attendants,,5,4.54055847763073,0.00830539018916898,0.183250803274478,0.0114272368333195,0.252305270608753,-0.557066350889488,-10.9279589932317,-1.08664483670261,-19.3105664750865,<0.1,0.370529925447447,69.971736841962,41.104407745949,31.9534796159979,,32,36,23
4,N,8999,Other Miscellaneous Labourers,,5,73.3003628698133,0.626908069772512,0.86263694425624,2.51073035491693,3.54674867734141,7.99600469809239,12.2442129774349,12.4154940203591,20.3917562031019,0.495231412264205,5.98163818905265,29.2507706708268,44.3821065154186,50.7751557896797,41.738945310953,35,39,35
