anzsco_code,occupation,age_group,share_pct
1111,Chief Executives and Managing Directors,15_19,0
1111,Chief Executives and Managing Directors,20_24,0.5
1111,Chief Executives and Managing Directors,25_34,6.9
1111,Chief Executives and Managing Directors,35_44,22.6
1111,Chief Executives and Managing Directors,45_54,33.3
1111,Chief Executives and Managing Directors,55_59,14.7
1111,Chief Executives and Managing Directors,60_64,10.5
1111,Chief Executives and Managing Directors,65,11.4
1112,General Managers,15_19,0.1
1112,General Managers,20_24,0.8
1112,General Managers,25_34,10.9
1112,General Managers,35_44,28.1
1112,General Managers,45_54,33.6
1112,General Managers,55_59,12.2
1112,General Managers,60_64,7.7
1112,General Managers,65,6.5
1113,Legislators,15_19,0.3
1113,Legislators,20_24,1.4
1113,Legislators,25_34,7.1
1113,Legislators,35_44,18.1
1113,Legislators,45_54,25.7
1113,Legislators,55_59,13.3
1113,Legislators,60_64,11.9
1113,Legislators,65,21.7
1211,Aquaculture Farmers,15_19,3.3
1211,Aquaculture Farmers,20_24,6.8
1211,Aquaculture Farmers,25_34,18.8
1211,Aquaculture Farmers,35_44,23.5
1211,Aquaculture Farmers,45_54,21.1
1211,Aquaculture Farmers,55_59,8.6
1211,Aquaculture Farmers,60_64,6.9
1211,Aquaculture Farmers,65,11.1
1212,Crop Farmers,15_19,1
1212,Crop Farmers,20_24,3
1212,Crop Farmers,25_34,12.4
1212,Crop Farmers,35_44,17.2
1212,Crop Farmers,45_54,22.1
1212,Crop Farmers,55_59,12
1212,Crop Farmers,60_64,11.6
1212,Crop Farmers,65,20.7
1213,Livestock Farmers,15_19,1.1
1213,Livestock Farmers,20_24,2
1213,Livestock Farmers,25_34,8.5
1213,Livestock Farmers,35_44,12.5
1213,Livestock Farmers,45_54,17.4
1213,Livestock Farmers,55_59,11.2
1213,Livestock Farmers,60_64,12.6
1213,Livestock Farmers,65,34.6
1214,Mixed Crop and Livestock Farmers,15_19,0.7
1214,Mixed Crop and Livestock Farmers,20_24,1.9
1214,Mixed Crop and Livestock Farmers,25_34,9
1214,Mixed Crop and Livestock Farmers,35_44,14.8
1214,Mixed Crop and Livestock Farmers,45_54,20.3
1214,Mixed Crop and Livestock Farmers,55_59,12.9
1214,Mixed Crop and Livestock Farmers,60_64,13.3
1214,Mixed Crop and Livestock Farmers,65,27.2
1311,"Advertising, Public Relations and Sales Manager",15_19,0.1
1311,"Advertising, Public Relations and Sales Manager",20_24,2.2
1311,"Advertising, Public Relations and Sales Manager",25_34,22.3
1311,"Advertising, Public Relations and Sales Manager",35_44,32.8
1311,"Advertising, Public Relations and Sales Manager",45_54,27
1311,"Advertising, Public Relations and Sales Manager",55_59,8.2
1311,"Advertising, Public Relations and Sales Manager",60_64,4.6
1311,"Advertising, Public Relations and Sales Manager",65,2.6
1321,Corporate Services Managers,15_19,0.1
1321,Corporate Services Managers,20_24,1
1321,Corporate Services Managers,25_34,14.5
1321,Corporate Services Managers,35_44,29.2
1321,Corporate Services Managers,45_54,31.4
1321,Corporate Services Managers,55_59,12.1
1321,Corporate Services Managers,60_64,7
1321,Corporate Services Managers,65,4.8
1322,Finance Managers,15_19,0
1322,Finance Managers,20_24,0.6
1322,Finance Managers,25_34,13.1
1322,Finance Managers,35_44,32.5
1322,Finance Managers,45_54,32.4
1322,Finance Managers,55_59,10.6
1322,Finance Managers,60_64,6.3
1322,Finance Managers,65,4.5
1323,Human Resource Managers,15_19,0.1
1323,Human Resource Managers,20_24,1.7
1323,Human Resource Managers,25_34,16.4
1323,Human Resource Managers,35_44,32.3
1323,Human Resource Managers,45_54,30.8
1323,Human Resource Managers,55_59,10.3
1323,Human Resource Managers,60_64,5.7
1323,Human Resource Managers,65,2.7
1324,Policy and Planning Managers,15_19,0.1
1324,Policy and Planning Managers,20_24,0.8
1324,Policy and Planning Managers,25_34,16.9
1324,Policy and Planning Managers,35_44,34.5
1324,Policy and Planning Managers,45_54,30.2
1324,Policy and Planning Managers,55_59,9.8
1324,Policy and Planning Managers,60_64,5.1
1324,Policy and Planning Managers,65,2.7
1325,Research and Development Managers,15_19,0.1
1325,Research and Development Managers,20_24,1.1
1325,Research and Development Managers,25_34,16.7
1325,Research and Development Managers,35_44,33.5
1325,Research and Development Managers,45_54,28.7
1325,Research and Development Managers,55_59,9.8
1325,Research and Development Managers,60_64,6.1
1325,Research and Development Managers,65,4.1
1331,Construction Managers,15_19,0.9
1331,Construction Managers,20_24,3.7
1331,Construction Managers,25_34,20.7
1331,Construction Managers,35_44,27.8
1331,Construction Managers,45_54,24.4
1331,Construction Managers,55_59,9.6
1331,Construction Managers,60_64,7.1
1331,Construction Managers,65,5.8
1332,Engineering Managers,15_19,0
1332,Engineering Managers,20_24,0.9
1332,Engineering Managers,25_34,14.8
1332,Engineering Managers,35_44,34.6
1332,Engineering Managers,45_54,28.1
1332,Engineering Managers,55_59,10.9
1332,Engineering Managers,60_64,6.5
1332,Engineering Managers,65,4.1
1333,"Importers, Exporters and Wholesalers",15_19,0.4
1333,"Importers, Exporters and Wholesalers",20_24,2.1
1333,"Importers, Exporters and Wholesalers",25_34,12.9
1333,"Importers, Exporters and Wholesalers",35_44,22.3
1333,"Importers, Exporters and Wholesalers",45_54,27.3
1333,"Importers, Exporters and Wholesalers",55_59,12.8
1333,"Importers, Exporters and Wholesalers",60_64,9.8
1333,"Importers, Exporters and Wholesalers",65,12.5
1334,Manufacturers,15_19,1.8
1334,Manufacturers,20_24,6.1
1334,Manufacturers,25_34,14.7
1334,Manufacturers,35_44,19.5
1334,Manufacturers,45_54,25.3
1334,Manufacturers,55_59,12.3
1334,Manufacturers,60_64,9.6
1334,Manufacturers,65,10.7
1335,Production Managers,15_19,0.1
1335,Production Managers,20_24,1.7
1335,Production Managers,25_34,16.1
1335,Production Managers,35_44,29.1
1335,Production Managers,45_54,30.1
1335,Production Managers,55_59,11.7
1335,Production Managers,60_64,7.1
1335,Production Managers,65,4.1
1336,"Supply, Distribution and Procurement Managers",15_19,0.1
1336,"Supply, Distribution and Procurement Managers",20_24,1.8
1336,"Supply, Distribution and Procurement Managers",25_34,16
1336,"Supply, Distribution and Procurement Managers",35_44,30
1336,"Supply, Distribution and Procurement Managers",45_54,30.1
1336,"Supply, Distribution and Procurement Managers",55_59,11.4
1336,"Supply, Distribution and Procurement Managers",60_64,6.9
1336,"Supply, Distribution and Procurement Managers",65,3.7
1341,Child Care Centre Managers,15_19,0.2
1341,Child Care Centre Managers,20_24,4.6
1341,Child Care Centre Managers,25_34,28.5
1341,Child Care Centre Managers,35_44,30
1341,Child Care Centre Managers,45_54,21.9
1341,Child Care Centre Managers,55_59,7.4
1341,Child Care Centre Managers,60_64,4.6
1341,Child Care Centre Managers,65,2.7
1342,Health and Welfare Services Managers,15_19,0.1
1342,Health and Welfare Services Managers,20_24,1.5
1342,Health and Welfare Services Managers,25_34,15.4
1342,Health and Welfare Services Managers,35_44,26.1
1342,Health and Welfare Services Managers,45_54,30.2
1342,Health and Welfare Services Managers,55_59,13.1
1342,Health and Welfare Services Managers,60_64,9.2
1342,Health and Welfare Services Managers,65,4.4
1343,School Principals,15_19,0
1343,School Principals,20_24,0
1343,School Principals,25_34,7
1343,School Principals,35_44,26.8
1343,School Principals,45_54,35.9
1343,School Principals,55_59,14.9
1343,School Principals,60_64,10.9
1343,School Principals,65,4.4
1344,Other Education Managers,15_19,0.1
1344,Other Education Managers,20_24,1
1344,Other Education Managers,25_34,10.7
1344,Other Education Managers,35_44,25
1344,Other Education Managers,45_54,32
1344,Other Education Managers,55_59,14.9
1344,Other Education Managers,60_64,10.6
1344,Other Education Managers,65,5.8
1351,ICT Managers,15_19,0
1351,ICT Managers,20_24,0.8
1351,ICT Managers,25_34,13.2
1351,ICT Managers,35_44,38.5
1351,ICT Managers,45_54,31.8
1351,ICT Managers,55_59,9.1
1351,ICT Managers,60_64,4.7
1351,ICT Managers,65,1.7
1391,Commissioned Officers (Management),15_19,4.7
1391,Commissioned Officers (Management),20_24,14.4
1391,Commissioned Officers (Management),25_34,22.1
1391,Commissioned Officers (Management),35_44,19.4
1391,Commissioned Officers (Management),45_54,22.7
1391,Commissioned Officers (Management),55_59,9.9
1391,Commissioned Officers (Management),60_64,5.1
1391,Commissioned Officers (Management),65,1.7
1392,Senior Non-Commissioned Defence Force Officers,15_19,0.5
1392,Senior Non-Commissioned Defence Force Officers,20_24,1.5
1392,Senior Non-Commissioned Defence Force Officers,25_34,13.8
1392,Senior Non-Commissioned Defence Force Officers,35_44,36.3
1392,Senior Non-Commissioned Defence Force Officers,45_54,34.3
1392,Senior Non-Commissioned Defence Force Officers,55_59,9.7
1392,Senior Non-Commissioned Defence Force Officers,60_64,3.3
1392,Senior Non-Commissioned Defence Force Officers,65,0.7
1399,Other Specialist Managers,15_19,0.2
1399,Other Specialist Managers,20_24,2.2
1399,Other Specialist Managers,25_34,18.1
1399,Other Specialist Managers,35_44,30.3
1399,Other Specialist Managers,45_54,28.3
1399,Other Specialist Managers,55_59,10.4
1399,Other Specialist Managers,60_64,6.8
1399,Other Specialist Managers,65,3.6
1411,Cafe and Restaurant Managers,15_19,1.2
1411,Cafe and Restaurant Managers,20_24,6.6
1411,Cafe and Restaurant Managers,25_34,25.8
1411,Cafe and Restaurant Managers,35_44,27
1411,Cafe and Restaurant Managers,45_54,21.8
1411,Cafe and Restaurant Managers,55_59,8.5
1411,Cafe and Restaurant Managers,60_64,5.6
1411,Cafe and Restaurant Managers,65,3.5
1412,Caravan Park and Camping Ground Managers,15_19,0.2
1412,Caravan Park and Camping Ground Managers,20_24,1
1412,Caravan Park and Camping Ground Managers,25_34,8
1412,Caravan Park and Camping Ground Managers,35_44,15.8
1412,Caravan Park and Camping Ground Managers,45_54,26.3
1412,Caravan Park and Camping Ground Managers,55_59,17.1
1412,Caravan Park and Camping Ground Managers,60_64,15.7
1412,Caravan Park and Camping Ground Managers,65,15.9
1413,Hotel and Motel Managers,15_19,0.3
1413,Hotel and Motel Managers,20_24,4.8
1413,Hotel and Motel Managers,25_34,21.6
1413,Hotel and Motel Managers,35_44,23.1
1413,Hotel and Motel Managers,45_54,21.9
1413,Hotel and Motel Managers,55_59,10.2
1413,Hotel and Motel Managers,60_64,8.4
1413,Hotel and Motel Managers,65,9.9
1414,Licensed Club Managers,15_19,0.4
1414,Licensed Club Managers,20_24,6.6
1414,Licensed Club Managers,25_34,23.8
1414,Licensed Club Managers,35_44,24.6
1414,Licensed Club Managers,45_54,23.3
1414,Licensed Club Managers,55_59,9.4
1414,Licensed Club Managers,60_64,7.4
1414,Licensed Club Managers,65,4.5
1419,Other Accommodation and Hospitality Managers,15_19,0.2
1419,Other Accommodation and Hospitality Managers,20_24,1.4
1419,Other Accommodation and Hospitality Managers,25_34,8.9
1419,Other Accommodation and Hospitality Managers,35_44,15.8
1419,Other Accommodation and Hospitality Managers,45_54,24.4
1419,Other Accommodation and Hospitality Managers,55_59,15
1419,Other Accommodation and Hospitality Managers,60_64,14.2
1419,Other Accommodation and Hospitality Managers,65,20.3
1421,Retail Managers,15_19,2.3
1421,Retail Managers,20_24,8.3
1421,Retail Managers,25_34,23.3
1421,Retail Managers,35_44,23.5
1421,Retail Managers,45_54,21.9
1421,Retail Managers,55_59,9
1421,Retail Managers,60_64,6.5
1421,Retail Managers,65,5.4
1491,"Amusement, Fitness and Sports Centre Managers",15_19,2.4
1491,"Amusement, Fitness and Sports Centre Managers",20_24,11.5
1491,"Amusement, Fitness and Sports Centre Managers",25_34,32.1
1491,"Amusement, Fitness and Sports Centre Managers",35_44,24.3
1491,"Amusement, Fitness and Sports Centre Managers",45_54,17.3
1491,"Amusement, Fitness and Sports Centre Managers",55_59,5.7
1491,"Amusement, Fitness and Sports Centre Managers",60_64,3.9
1491,"Amusement, Fitness and Sports Centre Managers",65,2.8
1492,"Call, Contact Centre and Customer Service Managers",15_19,0.4
1492,"Call, Contact Centre and Customer Service Managers",20_24,3.6
1492,"Call, Contact Centre and Customer Service Managers",25_34,22.8
1492,"Call, Contact Centre and Customer Service Managers",35_44,30.2
1492,"Call, Contact Centre and Customer Service Managers",45_54,26
1492,"Call, Contact Centre and Customer Service Managers",55_59,9.2
1492,"Call, Contact Centre and Customer Service Managers",60_64,5.4
1492,"Call, Contact Centre and Customer Service Managers",65,2.5
1493,Conference and Event Organisers,15_19,1
1493,Conference and Event Organisers,20_24,9.2
1493,Conference and Event Organisers,25_34,35
1493,Conference and Event Organisers,35_44,27.1
1493,Conference and Event Organisers,45_54,17.5
1493,Conference and Event Organisers,55_59,4.7
1493,Conference and Event Organisers,60_64,3.3
1493,Conference and Event Organisers,65,2.2
1494,Transport Services Managers,15_19,0.1
1494,Transport Services Managers,20_24,1.5
1494,Transport Services Managers,25_34,13.8
1494,Transport Services Managers,35_44,23.6
1494,Transport Services Managers,45_54,26.2
1494,Transport Services Managers,55_59,13.8
1494,Transport Services Managers,60_64,10.9
1494,Transport Services Managers,65,10.1
1499,"Other Hospitality, Retail and Service Managers",15_19,0.3
1499,"Other Hospitality, Retail and Service Managers",20_24,2.6
1499,"Other Hospitality, Retail and Service Managers",25_34,16.3
1499,"Other Hospitality, Retail and Service Managers",35_44,25.7
1499,"Other Hospitality, Retail and Service Managers",45_54,27.3
1499,"Other Hospitality, Retail and Service Managers",55_59,11.8
1499,"Other Hospitality, Retail and Service Managers",60_64,8.9
1499,"Other Hospitality, Retail and Service Managers",65,7
2111,"Actors, Dancers and Other Entertainers",15_19,6.6
2111,"Actors, Dancers and Other Entertainers",20_24,20
2111,"Actors, Dancers and Other Entertainers",25_34,34.7
2111,"Actors, Dancers and Other Entertainers",35_44,17.7
2111,"Actors, Dancers and Other Entertainers",45_54,11.4
2111,"Actors, Dancers and Other Entertainers",55_59,3.4
2111,"Actors, Dancers and Other Entertainers",60_64,3.1
2111,"Actors, Dancers and Other Entertainers",65,3.1
2112,Music Professionals,15_19,2.3
2112,Music Professionals,20_24,8.6
2112,Music Professionals,25_34,26.3
2112,Music Professionals,35_44,23.3
2112,Music Professionals,45_54,19
2112,Music Professionals,55_59,6.6
2112,Music Professionals,60_64,6.1
2112,Music Professionals,65,7.6
2113,Photographers,15_19,1.2
2113,Photographers,20_24,6.9
2113,Photographers,25_34,28.3
2113,Photographers,35_44,30.9
2113,Photographers,45_54,19.4
2113,Photographers,55_59,5.8
2113,Photographers,60_64,4.1
2113,Photographers,65,3.4
2114,Visual Arts and Crafts Professionals,15_19,0.9
2114,Visual Arts and Crafts Professionals,20_24,4
2114,Visual Arts and Crafts Professionals,25_34,16.3
2114,Visual Arts and Crafts Professionals,35_44,19
2114,Visual Arts and Crafts Professionals,45_54,22.1
2114,Visual Arts and Crafts Professionals,55_59,11.2
2114,Visual Arts and Crafts Professionals,60_64,10.5
2114,Visual Arts and Crafts Professionals,65,16
2121,"Artistic Directors, Media Producers and Presenters",15_19,0.6
2121,"Artistic Directors, Media Producers and Presenters",20_24,5.5
2121,"Artistic Directors, Media Producers and Presenters",25_34,27.1
2121,"Artistic Directors, Media Producers and Presenters",35_44,28.7
2121,"Artistic Directors, Media Producers and Presenters",45_54,22.2
2121,"Artistic Directors, Media Producers and Presenters",55_59,7.4
2121,"Artistic Directors, Media Producers and Presenters",60_64,4.4
2121,"Artistic Directors, Media Producers and Presenters",65,4.2
2122,"Authors, and Book and Script Editors",15_19,0.4
2122,"Authors, and Book and Script Editors",20_24,2.8
2122,"Authors, and Book and Script Editors",25_34,16.1
2122,"Authors, and Book and Script Editors",35_44,22.6
2122,"Authors, and Book and Script Editors",45_54,23.5
2122,"Authors, and Book and Script Editors",55_59,10.4
2122,"Authors, and Book and Script Editors",60_64,8.5
2122,"Authors, and Book and Script Editors",65,15.6
2123,"Film, Television, Radio and Stage Directors",15_19,1.3
2123,"Film, Television, Radio and Stage Directors",20_24,9.1
2123,"Film, Television, Radio and Stage Directors",25_34,32.5
2123,"Film, Television, Radio and Stage Directors",35_44,26.1
2123,"Film, Television, Radio and Stage Directors",45_54,18.7
2123,"Film, Television, Radio and Stage Directors",55_59,5.9
2123,"Film, Television, Radio and Stage Directors",60_64,3.7
2123,"Film, Television, Radio and Stage Directors",65,2.7
2124,Journalists and Other Writers,15_19,0.5
2124,Journalists and Other Writers,20_24,7.5
2124,Journalists and Other Writers,25_34,28.2
2124,Journalists and Other Writers,35_44,24.1
2124,Journalists and Other Writers,45_54,19.1
2124,Journalists and Other Writers,55_59,7.9
2124,Journalists and Other Writers,60_64,6.2
2124,Journalists and Other Writers,65,6.5
2211,Accountants,15_19,0.3
2211,Accountants,20_24,5.9
2211,Accountants,25_34,27.5
2211,Accountants,35_44,28.8
2211,Accountants,45_54,20.1
2211,Accountants,55_59,6.9
2211,Accountants,60_64,4.7
2211,Accountants,65,5.8
2212,"Auditors, Company Secretaries and Corporate Treasurers",15_19,0.3
2212,"Auditors, Company Secretaries and Corporate Treasurers",20_24,9.2
2212,"Auditors, Company Secretaries and Corporate Treasurers",25_34,30.1
2212,"Auditors, Company Secretaries and Corporate Treasurers",35_44,27.5
2212,"Auditors, Company Secretaries and Corporate Treasurers",45_54,18.6
2212,"Auditors, Company Secretaries and Corporate Treasurers",55_59,6.7
2212,"Auditors, Company Secretaries and Corporate Treasurers",60_64,4.2
2212,"Auditors, Company Secretaries and Corporate Treasurers",65,3.5
2221,Financial Brokers,15_19,0.2
2221,Financial Brokers,20_24,3.9
2221,Financial Brokers,25_34,20.6
2221,Financial Brokers,35_44,28.3
2221,Financial Brokers,45_54,25
2221,Financial Brokers,55_59,9.4
2221,Financial Brokers,60_64,6.4
2221,Financial Brokers,65,6.1
2222,Financial Dealers,15_19,0.2
2222,Financial Dealers,20_24,6.3
2222,Financial Dealers,25_34,29.5
2222,Financial Dealers,35_44,29.3
2222,Financial Dealers,45_54,20.8
2222,Financial Dealers,55_59,6.5
2222,Financial Dealers,60_64,3.8
2222,Financial Dealers,65,3.5
2223,Financial Investment Advisers and Managers,15_19,0.1
2223,Financial Investment Advisers and Managers,20_24,3.7
2223,Financial Investment Advisers and Managers,25_34,20.6
2223,Financial Investment Advisers and Managers,35_44,29.1
2223,Financial Investment Advisers and Managers,45_54,25.7
2223,Financial Investment Advisers and Managers,55_59,8.6
2223,Financial Investment Advisers and Managers,60_64,5.6
2223,Financial Investment Advisers and Managers,65,6.6
2231,Human Resource Professionals,15_19,0.4
2231,Human Resource Professionals,20_24,7.4
2231,Human Resource Professionals,25_34,34.1
2231,Human Resource Professionals,35_44,28
2231,Human Resource Professionals,45_54,18.6
2231,Human Resource Professionals,55_59,5.9
2231,Human Resource Professionals,60_64,3.6
2231,Human Resource Professionals,65,2.1
2232,ICT Trainers,15_19,1.4
2232,ICT Trainers,20_24,3.7
2232,ICT Trainers,25_34,16.9
2232,ICT Trainers,35_44,24.4
2232,ICT Trainers,45_54,27.2
2232,ICT Trainers,55_59,11
2232,ICT Trainers,60_64,8.4
2232,ICT Trainers,65,6.3
2233,Training and Development Professionals,15_19,0.8
2233,Training and Development Professionals,20_24,3.8
2233,Training and Development Professionals,25_34,21.8
2233,Training and Development Professionals,35_44,25.3
2233,Training and Development Professionals,45_54,26.1
2233,Training and Development Professionals,55_59,10.3
2233,Training and Development Professionals,60_64,7.5
2233,Training and Development Professionals,65,4.4
2241,"Actuaries, Mathematicians and Statisticians",15_19,0.4
2241,"Actuaries, Mathematicians and Statisticians",20_24,9.5
2241,"Actuaries, Mathematicians and Statisticians",25_34,32.6
2241,"Actuaries, Mathematicians and Statisticians",35_44,27.3
2241,"Actuaries, Mathematicians and Statisticians",45_54,17.5
2241,"Actuaries, Mathematicians and Statisticians",55_59,5.9
2241,"Actuaries, Mathematicians and Statisticians",60_64,3.5
2241,"Actuaries, Mathematicians and Statisticians",65,3.1
2242,"Archivists, Curators and Records Managers",15_19,0.3
2242,"Archivists, Curators and Records Managers",20_24,2.9
2242,"Archivists, Curators and Records Managers",25_34,17.6
2242,"Archivists, Curators and Records Managers",35_44,25.3
2242,"Archivists, Curators and Records Managers",45_54,25.7
2242,"Archivists, Curators and Records Managers",55_59,12.2
2242,"Archivists, Curators and Records Managers",60_64,9
2242,"Archivists, Curators and Records Managers",65,7
2243,Economists,15_19,0.1
2243,Economists,20_24,9.2
2243,Economists,25_34,30.9
2243,Economists,35_44,28.1
2243,Economists,45_54,17.1
2243,Economists,55_59,5.7
2243,Economists,60_64,4.5
2243,Economists,65,4.4
2244,Intelligence and Policy Analysts,15_19,0.1
2244,Intelligence and Policy Analysts,20_24,5.7
2244,Intelligence and Policy Analysts,25_34,33.1
2244,Intelligence and Policy Analysts,35_44,28.3
2244,Intelligence and Policy Analysts,45_54,19.3
2244,Intelligence and Policy Analysts,55_59,6.5
2244,Intelligence and Policy Analysts,60_64,4.4
2244,Intelligence and Policy Analysts,65,2.6
2245,Land Economists and Valuers,15_19,0.2
2245,Land Economists and Valuers,20_24,4.6
2245,Land Economists and Valuers,25_34,24.3
2245,Land Economists and Valuers,35_44,25.9
2245,Land Economists and Valuers,45_54,22.2
2245,Land Economists and Valuers,55_59,8.8
2245,Land Economists and Valuers,60_64,6.1
2245,Land Economists and Valuers,65,7.9
2246,Librarians,15_19,0.4
2246,Librarians,20_24,1.5
2246,Librarians,25_34,9.7
2246,Librarians,35_44,20.3
2246,Librarians,45_54,29.5
2246,Librarians,55_59,15.7
2246,Librarians,60_64,14.2
2246,Librarians,65,8.8
2247,Management and Organisation Analysts,15_19,0.1
2247,Management and Organisation Analysts,20_24,3.9
2247,Management and Organisation Analysts,25_34,22.2
2247,Management and Organisation Analysts,35_44,29.3
2247,Management and Organisation Analysts,45_54,23.8
2247,Management and Organisation Analysts,55_59,8.7
2247,Management and Organisation Analysts,60_64,6
2247,Management and Organisation Analysts,65,5.9
2249,Other Information and Organisation Professionals,15_19,0.3
2249,Other Information and Organisation Professionals,20_24,5.9
2249,Other Information and Organisation Professionals,25_34,29.1
2249,Other Information and Organisation Professionals,35_44,31.5
2249,Other Information and Organisation Professionals,45_54,20
2249,Other Information and Organisation Professionals,55_59,6.5
2249,Other Information and Organisation Professionals,60_64,4.1
2249,Other Information and Organisation Professionals,65,2.6
2251,Advertising and Marketing Professionals,15_19,0.6
2251,Advertising and Marketing Professionals,20_24,9.7
2251,Advertising and Marketing Professionals,25_34,37.8
2251,Advertising and Marketing Professionals,35_44,29
2251,Advertising and Marketing Professionals,45_54,15.7
2251,Advertising and Marketing Professionals,55_59,3.7
2251,Advertising and Marketing Professionals,60_64,2
2251,Advertising and Marketing Professionals,65,1.6
2252,ICT Sales Professionals,15_19,0.3
2252,ICT Sales Professionals,20_24,4.5
2252,ICT Sales Professionals,25_34,27.1
2252,ICT Sales Professionals,35_44,31.6
2252,ICT Sales Professionals,45_54,24.8
2252,ICT Sales Professionals,55_59,6.8
2252,ICT Sales Professionals,60_64,3.4
2252,ICT Sales Professionals,65,1.5
2253,Public Relations Professionals,15_19,0.9
2253,Public Relations Professionals,20_24,9.8
2253,Public Relations Professionals,25_34,36.2
2253,Public Relations Professionals,35_44,26.4
2253,Public Relations Professionals,45_54,17.1
2253,Public Relations Professionals,55_59,4.9
2253,Public Relations Professionals,60_64,2.8
2253,Public Relations Professionals,65,1.9
2254,Technical Sales Representatives,15_19,0.3
2254,Technical Sales Representatives,20_24,2.8
2254,Technical Sales Representatives,25_34,18.3
2254,Technical Sales Representatives,35_44,26.3
2254,Technical Sales Representatives,45_54,28.5
2254,Technical Sales Representatives,55_59,11.4
2254,Technical Sales Representatives,60_64,7.7
2254,Technical Sales Representatives,65,4.7
2311,Air Transport Professionals,15_19,0.2
2311,Air Transport Professionals,20_24,5.4
2311,Air Transport Professionals,25_34,25.6
2311,Air Transport Professionals,35_44,26.3
2311,Air Transport Professionals,45_54,24.4
2311,Air Transport Professionals,55_59,9.7
2311,Air Transport Professionals,60_64,5.2
2311,Air Transport Professionals,65,3.3
2312,Marine Transport Professionals,15_19,0.8
2312,Marine Transport Professionals,20_24,3
2312,Marine Transport Professionals,25_34,15.5
2312,Marine Transport Professionals,35_44,23.5
2312,Marine Transport Professionals,45_54,27.3
2312,Marine Transport Professionals,55_59,12.9
2312,Marine Transport Professionals,60_64,9.7
2312,Marine Transport Professionals,65,7.2
2321,Architects and Landscape Architects,15_19,0.1
2321,Architects and Landscape Architects,20_24,3.6
2321,Architects and Landscape Architects,25_34,31.3
2321,Architects and Landscape Architects,35_44,27.1
2321,Architects and Landscape Architects,45_54,19.1
2321,Architects and Landscape Architects,55_59,6.5
2321,Architects and Landscape Architects,60_64,5.3
2321,Architects and Landscape Architects,65,7
2322,Surveyors and Spatial Scientists,15_19,0.7
2322,Surveyors and Spatial Scientists,20_24,7.1
2322,Surveyors and Spatial Scientists,25_34,26.2
2322,Surveyors and Spatial Scientists,35_44,27.1
2322,Surveyors and Spatial Scientists,45_54,20.2
2322,Surveyors and Spatial Scientists,55_59,7.5
2322,Surveyors and Spatial Scientists,60_64,5.9
2322,Surveyors and Spatial Scientists,65,5.3
2323,"Fashion, Industrial and Jewellery Designers",15_19,0.3
2323,"Fashion, Industrial and Jewellery Designers",20_24,7
2323,"Fashion, Industrial and Jewellery Designers",25_34,34.4
2323,"Fashion, Industrial and Jewellery Designers",35_44,29.3
2323,"Fashion, Industrial and Jewellery Designers",45_54,16.8
2323,"Fashion, Industrial and Jewellery Designers",55_59,5.5
2323,"Fashion, Industrial and Jewellery Designers",60_64,3.5
2323,"Fashion, Industrial and Jewellery Designers",65,3.2
2324,"Graphic and Web Designers, and Illustrators",15_19,0.8
2324,"Graphic and Web Designers, and Illustrators",20_24,8.4
2324,"Graphic and Web Designers, and Illustrators",25_34,34.3
2324,"Graphic and Web Designers, and Illustrators",35_44,30.1
2324,"Graphic and Web Designers, and Illustrators",45_54,18
2324,"Graphic and Web Designers, and Illustrators",55_59,4.3
2324,"Graphic and Web Designers, and Illustrators",60_64,2.4
2324,"Graphic and Web Designers, and Illustrators",65,1.6
2325,Interior Designers,15_19,0.4
2325,Interior Designers,20_24,6.3
2325,Interior Designers,25_34,30.5
2325,Interior Designers,35_44,27.8
2325,Interior Designers,45_54,20.9
2325,Interior Designers,55_59,6.7
2325,Interior Designers,60_64,4
2325,Interior Designers,65,3.5
2326,Urban and Regional Planners,15_19,0.2
2326,Urban and Regional Planners,20_24,6
2326,Urban and Regional Planners,25_34,29.4
2326,Urban and Regional Planners,35_44,29
2326,Urban and Regional Planners,45_54,20.6
2326,Urban and Regional Planners,55_59,6.7
2326,Urban and Regional Planners,60_64,4.6
2326,Urban and Regional Planners,65,3.6
2331,Chemical and Materials Engineers,15_19,0.1
2331,Chemical and Materials Engineers,20_24,7.2
2331,Chemical and Materials Engineers,25_34,32.7
2331,Chemical and Materials Engineers,35_44,24.8
2331,Chemical and Materials Engineers,45_54,18.6
2331,Chemical and Materials Engineers,55_59,7.6
2331,Chemical and Materials Engineers,60_64,4.3
2331,Chemical and Materials Engineers,65,5
2332,Civil Engineering Professionals,15_19,0.3
2332,Civil Engineering Professionals,20_24,8.6
2332,Civil Engineering Professionals,25_34,40.6
2332,Civil Engineering Professionals,35_44,23.6
2332,Civil Engineering Professionals,45_54,13.6
2332,Civil Engineering Professionals,55_59,5.2
2332,Civil Engineering Professionals,60_64,3.7
2332,Civil Engineering Professionals,65,4.5
2333,Electrical Engineers,15_19,0.1
2333,Electrical Engineers,20_24,6.1
2333,Electrical Engineers,25_34,30.3
2333,Electrical Engineers,35_44,28.6
2333,Electrical Engineers,45_54,17.7
2333,Electrical Engineers,55_59,7.5
2333,Electrical Engineers,60_64,5.4
2333,Electrical Engineers,65,4.2
2334,Electronics Engineers,15_19,0.2
2334,Electronics Engineers,20_24,4.4
2334,Electronics Engineers,25_34,21.5
2334,Electronics Engineers,35_44,27.7
2334,Electronics Engineers,45_54,21
2334,Electronics Engineers,55_59,10.6
2334,Electronics Engineers,60_64,8
2334,Electronics Engineers,65,6.5
2335,"Industrial, Mechanical and Production Engineers",15_19,0.3
2335,"Industrial, Mechanical and Production Engineers",20_24,6
2335,"Industrial, Mechanical and Production Engineers",25_34,34
2335,"Industrial, Mechanical and Production Engineers",35_44,27.3
2335,"Industrial, Mechanical and Production Engineers",45_54,17
2335,"Industrial, Mechanical and Production Engineers",55_59,6.6
2335,"Industrial, Mechanical and Production Engineers",60_64,4.8
2335,"Industrial, Mechanical and Production Engineers",65,4.1
2336,Mining Engineers,15_19,0.1
2336,Mining Engineers,20_24,4.5
2336,Mining Engineers,25_34,32.8
2336,Mining Engineers,35_44,31
2336,Mining Engineers,45_54,18
2336,Mining Engineers,55_59,6.2
2336,Mining Engineers,60_64,4
2336,Mining Engineers,65,3.4
2339,Other Engineering Professionals,15_19,0.2
2339,Other Engineering Professionals,20_24,8
2339,Other Engineering Professionals,25_34,36.5
2339,Other Engineering Professionals,35_44,26
2339,Other Engineering Professionals,45_54,16
2339,Other Engineering Professionals,55_59,5.7
2339,Other Engineering Professionals,60_64,3.9
2339,Other Engineering Professionals,65,3.7
2341,Agricultural and Forestry Scientists,15_19,0.5
2341,Agricultural and Forestry Scientists,20_24,7.1
2341,Agricultural and Forestry Scientists,25_34,21.3
2341,Agricultural and Forestry Scientists,35_44,21.7
2341,Agricultural and Forestry Scientists,45_54,22.4
2341,Agricultural and Forestry Scientists,55_59,9.9
2341,Agricultural and Forestry Scientists,60_64,8.2
2341,Agricultural and Forestry Scientists,65,8.9
2342,"Chemists, and Food and Wine Scientists",15_19,1.2
2342,"Chemists, and Food and Wine Scientists",20_24,5.2
2342,"Chemists, and Food and Wine Scientists",25_34,26.6
2342,"Chemists, and Food and Wine Scientists",35_44,26.4
2342,"Chemists, and Food and Wine Scientists",45_54,20.8
2342,"Chemists, and Food and Wine Scientists",55_59,7.7
2342,"Chemists, and Food and Wine Scientists",60_64,6.2
2342,"Chemists, and Food and Wine Scientists",65,5.8
2343,Environmental Scientists,15_19,0.5
2343,Environmental Scientists,20_24,5.7
2343,Environmental Scientists,25_34,28.1
2343,Environmental Scientists,35_44,29.2
2343,Environmental Scientists,45_54,21
2343,Environmental Scientists,55_59,7
2343,Environmental Scientists,60_64,5
2343,Environmental Scientists,65,3.5
2344,"Geologists, Geophysicists and Hydrogeologists",15_19,0.1
2344,"Geologists, Geophysicists and Hydrogeologists",20_24,4.2
2344,"Geologists, Geophysicists and Hydrogeologists",25_34,28.2
2344,"Geologists, Geophysicists and Hydrogeologists",35_44,27.3
2344,"Geologists, Geophysicists and Hydrogeologists",45_54,20
2344,"Geologists, Geophysicists and Hydrogeologists",55_59,8.4
2344,"Geologists, Geophysicists and Hydrogeologists",60_64,5.2
2344,"Geologists, Geophysicists and Hydrogeologists",65,6.6
2345,Life Scientists,15_19,0.2
2345,Life Scientists,20_24,5.2
2345,Life Scientists,25_34,29.9
2345,Life Scientists,35_44,29.3
2345,Life Scientists,45_54,19.3
2345,Life Scientists,55_59,6.6
2345,Life Scientists,60_64,5.1
2345,Life Scientists,65,4.3
2346,Medical Laboratory Scientists,15_19,0.1
2346,Medical Laboratory Scientists,20_24,5.4
2346,Medical Laboratory Scientists,25_34,30.9
2346,Medical Laboratory Scientists,35_44,31.1
2346,Medical Laboratory Scientists,45_54,17
2346,Medical Laboratory Scientists,55_59,7
2346,Medical Laboratory Scientists,60_64,5.2
2346,Medical Laboratory Scientists,65,3.2
2347,Veterinarians,15_19,0.3
2347,Veterinarians,20_24,3
2347,Veterinarians,25_34,35.3
2347,Veterinarians,35_44,25.8
2347,Veterinarians,45_54,18.4
2347,Veterinarians,55_59,7
2347,Veterinarians,60_64,5.1
2347,Veterinarians,65,5.2
2349,Other Natural and Physical Science Professionals,15_19,0
2349,Other Natural and Physical Science Professionals,20_24,11.8
2349,Other Natural and Physical Science Professionals,25_34,42.9
2349,Other Natural and Physical Science Professionals,35_44,21.2
2349,Other Natural and Physical Science Professionals,45_54,12.8
2349,Other Natural and Physical Science Professionals,55_59,5
2349,Other Natural and Physical Science Professionals,60_64,3.5
2349,Other Natural and Physical Science Professionals,65,2.7
2411,Early Childhood (Pre-primary School) Teachers,15_19,0.7
2411,Early Childhood (Pre-primary School) Teachers,20_24,5.8
2411,Early Childhood (Pre-primary School) Teachers,25_34,28.5
2411,Early Childhood (Pre-primary School) Teachers,35_44,27.3
2411,Early Childhood (Pre-primary School) Teachers,45_54,22.7
2411,Early Childhood (Pre-primary School) Teachers,55_59,7.6
2411,Early Childhood (Pre-primary School) Teachers,60_64,5.4
2411,Early Childhood (Pre-primary School) Teachers,65,2
2412,Primary School Teachers,15_19,0.2
2412,Primary School Teachers,20_24,4.6
2412,Primary School Teachers,25_34,29.6
2412,Primary School Teachers,35_44,26.7
2412,Primary School Teachers,45_54,21.2
2412,Primary School Teachers,55_59,7.7
2412,Primary School Teachers,60_64,6.4
2412,Primary School Teachers,65,3.6
2413,Middle School Teachers,15_19,0.7
2413,Middle School Teachers,20_24,3.6
2413,Middle School Teachers,25_34,25.2
2413,Middle School Teachers,35_44,31.5
2413,Middle School Teachers,45_54,22.2
2413,Middle School Teachers,55_59,8.1
2413,Middle School Teachers,60_64,5.6
2413,Middle School Teachers,65,3.3
2414,Secondary School Teachers,15_19,0.2
2414,Secondary School Teachers,20_24,3.9
2414,Secondary School Teachers,25_34,26.8
2414,Secondary School Teachers,35_44,24.6
2414,Secondary School Teachers,45_54,22.7
2414,Secondary School Teachers,55_59,9.7
2414,Secondary School Teachers,60_64,7.3
2414,Secondary School Teachers,65,4.7
2415,Special Education Teachers,15_19,0.2
2415,Special Education Teachers,20_24,2.7
2415,Special Education Teachers,25_34,20.4
2415,Special Education Teachers,35_44,24.7
2415,Special Education Teachers,45_54,26
2415,Special Education Teachers,55_59,10.8
2415,Special Education Teachers,60_64,9.2
2415,Special Education Teachers,65,5.9
2421,University Lecturers and Tutors,15_19,0.4
2421,University Lecturers and Tutors,20_24,5.4
2421,University Lecturers and Tutors,25_34,15.7
2421,University Lecturers and Tutors,35_44,25.7
2421,University Lecturers and Tutors,45_54,24.9
2421,University Lecturers and Tutors,55_59,11.3
2421,University Lecturers and Tutors,60_64,9.1
2421,University Lecturers and Tutors,65,7.6
2422,Vocational Education Teachers,15_19,0.3
2422,Vocational Education Teachers,20_24,0.9
2422,Vocational Education Teachers,25_34,9.9
2422,Vocational Education Teachers,35_44,21
2422,Vocational Education Teachers,45_54,28.2
2422,Vocational Education Teachers,55_59,15.7
2422,Vocational Education Teachers,60_64,14
2422,Vocational Education Teachers,65,9.9
2491,Education Advisers and Reviewers,15_19,0.2
2491,Education Advisers and Reviewers,20_24,2.7
2491,Education Advisers and Reviewers,25_34,17.4
2491,Education Advisers and Reviewers,35_44,26.2
2491,Education Advisers and Reviewers,45_54,24.5
2491,Education Advisers and Reviewers,55_59,11
2491,Education Advisers and Reviewers,60_64,9.5
2491,Education Advisers and Reviewers,65,8.6
2492,Private Tutors and Teachers,15_19,13.9
2492,Private Tutors and Teachers,20_24,19.4
2492,Private Tutors and Teachers,25_34,18.2
2492,Private Tutors and Teachers,35_44,15.3
2492,Private Tutors and Teachers,45_54,13.6
2492,Private Tutors and Teachers,55_59,5.8
2492,Private Tutors and Teachers,60_64,5.7
2492,Private Tutors and Teachers,65,8.1
2493,Teachers of English to Speakers of Other Languages,15_19,0.5
2493,Teachers of English to Speakers of Other Languages,20_24,2.2
2493,Teachers of English to Speakers of Other Languages,25_34,13.7
2493,Teachers of English to Speakers of Other Languages,35_44,20.3
2493,Teachers of English to Speakers of Other Languages,45_54,23.7
2493,Teachers of English to Speakers of Other Languages,55_59,13.3
2493,Teachers of English to Speakers of Other Languages,60_64,13
2493,Teachers of English to Speakers of Other Languages,65,13.3
2511,Nutrition Professionals,15_19,0
2511,Nutrition Professionals,20_24,6.5
2511,Nutrition Professionals,25_34,42.4
2511,Nutrition Professionals,35_44,27
2511,Nutrition Professionals,45_54,15.5
2511,Nutrition Professionals,55_59,4.4
2511,Nutrition Professionals,60_64,2.8
2511,Nutrition Professionals,65,1.6
2512,Medical Imaging Professionals,15_19,0
2512,Medical Imaging Professionals,20_24,8
2512,Medical Imaging Professionals,25_34,34.6
2512,Medical Imaging Professionals,35_44,26.6
2512,Medical Imaging Professionals,45_54,17.1
2512,Medical Imaging Professionals,55_59,6.1
2512,Medical Imaging Professionals,60_64,4.8
2512,Medical Imaging Professionals,65,2.7
2513,Occupational and Environmental Health Professionals,15_19,0.3
2513,Occupational and Environmental Health Professionals,20_24,3.3
2513,Occupational and Environmental Health Professionals,25_34,20.6
2513,Occupational and Environmental Health Professionals,35_44,25.6
2513,Occupational and Environmental Health Professionals,45_54,25.7
2513,Occupational and Environmental Health Professionals,55_59,11.8
2513,Occupational and Environmental Health Professionals,60_64,8.4
2513,Occupational and Environmental Health Professionals,65,4.3
2514,Optometrists and Orthoptists,15_19,0.1
2514,Optometrists and Orthoptists,20_24,7.3
2514,Optometrists and Orthoptists,25_34,36.3
2514,Optometrists and Orthoptists,35_44,20.9
2514,Optometrists and Orthoptists,45_54,18.6
2514,Optometrists and Orthoptists,55_59,6.4
2514,Optometrists and Orthoptists,60_64,6.8
2514,Optometrists and Orthoptists,65,3.7
2515,Pharmacists,15_19,1
2515,Pharmacists,20_24,8.2
2515,Pharmacists,25_34,36.7
2515,Pharmacists,35_44,28.1
2515,Pharmacists,45_54,13.9
2515,Pharmacists,55_59,4.7
2515,Pharmacists,60_64,3.8
2515,Pharmacists,65,3.5
2519,Other Health Diagnostic and Promotion Professionals,15_19,0.5
2519,Other Health Diagnostic and Promotion Professionals,20_24,6
2519,Other Health Diagnostic and Promotion Professionals,25_34,25.7
2519,Other Health Diagnostic and Promotion Professionals,35_44,23.4
2519,Other Health Diagnostic and Promotion Professionals,45_54,21.9
2519,Other Health Diagnostic and Promotion Professionals,55_59,10.3
2519,Other Health Diagnostic and Promotion Professionals,60_64,8
2519,Other Health Diagnostic and Promotion Professionals,65,4.1
2521,Chiropractors and Osteopaths,15_19,0
2521,Chiropractors and Osteopaths,20_24,4.2
2521,Chiropractors and Osteopaths,25_34,35.1
2521,Chiropractors and Osteopaths,35_44,27.1
2521,Chiropractors and Osteopaths,45_54,19.3
2521,Chiropractors and Osteopaths,55_59,5.6
2521,Chiropractors and Osteopaths,60_64,4.3
2521,Chiropractors and Osteopaths,65,4.4
2522,Complementary Health Therapists,15_19,0.1
2522,Complementary Health Therapists,20_24,0.9
2522,Complementary Health Therapists,25_34,13.7
2522,Complementary Health Therapists,35_44,24.3
2522,Complementary Health Therapists,45_54,27.9
2522,Complementary Health Therapists,55_59,11.6
2522,Complementary Health Therapists,60_64,10
2522,Complementary Health Therapists,65,11.6
2523,Dental Practitioners,15_19,0.3
2523,Dental Practitioners,20_24,2.7
2523,Dental Practitioners,25_34,29.7
2523,Dental Practitioners,35_44,28.8
2523,Dental Practitioners,45_54,18.1
2523,Dental Practitioners,55_59,7.5
2523,Dental Practitioners,60_64,6.5
2523,Dental Practitioners,65,6.6
2524,Occupational Therapists,15_19,0.1
2524,Occupational Therapists,20_24,10.6
2524,Occupational Therapists,25_34,43.7
2524,Occupational Therapists,35_44,24.8
2524,Occupational Therapists,45_54,13.6
2524,Occupational Therapists,55_59,3.8
2524,Occupational Therapists,60_64,2.4
2524,Occupational Therapists,65,1.1
2525,Physiotherapists,15_19,0
2525,Physiotherapists,20_24,8.1
2525,Physiotherapists,25_34,43.5
2525,Physiotherapists,35_44,23.4
2525,Physiotherapists,45_54,13.5
2525,Physiotherapists,55_59,4.9
2525,Physiotherapists,60_64,4
2525,Physiotherapists,65,2.5
2526,Podiatrists,15_19,0
2526,Podiatrists,20_24,5.9
2526,Podiatrists,25_34,41.3
2526,Podiatrists,35_44,23.1
2526,Podiatrists,45_54,18.1
2526,Podiatrists,55_59,5.6
2526,Podiatrists,60_64,4
2526,Podiatrists,65,1.9
2527,Audiologists and Speech Pathologists \ Therapists,15_19,0.1
2527,Audiologists and Speech Pathologists \ Therapists,20_24,9.1
2527,Audiologists and Speech Pathologists \ Therapists,25_34,43.7
2527,Audiologists and Speech Pathologists \ Therapists,35_44,24.2
2527,Audiologists and Speech Pathologists \ Therapists,45_54,14.5
2527,Audiologists and Speech Pathologists \ Therapists,55_59,4
2527,Audiologists and Speech Pathologists \ Therapists,60_64,2.8
2527,Audiologists and Speech Pathologists \ Therapists,65,1.7
2531,General Practitioners and Resident Medical Officers,15_19,0
2531,General Practitioners and Resident Medical Officers,20_24,2
2531,General Practitioners and Resident Medical Officers,25_34,31
2531,General Practitioners and Resident Medical Officers,35_44,24.6
2531,General Practitioners and Resident Medical Officers,45_54,18.1
2531,General Practitioners and Resident Medical Officers,55_59,8
2531,General Practitioners and Resident Medical Officers,60_64,6.9
2531,General Practitioners and Resident Medical Officers,65,9.3
2532,Anaesthetists,15_19,0
2532,Anaesthetists,20_24,0
2532,Anaesthetists,25_34,17.2
2532,Anaesthetists,35_44,32.8
2532,Anaesthetists,45_54,27.2
2532,Anaesthetists,55_59,8.6
2532,Anaesthetists,60_64,7.9
2532,Anaesthetists,65,6.4
2533,Specialist Physicians,15_19,0
2533,Specialist Physicians,20_24,0.3
2533,Specialist Physicians,25_34,20.2
2533,Specialist Physicians,35_44,33.4
2533,Specialist Physicians,45_54,23.8
2533,Specialist Physicians,55_59,7.9
2533,Specialist Physicians,60_64,6.5
2533,Specialist Physicians,65,7.9
2534,Psychiatrists,15_19,0
2534,Psychiatrists,20_24,0.1
2534,Psychiatrists,25_34,18.9
2534,Psychiatrists,35_44,24.8
2534,Psychiatrists,45_54,25.5
2534,Psychiatrists,55_59,8.8
2534,Psychiatrists,60_64,8.3
2534,Psychiatrists,65,13.8
2535,Surgeons,15_19,0.1
2535,Surgeons,20_24,0.3
2535,Surgeons,25_34,20.1
2535,Surgeons,35_44,28.6
2535,Surgeons,45_54,25.2
2535,Surgeons,55_59,8.8
2535,Surgeons,60_64,7.2
2535,Surgeons,65,9.7
2539,Other Medical Practitioners,15_19,0.2
2539,Other Medical Practitioners,20_24,1.7
2539,Other Medical Practitioners,25_34,23.7
2539,Other Medical Practitioners,35_44,30.4
2539,Other Medical Practitioners,45_54,22.1
2539,Other Medical Practitioners,55_59,8.2
2539,Other Medical Practitioners,60_64,6.6
2539,Other Medical Practitioners,65,7
2541,Midwives,15_19,0
2541,Midwives,20_24,5.9
2541,Midwives,25_34,27.7
2541,Midwives,35_44,21.3
2541,Midwives,45_54,19.5
2541,Midwives,55_59,11
2541,Midwives,60_64,9.7
2541,Midwives,65,4.8
2542,Nurse Educators and Researchers,15_19,0.1
2542,Nurse Educators and Researchers,20_24,0.7
2542,Nurse Educators and Researchers,25_34,19.2
2542,Nurse Educators and Researchers,35_44,26.5
2542,Nurse Educators and Researchers,45_54,27.6
2542,Nurse Educators and Researchers,55_59,13.3
2542,Nurse Educators and Researchers,60_64,9
2542,Nurse Educators and Researchers,65,3.9
2543,Nurse Managers,15_19,0
2543,Nurse Managers,20_24,0.8
2543,Nurse Managers,25_34,16.2
2543,Nurse Managers,35_44,25.8
2543,Nurse Managers,45_54,29.2
2543,Nurse Managers,55_59,13.3
2543,Nurse Managers,60_64,10
2543,Nurse Managers,65,4.6
2544,Registered Nurses,15_19,0.1
2544,Registered Nurses,20_24,6.8
2544,Registered Nurses,25_34,28.8
2544,Registered Nurses,35_44,23.2
2544,Registered Nurses,45_54,20.1
2544,Registered Nurses,55_59,8.9
2544,Registered Nurses,60_64,7.8
2544,Registered Nurses,65,4.3
2611,ICT Business and Systems Analysts,15_19,0
2611,ICT Business and Systems Analysts,20_24,2.4
2611,ICT Business and Systems Analysts,25_34,19.4
2611,ICT Business and Systems Analysts,35_44,37.9
2611,ICT Business and Systems Analysts,45_54,25.6
2611,ICT Business and Systems Analysts,55_59,8.1
2611,ICT Business and Systems Analysts,60_64,4.6
2611,ICT Business and Systems Analysts,65,2.1
2612,Multimedia Specialists and Web Developers,15_19,0.7
2612,Multimedia Specialists and Web Developers,20_24,7.4
2612,Multimedia Specialists and Web Developers,25_34,40.6
2612,Multimedia Specialists and Web Developers,35_44,33.3
2612,Multimedia Specialists and Web Developers,45_54,12.7
2612,Multimedia Specialists and Web Developers,55_59,2.8
2612,Multimedia Specialists and Web Developers,60_64,1.7
2612,Multimedia Specialists and Web Developers,65,0.8
2613,Software and Applications Programmers,15_19,0.2
2613,Software and Applications Programmers,20_24,5.7
2613,Software and Applications Programmers,25_34,30.4
2613,Software and Applications Programmers,35_44,38
2613,Software and Applications Programmers,45_54,16.8
2613,Software and Applications Programmers,55_59,4.6
2613,Software and Applications Programmers,60_64,2.8
2613,Software and Applications Programmers,65,1.5
2621,"Database and Systems Administrators, and ICT Security Specialists",15_19,0.3
2621,"Database and Systems Administrators, and ICT Security Specialists",20_24,4.4
2621,"Database and Systems Administrators, and ICT Security Specialists",25_34,23.5
2621,"Database and Systems Administrators, and ICT Security Specialists",35_44,34.5
2621,"Database and Systems Administrators, and ICT Security Specialists",45_54,23.8
2621,"Database and Systems Administrators, and ICT Security Specialists",55_59,7.4
2621,"Database and Systems Administrators, and ICT Security Specialists",60_64,4.2
2621,"Database and Systems Administrators, and ICT Security Specialists",65,1.8
2631,Computer Network Professionals,15_19,0.2
2631,Computer Network Professionals,20_24,2.8
2631,Computer Network Professionals,25_34,22.5
2631,Computer Network Professionals,35_44,39
2631,Computer Network Professionals,45_54,23.6
2631,Computer Network Professionals,55_59,6.7
2631,Computer Network Professionals,60_64,3.6
2631,Computer Network Professionals,65,1.6
2632,ICT Support and Test Engineers,15_19,0.2
2632,ICT Support and Test Engineers,20_24,5.1
2632,ICT Support and Test Engineers,25_34,33.1
2632,ICT Support and Test Engineers,35_44,35.9
2632,ICT Support and Test Engineers,45_54,17
2632,ICT Support and Test Engineers,55_59,5
2632,ICT Support and Test Engineers,60_64,2.5
2632,ICT Support and Test Engineers,65,1.3
2633,Telecommunications Engineering Professionals,15_19,0.1
2633,Telecommunications Engineering Professionals,20_24,2.8
2633,Telecommunications Engineering Professionals,25_34,22.5
2633,Telecommunications Engineering Professionals,35_44,37.5
2633,Telecommunications Engineering Professionals,45_54,22.9
2633,Telecommunications Engineering Professionals,55_59,7.8
2633,Telecommunications Engineering Professionals,60_64,3.9
2633,Telecommunications Engineering Professionals,65,2.5
2711,Barristers,15_19,0.4
2711,Barristers,20_24,0.9
2711,Barristers,25_34,18.8
2711,Barristers,35_44,27.9
2711,Barristers,45_54,23.7
2711,Barristers,55_59,9.4
2711,Barristers,60_64,7.2
2711,Barristers,65,11.7
2712,Judicial and Other Legal Professionals,15_19,0.2
2712,Judicial and Other Legal Professionals,20_24,3.9
2712,Judicial and Other Legal Professionals,25_34,23.2
2712,Judicial and Other Legal Professionals,35_44,23.6
2712,Judicial and Other Legal Professionals,45_54,21.4
2712,Judicial and Other Legal Professionals,55_59,9.5
2712,Judicial and Other Legal Professionals,60_64,8.1
2712,Judicial and Other Legal Professionals,65,10.1
2713,Solicitors,15_19,0
2713,Solicitors,20_24,3.8
2713,Solicitors,25_34,36.2
2713,Solicitors,35_44,25.2
2713,Solicitors,45_54,16.7
2713,Solicitors,55_59,6
2713,Solicitors,60_64,5.1
2713,Solicitors,65,7
2721,Counsellors,15_19,0.4
2721,Counsellors,20_24,4.3
2721,Counsellors,25_34,21.6
2721,Counsellors,35_44,23.1
2721,Counsellors,45_54,24.7
2721,Counsellors,55_59,9.9
2721,Counsellors,60_64,8.4
2721,Counsellors,65,7.7
2722,Ministers of Religion,15_19,0.3
2722,Ministers of Religion,20_24,2.7
2722,Ministers of Religion,25_34,13.2
2722,Ministers of Religion,35_44,21.4
2722,Ministers of Religion,45_54,24.4
2722,Ministers of Religion,55_59,12.3
2722,Ministers of Religion,60_64,11.9
2722,Ministers of Religion,65,13.9
2723,Psychologists and Psychotherapists,15_19,0.1
2723,Psychologists and Psychotherapists,20_24,2.6
2723,Psychologists and Psychotherapists,25_34,23.6
2723,Psychologists and Psychotherapists,35_44,26.7
2723,Psychologists and Psychotherapists,45_54,22.3
2723,Psychologists and Psychotherapists,55_59,8.2
2723,Psychologists and Psychotherapists,60_64,7.1
2723,Psychologists and Psychotherapists,65,9.5
2724,Social Professionals,15_19,2
2724,Social Professionals,20_24,4
2724,Social Professionals,25_34,17.7
2724,Social Professionals,35_44,21.1
2724,Social Professionals,45_54,20.2
2724,Social Professionals,55_59,10.1
2724,Social Professionals,60_64,9.6
2724,Social Professionals,65,15.4
2725,Social Workers,15_19,0.1
2725,Social Workers,20_24,3.9
2725,Social Workers,25_34,28.1
2725,Social Workers,35_44,26.4
2725,Social Workers,45_54,22.3
2725,Social Workers,55_59,8.6
2725,Social Workers,60_64,6.6
2725,Social Workers,65,4.1
2726,"Welfare, Recreation and Community Arts Workers",15_19,0.6
2726,"Welfare, Recreation and Community Arts Workers",20_24,6.8
2726,"Welfare, Recreation and Community Arts Workers",25_34,27.8
2726,"Welfare, Recreation and Community Arts Workers",35_44,23.9
2726,"Welfare, Recreation and Community Arts Workers",45_54,21.7
2726,"Welfare, Recreation and Community Arts Workers",55_59,8.9
2726,"Welfare, Recreation and Community Arts Workers",60_64,6.6
2726,"Welfare, Recreation and Community Arts Workers",65,3.6
3111,Agricultural Technicians,15_19,2.6
3111,Agricultural Technicians,20_24,12.9
3111,Agricultural Technicians,25_34,28
3111,Agricultural Technicians,35_44,20.1
3111,Agricultural Technicians,45_54,17.1
3111,Agricultural Technicians,55_59,8.4
3111,Agricultural Technicians,60_64,7
3111,Agricultural Technicians,65,4.2
3112,Medical Technicians,15_19,1.6
3112,Medical Technicians,20_24,11.2
3112,Medical Technicians,25_34,23.8
3112,Medical Technicians,35_44,22.3
3112,Medical Technicians,45_54,21
3112,Medical Technicians,55_59,9.4
3112,Medical Technicians,60_64,7.3
3112,Medical Technicians,65,3.4
3113,Primary Products Inspectors,15_19,0.6
3113,Primary Products Inspectors,20_24,4.6
3113,Primary Products Inspectors,25_34,19.7
3113,Primary Products Inspectors,35_44,24
3113,Primary Products Inspectors,45_54,25.4
3113,Primary Products Inspectors,55_59,11.5
3113,Primary Products Inspectors,60_64,9.3
3113,Primary Products Inspectors,65,5.1
3114,Science Technicians,15_19,1.5
3114,Science Technicians,20_24,9.8
3114,Science Technicians,25_34,26
3114,Science Technicians,35_44,21.4
3114,Science Technicians,45_54,19.8
3114,Science Technicians,55_59,9.7
3114,Science Technicians,60_64,7.3
3114,Science Technicians,65,4.5
3121,"Architectural, Building and Surveying Technicians",15_19,0.3
3121,"Architectural, Building and Surveying Technicians",20_24,4.3
3121,"Architectural, Building and Surveying Technicians",25_34,25
3121,"Architectural, Building and Surveying Technicians",35_44,27.5
3121,"Architectural, Building and Surveying Technicians",45_54,22.7
3121,"Architectural, Building and Surveying Technicians",55_59,9.2
3121,"Architectural, Building and Surveying Technicians",60_64,6.3
3121,"Architectural, Building and Surveying Technicians",65,4.7
3122,Civil Engineering Draftspersons and Technicians,15_19,1.7
3122,Civil Engineering Draftspersons and Technicians,20_24,7.6
3122,Civil Engineering Draftspersons and Technicians,25_34,26
3122,Civil Engineering Draftspersons and Technicians,35_44,26.5
3122,Civil Engineering Draftspersons and Technicians,45_54,19.9
3122,Civil Engineering Draftspersons and Technicians,55_59,8.3
3122,Civil Engineering Draftspersons and Technicians,60_64,5.8
3122,Civil Engineering Draftspersons and Technicians,65,4.2
3123,"Electrical Engineering Draftspersons, Technicians",15_19,1.2
3123,"Electrical Engineering Draftspersons, Technicians",20_24,4.5
3123,"Electrical Engineering Draftspersons, Technicians",25_34,22.2
3123,"Electrical Engineering Draftspersons, Technicians",35_44,24.8
3123,"Electrical Engineering Draftspersons, Technicians",45_54,22
3123,"Electrical Engineering Draftspersons, Technicians",55_59,11.8
3123,"Electrical Engineering Draftspersons, Technicians",60_64,8.6
3123,"Electrical Engineering Draftspersons, Technicians",65,4.9
3124,"Electronic Engineering Draftspersons, Technicians",15_19,1.1
3124,"Electronic Engineering Draftspersons, Technicians",20_24,7.5
3124,"Electronic Engineering Draftspersons, Technicians",25_34,23.3
3124,"Electronic Engineering Draftspersons, Technicians",35_44,20.5
3124,"Electronic Engineering Draftspersons, Technicians",45_54,21.8
3124,"Electronic Engineering Draftspersons, Technicians",55_59,11.4
3124,"Electronic Engineering Draftspersons, Technicians",60_64,8.3
3124,"Electronic Engineering Draftspersons, Technicians",65,6.5
3125,"Mechanical Engineering Draftspersons, Technicians",15_19,1.2
3125,"Mechanical Engineering Draftspersons, Technicians",20_24,4.9
3125,"Mechanical Engineering Draftspersons, Technicians",25_34,21.6
3125,"Mechanical Engineering Draftspersons, Technicians",35_44,25.1
3125,"Mechanical Engineering Draftspersons, Technicians",45_54,21.9
3125,"Mechanical Engineering Draftspersons, Technicians",55_59,10.8
3125,"Mechanical Engineering Draftspersons, Technicians",60_64,8.4
3125,"Mechanical Engineering Draftspersons, Technicians",65,6.1
3126,Safety Inspectors,15_19,0.5
3126,Safety Inspectors,20_24,2.9
3126,Safety Inspectors,25_34,14.7
3126,Safety Inspectors,35_44,21.6
3126,Safety Inspectors,45_54,26.2
3126,Safety Inspectors,55_59,15
3126,Safety Inspectors,60_64,10.6
3126,Safety Inspectors,65,8.5
3129,Other Building and Engineering Technicians,15_19,0.6
3129,Other Building and Engineering Technicians,20_24,2.7
3129,Other Building and Engineering Technicians,25_34,18.7
3129,Other Building and Engineering Technicians,35_44,29.2
3129,Other Building and Engineering Technicians,45_54,27.5
3129,Other Building and Engineering Technicians,55_59,11.3
3129,Other Building and Engineering Technicians,60_64,7.2
3129,Other Building and Engineering Technicians,65,2.9
3131,ICT Support Technicians,15_19,1.4
3131,ICT Support Technicians,20_24,9.4
3131,ICT Support Technicians,25_34,29.7
3131,ICT Support Technicians,35_44,28
3131,ICT Support Technicians,45_54,18.7
3131,ICT Support Technicians,55_59,6.4
3131,ICT Support Technicians,60_64,4.1
3131,ICT Support Technicians,65,2.3
3132,Telecommunications Technical Specialists,15_19,0.3
3132,Telecommunications Technical Specialists,20_24,3.2
3132,Telecommunications Technical Specialists,25_34,20.2
3132,Telecommunications Technical Specialists,35_44,28.5
3132,Telecommunications Technical Specialists,45_54,25
3132,Telecommunications Technical Specialists,55_59,12
3132,Telecommunications Technical Specialists,60_64,7
3132,Telecommunications Technical Specialists,65,3.7
3211,Automotive Electricians,15_19,7
3211,Automotive Electricians,20_24,12.2
3211,Automotive Electricians,25_34,26.1
3211,Automotive Electricians,35_44,22
3211,Automotive Electricians,45_54,17.3
3211,Automotive Electricians,55_59,6.8
3211,Automotive Electricians,60_64,5.1
3211,Automotive Electricians,65,3.5
3212,Motor Mechanics,15_19,7.6
3212,Motor Mechanics,20_24,14.3
3212,Motor Mechanics,25_34,24.7
3212,Motor Mechanics,35_44,18.8
3212,Motor Mechanics,45_54,16.9
3212,Motor Mechanics,55_59,7.6
3212,Motor Mechanics,60_64,6.2
3212,Motor Mechanics,65,4
3221,"Metal Casting, Forging and Finishing Trades",15_19,3.4
3221,"Metal Casting, Forging and Finishing Trades",20_24,7.7
3221,"Metal Casting, Forging and Finishing Trades",25_34,18.4
3221,"Metal Casting, Forging and Finishing Trades",35_44,19.8
3221,"Metal Casting, Forging and Finishing Trades",45_54,24.5
3221,"Metal Casting, Forging and Finishing Trades",55_59,11.2
3221,"Metal Casting, Forging and Finishing Trades",60_64,7.6
3221,"Metal Casting, Forging and Finishing Trades",65,7.4
3222,Sheetmetal Trades Workers,15_19,7
3222,Sheetmetal Trades Workers,20_24,11.5
3222,Sheetmetal Trades Workers,25_34,20.7
3222,Sheetmetal Trades Workers,35_44,19
3222,Sheetmetal Trades Workers,45_54,20.5
3222,Sheetmetal Trades Workers,55_59,10.5
3222,Sheetmetal Trades Workers,60_64,7.4
3222,Sheetmetal Trades Workers,65,3.6
3223,Structural Steel and Welding Trades Workers,15_19,5.8
3223,Structural Steel and Welding Trades Workers,20_24,10.4
3223,Structural Steel and Welding Trades Workers,25_34,23.9
3223,Structural Steel and Welding Trades Workers,35_44,21.7
3223,Structural Steel and Welding Trades Workers,45_54,20.2
3223,Structural Steel and Welding Trades Workers,55_59,9
3223,Structural Steel and Welding Trades Workers,60_64,5.9
3223,Structural Steel and Welding Trades Workers,65,3.1
3231,Aircraft Maintenance Engineers,15_19,2.4
3231,Aircraft Maintenance Engineers,20_24,8.3
3231,Aircraft Maintenance Engineers,25_34,23.8
3231,Aircraft Maintenance Engineers,35_44,23.3
3231,Aircraft Maintenance Engineers,45_54,24.5
3231,Aircraft Maintenance Engineers,55_59,8.8
3231,Aircraft Maintenance Engineers,60_64,5.6
3231,Aircraft Maintenance Engineers,65,3.3
3232,Metal Fitters and Machinists,15_19,4.4
3232,Metal Fitters and Machinists,20_24,9.6
3232,Metal Fitters and Machinists,25_34,25.1
3232,Metal Fitters and Machinists,35_44,21.6
3232,Metal Fitters and Machinists,45_54,19.6
3232,Metal Fitters and Machinists,55_59,9.6
3232,Metal Fitters and Machinists,60_64,6.7
3232,Metal Fitters and Machinists,65,3.4
3233,Precision Metal Trades Workers,15_19,3
3233,Precision Metal Trades Workers,20_24,7.2
3233,Precision Metal Trades Workers,25_34,20.6
3233,Precision Metal Trades Workers,35_44,20.1
3233,Precision Metal Trades Workers,45_54,21.2
3233,Precision Metal Trades Workers,55_59,10.6
3233,Precision Metal Trades Workers,60_64,8.7
3233,Precision Metal Trades Workers,65,8.5
3234,Toolmakers and Engineering Patternmakers,15_19,1.4
3234,Toolmakers and Engineering Patternmakers,20_24,3.2
3234,Toolmakers and Engineering Patternmakers,25_34,8.8
3234,Toolmakers and Engineering Patternmakers,35_44,16
3234,Toolmakers and Engineering Patternmakers,45_54,24.9
3234,Toolmakers and Engineering Patternmakers,55_59,17.6
3234,Toolmakers and Engineering Patternmakers,60_64,14.3
3234,Toolmakers and Engineering Patternmakers,65,13.6
3241,Panelbeaters,15_19,5.4
3241,Panelbeaters,20_24,8.7
3241,Panelbeaters,25_34,19.2
3241,Panelbeaters,35_44,20.5
3241,Panelbeaters,45_54,24.8
3241,Panelbeaters,55_59,9.3
3241,Panelbeaters,60_64,7.4
3241,Panelbeaters,65,4.8
3242,Vehicle Body Builders and Trimmers,15_19,4.2
3242,Vehicle Body Builders and Trimmers,20_24,8.6
3242,Vehicle Body Builders and Trimmers,25_34,19.3
3242,Vehicle Body Builders and Trimmers,35_44,20.6
3242,Vehicle Body Builders and Trimmers,45_54,23.5
3242,Vehicle Body Builders and Trimmers,55_59,11
3242,Vehicle Body Builders and Trimmers,60_64,8.4
3242,Vehicle Body Builders and Trimmers,65,4.3
3243,Vehicle Painters,15_19,4.5
3243,Vehicle Painters,20_24,11.2
3243,Vehicle Painters,25_34,25.5
3243,Vehicle Painters,35_44,23.2
3243,Vehicle Painters,45_54,21.4
3243,Vehicle Painters,55_59,7.5
3243,Vehicle Painters,60_64,4.7
3243,Vehicle Painters,65,2
3311,Bricklayers and Stonemasons,15_19,4.9
3311,Bricklayers and Stonemasons,20_24,10.9
3311,Bricklayers and Stonemasons,25_34,26.3
3311,Bricklayers and Stonemasons,35_44,20.5
3311,Bricklayers and Stonemasons,45_54,18.5
3311,Bricklayers and Stonemasons,55_59,8.6
3311,Bricklayers and Stonemasons,60_64,6.5
3311,Bricklayers and Stonemasons,65,3.8
3312,Carpenters and Joiners,15_19,9.9
3312,Carpenters and Joiners,20_24,17.8
3312,Carpenters and Joiners,25_34,30.1
3312,Carpenters and Joiners,35_44,17.8
3312,Carpenters and Joiners,45_54,12.8
3312,Carpenters and Joiners,55_59,5.3
3312,Carpenters and Joiners,60_64,4
3312,Carpenters and Joiners,65,2.2
3321,Floor Finishers,15_19,4.5
3321,Floor Finishers,20_24,9.5
3321,Floor Finishers,25_34,23.7
3321,Floor Finishers,35_44,21.9
3321,Floor Finishers,45_54,21
3321,Floor Finishers,55_59,8.6
3321,Floor Finishers,60_64,6.6
3321,Floor Finishers,65,4.2
3322,Painting Trades Workers,15_19,2.9
3322,Painting Trades Workers,20_24,8.9
3322,Painting Trades Workers,25_34,24.1
3322,Painting Trades Workers,35_44,21.7
3322,Painting Trades Workers,45_54,21
3322,Painting Trades Workers,55_59,9.4
3322,Painting Trades Workers,60_64,7.6
3322,Painting Trades Workers,65,4.3
3331,Glaziers,15_19,4.6
3331,Glaziers,20_24,10.8
3331,Glaziers,25_34,25.7
3331,Glaziers,35_44,22.4
3331,Glaziers,45_54,19.6
3331,Glaziers,55_59,8.5
3331,Glaziers,60_64,5.7
3331,Glaziers,65,2.9
3332,Plasterers,15_19,3.5
3332,Plasterers,20_24,9.4
3332,Plasterers,25_34,27.8
3332,Plasterers,35_44,24.6
3332,Plasterers,45_54,20.2
3332,Plasterers,55_59,7.7
3332,Plasterers,60_64,4.6
3332,Plasterers,65,2.1
3333,Roof Tilers,15_19,9.5
3333,Roof Tilers,20_24,18.8
3333,Roof Tilers,25_34,30.8
3333,Roof Tilers,35_44,18.7
3333,Roof Tilers,45_54,12.3
3333,Roof Tilers,55_59,4.2
3333,Roof Tilers,60_64,3.2
3333,Roof Tilers,65,2.3
3334,Wall and Floor Tilers,15_19,3.5
3334,Wall and Floor Tilers,20_24,8.8
3334,Wall and Floor Tilers,25_34,27.3
3334,Wall and Floor Tilers,35_44,27.3
3334,Wall and Floor Tilers,45_54,19.1
3334,Wall and Floor Tilers,55_59,7.1
3334,Wall and Floor Tilers,60_64,4.6
3334,Wall and Floor Tilers,65,2.1
3341,Plumbers,15_19,9
3341,Plumbers,20_24,16.9
3341,Plumbers,25_34,28.7
3341,Plumbers,35_44,18.5
3341,Plumbers,45_54,14.5
3341,Plumbers,55_59,5.4
3341,Plumbers,60_64,4.2
3341,Plumbers,65,2.8
3411,Electricians,15_19,6
3411,Electricians,20_24,15.5
3411,Electricians,25_34,30
3411,Electricians,35_44,20.3
3411,Electricians,45_54,14.7
3411,Electricians,55_59,6.3
3411,Electricians,60_64,4.5
3411,Electricians,65,2.7
3421,Airconditioning and Refrigeration Mechanics,15_19,7
3421,Airconditioning and Refrigeration Mechanics,20_24,16.6
3421,Airconditioning and Refrigeration Mechanics,25_34,28.5
3421,Airconditioning and Refrigeration Mechanics,35_44,20.5
3421,Airconditioning and Refrigeration Mechanics,45_54,14.7
3421,Airconditioning and Refrigeration Mechanics,55_59,6
3421,Airconditioning and Refrigeration Mechanics,60_64,4.3
3421,Airconditioning and Refrigeration Mechanics,65,2.3
3422,Electrical Distribution Trades Workers,15_19,1.4
3422,Electrical Distribution Trades Workers,20_24,5
3422,Electrical Distribution Trades Workers,25_34,27.9
3422,Electrical Distribution Trades Workers,35_44,26.9
3422,Electrical Distribution Trades Workers,45_54,21.8
3422,Electrical Distribution Trades Workers,55_59,10
3422,Electrical Distribution Trades Workers,60_64,5.8
3422,Electrical Distribution Trades Workers,65,1.2
3423,Electronics Trades Workers,15_19,2.4
3423,Electronics Trades Workers,20_24,9.3
3423,Electronics Trades Workers,25_34,24.2
3423,Electronics Trades Workers,35_44,22.9
3423,Electronics Trades Workers,45_54,20.3
3423,Electronics Trades Workers,55_59,9.4
3423,Electronics Trades Workers,60_64,6.8
3423,Electronics Trades Workers,65,4.6
3424,Telecommunications Trades Workers,15_19,1.5
3424,Telecommunications Trades Workers,20_24,7.8
3424,Telecommunications Trades Workers,25_34,24.5
3424,Telecommunications Trades Workers,35_44,25.4
3424,Telecommunications Trades Workers,45_54,21.8
3424,Telecommunications Trades Workers,55_59,9.6
3424,Telecommunications Trades Workers,60_64,6.2
3424,Telecommunications Trades Workers,65,3.1
3511,Bakers and Pastrycooks,15_19,5
3511,Bakers and Pastrycooks,20_24,11.6
3511,Bakers and Pastrycooks,25_34,28.9
3511,Bakers and Pastrycooks,35_44,23.8
3511,Bakers and Pastrycooks,45_54,17.9
3511,Bakers and Pastrycooks,55_59,6.6
3511,Bakers and Pastrycooks,60_64,4
3511,Bakers and Pastrycooks,65,2.2
3512,Butchers and Smallgoods Makers,15_19,8.1
3512,Butchers and Smallgoods Makers,20_24,9.9
3512,Butchers and Smallgoods Makers,25_34,21.3
3512,Butchers and Smallgoods Makers,35_44,19.4
3512,Butchers and Smallgoods Makers,45_54,19.8
3512,Butchers and Smallgoods Makers,55_59,9.1
3512,Butchers and Smallgoods Makers,60_64,7.4
3512,Butchers and Smallgoods Makers,65,5.1
3513,Chefs,15_19,1
3513,Chefs,20_24,9.3
3513,Chefs,25_34,36.5
3513,Chefs,35_44,27.4
3513,Chefs,45_54,15.3
3513,Chefs,55_59,5.3
3513,Chefs,60_64,3.4
3513,Chefs,65,1.6
3514,Cooks,15_19,7.9
3514,Cooks,20_24,15.3
3514,Cooks,25_34,25.4
3514,Cooks,35_44,18
3514,Cooks,45_54,15.6
3514,Cooks,55_59,7.8
3514,Cooks,60_64,6.2
3514,Cooks,65,3.7
3611,Animal Attendants and Trainers,15_19,7.8
3611,Animal Attendants and Trainers,20_24,14.1
3611,Animal Attendants and Trainers,25_34,26.3
3611,Animal Attendants and Trainers,35_44,17.9
3611,Animal Attendants and Trainers,45_54,17.2
3611,Animal Attendants and Trainers,55_59,7.2
3611,Animal Attendants and Trainers,60_64,4.9
3611,Animal Attendants and Trainers,65,4.6
3612,Shearers,15_19,5.3
3612,Shearers,20_24,12.7
3612,Shearers,25_34,27.4
3612,Shearers,35_44,17.2
3612,Shearers,45_54,18.4
3612,Shearers,55_59,9.1
3612,Shearers,60_64,6.3
3612,Shearers,65,3.4
3613,Veterinary Nurses,15_19,4.7
3613,Veterinary Nurses,20_24,23.1
3613,Veterinary Nurses,25_34,41.8
3613,Veterinary Nurses,35_44,17.9
3613,Veterinary Nurses,45_54,8.7
3613,Veterinary Nurses,55_59,2.1
3613,Veterinary Nurses,60_64,1.2
3613,Veterinary Nurses,65,0.5
3621,Florists,15_19,3.6
3621,Florists,20_24,8.3
3621,Florists,25_34,25
3621,Florists,35_44,23.9
3621,Florists,45_54,22.4
3621,Florists,55_59,7.8
3621,Florists,60_64,4.9
3621,Florists,65,4
3622,Gardeners,15_19,4.6
3622,Gardeners,20_24,10.2
3622,Gardeners,25_34,21.9
3622,Gardeners,35_44,19.8
3622,Gardeners,45_54,21
3622,Gardeners,55_59,9.3
3622,Gardeners,60_64,7.4
3622,Gardeners,65,5.9
3623,Greenkeepers,15_19,4.7
3623,Greenkeepers,20_24,9.8
3623,Greenkeepers,25_34,16.4
3623,Greenkeepers,35_44,14.7
3623,Greenkeepers,45_54,21.3
3623,Greenkeepers,55_59,12.9
3623,Greenkeepers,60_64,11.9
3623,Greenkeepers,65,8.4
3624,Nurserypersons,15_19,2.9
3624,Nurserypersons,20_24,6
3624,Nurserypersons,25_34,16.1
3624,Nurserypersons,35_44,16.9
3624,Nurserypersons,45_54,20.9
3624,Nurserypersons,55_59,13.1
3624,Nurserypersons,60_64,10.4
3624,Nurserypersons,65,13.7
3911,Hairdressers,15_19,8
3911,Hairdressers,20_24,12.7
3911,Hairdressers,25_34,27.2
3911,Hairdressers,35_44,20.9
3911,Hairdressers,45_54,18.8
3911,Hairdressers,55_59,6.1
3911,Hairdressers,60_64,3.7
3911,Hairdressers,65,2.8
3921,Print Finishers and Screen Printers,15_19,1.7
3921,Print Finishers and Screen Printers,20_24,5.7
3921,Print Finishers and Screen Printers,25_34,13.9
3921,Print Finishers and Screen Printers,35_44,19.1
3921,Print Finishers and Screen Printers,45_54,28.2
3921,Print Finishers and Screen Printers,55_59,14.3
3921,Print Finishers and Screen Printers,60_64,11
3921,Print Finishers and Screen Printers,65,6.1
3922,Graphic Pre-press Trades Workers,15_19,1
3922,Graphic Pre-press Trades Workers,20_24,3.6
3922,Graphic Pre-press Trades Workers,25_34,14
3922,Graphic Pre-press Trades Workers,35_44,23.5
3922,Graphic Pre-press Trades Workers,45_54,32
3922,Graphic Pre-press Trades Workers,55_59,12.2
3922,Graphic Pre-press Trades Workers,60_64,8.4
3922,Graphic Pre-press Trades Workers,65,5.8
3923,Printers,15_19,1
3923,Printers,20_24,3.7
3923,Printers,25_34,12.4
3923,Printers,35_44,21.1
3923,Printers,45_54,30.5
3923,Printers,55_59,14.4
3923,Printers,60_64,10.3
3923,Printers,65,6.4
3931,Canvas and Leather Goods Makers,15_19,2.4
3931,Canvas and Leather Goods Makers,20_24,5.2
3931,Canvas and Leather Goods Makers,25_34,13.5
3931,Canvas and Leather Goods Makers,35_44,15.8
3931,Canvas and Leather Goods Makers,45_54,24
3931,Canvas and Leather Goods Makers,55_59,14.4
3931,Canvas and Leather Goods Makers,60_64,11.3
3931,Canvas and Leather Goods Makers,65,14
3932,Clothing Trades Workers,15_19,3.3
3932,Clothing Trades Workers,20_24,6.2
3932,Clothing Trades Workers,25_34,14.4
3932,Clothing Trades Workers,35_44,14
3932,Clothing Trades Workers,45_54,23.4
3932,Clothing Trades Workers,55_59,15.1
3932,Clothing Trades Workers,60_64,13.3
3932,Clothing Trades Workers,65,10.2
3933,Upholsterers,15_19,2.1
3933,Upholsterers,20_24,4.9
3933,Upholsterers,25_34,12
3933,Upholsterers,35_44,15
3933,Upholsterers,45_54,25.4
3933,Upholsterers,55_59,14.8
3933,Upholsterers,60_64,14
3933,Upholsterers,65,11.6
3941,Cabinetmakers,15_19,7.9
3941,Cabinetmakers,20_24,14.3
3941,Cabinetmakers,25_34,24.6
3941,Cabinetmakers,35_44,20.2
3941,Cabinetmakers,45_54,17.3
3941,Cabinetmakers,55_59,7.1
3941,Cabinetmakers,60_64,5.5
3941,Cabinetmakers,65,3.2
3942,Wood Machinists and Other Wood Trades Workers,15_19,2
3942,Wood Machinists and Other Wood Trades Workers,20_24,6.5
3942,Wood Machinists and Other Wood Trades Workers,25_34,16.2
3942,Wood Machinists and Other Wood Trades Workers,35_44,17.4
3942,Wood Machinists and Other Wood Trades Workers,45_54,21.8
3942,Wood Machinists and Other Wood Trades Workers,55_59,13
3942,Wood Machinists and Other Wood Trades Workers,60_64,11
3942,Wood Machinists and Other Wood Trades Workers,65,12
3991,Boat Builders and Shipwrights,15_19,6.3
3991,Boat Builders and Shipwrights,20_24,11.2
3991,Boat Builders and Shipwrights,25_34,19.9
3991,Boat Builders and Shipwrights,35_44,21.4
3991,Boat Builders and Shipwrights,45_54,20.1
3991,Boat Builders and Shipwrights,55_59,9.4
3991,Boat Builders and Shipwrights,60_64,6.8
3991,Boat Builders and Shipwrights,65,5.4
3992,"Chemical, Gas, Petroleum and Power Plant Operators",15_19,0.4
3992,"Chemical, Gas, Petroleum and Power Plant Operators",20_24,2.2
3992,"Chemical, Gas, Petroleum and Power Plant Operators",25_34,15.2
3992,"Chemical, Gas, Petroleum and Power Plant Operators",35_44,26.5
3992,"Chemical, Gas, Petroleum and Power Plant Operators",45_54,30.3
3992,"Chemical, Gas, Petroleum and Power Plant Operators",55_59,14.3
3992,"Chemical, Gas, Petroleum and Power Plant Operators",60_64,8.5
3992,"Chemical, Gas, Petroleum and Power Plant Operators",65,2.7
3993,"Gallery, Library and Museum Technicians",15_19,0.4
3993,"Gallery, Library and Museum Technicians",20_24,2.6
3993,"Gallery, Library and Museum Technicians",25_34,12.1
3993,"Gallery, Library and Museum Technicians",35_44,16.7
3993,"Gallery, Library and Museum Technicians",45_54,28.1
3993,"Gallery, Library and Museum Technicians",55_59,16.9
3993,"Gallery, Library and Museum Technicians",60_64,14.7
3993,"Gallery, Library and Museum Technicians",65,8.4
3994,Jewellers,15_19,2.2
3994,Jewellers,20_24,5
3994,Jewellers,25_34,14.8
3994,Jewellers,35_44,21
3994,Jewellers,45_54,25
3994,Jewellers,55_59,11.1
3994,Jewellers,60_64,9.9
3994,Jewellers,65,11.3
3995,Performing Arts Technicians,15_19,2.5
3995,Performing Arts Technicians,20_24,14
3995,Performing Arts Technicians,25_34,32.2
3995,Performing Arts Technicians,35_44,21.9
3995,Performing Arts Technicians,45_54,15.5
3995,Performing Arts Technicians,55_59,6.3
3995,Performing Arts Technicians,60_64,4.1
3995,Performing Arts Technicians,65,3.5
3996,Signwriters,15_19,3.2
3996,Signwriters,20_24,9.8
3996,Signwriters,25_34,21.5
3996,Signwriters,35_44,22
3996,Signwriters,45_54,21.4
3996,Signwriters,55_59,9.1
3996,Signwriters,60_64,7.3
3996,Signwriters,65,5.7
3999,Other Miscellaneous Technicians and Trades Workers,15_19,2.4
3999,Other Miscellaneous Technicians and Trades Workers,20_24,12
3999,Other Miscellaneous Technicians and Trades Workers,25_34,24.3
3999,Other Miscellaneous Technicians and Trades Workers,35_44,21.5
3999,Other Miscellaneous Technicians and Trades Workers,45_54,20.7
3999,Other Miscellaneous Technicians and Trades Workers,55_59,8.5
3999,Other Miscellaneous Technicians and Trades Workers,60_64,6.2
3999,Other Miscellaneous Technicians and Trades Workers,65,4.3
4111,Ambulance Officers and Paramedics,15_19,0
4111,Ambulance Officers and Paramedics,20_24,7.6
4111,Ambulance Officers and Paramedics,25_34,35.5
4111,Ambulance Officers and Paramedics,35_44,21.4
4111,Ambulance Officers and Paramedics,45_54,20.2
4111,Ambulance Officers and Paramedics,55_59,8.3
4111,Ambulance Officers and Paramedics,60_64,4.9
4111,Ambulance Officers and Paramedics,65,2.2
4112,"Dental Hygienists, Technicians and Therapists",15_19,0.6
4112,"Dental Hygienists, Technicians and Therapists",20_24,6.9
4112,"Dental Hygienists, Technicians and Therapists",25_34,28.1
4112,"Dental Hygienists, Technicians and Therapists",35_44,24.9
4112,"Dental Hygienists, Technicians and Therapists",45_54,19
4112,"Dental Hygienists, Technicians and Therapists",55_59,8.3
4112,"Dental Hygienists, Technicians and Therapists",60_64,8.1
4112,"Dental Hygienists, Technicians and Therapists",65,4.1
4113,Diversional Therapists,15_19,0.6
4113,Diversional Therapists,20_24,3
4113,Diversional Therapists,25_34,11.3
4113,Diversional Therapists,35_44,15.8
4113,Diversional Therapists,45_54,27.4
4113,Diversional Therapists,55_59,18.1
4113,Diversional Therapists,60_64,15.9
4113,Diversional Therapists,65,8
4114,Enrolled and Mothercraft Nurses,15_19,0.3
4114,Enrolled and Mothercraft Nurses,20_24,10.7
4114,Enrolled and Mothercraft Nurses,25_34,22.6
4114,Enrolled and Mothercraft Nurses,35_44,18.8
4114,Enrolled and Mothercraft Nurses,45_54,20.3
4114,Enrolled and Mothercraft Nurses,55_59,12
4114,Enrolled and Mothercraft Nurses,60_64,11
4114,Enrolled and Mothercraft Nurses,65,4.4
4115,Indigenous Health Workers,15_19,1.6
4115,Indigenous Health Workers,20_24,7.2
4115,Indigenous Health Workers,25_34,24
4115,Indigenous Health Workers,35_44,20.8
4115,Indigenous Health Workers,45_54,22.6
4115,Indigenous Health Workers,55_59,11.8
4115,Indigenous Health Workers,60_64,6.7
4115,Indigenous Health Workers,65,5.3
4116,Massage Therapists,15_19,0.3
4116,Massage Therapists,20_24,3.5
4116,Massage Therapists,25_34,22
4116,Massage Therapists,35_44,28.4
4116,Massage Therapists,45_54,26.2
4116,Massage Therapists,55_59,8.8
4116,Massage Therapists,60_64,6.3
4116,Massage Therapists,65,4.5
4117,Welfare Support Workers,15_19,0.6
4117,Welfare Support Workers,20_24,6.8
4117,Welfare Support Workers,25_34,26.2
4117,Welfare Support Workers,35_44,24.1
4117,Welfare Support Workers,45_54,22.8
4117,Welfare Support Workers,55_59,9.5
4117,Welfare Support Workers,60_64,6.6
4117,Welfare Support Workers,65,3.4
4211,Child Carers,15_19,7
4211,Child Carers,20_24,18.4
4211,Child Carers,25_34,27.1
4211,Child Carers,35_44,21.7
4211,Child Carers,45_54,15.3
4211,Child Carers,55_59,5.3
4211,Child Carers,60_64,3.5
4211,Child Carers,65,1.6
4221,Education Aides,15_19,2.5
4221,Education Aides,20_24,8.4
4221,Education Aides,25_34,12.4
4221,Education Aides,35_44,22
4221,Education Aides,45_54,30.6
4221,Education Aides,55_59,12.2
4221,Education Aides,60_64,8.2
4221,Education Aides,65,3.7
4231,Aged and Disabled Carers,15_19,2
4231,Aged and Disabled Carers,20_24,10.9
4231,Aged and Disabled Carers,25_34,21
4231,Aged and Disabled Carers,35_44,18.8
4231,Aged and Disabled Carers,45_54,21.9
4231,Aged and Disabled Carers,55_59,11.4
4231,Aged and Disabled Carers,60_64,9
4231,Aged and Disabled Carers,65,5
4232,Dental Assistants,15_19,6.9
4232,Dental Assistants,20_24,21
4232,Dental Assistants,25_34,31
4232,Dental Assistants,35_44,19
4232,Dental Assistants,45_54,13.2
4232,Dental Assistants,55_59,4.7
4232,Dental Assistants,60_64,3
4232,Dental Assistants,65,1.2
4233,Nursing Support and Personal Care Workers,15_19,2.3
4233,Nursing Support and Personal Care Workers,20_24,12.9
4233,Nursing Support and Personal Care Workers,25_34,22.8
4233,Nursing Support and Personal Care Workers,35_44,18.8
4233,Nursing Support and Personal Care Workers,45_54,19.6
4233,Nursing Support and Personal Care Workers,55_59,10.6
4233,Nursing Support and Personal Care Workers,60_64,8.7
4233,Nursing Support and Personal Care Workers,65,4.4
4234,Special Care Workers,15_19,2.8
4234,Special Care Workers,20_24,19.7
4234,Special Care Workers,25_34,24
4234,Special Care Workers,35_44,17
4234,Special Care Workers,45_54,16.6
4234,Special Care Workers,55_59,7.9
4234,Special Care Workers,60_64,7.2
4234,Special Care Workers,65,4.9
4311,Bar Attendants and Baristas,15_19,17.3
4311,Bar Attendants and Baristas,20_24,35
4311,Bar Attendants and Baristas,25_34,27.3
4311,Bar Attendants and Baristas,35_44,9.3
4311,Bar Attendants and Baristas,45_54,5.9
4311,Bar Attendants and Baristas,55_59,2.4
4311,Bar Attendants and Baristas,60_64,1.8
4311,Bar Attendants and Baristas,65,1
4312,Cafe Workers,15_19,39.6
4312,Cafe Workers,20_24,21
4312,Cafe Workers,25_34,14.3
4312,Cafe Workers,35_44,8.8
4312,Cafe Workers,45_54,8.8
4312,Cafe Workers,55_59,3.7
4312,Cafe Workers,60_64,2.5
4312,Cafe Workers,65,1.3
4313,Gaming Workers,15_19,1.9
4313,Gaming Workers,20_24,12.9
4313,Gaming Workers,25_34,29
4313,Gaming Workers,35_44,24.7
4313,Gaming Workers,45_54,19.2
4313,Gaming Workers,55_59,7.1
4313,Gaming Workers,60_64,4.1
4313,Gaming Workers,65,1.3
4314,Hotel Service Managers,15_19,1.9
4314,Hotel Service Managers,20_24,13.5
4314,Hotel Service Managers,25_34,32.9
4314,Hotel Service Managers,35_44,21.9
4314,Hotel Service Managers,45_54,15.9
4314,Hotel Service Managers,55_59,6.7
4314,Hotel Service Managers,60_64,4.8
4314,Hotel Service Managers,65,2.5
4315,Waiters,15_19,34.2
4315,Waiters,20_24,29.3
4315,Waiters,25_34,20.1
4315,Waiters,35_44,7.3
4315,Waiters,45_54,4.8
4315,Waiters,55_59,2
4315,Waiters,60_64,1.5
4315,Waiters,65,0.8
4319,Other Hospitality Workers,15_19,34.8
4319,Other Hospitality Workers,20_24,20
4319,Other Hospitality Workers,25_34,18.5
4319,Other Hospitality Workers,35_44,9.3
4319,Other Hospitality Workers,45_54,7.6
4319,Other Hospitality Workers,55_59,3.9
4319,Other Hospitality Workers,60_64,3
4319,Other Hospitality Workers,65,3
4411,Defence Force Members - Other Ranks,15_19,7.8
4411,Defence Force Members - Other Ranks,20_24,28.1
4411,Defence Force Members - Other Ranks,25_34,37.3
4411,Defence Force Members - Other Ranks,35_44,15.7
4411,Defence Force Members - Other Ranks,45_54,8.3
4411,Defence Force Members - Other Ranks,55_59,2.1
4411,Defence Force Members - Other Ranks,60_64,0.6
4411,Defence Force Members - Other Ranks,65,0.1
4412,Fire and Emergency Workers,15_19,0.2
4412,Fire and Emergency Workers,20_24,2.5
4412,Fire and Emergency Workers,25_34,21.9
4412,Fire and Emergency Workers,35_44,28.7
4412,Fire and Emergency Workers,45_54,26.4
4412,Fire and Emergency Workers,55_59,11.6
4412,Fire and Emergency Workers,60_64,6.9
4412,Fire and Emergency Workers,65,1.7
4413,Police,15_19,0.2
4413,Police,20_24,4.5
4413,Police,25_34,26.8
4413,Police,35_44,29.5
4413,Police,45_54,28.7
4413,Police,55_59,7.6
4413,Police,60_64,2.2
4413,Police,65,0.4
4421,Prison Officers,15_19,0.1
4421,Prison Officers,20_24,3
4421,Prison Officers,25_34,21.5
4421,Prison Officers,35_44,23.5
4421,Prison Officers,45_54,28
4421,Prison Officers,55_59,12
4421,Prison Officers,60_64,8.1
4421,Prison Officers,65,3.8
4422,Security Officers and Guards,15_19,1.5
4422,Security Officers and Guards,20_24,9.3
4422,Security Officers and Guards,25_34,24.4
4422,Security Officers and Guards,35_44,21.5
4422,Security Officers and Guards,45_54,21
4422,Security Officers and Guards,55_59,9.6
4422,Security Officers and Guards,60_64,7.6
4422,Security Officers and Guards,65,5.2
4511,Beauty Therapists,15_19,4.2
4511,Beauty Therapists,20_24,15
4511,Beauty Therapists,25_34,36
4511,Beauty Therapists,35_44,24.9
4511,Beauty Therapists,45_54,14.2
4511,Beauty Therapists,55_59,3.2
4511,Beauty Therapists,60_64,1.7
4511,Beauty Therapists,65,0.9
4512,Driving Instructors,15_19,0.1
4512,Driving Instructors,20_24,0.7
4512,Driving Instructors,25_34,6.4
4512,Driving Instructors,35_44,16.2
4512,Driving Instructors,45_54,30.2
4512,Driving Instructors,55_59,18.7
4512,Driving Instructors,60_64,15
4512,Driving Instructors,65,12.4
4513,Funeral Workers,15_19,0.8
4513,Funeral Workers,20_24,3.4
4513,Funeral Workers,25_34,10.9
4513,Funeral Workers,35_44,13.9
4513,Funeral Workers,45_54,27.9
4513,Funeral Workers,55_59,16
4513,Funeral Workers,60_64,13
4513,Funeral Workers,65,14.1
4514,"Gallery, Museum and Tour Guides",15_19,3.5
4514,"Gallery, Museum and Tour Guides",20_24,12.1
4514,"Gallery, Museum and Tour Guides",25_34,23.6
4514,"Gallery, Museum and Tour Guides",35_44,15.1
4514,"Gallery, Museum and Tour Guides",45_54,16.7
4514,"Gallery, Museum and Tour Guides",55_59,9.6
4514,"Gallery, Museum and Tour Guides",60_64,9.4
4514,"Gallery, Museum and Tour Guides",65,9.8
4515,Personal Care Consultants,15_19,0.5
4515,Personal Care Consultants,20_24,3
4515,Personal Care Consultants,25_34,15.8
4515,Personal Care Consultants,35_44,23.4
4515,Personal Care Consultants,45_54,30.6
4515,Personal Care Consultants,55_59,11.9
4515,Personal Care Consultants,60_64,7.7
4515,Personal Care Consultants,65,7.1
4516,Tourism and Travel Advisers,15_19,0.5
4516,Tourism and Travel Advisers,20_24,4.3
4516,Tourism and Travel Advisers,25_34,21.3
4516,Tourism and Travel Advisers,35_44,26.9
4516,Tourism and Travel Advisers,45_54,24.1
4516,Tourism and Travel Advisers,55_59,9.5
4516,Tourism and Travel Advisers,60_64,6.9
4516,Tourism and Travel Advisers,65,6.6
4517,Travel Attendants,15_19,1
4517,Travel Attendants,20_24,11.6
4517,Travel Attendants,25_34,27.3
4517,Travel Attendants,35_44,21.5
4517,Travel Attendants,45_54,25.2
4517,Travel Attendants,55_59,8.7
4517,Travel Attendants,60_64,3.5
4517,Travel Attendants,65,1
4518,Other Personal Service Workers,15_19,8.4
4518,Other Personal Service Workers,20_24,11.9
4518,Other Personal Service Workers,25_34,22.1
4518,Other Personal Service Workers,35_44,17.4
4518,Other Personal Service Workers,45_54,16
4518,Other Personal Service Workers,55_59,8.4
4518,Other Personal Service Workers,60_64,7.7
4518,Other Personal Service Workers,65,8.2
4521,Fitness Instructors,15_19,2.8
4521,Fitness Instructors,20_24,14.1
4521,Fitness Instructors,25_34,31.3
4521,Fitness Instructors,35_44,24.5
4521,Fitness Instructors,45_54,15.9
4521,Fitness Instructors,55_59,5
4521,Fitness Instructors,60_64,3.2
4521,Fitness Instructors,65,3.1
4522,Outdoor Adventure Guides,15_19,11.3
4522,Outdoor Adventure Guides,20_24,24
4522,Outdoor Adventure Guides,25_34,31.3
4522,Outdoor Adventure Guides,35_44,15.2
4522,Outdoor Adventure Guides,45_54,9.9
4522,Outdoor Adventure Guides,55_59,3.7
4522,Outdoor Adventure Guides,60_64,3.4
4522,Outdoor Adventure Guides,65,1.6
4523,"Sports Coaches, Instructors and Officials",15_19,34.3
4523,"Sports Coaches, Instructors and Officials",20_24,21.7
4523,"Sports Coaches, Instructors and Officials",25_34,13.7
4523,"Sports Coaches, Instructors and Officials",35_44,11.2
4523,"Sports Coaches, Instructors and Officials",45_54,10
4523,"Sports Coaches, Instructors and Officials",55_59,3.7
4523,"Sports Coaches, Instructors and Officials",60_64,2.8
4523,"Sports Coaches, Instructors and Officials",65,2.7
4524,Sportspersons,15_19,24.6
4524,Sportspersons,20_24,33.2
4524,Sportspersons,25_34,22.6
4524,Sportspersons,35_44,7.2
4524,Sportspersons,45_54,6.7
4524,Sportspersons,55_59,2.6
4524,Sportspersons,60_64,1.9
4524,Sportspersons,65,1
5111,"Contract, Program and Project Administrators",15_19,0.3
5111,"Contract, Program and Project Administrators",20_24,3.7
5111,"Contract, Program and Project Administrators",25_34,22.8
5111,"Contract, Program and Project Administrators",35_44,29.9
5111,"Contract, Program and Project Administrators",45_54,25.4
5111,"Contract, Program and Project Administrators",55_59,9.3
5111,"Contract, Program and Project Administrators",60_64,5.6
5111,"Contract, Program and Project Administrators",65,2.9
5121,Office Managers,15_19,0.4
5121,Office Managers,20_24,2.8
5121,Office Managers,25_34,14.6
5121,Office Managers,35_44,23.2
5121,Office Managers,45_54,29
5121,Office Managers,55_59,13.4
5121,Office Managers,60_64,9.6
5121,Office Managers,65,6.9
5122,Practice Managers,15_19,0.1
5122,Practice Managers,20_24,2.5
5122,Practice Managers,25_34,16.7
5122,Practice Managers,35_44,23.8
5122,Practice Managers,45_54,27.6
5122,Practice Managers,55_59,12.8
5122,Practice Managers,60_64,9.7
5122,Practice Managers,65,6.8
5211,Personal Assistants,15_19,0.7
5211,Personal Assistants,20_24,4.7
5211,Personal Assistants,25_34,21.5
5211,Personal Assistants,35_44,24.8
5211,Personal Assistants,45_54,26.3
5211,Personal Assistants,55_59,10.9
5211,Personal Assistants,60_64,6.9
5211,Personal Assistants,65,4.1
5212,Secretaries,15_19,1.2
5212,Secretaries,20_24,5.3
5212,Secretaries,25_34,11.7
5212,Secretaries,35_44,15.3
5212,Secretaries,45_54,22.9
5212,Secretaries,55_59,13.5
5212,Secretaries,60_64,12.8
5212,Secretaries,65,17.3
5311,General Clerks,15_19,2.5
5311,General Clerks,20_24,7.9
5311,General Clerks,25_34,18.8
5311,General Clerks,35_44,21.2
5311,General Clerks,45_54,24
5311,General Clerks,55_59,11.3
5311,General Clerks,60_64,8.3
5311,General Clerks,65,5.9
5321,Keyboard Operators,15_19,3.9
5321,Keyboard Operators,20_24,10.3
5321,Keyboard Operators,25_34,20.8
5321,Keyboard Operators,35_44,19.1
5321,Keyboard Operators,45_54,20.1
5321,Keyboard Operators,55_59,10.3
5321,Keyboard Operators,60_64,8.7
5321,Keyboard Operators,65,6.7
5411,Call or Contact Centre Workers,15_19,4
5411,Call or Contact Centre Workers,20_24,17.8
5411,Call or Contact Centre Workers,25_34,28.9
5411,Call or Contact Centre Workers,35_44,19.1
5411,Call or Contact Centre Workers,45_54,16.2
5411,Call or Contact Centre Workers,55_59,6.9
5411,Call or Contact Centre Workers,60_64,4.9
5411,Call or Contact Centre Workers,65,2.2
5412,Information Officers,15_19,2.2
5412,Information Officers,20_24,11.8
5412,Information Officers,25_34,26.7
5412,Information Officers,35_44,21.5
5412,Information Officers,45_54,19.8
5412,Information Officers,55_59,8.6
5412,Information Officers,60_64,6.2
5412,Information Officers,65,3.1
5421,Receptionists,15_19,5.4
5421,Receptionists,20_24,16.3
5421,Receptionists,25_34,20.6
5421,Receptionists,35_44,15.1
5421,Receptionists,45_54,18.6
5421,Receptionists,55_59,10.3
5421,Receptionists,60_64,8.4
5421,Receptionists,65,5.3
5511,Accounting Clerks,15_19,0.6
5511,Accounting Clerks,20_24,4.7
5511,Accounting Clerks,25_34,18.4
5511,Accounting Clerks,35_44,24.7
5511,Accounting Clerks,45_54,25.7
5511,Accounting Clerks,55_59,11.6
5511,Accounting Clerks,60_64,8.4
5511,Accounting Clerks,65,5.9
5512,Bookkeepers,15_19,0.7
5512,Bookkeepers,20_24,2.1
5512,Bookkeepers,25_34,11.9
5512,Bookkeepers,35_44,20.4
5512,Bookkeepers,45_54,26
5512,Bookkeepers,55_59,14
5512,Bookkeepers,60_64,11.5
5512,Bookkeepers,65,13.4
5513,Payroll Clerks,15_19,0.4
5513,Payroll Clerks,20_24,3.4
5513,Payroll Clerks,25_34,17.8
5513,Payroll Clerks,35_44,26.2
5513,Payroll Clerks,45_54,27
5513,Payroll Clerks,55_59,12.1
5513,Payroll Clerks,60_64,8
5513,Payroll Clerks,65,5
5521,Bank Workers,15_19,1.3
5521,Bank Workers,20_24,10.1
5521,Bank Workers,25_34,27.4
5521,Bank Workers,35_44,26
5521,Bank Workers,45_54,20
5521,Bank Workers,55_59,7.9
5521,Bank Workers,60_64,5.1
5521,Bank Workers,65,2.2
5522,Credit and Loans Officers,15_19,0.3
5522,Credit and Loans Officers,20_24,8.1
5522,Credit and Loans Officers,25_34,30.9
5522,Credit and Loans Officers,35_44,27.7
5522,Credit and Loans Officers,45_54,19.7
5522,Credit and Loans Officers,55_59,7.2
5522,Credit and Loans Officers,60_64,4.3
5522,Credit and Loans Officers,65,1.8
5523,"Insurance, Money Market and Statistical Clerks",15_19,0.7
5523,"Insurance, Money Market and Statistical Clerks",20_24,8.5
5523,"Insurance, Money Market and Statistical Clerks",25_34,29.7
5523,"Insurance, Money Market and Statistical Clerks",35_44,27.3
5523,"Insurance, Money Market and Statistical Clerks",45_54,19.9
5523,"Insurance, Money Market and Statistical Clerks",55_59,6.7
5523,"Insurance, Money Market and Statistical Clerks",60_64,4.6
5523,"Insurance, Money Market and Statistical Clerks",65,2.6
5611,Betting Clerks,15_19,1.8
5611,Betting Clerks,20_24,12.3
5611,Betting Clerks,25_34,20.2
5611,Betting Clerks,35_44,13
5611,Betting Clerks,45_54,16.1
5611,Betting Clerks,55_59,7.7
5611,Betting Clerks,60_64,10.7
5611,Betting Clerks,65,18.4
5612,Couriers and Postal Deliverers,15_19,1.2
5612,Couriers and Postal Deliverers,20_24,5.3
5612,Couriers and Postal Deliverers,25_34,17.9
5612,Couriers and Postal Deliverers,35_44,19
5612,Couriers and Postal Deliverers,45_54,22.2
5612,Couriers and Postal Deliverers,55_59,13.6
5612,Couriers and Postal Deliverers,60_64,11.9
5612,Couriers and Postal Deliverers,65,8.8
5613,Filing and Registry Clerks,15_19,4.8
5613,Filing and Registry Clerks,20_24,8.9
5613,Filing and Registry Clerks,25_34,18.1
5613,Filing and Registry Clerks,35_44,20.2
5613,Filing and Registry Clerks,45_54,21.2
5613,Filing and Registry Clerks,55_59,10.4
5613,Filing and Registry Clerks,60_64,9.2
5613,Filing and Registry Clerks,65,7.3
5614,Mail Sorters,15_19,2.9
5614,Mail Sorters,20_24,8.2
5614,Mail Sorters,25_34,13.3
5614,Mail Sorters,35_44,15.4
5614,Mail Sorters,45_54,23.6
5614,Mail Sorters,55_59,16.1
5614,Mail Sorters,60_64,12.7
5614,Mail Sorters,65,7.8
5615,Survey Interviewers,15_19,4.7
5615,Survey Interviewers,20_24,15.5
5615,Survey Interviewers,25_34,17.3
5615,Survey Interviewers,35_44,11.4
5615,Survey Interviewers,45_54,13.8
5615,Survey Interviewers,55_59,10
5615,Survey Interviewers,60_64,11.9
5615,Survey Interviewers,65,15.5
5616,Switchboard Operators,15_19,4.2
5616,Switchboard Operators,20_24,12.7
5616,Switchboard Operators,25_34,19.1
5616,Switchboard Operators,35_44,14.1
5616,Switchboard Operators,45_54,17
5616,Switchboard Operators,55_59,10.3
5616,Switchboard Operators,60_64,12.2
5616,Switchboard Operators,65,10.4
5619,Other Clerical and Office Support Workers,15_19,9
5619,Other Clerical and Office Support Workers,20_24,12.1
5619,Other Clerical and Office Support Workers,25_34,14.3
5619,Other Clerical and Office Support Workers,35_44,14.7
5619,Other Clerical and Office Support Workers,45_54,17.1
5619,Other Clerical and Office Support Workers,55_59,10.4
5619,Other Clerical and Office Support Workers,60_64,10.6
5619,Other Clerical and Office Support Workers,65,11.6
5911,Purchasing and Supply Logistics Clerks,15_19,2.1
5911,Purchasing and Supply Logistics Clerks,20_24,7.8
5911,Purchasing and Supply Logistics Clerks,25_34,23.2
5911,Purchasing and Supply Logistics Clerks,35_44,24.8
5911,Purchasing and Supply Logistics Clerks,45_54,22.8
5911,Purchasing and Supply Logistics Clerks,55_59,9.6
5911,Purchasing and Supply Logistics Clerks,60_64,6.6
5911,Purchasing and Supply Logistics Clerks,65,3.3
5912,Transport and Despatch Clerks,15_19,1.1
5912,Transport and Despatch Clerks,20_24,6.4
5912,Transport and Despatch Clerks,25_34,22.7
5912,Transport and Despatch Clerks,35_44,25.9
5912,Transport and Despatch Clerks,45_54,23.4
5912,Transport and Despatch Clerks,55_59,10.1
5912,Transport and Despatch Clerks,60_64,6.7
5912,Transport and Despatch Clerks,65,3.7
5991,Conveyancers and Legal Executives,15_19,1.4
5991,Conveyancers and Legal Executives,20_24,23
5991,Conveyancers and Legal Executives,25_34,24.3
5991,Conveyancers and Legal Executives,35_44,19.6
5991,Conveyancers and Legal Executives,45_54,16.4
5991,Conveyancers and Legal Executives,55_59,6.7
5991,Conveyancers and Legal Executives,60_64,4.7
5991,Conveyancers and Legal Executives,65,3.9
5992,Court and Legal Clerks,15_19,2.4
5992,Court and Legal Clerks,20_24,23.6
5992,Court and Legal Clerks,25_34,26.2
5992,Court and Legal Clerks,35_44,15.6
5992,Court and Legal Clerks,45_54,15.6
5992,Court and Legal Clerks,55_59,6.8
5992,Court and Legal Clerks,60_64,5.4
5992,Court and Legal Clerks,65,4.4
5993,Debt Collectors,15_19,0.9
5993,Debt Collectors,20_24,10.7
5993,Debt Collectors,25_34,23.8
5993,Debt Collectors,35_44,22.9
5993,Debt Collectors,45_54,21.8
5993,Debt Collectors,55_59,9.1
5993,Debt Collectors,60_64,6.1
5993,Debt Collectors,65,4.7
5994,Human Resource Clerks,15_19,0.9
5994,Human Resource Clerks,20_24,8.6
5994,Human Resource Clerks,25_34,26.5
5994,Human Resource Clerks,35_44,25.1
5994,Human Resource Clerks,45_54,21.3
5994,Human Resource Clerks,55_59,9.1
5994,Human Resource Clerks,60_64,5.9
5994,Human Resource Clerks,65,2.6
5995,Inspectors and Regulatory Officers,15_19,0.6
5995,Inspectors and Regulatory Officers,20_24,5.3
5995,Inspectors and Regulatory Officers,25_34,19.7
5995,Inspectors and Regulatory Officers,35_44,25.6
5995,Inspectors and Regulatory Officers,45_54,26.8
5995,Inspectors and Regulatory Officers,55_59,11.1
5995,Inspectors and Regulatory Officers,60_64,7.4
5995,Inspectors and Regulatory Officers,65,3.5
5996,"Insurance Investigators, Loss Adjusters and Risk Surveyors",15_19,0.2
5996,"Insurance Investigators, Loss Adjusters and Risk Surveyors",20_24,2.6
5996,"Insurance Investigators, Loss Adjusters and Risk Surveyors",25_34,19.8
5996,"Insurance Investigators, Loss Adjusters and Risk Surveyors",35_44,27.2
5996,"Insurance Investigators, Loss Adjusters and Risk Surveyors",45_54,26.5
5996,"Insurance Investigators, Loss Adjusters and Risk Surveyors",55_59,9.8
5996,"Insurance Investigators, Loss Adjusters and Risk Surveyors",60_64,8.1
5996,"Insurance Investigators, Loss Adjusters and Risk Surveyors",65,5.8
5997,Library Assistants,15_19,3.2
5997,Library Assistants,20_24,6.8
5997,Library Assistants,25_34,11.8
5997,Library Assistants,35_44,15.2
5997,Library Assistants,45_54,24.5
5997,Library Assistants,55_59,15.5
5997,Library Assistants,60_64,13
5997,Library Assistants,65,10
5999,Other Miscellaneous Clerical and Administrative Workers,15_19,1.9
5999,Other Miscellaneous Clerical and Administrative Workers,20_24,14.5
5999,Other Miscellaneous Clerical and Administrative Workers,25_34,25.1
5999,Other Miscellaneous Clerical and Administrative Workers,35_44,18.8
5999,Other Miscellaneous Clerical and Administrative Workers,45_54,18.7
5999,Other Miscellaneous Clerical and Administrative Workers,55_59,8.8
5999,Other Miscellaneous Clerical and Administrative Workers,60_64,6.6
5999,Other Miscellaneous Clerical and Administrative Workers,65,5.6
6111,"Auctioneers, and Stock and Station Agents",15_19,2.2
6111,"Auctioneers, and Stock and Station Agents",20_24,6.2
6111,"Auctioneers, and Stock and Station Agents",25_34,17.1
6111,"Auctioneers, and Stock and Station Agents",35_44,19.4
6111,"Auctioneers, and Stock and Station Agents",45_54,22.1
6111,"Auctioneers, and Stock and Station Agents",55_59,10
6111,"Auctioneers, and Stock and Station Agents",60_64,9.9
6111,"Auctioneers, and Stock and Station Agents",65,12.8
6112,Insurance Agents,15_19,0.5
6112,Insurance Agents,20_24,7.3
6112,Insurance Agents,25_34,27.9
6112,Insurance Agents,35_44,28.3
6112,Insurance Agents,45_54,22.1
6112,Insurance Agents,55_59,7
6112,Insurance Agents,60_64,4.4
6112,Insurance Agents,65,2.5
6113,Sales Representatives,15_19,0.7
6113,Sales Representatives,20_24,4.9
6113,Sales Representatives,25_34,21.7
6113,Sales Representatives,35_44,25.5
6113,Sales Representatives,45_54,25.9
6113,Sales Representatives,55_59,10
6113,Sales Representatives,60_64,6.8
6113,Sales Representatives,65,4.5
6121,Real Estate Sales Agents,15_19,1.1
6121,Real Estate Sales Agents,20_24,7.1
6121,Real Estate Sales Agents,25_34,21.5
6121,Real Estate Sales Agents,35_44,22.3
6121,Real Estate Sales Agents,45_54,21.7
6121,Real Estate Sales Agents,55_59,9.2
6121,Real Estate Sales Agents,60_64,7.3
6121,Real Estate Sales Agents,65,9.8
6211,Sales Assistants (General),15_19,29.2
6211,Sales Assistants (General),20_24,19.4
6211,Sales Assistants (General),25_34,15.5
6211,Sales Assistants (General),35_44,10.5
6211,Sales Assistants (General),45_54,11.5
6211,Sales Assistants (General),55_59,5.8
6211,Sales Assistants (General),60_64,4.7
6211,Sales Assistants (General),65,3.3
6212,ICT Sales Assistants,15_19,4.2
6212,ICT Sales Assistants,20_24,20.8
6212,ICT Sales Assistants,25_34,30.6
6212,ICT Sales Assistants,35_44,20.6
6212,ICT Sales Assistants,45_54,15.2
6212,ICT Sales Assistants,55_59,4.6
6212,ICT Sales Assistants,60_64,2.5
6212,ICT Sales Assistants,65,1.6
6213,Motor Vehicle and Vehicle Parts Salespersons,15_19,3
6213,Motor Vehicle and Vehicle Parts Salespersons,20_24,11
6213,Motor Vehicle and Vehicle Parts Salespersons,25_34,23.8
6213,Motor Vehicle and Vehicle Parts Salespersons,35_44,20.6
6213,Motor Vehicle and Vehicle Parts Salespersons,45_54,20.3
6213,Motor Vehicle and Vehicle Parts Salespersons,55_59,9.3
6213,Motor Vehicle and Vehicle Parts Salespersons,60_64,6.8
6213,Motor Vehicle and Vehicle Parts Salespersons,65,5.1
6214,Pharmacy Sales Assistants,15_19,24.1
6214,Pharmacy Sales Assistants,20_24,22.8
6214,Pharmacy Sales Assistants,25_34,16
6214,Pharmacy Sales Assistants,35_44,10.8
6214,Pharmacy Sales Assistants,45_54,12.5
6214,Pharmacy Sales Assistants,55_59,5.9
6214,Pharmacy Sales Assistants,60_64,4.9
6214,Pharmacy Sales Assistants,65,3
6215,Retail Supervisors,15_19,7.8
6215,Retail Supervisors,20_24,20.5
6215,Retail Supervisors,25_34,27
6215,Retail Supervisors,35_44,18.8
6215,Retail Supervisors,45_54,15.2
6215,Retail Supervisors,55_59,5.7
6215,Retail Supervisors,60_64,3.4
6215,Retail Supervisors,65,1.5
6216,Service Station Attendants,15_19,10.4
6216,Service Station Attendants,20_24,19.4
6216,Service Station Attendants,25_34,29.2
6216,Service Station Attendants,35_44,16.1
6216,Service Station Attendants,45_54,11.8
6216,Service Station Attendants,55_59,5.5
6216,Service Station Attendants,60_64,4.6
6216,Service Station Attendants,65,3.1
6217,Street Vendors and Related Salespersons,15_19,4.3
6217,Street Vendors and Related Salespersons,20_24,9.6
6217,Street Vendors and Related Salespersons,25_34,18.5
6217,Street Vendors and Related Salespersons,35_44,19.6
6217,Street Vendors and Related Salespersons,45_54,21.7
6217,Street Vendors and Related Salespersons,55_59,9.2
6217,Street Vendors and Related Salespersons,60_64,8.3
6217,Street Vendors and Related Salespersons,65,8.6
6219,Other Sales Assistants and Salespersons,15_19,5.5
6219,Other Sales Assistants and Salespersons,20_24,9.8
6219,Other Sales Assistants and Salespersons,25_34,20.2
6219,Other Sales Assistants and Salespersons,35_44,19.4
6219,Other Sales Assistants and Salespersons,45_54,21.2
6219,Other Sales Assistants and Salespersons,55_59,9.9
6219,Other Sales Assistants and Salespersons,60_64,7.7
6219,Other Sales Assistants and Salespersons,65,6.5
6311,Checkout Operators and Office Cashiers,15_19,39.6
6311,Checkout Operators and Office Cashiers,20_24,18.6
6311,Checkout Operators and Office Cashiers,25_34,13.7
6311,Checkout Operators and Office Cashiers,35_44,8.3
6311,Checkout Operators and Office Cashiers,45_54,8.6
6311,Checkout Operators and Office Cashiers,55_59,4.8
6311,Checkout Operators and Office Cashiers,60_64,4
6311,Checkout Operators and Office Cashiers,65,2.4
6391,Models and Sales Demonstrators,15_19,2.5
6391,Models and Sales Demonstrators,20_24,8.6
6391,Models and Sales Demonstrators,25_34,15.1
6391,Models and Sales Demonstrators,35_44,18.5
6391,Models and Sales Demonstrators,45_54,26.4
6391,Models and Sales Demonstrators,55_59,13.1
6391,Models and Sales Demonstrators,60_64,9.8
6391,Models and Sales Demonstrators,65,6
6392,Retail and Wool Buyers,15_19,0.1
6392,Retail and Wool Buyers,20_24,3.5
6392,Retail and Wool Buyers,25_34,34.4
6392,Retail and Wool Buyers,35_44,29.7
6392,Retail and Wool Buyers,45_54,18.4
6392,Retail and Wool Buyers,55_59,5.9
6392,Retail and Wool Buyers,60_64,4.5
6392,Retail and Wool Buyers,65,3.3
6393,Telemarketers,15_19,4.4
6393,Telemarketers,20_24,17
6393,Telemarketers,25_34,22.9
6393,Telemarketers,35_44,15.6
6393,Telemarketers,45_54,16.4
6393,Telemarketers,55_59,8.2
6393,Telemarketers,60_64,8.3
6393,Telemarketers,65,7.2
6394,Ticket Salespersons,15_19,12
6394,Ticket Salespersons,20_24,15
6394,Ticket Salespersons,25_34,19.6
6394,Ticket Salespersons,35_44,17.6
6394,Ticket Salespersons,45_54,17.8
6394,Ticket Salespersons,55_59,8.4
6394,Ticket Salespersons,60_64,5.7
6394,Ticket Salespersons,65,3.7
6395,Visual Merchandisers,15_19,1.6
6395,Visual Merchandisers,20_24,10
6395,Visual Merchandisers,25_34,29.1
6395,Visual Merchandisers,35_44,21.9
6395,Visual Merchandisers,45_54,21.1
6395,Visual Merchandisers,55_59,7.9
6395,Visual Merchandisers,60_64,5.4
6395,Visual Merchandisers,65,2.8
6399,Other Sales Support Workers,15_19,13.7
6399,Other Sales Support Workers,20_24,21.2
6399,Other Sales Support Workers,25_34,22.1
6399,Other Sales Support Workers,35_44,15.7
6399,Other Sales Support Workers,45_54,14.7
6399,Other Sales Support Workers,55_59,6.7
6399,Other Sales Support Workers,60_64,3.6
6399,Other Sales Support Workers,65,2.3
7111,"Clay, Concrete, Glass and Stone Processing Machine Operators",15_19,1.9
7111,"Clay, Concrete, Glass and Stone Processing Machine Operators",20_24,8
7111,"Clay, Concrete, Glass and Stone Processing Machine Operators",25_34,23
7111,"Clay, Concrete, Glass and Stone Processing Machine Operators",35_44,21.9
7111,"Clay, Concrete, Glass and Stone Processing Machine Operators",45_54,25.2
7111,"Clay, Concrete, Glass and Stone Processing Machine Operators",55_59,10.3
7111,"Clay, Concrete, Glass and Stone Processing Machine Operators",60_64,6.6
7111,"Clay, Concrete, Glass and Stone Processing Machine Operators",65,3.5
7112,Industrial Spraypainters,15_19,2.7
7112,Industrial Spraypainters,20_24,8.4
7112,Industrial Spraypainters,25_34,23.2
7112,Industrial Spraypainters,35_44,24.9
7112,Industrial Spraypainters,45_54,22.3
7112,Industrial Spraypainters,55_59,9.1
7112,Industrial Spraypainters,60_64,6.3
7112,Industrial Spraypainters,65,2.8
7113,Paper and Wood Processing Machine Operators,15_19,3
7113,Paper and Wood Processing Machine Operators,20_24,8.9
7113,Paper and Wood Processing Machine Operators,25_34,19.6
7113,Paper and Wood Processing Machine Operators,35_44,19.6
7113,Paper and Wood Processing Machine Operators,45_54,23.2
7113,Paper and Wood Processing Machine Operators,55_59,12.2
7113,Paper and Wood Processing Machine Operators,60_64,8.5
7113,Paper and Wood Processing Machine Operators,65,4.9
7114,Photographic Developers and Printers,15_19,6
7114,Photographic Developers and Printers,20_24,18.1
7114,Photographic Developers and Printers,25_34,23
7114,Photographic Developers and Printers,35_44,15.2
7114,Photographic Developers and Printers,45_54,17.8
7114,Photographic Developers and Printers,55_59,7.5
7114,Photographic Developers and Printers,60_64,7.7
7114,Photographic Developers and Printers,65,4.1
7115,Plastics and Rubber Production Machine Operators,15_19,2
7115,Plastics and Rubber Production Machine Operators,20_24,8
7115,Plastics and Rubber Production Machine Operators,25_34,19.7
7115,Plastics and Rubber Production Machine Operators,35_44,20.6
7115,Plastics and Rubber Production Machine Operators,45_54,24.3
7115,Plastics and Rubber Production Machine Operators,55_59,11.6
7115,Plastics and Rubber Production Machine Operators,60_64,9.4
7115,Plastics and Rubber Production Machine Operators,65,4.3
7116,Sewing Machinists,15_19,1.4
7116,Sewing Machinists,20_24,4.2
7116,Sewing Machinists,25_34,10.2
7116,Sewing Machinists,35_44,14.2
7116,Sewing Machinists,45_54,26.4
7116,Sewing Machinists,55_59,17.5
7116,Sewing Machinists,60_64,15.5
7116,Sewing Machinists,65,10.7
7117,Textile and Footwear Production Machine Operators,15_19,1.7
7117,Textile and Footwear Production Machine Operators,20_24,6.7
7117,Textile and Footwear Production Machine Operators,25_34,15.8
7117,Textile and Footwear Production Machine Operators,35_44,17.4
7117,Textile and Footwear Production Machine Operators,45_54,23.5
7117,Textile and Footwear Production Machine Operators,55_59,15.2
7117,Textile and Footwear Production Machine Operators,60_64,12.4
7117,Textile and Footwear Production Machine Operators,65,7.3
7119,Other Machine Operators,15_19,3.2
7119,Other Machine Operators,20_24,7.9
7119,Other Machine Operators,25_34,19.4
7119,Other Machine Operators,35_44,22
7119,Other Machine Operators,45_54,23.5
7119,Other Machine Operators,55_59,11.5
7119,Other Machine Operators,60_64,8.3
7119,Other Machine Operators,65,4.4
7121,"Crane, Hoist and Lift Operators",15_19,1
7121,"Crane, Hoist and Lift Operators",20_24,4.3
7121,"Crane, Hoist and Lift Operators",25_34,16.6
7121,"Crane, Hoist and Lift Operators",35_44,25.3
7121,"Crane, Hoist and Lift Operators",45_54,27.3
7121,"Crane, Hoist and Lift Operators",55_59,12.7
7121,"Crane, Hoist and Lift Operators",60_64,8.9
7121,"Crane, Hoist and Lift Operators",65,3.7
7122,"Drillers, Miners and Shot Firers",15_19,0.7
7122,"Drillers, Miners and Shot Firers",20_24,5.7
7122,"Drillers, Miners and Shot Firers",25_34,24.3
7122,"Drillers, Miners and Shot Firers",35_44,28.8
7122,"Drillers, Miners and Shot Firers",45_54,24.3
7122,"Drillers, Miners and Shot Firers",55_59,8.9
7122,"Drillers, Miners and Shot Firers",60_64,5.3
7122,"Drillers, Miners and Shot Firers",65,1.9
7123,Engineering Production Workers,15_19,2.1
7123,Engineering Production Workers,20_24,7
7123,Engineering Production Workers,25_34,20
7123,Engineering Production Workers,35_44,22
7123,Engineering Production Workers,45_54,24.6
7123,Engineering Production Workers,55_59,12.4
7123,Engineering Production Workers,60_64,8.4
7123,Engineering Production Workers,65,3.7
7129,Other Stationary Plant Operators,15_19,1.6
7129,Other Stationary Plant Operators,20_24,6.1
7129,Other Stationary Plant Operators,25_34,21.3
7129,Other Stationary Plant Operators,35_44,22.3
7129,Other Stationary Plant Operators,45_54,23.9
7129,Other Stationary Plant Operators,55_59,12.2
7129,Other Stationary Plant Operators,60_64,8.7
7129,Other Stationary Plant Operators,65,3.9
7211,"Agricultural, Forestry and Horticultural Plant Operators",15_19,5.9
7211,"Agricultural, Forestry and Horticultural Plant Operators",20_24,11.3
7211,"Agricultural, Forestry and Horticultural Plant Operators",25_34,21
7211,"Agricultural, Forestry and Horticultural Plant Operators",35_44,16.7
7211,"Agricultural, Forestry and Horticultural Plant Operators",45_54,18.4
7211,"Agricultural, Forestry and Horticultural Plant Operators",55_59,9.6
7211,"Agricultural, Forestry and Horticultural Plant Operators",60_64,9.1
7211,"Agricultural, Forestry and Horticultural Plant Operators",65,8
7212,Earthmoving Plant Operators,15_19,1.2
7212,Earthmoving Plant Operators,20_24,5.3
7212,Earthmoving Plant Operators,25_34,19.5
7212,Earthmoving Plant Operators,35_44,21.7
7212,Earthmoving Plant Operators,45_54,24.1
7212,Earthmoving Plant Operators,55_59,12.2
7212,Earthmoving Plant Operators,60_64,9.5
7212,Earthmoving Plant Operators,65,6.5
7213,Forklift Drivers,15_19,1
7213,Forklift Drivers,20_24,7.5
7213,Forklift Drivers,25_34,23
7213,Forklift Drivers,35_44,22.6
7213,Forklift Drivers,45_54,23.5
7213,Forklift Drivers,55_59,11.3
7213,Forklift Drivers,60_64,7.9
7213,Forklift Drivers,65,3.2
7219,Other Mobile Plant Operators,15_19,3.4
7219,Other Mobile Plant Operators,20_24,13.9
7219,Other Mobile Plant Operators,25_34,23.4
7219,Other Mobile Plant Operators,35_44,19.5
7219,Other Mobile Plant Operators,45_54,20
7219,Other Mobile Plant Operators,55_59,9.9
7219,Other Mobile Plant Operators,60_64,6.4
7219,Other Mobile Plant Operators,65,3.3
7311,Automobile Drivers,15_19,0.1
7311,Automobile Drivers,20_24,3.1
7311,Automobile Drivers,25_34,22.4
7311,Automobile Drivers,35_44,23.5
7311,Automobile Drivers,45_54,17.5
7311,Automobile Drivers,55_59,10.9
7311,Automobile Drivers,60_64,10.8
7311,Automobile Drivers,65,11.8
7312,Bus and Coach Drivers,15_19,0
7312,Bus and Coach Drivers,20_24,0.3
7312,Bus and Coach Drivers,25_34,5.7
7312,Bus and Coach Drivers,35_44,14.8
7312,Bus and Coach Drivers,45_54,22.6
7312,Bus and Coach Drivers,55_59,16.9
7312,Bus and Coach Drivers,60_64,18.5
7312,Bus and Coach Drivers,65,21.1
7313,Train and Tram Drivers,15_19,0.2
7313,Train and Tram Drivers,20_24,2.4
7313,Train and Tram Drivers,25_34,15.5
7313,Train and Tram Drivers,35_44,23.7
7313,Train and Tram Drivers,45_54,25.6
7313,Train and Tram Drivers,55_59,15.4
7313,Train and Tram Drivers,60_64,11.7
7313,Train and Tram Drivers,65,5.5
7321,Delivery Drivers,15_19,11.4
7321,Delivery Drivers,20_24,15
7321,Delivery Drivers,25_34,25.8
7321,Delivery Drivers,35_44,15.4
7321,Delivery Drivers,45_54,14.1
7321,Delivery Drivers,55_59,7.6
7321,Delivery Drivers,60_64,6.2
7321,Delivery Drivers,65,4.6
7331,Truck Drivers,15_19,0.5
7331,Truck Drivers,20_24,4.1
7331,Truck Drivers,25_34,18
7331,Truck Drivers,35_44,19.7
7331,Truck Drivers,45_54,25.6
7331,Truck Drivers,55_59,14.2
7331,Truck Drivers,60_64,11.2
7331,Truck Drivers,65,6.7
7411,Storepersons,15_19,6.7
7411,Storepersons,20_24,16.2
7411,Storepersons,25_34,24.7
7411,Storepersons,35_44,18.6
7411,Storepersons,45_54,17.3
7411,Storepersons,55_59,8
7411,Storepersons,60_64,5.8
7411,Storepersons,65,2.8
8111,Car Detailers,15_19,10.6
8111,Car Detailers,20_24,15.6
8111,Car Detailers,25_34,22.5
8111,Car Detailers,35_44,17.5
8111,Car Detailers,45_54,17
8111,Car Detailers,55_59,7.3
8111,Car Detailers,60_64,5.7
8111,Car Detailers,65,3.9
8112,Commercial Cleaners,15_19,3.8
8112,Commercial Cleaners,20_24,8.1
8112,Commercial Cleaners,25_34,19.3
8112,Commercial Cleaners,35_44,16.5
8112,Commercial Cleaners,45_54,20.3
8112,Commercial Cleaners,55_59,12.2
8112,Commercial Cleaners,60_64,11.2
8112,Commercial Cleaners,65,8.5
8113,Domestic Cleaners,15_19,2.3
8113,Domestic Cleaners,20_24,5.6
8113,Domestic Cleaners,25_34,17.2
8113,Domestic Cleaners,35_44,21.4
8113,Domestic Cleaners,45_54,25.2
8113,Domestic Cleaners,55_59,12.2
8113,Domestic Cleaners,60_64,9.7
8113,Domestic Cleaners,65,6.5
8114,Housekeepers,15_19,2.9
8114,Housekeepers,20_24,9.6
8114,Housekeepers,25_34,22.4
8114,Housekeepers,35_44,20
8114,Housekeepers,45_54,21.7
8114,Housekeepers,55_59,10.6
8114,Housekeepers,60_64,8.5
8114,Housekeepers,65,4.3
8115,Laundry Workers,15_19,2.1
8115,Laundry Workers,20_24,6
8115,Laundry Workers,25_34,13.8
8115,Laundry Workers,35_44,17
8115,Laundry Workers,45_54,24.5
8115,Laundry Workers,55_59,14.8
8115,Laundry Workers,60_64,13.5
8115,Laundry Workers,65,8.3
8116,Other Cleaners,15_19,3.8
8116,Other Cleaners,20_24,8.6
8116,Other Cleaners,25_34,20.2
8116,Other Cleaners,35_44,18.7
8116,Other Cleaners,45_54,22.6
8116,Other Cleaners,55_59,10.9
8116,Other Cleaners,60_64,9
8116,Other Cleaners,65,6.3
8211,Building and Plumbing Labourers,15_19,7.8
8211,Building and Plumbing Labourers,20_24,14.7
8211,Building and Plumbing Labourers,25_34,27.7
8211,Building and Plumbing Labourers,35_44,19.3
8211,Building and Plumbing Labourers,45_54,16.9
8211,Building and Plumbing Labourers,55_59,6.9
8211,Building and Plumbing Labourers,60_64,4.6
8211,Building and Plumbing Labourers,65,2.1
8212,Concreters,15_19,4.9
8212,Concreters,20_24,12.1
8212,Concreters,25_34,29.6
8212,Concreters,35_44,22.7
8212,Concreters,45_54,17.7
8212,Concreters,55_59,6.5
8212,Concreters,60_64,4.3
8212,Concreters,65,2.2
8213,Fencers,15_19,4.4
8213,Fencers,20_24,10.7
8213,Fencers,25_34,21.4
8213,Fencers,35_44,19.9
8213,Fencers,45_54,21.3
8213,Fencers,55_59,9.5
8213,Fencers,60_64,7.5
8213,Fencers,65,5.4
8214,Insulation and Home Improvement Installers,15_19,3.2
8214,Insulation and Home Improvement Installers,20_24,9.6
8214,Insulation and Home Improvement Installers,25_34,24.8
8214,Insulation and Home Improvement Installers,35_44,23.2
8214,Insulation and Home Improvement Installers,45_54,21.1
8214,Insulation and Home Improvement Installers,55_59,8.3
8214,Insulation and Home Improvement Installers,60_64,6.2
8214,Insulation and Home Improvement Installers,65,3.7
8215,Paving and Surfacing Labourers,15_19,3.8
8215,Paving and Surfacing Labourers,20_24,9.9
8215,Paving and Surfacing Labourers,25_34,22.6
8215,Paving and Surfacing Labourers,35_44,19.3
8215,Paving and Surfacing Labourers,45_54,21.4
8215,Paving and Surfacing Labourers,55_59,11.2
8215,Paving and Surfacing Labourers,60_64,8.3
8215,Paving and Surfacing Labourers,65,3.4
8216,Railway Track Workers,15_19,1
8216,Railway Track Workers,20_24,6.8
8216,Railway Track Workers,25_34,26
8216,Railway Track Workers,35_44,22.8
8216,Railway Track Workers,45_54,19.6
8216,Railway Track Workers,55_59,11
8216,Railway Track Workers,60_64,8.8
8216,Railway Track Workers,65,4.1
8217,Structural Steel Construction Workers,15_19,2.6
8217,Structural Steel Construction Workers,20_24,10.2
8217,Structural Steel Construction Workers,25_34,33.8
8217,Structural Steel Construction Workers,35_44,26.7
8217,Structural Steel Construction Workers,45_54,16.7
8217,Structural Steel Construction Workers,55_59,5.6
8217,Structural Steel Construction Workers,60_64,3.2
8217,Structural Steel Construction Workers,65,1.2
8219,Other Construction and Mining Labourers,15_19,4.7
8219,Other Construction and Mining Labourers,20_24,18.7
8219,Other Construction and Mining Labourers,25_34,31.6
8219,Other Construction and Mining Labourers,35_44,18.7
8219,Other Construction and Mining Labourers,45_54,13.4
8219,Other Construction and Mining Labourers,55_59,5.5
8219,Other Construction and Mining Labourers,60_64,4.1
8219,Other Construction and Mining Labourers,65,3.4
8311,Food and Drink Factory Workers,15_19,3.6
8311,Food and Drink Factory Workers,20_24,9
8311,Food and Drink Factory Workers,25_34,22.3
8311,Food and Drink Factory Workers,35_44,22.1
8311,Food and Drink Factory Workers,45_54,22.6
8311,Food and Drink Factory Workers,55_59,10.2
8311,Food and Drink Factory Workers,60_64,7.2
8311,Food and Drink Factory Workers,65,2.8
8312,"Meat Boners and Slicers, and Slaughterers",15_19,2.8
8312,"Meat Boners and Slicers, and Slaughterers",20_24,9.8
8312,"Meat Boners and Slicers, and Slaughterers",25_34,34.4
8312,"Meat Boners and Slicers, and Slaughterers",35_44,27.5
8312,"Meat Boners and Slicers, and Slaughterers",45_54,17
8312,"Meat Boners and Slicers, and Slaughterers",55_59,4.7
8312,"Meat Boners and Slicers, and Slaughterers",60_64,2.9
8312,"Meat Boners and Slicers, and Slaughterers",65,0.9
8313,"Meat, Poultry and Seafood Process Workers",15_19,3.2
8313,"Meat, Poultry and Seafood Process Workers",20_24,10.4
8313,"Meat, Poultry and Seafood Process Workers",25_34,29.2
8313,"Meat, Poultry and Seafood Process Workers",35_44,22.1
8313,"Meat, Poultry and Seafood Process Workers",45_54,19.6
8313,"Meat, Poultry and Seafood Process Workers",55_59,7.8
8313,"Meat, Poultry and Seafood Process Workers",60_64,5.5
8313,"Meat, Poultry and Seafood Process Workers",65,2.1
8321,Packers,15_19,7.3
8321,Packers,20_24,12.8
8321,Packers,25_34,25.4
8321,Packers,35_44,18
8321,Packers,45_54,18.7
8321,Packers,55_59,8.7
8321,Packers,60_64,6.2
8321,Packers,65,3
8322,Product Assemblers,15_19,4.5
8322,Product Assemblers,20_24,10.8
8322,Product Assemblers,25_34,19.5
8322,Product Assemblers,35_44,17.4
8322,Product Assemblers,45_54,22
8322,Product Assemblers,55_59,12.1
8322,Product Assemblers,60_64,9.4
8322,Product Assemblers,65,4.4
8391,Metal Engineering Process Workers,15_19,7.2
8391,Metal Engineering Process Workers,20_24,13.2
8391,Metal Engineering Process Workers,25_34,20.7
8391,Metal Engineering Process Workers,35_44,17
8391,Metal Engineering Process Workers,45_54,19.8
8391,Metal Engineering Process Workers,55_59,10.2
8391,Metal Engineering Process Workers,60_64,7.9
8391,Metal Engineering Process Workers,65,3.9
8392,Plastics and Rubber Factory Workers,15_19,4.9
8392,Plastics and Rubber Factory Workers,20_24,10.5
8392,Plastics and Rubber Factory Workers,25_34,18
8392,Plastics and Rubber Factory Workers,35_44,18.3
8392,Plastics and Rubber Factory Workers,45_54,21.2
8392,Plastics and Rubber Factory Workers,55_59,12.9
8392,Plastics and Rubber Factory Workers,60_64,10.2
8392,Plastics and Rubber Factory Workers,65,4.6
8393,Product Quality Controllers,15_19,2
8393,Product Quality Controllers,20_24,8.1
8393,Product Quality Controllers,25_34,24.9
8393,Product Quality Controllers,35_44,21.4
8393,Product Quality Controllers,45_54,20.4
8393,Product Quality Controllers,55_59,10.3
8393,Product Quality Controllers,60_64,8.2
8393,Product Quality Controllers,65,4.8
8394,Timber and Wood Process Workers,15_19,7.4
8394,Timber and Wood Process Workers,20_24,15.2
8394,Timber and Wood Process Workers,25_34,21.7
8394,Timber and Wood Process Workers,35_44,16.4
8394,Timber and Wood Process Workers,45_54,18.5
8394,Timber and Wood Process Workers,55_59,10
8394,Timber and Wood Process Workers,60_64,7
8394,Timber and Wood Process Workers,65,3.7
8399,Other Factory Process Workers,15_19,6.9
8399,Other Factory Process Workers,20_24,12.3
8399,Other Factory Process Workers,25_34,21.5
8399,Other Factory Process Workers,35_44,18.5
8399,Other Factory Process Workers,45_54,20.5
8399,Other Factory Process Workers,55_59,9.3
8399,Other Factory Process Workers,60_64,7.6
8399,Other Factory Process Workers,65,3.5
8411,Aquaculture Workers,15_19,11
8411,Aquaculture Workers,20_24,15.4
8411,Aquaculture Workers,25_34,25.8
8411,Aquaculture Workers,35_44,20.4
8411,Aquaculture Workers,45_54,13.4
8411,Aquaculture Workers,55_59,4.7
8411,Aquaculture Workers,60_64,6
8411,Aquaculture Workers,65,3.7
8412,Crop Farm Workers,15_19,5.3
8412,Crop Farm Workers,20_24,11.3
8412,Crop Farm Workers,25_34,29.5
8412,Crop Farm Workers,35_44,18.2
8412,Crop Farm Workers,45_54,16.1
8412,Crop Farm Workers,55_59,7.6
8412,Crop Farm Workers,60_64,6.3
8412,Crop Farm Workers,65,5.7
8413,Forestry and Logging Workers,15_19,5.8
8413,Forestry and Logging Workers,20_24,13.6
8413,Forestry and Logging Workers,25_34,27.5
8413,Forestry and Logging Workers,35_44,16.6
8413,Forestry and Logging Workers,45_54,16.7
8413,Forestry and Logging Workers,55_59,8.6
8413,Forestry and Logging Workers,60_64,6.6
8413,Forestry and Logging Workers,65,4.8
8414,Garden and Nursery Labourers,15_19,6.3
8414,Garden and Nursery Labourers,20_24,11.4
8414,Garden and Nursery Labourers,25_34,18.2
8414,Garden and Nursery Labourers,35_44,16.6
8414,Garden and Nursery Labourers,45_54,20.9
8414,Garden and Nursery Labourers,55_59,10.5
8414,Garden and Nursery Labourers,60_64,9
8414,Garden and Nursery Labourers,65,7.1
8415,Livestock Farm Workers,15_19,14.5
8415,Livestock Farm Workers,20_24,17.9
8415,Livestock Farm Workers,25_34,20.9
8415,Livestock Farm Workers,35_44,13.3
8415,Livestock Farm Workers,45_54,12.8
8415,Livestock Farm Workers,55_59,6.6
8415,Livestock Farm Workers,60_64,5.9
8415,Livestock Farm Workers,65,8
8416,Mixed Crop and Livestock Farm Workers,15_19,11.6
8416,Mixed Crop and Livestock Farm Workers,20_24,15.8
8416,Mixed Crop and Livestock Farm Workers,25_34,21.6
8416,Mixed Crop and Livestock Farm Workers,35_44,13.2
8416,Mixed Crop and Livestock Farm Workers,45_54,12.7
8416,Mixed Crop and Livestock Farm Workers,55_59,6.8
8416,Mixed Crop and Livestock Farm Workers,60_64,7
8416,Mixed Crop and Livestock Farm Workers,65,11.3
8419,"Other Farm, Forestry and Garden Workers",15_19,2.1
8419,"Other Farm, Forestry and Garden Workers",20_24,8.7
8419,"Other Farm, Forestry and Garden Workers",25_34,22
8419,"Other Farm, Forestry and Garden Workers",35_44,20
8419,"Other Farm, Forestry and Garden Workers",45_54,22.1
8419,"Other Farm, Forestry and Garden Workers",55_59,11
8419,"Other Farm, Forestry and Garden Workers",60_64,8.2
8419,"Other Farm, Forestry and Garden Workers",65,6
8511,Fast Food Cooks,15_19,61
8511,Fast Food Cooks,20_24,14.2
8511,Fast Food Cooks,25_34,9.4
8511,Fast Food Cooks,35_44,5.8
8511,Fast Food Cooks,45_54,4.9
8511,Fast Food Cooks,55_59,2.3
8511,Fast Food Cooks,60_64,1.6
8511,Fast Food Cooks,65,0.9
8512,Food Trades Assistants,15_19,24.1
8512,Food Trades Assistants,20_24,15.5
8512,Food Trades Assistants,25_34,17.1
8512,Food Trades Assistants,35_44,14
8512,Food Trades Assistants,45_54,14.2
8512,Food Trades Assistants,55_59,7.1
8512,Food Trades Assistants,60_64,5.3
8512,Food Trades Assistants,65,2.8
8513,Kitchenhands,15_19,37.1
8513,Kitchenhands,20_24,14.8
8513,Kitchenhands,25_34,14.2
8513,Kitchenhands,35_44,9.4
8513,Kitchenhands,45_54,10.5
8513,Kitchenhands,55_59,6.1
8513,Kitchenhands,60_64,5.1
8513,Kitchenhands,65,2.8
8911,Freight and Furniture Handlers,15_19,7.5
8911,Freight and Furniture Handlers,20_24,16.6
8911,Freight and Furniture Handlers,25_34,22.4
8911,Freight and Furniture Handlers,35_44,16.4
8911,Freight and Furniture Handlers,45_54,19.4
8911,Freight and Furniture Handlers,55_59,8.7
8911,Freight and Furniture Handlers,60_64,6
8911,Freight and Furniture Handlers,65,3
8912,Shelf Fillers,15_19,25.9
8912,Shelf Fillers,20_24,23.4
8912,Shelf Fillers,25_34,19.1
8912,Shelf Fillers,35_44,11.3
8912,Shelf Fillers,45_54,10.3
8912,Shelf Fillers,55_59,4.6
8912,Shelf Fillers,60_64,3.5
8912,Shelf Fillers,65,1.9
8991,Caretakers,15_19,1.5
8991,Caretakers,20_24,3
8991,Caretakers,25_34,6.7
8991,Caretakers,35_44,10.5
8991,Caretakers,45_54,21.6
8991,Caretakers,55_59,16.7
8991,Caretakers,60_64,19.4
8991,Caretakers,65,20.7
8992,Deck and Fishing Hands,15_19,4.9
8992,Deck and Fishing Hands,20_24,10.2
8992,Deck and Fishing Hands,25_34,21.1
8992,Deck and Fishing Hands,35_44,18.9
8992,Deck and Fishing Hands,45_54,19.8
8992,Deck and Fishing Hands,55_59,10.4
8992,Deck and Fishing Hands,60_64,7.4
8992,Deck and Fishing Hands,65,7.4
8993,Handypersons,15_19,1.3
8993,Handypersons,20_24,3
8993,Handypersons,25_34,9.8
8993,Handypersons,35_44,15.1
8993,Handypersons,45_54,25.4
8993,Handypersons,55_59,16.6
8993,Handypersons,60_64,15.5
8993,Handypersons,65,13.4
8994,Motor Vehicle Parts and Accessories Fitters,15_19,6.4
8994,Motor Vehicle Parts and Accessories Fitters,20_24,14.6
8994,Motor Vehicle Parts and Accessories Fitters,25_34,28.1
8994,Motor Vehicle Parts and Accessories Fitters,35_44,21.4
8994,Motor Vehicle Parts and Accessories Fitters,45_54,17.4
8994,Motor Vehicle Parts and Accessories Fitters,55_59,6.2
8994,Motor Vehicle Parts and Accessories Fitters,60_64,4
8994,Motor Vehicle Parts and Accessories Fitters,65,1.9
8995,Printing Assistants and Table Workers,15_19,4.6
8995,Printing Assistants and Table Workers,20_24,8.5
8995,Printing Assistants and Table Workers,25_34,15.8
8995,Printing Assistants and Table Workers,35_44,16.8
8995,Printing Assistants and Table Workers,45_54,24
8995,Printing Assistants and Table Workers,55_59,12.9
8995,Printing Assistants and Table Workers,60_64,11.2
8995,Printing Assistants and Table Workers,65,5.9
8996,Recycling and Rubbish Collectors,15_19,3.7
8996,Recycling and Rubbish Collectors,20_24,9.5
8996,Recycling and Rubbish Collectors,25_34,16.7
8996,Recycling and Rubbish Collectors,35_44,17.4
8996,Recycling and Rubbish Collectors,45_54,24.4
8996,Recycling and Rubbish Collectors,55_59,12.4
8996,Recycling and Rubbish Collectors,60_64,9.1
8996,Recycling and Rubbish Collectors,65,6.4
8997,Vending Machine Attendants,15_19,5.4
8997,Vending Machine Attendants,20_24,19.2
8997,Vending Machine Attendants,25_34,21.8
8997,Vending Machine Attendants,35_44,15.8
8997,Vending Machine Attendants,45_54,16
8997,Vending Machine Attendants,55_59,8.6
8997,Vending Machine Attendants,60_64,7.6
8997,Vending Machine Attendants,65,5.6
8999,Other Miscellaneous Labourers,15_19,8.9
8999,Other Miscellaneous Labourers,20_24,12
8999,Other Miscellaneous Labourers,25_34,18.8
8999,Other Miscellaneous Labourers,35_44,14.5
8999,Other Miscellaneous Labourers,45_54,16.8
8999,Other Miscellaneous Labourers,55_59,9.4
8999,Other Miscellaneous Labourers,60_64,8.9
8999,Other Miscellaneous Labourers,65,10.7
111211,Corporate General Managers,15_19,0.1
111211,Corporate General Managers,20_24,0.8
111211,Corporate General Managers,25_34,11.1
111211,Corporate General Managers,35_44,28.2
111211,Corporate General Managers,45_54,33.4
111211,Corporate General Managers,55_59,12.1
111211,Corporate General Managers,60_64,7.7
111211,Corporate General Managers,65,6.6
111212,Defence Force Senior Officers,15_19,0.5
111212,Defence Force Senior Officers,20_24,1.6
111212,Defence Force Senior Officers,25_34,4.3
111212,Defence Force Senior Officers,35_44,24.2
111212,Defence Force Senior Officers,45_54,42.1
111212,Defence Force Senior Officers,55_59,15.7
111212,Defence Force Senior Officers,60_64,8.4
111212,Defence Force Senior Officers,65,3.3
111311,Local Government Legislators,15_19,0.5
111311,Local Government Legislators,20_24,1.5
111311,Local Government Legislators,25_34,8.3
111311,Local Government Legislators,35_44,14.8
111311,Local Government Legislators,45_54,20.6
111311,Local Government Legislators,55_59,11.7
111311,Local Government Legislators,60_64,13.1
111311,Local Government Legislators,65,30.1
111312,Members of Parliament,15_19,0
111312,Members of Parliament,20_24,0.8
111312,Members of Parliament,25_34,5.3
111312,Members of Parliament,35_44,23.8
111312,Members of Parliament,45_54,35.6
111312,Members of Parliament,55_59,16.7
111312,Members of Parliament,60_64,10.7
111312,Members of Parliament,65,7
111399,Other Legislators,15_19,0
111399,Other Legislators,20_24,3.4
111399,Other Legislators,25_34,8.8
111399,Other Legislators,35_44,14.9
111399,Other Legislators,45_54,16.2
111399,Other Legislators,55_59,13.5
111399,Other Legislators,60_64,8.1
111399,Other Legislators,65,35.1
121211,Cotton Growers,15_19,1.5
121211,Cotton Growers,20_24,4.4
121211,Cotton Growers,25_34,16.8
121211,Cotton Growers,35_44,21.2
121211,Cotton Growers,45_54,20.5
121211,Cotton Growers,55_59,10.6
121211,Cotton Growers,60_64,10.6
121211,Cotton Growers,65,12.5
121212,Flower Growers,15_19,1.7
121212,Flower Growers,20_24,2.5
121212,Flower Growers,25_34,12.6
121212,Flower Growers,35_44,16.8
121212,Flower Growers,45_54,22.1
121212,Flower Growers,55_59,14.2
121212,Flower Growers,60_64,11.8
121212,Flower Growers,65,18.8
121213,Fruit and Nut Growers,15_19,1
121213,Fruit and Nut Growers,20_24,3.3
121213,Fruit and Nut Growers,25_34,14.3
121213,Fruit and Nut Growers,35_44,17.7
121213,Fruit and Nut Growers,45_54,20.3
121213,Fruit and Nut Growers,55_59,11.3
121213,Fruit and Nut Growers,60_64,11.5
121213,Fruit and Nut Growers,65,20.7
121214,"Grain, Oilseed and Pasture Growers",15_19,0.8
121214,"Grain, Oilseed and Pasture Growers",20_24,2.2
121214,"Grain, Oilseed and Pasture Growers",25_34,10
121214,"Grain, Oilseed and Pasture Growers",35_44,16.4
121214,"Grain, Oilseed and Pasture Growers",45_54,21.5
121214,"Grain, Oilseed and Pasture Growers",55_59,12.3
121214,"Grain, Oilseed and Pasture Growers",60_64,12.4
121214,"Grain, Oilseed and Pasture Growers",65,24.4
121215,Grape Growers,15_19,0.4
121215,Grape Growers,20_24,2.7
121215,Grape Growers,25_34,10.6
121215,Grape Growers,35_44,15.5
121215,Grape Growers,45_54,23.1
121215,Grape Growers,55_59,12.5
121215,Grape Growers,60_64,12
121215,Grape Growers,65,23.2
121216,Mixed Crop Farmers,15_19,1
121216,Mixed Crop Farmers,20_24,3.1
121216,Mixed Crop Farmers,25_34,11.7
121216,Mixed Crop Farmers,35_44,17.3
121216,Mixed Crop Farmers,45_54,25.6
121216,Mixed Crop Farmers,55_59,12.4
121216,Mixed Crop Farmers,60_64,12.1
121216,Mixed Crop Farmers,65,16.9
121217,Sugar Cane Growers,15_19,0.8
121217,Sugar Cane Growers,20_24,0.9
121217,Sugar Cane Growers,25_34,4.5
121217,Sugar Cane Growers,35_44,9.8
121217,Sugar Cane Growers,45_54,17.3
121217,Sugar Cane Growers,55_59,14.1
121217,Sugar Cane Growers,60_64,14.8
121217,Sugar Cane Growers,65,37.5
121218,Turf Growers,15_19,2.5
121218,Turf Growers,20_24,2.5
121218,Turf Growers,25_34,20.6
121218,Turf Growers,35_44,19
121218,Turf Growers,45_54,24.1
121218,Turf Growers,55_59,10.7
121218,Turf Growers,60_64,9.6
121218,Turf Growers,65,10.2
121221,Vegetable Growers,15_19,1.5
121221,Vegetable Growers,20_24,4.5
121221,Vegetable Growers,25_34,16.1
121221,Vegetable Growers,35_44,19.6
121221,Vegetable Growers,45_54,25.1
121221,Vegetable Growers,55_59,11.8
121221,Vegetable Growers,60_64,10
121221,Vegetable Growers,65,11.6
121299,Other Crop Farmers,15_19,1.5
121299,Other Crop Farmers,20_24,3.2
121299,Other Crop Farmers,25_34,15.1
121299,Other Crop Farmers,35_44,19.7
121299,Other Crop Farmers,45_54,23.5
121299,Other Crop Farmers,55_59,11.3
121299,Other Crop Farmers,60_64,9.2
121299,Other Crop Farmers,65,16.2
121311,Beekeepers,15_19,1.7
121311,Beekeepers,20_24,6.6
121311,Beekeepers,25_34,12.7
121311,Beekeepers,35_44,18.1
121311,Beekeepers,45_54,21.2
121311,Beekeepers,55_59,11.1
121311,Beekeepers,60_64,10.9
121311,Beekeepers,65,17.2
121312,Beef Cattle Farmers,15_19,0.5
121312,Beef Cattle Farmers,20_24,1
121312,Beef Cattle Farmers,25_34,5.6
121312,Beef Cattle Farmers,35_44,9.6
121312,Beef Cattle Farmers,45_54,15.1
121312,Beef Cattle Farmers,55_59,11
121312,Beef Cattle Farmers,60_64,13.4
121312,Beef Cattle Farmers,65,43.9
121313,Dairy Cattle Farmers,15_19,3
121313,Dairy Cattle Farmers,20_24,4.7
121313,Dairy Cattle Farmers,25_34,15.5
121313,Dairy Cattle Farmers,35_44,19
121313,Dairy Cattle Farmers,45_54,21.9
121313,Dairy Cattle Farmers,55_59,11.6
121313,Dairy Cattle Farmers,60_64,9.7
121313,Dairy Cattle Farmers,65,14.7
121315,Goat Farmers,15_19,1.9
121315,Goat Farmers,20_24,1.4
121315,Goat Farmers,25_34,6
121315,Goat Farmers,35_44,16.2
121315,Goat Farmers,45_54,22.2
121315,Goat Farmers,55_59,10.2
121315,Goat Farmers,60_64,15.7
121315,Goat Farmers,65,24.1
121316,Horse Breeders,15_19,0.8
121316,Horse Breeders,20_24,2.8
121316,Horse Breeders,25_34,11.2
121316,Horse Breeders,35_44,19.6
121316,Horse Breeders,45_54,20.7
121316,Horse Breeders,55_59,12.8
121316,Horse Breeders,60_64,10.8
121316,Horse Breeders,65,20.9
121317,Mixed Livestock Farmers,15_19,0.7
121317,Mixed Livestock Farmers,20_24,1.2
121317,Mixed Livestock Farmers,25_34,7.5
121317,Mixed Livestock Farmers,35_44,12.4
121317,Mixed Livestock Farmers,45_54,18
121317,Mixed Livestock Farmers,55_59,11.5
121317,Mixed Livestock Farmers,60_64,14.4
121317,Mixed Livestock Farmers,65,34.4
121318,Pig Farmers,15_19,2.4
121318,Pig Farmers,20_24,5.4
121318,Pig Farmers,25_34,19.9
121318,Pig Farmers,35_44,28.5
121318,Pig Farmers,45_54,22.6
121318,Pig Farmers,55_59,8.3
121318,Pig Farmers,60_64,5.4
121318,Pig Farmers,65,8
121321,Poultry Farmers,15_19,2.5
121321,Poultry Farmers,20_24,5.3
121321,Poultry Farmers,25_34,17.4
121321,Poultry Farmers,35_44,21.4
121321,Poultry Farmers,45_54,24.8
121321,Poultry Farmers,55_59,10.4
121321,Poultry Farmers,60_64,8
121321,Poultry Farmers,65,10.3
121322,Sheep Farmers,15_19,0.8
121322,Sheep Farmers,20_24,1.5
121322,Sheep Farmers,25_34,7.2
121322,Sheep Farmers,35_44,10.3
121322,Sheep Farmers,45_54,16.4
121322,Sheep Farmers,55_59,11.7
121322,Sheep Farmers,60_64,14.1
121322,Sheep Farmers,65,38
121399,Other Livestock Farmers,15_19,1.5
121399,Other Livestock Farmers,20_24,3
121399,Other Livestock Farmers,25_34,10.2
121399,Other Livestock Farmers,35_44,16.7
121399,Other Livestock Farmers,45_54,20.9
121399,Other Livestock Farmers,55_59,12.2
121399,Other Livestock Farmers,60_64,11.8
121399,Other Livestock Farmers,65,24.5
131112,Sales and Marketing Managers,15_19,0.1
131112,Sales and Marketing Managers,20_24,2.2
131112,Sales and Marketing Managers,25_34,21.8
131112,Sales and Marketing Managers,35_44,32.4
131112,Sales and Marketing Managers,45_54,27.3
131112,Sales and Marketing Managers,55_59,8.5
131112,Sales and Marketing Managers,60_64,4.8
131112,Sales and Marketing Managers,65,2.7
131113,Advertising Managers,15_19,0.2
131113,Advertising Managers,20_24,4.6
131113,Advertising Managers,25_34,37.6
131113,Advertising Managers,35_44,32.9
131113,Advertising Managers,45_54,15.2
131113,Advertising Managers,55_59,4.4
131113,Advertising Managers,60_64,3
131113,Advertising Managers,65,2.2
131114,Public Relations Managers,15_19,0.1
131114,Public Relations Managers,20_24,1.8
131114,Public Relations Managers,25_34,23.5
131114,Public Relations Managers,35_44,36.2
131114,Public Relations Managers,45_54,26.3
131114,Public Relations Managers,55_59,6.7
131114,Public Relations Managers,60_64,3.8
131114,Public Relations Managers,65,1.7
133111,Construction Project Managers,15_19,0.2
133111,Construction Project Managers,20_24,3.1
133111,Construction Project Managers,25_34,23.6
133111,Construction Project Managers,35_44,30.4
133111,Construction Project Managers,45_54,24
133111,Construction Project Managers,55_59,8.7
133111,Construction Project Managers,60_64,5.8
133111,Construction Project Managers,65,4.1
133112,Project Builders,15_19,1.7
133112,Project Builders,20_24,4.3
133112,Project Builders,25_34,17
133112,Project Builders,35_44,24.5
133112,Project Builders,45_54,25
133112,Project Builders,55_59,10.8
133112,Project Builders,60_64,8.8
133112,Project Builders,65,7.9
133311,Importers and Exporters,15_19,0.3
133311,Importers and Exporters,20_24,2.1
133311,Importers and Exporters,25_34,14.1
133311,Importers and Exporters,35_44,24.4
133311,Importers and Exporters,45_54,25.1
133311,Importers and Exporters,55_59,11.3
133311,Importers and Exporters,60_64,8.8
133311,Importers and Exporters,65,13.9
133312,Wholesalers,15_19,0.4
133312,Wholesalers,20_24,2.1
133312,Wholesalers,25_34,12.7
133312,Wholesalers,35_44,21.8
133312,Wholesalers,45_54,27.8
133312,Wholesalers,55_59,13.1
133312,Wholesalers,60_64,10.1
133312,Wholesalers,65,12
133511,Forest Managers,15_19,0
133511,Forest Managers,20_24,2.3
133511,Forest Managers,25_34,13.8
133511,Forest Managers,35_44,24.8
133511,Forest Managers,45_54,31.3
133511,Forest Managers,55_59,14.3
133511,Forest Managers,60_64,9.7
133511,Forest Managers,65,4.1
133512,Manufacturing Production Managers,15_19,0.1
133512,Manufacturing Production Managers,20_24,1.9
133512,Manufacturing Production Managers,25_34,15.1
133512,Manufacturing Production Managers,35_44,26.9
133512,Manufacturing Production Managers,45_54,30.2
133512,Manufacturing Production Managers,55_59,12.8
133512,Manufacturing Production Managers,60_64,8
133512,Manufacturing Production Managers,65,5
133513,Mine Managers,15_19,0.1
133513,Mine Managers,20_24,0.6
133513,Mine Managers,25_34,14.1
133513,Mine Managers,35_44,33.4
133513,Mine Managers,45_54,31.5
133513,Mine Managers,55_59,11.1
133513,Mine Managers,60_64,6.2
133513,Mine Managers,65,3.1
133611,Supply and Distribution Managers,15_19,0.2
133611,Supply and Distribution Managers,20_24,2.1
133611,Supply and Distribution Managers,25_34,17
133611,Supply and Distribution Managers,35_44,29.2
133611,Supply and Distribution Managers,45_54,29.5
133611,Supply and Distribution Managers,55_59,11.3
133611,Supply and Distribution Managers,60_64,6.9
133611,Supply and Distribution Managers,65,3.8
133612,Procurement Managers,15_19,0.1
133612,Procurement Managers,20_24,0.9
133612,Procurement Managers,25_34,13.1
133612,Procurement Managers,35_44,32.5
133612,Procurement Managers,45_54,31.6
133612,Procurement Managers,55_59,11.6
133612,Procurement Managers,60_64,6.9
133612,Procurement Managers,65,3.3
134211,Medical Administrators,15_19,0.9
134211,Medical Administrators,20_24,3.3
134211,Medical Administrators,25_34,15.3
134211,Medical Administrators,35_44,23.7
134211,Medical Administrators,45_54,28.9
134211,Medical Administrators,55_59,12.7
134211,Medical Administrators,60_64,9
134211,Medical Administrators,65,6.2
134212,Nursing Clinical Directors,15_19,0
134212,Nursing Clinical Directors,20_24,0.3
134212,Nursing Clinical Directors,25_34,11
134212,Nursing Clinical Directors,35_44,19.7
134212,Nursing Clinical Directors,45_54,33.6
134212,Nursing Clinical Directors,55_59,17.4
134212,Nursing Clinical Directors,60_64,12.9
134212,Nursing Clinical Directors,65,5.4
134213,Primary Health Organisation Managers,15_19,0
134213,Primary Health Organisation Managers,20_24,1.1
134213,Primary Health Organisation Managers,25_34,11.3
134213,Primary Health Organisation Managers,35_44,26.7
134213,Primary Health Organisation Managers,45_54,31.2
134213,Primary Health Organisation Managers,55_59,13.2
134213,Primary Health Organisation Managers,60_64,12.4
134213,Primary Health Organisation Managers,65,2.6
134214,Welfare Centre Managers,15_19,0
134214,Welfare Centre Managers,20_24,1.6
134214,Welfare Centre Managers,25_34,14.1
134214,Welfare Centre Managers,35_44,24.9
134214,Welfare Centre Managers,45_54,33
134214,Welfare Centre Managers,55_59,12.8
134214,Welfare Centre Managers,60_64,8.5
134214,Welfare Centre Managers,65,4
134299,Other Health and Welfare Services Managers,15_19,0.1
134299,Other Health and Welfare Services Managers,20_24,1.4
134299,Other Health and Welfare Services Managers,25_34,16.1
134299,Other Health and Welfare Services Managers,35_44,27
134299,Other Health and Welfare Services Managers,45_54,29.7
134299,Other Health and Welfare Services Managers,55_59,12.7
134299,Other Health and Welfare Services Managers,60_64,8.9
134299,Other Health and Welfare Services Managers,65,4.1
134411,Faculty Heads,15_19,0
134411,Faculty Heads,20_24,0.6
134411,Faculty Heads,25_34,7
134411,Faculty Heads,35_44,21.4
134411,Faculty Heads,45_54,34
134411,Faculty Heads,55_59,18.1
134411,Faculty Heads,60_64,12.5
134411,Faculty Heads,65,6.4
134412,Regional Education Managers,15_19,0
134412,Regional Education Managers,20_24,0.3
134412,Regional Education Managers,25_34,9.4
134412,Regional Education Managers,35_44,23.5
134412,Regional Education Managers,45_54,32.9
134412,Regional Education Managers,55_59,15.8
134412,Regional Education Managers,60_64,12
134412,Regional Education Managers,65,6.4
134499,Education Managers (not covered elsewhere),15_19,0.1
134499,Education Managers (not covered elsewhere),20_24,1.6
134499,Education Managers (not covered elsewhere),25_34,15.9
134499,Education Managers (not covered elsewhere),35_44,29.9
134499,Education Managers (not covered elsewhere),45_54,28.7
134499,Education Managers (not covered elsewhere),55_59,10.8
134499,Education Managers (not covered elsewhere),60_64,8.2
134499,Education Managers (not covered elsewhere),65,4.9
135111,Chief Information Officers,15_19,0.1
135111,Chief Information Officers,20_24,0.3
135111,Chief Information Officers,25_34,8.4
135111,Chief Information Officers,35_44,38.3
135111,Chief Information Officers,45_54,38.6
135111,Chief Information Officers,55_59,9.3
135111,Chief Information Officers,60_64,4
135111,Chief Information Officers,65,1.2
135112,ICT Project Managers,15_19,0
135112,ICT Project Managers,20_24,1
135112,ICT Project Managers,25_34,14.2
135112,ICT Project Managers,35_44,38.5
135112,ICT Project Managers,45_54,30.3
135112,ICT Project Managers,55_59,9.1
135112,ICT Project Managers,60_64,4.9
135112,ICT Project Managers,65,1.9
135199,Other ICT Managers,15_19,0
135199,Other ICT Managers,20_24,0.6
135199,Other ICT Managers,25_34,13.4
135199,Other ICT Managers,35_44,39
135199,Other ICT Managers,45_54,32.3
135199,Other ICT Managers,55_59,8.8
135199,Other ICT Managers,60_64,4.3
135199,Other ICT Managers,65,1.4
139111,Commissioned Defence Force Officers,15_19,6.3
139111,Commissioned Defence Force Officers,20_24,19.2
139111,Commissioned Defence Force Officers,25_34,28.6
139111,Commissioned Defence Force Officers,35_44,20.6
139111,Commissioned Defence Force Officers,45_54,15.3
139111,Commissioned Defence Force Officers,55_59,5.5
139111,Commissioned Defence Force Officers,60_64,3.2
139111,Commissioned Defence Force Officers,65,1.2
139112,Commissioned Fire Officers,15_19,0
139112,Commissioned Fire Officers,20_24,0.7
139112,Commissioned Fire Officers,25_34,3.8
139112,Commissioned Fire Officers,35_44,18.4
139112,Commissioned Fire Officers,45_54,39.8
139112,Commissioned Fire Officers,55_59,21.5
139112,Commissioned Fire Officers,60_64,12.1
139112,Commissioned Fire Officers,65,3.5
139113,Commissioned Police Officers,15_19,0
139113,Commissioned Police Officers,20_24,0
139113,Commissioned Police Officers,25_34,0.7
139113,Commissioned Police Officers,35_44,10.1
139113,Commissioned Police Officers,45_54,53.5
139113,Commissioned Police Officers,55_59,24.9
139113,Commissioned Police Officers,60_64,8.1
139113,Commissioned Police Officers,65,1.7
139911,Arts Administrators and Managers,15_19,0
139911,Arts Administrators and Managers,20_24,3
139911,Arts Administrators and Managers,25_34,20.4
139911,Arts Administrators and Managers,35_44,25.5
139911,Arts Administrators and Managers,45_54,24.4
139911,Arts Administrators and Managers,55_59,10.1
139911,Arts Administrators and Managers,60_64,7.6
139911,Arts Administrators and Managers,65,8.5
139912,Environmental Managers,15_19,0.3
139912,Environmental Managers,20_24,1.5
139912,Environmental Managers,25_34,15.5
139912,Environmental Managers,35_44,36
139912,Environmental Managers,45_54,31.5
139912,Environmental Managers,55_59,7.9
139912,Environmental Managers,60_64,5.4
139912,Environmental Managers,65,2
139913,Laboratory Managers,15_19,0
139913,Laboratory Managers,20_24,1.4
139913,Laboratory Managers,25_34,15.6
139913,Laboratory Managers,35_44,30.1
139913,Laboratory Managers,45_54,28.8
139913,Laboratory Managers,55_59,11.9
139913,Laboratory Managers,60_64,8.3
139913,Laboratory Managers,65,3.7
139914,Quality Assurance Managers,15_19,0.2
139914,Quality Assurance Managers,20_24,2.8
139914,Quality Assurance Managers,25_34,21.2
139914,Quality Assurance Managers,35_44,30.5
139914,Quality Assurance Managers,45_54,25.4
139914,Quality Assurance Managers,55_59,9.7
139914,Quality Assurance Managers,60_64,6.9
139914,Quality Assurance Managers,65,3.3
139915,Sports Administrators,15_19,2.1
139915,Sports Administrators,20_24,9.8
139915,Sports Administrators,25_34,30.2
139915,Sports Administrators,35_44,23.6
139915,Sports Administrators,45_54,20.4
139915,Sports Administrators,55_59,5.8
139915,Sports Administrators,60_64,4.8
139915,Sports Administrators,65,3.7
139999,Specialist Managers (not covered elsewhere),15_19,0.1
139999,Specialist Managers (not covered elsewhere),20_24,1.4
139999,Specialist Managers (not covered elsewhere),25_34,15.7
139999,Specialist Managers (not covered elsewhere),35_44,30.6
139999,Specialist Managers (not covered elsewhere),45_54,30.5
139999,Specialist Managers (not covered elsewhere),55_59,11.4
139999,Specialist Managers (not covered elsewhere),60_64,6.9
139999,Specialist Managers (not covered elsewhere),65,3.5
141911,Bed and Breakfast Operators,15_19,0.3
141911,Bed and Breakfast Operators,20_24,0.4
141911,Bed and Breakfast Operators,25_34,3.8
141911,Bed and Breakfast Operators,35_44,9.8
141911,Bed and Breakfast Operators,45_54,16.7
141911,Bed and Breakfast Operators,55_59,15.4
141911,Bed and Breakfast Operators,60_64,17.8
141911,Bed and Breakfast Operators,65,35.1
141912,Retirement Village Managers,15_19,0
141912,Retirement Village Managers,20_24,0.2
141912,Retirement Village Managers,25_34,4.4
141912,Retirement Village Managers,35_44,13.5
141912,Retirement Village Managers,45_54,31.5
141912,Retirement Village Managers,55_59,19.4
141912,Retirement Village Managers,60_64,17
141912,Retirement Village Managers,65,13.3
141999,Accommodation and Hospitality Managers (not covered elsewhere),15_19,0.2
141999,Accommodation and Hospitality Managers (not covered elsewhere),20_24,1.9
141999,Accommodation and Hospitality Managers (not covered elsewhere),25_34,12
141999,Accommodation and Hospitality Managers (not covered elsewhere),35_44,18.5
141999,Accommodation and Hospitality Managers (not covered elsewhere),45_54,24.9
141999,Accommodation and Hospitality Managers (not covered elsewhere),55_59,13.5
141999,Accommodation and Hospitality Managers (not covered elsewhere),60_64,12.3
141999,Accommodation and Hospitality Managers (not covered elsewhere),65,16.8
142111,Retail Managers (General),15_19,2.4
142111,Retail Managers (General),20_24,8.6
142111,Retail Managers (General),25_34,23.4
142111,Retail Managers (General),35_44,23.5
142111,Retail Managers (General),45_54,21.7
142111,Retail Managers (General),55_59,8.9
142111,Retail Managers (General),60_64,6.3
142111,Retail Managers (General),65,5.2
142112,Antique Dealers,15_19,0
142112,Antique Dealers,20_24,0.7
142112,Antique Dealers,25_34,4.8
142112,Antique Dealers,35_44,8.8
142112,Antique Dealers,45_54,20.1
142112,Antique Dealers,55_59,13.9
142112,Antique Dealers,60_64,15.9
142112,Antique Dealers,65,35.1
142113,Betting Agency Managers,15_19,0.8
142113,Betting Agency Managers,20_24,4.1
142113,Betting Agency Managers,25_34,9.8
142113,Betting Agency Managers,35_44,12.9
142113,Betting Agency Managers,45_54,20.8
142113,Betting Agency Managers,55_59,11.3
142113,Betting Agency Managers,60_64,17.2
142113,Betting Agency Managers,65,23.1
142114,Hair and Beauty Salon Managers,15_19,0.3
142114,Hair and Beauty Salon Managers,20_24,5
142114,Hair and Beauty Salon Managers,25_34,31.9
142114,Hair and Beauty Salon Managers,35_44,28.6
142114,Hair and Beauty Salon Managers,45_54,21.3
142114,Hair and Beauty Salon Managers,55_59,6.2
142114,Hair and Beauty Salon Managers,60_64,4
142114,Hair and Beauty Salon Managers,65,2.8
142115,Post Office Managers,15_19,0
142115,Post Office Managers,20_24,0.9
142115,Post Office Managers,25_34,7.3
142115,Post Office Managers,35_44,17.6
142115,Post Office Managers,45_54,30
142115,Post Office Managers,55_59,18
142115,Post Office Managers,60_64,14.3
142115,Post Office Managers,65,11.8
142116,Travel Agency Managers,15_19,0
142116,Travel Agency Managers,20_24,0.4
142116,Travel Agency Managers,25_34,12.5
142116,Travel Agency Managers,35_44,28.3
142116,Travel Agency Managers,45_54,29.2
142116,Travel Agency Managers,55_59,10.4
142116,Travel Agency Managers,60_64,8.4
142116,Travel Agency Managers,65,10.3
149111,Amusement Centre Managers,15_19,3.9
149111,Amusement Centre Managers,20_24,12.8
149111,Amusement Centre Managers,25_34,36.5
149111,Amusement Centre Managers,35_44,22
149111,Amusement Centre Managers,45_54,14.1
149111,Amusement Centre Managers,55_59,4.3
149111,Amusement Centre Managers,60_64,3.5
149111,Amusement Centre Managers,65,3
149112,Fitness Centre Managers,15_19,0.9
149112,Fitness Centre Managers,20_24,9.2
149112,Fitness Centre Managers,25_34,38
149112,Fitness Centre Managers,35_44,29
149112,Fitness Centre Managers,45_54,15.7
149112,Fitness Centre Managers,55_59,4.1
149112,Fitness Centre Managers,60_64,2.1
149112,Fitness Centre Managers,65,1
149113,Sports Centre Managers,15_19,3.3
149113,Sports Centre Managers,20_24,13.4
149113,Sports Centre Managers,25_34,22.7
149113,Sports Centre Managers,35_44,20
149113,Sports Centre Managers,45_54,20.9
149113,Sports Centre Managers,55_59,8.3
149113,Sports Centre Managers,60_64,6.2
149113,Sports Centre Managers,65,5.1
149211,Call Centre or Contact Centre Managers,15_19,0.1
149211,Call Centre or Contact Centre Managers,20_24,3.2
149211,Call Centre or Contact Centre Managers,25_34,23.3
149211,Call Centre or Contact Centre Managers,35_44,31.7
149211,Call Centre or Contact Centre Managers,45_54,25.5
149211,Call Centre or Contact Centre Managers,55_59,9.4
149211,Call Centre or Contact Centre Managers,60_64,4.5
149211,Call Centre or Contact Centre Managers,65,2.6
149212,Customer Service Managers,15_19,0.4
149212,Customer Service Managers,20_24,3.6
149212,Customer Service Managers,25_34,22.8
149212,Customer Service Managers,35_44,30
149212,Customer Service Managers,45_54,26.1
149212,Customer Service Managers,55_59,9.2
149212,Customer Service Managers,60_64,5.5
149212,Customer Service Managers,65,2.4
149411,Fleet Managers,15_19,0.2
149411,Fleet Managers,20_24,2.7
149411,Fleet Managers,25_34,18.8
149411,Fleet Managers,35_44,25.3
149411,Fleet Managers,45_54,28.1
149411,Fleet Managers,55_59,11.5
149411,Fleet Managers,60_64,8.6
149411,Fleet Managers,65,4.8
149412,Railway Station Managers,15_19,0
149412,Railway Station Managers,20_24,0.5
149412,Railway Station Managers,25_34,12
149412,Railway Station Managers,35_44,20.8
149412,Railway Station Managers,45_54,28.8
149412,Railway Station Managers,55_59,19.1
149412,Railway Station Managers,60_64,12.8
149412,Railway Station Managers,65,5.3
149413,Transport Company Managers,15_19,0.2
149413,Transport Company Managers,20_24,1.2
149413,Transport Company Managers,25_34,12.4
149413,Transport Company Managers,35_44,23.2
149413,Transport Company Managers,45_54,25.5
149413,Transport Company Managers,55_59,14
149413,Transport Company Managers,60_64,11.4
149413,Transport Company Managers,65,12.2
149911,Boarding Kennel and Cattery Operators,15_19,0
149911,Boarding Kennel and Cattery Operators,20_24,2.8
149911,Boarding Kennel and Cattery Operators,25_34,10
149911,Boarding Kennel and Cattery Operators,35_44,14.3
149911,Boarding Kennel and Cattery Operators,45_54,22.1
149911,Boarding Kennel and Cattery Operators,55_59,12.9
149911,Boarding Kennel and Cattery Operators,60_64,15.9
149911,Boarding Kennel and Cattery Operators,65,21.5
149912,Cinema and Theatre Managers,15_19,3.8
149912,Cinema and Theatre Managers,20_24,25.3
149912,Cinema and Theatre Managers,25_34,26.7
149912,Cinema and Theatre Managers,35_44,16.6
149912,Cinema and Theatre Managers,45_54,13.9
149912,Cinema and Theatre Managers,55_59,5
149912,Cinema and Theatre Managers,60_64,3.9
149912,Cinema and Theatre Managers,65,4.2
149913,Facilities Managers,15_19,0.2
149913,Facilities Managers,20_24,2
149913,Facilities Managers,25_34,14
149913,Facilities Managers,35_44,23.1
149913,Facilities Managers,45_54,28.5
149913,Facilities Managers,55_59,13.5
149913,Facilities Managers,60_64,11.1
149913,Facilities Managers,65,7.6
149914,Bank Managers and Branch Managers,15_19,0.1
149914,Bank Managers and Branch Managers,20_24,2.1
149914,Bank Managers and Branch Managers,25_34,20.9
149914,Bank Managers and Branch Managers,35_44,31.4
149914,Bank Managers and Branch Managers,45_54,29.1
149914,Bank Managers and Branch Managers,55_59,10
149914,Bank Managers and Branch Managers,60_64,4.7
149914,Bank Managers and Branch Managers,65,1.8
149915,Equipment Hire Managers,15_19,0.4
149915,Equipment Hire Managers,20_24,2.3
149915,Equipment Hire Managers,25_34,17.9
149915,Equipment Hire Managers,35_44,26.4
149915,Equipment Hire Managers,45_54,26
149915,Equipment Hire Managers,55_59,11.8
149915,Equipment Hire Managers,60_64,8
149915,Equipment Hire Managers,65,7
149999,"Hospitality, Retail and Service Managers (not covered elsewhere)",15_19,0.2
149999,"Hospitality, Retail and Service Managers (not covered elsewhere)",20_24,2
149999,"Hospitality, Retail and Service Managers (not covered elsewhere)",25_34,16
149999,"Hospitality, Retail and Service Managers (not covered elsewhere)",35_44,26.7
149999,"Hospitality, Retail and Service Managers (not covered elsewhere)",45_54,26.7
149999,"Hospitality, Retail and Service Managers (not covered elsewhere)",55_59,11.2
149999,"Hospitality, Retail and Service Managers (not covered elsewhere)",60_64,8.7
149999,"Hospitality, Retail and Service Managers (not covered elsewhere)",65,8.5
211111,Actors,15_19,4.2
211111,Actors,20_24,12.9
211111,Actors,25_34,29.6
211111,Actors,35_44,21
211111,Actors,45_54,16.5
211111,Actors,55_59,5.5
211111,Actors,60_64,4.2
211111,Actors,65,6.1
211112,Dancers and Choreographers,15_19,6.5
211112,Dancers and Choreographers,20_24,33.4
211112,Dancers and Choreographers,25_34,42
211112,Dancers and Choreographers,35_44,11.4
211112,Dancers and Choreographers,45_54,4.7
211112,Dancers and Choreographers,55_59,0.9
211112,Dancers and Choreographers,60_64,0.8
211112,Dancers and Choreographers,65,1
211113,Entertainers and Variety Artists,15_19,6.7
211113,Entertainers and Variety Artists,20_24,14.7
211113,Entertainers and Variety Artists,25_34,34.5
211113,Entertainers and Variety Artists,35_44,20.1
211113,Entertainers and Variety Artists,45_54,12.3
211113,Entertainers and Variety Artists,55_59,4.3
211113,Entertainers and Variety Artists,60_64,3.6
211113,Entertainers and Variety Artists,65,3
211199,"Other Actors, Dancers and Entertainers",15_19,8
211199,"Other Actors, Dancers and Entertainers",20_24,21.8
211199,"Other Actors, Dancers and Entertainers",25_34,34.9
211199,"Other Actors, Dancers and Entertainers",35_44,17.1
211199,"Other Actors, Dancers and Entertainers",45_54,10.7
211199,"Other Actors, Dancers and Entertainers",55_59,2.6
211199,"Other Actors, Dancers and Entertainers",60_64,2.9
211199,"Other Actors, Dancers and Entertainers",65,2.3
211211,Composers,15_19,1.7
211211,Composers,20_24,6.8
211211,Composers,25_34,27.8
211211,Composers,35_44,27.3
211211,Composers,45_54,17.9
211211,Composers,55_59,4.8
211211,Composers,60_64,4.6
211211,Composers,65,9.2
211212,Music Directors,15_19,0
211212,Music Directors,20_24,3.1
211212,Music Directors,25_34,15.9
211212,Music Directors,35_44,26.7
211212,Music Directors,45_54,22.3
211212,Music Directors,55_59,10.2
211212,Music Directors,60_64,10.9
211212,Music Directors,65,11.9
211213,Musicians,15_19,2.3
211213,Musicians,20_24,9.4
211213,Musicians,25_34,27.1
211213,Musicians,35_44,22.8
211213,Musicians,45_54,19.1
211213,Musicians,55_59,6.3
211213,Musicians,60_64,6.1
211213,Musicians,65,6.9
211214,Singers,15_19,5.5
211214,Singers,20_24,11.3
211214,Singers,25_34,27.5
211214,Singers,35_44,23.6
211214,Singers,45_54,17.9
211214,Singers,55_59,4.6
211214,Singers,60_64,4.1
211214,Singers,65,6.7
211299,Other Music Professionals,15_19,0
211299,Other Music Professionals,20_24,0
211299,Other Music Professionals,25_34,32.8
211299,Other Music Professionals,35_44,15.5
211299,Other Music Professionals,45_54,12.1
211299,Other Music Professionals,55_59,5.2
211299,Other Music Professionals,60_64,13.8
211299,Other Music Professionals,65,6.9
211411,Painters (Visual Arts),15_19,0.9
211411,Painters (Visual Arts),20_24,3.6
211411,Painters (Visual Arts),25_34,14.7
211411,Painters (Visual Arts),35_44,19.4
211411,Painters (Visual Arts),45_54,22.3
211411,Painters (Visual Arts),55_59,10.7
211411,Painters (Visual Arts),60_64,10.4
211411,Painters (Visual Arts),65,18.2
211412,Potters and Ceramic Artists,15_19,1.2
211412,Potters and Ceramic Artists,20_24,4.3
211412,Potters and Ceramic Artists,25_34,17.9
211412,Potters and Ceramic Artists,35_44,17.2
211412,Potters and Ceramic Artists,45_54,23.4
211412,Potters and Ceramic Artists,55_59,12.2
211412,Potters and Ceramic Artists,60_64,11.4
211412,Potters and Ceramic Artists,65,13.3
211413,Sculptors,15_19,0
211413,Sculptors,20_24,1.1
211413,Sculptors,25_34,8.4
211413,Sculptors,35_44,17.6
211413,Sculptors,45_54,26.2
211413,Sculptors,55_59,14.1
211413,Sculptors,60_64,13
211413,Sculptors,65,18.4
211499,Other Visual Arts or Crafts Professionals,15_19,1
211499,Other Visual Arts or Crafts Professionals,20_24,5.8
211499,Other Visual Arts or Crafts Professionals,25_34,20.9
211499,Other Visual Arts or Crafts Professionals,35_44,20
211499,Other Visual Arts or Crafts Professionals,45_54,20.4
211499,Other Visual Arts or Crafts Professionals,55_59,10
211499,Other Visual Arts or Crafts Professionals,60_64,9
211499,Other Visual Arts or Crafts Professionals,65,12.5
212111,Artistic Directors,15_19,0
212111,Artistic Directors,20_24,2.2
212111,Artistic Directors,25_34,15.7
212111,Artistic Directors,35_44,30.9
212111,Artistic Directors,45_54,27.6
212111,Artistic Directors,55_59,12.4
212111,Artistic Directors,60_64,8.6
212111,Artistic Directors,65,4.7
212112,Media Producers,15_19,0.4
212112,Media Producers,20_24,5.1
212112,Media Producers,25_34,28.8
212112,Media Producers,35_44,29.3
212112,Media Producers,45_54,22.1
212112,Media Producers,55_59,6.8
212112,Media Producers,60_64,4.1
212112,Media Producers,65,3.4
212113,Radio Presenters,15_19,1.9
212113,Radio Presenters,20_24,8.3
212113,Radio Presenters,25_34,21.8
212113,Radio Presenters,35_44,25.2
212113,Radio Presenters,45_54,21.8
212113,Radio Presenters,55_59,7.7
212113,Radio Presenters,60_64,5.5
212113,Radio Presenters,65,7.9
212114,Television Presenters,15_19,0
212114,Television Presenters,20_24,5.6
212114,Television Presenters,25_34,21.4
212114,Television Presenters,35_44,28.9
212114,Television Presenters,45_54,25.6
212114,Television Presenters,55_59,10
212114,Television Presenters,60_64,3.7
212114,Television Presenters,65,3.7
212211,Authors,15_19,0.5
212211,Authors,20_24,2.8
212211,Authors,25_34,14.8
212211,Authors,35_44,23.3
212211,Authors,45_54,23.7
212211,Authors,55_59,10.5
212211,Authors,60_64,8.7
212211,Authors,65,15.7
212212,Book and Script Editors,15_19,0
212212,Book and Script Editors,20_24,3.3
212212,Book and Script Editors,25_34,19.6
212212,Book and Script Editors,35_44,20.8
212212,Book and Script Editors,45_54,23.6
212212,Book and Script Editors,55_59,10.3
212212,Book and Script Editors,60_64,8.1
212212,Book and Script Editors,65,14
212311,"Art Directors (Film, Television or Stage)",15_19,0
212311,"Art Directors (Film, Television or Stage)",20_24,1.4
212311,"Art Directors (Film, Television or Stage)",25_34,22.1
212311,"Art Directors (Film, Television or Stage)",35_44,24.3
212311,"Art Directors (Film, Television or Stage)",45_54,27
212311,"Art Directors (Film, Television or Stage)",55_59,9.9
212311,"Art Directors (Film, Television or Stage)",60_64,6.3
212311,"Art Directors (Film, Television or Stage)",65,5.9
212312,"Directors (Film, Television, Radio or Stage)",15_19,0.6
212312,"Directors (Film, Television, Radio or Stage)",20_24,6
212312,"Directors (Film, Television, Radio or Stage)",25_34,26.7
212312,"Directors (Film, Television, Radio or Stage)",35_44,30.4
212312,"Directors (Film, Television, Radio or Stage)",45_54,21.2
212312,"Directors (Film, Television, Radio or Stage)",55_59,6.8
212312,"Directors (Film, Television, Radio or Stage)",60_64,4.1
212312,"Directors (Film, Television, Radio or Stage)",65,4.1
212313,Cinematographers,15_19,0
212313,Cinematographers,20_24,5.5
212313,Cinematographers,25_34,36.4
212313,Cinematographers,35_44,25.9
212313,Cinematographers,45_54,16.5
212313,Cinematographers,55_59,8.5
212313,Cinematographers,60_64,5.1
212313,Cinematographers,65,2
212314,Film and Video Editors,15_19,3
212314,Film and Video Editors,20_24,14.3
212314,Film and Video Editors,25_34,37
212314,Film and Video Editors,35_44,22.3
212314,Film and Video Editors,45_54,15.1
212314,Film and Video Editors,55_59,4.3
212314,Film and Video Editors,60_64,2.7
212314,Film and Video Editors,65,1.5
212315,Program Directors (Television or Radio),15_19,0.6
212315,Program Directors (Television or Radio),20_24,6.8
212315,Program Directors (Television or Radio),25_34,33.7
212315,Program Directors (Television or Radio),35_44,25.9
212315,Program Directors (Television or Radio),45_54,19.6
212315,Program Directors (Television or Radio),55_59,6.3
212315,Program Directors (Television or Radio),60_64,3.6
212315,Program Directors (Television or Radio),65,2.5
212316,Stage Managers,15_19,1
212316,Stage Managers,20_24,19
212316,Stage Managers,25_34,36.1
212316,Stage Managers,35_44,17
212316,Stage Managers,45_54,13.8
212316,Stage Managers,55_59,4.6
212316,Stage Managers,60_64,5.9
212316,Stage Managers,65,2.3
212317,Technical Directors,15_19,0
212317,Technical Directors,20_24,1.9
212317,Technical Directors,25_34,21.6
212317,Technical Directors,35_44,31.1
212317,Technical Directors,45_54,30.3
212317,Technical Directors,55_59,8
212317,Technical Directors,60_64,5.3
212317,Technical Directors,65,2.3
212318,Video Producers,15_19,1.1
212318,Video Producers,20_24,9.6
212318,Video Producers,25_34,35.9
212318,Video Producers,35_44,27.3
212318,Video Producers,45_54,16
212318,Video Producers,55_59,4.4
212318,Video Producers,60_64,3.3
212318,Video Producers,65,2.3
212399,"Other Film, Television, Radio and Stage Directors",15_19,0.5
212399,"Other Film, Television, Radio and Stage Directors",20_24,4.6
212399,"Other Film, Television, Radio and Stage Directors",25_34,28
212399,"Other Film, Television, Radio and Stage Directors",35_44,26.1
212399,"Other Film, Television, Radio and Stage Directors",45_54,23.3
212399,"Other Film, Television, Radio and Stage Directors",55_59,9.1
212399,"Other Film, Television, Radio and Stage Directors",60_64,5.6
212399,"Other Film, Television, Radio and Stage Directors",65,3.4
212411,Copywriters,15_19,0.3
212411,Copywriters,20_24,7.6
212411,Copywriters,25_34,35.7
212411,Copywriters,35_44,27
212411,Copywriters,45_54,18.3
212411,Copywriters,55_59,5.2
212411,Copywriters,60_64,3.7
212411,Copywriters,65,2.4
212412,Newspaper and Periodical Editors,15_19,0.5
212412,Newspaper and Periodical Editors,20_24,5.4
212412,Newspaper and Periodical Editors,25_34,26.6
212412,Newspaper and Periodical Editors,35_44,26.8
212412,Newspaper and Periodical Editors,45_54,20.5
212412,Newspaper and Periodical Editors,55_59,8.1
212412,Newspaper and Periodical Editors,60_64,6.2
212412,Newspaper and Periodical Editors,65,6.1
212413,Print Journalists,15_19,0.5
212413,Print Journalists,20_24,10
212413,Print Journalists,25_34,27.8
212413,Print Journalists,35_44,18.8
212413,Print Journalists,45_54,17.7
212413,Print Journalists,55_59,8.5
212413,Print Journalists,60_64,6.5
212413,Print Journalists,65,10.3
212414,Radio Journalists,15_19,0
212414,Radio Journalists,20_24,9.5
212414,Radio Journalists,25_34,36.5
212414,Radio Journalists,35_44,22.1
212414,Radio Journalists,45_54,16.6
212414,Radio Journalists,55_59,5.1
212414,Radio Journalists,60_64,6.1
212414,Radio Journalists,65,6.9
212415,Technical Writers,15_19,0.5
212415,Technical Writers,20_24,4.4
212415,Technical Writers,25_34,18.5
212415,Technical Writers,35_44,24.3
212415,Technical Writers,45_54,23.9
212415,Technical Writers,55_59,10.2
212415,Technical Writers,60_64,9.1
212415,Technical Writers,65,8.7
212416,Television Journalists,15_19,0.5
212416,Television Journalists,20_24,10.7
212416,Television Journalists,25_34,40.2
212416,Television Journalists,35_44,22.6
212416,Television Journalists,45_54,12.6
212416,Television Journalists,55_59,5.5
212416,Television Journalists,60_64,4.6
212416,Television Journalists,65,3.2
212499,"Bloggers, Critics, Sports and Other Writers (not covered elsewhere)",15_19,1
212499,"Bloggers, Critics, Sports and Other Writers (not covered elsewhere)",20_24,12.6
212499,"Bloggers, Critics, Sports and Other Writers (not covered elsewhere)",25_34,26.5
212499,"Bloggers, Critics, Sports and Other Writers (not covered elsewhere)",35_44,22.5
212499,"Bloggers, Critics, Sports and Other Writers (not covered elsewhere)",45_54,15
212499,"Bloggers, Critics, Sports and Other Writers (not covered elsewhere)",55_59,8
212499,"Bloggers, Critics, Sports and Other Writers (not covered elsewhere)",60_64,6.1
212499,"Bloggers, Critics, Sports and Other Writers (not covered elsewhere)",65,7.9
221111,Accountants (General),15_19,0.3
221111,Accountants (General),20_24,6.1
221111,Accountants (General),25_34,27.7
221111,Accountants (General),35_44,28.8
221111,Accountants (General),45_54,20.1
221111,Accountants (General),55_59,6.9
221111,Accountants (General),60_64,4.6
221111,Accountants (General),65,5.5
221112,Management Accountants,15_19,0
221112,Management Accountants,20_24,1.5
221112,Management Accountants,25_34,28.7
221112,Management Accountants,35_44,36.9
221112,Management Accountants,45_54,22.3
221112,Management Accountants,55_59,5.9
221112,Management Accountants,60_64,3.1
221112,Management Accountants,65,1.7
221113,Taxation Accountants,15_19,0.2
221113,Taxation Accountants,20_24,6
221113,Taxation Accountants,25_34,24.6
221113,Taxation Accountants,35_44,24.2
221113,Taxation Accountants,45_54,19
221113,Taxation Accountants,55_59,8.2
221113,Taxation Accountants,60_64,6.8
221113,Taxation Accountants,65,10.9
221211,Company Secretaries,15_19,0
221211,Company Secretaries,20_24,0.7
221211,Company Secretaries,25_34,7.7
221211,Company Secretaries,35_44,26.7
221211,Company Secretaries,45_54,29.3
221211,Company Secretaries,55_59,11.6
221211,Company Secretaries,60_64,9.4
221211,Company Secretaries,65,14.8
221212,Corporate Treasurers,15_19,0
221212,Corporate Treasurers,20_24,4.5
221212,Corporate Treasurers,25_34,26.1
221212,Corporate Treasurers,35_44,36.1
221212,Corporate Treasurers,45_54,23.5
221212,Corporate Treasurers,55_59,6.3
221212,Corporate Treasurers,60_64,2.4
221212,Corporate Treasurers,65,1.2
221213,External Auditors,15_19,0.4
221213,External Auditors,20_24,13.9
221213,External Auditors,25_34,34.4
221213,External Auditors,35_44,22.3
221213,External Auditors,45_54,14.8
221213,External Auditors,55_59,6.1
221213,External Auditors,60_64,4.3
221213,External Auditors,65,3.7
221214,Internal Auditors,15_19,0.2
221214,Internal Auditors,20_24,4.7
221214,Internal Auditors,25_34,28.3
221214,Internal Auditors,35_44,31.9
221214,Internal Auditors,45_54,20.8
221214,Internal Auditors,55_59,7.3
221214,Internal Auditors,60_64,4.5
221214,Internal Auditors,65,2.5
222111,Commodities Traders,15_19,0.5
222111,Commodities Traders,20_24,9.1
222111,Commodities Traders,25_34,26.6
222111,Commodities Traders,35_44,21.9
222111,Commodities Traders,45_54,20.2
222111,Commodities Traders,55_59,7.7
222111,Commodities Traders,60_64,5.5
222111,Commodities Traders,65,8.1
222112,Finance Brokers,15_19,0.2
222112,Finance Brokers,20_24,3.1
222112,Finance Brokers,25_34,18.8
222112,Finance Brokers,35_44,28.4
222112,Finance Brokers,45_54,26.2
222112,Finance Brokers,55_59,10.2
222112,Finance Brokers,60_64,6.9
222112,Finance Brokers,65,6.2
222113,Insurance Brokers,15_19,0.3
222113,Insurance Brokers,20_24,4
222113,Insurance Brokers,25_34,22
222113,Insurance Brokers,35_44,29.2
222113,Insurance Brokers,45_54,24.2
222113,Insurance Brokers,55_59,8.8
222113,Insurance Brokers,60_64,5.9
222113,Insurance Brokers,65,5.7
222199,Other Financial Brokers,15_19,0
222199,Other Financial Brokers,20_24,5.3
222199,Other Financial Brokers,25_34,23.2
222199,Other Financial Brokers,35_44,27.5
222199,Other Financial Brokers,45_54,27.8
222199,Other Financial Brokers,55_59,7.5
222199,Other Financial Brokers,60_64,4.3
222199,Other Financial Brokers,65,3.9
222211,Financial Market Dealers,15_19,0
222211,Financial Market Dealers,20_24,7.5
222211,Financial Market Dealers,25_34,30.3
222211,Financial Market Dealers,35_44,28.2
222211,Financial Market Dealers,45_54,20.9
222211,Financial Market Dealers,55_59,6.7
222211,Financial Market Dealers,60_64,3
222211,Financial Market Dealers,65,2.2
222212,Futures Traders,15_19,0
222212,Futures Traders,20_24,0
222212,Futures Traders,25_34,23.6
222212,Futures Traders,35_44,15.7
222212,Futures Traders,45_54,37.1
222212,Futures Traders,55_59,11.2
222212,Futures Traders,60_64,3.4
222212,Futures Traders,65,0
222213,Stockbrokers,15_19,0.3
222213,Stockbrokers,20_24,7
222213,Stockbrokers,25_34,24
222213,Stockbrokers,35_44,24.1
222213,Stockbrokers,45_54,22
222213,Stockbrokers,55_59,7.8
222213,Stockbrokers,60_64,6
222213,Stockbrokers,65,9
222299,Other Financial Dealers,15_19,0.2
222299,Other Financial Dealers,20_24,5.9
222299,Other Financial Dealers,25_34,32
222299,Other Financial Dealers,35_44,31.6
222299,Other Financial Dealers,45_54,20.3
222299,Other Financial Dealers,55_59,6
222299,Other Financial Dealers,60_64,2.9
222299,Other Financial Dealers,65,1.1
222311,Financial Investment Advisers,15_19,0.2
222311,Financial Investment Advisers,20_24,4.5
222311,Financial Investment Advisers,25_34,21.9
222311,Financial Investment Advisers,35_44,28.7
222311,Financial Investment Advisers,45_54,24.8
222311,Financial Investment Advisers,55_59,8.6
222311,Financial Investment Advisers,60_64,5.7
222311,Financial Investment Advisers,65,5.5
222312,Financial Investment Managers,15_19,0.1
222312,Financial Investment Managers,20_24,1.7
222312,Financial Investment Managers,25_34,17.3
222312,Financial Investment Managers,35_44,30.1
222312,Financial Investment Managers,45_54,27.7
222312,Financial Investment Managers,55_59,8.4
222312,Financial Investment Managers,60_64,5.4
222312,Financial Investment Managers,65,9.3
223111,Human Resource Advisers,15_19,0.3
223111,Human Resource Advisers,20_24,6.6
223111,Human Resource Advisers,25_34,33.7
223111,Human Resource Advisers,35_44,29.5
223111,Human Resource Advisers,45_54,18.9
223111,Human Resource Advisers,55_59,5.7
223111,Human Resource Advisers,60_64,3.4
223111,Human Resource Advisers,65,1.8
223112,Recruitment Consultants,15_19,0.4
223112,Recruitment Consultants,20_24,8.6
223112,Recruitment Consultants,25_34,35.6
223112,Recruitment Consultants,35_44,26.8
223112,Recruitment Consultants,45_54,17.9
223112,Recruitment Consultants,55_59,5.3
223112,Recruitment Consultants,60_64,3.3
223112,Recruitment Consultants,65,2
223113,Workplace Relations Advisers,15_19,0.1
223113,Workplace Relations Advisers,20_24,3.6
223113,Workplace Relations Advisers,25_34,24
223113,Workplace Relations Advisers,35_44,24.5
223113,Workplace Relations Advisers,45_54,22.5
223113,Workplace Relations Advisers,55_59,11.4
223113,Workplace Relations Advisers,60_64,8.7
223113,Workplace Relations Advisers,65,5.2
224111,Actuaries,15_19,0
224111,Actuaries,20_24,15.2
224111,Actuaries,25_34,39.4
224111,Actuaries,35_44,26.5
224111,Actuaries,45_54,11.5
224111,Actuaries,55_59,3.3
224111,Actuaries,60_64,1.9
224111,Actuaries,65,2.1
224112,Mathematicians,15_19,0.6
224112,Mathematicians,20_24,8
224112,Mathematicians,25_34,36.2
224112,Mathematicians,35_44,29.3
224112,Mathematicians,45_54,15.8
224112,Mathematicians,55_59,4.7
224112,Mathematicians,60_64,3.4
224112,Mathematicians,65,2.2
224113,Statisticians,15_19,0.6
224113,Statisticians,20_24,6.2
224113,Statisticians,25_34,27.7
224113,Statisticians,35_44,27.5
224113,Statisticians,45_54,21.8
224113,Statisticians,55_59,7.8
224113,Statisticians,60_64,4.7
224113,Statisticians,65,3.9
224211,Archivists,15_19,0.9
224211,Archivists,20_24,3.2
224211,Archivists,25_34,15
224211,Archivists,35_44,19
224211,Archivists,45_54,23.8
224211,Archivists,55_59,12.3
224211,Archivists,60_64,11.5
224211,Archivists,65,14.5
224212,Gallery and Museum Curators,15_19,0
224212,Gallery and Museum Curators,20_24,2.2
224212,Gallery and Museum Curators,25_34,20.1
224212,Gallery and Museum Curators,35_44,26.8
224212,Gallery and Museum Curators,45_54,25.2
224212,Gallery and Museum Curators,55_59,10.8
224212,Gallery and Museum Curators,60_64,8.3
224212,Gallery and Museum Curators,65,6.8
224213,Health Information Managers,15_19,0.3
224213,Health Information Managers,20_24,3.7
224213,Health Information Managers,25_34,18.7
224213,Health Information Managers,35_44,29.6
224213,Health Information Managers,45_54,25.4
224213,Health Information Managers,55_59,11.2
224213,Health Information Managers,60_64,8
224213,Health Information Managers,65,3.4
224214,Records Managers,15_19,0.2
224214,Records Managers,20_24,3
224214,Records Managers,25_34,16.4
224214,Records Managers,35_44,23.1
224214,Records Managers,45_54,27.2
224214,Records Managers,55_59,13.8
224214,Records Managers,60_64,9.3
224214,Records Managers,65,7.1
224411,Intelligence Officers,15_19,0.2
224411,Intelligence Officers,20_24,5.2
224411,Intelligence Officers,25_34,30.8
224411,Intelligence Officers,35_44,28.7
224411,Intelligence Officers,45_54,22
224411,Intelligence Officers,55_59,6.6
224411,Intelligence Officers,60_64,3.9
224411,Intelligence Officers,65,2.5
224412,Policy Analysts,15_19,0.1
224412,Policy Analysts,20_24,5.9
224412,Policy Analysts,25_34,33.6
224412,Policy Analysts,35_44,28.2
224412,Policy Analysts,45_54,18.6
224412,Policy Analysts,55_59,6.4
224412,Policy Analysts,60_64,4.5
224412,Policy Analysts,65,2.6
224511,Land Economists,15_19,0.1
224511,Land Economists,20_24,2.9
224511,Land Economists,25_34,23.8
224511,Land Economists,35_44,27.6
224511,Land Economists,45_54,23.2
224511,Land Economists,55_59,8.7
224511,Land Economists,60_64,5.9
224511,Land Economists,65,7.8
224512,Valuers,15_19,0.2
224512,Valuers,20_24,7.3
224512,Valuers,25_34,25.2
224512,Valuers,35_44,23.2
224512,Valuers,45_54,20.3
224512,Valuers,55_59,9.3
224512,Valuers,60_64,6.4
224512,Valuers,65,8.3
224711,Management Consultants,15_19,0.1
224711,Management Consultants,20_24,4.2
224711,Management Consultants,25_34,22.5
224711,Management Consultants,35_44,28.7
224711,Management Consultants,45_54,23
224711,Management Consultants,55_59,8.7
224711,Management Consultants,60_64,6.3
224711,Management Consultants,65,6.5
224712,Organisation and Methods Analysts,15_19,0
224712,Organisation and Methods Analysts,20_24,1.7
224712,Organisation and Methods Analysts,25_34,20.3
224712,Organisation and Methods Analysts,35_44,33.5
224712,Organisation and Methods Analysts,45_54,28.6
224712,Organisation and Methods Analysts,55_59,8.9
224712,Organisation and Methods Analysts,60_64,4.5
224712,Organisation and Methods Analysts,65,2.5
224911,Electorate Officers,15_19,1.9
224911,Electorate Officers,20_24,16
224911,Electorate Officers,25_34,28.5
224911,Electorate Officers,35_44,19.2
224911,Electorate Officers,45_54,16.8
224911,Electorate Officers,55_59,7.2
224911,Electorate Officers,60_64,5
224911,Electorate Officers,65,5.3
224912,Liaison Officers,15_19,0.4
224912,Liaison Officers,20_24,5
224912,Liaison Officers,25_34,25.6
224912,Liaison Officers,35_44,26.9
224912,Liaison Officers,45_54,24
224912,Liaison Officers,55_59,8.6
224912,Liaison Officers,60_64,5.4
224912,Liaison Officers,65,4
224913,Migration Agents,15_19,0.1
224913,Migration Agents,20_24,1.3
224913,Migration Agents,25_34,21
224913,Migration Agents,35_44,35.5
224913,Migration Agents,45_54,22.5
224913,Migration Agents,55_59,7.3
224913,Migration Agents,60_64,5.7
224913,Migration Agents,65,6.4
224914,Patents Examiners,15_19,0
224914,Patents Examiners,20_24,3.4
224914,Patents Examiners,25_34,25.6
224914,Patents Examiners,35_44,41.4
224914,Patents Examiners,45_54,14.9
224914,Patents Examiners,55_59,6.7
224914,Patents Examiners,60_64,3.4
224914,Patents Examiners,65,4.1
224999,Information and Organisation Professionals (not covered elsewhere),15_19,0.2
224999,Information and Organisation Professionals (not covered elsewhere),20_24,5.8
224999,Information and Organisation Professionals (not covered elsewhere),25_34,30.1
224999,Information and Organisation Professionals (not covered elsewhere),35_44,32.6
224999,Information and Organisation Professionals (not covered elsewhere),45_54,19.5
224999,Information and Organisation Professionals (not covered elsewhere),55_59,6.1
224999,Information and Organisation Professionals (not covered elsewhere),60_64,3.7
224999,Information and Organisation Professionals (not covered elsewhere),65,2
225111,Advertising Specialists,15_19,0.4
225111,Advertising Specialists,20_24,9.7
225111,Advertising Specialists,25_34,42.3
225111,Advertising Specialists,35_44,27.5
225111,Advertising Specialists,45_54,14.8
225111,Advertising Specialists,55_59,3
225111,Advertising Specialists,60_64,1.3
225111,Advertising Specialists,65,1
225112,Market Research Analysts,15_19,1.2
225112,Market Research Analysts,20_24,16.3
225112,Market Research Analysts,25_34,34.6
225112,Market Research Analysts,35_44,24.6
225112,Market Research Analysts,45_54,13.9
225112,Market Research Analysts,55_59,4.5
225112,Market Research Analysts,60_64,2.4
225112,Market Research Analysts,65,2.5
225113,Marketing Specialists,15_19,0.5
225113,Marketing Specialists,20_24,9.3
225113,Marketing Specialists,25_34,37.4
225113,Marketing Specialists,35_44,29.5
225113,Marketing Specialists,45_54,15.9
225113,Marketing Specialists,55_59,3.7
225113,Marketing Specialists,60_64,2
225113,Marketing Specialists,65,1.6
225211,ICT Account Managers,15_19,0.1
225211,ICT Account Managers,20_24,3.6
225211,ICT Account Managers,25_34,32.1
225211,ICT Account Managers,35_44,32.5
225211,ICT Account Managers,45_54,22.2
225211,ICT Account Managers,55_59,5.6
225211,ICT Account Managers,60_64,2.7
225211,ICT Account Managers,65,1
225212,ICT Business Development Managers,15_19,0
225212,ICT Business Development Managers,20_24,1.3
225212,ICT Business Development Managers,25_34,21.4
225212,ICT Business Development Managers,35_44,36.2
225212,ICT Business Development Managers,45_54,27.7
225212,ICT Business Development Managers,55_59,7.6
225212,ICT Business Development Managers,60_64,4
225212,ICT Business Development Managers,65,1.8
225213,ICT Sales Representatives,15_19,0.7
225213,ICT Sales Representatives,20_24,7.1
225213,ICT Sales Representatives,25_34,26.2
225213,ICT Sales Representatives,35_44,28.2
225213,ICT Sales Representatives,45_54,25.1
225213,ICT Sales Representatives,55_59,7.2
225213,ICT Sales Representatives,60_64,3.6
225213,ICT Sales Representatives,65,1.9
225411,Sales Representatives (Industrial Products),15_19,0.3
225411,Sales Representatives (Industrial Products),20_24,2.8
225411,Sales Representatives (Industrial Products),25_34,16.4
225411,Sales Representatives (Industrial Products),35_44,24.3
225411,Sales Representatives (Industrial Products),45_54,28.4
225411,Sales Representatives (Industrial Products),55_59,12.9
225411,Sales Representatives (Industrial Products),60_64,9.1
225411,Sales Representatives (Industrial Products),65,5.9
225412,Sales Representatives (Medical and Pharmaceutical Products),15_19,0.2
225412,Sales Representatives (Medical and Pharmaceutical Products),20_24,2.4
225412,Sales Representatives (Medical and Pharmaceutical Products),25_34,20.4
225412,Sales Representatives (Medical and Pharmaceutical Products),35_44,29.5
225412,Sales Representatives (Medical and Pharmaceutical Products),45_54,29.3
225412,Sales Representatives (Medical and Pharmaceutical Products),55_59,9.5
225412,Sales Representatives (Medical and Pharmaceutical Products),60_64,5.8
225412,Sales Representatives (Medical and Pharmaceutical Products),65,3
225499,Other Technical Sales Representatives,15_19,0.3
225499,Other Technical Sales Representatives,20_24,3.5
225499,Other Technical Sales Representatives,25_34,22.8
225499,Other Technical Sales Representatives,35_44,26.4
225499,Other Technical Sales Representatives,45_54,26.5
225499,Other Technical Sales Representatives,55_59,9.3
225499,Other Technical Sales Representatives,60_64,6.7
225499,Other Technical Sales Representatives,65,4.1
231111,Aeroplane Pilots,15_19,0.2
231111,Aeroplane Pilots,20_24,5
231111,Aeroplane Pilots,25_34,25.8
231111,Aeroplane Pilots,35_44,27.1
231111,Aeroplane Pilots,45_54,24.9
231111,Aeroplane Pilots,55_59,9.9
231111,Aeroplane Pilots,60_64,4.6
231111,Aeroplane Pilots,65,2.5
231112,Air Traffic Controllers,15_19,0
231112,Air Traffic Controllers,20_24,4.5
231112,Air Traffic Controllers,25_34,27.2
231112,Air Traffic Controllers,35_44,27.1
231112,Air Traffic Controllers,45_54,26.5
231112,Air Traffic Controllers,55_59,9.1
231112,Air Traffic Controllers,60_64,4.2
231112,Air Traffic Controllers,65,1.4
231113,Flying Instructors,15_19,0.6
231113,Flying Instructors,20_24,11.6
231113,Flying Instructors,25_34,28.4
231113,Flying Instructors,35_44,19.4
231113,Flying Instructors,45_54,14.1
231113,Flying Instructors,55_59,8.3
231113,Flying Instructors,60_64,8.2
231113,Flying Instructors,65,9.9
231114,Helicopter Pilots,15_19,0
231114,Helicopter Pilots,20_24,5.6
231114,Helicopter Pilots,25_34,25.5
231114,Helicopter Pilots,35_44,27.6
231114,Helicopter Pilots,45_54,27.3
231114,Helicopter Pilots,55_59,8.1
231114,Helicopter Pilots,60_64,4.5
231114,Helicopter Pilots,65,1.2
231199,Other Air Transport Professionals,15_19,0
231199,Other Air Transport Professionals,20_24,3.7
231199,Other Air Transport Professionals,25_34,18.9
231199,Other Air Transport Professionals,35_44,25
231199,Other Air Transport Professionals,45_54,25.2
231199,Other Air Transport Professionals,55_59,12
231199,Other Air Transport Professionals,60_64,9.8
231199,Other Air Transport Professionals,65,6.2
231211,Master Fishers,15_19,0
231211,Master Fishers,20_24,2.6
231211,Master Fishers,25_34,14.1
231211,Master Fishers,35_44,24
231211,Master Fishers,45_54,27.9
231211,Master Fishers,55_59,14.8
231211,Master Fishers,60_64,9.3
231211,Master Fishers,65,7.8
231212,Marine Engineers,15_19,0.8
231212,Marine Engineers,20_24,3.2
231212,Marine Engineers,25_34,17.9
231212,Marine Engineers,35_44,25.5
231212,Marine Engineers,45_54,26
231212,Marine Engineers,55_59,11.7
231212,Marine Engineers,60_64,9
231212,Marine Engineers,65,6.3
231213,Ship's Masters,15_19,1
231213,Ship's Masters,20_24,3
231213,Ship's Masters,25_34,13.7
231213,Ship's Masters,35_44,22
231213,Ship's Masters,45_54,28.3
231213,Ship's Masters,55_59,13.5
231213,Ship's Masters,60_64,10.8
231213,Ship's Masters,65,7.8
231214,Ship's Officers,15_19,0.9
231214,Ship's Officers,20_24,6.7
231214,Ship's Officers,25_34,28.7
231214,Ship's Officers,35_44,27.1
231214,Ship's Officers,45_54,20.4
231214,Ship's Officers,55_59,9.9
231214,Ship's Officers,60_64,5.6
231214,Ship's Officers,65,0.7
231215,Marine Surveyors,15_19,0
231215,Marine Surveyors,20_24,1
231215,Marine Surveyors,25_34,8.4
231215,Marine Surveyors,35_44,21.6
231215,Marine Surveyors,45_54,29.3
231215,Marine Surveyors,55_59,16.3
231215,Marine Surveyors,60_64,11
231215,Marine Surveyors,65,14.3
231299,Other Marine Transport Professionals,15_19,0.6
231299,Other Marine Transport Professionals,20_24,1.9
231299,Other Marine Transport Professionals,25_34,14.5
231299,Other Marine Transport Professionals,35_44,26.6
231299,Other Marine Transport Professionals,45_54,30.6
231299,Other Marine Transport Professionals,55_59,10.4
231299,Other Marine Transport Professionals,60_64,8.5
231299,Other Marine Transport Professionals,65,5.7
232111,Architects,15_19,0.1
232111,Architects,20_24,3.4
232111,Architects,25_34,31.4
232111,Architects,35_44,26.8
232111,Architects,45_54,18.8
232111,Architects,55_59,6.6
232111,Architects,60_64,5.2
232111,Architects,65,7.6
232112,Landscape Architects,15_19,0.2
232112,Landscape Architects,20_24,4.6
232112,Landscape Architects,25_34,30.8
232112,Landscape Architects,35_44,27.9
232112,Landscape Architects,45_54,20.9
232112,Landscape Architects,55_59,6.3
232112,Landscape Architects,60_64,5.4
232112,Landscape Architects,65,4
232212,Surveyors,15_19,0.9
232212,Surveyors,20_24,8.4
232212,Surveyors,25_34,28.3
232212,Surveyors,35_44,25.5
232212,Surveyors,45_54,18.2
232212,Surveyors,55_59,6.9
232212,Surveyors,60_64,6
232212,Surveyors,65,5.9
232213,Cartographers,15_19,0
232213,Cartographers,20_24,3.7
232213,Cartographers,25_34,6.8
232213,Cartographers,35_44,20.4
232213,Cartographers,45_54,29.4
232213,Cartographers,55_59,17
232213,Cartographers,60_64,10.2
232213,Cartographers,65,13.6
232214,Other Spatial Scientists,15_19,0.1
232214,Other Spatial Scientists,20_24,3.8
232214,Other Spatial Scientists,25_34,22.2
232214,Other Spatial Scientists,35_44,32.2
232214,Other Spatial Scientists,45_54,24.9
232214,Other Spatial Scientists,55_59,8.4
232214,Other Spatial Scientists,60_64,5.4
232214,Other Spatial Scientists,65,3.1
232311,Fashion Designers,15_19,0.4
232311,Fashion Designers,20_24,8.9
232311,Fashion Designers,25_34,34.1
232311,Fashion Designers,35_44,27.9
232311,Fashion Designers,45_54,16.5
232311,Fashion Designers,55_59,5.5
232311,Fashion Designers,60_64,3.7
232311,Fashion Designers,65,3.2
232312,Industrial Designers,15_19,0.2
232312,Industrial Designers,20_24,6.3
232312,Industrial Designers,25_34,36.9
232312,Industrial Designers,35_44,29.9
232312,Industrial Designers,45_54,15.9
232312,Industrial Designers,55_59,4.9
232312,Industrial Designers,60_64,3.1
232312,Industrial Designers,65,3
232313,Jewellery Designers,15_19,0
232313,Jewellery Designers,20_24,2.5
232313,Jewellery Designers,25_34,19.8
232313,Jewellery Designers,35_44,33.8
232313,Jewellery Designers,45_54,23.7
232313,Jewellery Designers,55_59,9.2
232313,Jewellery Designers,60_64,5.8
232313,Jewellery Designers,65,4.9
232411,Graphic Designers,15_19,0.6
232411,Graphic Designers,20_24,8.2
232411,Graphic Designers,25_34,33.7
232411,Graphic Designers,35_44,30.1
232411,Graphic Designers,45_54,18.9
232411,Graphic Designers,55_59,4.5
232411,Graphic Designers,60_64,2.4
232411,Graphic Designers,65,1.6
232412,Illustrators (including Animators),15_19,1
232412,Illustrators (including Animators),20_24,11.9
232412,Illustrators (including Animators),25_34,39.5
232412,Illustrators (including Animators),35_44,27.6
232412,Illustrators (including Animators),45_54,12.8
232412,Illustrators (including Animators),55_59,2.8
232412,Illustrators (including Animators),60_64,2.3
232412,Illustrators (including Animators),65,2
232413,Multimedia Designers,15_19,1.6
232413,Multimedia Designers,20_24,8.7
232413,Multimedia Designers,25_34,33.3
232413,Multimedia Designers,35_44,29.4
232413,Multimedia Designers,45_54,18
232413,Multimedia Designers,55_59,4.3
232413,Multimedia Designers,60_64,2.8
232413,Multimedia Designers,65,1.7
232414,Web Designers,15_19,1.1
232414,Web Designers,20_24,7.2
232414,Web Designers,25_34,34.5
232414,Web Designers,35_44,32.8
232414,Web Designers,45_54,16.8
232414,Web Designers,55_59,3.9
232414,Web Designers,60_64,2.1
232414,Web Designers,65,1.4
233111,Chemical Engineers,15_19,0.1
233111,Chemical Engineers,20_24,6.5
233111,Chemical Engineers,25_34,32.9
233111,Chemical Engineers,35_44,24.8
233111,Chemical Engineers,45_54,19
233111,Chemical Engineers,55_59,7.5
233111,Chemical Engineers,60_64,4.5
233111,Chemical Engineers,65,4.7
233112,Materials Engineers,15_19,0.7
233112,Materials Engineers,20_24,10.4
233112,Materials Engineers,25_34,31.7
233112,Materials Engineers,35_44,24.9
233112,Materials Engineers,45_54,15.7
233112,Materials Engineers,55_59,7.3
233112,Materials Engineers,60_64,3.4
233112,Materials Engineers,65,6.1
233211,Civil Engineers,15_19,0.3
233211,Civil Engineers,20_24,9.6
233211,Civil Engineers,25_34,43
233211,Civil Engineers,35_44,22.1
233211,Civil Engineers,45_54,12.7
233211,Civil Engineers,55_59,4.8
233211,Civil Engineers,60_64,3.4
233211,Civil Engineers,65,4.1
233212,Geotechnical Engineers,15_19,0
233212,Geotechnical Engineers,20_24,7
233212,Geotechnical Engineers,25_34,41.8
233212,Geotechnical Engineers,35_44,28.5
233212,Geotechnical Engineers,45_54,14.3
233212,Geotechnical Engineers,55_59,3.1
233212,Geotechnical Engineers,60_64,2.4
233212,Geotechnical Engineers,65,2.7
233213,Quantity Surveyors,15_19,0.4
233213,Quantity Surveyors,20_24,7.3
233213,Quantity Surveyors,25_34,33.4
233213,Quantity Surveyors,35_44,24.6
233213,Quantity Surveyors,45_54,16.7
233213,Quantity Surveyors,55_59,6.8
233213,Quantity Surveyors,60_64,5.1
233213,Quantity Surveyors,65,5.7
233214,Structural Engineers,15_19,0.2
233214,Structural Engineers,20_24,6.8
233214,Structural Engineers,25_34,37.8
233214,Structural Engineers,35_44,25.8
233214,Structural Engineers,45_54,13.7
233214,Structural Engineers,55_59,5.8
233214,Structural Engineers,60_64,4
233214,Structural Engineers,65,6
233215,Transport Engineers,15_19,0.3
233215,Transport Engineers,20_24,7.6
233215,Transport Engineers,25_34,36.4
233215,Transport Engineers,35_44,25
233215,Transport Engineers,45_54,15.6
233215,Transport Engineers,55_59,6.2
233215,Transport Engineers,60_64,4.4
233215,Transport Engineers,65,4.4
233511,Industrial Engineers,15_19,0.4
233511,Industrial Engineers,20_24,5.7
233511,Industrial Engineers,25_34,30.9
233511,Industrial Engineers,35_44,28.6
233511,Industrial Engineers,45_54,18.8
233511,Industrial Engineers,55_59,7.1
233511,Industrial Engineers,60_64,4.8
233511,Industrial Engineers,65,3.8
233512,Mechanical Engineers,15_19,0.3
233512,Mechanical Engineers,20_24,6.1
233512,Mechanical Engineers,25_34,34.3
233512,Mechanical Engineers,35_44,25.9
233512,Mechanical Engineers,45_54,17
233512,Mechanical Engineers,55_59,6.6
233512,Mechanical Engineers,60_64,5
233512,Mechanical Engineers,65,4.7
233513,Production and Plant Engineers,15_19,0.2
233513,Production and Plant Engineers,20_24,6
233513,Production and Plant Engineers,25_34,35.7
233513,Production and Plant Engineers,35_44,32.2
233513,Production and Plant Engineers,45_54,15
233513,Production and Plant Engineers,55_59,6
233513,Production and Plant Engineers,60_64,3.3
233513,Production and Plant Engineers,65,1.7
233611,Mining Engineers (excluding Petroleum),15_19,0
233611,Mining Engineers (excluding Petroleum),20_24,4.9
233611,Mining Engineers (excluding Petroleum),25_34,34.6
233611,Mining Engineers (excluding Petroleum),35_44,29.2
233611,Mining Engineers (excluding Petroleum),45_54,17.1
233611,Mining Engineers (excluding Petroleum),55_59,6.2
233611,Mining Engineers (excluding Petroleum),60_64,4
233611,Mining Engineers (excluding Petroleum),65,3.7
233612,Petroleum Engineers,15_19,0
233612,Petroleum Engineers,20_24,3.4
233612,Petroleum Engineers,25_34,28.9
233612,Petroleum Engineers,35_44,35.5
233612,Petroleum Engineers,45_54,19.7
233612,Petroleum Engineers,55_59,6.1
233612,Petroleum Engineers,60_64,4.1
233612,Petroleum Engineers,65,2.7
233911,Aeronautical Engineers,15_19,0.5
233911,Aeronautical Engineers,20_24,8.6
233911,Aeronautical Engineers,25_34,34
233911,Aeronautical Engineers,35_44,25.4
233911,Aeronautical Engineers,45_54,19.1
233911,Aeronautical Engineers,55_59,5.4
233911,Aeronautical Engineers,60_64,4.1
233911,Aeronautical Engineers,65,2.9
233912,Agricultural Engineers,15_19,0
233912,Agricultural Engineers,20_24,6.3
233912,Agricultural Engineers,25_34,27
233912,Agricultural Engineers,35_44,18.3
233912,Agricultural Engineers,45_54,20.6
233912,Agricultural Engineers,55_59,7.1
233912,Agricultural Engineers,60_64,11.1
233912,Agricultural Engineers,65,15.1
233913,Biomedical Engineers,15_19,0.2
233913,Biomedical Engineers,20_24,9.4
233913,Biomedical Engineers,25_34,34.8
233913,Biomedical Engineers,35_44,24.2
233913,Biomedical Engineers,45_54,14.8
233913,Biomedical Engineers,55_59,7.5
233913,Biomedical Engineers,60_64,5.1
233913,Biomedical Engineers,65,3.5
233914,Engineering Technologists,15_19,0
233914,Engineering Technologists,20_24,3.3
233914,Engineering Technologists,25_34,59.3
233914,Engineering Technologists,35_44,15.6
233914,Engineering Technologists,45_54,10.9
233914,Engineering Technologists,55_59,4.6
233914,Engineering Technologists,60_64,4.1
233914,Engineering Technologists,65,3.6
233915,Environmental Engineers,15_19,0
233915,Environmental Engineers,20_24,6.7
233915,Environmental Engineers,25_34,37.5
233915,Environmental Engineers,35_44,33
233915,Environmental Engineers,45_54,15.6
233915,Environmental Engineers,55_59,3.2
233915,Environmental Engineers,60_64,2.2
233915,Environmental Engineers,65,2
233916,Naval Architects,15_19,0
233916,Naval Architects,20_24,5.5
233916,Naval Architects,25_34,29.3
233916,Naval Architects,35_44,27.6
233916,Naval Architects,45_54,16.5
233916,Naval Architects,55_59,8
233916,Naval Architects,60_64,5.3
233916,Naval Architects,65,6.8
233999,Engineering Professionals (not covered elsewhere),15_19,0.2
233999,Engineering Professionals (not covered elsewhere),20_24,8.7
233999,Engineering Professionals (not covered elsewhere),25_34,36.6
233999,Engineering Professionals (not covered elsewhere),35_44,25.1
233999,Engineering Professionals (not covered elsewhere),45_54,15.6
233999,Engineering Professionals (not covered elsewhere),55_59,6.1
233999,Engineering Professionals (not covered elsewhere),60_64,3.7
233999,Engineering Professionals (not covered elsewhere),65,4.3
234111,Agricultural Consultants,15_19,0.8
234111,Agricultural Consultants,20_24,4.7
234111,Agricultural Consultants,25_34,17.4
234111,Agricultural Consultants,35_44,17
234111,Agricultural Consultants,45_54,22.9
234111,Agricultural Consultants,55_59,11
234111,Agricultural Consultants,60_64,10.2
234111,Agricultural Consultants,65,16.2
234112,Agricultural Scientists,15_19,0.4
234112,Agricultural Scientists,20_24,8.9
234112,Agricultural Scientists,25_34,25
234112,Agricultural Scientists,35_44,23.8
234112,Agricultural Scientists,45_54,22.1
234112,Agricultural Scientists,55_59,8.8
234112,Agricultural Scientists,60_64,6.8
234112,Agricultural Scientists,65,4.6
234113,Foresters,15_19,0.4
234113,Foresters,20_24,5.2
234113,Foresters,25_34,16.9
234113,Foresters,35_44,23.7
234113,Foresters,45_54,23.8
234113,Foresters,55_59,11.7
234113,Foresters,60_64,9.1
234113,Foresters,65,8.9
234211,Chemists,15_19,2
234211,Chemists,20_24,6.3
234211,Chemists,25_34,26.1
234211,Chemists,35_44,25.4
234211,Chemists,45_54,19.6
234211,Chemists,55_59,8.5
234211,Chemists,60_64,6.5
234211,Chemists,65,5.2
234212,Food Technologists,15_19,0.7
234212,Food Technologists,20_24,6.4
234212,Food Technologists,25_34,38.6
234212,Food Technologists,35_44,23.3
234212,Food Technologists,45_54,17.2
234212,Food Technologists,55_59,5.2
234212,Food Technologists,60_64,4.8
234212,Food Technologists,65,4
234213,Wine Makers,15_19,0.5
234213,Wine Makers,20_24,1.8
234213,Wine Makers,25_34,18.7
234213,Wine Makers,35_44,30.4
234213,Wine Makers,45_54,25.3
234213,Wine Makers,55_59,7.9
234213,Wine Makers,60_64,6.8
234213,Wine Makers,65,8.4
234311,Conservation Officers,15_19,0.4
234311,Conservation Officers,20_24,4.8
234311,Conservation Officers,25_34,28.6
234311,Conservation Officers,35_44,29.4
234311,Conservation Officers,45_54,21.9
234311,Conservation Officers,55_59,7.6
234311,Conservation Officers,60_64,5.2
234311,Conservation Officers,65,2.3
234312,Environmental Consultants,15_19,0
234312,Environmental Consultants,20_24,5.7
234312,Environmental Consultants,25_34,29.9
234312,Environmental Consultants,35_44,29.6
234312,Environmental Consultants,45_54,19.7
234312,Environmental Consultants,55_59,5.5
234312,Environmental Consultants,60_64,4.4
234312,Environmental Consultants,65,5.1
234313,Environmental Research Scientists,15_19,0.1
234313,Environmental Research Scientists,20_24,6
234313,Environmental Research Scientists,25_34,29.7
234313,Environmental Research Scientists,35_44,32.2
234313,Environmental Research Scientists,45_54,19.7
234313,Environmental Research Scientists,55_59,5.7
234313,Environmental Research Scientists,60_64,3.7
234313,Environmental Research Scientists,65,2.8
234314,Park Rangers,15_19,2.3
234314,Park Rangers,20_24,7.1
234314,Park Rangers,25_34,23.5
234314,Park Rangers,35_44,23
234314,Park Rangers,45_54,22.9
234314,Park Rangers,55_59,10.3
234314,Park Rangers,60_64,7.6
234314,Park Rangers,65,3.7
234399,Other Environmental Scientists,15_19,0.3
234399,Other Environmental Scientists,20_24,3.8
234399,Other Environmental Scientists,25_34,23.3
234399,Other Environmental Scientists,35_44,28
234399,Other Environmental Scientists,45_54,23.4
234399,Other Environmental Scientists,55_59,8.2
234399,Other Environmental Scientists,60_64,6.7
234399,Other Environmental Scientists,65,5.7
234411,Geologists,15_19,0
234411,Geologists,20_24,4.8
234411,Geologists,25_34,30.4
234411,Geologists,35_44,25.8
234411,Geologists,45_54,19.4
234411,Geologists,55_59,8
234411,Geologists,60_64,5.3
234411,Geologists,65,6.3
234412,Geophysicists,15_19,0.3
234412,Geophysicists,20_24,2.4
234412,Geophysicists,25_34,19
234412,Geophysicists,35_44,31.4
234412,Geophysicists,45_54,22.8
234412,Geophysicists,55_59,8.6
234412,Geophysicists,60_64,6.5
234412,Geophysicists,65,8.4
234413,Hydrogeologists,15_19,0
234413,Hydrogeologists,20_24,2
234413,Hydrogeologists,25_34,22.2
234413,Hydrogeologists,35_44,33.4
234413,Hydrogeologists,45_54,21.6
234413,Hydrogeologists,55_59,10.5
234413,Hydrogeologists,60_64,3.8
234413,Hydrogeologists,65,6.5
234511,Biologists,15_19,0
234511,Biologists,20_24,4.3
234511,Biologists,25_34,33.3
234511,Biologists,35_44,29
234511,Biologists,45_54,18.3
234511,Biologists,55_59,6
234511,Biologists,60_64,4
234511,Biologists,65,4.3
234513,Biochemists,15_19,0
234513,Biochemists,20_24,2.2
234513,Biochemists,25_34,44
234513,Biochemists,35_44,20.9
234513,Biochemists,45_54,16.4
234513,Biochemists,55_59,10.4
234513,Biochemists,60_64,4.5
234513,Biochemists,65,7.5
234514,Biotechnologists,15_19,0.3
234514,Biotechnologists,20_24,7.2
234514,Biotechnologists,25_34,36.3
234514,Biotechnologists,35_44,31.4
234514,Biotechnologists,45_54,14.8
234514,Biotechnologists,55_59,5.8
234514,Biotechnologists,60_64,2
234514,Biotechnologists,65,1.6
234515,Botanists,15_19,0.6
234515,Botanists,20_24,2
234515,Botanists,25_34,18.6
234515,Botanists,35_44,27
234515,Botanists,45_54,25.5
234515,Botanists,55_59,9.9
234515,Botanists,60_64,7.2
234515,Botanists,65,8.7
234516,Marine Biologists,15_19,0
234516,Marine Biologists,20_24,4.2
234516,Marine Biologists,25_34,28.3
234516,Marine Biologists,35_44,27.8
234516,Marine Biologists,45_54,23.8
234516,Marine Biologists,55_59,7.3
234516,Marine Biologists,60_64,5.7
234516,Marine Biologists,65,2.6
234517,Microbiologists,15_19,0
234517,Microbiologists,20_24,6
234517,Microbiologists,25_34,30.2
234517,Microbiologists,35_44,28.8
234517,Microbiologists,45_54,19.6
234517,Microbiologists,55_59,6.3
234517,Microbiologists,60_64,5.8
234517,Microbiologists,65,3.3
234518,Zoologists,15_19,0.5
234518,Zoologists,20_24,6.6
234518,Zoologists,25_34,25.4
234518,Zoologists,35_44,25.9
234518,Zoologists,45_54,20.2
234518,Zoologists,55_59,7.5
234518,Zoologists,60_64,6
234518,Zoologists,65,7.3
234599,Other Life Scientists,15_19,0.2
234599,Other Life Scientists,20_24,5
234599,Other Life Scientists,25_34,31.7
234599,Other Life Scientists,35_44,33
234599,Other Life Scientists,45_54,16.9
234599,Other Life Scientists,55_59,5.1
234599,Other Life Scientists,60_64,5.1
234599,Other Life Scientists,65,2.6
234911,Conservators,15_19,0
234911,Conservators,20_24,2.5
234911,Conservators,25_34,17.6
234911,Conservators,35_44,23.7
234911,Conservators,45_54,25.2
234911,Conservators,55_59,13.9
234911,Conservators,60_64,9.5
234911,Conservators,65,8.9
234912,Metallurgists,15_19,0
234912,Metallurgists,20_24,4.9
234912,Metallurgists,25_34,30.8
234912,Metallurgists,35_44,22.9
234912,Metallurgists,45_54,18.9
234912,Metallurgists,55_59,8.4
234912,Metallurgists,60_64,6.2
234912,Metallurgists,65,7.2
234913,Meteorologists,15_19,0
234913,Meteorologists,20_24,3.7
234913,Meteorologists,25_34,23.2
234913,Meteorologists,35_44,29.8
234913,Meteorologists,45_54,25
234913,Meteorologists,55_59,10.3
234913,Meteorologists,60_64,4.8
234913,Meteorologists,65,3.5
234914,Physicists (including Astronomers),15_19,0
234914,Physicists (including Astronomers),20_24,2.3
234914,Physicists (including Astronomers),25_34,26.7
234914,Physicists (including Astronomers),35_44,30.1
234914,Physicists (including Astronomers),45_54,21.2
234914,Physicists (including Astronomers),55_59,10
234914,Physicists (including Astronomers),60_64,5.6
234914,Physicists (including Astronomers),65,3.6
234915,Exercise Physiologists,15_19,0
234915,Exercise Physiologists,20_24,19.2
234915,Exercise Physiologists,25_34,57.7
234915,Exercise Physiologists,35_44,15.5
234915,Exercise Physiologists,45_54,5.3
234915,Exercise Physiologists,55_59,1.1
234915,Exercise Physiologists,60_64,0.9
234915,Exercise Physiologists,65,0.4
234999,Natural and Physical Science Professionals (not covered elsewhere),15_19,0
234999,Natural and Physical Science Professionals (not covered elsewhere),20_24,8
234999,Natural and Physical Science Professionals (not covered elsewhere),25_34,35.3
234999,Natural and Physical Science Professionals (not covered elsewhere),35_44,25.4
234999,Natural and Physical Science Professionals (not covered elsewhere),45_54,15.3
234999,Natural and Physical Science Professionals (not covered elsewhere),55_59,5.9
234999,Natural and Physical Science Professionals (not covered elsewhere),60_64,5.7
234999,Natural and Physical Science Professionals (not covered elsewhere),65,3.7
241511,Special Needs Teachers,15_19,0.2
241511,Special Needs Teachers,20_24,2.8
241511,Special Needs Teachers,25_34,20.9
241511,Special Needs Teachers,35_44,25
241511,Special Needs Teachers,45_54,26.2
241511,Special Needs Teachers,55_59,10.7
241511,Special Needs Teachers,60_64,8.9
241511,Special Needs Teachers,65,5.4
241512,Teachers of the Hearing Impaired,15_19,0.6
241512,Teachers of the Hearing Impaired,20_24,1.5
241512,Teachers of the Hearing Impaired,25_34,15.2
241512,Teachers of the Hearing Impaired,35_44,20.3
241512,Teachers of the Hearing Impaired,45_54,24.7
241512,Teachers of the Hearing Impaired,55_59,14.2
241512,Teachers of the Hearing Impaired,60_64,11.9
241512,Teachers of the Hearing Impaired,65,11.3
241513,Teachers of the Sight Impaired,15_19,0
241513,Teachers of the Sight Impaired,20_24,0
241513,Teachers of the Sight Impaired,25_34,7.6
241513,Teachers of the Sight Impaired,35_44,24.9
241513,Teachers of the Sight Impaired,45_54,29.2
241513,Teachers of the Sight Impaired,55_59,10.3
241513,Teachers of the Sight Impaired,60_64,20.5
241513,Teachers of the Sight Impaired,65,5.4
241599,Other Special Education Teachers,15_19,1.1
241599,Other Special Education Teachers,20_24,2.5
241599,Other Special Education Teachers,25_34,17.8
241599,Other Special Education Teachers,35_44,22.2
241599,Other Special Education Teachers,45_54,24.5
241599,Other Special Education Teachers,55_59,11.6
241599,Other Special Education Teachers,60_64,10.9
241599,Other Special Education Teachers,65,9.7
242111,University Lecturers,15_19,0.1
242111,University Lecturers,20_24,1
242111,University Lecturers,25_34,10.8
242111,University Lecturers,35_44,28.2
242111,University Lecturers,45_54,28.7
242111,University Lecturers,55_59,12.9
242111,University Lecturers,60_64,10.3
242111,University Lecturers,65,8.1
242112,University Tutors,15_19,1.6
242112,University Tutors,20_24,23.8
242112,University Tutors,25_34,36.2
242112,University Tutors,35_44,15.3
242112,University Tutors,45_54,9.2
242112,University Tutors,55_59,4.2
242112,University Tutors,60_64,4.6
242112,University Tutors,65,5
249111,Education Advisers,15_19,0.2
249111,Education Advisers,20_24,3
249111,Education Advisers,25_34,19.1
249111,Education Advisers,35_44,27.2
249111,Education Advisers,45_54,24.8
249111,Education Advisers,55_59,10.5
249111,Education Advisers,60_64,8.5
249111,Education Advisers,65,6.8
249112,Education Reviewers,15_19,0.4
249112,Education Reviewers,20_24,0.7
249112,Education Reviewers,25_34,7.1
249112,Education Reviewers,35_44,19.8
249112,Education Reviewers,45_54,22.5
249112,Education Reviewers,55_59,14.1
249112,Education Reviewers,60_64,16.3
249112,Education Reviewers,65,19.5
249211,Art Teachers (Private Tuition),15_19,5
249211,Art Teachers (Private Tuition),20_24,8.7
249211,Art Teachers (Private Tuition),25_34,16
249211,Art Teachers (Private Tuition),35_44,19.2
249211,Art Teachers (Private Tuition),45_54,18.1
249211,Art Teachers (Private Tuition),55_59,9.5
249211,Art Teachers (Private Tuition),60_64,9.8
249211,Art Teachers (Private Tuition),65,13.9
249212,Dance Teachers (Private Tuition),15_19,18.5
249212,Dance Teachers (Private Tuition),20_24,20.1
249212,Dance Teachers (Private Tuition),25_34,23.6
249212,Dance Teachers (Private Tuition),35_44,16.2
249212,Dance Teachers (Private Tuition),45_54,10.8
249212,Dance Teachers (Private Tuition),55_59,3.6
249212,Dance Teachers (Private Tuition),60_64,3.3
249212,Dance Teachers (Private Tuition),65,4.1
249213,Drama Teachers (Private Tuition),15_19,8
249213,Drama Teachers (Private Tuition),20_24,15.3
249213,Drama Teachers (Private Tuition),25_34,18.8
249213,Drama Teachers (Private Tuition),35_44,18.6
249213,Drama Teachers (Private Tuition),45_54,17.9
249213,Drama Teachers (Private Tuition),55_59,5.5
249213,Drama Teachers (Private Tuition),60_64,6
249213,Drama Teachers (Private Tuition),65,10.6
249214,Music Teachers (Private Tuition),15_19,6.3
249214,Music Teachers (Private Tuition),20_24,15.2
249214,Music Teachers (Private Tuition),25_34,21.7
249214,Music Teachers (Private Tuition),35_44,17.3
249214,Music Teachers (Private Tuition),45_54,16
249214,Music Teachers (Private Tuition),55_59,7
249214,Music Teachers (Private Tuition),60_64,6.9
249214,Music Teachers (Private Tuition),65,9.7
249299,Other Private Tutors and Teachers,15_19,18.2
249299,Other Private Tutors and Teachers,20_24,22
249299,Other Private Tutors and Teachers,25_34,12.8
249299,Other Private Tutors and Teachers,35_44,13
249299,Other Private Tutors and Teachers,45_54,13.2
249299,Other Private Tutors and Teachers,55_59,5.9
249299,Other Private Tutors and Teachers,60_64,6.1
249299,Other Private Tutors and Teachers,65,9
251111,Dietitians,15_19,0
251111,Dietitians,20_24,6.8
251111,Dietitians,25_34,44.6
251111,Dietitians,35_44,27
251111,Dietitians,45_54,13.6
251111,Dietitians,55_59,4
251111,Dietitians,60_64,2.6
251111,Dietitians,65,1.4
251112,Nutritionists,15_19,0
251112,Nutritionists,20_24,4.7
251112,Nutritionists,25_34,32.3
251112,Nutritionists,35_44,27.1
251112,Nutritionists,45_54,24
251112,Nutritionists,55_59,6.1
251112,Nutritionists,60_64,3.3
251112,Nutritionists,65,2.4
251211,Medical Diagnostic Radiographers,15_19,0
251211,Medical Diagnostic Radiographers,20_24,10.9
251211,Medical Diagnostic Radiographers,25_34,36.2
251211,Medical Diagnostic Radiographers,35_44,23.1
251211,Medical Diagnostic Radiographers,45_54,15.6
251211,Medical Diagnostic Radiographers,55_59,5.9
251211,Medical Diagnostic Radiographers,60_64,5
251211,Medical Diagnostic Radiographers,65,3.1
251212,Medical Radiation Therapists,15_19,0
251212,Medical Radiation Therapists,20_24,9
251212,Medical Radiation Therapists,25_34,36.3
251212,Medical Radiation Therapists,35_44,31.4
251212,Medical Radiation Therapists,45_54,14.7
251212,Medical Radiation Therapists,55_59,4.1
251212,Medical Radiation Therapists,60_64,3.3
251212,Medical Radiation Therapists,65,1.2
251213,Nuclear Medicine Technologists,15_19,0
251213,Nuclear Medicine Technologists,20_24,7.8
251213,Nuclear Medicine Technologists,25_34,42.5
251213,Nuclear Medicine Technologists,35_44,26.7
251213,Nuclear Medicine Technologists,45_54,15.3
251213,Nuclear Medicine Technologists,55_59,2.5
251213,Nuclear Medicine Technologists,60_64,3.1
251213,Nuclear Medicine Technologists,65,1.8
251214,Sonographers,15_19,0
251214,Sonographers,20_24,3
251214,Sonographers,25_34,30.2
251214,Sonographers,35_44,30.9
251214,Sonographers,45_54,20.8
251214,Sonographers,55_59,7.5
251214,Sonographers,60_64,5.1
251214,Sonographers,65,2.5
251311,Environmental Health Officers,15_19,0.3
251311,Environmental Health Officers,20_24,4.3
251311,Environmental Health Officers,25_34,21.5
251311,Environmental Health Officers,35_44,26.4
251311,Environmental Health Officers,45_54,25
251311,Environmental Health Officers,55_59,9.9
251311,Environmental Health Officers,60_64,7.5
251311,Environmental Health Officers,65,4.9
251312,Occupational Health and Safety Advisers,15_19,0.3
251312,Occupational Health and Safety Advisers,20_24,3.1
251312,Occupational Health and Safety Advisers,25_34,20.4
251312,Occupational Health and Safety Advisers,35_44,25.5
251312,Occupational Health and Safety Advisers,45_54,25.9
251312,Occupational Health and Safety Advisers,55_59,12.2
251312,Occupational Health and Safety Advisers,60_64,8.6
251312,Occupational Health and Safety Advisers,65,4.2
251411,Optometrists,15_19,0.1
251411,Optometrists,20_24,6.9
251411,Optometrists,25_34,35.1
251411,Optometrists,35_44,20.8
251411,Optometrists,45_54,18.9
251411,Optometrists,55_59,6.9
251411,Optometrists,60_64,7.4
251411,Optometrists,65,4
251412,Orthoptists,15_19,0
251412,Orthoptists,20_24,9.4
251412,Orthoptists,25_34,42
251412,Orthoptists,35_44,21.5
251412,Orthoptists,45_54,16.9
251412,Orthoptists,55_59,3.7
251412,Orthoptists,60_64,3.6
251412,Orthoptists,65,2.4
251511,Hospital Pharmacists,15_19,0.1
251511,Hospital Pharmacists,20_24,8.3
251511,Hospital Pharmacists,25_34,45.3
251511,Hospital Pharmacists,35_44,27.1
251511,Hospital Pharmacists,45_54,10.9
251511,Hospital Pharmacists,55_59,3.6
251511,Hospital Pharmacists,60_64,3
251511,Hospital Pharmacists,65,1.7
251512,Industrial Pharmacists,15_19,0
251512,Industrial Pharmacists,20_24,5.6
251512,Industrial Pharmacists,25_34,31.1
251512,Industrial Pharmacists,35_44,32.9
251512,Industrial Pharmacists,45_54,19.9
251512,Industrial Pharmacists,55_59,6.1
251512,Industrial Pharmacists,60_64,3.4
251512,Industrial Pharmacists,65,1.6
251513,Retail Pharmacists,15_19,1.2
251513,Retail Pharmacists,20_24,8.4
251513,Retail Pharmacists,25_34,34.9
251513,Retail Pharmacists,35_44,28.1
251513,Retail Pharmacists,45_54,14.3
251513,Retail Pharmacists,55_59,4.9
251513,Retail Pharmacists,60_64,4.1
251513,Retail Pharmacists,65,4.1
251911,Health Promotion Officers,15_19,0.3
251911,Health Promotion Officers,20_24,3.8
251911,Health Promotion Officers,25_34,23.2
251911,Health Promotion Officers,35_44,24
251911,Health Promotion Officers,45_54,23.3
251911,Health Promotion Officers,55_59,11.4
251911,Health Promotion Officers,60_64,9.3
251911,Health Promotion Officers,65,4.8
251912,Orthotists and Prosthetists,15_19,0
251912,Orthotists and Prosthetists,20_24,8.9
251912,Orthotists and Prosthetists,25_34,33.5
251912,Orthotists and Prosthetists,35_44,24.5
251912,Orthotists and Prosthetists,45_54,16.1
251912,Orthotists and Prosthetists,55_59,7.1
251912,Orthotists and Prosthetists,60_64,5.4
251912,Orthotists and Prosthetists,65,3.6
251999,Genetic Counsellors (and Other Health Professionals not covered elsewhere),15_19,1.3
251999,Genetic Counsellors (and Other Health Professionals not covered elsewhere),20_24,12.1
251999,Genetic Counsellors (and Other Health Professionals not covered elsewhere),25_34,30.6
251999,Genetic Counsellors (and Other Health Professionals not covered elsewhere),35_44,21.9
251999,Genetic Counsellors (and Other Health Professionals not covered elsewhere),45_54,19.1
251999,Genetic Counsellors (and Other Health Professionals not covered elsewhere),55_59,8
251999,Genetic Counsellors (and Other Health Professionals not covered elsewhere),60_64,5.2
251999,Genetic Counsellors (and Other Health Professionals not covered elsewhere),65,1.9
252111,Chiropractors,15_19,0
252111,Chiropractors,20_24,3.4
252111,Chiropractors,25_34,31.6
252111,Chiropractors,35_44,26.4
252111,Chiropractors,45_54,21.7
252111,Chiropractors,55_59,6.9
252111,Chiropractors,60_64,5
252111,Chiropractors,65,4.9
252112,Osteopaths,15_19,0
252112,Osteopaths,20_24,5.7
252112,Osteopaths,25_34,42.4
252112,Osteopaths,35_44,28.9
252112,Osteopaths,45_54,14.3
252112,Osteopaths,55_59,3.2
252112,Osteopaths,60_64,2.7
252112,Osteopaths,65,2.6
252211,Acupuncturists,15_19,0
252211,Acupuncturists,20_24,0.2
252211,Acupuncturists,25_34,8.8
252211,Acupuncturists,35_44,25
252211,Acupuncturists,45_54,32.9
252211,Acupuncturists,55_59,12
252211,Acupuncturists,60_64,10.5
252211,Acupuncturists,65,11
252212,Homoeopaths,15_19,0
252212,Homoeopaths,20_24,0
252212,Homoeopaths,25_34,0
252212,Homoeopaths,35_44,10.8
252212,Homoeopaths,45_54,24.2
252212,Homoeopaths,55_59,15.8
252212,Homoeopaths,60_64,12.5
252212,Homoeopaths,65,35.8
252213,Naturopaths,15_19,0
252213,Naturopaths,20_24,1
252213,Naturopaths,25_34,14.2
252213,Naturopaths,35_44,26.2
252213,Naturopaths,45_54,28.7
252213,Naturopaths,55_59,11
252213,Naturopaths,60_64,8.2
252213,Naturopaths,65,10.8
252214,Chinese Medicine Practitioners,15_19,0
252214,Chinese Medicine Practitioners,20_24,0.3
252214,Chinese Medicine Practitioners,25_34,12.6
252214,Chinese Medicine Practitioners,35_44,21.2
252214,Chinese Medicine Practitioners,45_54,25
252214,Chinese Medicine Practitioners,55_59,13.5
252214,Chinese Medicine Practitioners,60_64,12.9
252214,Chinese Medicine Practitioners,65,13.9
252299,"Music, Dance, Drama, Play, Hypnotic, and Related Therapists",15_19,0
252299,"Music, Dance, Drama, Play, Hypnotic, and Related Therapists",20_24,2.6
252299,"Music, Dance, Drama, Play, Hypnotic, and Related Therapists",25_34,22.1
252299,"Music, Dance, Drama, Play, Hypnotic, and Related Therapists",35_44,24.3
252299,"Music, Dance, Drama, Play, Hypnotic, and Related Therapists",45_54,23.4
252299,"Music, Dance, Drama, Play, Hypnotic, and Related Therapists",55_59,10.5
252299,"Music, Dance, Drama, Play, Hypnotic, and Related Therapists",60_64,9.6
252299,"Music, Dance, Drama, Play, Hypnotic, and Related Therapists",65,8.3
252311,Dental Specialists (including Orthodontists),15_19,0.2
252311,Dental Specialists (including Orthodontists),20_24,1.3
252311,Dental Specialists (including Orthodontists),25_34,10.5
252311,Dental Specialists (including Orthodontists),35_44,31.7
252311,Dental Specialists (including Orthodontists),45_54,23.6
252311,Dental Specialists (including Orthodontists),55_59,11
252311,Dental Specialists (including Orthodontists),60_64,11
252311,Dental Specialists (including Orthodontists),65,11.3
252312,Dentists,15_19,0.3
252312,Dentists,20_24,2.9
252312,Dentists,25_34,31.5
252312,Dentists,35_44,28.5
252312,Dentists,45_54,17.6
252312,Dentists,55_59,7.1
252312,Dentists,60_64,6.1
252312,Dentists,65,6.1
252711,Audiologists,15_19,0.1
252711,Audiologists,20_24,3.8
252711,Audiologists,25_34,38.3
252711,Audiologists,35_44,27.7
252711,Audiologists,45_54,18.8
252711,Audiologists,55_59,4.7
252711,Audiologists,60_64,3.6
252711,Audiologists,65,2.8
252712,Speech Pathologists,15_19,0.1
252712,Speech Pathologists,20_24,10.3
252712,Speech Pathologists,25_34,45
252712,Speech Pathologists,35_44,23.4
252712,Speech Pathologists,45_54,13.5
252712,Speech Pathologists,55_59,3.7
252712,Speech Pathologists,60_64,2.5
252712,Speech Pathologists,65,1.4
253111,General Practitioners,15_19,0
253111,General Practitioners,20_24,0.9
253111,General Practitioners,25_34,21.7
253111,General Practitioners,35_44,26.1
253111,General Practitioners,45_54,21.3
253111,General Practitioners,55_59,9.8
253111,General Practitioners,60_64,8.4
253111,General Practitioners,65,11.8
253112,Resident Medical Officers,15_19,0
253112,Resident Medical Officers,20_24,5.3
253112,Resident Medical Officers,25_34,59.4
253112,Resident Medical Officers,35_44,20.2
253112,Resident Medical Officers,45_54,8.6
253112,Resident Medical Officers,55_59,2.7
253112,Resident Medical Officers,60_64,2.1
253112,Resident Medical Officers,65,1.7
253311,Specialist Physicians (General Medicine),15_19,0
253311,Specialist Physicians (General Medicine),20_24,0
253311,Specialist Physicians (General Medicine),25_34,5.8
253311,Specialist Physicians (General Medicine),35_44,27.2
253311,Specialist Physicians (General Medicine),45_54,26.9
253311,Specialist Physicians (General Medicine),55_59,9.9
253311,Specialist Physicians (General Medicine),60_64,11.8
253311,Specialist Physicians (General Medicine),65,17.2
253312,Cardiologists,15_19,0
253312,Cardiologists,20_24,0.8
253312,Cardiologists,25_34,12.8
253312,Cardiologists,35_44,27.4
253312,Cardiologists,45_54,30.2
253312,Cardiologists,55_59,10.6
253312,Cardiologists,60_64,7.4
253312,Cardiologists,65,10.8
253313,Clinical Haematologists,15_19,0
253313,Clinical Haematologists,20_24,0
253313,Clinical Haematologists,25_34,16.3
253313,Clinical Haematologists,35_44,42.9
253313,Clinical Haematologists,45_54,20.7
253313,Clinical Haematologists,55_59,4.3
253313,Clinical Haematologists,60_64,7.1
253313,Clinical Haematologists,65,7.1
253314,Medical Oncologists,15_19,0
253314,Medical Oncologists,20_24,0
253314,Medical Oncologists,25_34,20.2
253314,Medical Oncologists,35_44,33
253314,Medical Oncologists,45_54,25.4
253314,Medical Oncologists,55_59,9.1
253314,Medical Oncologists,60_64,7.2
253314,Medical Oncologists,65,5.7
253315,Endocrinologists,15_19,0
253315,Endocrinologists,20_24,0
253315,Endocrinologists,25_34,20.6
253315,Endocrinologists,35_44,38.2
253315,Endocrinologists,45_54,25.2
253315,Endocrinologists,55_59,5.9
253315,Endocrinologists,60_64,4.9
253315,Endocrinologists,65,6.9
253316,Gastroenterologists,15_19,0
253316,Gastroenterologists,20_24,0
253316,Gastroenterologists,25_34,14.6
253316,Gastroenterologists,35_44,36.4
253316,Gastroenterologists,45_54,26.5
253316,Gastroenterologists,55_59,7.9
253316,Gastroenterologists,60_64,8.1
253316,Gastroenterologists,65,6.7
253317,Intensive Care Specialists,15_19,0
253317,Intensive Care Specialists,20_24,0
253317,Intensive Care Specialists,25_34,33.4
253317,Intensive Care Specialists,35_44,34.9
253317,Intensive Care Specialists,45_54,19.1
253317,Intensive Care Specialists,55_59,4.9
253317,Intensive Care Specialists,60_64,5.3
253317,Intensive Care Specialists,65,2
253318,Neurologists,15_19,0
253318,Neurologists,20_24,1
253318,Neurologists,25_34,16.4
253318,Neurologists,35_44,31.5
253318,Neurologists,45_54,24.4
253318,Neurologists,55_59,6.6
253318,Neurologists,60_64,7.5
253318,Neurologists,65,12.4
253321,Paediatricians,15_19,0
253321,Paediatricians,20_24,0
253321,Paediatricians,25_34,28
253321,Paediatricians,35_44,33.7
253321,Paediatricians,45_54,21.3
253321,Paediatricians,55_59,6.9
253321,Paediatricians,60_64,4.8
253321,Paediatricians,65,5.3
253322,Renal Medicine Specialists,15_19,0
253322,Renal Medicine Specialists,20_24,0
253322,Renal Medicine Specialists,25_34,17.6
253322,Renal Medicine Specialists,35_44,37.7
253322,Renal Medicine Specialists,45_54,19.7
253322,Renal Medicine Specialists,55_59,8.6
253322,Renal Medicine Specialists,60_64,5.7
253322,Renal Medicine Specialists,65,10.2
253323,Rheumatologists,15_19,0
253323,Rheumatologists,20_24,0
253323,Rheumatologists,25_34,11.6
253323,Rheumatologists,35_44,30.5
253323,Rheumatologists,45_54,20.5
253323,Rheumatologists,55_59,9.6
253323,Rheumatologists,60_64,10.8
253323,Rheumatologists,65,16.1
253324,Thoracic Medicine Specialists,15_19,0
253324,Thoracic Medicine Specialists,20_24,1.1
253324,Thoracic Medicine Specialists,25_34,18.6
253324,Thoracic Medicine Specialists,35_44,36
253324,Thoracic Medicine Specialists,45_54,23.1
253324,Thoracic Medicine Specialists,55_59,8.3
253324,Thoracic Medicine Specialists,60_64,4.3
253324,Thoracic Medicine Specialists,65,6
253399,Other Specialist Physicians,15_19,0
253399,Other Specialist Physicians,20_24,0.7
253399,Other Specialist Physicians,25_34,18.5
253399,Other Specialist Physicians,35_44,35.8
253399,Other Specialist Physicians,45_54,23.1
253399,Other Specialist Physicians,55_59,7.7
253399,Other Specialist Physicians,60_64,5.6
253399,Other Specialist Physicians,65,8.1
253511,Surgeons (General),15_19,0
253511,Surgeons (General),20_24,0
253511,Surgeons (General),25_34,14.3
253511,Surgeons (General),35_44,32.8
253511,Surgeons (General),45_54,26.7
253511,Surgeons (General),55_59,9.7
253511,Surgeons (General),60_64,7
253511,Surgeons (General),65,9.5
253512,Cardiothoracic Surgeons,15_19,0
253512,Cardiothoracic Surgeons,20_24,0
253512,Cardiothoracic Surgeons,25_34,15.8
253512,Cardiothoracic Surgeons,35_44,24
253512,Cardiothoracic Surgeons,45_54,26.3
253512,Cardiothoracic Surgeons,55_59,15.8
253512,Cardiothoracic Surgeons,60_64,11.7
253512,Cardiothoracic Surgeons,65,7
253513,Neurosurgeons,15_19,0
253513,Neurosurgeons,20_24,1.1
253513,Neurosurgeons,25_34,19.4
253513,Neurosurgeons,35_44,23.6
253513,Neurosurgeons,45_54,28.5
253513,Neurosurgeons,55_59,9.5
253513,Neurosurgeons,60_64,4.9
253513,Neurosurgeons,65,11.6
253514,Orthopaedic Surgeons,15_19,0
253514,Orthopaedic Surgeons,20_24,0
253514,Orthopaedic Surgeons,25_34,18.4
253514,Orthopaedic Surgeons,35_44,27.9
253514,Orthopaedic Surgeons,45_54,25.8
253514,Orthopaedic Surgeons,55_59,9.6
253514,Orthopaedic Surgeons,60_64,8
253514,Orthopaedic Surgeons,65,10.2
253515,"Ear, Nose and Throat Specialists",15_19,0
253515,"Ear, Nose and Throat Specialists",20_24,1.4
253515,"Ear, Nose and Throat Specialists",25_34,10.1
253515,"Ear, Nose and Throat Specialists",35_44,31.7
253515,"Ear, Nose and Throat Specialists",45_54,31.7
253515,"Ear, Nose and Throat Specialists",55_59,7.3
253515,"Ear, Nose and Throat Specialists",60_64,7.8
253515,"Ear, Nose and Throat Specialists",65,12
253516,Paediatric Surgeons,15_19,0
253516,Paediatric Surgeons,20_24,0
253516,Paediatric Surgeons,25_34,20
253516,Paediatric Surgeons,35_44,32
253516,Paediatric Surgeons,45_54,22.4
253516,Paediatric Surgeons,55_59,12
253516,Paediatric Surgeons,60_64,6.4
253516,Paediatric Surgeons,65,10.4
253517,Plastic and Reconstructive Surgeons,15_19,0
253517,Plastic and Reconstructive Surgeons,20_24,1.1
253517,Plastic and Reconstructive Surgeons,25_34,14.6
253517,Plastic and Reconstructive Surgeons,35_44,28.5
253517,Plastic and Reconstructive Surgeons,45_54,30.6
253517,Plastic and Reconstructive Surgeons,55_59,7.8
253517,Plastic and Reconstructive Surgeons,60_64,10.5
253517,Plastic and Reconstructive Surgeons,65,8.9
253518,Urologists,15_19,0
253518,Urologists,20_24,0
253518,Urologists,25_34,13.3
253518,Urologists,35_44,30.3
253518,Urologists,45_54,33.2
253518,Urologists,55_59,9.2
253518,Urologists,60_64,6.8
253518,Urologists,65,7.3
253521,Vascular Surgeons,15_19,0
253521,Vascular Surgeons,20_24,0
253521,Vascular Surgeons,25_34,14.8
253521,Vascular Surgeons,35_44,31.7
253521,Vascular Surgeons,45_54,29
253521,Vascular Surgeons,55_59,12
253521,Vascular Surgeons,60_64,9.3
253521,Vascular Surgeons,65,3.8
253911,Dermatologists,15_19,0
253911,Dermatologists,20_24,2.1
253911,Dermatologists,25_34,14.3
253911,Dermatologists,35_44,30.2
253911,Dermatologists,45_54,24.6
253911,Dermatologists,55_59,9.5
253911,Dermatologists,60_64,8.9
253911,Dermatologists,65,10.9
253912,Emergency Medicine Specialists,15_19,0
253912,Emergency Medicine Specialists,20_24,0.2
253912,Emergency Medicine Specialists,25_34,36.9
253912,Emergency Medicine Specialists,35_44,35.2
253912,Emergency Medicine Specialists,45_54,18.8
253912,Emergency Medicine Specialists,55_59,4.6
253912,Emergency Medicine Specialists,60_64,3
253912,Emergency Medicine Specialists,65,1.3
253913,Obstetricians and Gynaecologists,15_19,0
253913,Obstetricians and Gynaecologists,20_24,0.3
253913,Obstetricians and Gynaecologists,25_34,23.3
253913,Obstetricians and Gynaecologists,35_44,29.6
253913,Obstetricians and Gynaecologists,45_54,22.7
253913,Obstetricians and Gynaecologists,55_59,9.4
253913,Obstetricians and Gynaecologists,60_64,6.7
253913,Obstetricians and Gynaecologists,65,8.3
253914,Eye Specialists,15_19,0
253914,Eye Specialists,20_24,1.3
253914,Eye Specialists,25_34,13.1
253914,Eye Specialists,35_44,23.4
253914,Eye Specialists,45_54,25.5
253914,Eye Specialists,55_59,10.1
253914,Eye Specialists,60_64,11.9
253914,Eye Specialists,65,15.4
253915,Pathologists,15_19,0.8
253915,Pathologists,20_24,5.8
253915,Pathologists,25_34,19.2
253915,Pathologists,35_44,27.2
253915,Pathologists,45_54,22.9
253915,Pathologists,55_59,9.5
253915,Pathologists,60_64,7.6
253915,Pathologists,65,7.1
253917,Diagnostic and Interventional Radiologists,15_19,0
253917,Diagnostic and Interventional Radiologists,20_24,1.2
253917,Diagnostic and Interventional Radiologists,25_34,16.3
253917,Diagnostic and Interventional Radiologists,35_44,31
253917,Diagnostic and Interventional Radiologists,45_54,24
253917,Diagnostic and Interventional Radiologists,55_59,9.3
253917,Diagnostic and Interventional Radiologists,60_64,8.4
253917,Diagnostic and Interventional Radiologists,65,9.7
253918,Radiation Oncologists,15_19,0
253918,Radiation Oncologists,20_24,0
253918,Radiation Oncologists,25_34,22.8
253918,Radiation Oncologists,35_44,35.1
253918,Radiation Oncologists,45_54,25.8
253918,Radiation Oncologists,55_59,7.1
253918,Radiation Oncologists,60_64,6.8
253918,Radiation Oncologists,65,4.6
253999,Medical Practitioners (not covered elsewhere),15_19,0
253999,Medical Practitioners (not covered elsewhere),20_24,1
253999,Medical Practitioners (not covered elsewhere),25_34,24.7
253999,Medical Practitioners (not covered elsewhere),35_44,26.4
253999,Medical Practitioners (not covered elsewhere),45_54,20.9
253999,Medical Practitioners (not covered elsewhere),55_59,10.9
253999,Medical Practitioners (not covered elsewhere),60_64,6.9
253999,Medical Practitioners (not covered elsewhere),65,9.9
254211,Nurse Educators,15_19,0.1
254211,Nurse Educators,20_24,0.5
254211,Nurse Educators,25_34,18.9
254211,Nurse Educators,35_44,27.1
254211,Nurse Educators,45_54,27.7
254211,Nurse Educators,55_59,13.1
254211,Nurse Educators,60_64,8.7
254211,Nurse Educators,65,3.9
254212,Nurse Researchers,15_19,0
254212,Nurse Researchers,20_24,1
254212,Nurse Researchers,25_34,20
254212,Nurse Researchers,35_44,23.8
254212,Nurse Researchers,45_54,26.8
254212,Nurse Researchers,55_59,14.8
254212,Nurse Researchers,60_64,10.1
254212,Nurse Researchers,65,3.7
254411,Nurse Practitioners,15_19,0.2
254411,Nurse Practitioners,20_24,4.2
254411,Nurse Practitioners,25_34,11.3
254411,Nurse Practitioners,35_44,22.9
254411,Nurse Practitioners,45_54,31.3
254411,Nurse Practitioners,55_59,15.3
254411,Nurse Practitioners,60_64,9.8
254411,Nurse Practitioners,65,4.9
254412,Registered Nurses (Aged Care),15_19,0.6
254412,Registered Nurses (Aged Care),20_24,5.7
254412,Registered Nurses (Aged Care),25_34,30.2
254412,Registered Nurses (Aged Care),35_44,21.3
254412,Registered Nurses (Aged Care),45_54,17.2
254412,Registered Nurses (Aged Care),55_59,9.1
254412,Registered Nurses (Aged Care),60_64,9.4
254412,Registered Nurses (Aged Care),65,6.5
254413,Registered Nurses (Child and Family Health),15_19,0.1
254413,Registered Nurses (Child and Family Health),20_24,3.9
254413,Registered Nurses (Child and Family Health),25_34,18
254413,Registered Nurses (Child and Family Health),35_44,22.2
254413,Registered Nurses (Child and Family Health),45_54,22
254413,Registered Nurses (Child and Family Health),55_59,14.3
254413,Registered Nurses (Child and Family Health),60_64,12.7
254413,Registered Nurses (Child and Family Health),65,6.8
254414,Registered Nurses (Community Health),15_19,0.1
254414,Registered Nurses (Community Health),20_24,3.3
254414,Registered Nurses (Community Health),25_34,18.6
254414,Registered Nurses (Community Health),35_44,22.6
254414,Registered Nurses (Community Health),45_54,26.3
254414,Registered Nurses (Community Health),55_59,13.1
254414,Registered Nurses (Community Health),60_64,11
254414,Registered Nurses (Community Health),65,4.9
254415,Registered Nurses (Critical Care and Emergency),15_19,0
254415,Registered Nurses (Critical Care and Emergency),20_24,7.1
254415,Registered Nurses (Critical Care and Emergency),25_34,37
254415,Registered Nurses (Critical Care and Emergency),35_44,24.9
254415,Registered Nurses (Critical Care and Emergency),45_54,18.1
254415,Registered Nurses (Critical Care and Emergency),55_59,6.1
254415,Registered Nurses (Critical Care and Emergency),60_64,4.7
254415,Registered Nurses (Critical Care and Emergency),65,2.1
254417,Registered Nurses (Disability and Rehabilitation),15_19,0.1
254417,Registered Nurses (Disability and Rehabilitation),20_24,6.1
254417,Registered Nurses (Disability and Rehabilitation),25_34,24.8
254417,Registered Nurses (Disability and Rehabilitation),35_44,24.1
254417,Registered Nurses (Disability and Rehabilitation),45_54,20.7
254417,Registered Nurses (Disability and Rehabilitation),55_59,10.1
254417,Registered Nurses (Disability and Rehabilitation),60_64,9.6
254417,Registered Nurses (Disability and Rehabilitation),65,4.6
254418,Registered Nurses (Medical),15_19,0
254418,Registered Nurses (Medical),20_24,7.8
254418,Registered Nurses (Medical),25_34,30.1
254418,Registered Nurses (Medical),35_44,25.6
254418,Registered Nurses (Medical),45_54,20.5
254418,Registered Nurses (Medical),55_59,7.5
254418,Registered Nurses (Medical),60_64,6
254418,Registered Nurses (Medical),65,2.6
254421,Registered Nurses (Medical Practice),15_19,0.1
254421,Registered Nurses (Medical Practice),20_24,6.4
254421,Registered Nurses (Medical Practice),25_34,23.6
254421,Registered Nurses (Medical Practice),35_44,19
254421,Registered Nurses (Medical Practice),45_54,21.4
254421,Registered Nurses (Medical Practice),55_59,12.1
254421,Registered Nurses (Medical Practice),60_64,11.3
254421,Registered Nurses (Medical Practice),65,6.3
254422,Registered Nurses (Mental Health),15_19,0
254422,Registered Nurses (Mental Health),20_24,4.2
254422,Registered Nurses (Mental Health),25_34,23
254422,Registered Nurses (Mental Health),35_44,23.7
254422,Registered Nurses (Mental Health),45_54,21.5
254422,Registered Nurses (Mental Health),55_59,10.7
254422,Registered Nurses (Mental Health),60_64,9.9
254422,Registered Nurses (Mental Health),65,6.9
254423,Registered Nurses (Perioperative),15_19,0
254423,Registered Nurses (Perioperative),20_24,5.2
254423,Registered Nurses (Perioperative),25_34,28.6
254423,Registered Nurses (Perioperative),35_44,24.2
254423,Registered Nurses (Perioperative),45_54,21.8
254423,Registered Nurses (Perioperative),55_59,8.8
254423,Registered Nurses (Perioperative),60_64,7.6
254423,Registered Nurses (Perioperative),65,3.7
254424,Registered Nurses (Surgical),15_19,0
254424,Registered Nurses (Surgical),20_24,9.6
254424,Registered Nurses (Surgical),25_34,34.5
254424,Registered Nurses (Surgical),35_44,25.6
254424,Registered Nurses (Surgical),45_54,17.9
254424,Registered Nurses (Surgical),55_59,5.8
254424,Registered Nurses (Surgical),60_64,4.5
254424,Registered Nurses (Surgical),65,2.1
254425,Registered Nurses (Paediatrics),15_19,0
254425,Registered Nurses (Paediatrics),20_24,11.4
254425,Registered Nurses (Paediatrics),25_34,36.4
254425,Registered Nurses (Paediatrics),35_44,23.7
254425,Registered Nurses (Paediatrics),45_54,17.1
254425,Registered Nurses (Paediatrics),55_59,5.8
254425,Registered Nurses (Paediatrics),60_64,3.7
254425,Registered Nurses (Paediatrics),65,1.6
254499,Registered Nurses (not covered elsewhere),15_19,0
254499,Registered Nurses (not covered elsewhere),20_24,8.9
254499,Registered Nurses (not covered elsewhere),25_34,27.2
254499,Registered Nurses (not covered elsewhere),35_44,22.2
254499,Registered Nurses (not covered elsewhere),45_54,20.3
254499,Registered Nurses (not covered elsewhere),55_59,9.2
254499,Registered Nurses (not covered elsewhere),60_64,7.8
254499,Registered Nurses (not covered elsewhere),65,4.4
261111,ICT Business Analysts,15_19,0
261111,ICT Business Analysts,20_24,2.9
261111,ICT Business Analysts,25_34,21.6
261111,ICT Business Analysts,35_44,38
261111,ICT Business Analysts,45_54,23.8
261111,ICT Business Analysts,55_59,7.6
261111,ICT Business Analysts,60_64,4.1
261111,ICT Business Analysts,65,1.9
261112,Systems Analysts,15_19,0
261112,Systems Analysts,20_24,1.7
261112,Systems Analysts,25_34,16
261112,Systems Analysts,35_44,37.7
261112,Systems Analysts,45_54,28.3
261112,Systems Analysts,55_59,8.8
261112,Systems Analysts,60_64,5.2
261112,Systems Analysts,65,2.2
261211,Game and Multimedia Developers,15_19,0.5
261211,Game and Multimedia Developers,20_24,11.2
261211,Game and Multimedia Developers,25_34,49.3
261211,Game and Multimedia Developers,35_44,26.3
261211,Game and Multimedia Developers,45_54,9.7
261211,Game and Multimedia Developers,55_59,1.7
261211,Game and Multimedia Developers,60_64,0.8
261211,Game and Multimedia Developers,65,0.6
261212,Web Developers,15_19,0.7
261212,Web Developers,20_24,6.9
261212,Web Developers,25_34,39.5
261212,Web Developers,35_44,34.1
261212,Web Developers,45_54,13.1
261212,Web Developers,55_59,2.9
261212,Web Developers,60_64,1.8
261212,Web Developers,65,0.9
261311,Analyst Programmers,15_19,0.1
261311,Analyst Programmers,20_24,4.1
261311,Analyst Programmers,25_34,20.1
261311,Analyst Programmers,35_44,31.8
261311,Analyst Programmers,45_54,22.5
261311,Analyst Programmers,55_59,10.1
261311,Analyst Programmers,60_64,7
261311,Analyst Programmers,65,4.4
261312,Developer Programmers,15_19,0.4
261312,Developer Programmers,20_24,6.4
261312,Developer Programmers,25_34,28.7
261312,Developer Programmers,35_44,35
261312,Developer Programmers,45_54,18.7
261312,Developer Programmers,55_59,5.4
261312,Developer Programmers,60_64,3.3
261312,Developer Programmers,65,2.2
261313,Software Engineers,15_19,0.1
261313,Software Engineers,20_24,5.8
261313,Software Engineers,25_34,32.7
261313,Software Engineers,35_44,39.5
261313,Software Engineers,45_54,15
261313,Software Engineers,55_59,3.7
261313,Software Engineers,60_64,2.1
261313,Software Engineers,65,0.9
261314,Software Testers,15_19,0.3
261314,Software Testers,20_24,2.9
261314,Software Testers,25_34,29.2
261314,Software Testers,35_44,45.9
261314,Software Testers,45_54,14.5
261314,Software Testers,55_59,3.6
261314,Software Testers,60_64,2.4
261314,Software Testers,65,1.1
261399,Other Software and Applications Programmers,15_19,0.3
261399,Other Software and Applications Programmers,20_24,4.9
261399,Other Software and Applications Programmers,25_34,35.9
261399,Other Software and Applications Programmers,35_44,42.5
261399,Other Software and Applications Programmers,45_54,13.4
261399,Other Software and Applications Programmers,55_59,1.9
261399,Other Software and Applications Programmers,60_64,1.4
261399,Other Software and Applications Programmers,65,0.3
262111,Database Administrators,15_19,0.4
262111,Database Administrators,20_24,3.6
262111,Database Administrators,25_34,17.8
262111,Database Administrators,35_44,28.9
262111,Database Administrators,45_54,27.1
262111,Database Administrators,55_59,11.6
262111,Database Administrators,60_64,7.2
262111,Database Administrators,65,3.4
262112,ICT Security Specialists,15_19,0.5
262112,ICT Security Specialists,20_24,6.5
262112,ICT Security Specialists,25_34,27.9
262112,ICT Security Specialists,35_44,35.6
262112,ICT Security Specialists,45_54,20.8
262112,ICT Security Specialists,55_59,5
262112,ICT Security Specialists,60_64,2.6
262112,ICT Security Specialists,65,1.2
262113,Systems Administrators,15_19,0.2
262113,Systems Administrators,20_24,2.8
262113,Systems Administrators,25_34,21.9
262113,Systems Administrators,35_44,35.9
262113,Systems Administrators,45_54,25.2
262113,Systems Administrators,55_59,8
262113,Systems Administrators,60_64,4.3
262113,Systems Administrators,65,1.7
263111,Computer Network and Systems Engineers,15_19,0.1
263111,Computer Network and Systems Engineers,20_24,2.5
263111,Computer Network and Systems Engineers,25_34,24.1
263111,Computer Network and Systems Engineers,35_44,40.3
263111,Computer Network and Systems Engineers,45_54,22.5
263111,Computer Network and Systems Engineers,55_59,6
263111,Computer Network and Systems Engineers,60_64,3.1
263111,Computer Network and Systems Engineers,65,1.4
263112,Network Administrators,15_19,0.4
263112,Network Administrators,20_24,3.3
263112,Network Administrators,25_34,20.3
263112,Network Administrators,35_44,34.3
263112,Network Administrators,45_54,26.1
263112,Network Administrators,55_59,8.1
263112,Network Administrators,60_64,4.8
263112,Network Administrators,65,2.5
263113,Network Analysts,15_19,0
263113,Network Analysts,20_24,2.6
263113,Network Analysts,25_34,14.7
263113,Network Analysts,35_44,41.2
263113,Network Analysts,45_54,27.3
263113,Network Analysts,55_59,8.8
263113,Network Analysts,60_64,4
263113,Network Analysts,65,1.4
263211,ICT Quality Assurance Engineers,15_19,0
263211,ICT Quality Assurance Engineers,20_24,3.9
263211,ICT Quality Assurance Engineers,25_34,26.2
263211,ICT Quality Assurance Engineers,35_44,37.3
263211,ICT Quality Assurance Engineers,45_54,19.2
263211,ICT Quality Assurance Engineers,55_59,7.1
263211,ICT Quality Assurance Engineers,60_64,3.8
263211,ICT Quality Assurance Engineers,65,2
263212,ICT Support Engineers,15_19,0.2
263212,ICT Support Engineers,20_24,5.1
263212,ICT Support Engineers,25_34,31.5
263212,ICT Support Engineers,35_44,35.2
263212,ICT Support Engineers,45_54,18
263212,ICT Support Engineers,55_59,5.6
263212,ICT Support Engineers,60_64,2.9
263212,ICT Support Engineers,65,1.4
263213,ICT Systems Test Engineers,15_19,0.4
263213,ICT Systems Test Engineers,20_24,3.4
263213,ICT Systems Test Engineers,25_34,26.8
263213,ICT Systems Test Engineers,35_44,38.6
263213,ICT Systems Test Engineers,45_54,19.4
263213,ICT Systems Test Engineers,55_59,6.2
263213,ICT Systems Test Engineers,60_64,3.4
263213,ICT Systems Test Engineers,65,1.7
263299,Other ICT Support and Test Engineers,15_19,0
263299,Other ICT Support and Test Engineers,20_24,6
263299,Other ICT Support and Test Engineers,25_34,44.7
263299,Other ICT Support and Test Engineers,35_44,35.9
263299,Other ICT Support and Test Engineers,45_54,11.3
263299,Other ICT Support and Test Engineers,55_59,1.1
263299,Other ICT Support and Test Engineers,60_64,0.4
263299,Other ICT Support and Test Engineers,65,0.1
263311,Telecommunications Engineers,15_19,0.2
263311,Telecommunications Engineers,20_24,2.7
263311,Telecommunications Engineers,25_34,21.1
263311,Telecommunications Engineers,35_44,35.9
263311,Telecommunications Engineers,45_54,23.8
263311,Telecommunications Engineers,55_59,9.2
263311,Telecommunications Engineers,60_64,4
263311,Telecommunications Engineers,65,3.1
263312,Telecommunications Network Engineers,15_19,0.1
263312,Telecommunications Network Engineers,20_24,2.8
263312,Telecommunications Network Engineers,25_34,23
263312,Telecommunications Network Engineers,35_44,38.4
263312,Telecommunications Network Engineers,45_54,22.4
263312,Telecommunications Network Engineers,55_59,7.3
263312,Telecommunications Network Engineers,60_64,3.7
263312,Telecommunications Network Engineers,65,2.3
271211,Judges,15_19,0
271211,Judges,20_24,0.5
271211,Judges,25_34,3.2
271211,Judges,35_44,3.5
271211,Judges,45_54,19.6
271211,Judges,55_59,19.6
271211,Judges,60_64,23.8
271211,Judges,65,30.6
271212,Magistrates,15_19,0
271212,Magistrates,20_24,0
271212,Magistrates,25_34,0.7
271212,Magistrates,35_44,4.8
271212,Magistrates,45_54,27.2
271212,Magistrates,55_59,20.2
271212,Magistrates,60_64,21.7
271212,Magistrates,65,23.9
271213,Tribunal Members,15_19,0
271213,Tribunal Members,20_24,0.3
271213,Tribunal Members,25_34,2.3
271213,Tribunal Members,35_44,7.5
271213,Tribunal Members,45_54,22.6
271213,Tribunal Members,55_59,16
271213,Tribunal Members,60_64,16.3
271213,Tribunal Members,65,33.6
271214,Intellectual Property Lawyers,15_19,0
271214,Intellectual Property Lawyers,20_24,0.4
271214,Intellectual Property Lawyers,25_34,19.1
271214,Intellectual Property Lawyers,35_44,28.4
271214,Intellectual Property Lawyers,45_54,28.5
271214,Intellectual Property Lawyers,55_59,12.5
271214,Intellectual Property Lawyers,60_64,5.6
271214,Intellectual Property Lawyers,65,5.4
271299,Judicial and Other Legal Professionals (not covered elsewhere),15_19,0.2
271299,Judicial and Other Legal Professionals (not covered elsewhere),20_24,4.8
271299,Judicial and Other Legal Professionals (not covered elsewhere),25_34,27.9
271299,Judicial and Other Legal Professionals (not covered elsewhere),35_44,26.9
271299,Judicial and Other Legal Professionals (not covered elsewhere),45_54,20.5
271299,Judicial and Other Legal Professionals (not covered elsewhere),55_59,7.4
271299,Judicial and Other Legal Professionals (not covered elsewhere),60_64,5.9
271299,Judicial and Other Legal Professionals (not covered elsewhere),65,6.4
272111,Careers Counsellors,15_19,0.2
272111,Careers Counsellors,20_24,2.6
272111,Careers Counsellors,25_34,14.6
272111,Careers Counsellors,35_44,24.4
272111,Careers Counsellors,45_54,30.7
272111,Careers Counsellors,55_59,11.5
272111,Careers Counsellors,60_64,9.1
272111,Careers Counsellors,65,7.2
272112,Drug and Alcohol Counsellors,15_19,0.2
272112,Drug and Alcohol Counsellors,20_24,3
272112,Drug and Alcohol Counsellors,25_34,21.8
272112,Drug and Alcohol Counsellors,35_44,23.7
272112,Drug and Alcohol Counsellors,45_54,25.8
272112,Drug and Alcohol Counsellors,55_59,9.7
272112,Drug and Alcohol Counsellors,60_64,9
272112,Drug and Alcohol Counsellors,65,6.7
272113,Family and Marriage Counsellors,15_19,0
272113,Family and Marriage Counsellors,20_24,1.7
272113,Family and Marriage Counsellors,25_34,16.3
272113,Family and Marriage Counsellors,35_44,19.3
272113,Family and Marriage Counsellors,45_54,25
272113,Family and Marriage Counsellors,55_59,12.3
272113,Family and Marriage Counsellors,60_64,11.9
272113,Family and Marriage Counsellors,65,13.4
272114,Rehabilitation Counsellors,15_19,0
272114,Rehabilitation Counsellors,20_24,9.8
272114,Rehabilitation Counsellors,25_34,38.4
272114,Rehabilitation Counsellors,35_44,23.3
272114,Rehabilitation Counsellors,45_54,15.6
272114,Rehabilitation Counsellors,55_59,5.9
272114,Rehabilitation Counsellors,60_64,4.7
272114,Rehabilitation Counsellors,65,2.1
272115,Student Counsellors,15_19,1.5
272115,Student Counsellors,20_24,6.4
272115,Student Counsellors,25_34,24.3
272115,Student Counsellors,35_44,25.5
272115,Student Counsellors,45_54,23.2
272115,Student Counsellors,55_59,7.1
272115,Student Counsellors,60_64,6.1
272115,Student Counsellors,65,5.8
272199,Other Counsellors and Life Coaches,15_19,0.4
272199,Other Counsellors and Life Coaches,20_24,5.7
272199,Other Counsellors and Life Coaches,25_34,24.1
272199,Other Counsellors and Life Coaches,35_44,25.4
272199,Other Counsellors and Life Coaches,45_54,23.2
272199,Other Counsellors and Life Coaches,55_59,8.9
272199,Other Counsellors and Life Coaches,60_64,6.8
272199,Other Counsellors and Life Coaches,65,5.5
272311,Clinical Psychologists,15_19,0
272311,Clinical Psychologists,20_24,1.5
272311,Clinical Psychologists,25_34,24
272311,Clinical Psychologists,35_44,28.1
272311,Clinical Psychologists,45_54,22.9
272311,Clinical Psychologists,55_59,7.8
272311,Clinical Psychologists,60_64,6.7
272311,Clinical Psychologists,65,8.9
272312,Educational Psychologists,15_19,0
272312,Educational Psychologists,20_24,0.9
272312,Educational Psychologists,25_34,22
272312,Educational Psychologists,35_44,28.3
272312,Educational Psychologists,45_54,24.1
272312,Educational Psychologists,55_59,8.9
272312,Educational Psychologists,60_64,7.4
272312,Educational Psychologists,65,8.7
272313,Organisational Psychologists,15_19,0
272313,Organisational Psychologists,20_24,1.6
272313,Organisational Psychologists,25_34,26.5
272313,Organisational Psychologists,35_44,27.5
272313,Organisational Psychologists,45_54,22.9
272313,Organisational Psychologists,55_59,7.7
272313,Organisational Psychologists,60_64,6.4
272313,Organisational Psychologists,65,5.4
272314,Psychotherapists,15_19,0.4
272314,Psychotherapists,20_24,9.5
272314,Psychotherapists,25_34,19.9
272314,Psychotherapists,35_44,18.2
272314,Psychotherapists,45_54,19
272314,Psychotherapists,55_59,10
272314,Psychotherapists,60_64,9
272314,Psychotherapists,65,14.1
272399,Other Psychologists,15_19,0
272399,Other Psychologists,20_24,5.5
272399,Other Psychologists,25_34,29.2
272399,Other Psychologists,35_44,22.6
272399,Other Psychologists,45_54,18.4
272399,Other Psychologists,55_59,6.5
272399,Other Psychologists,60_64,7.7
272399,Other Psychologists,65,9.7
272411,Historians,15_19,0
272411,Historians,20_24,0.6
272411,Historians,25_34,12.1
272411,Historians,35_44,17.4
272411,Historians,45_54,21.7
272411,Historians,55_59,12.5
272411,Historians,60_64,13.5
272411,Historians,65,22.1
272412,Interpreters,15_19,0.3
272412,Interpreters,20_24,2.4
272412,Interpreters,25_34,11.7
272412,Interpreters,35_44,19.3
272412,Interpreters,45_54,21.5
272412,Interpreters,55_59,11.9
272412,Interpreters,60_64,12.7
272412,Interpreters,65,20.2
272413,Translators,15_19,0.4
272413,Translators,20_24,2.6
272413,Translators,25_34,13.5
272413,Translators,35_44,22.9
272413,Translators,45_54,21.9
272413,Translators,55_59,10.3
272413,Translators,60_64,9.1
272413,Translators,65,19.7
272414,Archaeologists,15_19,0.5
272414,Archaeologists,20_24,8.2
272414,Archaeologists,25_34,35.3
272414,Archaeologists,35_44,22.5
272414,Archaeologists,45_54,18.5
272414,Archaeologists,55_59,4.7
272414,Archaeologists,60_64,5.9
272414,Archaeologists,65,4.7
272499,Other Social Professionals,15_19,5.5
272499,Other Social Professionals,20_24,6.2
272499,Other Social Professionals,25_34,23.3
272499,Other Social Professionals,35_44,23
272499,Other Social Professionals,45_54,18.1
272499,Other Social Professionals,55_59,8.6
272499,Other Social Professionals,60_64,6.2
272499,Other Social Professionals,65,9
272611,Community Arts Workers,15_19,0.5
272611,Community Arts Workers,20_24,4.3
272611,Community Arts Workers,25_34,19.4
272611,Community Arts Workers,35_44,27.9
272611,Community Arts Workers,45_54,24.7
272611,Community Arts Workers,55_59,12.1
272611,Community Arts Workers,60_64,5.4
272611,Community Arts Workers,65,5
272612,Recreation Officers,15_19,6.7
272612,Recreation Officers,20_24,12.8
272612,Recreation Officers,25_34,22
272612,Recreation Officers,35_44,23.4
272612,Recreation Officers,45_54,19.2
272612,Recreation Officers,55_59,7.9
272612,Recreation Officers,60_64,5.8
272612,Recreation Officers,65,2.4
272613,Welfare Workers,15_19,0.2
272613,Welfare Workers,20_24,6.6
272613,Welfare Workers,25_34,28.3
272613,Welfare Workers,35_44,23.9
272613,Welfare Workers,45_54,21.8
272613,Welfare Workers,55_59,8.9
272613,Welfare Workers,60_64,6.7
272613,Welfare Workers,65,3.6
311211,Anaesthetic Technicians,15_19,0
311211,Anaesthetic Technicians,20_24,4.1
311211,Anaesthetic Technicians,25_34,18.6
311211,Anaesthetic Technicians,35_44,23.5
311211,Anaesthetic Technicians,45_54,27.2
311211,Anaesthetic Technicians,55_59,11.4
311211,Anaesthetic Technicians,60_64,10.7
311211,Anaesthetic Technicians,65,4.9
311212,Cardiac Technicians,15_19,0.3
311212,Cardiac Technicians,20_24,12.1
311212,Cardiac Technicians,25_34,33.1
311212,Cardiac Technicians,35_44,25.8
311212,Cardiac Technicians,45_54,15.4
311212,Cardiac Technicians,55_59,6.7
311212,Cardiac Technicians,60_64,4.1
311212,Cardiac Technicians,65,2.8
311213,Medical Laboratory Technicians,15_19,1.6
311213,Medical Laboratory Technicians,20_24,15.9
311213,Medical Laboratory Technicians,25_34,28.4
311213,Medical Laboratory Technicians,35_44,20.5
311213,Medical Laboratory Technicians,45_54,16.2
311213,Medical Laboratory Technicians,55_59,8
311213,Medical Laboratory Technicians,60_64,6.3
311213,Medical Laboratory Technicians,65,3.1
311214,Operating Theatre Technicians,15_19,0.4
311214,Operating Theatre Technicians,20_24,3.9
311214,Operating Theatre Technicians,25_34,16.5
311214,Operating Theatre Technicians,35_44,22.6
311214,Operating Theatre Technicians,45_54,29.1
311214,Operating Theatre Technicians,55_59,12.9
311214,Operating Theatre Technicians,60_64,10.3
311214,Operating Theatre Technicians,65,4.2
311215,Pharmacy Technicians,15_19,2.7
311215,Pharmacy Technicians,20_24,13.2
311215,Pharmacy Technicians,25_34,27
311215,Pharmacy Technicians,35_44,24.1
311215,Pharmacy Technicians,45_54,19.3
311215,Pharmacy Technicians,55_59,7.3
311215,Pharmacy Technicians,60_64,4.7
311215,Pharmacy Technicians,65,1.7
311216,Pathology Collectors,15_19,1.3
311216,Pathology Collectors,20_24,8.7
311216,Pathology Collectors,25_34,19.7
311216,Pathology Collectors,35_44,22.3
311216,Pathology Collectors,45_54,23.7
311216,Pathology Collectors,55_59,11
311216,Pathology Collectors,60_64,9
311216,Pathology Collectors,65,4.4
311299,Other Medical Technicians,15_19,1.2
311299,Other Medical Technicians,20_24,9.9
311299,Other Medical Technicians,25_34,22.5
311299,Other Medical Technicians,35_44,20.9
311299,Other Medical Technicians,45_54,23.3
311299,Other Medical Technicians,55_59,10.3
311299,Other Medical Technicians,60_64,7.5
311299,Other Medical Technicians,65,4.2
311311,Fisheries Officers,15_19,0
311311,Fisheries Officers,20_24,2.4
311311,Fisheries Officers,25_34,25.9
311311,Fisheries Officers,35_44,30.5
311311,Fisheries Officers,45_54,28.8
311311,Fisheries Officers,55_59,6.8
311311,Fisheries Officers,60_64,3.6
311311,Fisheries Officers,65,1.2
311312,Meat Inspectors,15_19,0
311312,Meat Inspectors,20_24,5.3
311312,Meat Inspectors,25_34,16
311312,Meat Inspectors,35_44,26.7
311312,Meat Inspectors,45_54,22.7
311312,Meat Inspectors,55_59,11.7
311312,Meat Inspectors,60_64,9.9
311312,Meat Inspectors,65,7.5
311313,Quarantine Officers,15_19,0.4
311313,Quarantine Officers,20_24,3.9
311313,Quarantine Officers,25_34,15.8
311313,Quarantine Officers,35_44,21.6
311313,Quarantine Officers,45_54,27.6
311313,Quarantine Officers,55_59,13.2
311313,Quarantine Officers,60_64,11.4
311313,Quarantine Officers,65,6
311399,Other Primary Products Inspectors,15_19,1.9
311399,Other Primary Products Inspectors,20_24,8.5
311399,Other Primary Products Inspectors,25_34,28.6
311399,Other Primary Products Inspectors,35_44,20.6
311399,Other Primary Products Inspectors,45_54,19.4
311399,Other Primary Products Inspectors,55_59,8.7
311399,Other Primary Products Inspectors,60_64,8
311399,Other Primary Products Inspectors,65,3.6
311411,Chemistry Technicians,15_19,1.9
311411,Chemistry Technicians,20_24,10.3
311411,Chemistry Technicians,25_34,27.5
311411,Chemistry Technicians,35_44,23.3
311411,Chemistry Technicians,45_54,19
311411,Chemistry Technicians,55_59,9.2
311411,Chemistry Technicians,60_64,5.5
311411,Chemistry Technicians,65,3.4
311412,Earth Science Technicians,15_19,2.8
311412,Earth Science Technicians,20_24,13.5
311412,Earth Science Technicians,25_34,33.5
311412,Earth Science Technicians,35_44,21.3
311412,Earth Science Technicians,45_54,15.7
311412,Earth Science Technicians,55_59,6.3
311412,Earth Science Technicians,60_64,4.6
311412,Earth Science Technicians,65,2.9
311413,Life Science Technicians,15_19,1.1
311413,Life Science Technicians,20_24,13
311413,Life Science Technicians,25_34,34.7
311413,Life Science Technicians,35_44,21.8
311413,Life Science Technicians,45_54,15.6
311413,Life Science Technicians,55_59,5.7
311413,Life Science Technicians,60_64,5.6
311413,Life Science Technicians,65,2.3
311414,School Laboratory Technicians,15_19,0.8
311414,School Laboratory Technicians,20_24,3.9
311414,School Laboratory Technicians,25_34,11.6
311414,School Laboratory Technicians,35_44,17.5
311414,School Laboratory Technicians,45_54,28.5
311414,School Laboratory Technicians,55_59,17.1
311414,School Laboratory Technicians,60_64,13
311414,School Laboratory Technicians,65,7.7
311415,Hydrographers,15_19,0.7
311415,Hydrographers,20_24,6.9
311415,Hydrographers,25_34,24
311415,Hydrographers,35_44,27.2
311415,Hydrographers,45_54,19.1
311415,Hydrographers,55_59,9.6
311415,Hydrographers,60_64,6
311415,Hydrographers,65,6
311499,Other Science Technicians,15_19,1
311499,Other Science Technicians,20_24,8.7
311499,Other Science Technicians,25_34,22.8
311499,Other Science Technicians,35_44,20
311499,Other Science Technicians,45_54,21.3
311499,Other Science Technicians,55_59,9.8
311499,Other Science Technicians,60_64,8.9
311499,Other Science Technicians,65,7.4
312111,Architectural Draftspersons,15_19,0.5
312111,Architectural Draftspersons,20_24,6.9
312111,Architectural Draftspersons,25_34,27.1
312111,Architectural Draftspersons,35_44,27.6
312111,Architectural Draftspersons,45_54,20.4
312111,Architectural Draftspersons,55_59,6.7
312111,Architectural Draftspersons,60_64,5
312111,Architectural Draftspersons,65,5.7
312112,Building Associates,15_19,0.2
312112,Building Associates,20_24,2.9
312112,Building Associates,25_34,24.7
312112,Building Associates,35_44,28.9
312112,Building Associates,45_54,24.1
312112,Building Associates,55_59,9.5
312112,Building Associates,60_64,6.2
312112,Building Associates,65,3.5
312113,Building Inspectors,15_19,0.4
312113,Building Inspectors,20_24,3.5
312113,Building Inspectors,25_34,17.8
312113,Building Inspectors,35_44,21.9
312113,Building Inspectors,45_54,24.3
312113,Building Inspectors,55_59,13
312113,Building Inspectors,60_64,9.9
312113,Building Inspectors,65,9.2
312114,Construction Estimators,15_19,0.5
312114,Construction Estimators,20_24,6.1
312114,Construction Estimators,25_34,28.2
312114,Construction Estimators,35_44,26.6
312114,Construction Estimators,45_54,18.6
312114,Construction Estimators,55_59,8.4
312114,Construction Estimators,60_64,6.3
312114,Construction Estimators,65,5.5
312115,Plumbing Inspectors,15_19,0
312115,Plumbing Inspectors,20_24,2
312115,Plumbing Inspectors,25_34,10.9
312115,Plumbing Inspectors,35_44,13.7
312115,Plumbing Inspectors,45_54,34
312115,Plumbing Inspectors,55_59,17.1
312115,Plumbing Inspectors,60_64,14.6
312115,Plumbing Inspectors,65,4.9
312116,Surveying and Spatial Science Technicians,15_19,0.4
312116,Surveying and Spatial Science Technicians,20_24,8.4
312116,Surveying and Spatial Science Technicians,25_34,29
312116,Surveying and Spatial Science Technicians,35_44,22.8
312116,Surveying and Spatial Science Technicians,45_54,18.1
312116,Surveying and Spatial Science Technicians,55_59,9.6
312116,Surveying and Spatial Science Technicians,60_64,6.4
312116,Surveying and Spatial Science Technicians,65,5.7
312199,"Other Architectural, Building and Surveying Technicians",15_19,0.2
312199,"Other Architectural, Building and Surveying Technicians",20_24,6
312199,"Other Architectural, Building and Surveying Technicians",25_34,27
312199,"Other Architectural, Building and Surveying Technicians",35_44,25.9
312199,"Other Architectural, Building and Surveying Technicians",45_54,23.4
312199,"Other Architectural, Building and Surveying Technicians",55_59,8.1
312199,"Other Architectural, Building and Surveying Technicians",60_64,4.6
312199,"Other Architectural, Building and Surveying Technicians",65,4
312211,Civil Engineering Draftspersons,15_19,1.3
312211,Civil Engineering Draftspersons,20_24,6
312211,Civil Engineering Draftspersons,25_34,25.7
312211,Civil Engineering Draftspersons,35_44,28.8
312211,Civil Engineering Draftspersons,45_54,20.4
312211,Civil Engineering Draftspersons,55_59,8.2
312211,Civil Engineering Draftspersons,60_64,5.4
312211,Civil Engineering Draftspersons,65,4.2
312212,Civil Engineering Technicians,15_19,2.6
312212,Civil Engineering Technicians,20_24,10.7
312212,Civil Engineering Technicians,25_34,26.3
312212,Civil Engineering Technicians,35_44,21.8
312212,Civil Engineering Technicians,45_54,19
312212,Civil Engineering Technicians,55_59,8.4
312212,Civil Engineering Technicians,60_64,6.7
312212,Civil Engineering Technicians,65,4.2
312311,Electrical Engineering Draftspersons,15_19,0.6
312311,Electrical Engineering Draftspersons,20_24,3.5
312311,Electrical Engineering Draftspersons,25_34,20.1
312311,Electrical Engineering Draftspersons,35_44,26.3
312311,Electrical Engineering Draftspersons,45_54,21.8
312311,Electrical Engineering Draftspersons,55_59,12.2
312311,Electrical Engineering Draftspersons,60_64,9.7
312311,Electrical Engineering Draftspersons,65,5.9
312312,Electrical Engineering Technicians,15_19,1.4
312312,Electrical Engineering Technicians,20_24,4.8
312312,Electrical Engineering Technicians,25_34,23
312312,Electrical Engineering Technicians,35_44,24.2
312312,Electrical Engineering Technicians,45_54,22.2
312312,Electrical Engineering Technicians,55_59,11.7
312312,Electrical Engineering Technicians,60_64,8.3
312312,Electrical Engineering Technicians,65,4.6
312411,Electronic Engineering Draftspersons,15_19,0
312411,Electronic Engineering Draftspersons,20_24,10
312411,Electronic Engineering Draftspersons,25_34,16.4
312411,Electronic Engineering Draftspersons,35_44,17.9
312411,Electronic Engineering Draftspersons,45_54,20.7
312411,Electronic Engineering Draftspersons,55_59,6.4
312411,Electronic Engineering Draftspersons,60_64,11.4
312411,Electronic Engineering Draftspersons,65,15.7
312412,Electronic Engineering Technicians,15_19,1.1
312412,Electronic Engineering Technicians,20_24,7.3
312412,Electronic Engineering Technicians,25_34,23.5
312412,Electronic Engineering Technicians,35_44,20.6
312412,Electronic Engineering Technicians,45_54,21.9
312412,Electronic Engineering Technicians,55_59,11.5
312412,Electronic Engineering Technicians,60_64,8.1
312412,Electronic Engineering Technicians,65,6
312511,Mechanical Engineering Draftspersons,15_19,1.2
312511,Mechanical Engineering Draftspersons,20_24,4.4
312511,Mechanical Engineering Draftspersons,25_34,21.1
312511,Mechanical Engineering Draftspersons,35_44,26
312511,Mechanical Engineering Draftspersons,45_54,21.4
312511,Mechanical Engineering Draftspersons,55_59,11.1
312511,Mechanical Engineering Draftspersons,60_64,8.2
312511,Mechanical Engineering Draftspersons,65,6.8
312512,Mechanical Engineering Technicians,15_19,2
312512,Mechanical Engineering Technicians,20_24,5.8
312512,Mechanical Engineering Technicians,25_34,22.7
312512,Mechanical Engineering Technicians,35_44,22.5
312512,Mechanical Engineering Technicians,45_54,23.2
312512,Mechanical Engineering Technicians,55_59,9.9
312512,Mechanical Engineering Technicians,60_64,9.1
312512,Mechanical Engineering Technicians,65,4.4
312911,Maintenance Planners,15_19,0.1
312911,Maintenance Planners,20_24,1.3
312911,Maintenance Planners,25_34,17.8
312911,Maintenance Planners,35_44,30.4
312911,Maintenance Planners,45_54,28.3
312911,Maintenance Planners,55_59,11.9
312911,Maintenance Planners,60_64,7.8
312911,Maintenance Planners,65,2.4
312912,Metallurgical and Materials Technicians,15_19,2.6
312912,Metallurgical and Materials Technicians,20_24,9.5
312912,Metallurgical and Materials Technicians,25_34,27
312912,Metallurgical and Materials Technicians,35_44,25.6
312912,Metallurgical and Materials Technicians,45_54,20
312912,Metallurgical and Materials Technicians,55_59,7
312912,Metallurgical and Materials Technicians,60_64,5.6
312912,Metallurgical and Materials Technicians,65,2.5
312913,Mine Deputies,15_19,0.1
312913,Mine Deputies,20_24,0.6
312913,Mine Deputies,25_34,16.4
312913,Mine Deputies,35_44,32.3
312913,Mine Deputies,45_54,30.2
312913,Mine Deputies,55_59,11.7
312913,Mine Deputies,60_64,6.5
312913,Mine Deputies,65,2.4
312999,Building and Engineering Technicians (not covered elsewhere),15_19,0.6
312999,Building and Engineering Technicians (not covered elsewhere),20_24,2.5
312999,Building and Engineering Technicians (not covered elsewhere),25_34,17
312999,Building and Engineering Technicians (not covered elsewhere),35_44,26.1
312999,Building and Engineering Technicians (not covered elsewhere),45_54,28.1
312999,Building and Engineering Technicians (not covered elsewhere),55_59,13.1
312999,Building and Engineering Technicians (not covered elsewhere),60_64,8.2
312999,Building and Engineering Technicians (not covered elsewhere),65,4.4
313111,Hardware Technicians,15_19,2.2
313111,Hardware Technicians,20_24,9.9
313111,Hardware Technicians,25_34,26.7
313111,Hardware Technicians,35_44,27.1
313111,Hardware Technicians,45_54,17.3
313111,Hardware Technicians,55_59,7.6
313111,Hardware Technicians,60_64,5.3
313111,Hardware Technicians,65,3.8
313112,ICT Customer Support Officers,15_19,1.4
313112,ICT Customer Support Officers,20_24,9.5
313112,ICT Customer Support Officers,25_34,29.6
313112,ICT Customer Support Officers,35_44,28
313112,ICT Customer Support Officers,45_54,18.9
313112,ICT Customer Support Officers,55_59,6.4
313112,ICT Customer Support Officers,60_64,4
313112,ICT Customer Support Officers,65,2.2
313113,Web Administrators,15_19,1
313113,Web Administrators,20_24,6.7
313113,Web Administrators,25_34,31.6
313113,Web Administrators,35_44,31.4
313113,Web Administrators,45_54,17.3
313113,Web Administrators,55_59,5
313113,Web Administrators,60_64,3.7
313113,Web Administrators,65,3
313199,Other ICT Support Technicians,15_19,1.1
313199,Other ICT Support Technicians,20_24,11.2
313199,Other ICT Support Technicians,25_34,31.5
313199,Other ICT Support Technicians,35_44,21.7
313199,Other ICT Support Technicians,45_54,17.7
313199,Other ICT Support Technicians,55_59,7.7
313199,Other ICT Support Technicians,60_64,6
313199,Other ICT Support Technicians,65,1.9
313211,Radiocommunications Technicians,15_19,2.1
313211,Radiocommunications Technicians,20_24,5.6
313211,Radiocommunications Technicians,25_34,19.7
313211,Radiocommunications Technicians,35_44,21
313211,Radiocommunications Technicians,45_54,23.9
313211,Radiocommunications Technicians,55_59,11.5
313211,Radiocommunications Technicians,60_64,9.4
313211,Radiocommunications Technicians,65,7.4
313212,Telecommunications Field Engineers,15_19,0
313212,Telecommunications Field Engineers,20_24,3.4
313212,Telecommunications Field Engineers,25_34,24.5
313212,Telecommunications Field Engineers,35_44,24.8
313212,Telecommunications Field Engineers,45_54,26.8
313212,Telecommunications Field Engineers,55_59,11.2
313212,Telecommunications Field Engineers,60_64,5.6
313212,Telecommunications Field Engineers,65,3.6
313213,Telecommunications Network Planners,15_19,0
313213,Telecommunications Network Planners,20_24,1.3
313213,Telecommunications Network Planners,25_34,20.2
313213,Telecommunications Network Planners,35_44,38.4
313213,Telecommunications Network Planners,45_54,22.3
313213,Telecommunications Network Planners,55_59,9.4
313213,Telecommunications Network Planners,60_64,6.5
313213,Telecommunications Network Planners,65,1.3
313214,Telecommunications Technical Officers and Technologists,15_19,0
313214,Telecommunications Technical Officers and Technologists,20_24,3.3
313214,Telecommunications Technical Officers and Technologists,25_34,18.8
313214,Telecommunications Technical Officers and Technologists,35_44,21.7
313214,Telecommunications Technical Officers and Technologists,45_54,26.5
313214,Telecommunications Technical Officers and Technologists,55_59,16.8
313214,Telecommunications Technical Officers and Technologists,60_64,9.2
313214,Telecommunications Technical Officers and Technologists,65,4.4
321211,Motor Mechanics (General),15_19,7.2
321211,Motor Mechanics (General),20_24,14.2
321211,Motor Mechanics (General),25_34,24.6
321211,Motor Mechanics (General),35_44,18.9
321211,Motor Mechanics (General),45_54,17.2
321211,Motor Mechanics (General),55_59,7.7
321211,Motor Mechanics (General),60_64,6.2
321211,Motor Mechanics (General),65,4
321212,Diesel Motor Mechanics,15_19,11.3
321212,Diesel Motor Mechanics,20_24,16.2
321212,Diesel Motor Mechanics,25_34,27.8
321212,Diesel Motor Mechanics,35_44,18.9
321212,Diesel Motor Mechanics,45_54,12.4
321212,Diesel Motor Mechanics,55_59,5.9
321212,Diesel Motor Mechanics,60_64,4.5
321212,Diesel Motor Mechanics,65,2.8
321213,Motorcycle Mechanics,15_19,9.7
321213,Motorcycle Mechanics,20_24,13.9
321213,Motorcycle Mechanics,25_34,22.6
321213,Motorcycle Mechanics,35_44,16.3
321213,Motorcycle Mechanics,45_54,17.6
321213,Motorcycle Mechanics,55_59,7
321213,Motorcycle Mechanics,60_64,8.2
321213,Motorcycle Mechanics,65,4.4
321214,Small Engine Mechanics,15_19,8.7
321214,Small Engine Mechanics,20_24,11.7
321214,Small Engine Mechanics,25_34,17.4
321214,Small Engine Mechanics,35_44,14.3
321214,Small Engine Mechanics,45_54,19.1
321214,Small Engine Mechanics,55_59,11.7
321214,Small Engine Mechanics,60_64,8.8
321214,Small Engine Mechanics,65,7.7
322111,Blacksmiths,15_19,3.7
322111,Blacksmiths,20_24,4.5
322111,Blacksmiths,25_34,13.6
322111,Blacksmiths,35_44,14
322111,Blacksmiths,45_54,28
322111,Blacksmiths,55_59,12.3
322111,Blacksmiths,60_64,9.5
322111,Blacksmiths,65,11.5
322112,Electroplaters,15_19,1.3
322112,Electroplaters,20_24,10.7
322112,Electroplaters,25_34,17.1
322112,Electroplaters,35_44,19
322112,Electroplaters,45_54,25
322112,Electroplaters,55_59,12.6
322112,Electroplaters,60_64,6.4
322112,Electroplaters,65,6.2
322113,Farriers,15_19,4.2
322113,Farriers,20_24,8.5
322113,Farriers,25_34,21.5
322113,Farriers,35_44,21.8
322113,Farriers,45_54,21.6
322113,Farriers,55_59,8.6
322113,Farriers,60_64,6.1
322113,Farriers,65,7
322114,Metal Casting Trades Workers,15_19,3
322114,Metal Casting Trades Workers,20_24,6.5
322114,Metal Casting Trades Workers,25_34,13
322114,Metal Casting Trades Workers,35_44,14.2
322114,Metal Casting Trades Workers,45_54,30.8
322114,Metal Casting Trades Workers,55_59,14.8
322114,Metal Casting Trades Workers,60_64,14.8
322114,Metal Casting Trades Workers,65,6.5
322115,Metal Polishers,15_19,3.5
322115,Metal Polishers,20_24,4.9
322115,Metal Polishers,25_34,13.6
322115,Metal Polishers,35_44,21.2
322115,Metal Polishers,45_54,27.5
322115,Metal Polishers,55_59,12.5
322115,Metal Polishers,60_64,7.2
322115,Metal Polishers,65,7.8
322311,Metal Fabricators,15_19,6.4
322311,Metal Fabricators,20_24,11.5
322311,Metal Fabricators,25_34,25.3
322311,Metal Fabricators,35_44,21.3
322311,Metal Fabricators,45_54,18.5
322311,Metal Fabricators,55_59,8.6
322311,Metal Fabricators,60_64,5.6
322311,Metal Fabricators,65,2.8
322312,Pressure Welders,15_19,0
322312,Pressure Welders,20_24,2.5
322312,Pressure Welders,25_34,21.8
322312,Pressure Welders,35_44,21
322312,Pressure Welders,45_54,29.4
322312,Pressure Welders,55_59,5.9
322312,Pressure Welders,60_64,13.4
322312,Pressure Welders,65,0
322313,Welders (First Class),15_19,4.7
322313,Welders (First Class),20_24,8.1
322313,Welders (First Class),25_34,20.8
322313,Welders (First Class),35_44,22.7
322313,Welders (First Class),45_54,23.6
322313,Welders (First Class),55_59,9.8
322313,Welders (First Class),60_64,6.5
322313,Welders (First Class),65,3.8
323111,Aircraft Maintenance Engineers (Avionics),15_19,3
323111,Aircraft Maintenance Engineers (Avionics),20_24,12.3
323111,Aircraft Maintenance Engineers (Avionics),25_34,33.3
323111,Aircraft Maintenance Engineers (Avionics),35_44,23.6
323111,Aircraft Maintenance Engineers (Avionics),45_54,18.1
323111,Aircraft Maintenance Engineers (Avionics),55_59,5.6
323111,Aircraft Maintenance Engineers (Avionics),60_64,2.8
323111,Aircraft Maintenance Engineers (Avionics),65,1.3
323112,Aircraft Maintenance Engineers (Mechanical),15_19,5.3
323112,Aircraft Maintenance Engineers (Mechanical),20_24,16.6
323112,Aircraft Maintenance Engineers (Mechanical),25_34,30.4
323112,Aircraft Maintenance Engineers (Mechanical),35_44,20.9
323112,Aircraft Maintenance Engineers (Mechanical),45_54,16
323112,Aircraft Maintenance Engineers (Mechanical),55_59,5.7
323112,Aircraft Maintenance Engineers (Mechanical),60_64,3.2
323112,Aircraft Maintenance Engineers (Mechanical),65,1.6
323113,Aircraft Maintenance Engineers (Structures),15_19,1.2
323113,Aircraft Maintenance Engineers (Structures),20_24,5.9
323113,Aircraft Maintenance Engineers (Structures),25_34,20.1
323113,Aircraft Maintenance Engineers (Structures),35_44,25.2
323113,Aircraft Maintenance Engineers (Structures),45_54,26.8
323113,Aircraft Maintenance Engineers (Structures),55_59,11.4
323113,Aircraft Maintenance Engineers (Structures),60_64,7.9
323113,Aircraft Maintenance Engineers (Structures),65,2.8
323211,Fitters (General),15_19,4
323211,Fitters (General),20_24,9.2
323211,Fitters (General),25_34,26
323211,Fitters (General),35_44,22.7
323211,Fitters (General),45_54,19.7
323211,Fitters (General),55_59,9.4
323211,Fitters (General),60_64,6.2
323211,Fitters (General),65,2.9
323212,Fitter and Turners,15_19,6.4
323212,Fitter and Turners,20_24,13.2
323212,Fitter and Turners,25_34,22.2
323212,Fitter and Turners,35_44,15.4
323212,Fitter and Turners,45_54,19
323212,Fitter and Turners,55_59,11.1
323212,Fitter and Turners,60_64,8
323212,Fitter and Turners,65,4.8
323213,Fitter-Welders,15_19,2.7
323213,Fitter-Welders,20_24,6.1
323213,Fitter-Welders,25_34,19
323213,Fitter-Welders,35_44,18.2
323213,Fitter-Welders,45_54,21.6
323213,Fitter-Welders,55_59,13.1
323213,Fitter-Welders,60_64,11.9
323213,Fitter-Welders,65,7.4
323214,Metal Machinists (First Class),15_19,3
323214,Metal Machinists (First Class),20_24,7.8
323214,Metal Machinists (First Class),25_34,18.3
323214,Metal Machinists (First Class),35_44,19.3
323214,Metal Machinists (First Class),45_54,23.2
323214,Metal Machinists (First Class),55_59,11
323214,Metal Machinists (First Class),60_64,9.5
323214,Metal Machinists (First Class),65,7.7
323215,"Textile, Clothing and Footwear Mechanics",15_19,1.2
323215,"Textile, Clothing and Footwear Mechanics",20_24,2.8
323215,"Textile, Clothing and Footwear Mechanics",25_34,8.8
323215,"Textile, Clothing and Footwear Mechanics",35_44,8.8
323215,"Textile, Clothing and Footwear Mechanics",45_54,17.9
323215,"Textile, Clothing and Footwear Mechanics",55_59,21.1
323215,"Textile, Clothing and Footwear Mechanics",60_64,17.5
323215,"Textile, Clothing and Footwear Mechanics",65,20.3
323299,Other Metal Fitters and Machinists,15_19,7.8
323299,Other Metal Fitters and Machinists,20_24,11.9
323299,Other Metal Fitters and Machinists,25_34,25.7
323299,Other Metal Fitters and Machinists,35_44,19.7
323299,Other Metal Fitters and Machinists,45_54,16.5
323299,Other Metal Fitters and Machinists,55_59,7.3
323299,Other Metal Fitters and Machinists,60_64,6.5
323299,Other Metal Fitters and Machinists,65,4.6
323311,Engravers,15_19,3.5
323311,Engravers,20_24,7
323311,Engravers,25_34,12.7
323311,Engravers,35_44,17.3
323311,Engravers,45_54,23
323311,Engravers,55_59,12.3
323311,Engravers,60_64,12.5
323311,Engravers,65,13.8
323312,Gunsmiths,15_19,0
323312,Gunsmiths,20_24,7.5
323312,Gunsmiths,25_34,16.2
323312,Gunsmiths,35_44,17.3
323312,Gunsmiths,45_54,24.3
323312,Gunsmiths,55_59,13.9
323312,Gunsmiths,60_64,11.6
323312,Gunsmiths,65,11
323313,Locksmiths,15_19,5
323313,Locksmiths,20_24,10.5
323313,Locksmiths,25_34,25.9
323313,Locksmiths,35_44,21
323313,Locksmiths,45_54,18.9
323313,Locksmiths,55_59,8.3
323313,Locksmiths,60_64,6
323313,Locksmiths,65,4.6
323314,Precision Instrument Makers and Repairers,15_19,0.9
323314,Precision Instrument Makers and Repairers,20_24,3.7
323314,Precision Instrument Makers and Repairers,25_34,17.6
323314,Precision Instrument Makers and Repairers,35_44,22.2
323314,Precision Instrument Makers and Repairers,45_54,25.4
323314,Precision Instrument Makers and Repairers,55_59,13.4
323314,Precision Instrument Makers and Repairers,60_64,9.6
323314,Precision Instrument Makers and Repairers,65,7.2
323315,Saw Doctors,15_19,1
323315,Saw Doctors,20_24,5.5
323315,Saw Doctors,25_34,16.2
323315,Saw Doctors,35_44,19
323315,Saw Doctors,45_54,21.7
323315,Saw Doctors,55_59,11.4
323315,Saw Doctors,60_64,13.8
323315,Saw Doctors,65,9.3
323316,Watch and Clock Makers and Repairers,15_19,0.8
323316,Watch and Clock Makers and Repairers,20_24,2.9
323316,Watch and Clock Makers and Repairers,25_34,13.8
323316,Watch and Clock Makers and Repairers,35_44,13.6
323316,Watch and Clock Makers and Repairers,45_54,16.1
323316,Watch and Clock Makers and Repairers,55_59,10.4
323316,Watch and Clock Makers and Repairers,60_64,13.4
323316,Watch and Clock Makers and Repairers,65,27.8
323411,Engineering Patternmakers,15_19,1.7
323411,Engineering Patternmakers,20_24,0
323411,Engineering Patternmakers,25_34,5.7
323411,Engineering Patternmakers,35_44,11.5
323411,Engineering Patternmakers,45_54,36.2
323411,Engineering Patternmakers,55_59,19.5
323411,Engineering Patternmakers,60_64,15.5
323411,Engineering Patternmakers,65,13.8
323412,Toolmakers,15_19,1.6
323412,Toolmakers,20_24,3.2
323412,Toolmakers,25_34,9
323412,Toolmakers,35_44,16.9
323412,Toolmakers,45_54,24.1
323412,Toolmakers,55_59,17.5
323412,Toolmakers,60_64,13.9
323412,Toolmakers,65,13.9
324211,Vehicle Body Builders,15_19,4.6
324211,Vehicle Body Builders,20_24,9.9
324211,Vehicle Body Builders,25_34,20.6
324211,Vehicle Body Builders,35_44,20.6
324211,Vehicle Body Builders,45_54,22.8
324211,Vehicle Body Builders,55_59,10.7
324211,Vehicle Body Builders,60_64,7.3
324211,Vehicle Body Builders,65,3.5
324212,Vehicle Trimmers,15_19,2.6
324212,Vehicle Trimmers,20_24,5.1
324212,Vehicle Trimmers,25_34,14.9
324212,Vehicle Trimmers,35_44,20
324212,Vehicle Trimmers,45_54,26.2
324212,Vehicle Trimmers,55_59,12.3
324212,Vehicle Trimmers,60_64,12.3
324212,Vehicle Trimmers,65,6.4
331111,Bricklayers,15_19,5.4
331111,Bricklayers,20_24,11
331111,Bricklayers,25_34,26
331111,Bricklayers,35_44,19.5
331111,Bricklayers,45_54,18.2
331111,Bricklayers,55_59,9
331111,Bricklayers,60_64,7.1
331111,Bricklayers,65,4
331112,Stonemasons,15_19,3.2
331112,Stonemasons,20_24,10.7
331112,Stonemasons,25_34,27.4
331112,Stonemasons,35_44,23.9
331112,Stonemasons,45_54,19.8
331112,Stonemasons,55_59,7.2
331112,Stonemasons,60_64,4.6
331112,Stonemasons,65,3.2
331212,Carpenters,15_19,10.1
331212,Carpenters,20_24,18.4
331212,Carpenters,25_34,30.5
331212,Carpenters,35_44,17.5
331212,Carpenters,45_54,12.2
331212,Carpenters,55_59,5.2
331212,Carpenters,60_64,3.9
331212,Carpenters,65,2.1
331213,Joiners,15_19,7.1
331213,Joiners,20_24,11.2
331213,Joiners,25_34,27.2
331213,Joiners,35_44,22.6
331213,Joiners,45_54,17.9
331213,Joiners,55_59,6.9
331213,Joiners,60_64,4.1
331213,Joiners,65,3
333211,Fibrous Plasterers,15_19,4
333211,Fibrous Plasterers,20_24,9.8
333211,Fibrous Plasterers,25_34,28.2
333211,Fibrous Plasterers,35_44,23.6
333211,Fibrous Plasterers,45_54,19.8
333211,Fibrous Plasterers,55_59,7.8
333211,Fibrous Plasterers,60_64,4.8
333211,Fibrous Plasterers,65,2.2
333212,Solid Plasterers,15_19,2.1
333212,Solid Plasterers,20_24,8
333212,Solid Plasterers,25_34,26.7
333212,Solid Plasterers,35_44,28.4
333212,Solid Plasterers,45_54,21.7
333212,Solid Plasterers,55_59,7.5
333212,Solid Plasterers,60_64,3.9
333212,Solid Plasterers,65,1.8
334111,Plumbers (General),15_19,10.2
334111,Plumbers (General),20_24,17.6
334111,Plumbers (General),25_34,27.9
334111,Plumbers (General),35_44,18
334111,Plumbers (General),45_54,14
334111,Plumbers (General),55_59,5.2
334111,Plumbers (General),60_64,4.1
334111,Plumbers (General),65,2.9
334112,Airconditioning and Mechanical Services Plumbers,15_19,7.3
334112,Airconditioning and Mechanical Services Plumbers,20_24,18.9
334112,Airconditioning and Mechanical Services Plumbers,25_34,32.8
334112,Airconditioning and Mechanical Services Plumbers,35_44,20.5
334112,Airconditioning and Mechanical Services Plumbers,45_54,13.4
334112,Airconditioning and Mechanical Services Plumbers,55_59,3.5
334112,Airconditioning and Mechanical Services Plumbers,60_64,2.6
334112,Airconditioning and Mechanical Services Plumbers,65,1
334113,Drainers,15_19,8.1
334113,Drainers,20_24,17.6
334113,Drainers,25_34,30.5
334113,Drainers,35_44,16.6
334113,Drainers,45_54,13.7
334113,Drainers,55_59,5.9
334113,Drainers,60_64,4.1
334113,Drainers,65,3.4
334114,Gasfitters,15_19,3
334114,Gasfitters,20_24,8.6
334114,Gasfitters,25_34,27
334114,Gasfitters,35_44,21.3
334114,Gasfitters,45_54,19.9
334114,Gasfitters,55_59,9
334114,Gasfitters,60_64,7
334114,Gasfitters,65,4.4
334115,Roof Plumbers,15_19,8.7
334115,Roof Plumbers,20_24,18.8
334115,Roof Plumbers,25_34,31.4
334115,Roof Plumbers,35_44,18.9
334115,Roof Plumbers,45_54,13.5
334115,Roof Plumbers,55_59,4.3
334115,Roof Plumbers,60_64,2.8
334115,Roof Plumbers,65,1.5
341111,Electricians (General),15_19,6.1
341111,Electricians (General),20_24,15.7
341111,Electricians (General),25_34,30.1
341111,Electricians (General),35_44,20.1
341111,Electricians (General),45_54,14.5
341111,Electricians (General),55_59,6.2
341111,Electricians (General),60_64,4.4
341111,Electricians (General),65,2.8
341112,Electricians (Special Class),15_19,0
341112,Electricians (Special Class),20_24,0
341112,Electricians (Special Class),25_34,19.3
341112,Electricians (Special Class),35_44,22.8
341112,Electricians (Special Class),45_54,24.6
341112,Electricians (Special Class),55_59,17.5
341112,Electricians (Special Class),60_64,17.5
341112,Electricians (Special Class),65,10.5
341113,Lift Mechanics,15_19,2.2
341113,Lift Mechanics,20_24,8.7
341113,Lift Mechanics,25_34,28.1
341113,Lift Mechanics,35_44,24.7
341113,Lift Mechanics,45_54,20.3
341113,Lift Mechanics,55_59,8.7
341113,Lift Mechanics,60_64,5.2
341113,Lift Mechanics,65,1.8
342211,Electrical Linesworkers,15_19,1.3
342211,Electrical Linesworkers,20_24,4.7
342211,Electrical Linesworkers,25_34,28.1
342211,Electrical Linesworkers,35_44,26.8
342211,Electrical Linesworkers,45_54,22
342211,Electrical Linesworkers,55_59,10.1
342211,Electrical Linesworkers,60_64,5.7
342211,Electrical Linesworkers,65,1.2
342212,Technical Cable Jointers,15_19,2.4
342212,Technical Cable Jointers,20_24,9
342212,Technical Cable Jointers,25_34,26.6
342212,Technical Cable Jointers,35_44,30.8
342212,Technical Cable Jointers,45_54,17.3
342212,Technical Cable Jointers,55_59,7.4
342212,Technical Cable Jointers,60_64,6.9
342212,Technical Cable Jointers,65,1.4
342311,Business Machine Mechanics,15_19,1.1
342311,Business Machine Mechanics,20_24,3.4
342311,Business Machine Mechanics,25_34,14.8
342311,Business Machine Mechanics,35_44,22.4
342311,Business Machine Mechanics,45_54,26
342311,Business Machine Mechanics,55_59,17.3
342311,Business Machine Mechanics,60_64,10.2
342311,Business Machine Mechanics,65,5.2
342312,Communications Operators,15_19,4.6
342312,Communications Operators,20_24,21.6
342312,Communications Operators,25_34,43.6
342312,Communications Operators,35_44,16.2
342312,Communications Operators,45_54,9.4
342312,Communications Operators,55_59,1.9
342312,Communications Operators,60_64,1.4
342312,Communications Operators,65,1
342313,Electronic Equipment Trades Workers,15_19,2.6
342313,Electronic Equipment Trades Workers,20_24,9.1
342313,Electronic Equipment Trades Workers,25_34,23.6
342313,Electronic Equipment Trades Workers,35_44,24
342313,Electronic Equipment Trades Workers,45_54,20.6
342313,Electronic Equipment Trades Workers,55_59,8.9
342313,Electronic Equipment Trades Workers,60_64,6.7
342313,Electronic Equipment Trades Workers,65,4.6
342314,Electronic Instrument Trades Workers (General),15_19,2.9
342314,Electronic Instrument Trades Workers (General),20_24,14.2
342314,Electronic Instrument Trades Workers (General),25_34,33.8
342314,Electronic Instrument Trades Workers (General),35_44,21.3
342314,Electronic Instrument Trades Workers (General),45_54,15.4
342314,Electronic Instrument Trades Workers (General),55_59,6.6
342314,Electronic Instrument Trades Workers (General),60_64,3.3
342314,Electronic Instrument Trades Workers (General),65,2.1
342315,Electronic Instrument Trades Workers (Special Class),15_19,0
342315,Electronic Instrument Trades Workers (Special Class),20_24,1.7
342315,Electronic Instrument Trades Workers (Special Class),25_34,11.3
342315,Electronic Instrument Trades Workers (Special Class),35_44,22
342315,Electronic Instrument Trades Workers (Special Class),45_54,19.2
342315,Electronic Instrument Trades Workers (Special Class),55_59,19.8
342315,Electronic Instrument Trades Workers (Special Class),60_64,15.3
342315,Electronic Instrument Trades Workers (Special Class),65,7.9
342411,Cablers (Data and Telecommunications),15_19,2.9
342411,Cablers (Data and Telecommunications),20_24,7
342411,Cablers (Data and Telecommunications),25_34,17.4
342411,Cablers (Data and Telecommunications),35_44,24.4
342411,Cablers (Data and Telecommunications),45_54,24
342411,Cablers (Data and Telecommunications),55_59,11.2
342411,Cablers (Data and Telecommunications),60_64,8.2
342411,Cablers (Data and Telecommunications),65,5.5
342412,Telecommunications Cable Jointers,15_19,1.6
342412,Telecommunications Cable Jointers,20_24,9.2
342412,Telecommunications Cable Jointers,25_34,30
342412,Telecommunications Cable Jointers,35_44,22.1
342412,Telecommunications Cable Jointers,45_54,20.7
342412,Telecommunications Cable Jointers,55_59,7
342412,Telecommunications Cable Jointers,60_64,6.2
342412,Telecommunications Cable Jointers,65,2.3
342413,Telecommunications Linesworkers,15_19,1.6
342413,Telecommunications Linesworkers,20_24,8.4
342413,Telecommunications Linesworkers,25_34,23.7
342413,Telecommunications Linesworkers,35_44,22.9
342413,Telecommunications Linesworkers,45_54,21.4
342413,Telecommunications Linesworkers,55_59,10.8
342413,Telecommunications Linesworkers,60_64,7.6
342413,Telecommunications Linesworkers,65,3.9
342414,Telecommunications Technicians,15_19,1.3
342414,Telecommunications Technicians,20_24,7.7
342414,Telecommunications Technicians,25_34,25.1
342414,Telecommunications Technicians,35_44,26.1
342414,Telecommunications Technicians,45_54,21.6
342414,Telecommunications Technicians,55_59,9.5
342414,Telecommunications Technicians,60_64,5.9
342414,Telecommunications Technicians,65,2.8
351111,Bakers,15_19,5.6
351111,Bakers,20_24,11.7
351111,Bakers,25_34,28
351111,Bakers,35_44,23.3
351111,Bakers,45_54,18.3
351111,Bakers,55_59,6.7
351111,Bakers,60_64,4.2
351111,Bakers,65,2.1
351112,Pastrycooks,15_19,3.3
351112,Pastrycooks,20_24,11.8
351112,Pastrycooks,25_34,31.5
351112,Pastrycooks,35_44,25.1
351112,Pastrycooks,45_54,16.6
351112,Pastrycooks,55_59,6
351112,Pastrycooks,60_64,3.4
351112,Pastrycooks,65,2.4
361111,Dog Handlers and Trainers,15_19,2.8
361111,Dog Handlers and Trainers,20_24,7.7
361111,Dog Handlers and Trainers,25_34,27.8
361111,Dog Handlers and Trainers,35_44,21.2
361111,Dog Handlers and Trainers,45_54,21.9
361111,Dog Handlers and Trainers,55_59,9.1
361111,Dog Handlers and Trainers,60_64,5.4
361111,Dog Handlers and Trainers,65,4
361112,Horse Trainers,15_19,2.7
361112,Horse Trainers,20_24,7.4
361112,Horse Trainers,25_34,21.6
361112,Horse Trainers,35_44,21.2
361112,Horse Trainers,45_54,19.6
361112,Horse Trainers,55_59,8.5
361112,Horse Trainers,60_64,8.3
361112,Horse Trainers,65,10.4
361113,Pet Groomers,15_19,6.2
361113,Pet Groomers,20_24,12.5
361113,Pet Groomers,25_34,24.1
361113,Pet Groomers,35_44,19.4
361113,Pet Groomers,45_54,21.8
361113,Pet Groomers,55_59,8.6
361113,Pet Groomers,60_64,4.7
361113,Pet Groomers,65,2.6
361114,Zookeepers,15_19,3
361114,Zookeepers,20_24,17.2
361114,Zookeepers,25_34,43.1
361114,Zookeepers,35_44,20.9
361114,Zookeepers,45_54,10.9
361114,Zookeepers,55_59,2.4
361114,Zookeepers,60_64,2.1
361114,Zookeepers,65,0.7
361115,Kennel Hands,15_19,24.1
361115,Kennel Hands,20_24,20.9
361115,Kennel Hands,25_34,22.2
361115,Kennel Hands,35_44,9.5
361115,Kennel Hands,45_54,8.9
361115,Kennel Hands,55_59,5.1
361115,Kennel Hands,60_64,4.3
361115,Kennel Hands,65,4.9
361199,Other Animal Attendants and Trainers,15_19,11.1
361199,Other Animal Attendants and Trainers,20_24,19
361199,Other Animal Attendants and Trainers,25_34,27.1
361199,Other Animal Attendants and Trainers,35_44,14.7
361199,Other Animal Attendants and Trainers,45_54,13.5
361199,Other Animal Attendants and Trainers,55_59,6.2
361199,Other Animal Attendants and Trainers,60_64,4
361199,Other Animal Attendants and Trainers,65,4.5
362211,Gardeners (General),15_19,2.8
362211,Gardeners (General),20_24,6.2
362211,Gardeners (General),25_34,14.9
362211,Gardeners (General),35_44,17.6
362211,Gardeners (General),45_54,24.7
362211,Gardeners (General),55_59,13
362211,Gardeners (General),60_64,11.2
362211,Gardeners (General),65,9.6
362212,Arborists,15_19,2.8
362212,Arborists,20_24,9.3
362212,Arborists,25_34,33.5
362212,Arborists,35_44,25.6
362212,Arborists,45_54,18.2
362212,Arborists,55_59,5.5
362212,Arborists,60_64,3.3
362212,Arborists,65,1.9
362213,Landscape Gardeners,15_19,7.4
362213,Landscape Gardeners,20_24,15.6
362213,Landscape Gardeners,25_34,27.7
362213,Landscape Gardeners,35_44,20.9
362213,Landscape Gardeners,45_54,16.9
362213,Landscape Gardeners,55_59,5.5
362213,Landscape Gardeners,60_64,3.7
362213,Landscape Gardeners,65,2.2
392111,Print Finishers,15_19,1.2
392111,Print Finishers,20_24,3.2
392111,Print Finishers,25_34,10
392111,Print Finishers,35_44,18.3
392111,Print Finishers,45_54,30.1
392111,Print Finishers,55_59,17.8
392111,Print Finishers,60_64,12.9
392111,Print Finishers,65,6.4
392112,Screen Printers,15_19,2.6
392112,Screen Printers,20_24,8.8
392112,Screen Printers,25_34,18.9
392112,Screen Printers,35_44,20.4
392112,Screen Printers,45_54,25.2
392112,Screen Printers,55_59,10.7
392112,Screen Printers,60_64,8.5
392112,Screen Printers,65,5.3
392311,Printing Machinists,15_19,0.8
392311,Printing Machinists,20_24,3.9
392311,Printing Machinists,25_34,13.4
392311,Printing Machinists,35_44,21.2
392311,Printing Machinists,45_54,31.6
392311,Printing Machinists,55_59,14.5
392311,Printing Machinists,60_64,9.4
392311,Printing Machinists,65,5.2
392312,Small Offset Printers,15_19,0
392312,Small Offset Printers,20_24,1.1
392312,Small Offset Printers,25_34,10.8
392312,Small Offset Printers,35_44,26
392312,Small Offset Printers,45_54,24.5
392312,Small Offset Printers,55_59,16
392312,Small Offset Printers,60_64,14.1
392312,Small Offset Printers,65,8.2
393111,Canvas Goods Fabricators,15_19,4.3
393111,Canvas Goods Fabricators,20_24,7.6
393111,Canvas Goods Fabricators,25_34,11.6
393111,Canvas Goods Fabricators,35_44,13
393111,Canvas Goods Fabricators,45_54,26.2
393111,Canvas Goods Fabricators,55_59,15.4
393111,Canvas Goods Fabricators,60_64,9.5
393111,Canvas Goods Fabricators,65,10.3
393112,Leather Goods Makers,15_19,1.9
393112,Leather Goods Makers,20_24,3.8
393112,Leather Goods Makers,25_34,10.3
393112,Leather Goods Makers,35_44,17.4
393112,Leather Goods Makers,45_54,25.1
393112,Leather Goods Makers,55_59,12.8
393112,Leather Goods Makers,60_64,11.3
393112,Leather Goods Makers,65,17.6
393113,Sail Makers,15_19,2.5
393113,Sail Makers,20_24,8.5
393113,Sail Makers,25_34,13.9
393113,Sail Makers,35_44,13.9
393113,Sail Makers,45_54,16.4
393113,Sail Makers,55_59,12.4
393113,Sail Makers,60_64,13.4
393113,Sail Makers,65,16.9
393114,Shoemakers,15_19,1.3
393114,Shoemakers,20_24,3.1
393114,Shoemakers,25_34,16
393114,Shoemakers,35_44,16.9
393114,Shoemakers,45_54,22.8
393114,Shoemakers,55_59,16.3
393114,Shoemakers,60_64,10.8
393114,Shoemakers,65,11.9
393211,Apparel Cutters,15_19,0.8
393211,Apparel Cutters,20_24,5.1
393211,Apparel Cutters,25_34,9.6
393211,Apparel Cutters,35_44,9.3
393211,Apparel Cutters,45_54,17.5
393211,Apparel Cutters,55_59,25.1
393211,Apparel Cutters,60_64,20.8
393211,Apparel Cutters,65,11
393212,Clothing Patternmakers,15_19,1.2
393212,Clothing Patternmakers,20_24,2.6
393212,Clothing Patternmakers,25_34,12.9
393212,Clothing Patternmakers,35_44,16.7
393212,Clothing Patternmakers,45_54,29
393212,Clothing Patternmakers,55_59,15.8
393212,Clothing Patternmakers,60_64,14.4
393212,Clothing Patternmakers,65,9.7
393213,Dressmakers and Tailors,15_19,3.6
393213,Dressmakers and Tailors,20_24,6.6
393213,Dressmakers and Tailors,25_34,14.9
393213,Dressmakers and Tailors,35_44,14.2
393213,Dressmakers and Tailors,45_54,23.4
393213,Dressmakers and Tailors,55_59,14.4
393213,Dressmakers and Tailors,60_64,12.7
393213,Dressmakers and Tailors,65,10.2
393299,Other Clothing Trades Workers,15_19,4.2
393299,Other Clothing Trades Workers,20_24,4.8
393299,Other Clothing Trades Workers,25_34,11.5
393299,Other Clothing Trades Workers,35_44,18.2
393299,Other Clothing Trades Workers,45_54,23.6
393299,Other Clothing Trades Workers,55_59,17.6
393299,Other Clothing Trades Workers,60_64,9.7
393299,Other Clothing Trades Workers,65,8.5
394211,Furniture Finishers,15_19,2.5
394211,Furniture Finishers,20_24,11.1
394211,Furniture Finishers,25_34,16.3
394211,Furniture Finishers,35_44,19.1
394211,Furniture Finishers,45_54,23.7
394211,Furniture Finishers,55_59,11.6
394211,Furniture Finishers,60_64,7.9
394211,Furniture Finishers,65,7.2
394212,Picture Framers,15_19,1.7
394212,Picture Framers,20_24,4.1
394212,Picture Framers,25_34,14.3
394212,Picture Framers,35_44,16.2
394212,Picture Framers,45_54,21.9
394212,Picture Framers,55_59,13.2
394212,Picture Framers,60_64,12.5
394212,Picture Framers,65,16.8
394213,Wood Machinists,15_19,2
394213,Wood Machinists,20_24,7.1
394213,Wood Machinists,25_34,19.6
394213,Wood Machinists,35_44,19.3
394213,Wood Machinists,45_54,21.6
394213,Wood Machinists,55_59,15.4
394213,Wood Machinists,60_64,10.1
394213,Wood Machinists,65,6.3
394214,Wood Turners,15_19,4.8
394214,Wood Turners,20_24,9.6
394214,Wood Turners,25_34,4.8
394214,Wood Turners,35_44,3.6
394214,Wood Turners,45_54,20.5
394214,Wood Turners,55_59,16.9
394214,Wood Turners,60_64,14.5
394214,Wood Turners,65,21.7
394299,Other Wood Machinists and Wood Trades Workers,15_19,2
394299,Other Wood Machinists and Wood Trades Workers,20_24,8.6
394299,Other Wood Machinists and Wood Trades Workers,25_34,19.2
394299,Other Wood Machinists and Wood Trades Workers,35_44,25.2
394299,Other Wood Machinists and Wood Trades Workers,45_54,18.5
394299,Other Wood Machinists and Wood Trades Workers,55_59,9.3
394299,Other Wood Machinists and Wood Trades Workers,60_64,7.9
394299,Other Wood Machinists and Wood Trades Workers,65,11.3
399111,Boat Builders and Repairers,15_19,6.4
399111,Boat Builders and Repairers,20_24,11.1
399111,Boat Builders and Repairers,25_34,19.8
399111,Boat Builders and Repairers,35_44,21.6
399111,Boat Builders and Repairers,45_54,19.8
399111,Boat Builders and Repairers,55_59,8.9
399111,Boat Builders and Repairers,60_64,6.5
399111,Boat Builders and Repairers,65,5.8
399112,Shipwrights,15_19,5.3
399112,Shipwrights,20_24,11.6
399112,Shipwrights,25_34,19.7
399112,Shipwrights,35_44,20.3
399112,Shipwrights,45_54,20.8
399112,Shipwrights,55_59,11.3
399112,Shipwrights,60_64,7.6
399112,Shipwrights,65,3.3
399211,Chemical Plant Operators,15_19,1.1
399211,Chemical Plant Operators,20_24,3.8
399211,Chemical Plant Operators,25_34,18
399211,Chemical Plant Operators,35_44,22.1
399211,Chemical Plant Operators,45_54,26.4
399211,Chemical Plant Operators,55_59,14.3
399211,Chemical Plant Operators,60_64,10.4
399211,Chemical Plant Operators,65,3.7
399212,Gas and Petroleum Operators,15_19,0.3
399212,Gas and Petroleum Operators,20_24,2.3
399212,Gas and Petroleum Operators,25_34,15
399212,Gas and Petroleum Operators,35_44,30
399212,Gas and Petroleum Operators,45_54,31.6
399212,Gas and Petroleum Operators,55_59,12
399212,Gas and Petroleum Operators,60_64,6.7
399212,Gas and Petroleum Operators,65,2
399213,Power Generation Plant Operators,15_19,0.2
399213,Power Generation Plant Operators,20_24,0.7
399213,Power Generation Plant Operators,25_34,13.3
399213,Power Generation Plant Operators,35_44,23.6
399213,Power Generation Plant Operators,45_54,30.6
399213,Power Generation Plant Operators,55_59,18.3
399213,Power Generation Plant Operators,60_64,9.7
399213,Power Generation Plant Operators,65,3.2
399311,Gallery and Museum Technicians,15_19,0
399311,Gallery and Museum Technicians,20_24,5.5
399311,Gallery and Museum Technicians,25_34,25.6
399311,Gallery and Museum Technicians,35_44,20.1
399311,Gallery and Museum Technicians,45_54,17.6
399311,Gallery and Museum Technicians,55_59,11.4
399311,Gallery and Museum Technicians,60_64,8.4
399311,Gallery and Museum Technicians,65,10.3
399312,Library Technicians,15_19,0.4
399312,Library Technicians,20_24,2.4
399312,Library Technicians,25_34,11.4
399312,Library Technicians,35_44,16.5
399312,Library Technicians,45_54,28.5
399312,Library Technicians,55_59,17.2
399312,Library Technicians,60_64,15.1
399312,Library Technicians,65,8.4
399511,Broadcast Transmitter Operators,15_19,0.9
399511,Broadcast Transmitter Operators,20_24,12.8
399511,Broadcast Transmitter Operators,25_34,31.3
399511,Broadcast Transmitter Operators,35_44,21.8
399511,Broadcast Transmitter Operators,45_54,18.3
399511,Broadcast Transmitter Operators,55_59,8.8
399511,Broadcast Transmitter Operators,60_64,3.7
399511,Broadcast Transmitter Operators,65,1.6
399512,"Camera Operators (Film, Television or Video)",15_19,3.4
399512,"Camera Operators (Film, Television or Video)",20_24,16.1
399512,"Camera Operators (Film, Television or Video)",25_34,33.9
399512,"Camera Operators (Film, Television or Video)",35_44,19
399512,"Camera Operators (Film, Television or Video)",45_54,15.2
399512,"Camera Operators (Film, Television or Video)",55_59,6.3
399512,"Camera Operators (Film, Television or Video)",60_64,3.7
399512,"Camera Operators (Film, Television or Video)",65,2.1
399513,Light Technicians,15_19,3.8
399513,Light Technicians,20_24,17.1
399513,Light Technicians,25_34,31.2
399513,Light Technicians,35_44,19
399513,Light Technicians,45_54,16.4
399513,Light Technicians,55_59,6.3
399513,Light Technicians,60_64,3.2
399513,Light Technicians,65,2.4
399514,Make Up Artists,15_19,3
399514,Make Up Artists,20_24,18.9
399514,Make Up Artists,25_34,39.5
399514,Make Up Artists,35_44,25.5
399514,Make Up Artists,45_54,9.4
399514,Make Up Artists,55_59,2.4
399514,Make Up Artists,60_64,1
399514,Make Up Artists,65,0.3
399515,Musical Instrument Makers and Repairers,15_19,1.2
399515,Musical Instrument Makers and Repairers,20_24,4.6
399515,Musical Instrument Makers and Repairers,25_34,14.1
399515,Musical Instrument Makers and Repairers,35_44,17.6
399515,Musical Instrument Makers and Repairers,45_54,21.8
399515,Musical Instrument Makers and Repairers,55_59,9.5
399515,Musical Instrument Makers and Repairers,60_64,11.6
399515,Musical Instrument Makers and Repairers,65,18.9
399516,Sound Technicians,15_19,1.4
399516,Sound Technicians,20_24,11.3
399516,Sound Technicians,25_34,31.3
399516,Sound Technicians,35_44,25.1
399516,Sound Technicians,45_54,15.8
399516,Sound Technicians,55_59,7
399516,Sound Technicians,60_64,4.7
399516,Sound Technicians,65,3.4
399517,Television Equipment Operators,15_19,3.2
399517,Television Equipment Operators,20_24,17.2
399517,Television Equipment Operators,25_34,35.5
399517,Television Equipment Operators,35_44,20.4
399517,Television Equipment Operators,45_54,12.9
399517,Television Equipment Operators,55_59,9.7
399517,Television Equipment Operators,60_64,4.3
399517,Television Equipment Operators,65,0
399599,Other Performing Arts Technicians,15_19,1.6
399599,Other Performing Arts Technicians,20_24,12.2
399599,Other Performing Arts Technicians,25_34,32
399599,Other Performing Arts Technicians,35_44,20.5
399599,Other Performing Arts Technicians,45_54,19.4
399599,Other Performing Arts Technicians,55_59,7.7
399599,Other Performing Arts Technicians,60_64,4.2
399599,Other Performing Arts Technicians,65,2.9
399911,Divers,15_19,2.2
399911,Divers,20_24,8.4
399911,Divers,25_34,37.5
399911,Divers,35_44,28.3
399911,Divers,45_54,14.7
399911,Divers,55_59,3.4
399911,Divers,60_64,2.3
399911,Divers,65,3.2
399912,Interior Decorators,15_19,1.3
399912,Interior Decorators,20_24,7.5
399912,Interior Decorators,25_34,19.2
399912,Interior Decorators,35_44,25
399912,Interior Decorators,45_54,26.5
399912,Interior Decorators,55_59,9.1
399912,Interior Decorators,60_64,5.8
399912,Interior Decorators,65,5.3
399913,Optical Dispensers,15_19,3.8
399913,Optical Dispensers,20_24,21.2
399913,Optical Dispensers,25_34,23.9
399913,Optical Dispensers,35_44,16.6
399913,Optical Dispensers,45_54,18.6
399913,Optical Dispensers,55_59,7.8
399913,Optical Dispensers,60_64,5.1
399913,Optical Dispensers,65,3
399914,Optical Mechanics,15_19,0.7
399914,Optical Mechanics,20_24,3.2
399914,Optical Mechanics,25_34,10.5
399914,Optical Mechanics,35_44,22.9
399914,Optical Mechanics,45_54,32.7
399914,Optical Mechanics,55_59,12.7
399914,Optical Mechanics,60_64,10.5
399914,Optical Mechanics,65,7.7
399915,Photographer's Assistants,15_19,4.1
399915,Photographer's Assistants,20_24,11.7
399915,Photographer's Assistants,25_34,33.5
399915,Photographer's Assistants,35_44,25.5
399915,Photographer's Assistants,45_54,14.2
399915,Photographer's Assistants,55_59,5.1
399915,Photographer's Assistants,60_64,4
399915,Photographer's Assistants,65,2.2
399916,Plastics Technicians,15_19,0
399916,Plastics Technicians,20_24,3.3
399916,Plastics Technicians,25_34,12.4
399916,Plastics Technicians,35_44,26.3
399916,Plastics Technicians,45_54,26.3
399916,Plastics Technicians,55_59,13.4
399916,Plastics Technicians,60_64,13.4
399916,Plastics Technicians,65,5.3
399917,Wool Classers,15_19,0.9
399917,Wool Classers,20_24,6
399917,Wool Classers,25_34,20.7
399917,Wool Classers,35_44,12.5
399917,Wool Classers,45_54,24.1
399917,Wool Classers,55_59,11.4
399917,Wool Classers,60_64,8.8
399917,Wool Classers,65,14.2
399918,Fire Protection Equipment Technicians,15_19,1.4
399918,Fire Protection Equipment Technicians,20_24,7.6
399918,Fire Protection Equipment Technicians,25_34,27.5
399918,Fire Protection Equipment Technicians,35_44,24.5
399918,Fire Protection Equipment Technicians,45_54,21.1
399918,Fire Protection Equipment Technicians,55_59,8
399918,Fire Protection Equipment Technicians,60_64,6.2
399918,Fire Protection Equipment Technicians,65,3.8
399999,Technicians and Trades Workers (not covered elsewhere),15_19,1.9
399999,Technicians and Trades Workers (not covered elsewhere),20_24,7.7
399999,Technicians and Trades Workers (not covered elsewhere),25_34,21.7
399999,Technicians and Trades Workers (not covered elsewhere),35_44,22.8
399999,Technicians and Trades Workers (not covered elsewhere),45_54,21.4
399999,Technicians and Trades Workers (not covered elsewhere),55_59,10.5
399999,Technicians and Trades Workers (not covered elsewhere),60_64,8.5
399999,Technicians and Trades Workers (not covered elsewhere),65,5.5
411111,Ambulance Officers,15_19,0
411111,Ambulance Officers,20_24,8
411111,Ambulance Officers,25_34,36.2
411111,Ambulance Officers,35_44,21
411111,Ambulance Officers,45_54,19.7
411111,Ambulance Officers,55_59,8.1
411111,Ambulance Officers,60_64,4.8
411111,Ambulance Officers,65,2.2
411112,Intensive Care Ambulance Paramedics,15_19,0
411112,Intensive Care Ambulance Paramedics,20_24,2.4
411112,Intensive Care Ambulance Paramedics,25_34,27.3
411112,Intensive Care Ambulance Paramedics,35_44,25.1
411112,Intensive Care Ambulance Paramedics,45_54,26.5
411112,Intensive Care Ambulance Paramedics,55_59,10.8
411112,Intensive Care Ambulance Paramedics,60_64,6.1
411112,Intensive Care Ambulance Paramedics,65,1.3
411211,Dental Hygienists,15_19,0
411211,Dental Hygienists,20_24,2
411211,Dental Hygienists,25_34,24.7
411211,Dental Hygienists,35_44,35.5
411211,Dental Hygienists,45_54,24.3
411211,Dental Hygienists,55_59,7.5
411211,Dental Hygienists,60_64,4
411211,Dental Hygienists,65,1.6
411212,Dental Prosthetists,15_19,0
411212,Dental Prosthetists,20_24,1.6
411212,Dental Prosthetists,25_34,11.8
411212,Dental Prosthetists,35_44,18
411212,Dental Prosthetists,45_54,24.7
411212,Dental Prosthetists,55_59,13.8
411212,Dental Prosthetists,60_64,18.3
411212,Dental Prosthetists,65,12.4
411213,Dental Technicians,15_19,1.6
411213,Dental Technicians,20_24,7.2
411213,Dental Technicians,25_34,20.4
411213,Dental Technicians,35_44,29
411213,Dental Technicians,45_54,20.3
411213,Dental Technicians,55_59,8.2
411213,Dental Technicians,60_64,8.1
411213,Dental Technicians,65,5.4
411214,Dental Therapists,15_19,0
411214,Dental Therapists,20_24,11
411214,Dental Therapists,25_34,44
411214,Dental Therapists,35_44,17.1
411214,Dental Therapists,45_54,13.2
411214,Dental Therapists,55_59,6.8
411214,Dental Therapists,60_64,6.9
411214,Dental Therapists,65,1.3
411411,Enrolled Nurses,15_19,0.3
411411,Enrolled Nurses,20_24,10.7
411411,Enrolled Nurses,25_34,22.6
411411,Enrolled Nurses,35_44,18.8
411411,Enrolled Nurses,45_54,20.3
411411,Enrolled Nurses,55_59,11.9
411411,Enrolled Nurses,60_64,11
411411,Enrolled Nurses,65,4.4
411412,Mothercraft Nurses,15_19,0
411412,Mothercraft Nurses,20_24,0
411412,Mothercraft Nurses,25_34,5.5
411412,Mothercraft Nurses,35_44,5.5
411412,Mothercraft Nurses,45_54,25.2
411412,Mothercraft Nurses,55_59,29.1
411412,Mothercraft Nurses,60_64,18.9
411412,Mothercraft Nurses,65,13.4
411711,Community Workers,15_19,0.4
411711,Community Workers,20_24,4.3
411711,Community Workers,25_34,20.6
411711,Community Workers,35_44,24
411711,Community Workers,45_54,25.8
411711,Community Workers,55_59,11.7
411711,Community Workers,60_64,8.6
411711,Community Workers,65,4.5
411712,Disabilities Services Officers,15_19,0.4
411712,Disabilities Services Officers,20_24,6.1
411712,Disabilities Services Officers,25_34,25.4
411712,Disabilities Services Officers,35_44,24.5
411712,Disabilities Services Officers,45_54,24.8
411712,Disabilities Services Officers,55_59,9.7
411712,Disabilities Services Officers,60_64,6.1
411712,Disabilities Services Officers,65,3
411713,Family Support Workers,15_19,0.5
411713,Family Support Workers,20_24,7.1
411713,Family Support Workers,25_34,25
411713,Family Support Workers,35_44,24.6
411713,Family Support Workers,45_54,23.3
411713,Family Support Workers,55_59,9.4
411713,Family Support Workers,60_64,6.5
411713,Family Support Workers,65,3.6
411714,Parole and Probation Officers,15_19,0
411714,Parole and Probation Officers,20_24,4.6
411714,Parole and Probation Officers,25_34,31.7
411714,Parole and Probation Officers,35_44,23.9
411714,Parole and Probation Officers,45_54,20.8
411714,Parole and Probation Officers,55_59,7.7
411714,Parole and Probation Officers,60_64,6.5
411714,Parole and Probation Officers,65,5
411715,Residential Care Officers,15_19,0.4
411715,Residential Care Officers,20_24,7.1
411715,Residential Care Officers,25_34,23.8
411715,Residential Care Officers,35_44,21.6
411715,Residential Care Officers,45_54,22.2
411715,Residential Care Officers,55_59,11.3
411715,Residential Care Officers,60_64,9.3
411715,Residential Care Officers,65,4.1
411716,Youth Workers,15_19,1.4
411716,Youth Workers,20_24,12
411716,Youth Workers,25_34,36.9
411716,Youth Workers,35_44,24.1
411716,Youth Workers,45_54,15.8
411716,Youth Workers,55_59,5.4
411716,Youth Workers,60_64,3.1
411716,Youth Workers,65,1.4
421111,Child Care Workers,15_19,5.8
421111,Child Care Workers,20_24,16.7
421111,Child Care Workers,25_34,29.1
421111,Child Care Workers,35_44,23.3
421111,Child Care Workers,45_54,15.4
421111,Child Care Workers,55_59,5.1
421111,Child Care Workers,60_64,3.2
421111,Child Care Workers,65,1.4
421112,Family Day Care Workers,15_19,0.6
421112,Family Day Care Workers,20_24,3.1
421112,Family Day Care Workers,25_34,13.4
421112,Family Day Care Workers,35_44,30
421112,Family Day Care Workers,45_54,31
421112,Family Day Care Workers,55_59,10.9
421112,Family Day Care Workers,60_64,7.8
421112,Family Day Care Workers,65,3
421113,Nannies,15_19,17.5
421113,Nannies,20_24,25.7
421113,Nannies,25_34,23.6
421113,Nannies,35_44,10.6
421113,Nannies,45_54,10.3
421113,Nannies,55_59,5.5
421113,Nannies,60_64,4.1
421113,Nannies,65,2.6
421114,Out of School Hours Care Workers,15_19,15.8
421114,Out of School Hours Care Workers,20_24,40.7
421114,Out of School Hours Care Workers,25_34,17.8
421114,Out of School Hours Care Workers,35_44,9.1
421114,Out of School Hours Care Workers,45_54,7.8
421114,Out of School Hours Care Workers,55_59,3.9
421114,Out of School Hours Care Workers,60_64,3.1
421114,Out of School Hours Care Workers,65,1.7
422111,Aboriginal and Torres Strait Islander Education Workers,15_19,3.2
422111,Aboriginal and Torres Strait Islander Education Workers,20_24,10.5
422111,Aboriginal and Torres Strait Islander Education Workers,25_34,23.1
422111,Aboriginal and Torres Strait Islander Education Workers,35_44,22.3
422111,Aboriginal and Torres Strait Islander Education Workers,45_54,22.3
422111,Aboriginal and Torres Strait Islander Education Workers,55_59,9.6
422111,Aboriginal and Torres Strait Islander Education Workers,60_64,5.8
422111,Aboriginal and Torres Strait Islander Education Workers,65,3.4
422112,Integration Aides,15_19,1.4
422112,Integration Aides,20_24,8.1
422112,Integration Aides,25_34,11.8
422112,Integration Aides,35_44,19.8
422112,Integration Aides,45_54,32.1
422112,Integration Aides,55_59,13.8
422112,Integration Aides,60_64,9.3
422112,Integration Aides,65,3.7
422115,Preschool Aides,15_19,1.9
422115,Preschool Aides,20_24,5.5
422115,Preschool Aides,25_34,11.8
422115,Preschool Aides,35_44,24.5
422115,Preschool Aides,45_54,32.2
422115,Preschool Aides,55_59,12.7
422115,Preschool Aides,60_64,8
422115,Preschool Aides,65,3.2
422116,Teachers' Aides,15_19,2.8
422116,Teachers' Aides,20_24,8.5
422116,Teachers' Aides,25_34,12.2
422116,Teachers' Aides,35_44,22.5
422116,Teachers' Aides,45_54,30.4
422116,Teachers' Aides,55_59,11.8
422116,Teachers' Aides,60_64,8
422116,Teachers' Aides,65,3.8
423311,Hospital orderlies,15_19,2
423311,Hospital orderlies,20_24,9.6
423311,Hospital orderlies,25_34,15.7
423311,Hospital orderlies,35_44,16.6
423311,Hospital orderlies,45_54,22.5
423311,Hospital orderlies,55_59,14.7
423311,Hospital orderlies,60_64,12.1
423311,Hospital orderlies,65,6.7
423312,Nursing Support Workers,15_19,3
423312,Nursing Support Workers,20_24,16.5
423312,Nursing Support Workers,25_34,27
423312,Nursing Support Workers,35_44,18.9
423312,Nursing Support Workers,45_54,16.7
423312,Nursing Support Workers,55_59,8.5
423312,Nursing Support Workers,60_64,6.5
423312,Nursing Support Workers,65,2.9
423313,Personal Care Assistants,15_19,1.6
423313,Personal Care Assistants,20_24,9.4
423313,Personal Care Assistants,25_34,22.1
423313,Personal Care Assistants,35_44,19.9
423313,Personal Care Assistants,45_54,21.2
423313,Personal Care Assistants,55_59,11.3
423313,Personal Care Assistants,60_64,9.7
423313,Personal Care Assistants,65,5
423314,Therapy Aides,15_19,2.8
423314,Therapy Aides,20_24,21
423314,Therapy Aides,25_34,19
423314,Therapy Aides,35_44,16.1
423314,Therapy Aides,45_54,19.5
423314,Therapy Aides,55_59,9.7
423314,Therapy Aides,60_64,8.3
423314,Therapy Aides,65,3.6
423411,Child and Youth Residential Care Assistants,15_19,0.7
423411,Child and Youth Residential Care Assistants,20_24,14
423411,Child and Youth Residential Care Assistants,25_34,33.5
423411,Child and Youth Residential Care Assistants,35_44,22
423411,Child and Youth Residential Care Assistants,45_54,18.1
423411,Child and Youth Residential Care Assistants,55_59,6.4
423411,Child and Youth Residential Care Assistants,60_64,4
423411,Child and Youth Residential Care Assistants,65,1.5
423412,Hostel Parents,15_19,4.7
423412,Hostel Parents,20_24,27.3
423412,Hostel Parents,25_34,17
423412,Hostel Parents,35_44,12
423412,Hostel Parents,45_54,14.1
423412,Hostel Parents,55_59,8.5
423412,Hostel Parents,60_64,9.7
423412,Hostel Parents,65,7.2
423413,Refuge Workers,15_19,0
423413,Refuge Workers,20_24,5.1
423413,Refuge Workers,25_34,23
423413,Refuge Workers,35_44,22.6
423413,Refuge Workers,45_54,24.3
423413,Refuge Workers,55_59,11.5
423413,Refuge Workers,60_64,8.1
423413,Refuge Workers,65,4.7
431111,Bar Attendants,15_19,13.9
431111,Bar Attendants,20_24,38.7
431111,Bar Attendants,25_34,26.1
431111,Bar Attendants,35_44,8.5
431111,Bar Attendants,45_54,6
431111,Bar Attendants,55_59,2.9
431111,Bar Attendants,60_64,2.5
431111,Bar Attendants,65,1.4
431112,Baristas,15_19,20.5
431112,Baristas,20_24,31.3
431112,Baristas,25_34,28.5
431112,Baristas,35_44,10.1
431112,Baristas,45_54,5.8
431112,Baristas,55_59,2
431112,Baristas,60_64,1.2
431112,Baristas,65,0.6
431911,Bar Usefuls and Bussers,15_19,39.3
431911,Bar Usefuls and Bussers,20_24,37.6
431911,Bar Usefuls and Bussers,25_34,17.2
431911,Bar Usefuls and Bussers,35_44,3.4
431911,Bar Usefuls and Bussers,45_54,1.9
431911,Bar Usefuls and Bussers,55_59,0.8
431911,Bar Usefuls and Bussers,60_64,0.9
431911,Bar Usefuls and Bussers,65,0
431912,Doorpersons and Luggage Porters,15_19,5.6
431912,Doorpersons and Luggage Porters,20_24,17.2
431912,Doorpersons and Luggage Porters,25_34,22.9
431912,Doorpersons and Luggage Porters,35_44,14.4
431912,Doorpersons and Luggage Porters,45_54,15.3
431912,Doorpersons and Luggage Porters,55_59,9.7
431912,Doorpersons and Luggage Porters,60_64,6.8
431912,Doorpersons and Luggage Porters,65,8.7
431999,Hospitality Workers (not covered elsewhere),15_19,41.1
431999,Hospitality Workers (not covered elsewhere),20_24,17.2
431999,Hospitality Workers (not covered elsewhere),25_34,17.9
431999,Hospitality Workers (not covered elsewhere),35_44,9.2
431999,Hospitality Workers (not covered elsewhere),45_54,6.9
431999,Hospitality Workers (not covered elsewhere),55_59,3.1
431999,Hospitality Workers (not covered elsewhere),60_64,2.5
431999,Hospitality Workers (not covered elsewhere),65,2.1
441211,Emergency Service Workers,15_19,0.9
441211,Emergency Service Workers,20_24,4.6
441211,Emergency Service Workers,25_34,23.3
441211,Emergency Service Workers,35_44,25.5
441211,Emergency Service Workers,45_54,27.4
441211,Emergency Service Workers,55_59,9.9
441211,Emergency Service Workers,60_64,6.3
441211,Emergency Service Workers,65,2.2
441212,Fire Fighters,15_19,0.1
441212,Fire Fighters,20_24,2.1
441212,Fire Fighters,25_34,21.8
441212,Fire Fighters,35_44,29.2
441212,Fire Fighters,45_54,26.4
441212,Fire Fighters,55_59,11.8
441212,Fire Fighters,60_64,7
441212,Fire Fighters,65,1.7
441311,Detectives,15_19,0
441311,Detectives,20_24,0.1
441311,Detectives,25_34,23.4
441311,Detectives,35_44,40.1
441311,Detectives,45_54,28.6
441311,Detectives,55_59,5.6
441311,Detectives,60_64,1.8
441311,Detectives,65,0.3
441312,Police Officers,15_19,0.2
441312,Police Officers,20_24,4.9
441312,Police Officers,25_34,27.1
441312,Police Officers,35_44,28.6
441312,Police Officers,45_54,28.7
441312,Police Officers,55_59,7.8
441312,Police Officers,60_64,2.2
441312,Police Officers,65,0.4
442211,"Alarm, Security and Surveillance Monitors",15_19,0.7
442211,"Alarm, Security and Surveillance Monitors",20_24,8.1
442211,"Alarm, Security and Surveillance Monitors",25_34,24.8
442211,"Alarm, Security and Surveillance Monitors",35_44,23.5
442211,"Alarm, Security and Surveillance Monitors",45_54,21.9
442211,"Alarm, Security and Surveillance Monitors",55_59,9.8
442211,"Alarm, Security and Surveillance Monitors",60_64,7.1
442211,"Alarm, Security and Surveillance Monitors",65,3.5
442212,Armoured Car Escorts,15_19,0.6
442212,Armoured Car Escorts,20_24,5.8
442212,Armoured Car Escorts,25_34,14.4
442212,Armoured Car Escorts,35_44,24.4
442212,Armoured Car Escorts,45_54,28.5
442212,Armoured Car Escorts,55_59,12.1
442212,Armoured Car Escorts,60_64,10.4
442212,Armoured Car Escorts,65,4.6
442213,Crowd Controllers,15_19,3.9
442213,Crowd Controllers,20_24,27.1
442213,Crowd Controllers,25_34,28.4
442213,Crowd Controllers,35_44,12.4
442213,Crowd Controllers,45_54,15.2
442213,Crowd Controllers,55_59,6.2
442213,Crowd Controllers,60_64,4.4
442213,Crowd Controllers,65,4.9
442214,Private Investigators,15_19,1.4
442214,Private Investigators,20_24,2.3
442214,Private Investigators,25_34,11.1
442214,Private Investigators,35_44,14.4
442214,Private Investigators,45_54,30.4
442214,Private Investigators,55_59,16.7
442214,Private Investigators,60_64,9.6
442214,Private Investigators,65,13.3
442215,Retail Loss Prevention Officers,15_19,17.7
442215,Retail Loss Prevention Officers,20_24,13.8
442215,Retail Loss Prevention Officers,25_34,11.9
442215,Retail Loss Prevention Officers,35_44,10.8
442215,Retail Loss Prevention Officers,45_54,17.2
442215,Retail Loss Prevention Officers,55_59,10
442215,Retail Loss Prevention Officers,60_64,10.7
442215,Retail Loss Prevention Officers,65,8.3
442216,Security Consultants,15_19,0
442216,Security Consultants,20_24,2.2
442216,Security Consultants,25_34,18.1
442216,Security Consultants,35_44,28.7
442216,Security Consultants,45_54,27.2
442216,Security Consultants,55_59,11.2
442216,Security Consultants,60_64,6.3
442216,Security Consultants,65,6.5
442217,Security Officers,15_19,0.9
442217,Security Officers,20_24,9.2
442217,Security Officers,25_34,25.2
442217,Security Officers,35_44,21.8
442217,Security Officers,45_54,20.7
442217,Security Officers,55_59,9.5
442217,Security Officers,60_64,7.6
442217,Security Officers,65,5.2
442299,Other Security Workers,15_19,4
442299,Other Security Workers,20_24,12
442299,Other Security Workers,25_34,23.7
442299,Other Security Workers,35_44,19.8
442299,Other Security Workers,45_54,22.7
442299,Other Security Workers,55_59,9.1
442299,Other Security Workers,60_64,6.6
442299,Other Security Workers,65,2.1
451311,Funeral Directors,15_19,0.4
451311,Funeral Directors,20_24,2.8
451311,Funeral Directors,25_34,10.8
451311,Funeral Directors,35_44,14.3
451311,Funeral Directors,45_54,29.7
451311,Funeral Directors,55_59,16.6
451311,Funeral Directors,60_64,12.8
451311,Funeral Directors,65,12.6
451399,Funeral Workers (Other),15_19,2.1
451399,Funeral Workers (Other),20_24,5.3
451399,Funeral Workers (Other),25_34,11.3
451399,Funeral Workers (Other),35_44,12.4
451399,Funeral Workers (Other),45_54,22.4
451399,Funeral Workers (Other),55_59,13.8
451399,Funeral Workers (Other),60_64,13.2
451399,Funeral Workers (Other),65,19
451411,Gallery and Museum Guides,15_19,2.5
451411,Gallery and Museum Guides,20_24,15.4
451411,Gallery and Museum Guides,25_34,29.7
451411,Gallery and Museum Guides,35_44,13.8
451411,Gallery and Museum Guides,45_54,14
451411,Gallery and Museum Guides,55_59,7.8
451411,Gallery and Museum Guides,60_64,7.8
451411,Gallery and Museum Guides,65,9.2
451412,Tour Guides,15_19,3.8
451412,Tour Guides,20_24,10.6
451412,Tour Guides,25_34,20.6
451412,Tour Guides,35_44,15.9
451412,Tour Guides,45_54,18.2
451412,Tour Guides,55_59,10.3
451412,Tour Guides,60_64,10.3
451412,Tour Guides,65,10.3
451511,Natural Remedy Consultants,15_19,0.6
451511,Natural Remedy Consultants,20_24,3.3
451511,Natural Remedy Consultants,25_34,16.2
451511,Natural Remedy Consultants,35_44,23.5
451511,Natural Remedy Consultants,45_54,31.2
451511,Natural Remedy Consultants,55_59,11.4
451511,Natural Remedy Consultants,60_64,7.5
451511,Natural Remedy Consultants,65,6.5
451512,Weight Loss Consultants,15_19,1
451512,Weight Loss Consultants,20_24,3.2
451512,Weight Loss Consultants,25_34,14.6
451512,Weight Loss Consultants,35_44,22
451512,Weight Loss Consultants,45_54,28.2
451512,Weight Loss Consultants,55_59,15.2
451512,Weight Loss Consultants,60_64,8.4
451512,Weight Loss Consultants,65,6.5
451513,Herbalists (Western),15_19,0
451513,Herbalists (Western),20_24,0
451513,Herbalists (Western),25_34,5.2
451513,Herbalists (Western),35_44,20.3
451513,Herbalists (Western),45_54,22.9
451513,Herbalists (Western),55_59,13.7
451513,Herbalists (Western),60_64,15
451513,Herbalists (Western),65,26.1
451611,Tourist Information Officers,15_19,2.4
451611,Tourist Information Officers,20_24,6.4
451611,Tourist Information Officers,25_34,18.3
451611,Tourist Information Officers,35_44,19.8
451611,Tourist Information Officers,45_54,22.6
451611,Tourist Information Officers,55_59,10.9
451611,Tourist Information Officers,60_64,9.7
451611,Tourist Information Officers,65,10.9
451612,Travel Consultants,15_19,0.2
451612,Travel Consultants,20_24,3.9
451612,Travel Consultants,25_34,21.9
451612,Travel Consultants,35_44,27.9
451612,Travel Consultants,45_54,24.5
451612,Travel Consultants,55_59,9.3
451612,Travel Consultants,60_64,6.5
451612,Travel Consultants,65,5.9
451711,Flight Attendants,15_19,0.8
451711,Flight Attendants,20_24,11.8
451711,Flight Attendants,25_34,27.8
451711,Flight Attendants,35_44,21.7
451711,Flight Attendants,45_54,25.6
451711,Flight Attendants,55_59,8.6
451711,Flight Attendants,60_64,3.2
451711,Flight Attendants,65,0.7
451799,Other Travel Attendants,15_19,5
451799,Other Travel Attendants,20_24,9.9
451799,Other Travel Attendants,25_34,20.9
451799,Other Travel Attendants,35_44,18.5
451799,Other Travel Attendants,45_54,20.3
451799,Other Travel Attendants,55_59,11.2
451799,Other Travel Attendants,60_64,8.4
451799,Other Travel Attendants,65,5.8
451811,Civil Celebrants,15_19,0
451811,Civil Celebrants,20_24,0
451811,Civil Celebrants,25_34,8.6
451811,Civil Celebrants,35_44,18.2
451811,Civil Celebrants,45_54,17.8
451811,Civil Celebrants,55_59,10.9
451811,Civil Celebrants,60_64,15.1
451811,Civil Celebrants,65,28.9
451812,Hair and Beauty Salon Assistants,15_19,52.8
451812,Hair and Beauty Salon Assistants,20_24,14.3
451812,Hair and Beauty Salon Assistants,25_34,13.6
451812,Hair and Beauty Salon Assistants,35_44,7.6
451812,Hair and Beauty Salon Assistants,45_54,6.5
451812,Hair and Beauty Salon Assistants,55_59,2.6
451812,Hair and Beauty Salon Assistants,60_64,1.7
451812,Hair and Beauty Salon Assistants,65,1.6
451814,Body Artists,15_19,2
451814,Body Artists,20_24,13.7
451814,Body Artists,25_34,47.1
451814,Body Artists,35_44,24.7
451814,Body Artists,45_54,8.7
451814,Body Artists,55_59,2.3
451814,Body Artists,60_64,0.8
451814,Body Artists,65,0.7
451815,First Aid Trainers,15_19,2.4
451815,First Aid Trainers,20_24,12.4
451815,First Aid Trainers,25_34,10.7
451815,First Aid Trainers,35_44,13.1
451815,First Aid Trainers,45_54,21.9
451815,First Aid Trainers,55_59,13.7
451815,First Aid Trainers,60_64,13.9
451815,First Aid Trainers,65,11
451816,Religious Assistants,15_19,1.1
451816,Religious Assistants,20_24,9
451816,Religious Assistants,25_34,16
451816,Religious Assistants,35_44,15
451816,Religious Assistants,45_54,19
451816,Religious Assistants,55_59,12.5
451816,Religious Assistants,60_64,11.8
451816,Religious Assistants,65,15.3
451899,Personal Service Workers (not covered elsewhere),15_19,7.9
451899,Personal Service Workers (not covered elsewhere),20_24,12.7
451899,Personal Service Workers (not covered elsewhere),25_34,15.4
451899,Personal Service Workers (not covered elsewhere),35_44,16.5
451899,Personal Service Workers (not covered elsewhere),45_54,19.9
451899,Personal Service Workers (not covered elsewhere),55_59,10.3
451899,Personal Service Workers (not covered elsewhere),60_64,9.3
451899,Personal Service Workers (not covered elsewhere),65,8
452212,Fishing Guides,15_19,5.3
452212,Fishing Guides,20_24,4.4
452212,Fishing Guides,25_34,25.7
452212,Fishing Guides,35_44,19.5
452212,Fishing Guides,45_54,28.3
452212,Fishing Guides,55_59,10.6
452212,Fishing Guides,60_64,8.8
452212,Fishing Guides,65,8.8
452215,Outdoor Adventure Instructors,15_19,12.6
452215,Outdoor Adventure Instructors,20_24,27.2
452215,Outdoor Adventure Instructors,25_34,31.6
452215,Outdoor Adventure Instructors,35_44,13.9
452215,Outdoor Adventure Instructors,45_54,8
452215,Outdoor Adventure Instructors,55_59,2.9
452215,Outdoor Adventure Instructors,60_64,2.6
452215,Outdoor Adventure Instructors,65,1.2
452216,Trekking Guides,15_19,0
452216,Trekking Guides,20_24,17.3
452216,Trekking Guides,25_34,36.5
452216,Trekking Guides,35_44,15.4
452216,Trekking Guides,45_54,7.7
452216,Trekking Guides,55_59,7.7
452216,Trekking Guides,60_64,9.6
452216,Trekking Guides,65,0
452299,Other Outdoor Adventure Guides,15_19,10.6
452299,Other Outdoor Adventure Guides,20_24,14.3
452299,Other Outdoor Adventure Guides,25_34,30.3
452299,Other Outdoor Adventure Guides,35_44,21.4
452299,Other Outdoor Adventure Guides,45_54,11.1
452299,Other Outdoor Adventure Guides,55_59,4.3
452299,Other Outdoor Adventure Guides,60_64,4.9
452299,Other Outdoor Adventure Guides,65,2.3
452311,"Scuba, Snorkelling and Dive instructors",15_19,1.2
452311,"Scuba, Snorkelling and Dive instructors",20_24,10.7
452311,"Scuba, Snorkelling and Dive instructors",25_34,38.4
452311,"Scuba, Snorkelling and Dive instructors",35_44,22.6
452311,"Scuba, Snorkelling and Dive instructors",45_54,13.5
452311,"Scuba, Snorkelling and Dive instructors",55_59,4.9
452311,"Scuba, Snorkelling and Dive instructors",60_64,4.1
452311,"Scuba, Snorkelling and Dive instructors",65,2.9
452312,Gymnastics Coaches and Instructors,15_19,48.9
452312,Gymnastics Coaches and Instructors,20_24,22.8
452312,Gymnastics Coaches and Instructors,25_34,12.4
452312,Gymnastics Coaches and Instructors,35_44,7.1
452312,Gymnastics Coaches and Instructors,45_54,4.9
452312,Gymnastics Coaches and Instructors,55_59,1.5
452312,Gymnastics Coaches and Instructors,60_64,1.1
452312,Gymnastics Coaches and Instructors,65,0.8
452313,Horse Riding Coaches and Instructors,15_19,8
452313,Horse Riding Coaches and Instructors,20_24,13.5
452313,Horse Riding Coaches and Instructors,25_34,15.8
452313,Horse Riding Coaches and Instructors,35_44,16.3
452313,Horse Riding Coaches and Instructors,45_54,20.7
452313,Horse Riding Coaches and Instructors,55_59,9.8
452313,Horse Riding Coaches and Instructors,60_64,7.7
452313,Horse Riding Coaches and Instructors,65,7.6
452314,Snowsport Instructors,15_19,11.5
452314,Snowsport Instructors,20_24,33.3
452314,Snowsport Instructors,25_34,28.3
452314,Snowsport Instructors,35_44,7
452314,Snowsport Instructors,45_54,7
452314,Snowsport Instructors,55_59,3.4
452314,Snowsport Instructors,60_64,6.4
452314,Snowsport Instructors,65,2.2
452315,Swimming Coaches and Instructors,15_19,28.2
452315,Swimming Coaches and Instructors,20_24,28.9
452315,Swimming Coaches and Instructors,25_34,11.4
452315,Swimming Coaches and Instructors,35_44,11
452315,Swimming Coaches and Instructors,45_54,10.9
452315,Swimming Coaches and Instructors,55_59,4.4
452315,Swimming Coaches and Instructors,60_64,2.9
452315,Swimming Coaches and Instructors,65,2.3
452316,Tennis Coaches,15_19,24
452316,Tennis Coaches,20_24,18.7
452316,Tennis Coaches,25_34,17.5
452316,Tennis Coaches,35_44,13.9
452316,Tennis Coaches,45_54,13.4
452316,Tennis Coaches,55_59,4.7
452316,Tennis Coaches,60_64,3.5
452316,Tennis Coaches,65,4
452317,Other Sports Coaches and Instructors,15_19,26.4
452317,Other Sports Coaches and Instructors,20_24,20.5
452317,Other Sports Coaches and Instructors,25_34,16.2
452317,Other Sports Coaches and Instructors,35_44,14.3
452317,Other Sports Coaches and Instructors,45_54,11.9
452317,Other Sports Coaches and Instructors,55_59,3.9
452317,Other Sports Coaches and Instructors,60_64,3.3
452317,Other Sports Coaches and Instructors,65,3.4
452318,Dog and Horse Racing Officials,15_19,1
452318,Dog and Horse Racing Officials,20_24,7.6
452318,Dog and Horse Racing Officials,25_34,20.2
452318,Dog and Horse Racing Officials,35_44,17.3
452318,Dog and Horse Racing Officials,45_54,19.2
452318,Dog and Horse Racing Officials,55_59,9.2
452318,Dog and Horse Racing Officials,60_64,10.7
452318,Dog and Horse Racing Officials,65,14.6
452321,Sports Development Officers,15_19,6.1
452321,Sports Development Officers,20_24,18.7
452321,Sports Development Officers,25_34,34.1
452321,Sports Development Officers,35_44,19.3
452321,Sports Development Officers,45_54,13.2
452321,Sports Development Officers,55_59,3.4
452321,Sports Development Officers,60_64,3.3
452321,Sports Development Officers,65,2.3
452322,Sports Umpires,15_19,86
452322,Sports Umpires,20_24,8.3
452322,Sports Umpires,25_34,1.9
452322,Sports Umpires,35_44,1.2
452322,Sports Umpires,45_54,1
452322,Sports Umpires,55_59,0.6
452322,Sports Umpires,60_64,0.5
452322,Sports Umpires,65,0.7
452323,Other Sports Officials,15_19,38
452323,Other Sports Officials,20_24,15.5
452323,Other Sports Officials,25_34,5.6
452323,Other Sports Officials,35_44,5.6
452323,Other Sports Officials,45_54,7
452323,Other Sports Officials,55_59,5.6
452323,Other Sports Officials,60_64,3.5
452323,Other Sports Officials,65,16.9
452411,"Footballers (Soccer, Rugby and AFL)",15_19,18.9
452411,"Footballers (Soccer, Rugby and AFL)",20_24,41.5
452411,"Footballers (Soccer, Rugby and AFL)",25_34,37.6
452411,"Footballers (Soccer, Rugby and AFL)",35_44,1.6
452411,"Footballers (Soccer, Rugby and AFL)",45_54,0.3
452411,"Footballers (Soccer, Rugby and AFL)",55_59,0.2
452411,"Footballers (Soccer, Rugby and AFL)",60_64,0
452411,"Footballers (Soccer, Rugby and AFL)",65,0
452412,Golfers,15_19,1.9
452412,Golfers,20_24,9.3
452412,Golfers,25_34,21.9
452412,Golfers,35_44,22.2
452412,Golfers,45_54,26.5
452412,Golfers,55_59,8.8
452412,Golfers,60_64,5.9
452412,Golfers,65,3.7
452413,Jockeys,15_19,8.6
452413,Jockeys,20_24,20.5
452413,Jockeys,25_34,38.2
452413,Jockeys,35_44,17.3
452413,Jockeys,45_54,12.4
452413,Jockeys,55_59,3.4
452413,Jockeys,60_64,0.6
452413,Jockeys,65,0
452414,Lifeguards,15_19,36.3
452414,Lifeguards,20_24,36.9
452414,Lifeguards,25_34,11.1
452414,Lifeguards,35_44,4.8
452414,Lifeguards,45_54,5.1
452414,Lifeguards,55_59,2.6
452414,Lifeguards,60_64,2.1
452414,Lifeguards,65,0.9
452499,Other Sportspersons,15_19,10.1
452499,Other Sportspersons,20_24,29.4
452499,Other Sportspersons,25_34,40.4
452499,Other Sportspersons,35_44,9.2
452499,Other Sportspersons,45_54,6
452499,Other Sportspersons,55_59,1.7
452499,Other Sportspersons,60_64,1.7
452499,Other Sportspersons,65,1.4
511111,Contract Administrators,15_19,0.2
511111,Contract Administrators,20_24,4.8
511111,Contract Administrators,25_34,24.9
511111,Contract Administrators,35_44,27.8
511111,Contract Administrators,45_54,23.9
511111,Contract Administrators,55_59,9.1
511111,Contract Administrators,60_64,5.9
511111,Contract Administrators,65,3.4
511112,Program and Project Administrators,15_19,0.3
511112,Program and Project Administrators,20_24,3.5
511112,Program and Project Administrators,25_34,22.4
511112,Program and Project Administrators,35_44,30.4
511112,Program and Project Administrators,45_54,25.7
511112,Program and Project Administrators,55_59,9.3
511112,Program and Project Administrators,60_64,5.6
511112,Program and Project Administrators,65,2.8
512211,Health Practice Managers,15_19,0.1
512211,Health Practice Managers,20_24,2.5
512211,Health Practice Managers,25_34,16.7
512211,Health Practice Managers,35_44,22.8
512211,Health Practice Managers,45_54,27.4
512211,Health Practice Managers,55_59,13.4
512211,Health Practice Managers,60_64,10.1
512211,Health Practice Managers,65,6.9
512299,Other Practice Managers,15_19,0.1
512299,Other Practice Managers,20_24,2.5
512299,Other Practice Managers,25_34,17
512299,Other Practice Managers,35_44,28.5
512299,Other Practice Managers,45_54,28.7
512299,Other Practice Managers,55_59,9.9
512299,Other Practice Managers,60_64,7.2
512299,Other Practice Managers,65,5.9
521211,Secretaries (General),15_19,1
521211,Secretaries (General),20_24,3.1
521211,Secretaries (General),25_34,8.6
521211,Secretaries (General),35_44,13.7
521211,Secretaries (General),45_54,23
521211,Secretaries (General),55_59,14.7
521211,Secretaries (General),60_64,14.6
521211,Secretaries (General),65,21.3
521212,Legal Secretaries,15_19,1.9
521212,Legal Secretaries,20_24,11.9
521212,Legal Secretaries,25_34,21.1
521212,Legal Secretaries,35_44,20.1
521212,Legal Secretaries,45_54,22.4
521212,Legal Secretaries,55_59,9.8
521212,Legal Secretaries,60_64,7.6
521212,Legal Secretaries,65,5.3
532111,Data Entry Operators,15_19,4.4
532111,Data Entry Operators,20_24,11.3
532111,Data Entry Operators,25_34,22.4
532111,Data Entry Operators,35_44,19.8
532111,Data Entry Operators,45_54,19.7
532111,Data Entry Operators,55_59,9.7
532111,Data Entry Operators,60_64,7.6
532111,Data Entry Operators,65,5.1
532112,Machine Shorthand Reporters,15_19,1.3
532112,Machine Shorthand Reporters,20_24,6.9
532112,Machine Shorthand Reporters,25_34,21
532112,Machine Shorthand Reporters,35_44,13.8
532112,Machine Shorthand Reporters,45_54,20.6
532112,Machine Shorthand Reporters,55_59,11
532112,Machine Shorthand Reporters,60_64,11.3
532112,Machine Shorthand Reporters,65,13.8
532113,Typists,15_19,1.4
532113,Typists,20_24,4.5
532113,Typists,25_34,10.2
532113,Typists,35_44,16
532113,Typists,45_54,22.5
532113,Typists,55_59,14.7
532113,Typists,60_64,15.2
532113,Typists,65,15.3
541111,Call Centre or Contact Centre Team Leaders,15_19,3.7
541111,Call Centre or Contact Centre Team Leaders,20_24,9.4
541111,Call Centre or Contact Centre Team Leaders,25_34,33.8
541111,Call Centre or Contact Centre Team Leaders,35_44,25.1
541111,Call Centre or Contact Centre Team Leaders,45_54,17.1
541111,Call Centre or Contact Centre Team Leaders,55_59,6.2
541111,Call Centre or Contact Centre Team Leaders,60_64,3.2
541111,Call Centre or Contact Centre Team Leaders,65,1.8
541112,Call Centre or Contact Centre Operators,15_19,4
541112,Call Centre or Contact Centre Operators,20_24,18.5
541112,Call Centre or Contact Centre Operators,25_34,28.5
541112,Call Centre or Contact Centre Operators,35_44,18.6
541112,Call Centre or Contact Centre Operators,45_54,16.1
541112,Call Centre or Contact Centre Operators,55_59,7
541112,Call Centre or Contact Centre Operators,60_64,5
541112,Call Centre or Contact Centre Operators,65,2.3
542111,Receptionists (General),15_19,6.3
542111,Receptionists (General),20_24,17.2
542111,Receptionists (General),25_34,21.8
542111,Receptionists (General),35_44,15.5
542111,Receptionists (General),45_54,18
542111,Receptionists (General),55_59,9.3
542111,Receptionists (General),60_64,7.2
542111,Receptionists (General),65,4.5
542112,Admissions Clerks,15_19,1.3
542112,Admissions Clerks,20_24,8.7
542112,Admissions Clerks,25_34,16.5
542112,Admissions Clerks,35_44,15.9
542112,Admissions Clerks,45_54,23.4
542112,Admissions Clerks,55_59,14.4
542112,Admissions Clerks,60_64,12.6
542112,Admissions Clerks,65,7.2
542113,Hotel and Motel Receptionists,15_19,3.7
542113,Hotel and Motel Receptionists,20_24,18.3
542113,Hotel and Motel Receptionists,25_34,31.6
542113,Hotel and Motel Receptionists,35_44,16.7
542113,Hotel and Motel Receptionists,45_54,14
542113,Hotel and Motel Receptionists,55_59,7.1
542113,Hotel and Motel Receptionists,60_64,5.1
542113,Hotel and Motel Receptionists,65,3.6
542114,Medical Receptionists,15_19,5.3
542114,Medical Receptionists,20_24,15.9
542114,Medical Receptionists,25_34,18.3
542114,Medical Receptionists,35_44,14.4
542114,Medical Receptionists,45_54,19.4
542114,Medical Receptionists,55_59,11.3
542114,Medical Receptionists,60_64,9.4
542114,Medical Receptionists,65,6.1
551111,Accounts Clerks,15_19,0.6
551111,Accounts Clerks,20_24,4.6
551111,Accounts Clerks,25_34,17.8
551111,Accounts Clerks,35_44,24.7
551111,Accounts Clerks,45_54,26
551111,Accounts Clerks,55_59,11.8
551111,Accounts Clerks,60_64,8.5
551111,Accounts Clerks,65,5.9
551112,Cost Clerks,15_19,0.6
551112,Cost Clerks,20_24,5.2
551112,Cost Clerks,25_34,24.5
551112,Cost Clerks,35_44,25
551112,Cost Clerks,45_54,22.1
551112,Cost Clerks,55_59,9.9
551112,Cost Clerks,60_64,7.1
551112,Cost Clerks,65,5.5
552311,Bookmakers,15_19,0.7
552311,Bookmakers,20_24,9.3
552311,Bookmakers,25_34,31.4
552311,Bookmakers,35_44,27
552311,Bookmakers,45_54,13.3
552311,Bookmakers,55_59,5.6
552311,Bookmakers,60_64,3.5
552311,Bookmakers,65,10.9
552312,Insurance Consultants,15_19,0.7
552312,Insurance Consultants,20_24,8.4
552312,Insurance Consultants,25_34,29.7
552312,Insurance Consultants,35_44,27.3
552312,Insurance Consultants,45_54,20.1
552312,Insurance Consultants,55_59,6.7
552312,Insurance Consultants,60_64,4.6
552312,Insurance Consultants,65,2.5
552313,Money Market Clerks,15_19,0.3
552313,Money Market Clerks,20_24,10
552313,Money Market Clerks,25_34,28.9
552313,Money Market Clerks,35_44,26.2
552313,Money Market Clerks,45_54,19.9
552313,Money Market Clerks,55_59,5.1
552313,Money Market Clerks,60_64,5.4
552313,Money Market Clerks,65,3.2
552314,Statistical Clerks,15_19,4.7
552314,Statistical Clerks,20_24,13.3
552314,Statistical Clerks,25_34,21.1
552314,Statistical Clerks,35_44,26.6
552314,Statistical Clerks,45_54,18.8
552314,Statistical Clerks,55_59,10.9
552314,Statistical Clerks,60_64,9.4
552314,Statistical Clerks,65,3.1
561111,Betting Agency Counter Clerks,15_19,0.5
561111,Betting Agency Counter Clerks,20_24,9.2
561111,Betting Agency Counter Clerks,25_34,14.4
561111,Betting Agency Counter Clerks,35_44,13.1
561111,Betting Agency Counter Clerks,45_54,16.8
561111,Betting Agency Counter Clerks,55_59,8.7
561111,Betting Agency Counter Clerks,60_64,11.9
561111,Betting Agency Counter Clerks,65,23.5
561113,Telephone Betting Clerks,15_19,5.7
561113,Telephone Betting Clerks,20_24,20.1
561113,Telephone Betting Clerks,25_34,36.6
561113,Telephone Betting Clerks,35_44,11.3
561113,Telephone Betting Clerks,45_54,11.3
561113,Telephone Betting Clerks,55_59,1.5
561113,Telephone Betting Clerks,60_64,5.7
561113,Telephone Betting Clerks,65,7.2
561199,Other Betting Clerks,15_19,2.2
561199,Other Betting Clerks,20_24,8.3
561199,Other Betting Clerks,25_34,13.3
561199,Other Betting Clerks,35_44,12.7
561199,Other Betting Clerks,45_54,17.7
561199,Other Betting Clerks,55_59,11.6
561199,Other Betting Clerks,60_64,14.9
561199,Other Betting Clerks,65,17.1
561211,Couriers,15_19,1.5
561211,Couriers,20_24,6.1
561211,Couriers,25_34,21.1
561211,Couriers,35_44,21.1
561211,Couriers,45_54,19.1
561211,Couriers,55_59,11
561211,Couriers,60_64,10.9
561211,Couriers,65,9.3
561212,Postal Delivery Officers,15_19,0.6
561212,Postal Delivery Officers,20_24,4
561212,Postal Delivery Officers,25_34,12.1
561212,Postal Delivery Officers,35_44,15.1
561212,Postal Delivery Officers,45_54,28.1
561212,Postal Delivery Officers,55_59,18.4
561212,Postal Delivery Officers,60_64,13.7
561212,Postal Delivery Officers,65,8
561411,Mail Clerks,15_19,4
561411,Mail Clerks,20_24,10.7
561411,Mail Clerks,25_34,15.9
561411,Mail Clerks,35_44,16.9
561411,Mail Clerks,45_54,20.6
561411,Mail Clerks,55_59,12.2
561411,Mail Clerks,60_64,11
561411,Mail Clerks,65,8
561412,Postal Sorting Officers,15_19,2.6
561412,Postal Sorting Officers,20_24,7.6
561412,Postal Sorting Officers,25_34,12.6
561412,Postal Sorting Officers,35_44,15
561412,Postal Sorting Officers,45_54,24.4
561412,Postal Sorting Officers,55_59,17.1
561412,Postal Sorting Officers,60_64,13
561412,Postal Sorting Officers,65,7.6
561911,Classified Advertising Clerks,15_19,6.3
561911,Classified Advertising Clerks,20_24,12.5
561911,Classified Advertising Clerks,25_34,25.9
561911,Classified Advertising Clerks,35_44,24.1
561911,Classified Advertising Clerks,45_54,12.5
561911,Classified Advertising Clerks,55_59,8
561911,Classified Advertising Clerks,60_64,9.8
561911,Classified Advertising Clerks,65,3.6
561912,Meter Readers,15_19,2.1
561912,Meter Readers,20_24,10.1
561912,Meter Readers,25_34,18.9
561912,Meter Readers,35_44,19.6
561912,Meter Readers,45_54,20.6
561912,Meter Readers,55_59,11.9
561912,Meter Readers,60_64,10.2
561912,Meter Readers,65,7.1
561913,Parking Inspectors,15_19,0.7
561913,Parking Inspectors,20_24,3
561913,Parking Inspectors,25_34,16.2
561913,Parking Inspectors,35_44,22
561913,Parking Inspectors,45_54,26.1
561913,Parking Inspectors,55_59,16.1
561913,Parking Inspectors,60_64,11
561913,Parking Inspectors,65,5.8
561999,Clerical and Office Support Workers (not covered elsewhere),15_19,12.3
561999,Clerical and Office Support Workers (not covered elsewhere),20_24,13.9
561999,Clerical and Office Support Workers (not covered elsewhere),25_34,12.4
561999,Clerical and Office Support Workers (not covered elsewhere),35_44,12.1
561999,Clerical and Office Support Workers (not covered elsewhere),45_54,15.2
561999,Clerical and Office Support Workers (not covered elsewhere),55_59,9.3
561999,Clerical and Office Support Workers (not covered elsewhere),60_64,10.9
561999,Clerical and Office Support Workers (not covered elsewhere),65,13.9
591112,Production Clerks,15_19,1.2
591112,Production Clerks,20_24,7.5
591112,Production Clerks,25_34,24.9
591112,Production Clerks,35_44,25.6
591112,Production Clerks,45_54,21.4
591112,Production Clerks,55_59,9.8
591112,Production Clerks,60_64,6.7
591112,Production Clerks,65,2.7
591113,Purchasing Officers,15_19,0.4
591113,Purchasing Officers,20_24,4.5
591113,Purchasing Officers,25_34,20.5
591113,Purchasing Officers,35_44,27
591113,Purchasing Officers,45_54,25
591113,Purchasing Officers,55_59,10.9
591113,Purchasing Officers,60_64,7.7
591113,Purchasing Officers,65,3.8
591115,Stock Clerks,15_19,3.5
591115,Stock Clerks,20_24,10.8
591115,Stock Clerks,25_34,23.8
591115,Stock Clerks,35_44,23.4
591115,Stock Clerks,45_54,20.5
591115,Stock Clerks,55_59,8.5
591115,Stock Clerks,60_64,6.3
591115,Stock Clerks,65,3.1
591116,Warehouse Administrators,15_19,0.8
591116,Warehouse Administrators,20_24,5.4
591116,Warehouse Administrators,25_34,21.8
591116,Warehouse Administrators,35_44,26.4
591116,Warehouse Administrators,45_54,25.4
591116,Warehouse Administrators,55_59,10.1
591116,Warehouse Administrators,60_64,6.7
591116,Warehouse Administrators,65,3.4
591117,Order Clerks,15_19,4.1
591117,Order Clerks,20_24,10.8
591117,Order Clerks,25_34,26.3
591117,Order Clerks,35_44,21.8
591117,Order Clerks,45_54,20
591117,Order Clerks,55_59,8.5
591117,Order Clerks,60_64,5.5
591117,Order Clerks,65,3
591211,Despatching and Receiving Clerks,15_19,1.1
591211,Despatching and Receiving Clerks,20_24,6.7
591211,Despatching and Receiving Clerks,25_34,23
591211,Despatching and Receiving Clerks,35_44,25.4
591211,Despatching and Receiving Clerks,45_54,23.5
591211,Despatching and Receiving Clerks,55_59,10.1
591211,Despatching and Receiving Clerks,60_64,6.8
591211,Despatching and Receiving Clerks,65,3.4
591212,Import-Export Clerks,15_19,0.7
591212,Import-Export Clerks,20_24,5.2
591212,Import-Export Clerks,25_34,21.1
591212,Import-Export Clerks,35_44,28.4
591212,Import-Export Clerks,45_54,23.2
591212,Import-Export Clerks,55_59,9.9
591212,Import-Export Clerks,60_64,6.4
591212,Import-Export Clerks,65,5.1
599111,Conveyancers,15_19,1
599111,Conveyancers,20_24,8.8
599111,Conveyancers,25_34,20.7
599111,Conveyancers,35_44,24.7
599111,Conveyancers,45_54,22.2
599111,Conveyancers,55_59,9.3
599111,Conveyancers,60_64,6.9
599111,Conveyancers,65,6.2
599112,Legal Executives,15_19,1.7
599112,Legal Executives,20_24,35.7
599112,Legal Executives,25_34,27.4
599112,Legal Executives,35_44,15.1
599112,Legal Executives,45_54,11.1
599112,Legal Executives,55_59,4.4
599112,Legal Executives,60_64,2.8
599112,Legal Executives,65,1.8
599211,Clerks of Court,15_19,0.5
599211,Clerks of Court,20_24,12.3
599211,Clerks of Court,25_34,34.2
599211,Clerks of Court,35_44,17.4
599211,Clerks of Court,45_54,21.3
599211,Clerks of Court,55_59,7.6
599211,Clerks of Court,60_64,3.5
599211,Clerks of Court,65,2.5
599212,Court Bailiffs and Sheriffs,15_19,0
599212,Court Bailiffs and Sheriffs,20_24,5.5
599212,Court Bailiffs and Sheriffs,25_34,14.6
599212,Court Bailiffs and Sheriffs,35_44,18.1
599212,Court Bailiffs and Sheriffs,45_54,29.3
599212,Court Bailiffs and Sheriffs,55_59,15
599212,Court Bailiffs and Sheriffs,60_64,10.9
599212,Court Bailiffs and Sheriffs,65,7.4
599213,Court Orderlies,15_19,1.7
599213,Court Orderlies,20_24,13.9
599213,Court Orderlies,25_34,23.7
599213,Court Orderlies,35_44,16.9
599213,Court Orderlies,45_54,16.5
599213,Court Orderlies,55_59,10.6
599213,Court Orderlies,60_64,8.9
599213,Court Orderlies,65,7.6
599214,Law Clerks,15_19,3.3
599214,Law Clerks,20_24,30.9
599214,Law Clerks,25_34,27.4
599214,Law Clerks,35_44,13.7
599214,Law Clerks,45_54,12.2
599214,Law Clerks,55_59,4.8
599214,Law Clerks,60_64,4.1
599214,Law Clerks,65,3.6
599215,Trust Officers,15_19,0.2
599215,Trust Officers,20_24,4.4
599215,Trust Officers,25_34,18.7
599215,Trust Officers,35_44,24.8
599215,Trust Officers,45_54,25.1
599215,Trust Officers,55_59,11.3
599215,Trust Officers,60_64,8.5
599215,Trust Officers,65,6.7
599511,Customs Officers,15_19,0.5
599511,Customs Officers,20_24,5.4
599511,Customs Officers,25_34,16.6
599511,Customs Officers,35_44,25.3
599511,Customs Officers,45_54,30.3
599511,Customs Officers,55_59,11.8
599511,Customs Officers,60_64,6.5
599511,Customs Officers,65,3.4
599512,Immigration Officers,15_19,0.1
599512,Immigration Officers,20_24,3.4
599512,Immigration Officers,25_34,17.6
599512,Immigration Officers,35_44,30.5
599512,Immigration Officers,45_54,29.7
599512,Immigration Officers,55_59,10.3
599512,Immigration Officers,60_64,5.5
599512,Immigration Officers,65,2.7
599513,Motor Vehicle Licence Examiners,15_19,1
599513,Motor Vehicle Licence Examiners,20_24,6.7
599513,Motor Vehicle Licence Examiners,25_34,19.6
599513,Motor Vehicle Licence Examiners,35_44,23.9
599513,Motor Vehicle Licence Examiners,45_54,24.7
599513,Motor Vehicle Licence Examiners,55_59,10.1
599513,Motor Vehicle Licence Examiners,60_64,9.1
599513,Motor Vehicle Licence Examiners,65,5.5
599514,Noxious Weeds and Pest Inspectors,15_19,0.7
599514,Noxious Weeds and Pest Inspectors,20_24,6.4
599514,Noxious Weeds and Pest Inspectors,25_34,19.4
599514,Noxious Weeds and Pest Inspectors,35_44,22.3
599514,Noxious Weeds and Pest Inspectors,45_54,26.2
599514,Noxious Weeds and Pest Inspectors,55_59,11.5
599514,Noxious Weeds and Pest Inspectors,60_64,8.5
599514,Noxious Weeds and Pest Inspectors,65,4.8
599515,Social Security Assessors,15_19,1.2
599515,Social Security Assessors,20_24,8
599515,Social Security Assessors,25_34,17.8
599515,Social Security Assessors,35_44,24.1
599515,Social Security Assessors,45_54,28.6
599515,Social Security Assessors,55_59,11.3
599515,Social Security Assessors,60_64,6.6
599515,Social Security Assessors,65,2.3
599516,Taxation Inspectors,15_19,0.2
599516,Taxation Inspectors,20_24,4.1
599516,Taxation Inspectors,25_34,24.3
599516,Taxation Inspectors,35_44,28
599516,Taxation Inspectors,45_54,23.6
599516,Taxation Inspectors,55_59,10.2
599516,Taxation Inspectors,60_64,6.7
599516,Taxation Inspectors,65,2.7
599517,Train Examiners,15_19,0
599517,Train Examiners,20_24,2.1
599517,Train Examiners,25_34,23.6
599517,Train Examiners,35_44,22.2
599517,Train Examiners,45_54,17.4
599517,Train Examiners,55_59,11.1
599517,Train Examiners,60_64,13.2
599517,Train Examiners,65,8.3
599518,Transport Operations Inspectors,15_19,0
599518,Transport Operations Inspectors,20_24,2.5
599518,Transport Operations Inspectors,25_34,16.6
599518,Transport Operations Inspectors,35_44,25.6
599518,Transport Operations Inspectors,45_54,26.8
599518,Transport Operations Inspectors,55_59,14.4
599518,Transport Operations Inspectors,60_64,9
599518,Transport Operations Inspectors,65,4.9
599521,Water Inspectors,15_19,0
599521,Water Inspectors,20_24,4.2
599521,Water Inspectors,25_34,17.5
599521,Water Inspectors,35_44,27
599521,Water Inspectors,45_54,24.2
599521,Water Inspectors,55_59,16.1
599521,Water Inspectors,60_64,7.4
599521,Water Inspectors,65,5.3
599599,Other Inspectors and Regulatory Officers,15_19,0.3
599599,Other Inspectors and Regulatory Officers,20_24,4
599599,Other Inspectors and Regulatory Officers,25_34,21.1
599599,Other Inspectors and Regulatory Officers,35_44,25
599599,Other Inspectors and Regulatory Officers,45_54,25.4
599599,Other Inspectors and Regulatory Officers,55_59,11.3
599599,Other Inspectors and Regulatory Officers,60_64,8.6
599599,Other Inspectors and Regulatory Officers,65,4.4
599611,Insurance Investigators,15_19,0
599611,Insurance Investigators,20_24,1.2
599611,Insurance Investigators,25_34,16.3
599611,Insurance Investigators,35_44,22.5
599611,Insurance Investigators,45_54,25
599611,Insurance Investigators,55_59,11.9
599611,Insurance Investigators,60_64,11.6
599611,Insurance Investigators,65,9.9
599612,Insurance Loss Adjusters,15_19,0.2
599612,Insurance Loss Adjusters,20_24,2.8
599612,Insurance Loss Adjusters,25_34,20.7
599612,Insurance Loss Adjusters,35_44,26.1
599612,Insurance Loss Adjusters,45_54,26.4
599612,Insurance Loss Adjusters,55_59,9.8
599612,Insurance Loss Adjusters,60_64,8.4
599612,Insurance Loss Adjusters,65,5.8
599613,Insurance Risk Surveyors,15_19,0
599613,Insurance Risk Surveyors,20_24,1.9
599613,Insurance Risk Surveyors,25_34,16.9
599613,Insurance Risk Surveyors,35_44,32.4
599613,Insurance Risk Surveyors,45_54,28.9
599613,Insurance Risk Surveyors,55_59,9.6
599613,Insurance Risk Surveyors,60_64,5.7
599613,Insurance Risk Surveyors,65,4.8
599912,"Production Assistants (Film, Television, Radio or Stage)",15_19,2.5
599912,"Production Assistants (Film, Television, Radio or Stage)",20_24,22.3
599912,"Production Assistants (Film, Television, Radio or Stage)",25_34,43.4
599912,"Production Assistants (Film, Television, Radio or Stage)",35_44,15.5
599912,"Production Assistants (Film, Television, Radio or Stage)",45_54,10.8
599912,"Production Assistants (Film, Television, Radio or Stage)",55_59,2.6
599912,"Production Assistants (Film, Television, Radio or Stage)",60_64,1.8
599912,"Production Assistants (Film, Television, Radio or Stage)",65,1.2
599913,Proof Readers,15_19,2.6
599913,Proof Readers,20_24,4
599913,Proof Readers,25_34,11.4
599913,Proof Readers,35_44,12.1
599913,Proof Readers,45_54,17.6
599913,Proof Readers,55_59,14.3
599913,Proof Readers,60_64,9.6
599913,Proof Readers,65,28.7
599914,Radio Despatchers,15_19,0.5
599914,Radio Despatchers,20_24,6.6
599914,Radio Despatchers,25_34,31.8
599914,Radio Despatchers,35_44,22.4
599914,Radio Despatchers,45_54,23
599914,Radio Despatchers,55_59,8.4
599914,Radio Despatchers,60_64,4.5
599914,Radio Despatchers,65,3
599915,Clinical Coders,15_19,0.2
599915,Clinical Coders,20_24,1
599915,Clinical Coders,25_34,10.1
599915,Clinical Coders,35_44,21.7
599915,Clinical Coders,45_54,28.7
599915,Clinical Coders,55_59,17.5
599915,Clinical Coders,60_64,13.1
599915,Clinical Coders,65,7.6
599916,Facilities Administrators,15_19,0.7
599916,Facilities Administrators,20_24,4.2
599916,Facilities Administrators,25_34,18.4
599916,Facilities Administrators,35_44,22.4
599916,Facilities Administrators,45_54,25.2
599916,Facilities Administrators,55_59,13.8
599916,Facilities Administrators,60_64,10.3
599916,Facilities Administrators,65,4.9
599999,Clerical and Administrative Workers (not covered elsewhere),15_19,3.3
599999,Clerical and Administrative Workers (not covered elsewhere),20_24,24
599999,Clerical and Administrative Workers (not covered elsewhere),25_34,25.4
599999,Clerical and Administrative Workers (not covered elsewhere),35_44,15.8
599999,Clerical and Administrative Workers (not covered elsewhere),45_54,13.6
599999,Clerical and Administrative Workers (not covered elsewhere),55_59,6.1
599999,Clerical and Administrative Workers (not covered elsewhere),60_64,5.4
599999,Clerical and Administrative Workers (not covered elsewhere),65,6.7
611111,Auctioneers,15_19,2.1
611111,Auctioneers,20_24,3.9
611111,Auctioneers,25_34,17.5
611111,Auctioneers,35_44,21.3
611111,Auctioneers,45_54,23.1
611111,Auctioneers,55_59,10.2
611111,Auctioneers,60_64,7.8
611111,Auctioneers,65,13.6
611112,Stock and Station Agents,15_19,2.4
611112,Stock and Station Agents,20_24,6.6
611112,Stock and Station Agents,25_34,16.8
611112,Stock and Station Agents,35_44,19.2
611112,Stock and Station Agents,45_54,21.7
611112,Stock and Station Agents,55_59,10.2
611112,Stock and Station Agents,60_64,10.5
611112,Stock and Station Agents,65,12.6
611311,Sales Representatives (Building and Plumbing Supplies),15_19,0.4
611311,Sales Representatives (Building and Plumbing Supplies),20_24,3.9
611311,Sales Representatives (Building and Plumbing Supplies),25_34,17.5
611311,Sales Representatives (Building and Plumbing Supplies),35_44,23.7
611311,Sales Representatives (Building and Plumbing Supplies),45_54,29.4
611311,Sales Representatives (Building and Plumbing Supplies),55_59,12.4
611311,Sales Representatives (Building and Plumbing Supplies),60_64,8.2
611311,Sales Representatives (Building and Plumbing Supplies),65,4.6
611312,Sales Representatives (Business Services),15_19,0.7
611312,Sales Representatives (Business Services),20_24,6
611312,Sales Representatives (Business Services),25_34,26.8
611312,Sales Representatives (Business Services),35_44,25.4
611312,Sales Representatives (Business Services),45_54,22.9
611312,Sales Representatives (Business Services),55_59,8.4
611312,Sales Representatives (Business Services),60_64,5.7
611312,Sales Representatives (Business Services),65,4
611313,Sales Representatives (Motor Vehicle Parts and Accessories),15_19,0.5
611313,Sales Representatives (Motor Vehicle Parts and Accessories),20_24,3.6
611313,Sales Representatives (Motor Vehicle Parts and Accessories),25_34,20.5
611313,Sales Representatives (Motor Vehicle Parts and Accessories),35_44,25
611313,Sales Representatives (Motor Vehicle Parts and Accessories),45_54,25.8
611313,Sales Representatives (Motor Vehicle Parts and Accessories),55_59,11.5
611313,Sales Representatives (Motor Vehicle Parts and Accessories),60_64,8.1
611313,Sales Representatives (Motor Vehicle Parts and Accessories),65,4.9
611314,Sales Representatives (Personal and Household Goods),15_19,0.7
611314,Sales Representatives (Personal and Household Goods),20_24,4.1
611314,Sales Representatives (Personal and Household Goods),25_34,18.9
611314,Sales Representatives (Personal and Household Goods),35_44,26.2
611314,Sales Representatives (Personal and Household Goods),45_54,27.3
611314,Sales Representatives (Personal and Household Goods),55_59,10.5
611314,Sales Representatives (Personal and Household Goods),60_64,7.2
611314,Sales Representatives (Personal and Household Goods),65,5
611399,Other Sales Representatives,15_19,0.7
611399,Other Sales Representatives,20_24,5.5
611399,Other Sales Representatives,25_34,22.9
611399,Other Sales Representatives,35_44,25.5
611399,Other Sales Representatives,45_54,25.2
611399,Other Sales Representatives,55_59,9.6
611399,Other Sales Representatives,60_64,6.6
611399,Other Sales Representatives,65,4.1
612111,Business Brokers,15_19,0
612111,Business Brokers,20_24,2.1
612111,Business Brokers,25_34,6.3
612111,Business Brokers,35_44,16.3
612111,Business Brokers,45_54,22.1
612111,Business Brokers,55_59,15.2
612111,Business Brokers,60_64,13.9
612111,Business Brokers,65,23.1
612112,Property Managers,15_19,0.9
612112,Property Managers,20_24,7.9
612112,Property Managers,25_34,23.5
612112,Property Managers,35_44,21.4
612112,Property Managers,45_54,20.4
612112,Property Managers,55_59,8.6
612112,Property Managers,60_64,6.9
612112,Property Managers,65,10.3
612113,Real Estate Agency Principals,15_19,0.1
612113,Real Estate Agency Principals,20_24,1.1
612113,Real Estate Agency Principals,25_34,12.3
612113,Real Estate Agency Principals,35_44,25.5
612113,Real Estate Agency Principals,45_54,27.3
612113,Real Estate Agency Principals,55_59,11.4
612113,Real Estate Agency Principals,60_64,8.9
612113,Real Estate Agency Principals,65,13.4
612114,Real Estate Agents,15_19,1
612114,Real Estate Agents,20_24,6.8
612114,Real Estate Agents,25_34,21.4
612114,Real Estate Agents,35_44,23.6
612114,Real Estate Agents,45_54,22.7
612114,Real Estate Agents,55_59,9.4
612114,Real Estate Agents,60_64,7
612114,Real Estate Agents,65,8.1
612115,Real Estate Representatives,15_19,2.1
612115,Real Estate Representatives,20_24,8.4
612115,Real Estate Representatives,25_34,21.1
612115,Real Estate Representatives,35_44,21.3
612115,Real Estate Representatives,45_54,20.5
612115,Real Estate Representatives,55_59,9.2
612115,Real Estate Representatives,60_64,8
612115,Real Estate Representatives,65,9.4
621311,Motor Vehicle and Caravan Salespersons,15_19,1.8
621311,Motor Vehicle and Caravan Salespersons,20_24,10.2
621311,Motor Vehicle and Caravan Salespersons,25_34,24.7
621311,Motor Vehicle and Caravan Salespersons,35_44,21.3
621311,Motor Vehicle and Caravan Salespersons,45_54,20.3
621311,Motor Vehicle and Caravan Salespersons,55_59,9.1
621311,Motor Vehicle and Caravan Salespersons,60_64,6.8
621311,Motor Vehicle and Caravan Salespersons,65,6
621312,Motor Vehicle Parts Interpreters,15_19,4.1
621312,Motor Vehicle Parts Interpreters,20_24,11.8
621312,Motor Vehicle Parts Interpreters,25_34,23.2
621312,Motor Vehicle Parts Interpreters,35_44,20
621312,Motor Vehicle Parts Interpreters,45_54,20.3
621312,Motor Vehicle Parts Interpreters,55_59,9.4
621312,Motor Vehicle Parts Interpreters,60_64,6.9
621312,Motor Vehicle Parts Interpreters,65,4.3
621711,Cash Van Salespersons,15_19,2
621711,Cash Van Salespersons,20_24,4.6
621711,Cash Van Salespersons,25_34,14.3
621711,Cash Van Salespersons,35_44,19.2
621711,Cash Van Salespersons,45_54,26.8
621711,Cash Van Salespersons,55_59,12.8
621711,Cash Van Salespersons,60_64,10.6
621711,Cash Van Salespersons,65,8.8
621712,Door-to-door Salespersons,15_19,4.7
621712,Door-to-door Salespersons,20_24,13
621712,Door-to-door Salespersons,25_34,21.6
621712,Door-to-door Salespersons,35_44,20.2
621712,Door-to-door Salespersons,45_54,20
621712,Door-to-door Salespersons,55_59,7.1
621712,Door-to-door Salespersons,60_64,6.5
621712,Door-to-door Salespersons,65,6.5
621713,Street Vendors,15_19,8
621713,Street Vendors,20_24,4.2
621713,Street Vendors,25_34,11.8
621713,Street Vendors,35_44,16.7
621713,Street Vendors,45_54,18.4
621713,Street Vendors,55_59,11.3
621713,Street Vendors,60_64,11.5
621713,Street Vendors,65,18.2
621911,Materials Recyclers,15_19,5.7
621911,Materials Recyclers,20_24,9.5
621911,Materials Recyclers,25_34,19.3
621911,Materials Recyclers,35_44,19.4
621911,Materials Recyclers,45_54,22
621911,Materials Recyclers,55_59,9.9
621911,Materials Recyclers,60_64,7.4
621911,Materials Recyclers,65,7
621912,Rental Salespersons,15_19,4.8
621912,Rental Salespersons,20_24,12.8
621912,Rental Salespersons,25_34,25.2
621912,Rental Salespersons,35_44,20
621912,Rental Salespersons,45_54,17.6
621912,Rental Salespersons,55_59,8.9
621912,Rental Salespersons,60_64,6.2
621912,Rental Salespersons,65,4.8
621999,Sales Assistants and Salespersons (not covered elsewhere),15_19,5.8
621999,Sales Assistants and Salespersons (not covered elsewhere),20_24,7.9
621999,Sales Assistants and Salespersons (not covered elsewhere),25_34,17
621999,Sales Assistants and Salespersons (not covered elsewhere),35_44,19
621999,Sales Assistants and Salespersons (not covered elsewhere),45_54,23.4
621999,Sales Assistants and Salespersons (not covered elsewhere),55_59,10.7
621999,Sales Assistants and Salespersons (not covered elsewhere),60_64,8.9
621999,Sales Assistants and Salespersons (not covered elsewhere),65,7.5
631111,Checkout Operators,15_19,40.2
631111,Checkout Operators,20_24,18.6
631111,Checkout Operators,25_34,13.5
631111,Checkout Operators,35_44,8.2
631111,Checkout Operators,45_54,8.5
631111,Checkout Operators,55_59,4.8
631111,Checkout Operators,60_64,4
631111,Checkout Operators,65,2.4
631112,Cashiers,15_19,25.2
631112,Cashiers,20_24,19.5
631112,Cashiers,25_34,19.3
631112,Cashiers,35_44,12.2
631112,Cashiers,45_54,11.1
631112,Cashiers,55_59,5.3
631112,Cashiers,60_64,4.3
631112,Cashiers,65,3
639111,Models,15_19,10.8
639111,Models,20_24,30.6
639111,Models,25_34,35.7
639111,Models,35_44,12.4
639111,Models,45_54,7.2
639111,Models,55_59,2.5
639111,Models,60_64,1
639111,Models,65,0.7
639112,Sales Demonstrators,15_19,1.9
639112,Sales Demonstrators,20_24,6.9
639112,Sales Demonstrators,25_34,13.6
639112,Sales Demonstrators,35_44,18.9
639112,Sales Demonstrators,45_54,27.8
639112,Sales Demonstrators,55_59,14
639112,Sales Demonstrators,60_64,10.5
639112,Sales Demonstrators,65,6.3
639211,Retail Buyers,15_19,0.1
639211,Retail Buyers,20_24,3.6
639211,Retail Buyers,25_34,35.7
639211,Retail Buyers,35_44,30.5
639211,Retail Buyers,45_54,18.1
639211,Retail Buyers,55_59,5.1
639211,Retail Buyers,60_64,4.1
639211,Retail Buyers,65,2.9
639212,Wool Buyers,15_19,0
639212,Wool Buyers,20_24,3.6
639212,Wool Buyers,25_34,8.8
639212,Wool Buyers,35_44,9.8
639212,Wool Buyers,45_54,25.9
639212,Wool Buyers,55_59,25.9
639212,Wool Buyers,60_64,14
639212,Wool Buyers,65,17.1
639411,Ticket Sellers,15_19,12.6
639411,Ticket Sellers,20_24,15.5
639411,Ticket Sellers,25_34,19.8
639411,Ticket Sellers,35_44,17.3
639411,Ticket Sellers,45_54,17.4
639411,Ticket Sellers,55_59,8.2
639411,Ticket Sellers,60_64,5.6
639411,Ticket Sellers,65,3.5
639412,Transport Conductors,15_19,0
639412,Transport Conductors,20_24,5.7
639412,Transport Conductors,25_34,18.8
639412,Transport Conductors,35_44,25
639412,Transport Conductors,45_54,24.1
639412,Transport Conductors,55_59,14.3
639412,Transport Conductors,60_64,6.3
639412,Transport Conductors,65,6.8
711111,Clay Products Machine Operators,15_19,1.9
711111,Clay Products Machine Operators,20_24,7.4
711111,Clay Products Machine Operators,25_34,21.3
711111,Clay Products Machine Operators,35_44,19.8
711111,Clay Products Machine Operators,45_54,26.2
711111,Clay Products Machine Operators,55_59,10.9
711111,Clay Products Machine Operators,60_64,7.2
711111,Clay Products Machine Operators,65,4
711112,Concrete Products Machine Operators,15_19,1.8
711112,Concrete Products Machine Operators,20_24,11.1
711112,Concrete Products Machine Operators,25_34,27.6
711112,Concrete Products Machine Operators,35_44,21.2
711112,Concrete Products Machine Operators,45_54,20.8
711112,Concrete Products Machine Operators,55_59,8.2
711112,Concrete Products Machine Operators,60_64,5.7
711112,Concrete Products Machine Operators,65,3.4
711113,Glass Production Machine Operators,15_19,0.9
711113,Glass Production Machine Operators,20_24,5.4
711113,Glass Production Machine Operators,25_34,21
711113,Glass Production Machine Operators,35_44,23.9
711113,Glass Production Machine Operators,45_54,26.5
711113,Glass Production Machine Operators,55_59,11.3
711113,Glass Production Machine Operators,60_64,6.9
711113,Glass Production Machine Operators,65,2.8
711114,Stone Processing Machine Operators,15_19,6.7
711114,Stone Processing Machine Operators,20_24,13
711114,Stone Processing Machine Operators,25_34,27.1
711114,Stone Processing Machine Operators,35_44,18.7
711114,Stone Processing Machine Operators,45_54,21.5
711114,Stone Processing Machine Operators,55_59,9.2
711114,Stone Processing Machine Operators,60_64,4.9
711114,Stone Processing Machine Operators,65,1.1
711199,"Other Clay, Concrete, Glass and Stone Processing Machine Operators",15_19,0
711199,"Other Clay, Concrete, Glass and Stone Processing Machine Operators",20_24,4.3
711199,"Other Clay, Concrete, Glass and Stone Processing Machine Operators",25_34,17.4
711199,"Other Clay, Concrete, Glass and Stone Processing Machine Operators",35_44,22.2
711199,"Other Clay, Concrete, Glass and Stone Processing Machine Operators",45_54,33.3
711199,"Other Clay, Concrete, Glass and Stone Processing Machine Operators",55_59,11.6
711199,"Other Clay, Concrete, Glass and Stone Processing Machine Operators",60_64,6.3
711199,"Other Clay, Concrete, Glass and Stone Processing Machine Operators",65,6.3
711311,Paper Products Machine Operators,15_19,1.6
711311,Paper Products Machine Operators,20_24,4.7
711311,Paper Products Machine Operators,25_34,14.6
711311,Paper Products Machine Operators,35_44,21.9
711311,Paper Products Machine Operators,45_54,27.3
711311,Paper Products Machine Operators,55_59,14.5
711311,Paper Products Machine Operators,60_64,10
711311,Paper Products Machine Operators,65,5
711313,Sawmilling Operators,15_19,4.1
711313,Sawmilling Operators,20_24,10
711313,Sawmilling Operators,25_34,20.9
711313,Sawmilling Operators,35_44,19.6
711313,Sawmilling Operators,45_54,19.4
711313,Sawmilling Operators,55_59,12.6
711313,Sawmilling Operators,60_64,7.6
711313,Sawmilling Operators,65,5.1
711314,Other Wood Processing Machine Operators,15_19,3.8
711314,Other Wood Processing Machine Operators,20_24,11.9
711314,Other Wood Processing Machine Operators,25_34,22.9
711314,Other Wood Processing Machine Operators,35_44,17.9
711314,Other Wood Processing Machine Operators,45_54,21.9
711314,Other Wood Processing Machine Operators,55_59,9.6
711314,Other Wood Processing Machine Operators,60_64,7.2
711314,Other Wood Processing Machine Operators,65,4.8
711511,Plastic Cablemaking Machine Operators,15_19,0
711511,Plastic Cablemaking Machine Operators,20_24,0
711511,Plastic Cablemaking Machine Operators,25_34,5.4
711511,Plastic Cablemaking Machine Operators,35_44,23.2
711511,Plastic Cablemaking Machine Operators,45_54,23.2
711511,Plastic Cablemaking Machine Operators,55_59,19.6
711511,Plastic Cablemaking Machine Operators,60_64,14.3
711511,Plastic Cablemaking Machine Operators,65,10.7
711512,Plastic Compounding and Reclamation Machine Operators,15_19,0
711512,Plastic Compounding and Reclamation Machine Operators,20_24,6.8
711512,Plastic Compounding and Reclamation Machine Operators,25_34,16.9
711512,Plastic Compounding and Reclamation Machine Operators,35_44,16.9
711512,Plastic Compounding and Reclamation Machine Operators,45_54,23.7
711512,Plastic Compounding and Reclamation Machine Operators,55_59,20.3
711512,Plastic Compounding and Reclamation Machine Operators,60_64,5.1
711512,Plastic Compounding and Reclamation Machine Operators,65,0
711513,Plastics Fabricators and Welders,15_19,2.8
711513,Plastics Fabricators and Welders,20_24,8.7
711513,Plastics Fabricators and Welders,25_34,23.1
711513,Plastics Fabricators and Welders,35_44,23
711513,Plastics Fabricators and Welders,45_54,21.1
711513,Plastics Fabricators and Welders,55_59,9
711513,Plastics Fabricators and Welders,60_64,7.1
711513,Plastics Fabricators and Welders,65,4.5
711514,Plastics Production Machine Operators (General),15_19,1.3
711514,Plastics Production Machine Operators (General),20_24,5.2
711514,Plastics Production Machine Operators (General),25_34,14.4
711514,Plastics Production Machine Operators (General),35_44,18.9
711514,Plastics Production Machine Operators (General),45_54,29.2
711514,Plastics Production Machine Operators (General),55_59,14.7
711514,Plastics Production Machine Operators (General),60_64,12.1
711514,Plastics Production Machine Operators (General),65,4.2
711515,Reinforced Plastic and Composite Production Workers,15_19,4.7
711515,Reinforced Plastic and Composite Production Workers,20_24,12.1
711515,Reinforced Plastic and Composite Production Workers,25_34,19
711515,Reinforced Plastic and Composite Production Workers,35_44,18.3
711515,Reinforced Plastic and Composite Production Workers,45_54,22.4
711515,Reinforced Plastic and Composite Production Workers,55_59,10.2
711515,Reinforced Plastic and Composite Production Workers,60_64,8.8
711515,Reinforced Plastic and Composite Production Workers,65,4
711516,Rubber Production Machine Operators,15_19,1.6
711516,Rubber Production Machine Operators,20_24,10.8
711516,Rubber Production Machine Operators,25_34,27.8
711516,Rubber Production Machine Operators,35_44,23.3
711516,Rubber Production Machine Operators,45_54,19.9
711516,Rubber Production Machine Operators,55_59,8.6
711516,Rubber Production Machine Operators,60_64,5.4
711516,Rubber Production Machine Operators,65,2.7
711599,Other Plastics and Rubber Production Machine Operators,15_19,0
711599,Other Plastics and Rubber Production Machine Operators,20_24,11.5
711599,Other Plastics and Rubber Production Machine Operators,25_34,12.2
711599,Other Plastics and Rubber Production Machine Operators,35_44,16.9
711599,Other Plastics and Rubber Production Machine Operators,45_54,27
711599,Other Plastics and Rubber Production Machine Operators,55_59,9.5
711599,Other Plastics and Rubber Production Machine Operators,60_64,14.2
711599,Other Plastics and Rubber Production Machine Operators,65,2
711711,Footwear Production Machine Operators,15_19,0
711711,Footwear Production Machine Operators,20_24,7.4
711711,Footwear Production Machine Operators,25_34,11.8
711711,Footwear Production Machine Operators,35_44,11
711711,Footwear Production Machine Operators,45_54,26.5
711711,Footwear Production Machine Operators,55_59,18.4
711711,Footwear Production Machine Operators,60_64,19.9
711711,Footwear Production Machine Operators,65,7.4
711712,Hide and Skin Processing Machine Operators,15_19,3.9
711712,Hide and Skin Processing Machine Operators,20_24,9.7
711712,Hide and Skin Processing Machine Operators,25_34,13.5
711712,Hide and Skin Processing Machine Operators,35_44,30.3
711712,Hide and Skin Processing Machine Operators,45_54,16.1
711712,Hide and Skin Processing Machine Operators,55_59,15.5
711712,Hide and Skin Processing Machine Operators,60_64,7.1
711712,Hide and Skin Processing Machine Operators,65,6.5
711713,Knitting Machine Operators,15_19,0
711713,Knitting Machine Operators,20_24,7.4
711713,Knitting Machine Operators,25_34,5.6
711713,Knitting Machine Operators,35_44,9.3
711713,Knitting Machine Operators,45_54,22.2
711713,Knitting Machine Operators,55_59,25.9
711713,Knitting Machine Operators,60_64,11.1
711713,Knitting Machine Operators,65,5.6
711714,Textile Dyeing and Finishing Machine Operators,15_19,0
711714,Textile Dyeing and Finishing Machine Operators,20_24,4.3
711714,Textile Dyeing and Finishing Machine Operators,25_34,10.6
711714,Textile Dyeing and Finishing Machine Operators,35_44,22.3
711714,Textile Dyeing and Finishing Machine Operators,45_54,27.7
711714,Textile Dyeing and Finishing Machine Operators,55_59,18.1
711714,Textile Dyeing and Finishing Machine Operators,60_64,14.9
711714,Textile Dyeing and Finishing Machine Operators,65,8.5
711715,Weaving Machine Operators,15_19,1.8
711715,Weaving Machine Operators,20_24,7.2
711715,Weaving Machine Operators,25_34,15.4
711715,Weaving Machine Operators,35_44,15.4
711715,Weaving Machine Operators,45_54,24.4
711715,Weaving Machine Operators,55_59,13.6
711715,Weaving Machine Operators,60_64,14.9
711715,Weaving Machine Operators,65,11.3
711716,Yarn Carding and Spinning Machine Operators,15_19,2.8
711716,Yarn Carding and Spinning Machine Operators,20_24,3.7
711716,Yarn Carding and Spinning Machine Operators,25_34,38.1
711716,Yarn Carding and Spinning Machine Operators,35_44,13.5
711716,Yarn Carding and Spinning Machine Operators,45_54,19.5
711716,Yarn Carding and Spinning Machine Operators,55_59,8.8
711716,Yarn Carding and Spinning Machine Operators,60_64,7
711716,Yarn Carding and Spinning Machine Operators,65,1.4
711799,Other Textile and Footwear Production Machine Operators,15_19,1.5
711799,Other Textile and Footwear Production Machine Operators,20_24,6.4
711799,Other Textile and Footwear Production Machine Operators,25_34,12.2
711799,Other Textile and Footwear Production Machine Operators,35_44,20.9
711799,Other Textile and Footwear Production Machine Operators,45_54,23.4
711799,Other Textile and Footwear Production Machine Operators,55_59,17.6
711799,Other Textile and Footwear Production Machine Operators,60_64,12.2
711799,Other Textile and Footwear Production Machine Operators,65,8.4
711911,Chemical Production Machine Operators,15_19,1.5
711911,Chemical Production Machine Operators,20_24,5.3
711911,Chemical Production Machine Operators,25_34,22.4
711911,Chemical Production Machine Operators,35_44,24.6
711911,Chemical Production Machine Operators,45_54,24.6
711911,Chemical Production Machine Operators,55_59,10.6
711911,Chemical Production Machine Operators,60_64,7.9
711911,Chemical Production Machine Operators,65,3
711912,Motion Picture Projectionists,15_19,3
711912,Motion Picture Projectionists,20_24,19.2
711912,Motion Picture Projectionists,25_34,29.3
711912,Motion Picture Projectionists,35_44,12.1
711912,Motion Picture Projectionists,45_54,11.1
711912,Motion Picture Projectionists,55_59,7.1
711912,Motion Picture Projectionists,60_64,5.1
711912,Motion Picture Projectionists,65,5.1
711913,Sand Blasters,15_19,3
711913,Sand Blasters,20_24,12.9
711913,Sand Blasters,25_34,19.7
711913,Sand Blasters,35_44,21.5
711913,Sand Blasters,45_54,22.7
711913,Sand Blasters,55_59,11.1
711913,Sand Blasters,60_64,4.5
711913,Sand Blasters,65,4.2
711914,Sterilisation Technicians,15_19,0.8
711914,Sterilisation Technicians,20_24,3.7
711914,Sterilisation Technicians,25_34,11.1
711914,Sterilisation Technicians,35_44,20.3
711914,Sterilisation Technicians,45_54,28.7
711914,Sterilisation Technicians,55_59,16.3
711914,Sterilisation Technicians,60_64,12.5
711914,Sterilisation Technicians,65,6.5
711999,Machine Operators (not covered elsewhere),15_19,6.6
711999,Machine Operators (not covered elsewhere),20_24,12.8
711999,Machine Operators (not covered elsewhere),25_34,25.6
711999,Machine Operators (not covered elsewhere),35_44,22
711999,Machine Operators (not covered elsewhere),45_54,17.8
711999,Machine Operators (not covered elsewhere),55_59,7.2
711999,Machine Operators (not covered elsewhere),60_64,5
711999,Machine Operators (not covered elsewhere),65,2.9
712211,Drillers,15_19,0.7
712211,Drillers,20_24,5.6
712211,Drillers,25_34,29.7
712211,Drillers,35_44,32
712211,Drillers,45_54,21.1
712211,Drillers,55_59,6.4
712211,Drillers,60_64,2.9
712211,Drillers,65,1.5
712212,Miners,15_19,0.7
712212,Miners,20_24,5.6
712212,Miners,25_34,22.7
712212,Miners,35_44,28.1
712212,Miners,45_54,25.4
712212,Miners,55_59,9.7
712212,Miners,60_64,5.9
712212,Miners,65,2.1
712213,Shot Firers,15_19,0.8
712213,Shot Firers,20_24,8.2
712213,Shot Firers,25_34,33.3
712213,Shot Firers,35_44,30.2
712213,Shot Firers,45_54,19
712213,Shot Firers,55_59,5.1
712213,Shot Firers,60_64,2.6
712213,Shot Firers,65,0.8
712911,Boiler and Engine Operators,15_19,0
712911,Boiler and Engine Operators,20_24,2.9
712911,Boiler and Engine Operators,25_34,16.5
712911,Boiler and Engine Operators,35_44,19.7
712911,Boiler and Engine Operators,45_54,23.9
712911,Boiler and Engine Operators,55_59,14.5
712911,Boiler and Engine Operators,60_64,12.7
712911,Boiler and Engine Operators,65,8.5
712912,Bulk Materials Handling Plant Operators,15_19,3.2
712912,Bulk Materials Handling Plant Operators,20_24,8.2
712912,Bulk Materials Handling Plant Operators,25_34,21.8
712912,Bulk Materials Handling Plant Operators,35_44,19.2
712912,Bulk Materials Handling Plant Operators,45_54,21.8
712912,Bulk Materials Handling Plant Operators,55_59,12.1
712912,Bulk Materials Handling Plant Operators,60_64,9.7
712912,Bulk Materials Handling Plant Operators,65,4.1
712913,Cement Production Plant Operators,15_19,2.9
712913,Cement Production Plant Operators,20_24,4.5
712913,Cement Production Plant Operators,25_34,13.8
712913,Cement Production Plant Operators,35_44,20.6
712913,Cement Production Plant Operators,45_54,29.6
712913,Cement Production Plant Operators,55_59,17
712913,Cement Production Plant Operators,60_64,11.6
712913,Cement Production Plant Operators,65,2.9
712914,Concrete Batching Plant Operators,15_19,0.8
712914,Concrete Batching Plant Operators,20_24,2.9
712914,Concrete Batching Plant Operators,25_34,20.7
712914,Concrete Batching Plant Operators,35_44,25.9
712914,Concrete Batching Plant Operators,45_54,28.8
712914,Concrete Batching Plant Operators,55_59,10.5
712914,Concrete Batching Plant Operators,60_64,7.2
712914,Concrete Batching Plant Operators,65,2.8
712915,Concrete Pump Operators,15_19,3.7
712915,Concrete Pump Operators,20_24,12
712915,Concrete Pump Operators,25_34,30.1
712915,Concrete Pump Operators,35_44,25
712915,Concrete Pump Operators,45_54,18.6
712915,Concrete Pump Operators,55_59,5.7
712915,Concrete Pump Operators,60_64,3
712915,Concrete Pump Operators,65,1.6
712916,Paper and Pulp Mill Operators,15_19,0.6
712916,Paper and Pulp Mill Operators,20_24,3.3
712916,Paper and Pulp Mill Operators,25_34,16.9
712916,Paper and Pulp Mill Operators,35_44,21.2
712916,Paper and Pulp Mill Operators,45_54,25.7
712916,Paper and Pulp Mill Operators,55_59,16.9
712916,Paper and Pulp Mill Operators,60_64,11.5
712916,Paper and Pulp Mill Operators,65,3.4
712917,Railway Signal Operators,15_19,1.1
712917,Railway Signal Operators,20_24,6.1
712917,Railway Signal Operators,25_34,24.7
712917,Railway Signal Operators,35_44,23
712917,Railway Signal Operators,45_54,22.2
712917,Railway Signal Operators,55_59,11
712917,Railway Signal Operators,60_64,8.7
712917,Railway Signal Operators,65,3.5
712918,Train Controllers,15_19,0
712918,Train Controllers,20_24,1.5
712918,Train Controllers,25_34,21.6
712918,Train Controllers,35_44,26.4
712918,Train Controllers,45_54,27.9
712918,Train Controllers,55_59,12.2
712918,Train Controllers,60_64,7.8
712918,Train Controllers,65,2.6
712921,Waste Water and Water Plant Operators,15_19,0.8
712921,Waste Water and Water Plant Operators,20_24,4.5
712921,Waste Water and Water Plant Operators,25_34,17.7
712921,Waste Water and Water Plant Operators,35_44,22.9
712921,Waste Water and Water Plant Operators,45_54,26.2
712921,Waste Water and Water Plant Operators,55_59,14
712921,Waste Water and Water Plant Operators,60_64,9.7
712921,Waste Water and Water Plant Operators,65,4.2
712922,Weighbridge Operators,15_19,1.9
712922,Weighbridge Operators,20_24,8.3
712922,Weighbridge Operators,25_34,19.1
712922,Weighbridge Operators,35_44,17.4
712922,Weighbridge Operators,45_54,22.2
712922,Weighbridge Operators,55_59,12.4
712922,Weighbridge Operators,60_64,11.8
712922,Weighbridge Operators,65,6.5
712999,Stationary Plant Operators (not covered elsewhere),15_19,1.5
712999,Stationary Plant Operators (not covered elsewhere),20_24,6.1
712999,Stationary Plant Operators (not covered elsewhere),25_34,22.9
712999,Stationary Plant Operators (not covered elsewhere),35_44,22.5
712999,Stationary Plant Operators (not covered elsewhere),45_54,23.3
712999,Stationary Plant Operators (not covered elsewhere),55_59,11.8
712999,Stationary Plant Operators (not covered elsewhere),60_64,7.8
712999,Stationary Plant Operators (not covered elsewhere),65,4.1
721111,Agricultural and Horticultural Mobile Plant Operators,15_19,6.3
721111,Agricultural and Horticultural Mobile Plant Operators,20_24,11.5
721111,Agricultural and Horticultural Mobile Plant Operators,25_34,21
721111,Agricultural and Horticultural Mobile Plant Operators,35_44,15.9
721111,Agricultural and Horticultural Mobile Plant Operators,45_54,17.9
721111,Agricultural and Horticultural Mobile Plant Operators,55_59,9.5
721111,Agricultural and Horticultural Mobile Plant Operators,60_64,9.4
721111,Agricultural and Horticultural Mobile Plant Operators,65,8.4
721112,Logging Plant Operators,15_19,2.8
721112,Logging Plant Operators,20_24,9.8
721112,Logging Plant Operators,25_34,21.2
721112,Logging Plant Operators,35_44,22.3
721112,Logging Plant Operators,45_54,21.7
721112,Logging Plant Operators,55_59,11
721112,Logging Plant Operators,60_64,6.5
721112,Logging Plant Operators,65,4.5
721211,Earthmoving Plant Operators (General),15_19,0.3
721211,Earthmoving Plant Operators (General),20_24,2.4
721211,Earthmoving Plant Operators (General),25_34,16.2
721211,Earthmoving Plant Operators (General),35_44,22
721211,Earthmoving Plant Operators (General),45_54,25.8
721211,Earthmoving Plant Operators (General),55_59,14.1
721211,Earthmoving Plant Operators (General),60_64,11.8
721211,Earthmoving Plant Operators (General),65,7.5
721212,Backhoe Operators,15_19,0.9
721212,Backhoe Operators,20_24,1.2
721212,Backhoe Operators,25_34,9
721212,Backhoe Operators,35_44,11.8
721212,Backhoe Operators,45_54,24.4
721212,Backhoe Operators,55_59,19
721212,Backhoe Operators,60_64,19
721212,Backhoe Operators,65,13.7
721213,Bulldozer Operators,15_19,0.6
721213,Bulldozer Operators,20_24,5.1
721213,Bulldozer Operators,25_34,14.5
721213,Bulldozer Operators,35_44,21.3
721213,Bulldozer Operators,45_54,23.9
721213,Bulldozer Operators,55_59,13
721213,Bulldozer Operators,60_64,11.8
721213,Bulldozer Operators,65,10
721214,Excavator Operators,15_19,1.1
721214,Excavator Operators,20_24,6
721214,Excavator Operators,25_34,22.7
721214,Excavator Operators,35_44,24.8
721214,Excavator Operators,45_54,24.1
721214,Excavator Operators,55_59,9.9
721214,Excavator Operators,60_64,7.1
721214,Excavator Operators,65,4.3
721215,Grader Operators,15_19,0.5
721215,Grader Operators,20_24,2.4
721215,Grader Operators,25_34,13.3
721215,Grader Operators,35_44,17.6
721215,Grader Operators,45_54,24.2
721215,Grader Operators,55_59,17.1
721215,Grader Operators,60_64,15.8
721215,Grader Operators,65,9
721216,Loader Operators,15_19,1.3
721216,Loader Operators,20_24,5.4
721216,Loader Operators,25_34,15.9
721216,Loader Operators,35_44,18.7
721216,Loader Operators,45_54,25.9
721216,Loader Operators,55_59,14.6
721216,Loader Operators,60_64,11.6
721216,Loader Operators,65,6.8
721911,Aircraft Baggage Handlers and Airline Ground Crews,15_19,4.8
721911,Aircraft Baggage Handlers and Airline Ground Crews,20_24,19.9
721911,Aircraft Baggage Handlers and Airline Ground Crews,25_34,24.4
721911,Aircraft Baggage Handlers and Airline Ground Crews,35_44,17.9
721911,Aircraft Baggage Handlers and Airline Ground Crews,45_54,19.4
721911,Aircraft Baggage Handlers and Airline Ground Crews,55_59,7.9
721911,Aircraft Baggage Handlers and Airline Ground Crews,60_64,4
721911,Aircraft Baggage Handlers and Airline Ground Crews,65,1.7
721912,Linemarkers,15_19,1.9
721912,Linemarkers,20_24,12.8
721912,Linemarkers,25_34,26.4
721912,Linemarkers,35_44,19.5
721912,Linemarkers,45_54,17.7
721912,Linemarkers,55_59,10.5
721912,Linemarkers,60_64,6.6
721912,Linemarkers,65,3.4
721913,Paving Plant Operators,15_19,1.2
721913,Paving Plant Operators,20_24,4.8
721913,Paving Plant Operators,25_34,28.4
721913,Paving Plant Operators,35_44,24
721913,Paving Plant Operators,45_54,19.2
721913,Paving Plant Operators,55_59,10.4
721913,Paving Plant Operators,60_64,8.8
721913,Paving Plant Operators,65,1.2
721914,Railway Track Plant Operators,15_19,1
721914,Railway Track Plant Operators,20_24,6.4
721914,Railway Track Plant Operators,25_34,27
721914,Railway Track Plant Operators,35_44,24.2
721914,Railway Track Plant Operators,45_54,22.1
721914,Railway Track Plant Operators,55_59,9.3
721914,Railway Track Plant Operators,60_64,6.4
721914,Railway Track Plant Operators,65,3.3
721915,Road Roller Operators,15_19,4.1
721915,Road Roller Operators,20_24,8
721915,Road Roller Operators,25_34,15.1
721915,Road Roller Operators,35_44,13.6
721915,Road Roller Operators,45_54,21.7
721915,Road Roller Operators,55_59,16.8
721915,Road Roller Operators,60_64,13.3
721915,Road Roller Operators,65,7.2
721916,Streetsweeper Operators,15_19,0
721916,Streetsweeper Operators,20_24,1.1
721916,Streetsweeper Operators,25_34,8.7
721916,Streetsweeper Operators,35_44,15.8
721916,Streetsweeper Operators,45_54,27.2
721916,Streetsweeper Operators,55_59,20.4
721916,Streetsweeper Operators,60_64,15.9
721916,Streetsweeper Operators,65,11.1
721999,Mobile Plant Operators (not covered elsewhere),15_19,2.7
721999,Mobile Plant Operators (not covered elsewhere),20_24,9.3
721999,Mobile Plant Operators (not covered elsewhere),25_34,26.5
721999,Mobile Plant Operators (not covered elsewhere),35_44,26.3
721999,Mobile Plant Operators (not covered elsewhere),45_54,19.4
721999,Mobile Plant Operators (not covered elsewhere),55_59,7.3
721999,Mobile Plant Operators (not covered elsewhere),60_64,5.6
721999,Mobile Plant Operators (not covered elsewhere),65,2.9
731111,Chauffeurs,15_19,0.3
731111,Chauffeurs,20_24,1.4
731111,Chauffeurs,25_34,5.8
731111,Chauffeurs,35_44,11.1
731111,Chauffeurs,45_54,19.6
731111,Chauffeurs,55_59,15.7
731111,Chauffeurs,60_64,20.7
731111,Chauffeurs,65,25.5
731112,Taxi Drivers,15_19,0
731112,Taxi Drivers,20_24,1.3
731112,Taxi Drivers,25_34,15.7
731112,Taxi Drivers,35_44,24.4
731112,Taxi Drivers,45_54,17.4
731112,Taxi Drivers,55_59,12.5
731112,Taxi Drivers,60_64,13.2
731112,Taxi Drivers,65,15.5
731199,Other Automobile Drivers,15_19,0.1
731199,Other Automobile Drivers,20_24,4.4
731199,Other Automobile Drivers,25_34,28.4
731199,Other Automobile Drivers,35_44,24.1
731199,Other Automobile Drivers,45_54,17.4
731199,Other Automobile Drivers,55_59,9.3
731199,Other Automobile Drivers,60_64,8.3
731199,Other Automobile Drivers,65,8
731211,Bus Drivers,15_19,0
731211,Bus Drivers,20_24,0.3
731211,Bus Drivers,25_34,6
731211,Bus Drivers,35_44,15.3
731211,Bus Drivers,45_54,22.7
731211,Bus Drivers,55_59,16.7
731211,Bus Drivers,60_64,18.3
731211,Bus Drivers,65,20.7
731212,Charter and Tour Bus Drivers,15_19,0
731212,Charter and Tour Bus Drivers,20_24,0.2
731212,Charter and Tour Bus Drivers,25_34,3.2
731212,Charter and Tour Bus Drivers,35_44,9.6
731212,Charter and Tour Bus Drivers,45_54,18.9
731212,Charter and Tour Bus Drivers,55_59,17.4
731212,Charter and Tour Bus Drivers,60_64,21.1
731212,Charter and Tour Bus Drivers,65,29.4
731213,Passenger Coach Drivers,15_19,0
731213,Passenger Coach Drivers,20_24,1
731213,Passenger Coach Drivers,25_34,3.7
731213,Passenger Coach Drivers,35_44,9.4
731213,Passenger Coach Drivers,45_54,22.4
731213,Passenger Coach Drivers,55_59,20.3
731213,Passenger Coach Drivers,60_64,21.7
731213,Passenger Coach Drivers,65,21.8
731311,Train Drivers,15_19,0.3
731311,Train Drivers,20_24,2.7
731311,Train Drivers,25_34,16.2
731311,Train Drivers,35_44,24
731311,Train Drivers,45_54,25.2
731311,Train Drivers,55_59,15.5
731311,Train Drivers,60_64,11.5
731311,Train Drivers,65,4.7
731312,Tram Drivers,15_19,0
731312,Tram Drivers,20_24,0.3
731312,Tram Drivers,25_34,10.5
731312,Tram Drivers,35_44,21.3
731312,Tram Drivers,45_54,27.8
731312,Tram Drivers,55_59,15.4
731312,Tram Drivers,60_64,13.1
731312,Tram Drivers,65,11.6
733111,Truck Drivers (General),15_19,0.3
733111,Truck Drivers (General),20_24,3.6
733111,Truck Drivers (General),25_34,17.6
733111,Truck Drivers (General),35_44,19.8
733111,Truck Drivers (General),45_54,26
733111,Truck Drivers (General),55_59,14.5
733111,Truck Drivers (General),60_64,11.5
733111,Truck Drivers (General),65,6.9
733112,Aircraft Refuellers,15_19,1.1
733112,Aircraft Refuellers,20_24,5.4
733112,Aircraft Refuellers,25_34,17
733112,Aircraft Refuellers,35_44,24.3
733112,Aircraft Refuellers,45_54,27.7
733112,Aircraft Refuellers,55_59,12.6
733112,Aircraft Refuellers,60_64,7.5
733112,Aircraft Refuellers,65,5.4
733113,Furniture Removalist Drivers,15_19,6.2
733113,Furniture Removalist Drivers,20_24,18.7
733113,Furniture Removalist Drivers,25_34,31.3
733113,Furniture Removalist Drivers,35_44,17.6
733113,Furniture Removalist Drivers,45_54,14.2
733113,Furniture Removalist Drivers,55_59,5.6
733113,Furniture Removalist Drivers,60_64,4
733113,Furniture Removalist Drivers,65,2.3
733114,Tanker Drivers,15_19,0.2
733114,Tanker Drivers,20_24,1.2
733114,Tanker Drivers,25_34,10.5
733114,Tanker Drivers,35_44,17.9
733114,Tanker Drivers,45_54,28.4
733114,Tanker Drivers,55_59,18.6
733114,Tanker Drivers,60_64,15
733114,Tanker Drivers,65,8.3
733115,Tow Truck Drivers,15_19,0.4
733115,Tow Truck Drivers,20_24,4.7
733115,Tow Truck Drivers,25_34,20.5
733115,Tow Truck Drivers,35_44,23.5
733115,Tow Truck Drivers,45_54,26.7
733115,Tow Truck Drivers,55_59,11
733115,Tow Truck Drivers,60_64,8.3
733115,Tow Truck Drivers,65,5.3
811411,Commercial Housekeepers,15_19,3.1
811411,Commercial Housekeepers,20_24,10
811411,Commercial Housekeepers,25_34,22.8
811411,Commercial Housekeepers,35_44,20.5
811411,Commercial Housekeepers,45_54,21.4
811411,Commercial Housekeepers,55_59,10.4
811411,Commercial Housekeepers,60_64,8.1
811411,Commercial Housekeepers,65,3.8
811412,Domestic Housekeepers,15_19,2.3
811412,Domestic Housekeepers,20_24,7.5
811412,Domestic Housekeepers,25_34,19.8
811412,Domestic Housekeepers,35_44,17.5
811412,Domestic Housekeepers,45_54,23.2
811412,Domestic Housekeepers,55_59,12.1
811412,Domestic Housekeepers,60_64,10.3
811412,Domestic Housekeepers,65,7.5
811511,Laundry Workers (General),15_19,2
811511,Laundry Workers (General),20_24,6.3
811511,Laundry Workers (General),25_34,14.7
811511,Laundry Workers (General),35_44,17.5
811511,Laundry Workers (General),45_54,24.3
811511,Laundry Workers (General),55_59,14.5
811511,Laundry Workers (General),60_64,13.1
811511,Laundry Workers (General),65,7.5
811512,Drycleaners,15_19,2.7
811512,Drycleaners,20_24,5.1
811512,Drycleaners,25_34,9.8
811512,Drycleaners,35_44,15.2
811512,Drycleaners,45_54,25.6
811512,Drycleaners,55_59,16
811512,Drycleaners,60_64,14.4
811512,Drycleaners,65,10.9
811513,Ironers and Pressers,15_19,1.5
811513,Ironers and Pressers,20_24,3
811513,Ironers and Pressers,25_34,9.4
811513,Ironers and Pressers,35_44,14.2
811513,Ironers and Pressers,45_54,24.9
811513,Ironers and Pressers,55_59,13.4
811513,Ironers and Pressers,60_64,17.9
811513,Ironers and Pressers,65,14.4
811611,Carpet Cleaners,15_19,1.8
811611,Carpet Cleaners,20_24,3.6
811611,Carpet Cleaners,25_34,15.4
811611,Carpet Cleaners,35_44,19.7
811611,Carpet Cleaners,45_54,26.1
811611,Carpet Cleaners,55_59,13.3
811611,Carpet Cleaners,60_64,11.5
811611,Carpet Cleaners,65,8.5
811612,Window Cleaners,15_19,2.6
811612,Window Cleaners,20_24,8.7
811612,Window Cleaners,25_34,24.1
811612,Window Cleaners,35_44,18.6
811612,Window Cleaners,45_54,20.3
811612,Window Cleaners,55_59,10.4
811612,Window Cleaners,60_64,8.2
811612,Window Cleaners,65,6.6
811699,Cleaners (not covered elsewhere),15_19,5
811699,Cleaners (not covered elsewhere),20_24,10.5
811699,Cleaners (not covered elsewhere),25_34,20.5
811699,Cleaners (not covered elsewhere),35_44,17.9
811699,Cleaners (not covered elsewhere),45_54,22.3
811699,Cleaners (not covered elsewhere),55_59,10.3
811699,Cleaners (not covered elsewhere),60_64,8.2
811699,Cleaners (not covered elsewhere),65,5.4
821111,Builder's Labourers,15_19,7.9
821111,Builder's Labourers,20_24,15.1
821111,Builder's Labourers,25_34,28.4
821111,Builder's Labourers,35_44,19.6
821111,Builder's Labourers,45_54,16.4
821111,Builder's Labourers,55_59,6.5
821111,Builder's Labourers,60_64,4.2
821111,Builder's Labourers,65,1.9
821112,"Drainage, Sewerage and Stormwater Labourers",15_19,1.8
821112,"Drainage, Sewerage and Stormwater Labourers",20_24,6.3
821112,"Drainage, Sewerage and Stormwater Labourers",25_34,22
821112,"Drainage, Sewerage and Stormwater Labourers",35_44,20.2
821112,"Drainage, Sewerage and Stormwater Labourers",45_54,23.6
821112,"Drainage, Sewerage and Stormwater Labourers",55_59,12.2
821112,"Drainage, Sewerage and Stormwater Labourers",60_64,10
821112,"Drainage, Sewerage and Stormwater Labourers",65,3.7
821113,Earthmoving Labourers,15_19,9.7
821113,Earthmoving Labourers,20_24,14.4
821113,Earthmoving Labourers,25_34,24
821113,Earthmoving Labourers,35_44,18
821113,Earthmoving Labourers,45_54,18.1
821113,Earthmoving Labourers,55_59,7.7
821113,Earthmoving Labourers,60_64,5.3
821113,Earthmoving Labourers,65,2.8
821114,Plumber's Assistants,15_19,15.6
821114,Plumber's Assistants,20_24,20.7
821114,Plumber's Assistants,25_34,25.6
821114,Plumber's Assistants,35_44,12.9
821114,Plumber's Assistants,45_54,12.9
821114,Plumber's Assistants,55_59,5.5
821114,Plumber's Assistants,60_64,3.7
821114,Plumber's Assistants,65,2.8
821411,Building Insulation Installers,15_19,3.3
821411,Building Insulation Installers,20_24,10.7
821411,Building Insulation Installers,25_34,30.8
821411,Building Insulation Installers,35_44,24.6
821411,Building Insulation Installers,45_54,18.7
821411,Building Insulation Installers,55_59,5.6
821411,Building Insulation Installers,60_64,4.1
821411,Building Insulation Installers,65,2.4
821412,Home Improvement Installers,15_19,3.3
821412,Home Improvement Installers,20_24,9.2
821412,Home Improvement Installers,25_34,22.5
821412,Home Improvement Installers,35_44,22.7
821412,Home Improvement Installers,45_54,22
821412,Home Improvement Installers,55_59,9.3
821412,Home Improvement Installers,60_64,6.9
821412,Home Improvement Installers,65,4.1
821711,Construction Riggers,15_19,1
821711,Construction Riggers,20_24,5.6
821711,Construction Riggers,25_34,29.6
821711,Construction Riggers,35_44,29.7
821711,Construction Riggers,45_54,21
821711,Construction Riggers,55_59,7.4
821711,Construction Riggers,60_64,4.3
821711,Construction Riggers,65,1.4
821712,Scaffolders,15_19,3.9
821712,Scaffolders,20_24,14.4
821712,Scaffolders,25_34,36.9
821712,Scaffolders,35_44,24.6
821712,Scaffolders,45_54,13.3
821712,Scaffolders,55_59,3.9
821712,Scaffolders,60_64,2.1
821712,Scaffolders,65,0.8
821713,Steel Fixers,15_19,2.8
821713,Steel Fixers,20_24,10.4
821713,Steel Fixers,25_34,36.5
821713,Steel Fixers,35_44,25.1
821713,Steel Fixers,45_54,15
821713,Steel Fixers,55_59,5.5
821713,Steel Fixers,60_64,3.2
821713,Steel Fixers,65,1.4
821714,Structural Steel Erectors,15_19,4.4
821714,Structural Steel Erectors,20_24,11
821714,Structural Steel Erectors,25_34,25.8
821714,Structural Steel Erectors,35_44,24
821714,Structural Steel Erectors,45_54,15.1
821714,Structural Steel Erectors,55_59,8.6
821714,Structural Steel Erectors,60_64,6.5
821714,Structural Steel Erectors,65,4.7
821911,Crane Chasers,15_19,3
821911,Crane Chasers,20_24,12.4
821911,Crane Chasers,25_34,27.7
821911,Crane Chasers,35_44,24.8
821911,Crane Chasers,45_54,20.5
821911,Crane Chasers,55_59,7.4
821911,Crane Chasers,60_64,4
821911,Crane Chasers,65,1.1
821912,Driller's Assistants,15_19,3.8
821912,Driller's Assistants,20_24,21.9
821912,Driller's Assistants,25_34,43.4
821912,Driller's Assistants,35_44,18.1
821912,Driller's Assistants,45_54,8.5
821912,Driller's Assistants,55_59,2.6
821912,Driller's Assistants,60_64,0.8
821912,Driller's Assistants,65,0.7
821913,Laggers,15_19,2.1
821913,Laggers,20_24,4.7
821913,Laggers,25_34,22.4
821913,Laggers,35_44,23.7
821913,Laggers,45_54,22.4
821913,Laggers,55_59,11.6
821913,Laggers,60_64,7.7
821913,Laggers,65,3.7
821914,Mining Support Workers,15_19,5.3
821914,Mining Support Workers,20_24,17.7
821914,Mining Support Workers,25_34,28.3
821914,Mining Support Workers,35_44,18.4
821914,Mining Support Workers,45_54,15.3
821914,Mining Support Workers,55_59,7.4
821914,Mining Support Workers,60_64,5.6
821914,Mining Support Workers,65,2.3
821915,Surveyor's Assistants,15_19,7.7
821915,Surveyor's Assistants,20_24,22.2
821915,Surveyor's Assistants,25_34,20.7
821915,Surveyor's Assistants,35_44,14
821915,Surveyor's Assistants,45_54,12.3
821915,Surveyor's Assistants,55_59,5.1
821915,Surveyor's Assistants,60_64,7.2
821915,Surveyor's Assistants,65,11.3
831111,Baking Factory Workers,15_19,2.6
831111,Baking Factory Workers,20_24,8.9
831111,Baking Factory Workers,25_34,21.8
831111,Baking Factory Workers,35_44,21.8
831111,Baking Factory Workers,45_54,23
831111,Baking Factory Workers,55_59,10.6
831111,Baking Factory Workers,60_64,8.1
831111,Baking Factory Workers,65,3
831112,Brewery Workers,15_19,1.3
831112,Brewery Workers,20_24,6.5
831112,Brewery Workers,25_34,31
831112,Brewery Workers,35_44,27.1
831112,Brewery Workers,45_54,19.5
831112,Brewery Workers,55_59,7.5
831112,Brewery Workers,60_64,5.8
831112,Brewery Workers,65,1.7
831113,Confectionery Makers,15_19,2
831113,Confectionery Makers,20_24,6.8
831113,Confectionery Makers,25_34,18.8
831113,Confectionery Makers,35_44,22
831113,Confectionery Makers,45_54,26.4
831113,Confectionery Makers,55_59,11.5
831113,Confectionery Makers,60_64,8.4
831113,Confectionery Makers,65,3.6
831114,Dairy Products Makers,15_19,2.2
831114,Dairy Products Makers,20_24,8.6
831114,Dairy Products Makers,25_34,20.9
831114,Dairy Products Makers,35_44,23.2
831114,Dairy Products Makers,45_54,24.1
831114,Dairy Products Makers,55_59,11
831114,Dairy Products Makers,60_64,7.3
831114,Dairy Products Makers,65,2.6
831115,Fruit and Vegetable Factory Workers,15_19,12.2
831115,Fruit and Vegetable Factory Workers,20_24,11
831115,Fruit and Vegetable Factory Workers,25_34,19.8
831115,Fruit and Vegetable Factory Workers,35_44,16
831115,Fruit and Vegetable Factory Workers,45_54,21.9
831115,Fruit and Vegetable Factory Workers,55_59,9.8
831115,Fruit and Vegetable Factory Workers,60_64,6.3
831115,Fruit and Vegetable Factory Workers,65,2.9
831116,Grain Mill Workers,15_19,3
831116,Grain Mill Workers,20_24,9.9
831116,Grain Mill Workers,25_34,20.6
831116,Grain Mill Workers,35_44,24.4
831116,Grain Mill Workers,45_54,21.8
831116,Grain Mill Workers,55_59,9.5
831116,Grain Mill Workers,60_64,8.4
831116,Grain Mill Workers,65,3.1
831117,Sugar Mill Workers,15_19,2.6
831117,Sugar Mill Workers,20_24,5.9
831117,Sugar Mill Workers,25_34,16
831117,Sugar Mill Workers,35_44,14.3
831117,Sugar Mill Workers,45_54,25.4
831117,Sugar Mill Workers,55_59,17.5
831117,Sugar Mill Workers,60_64,13.7
831117,Sugar Mill Workers,65,5.2
831118,Winery Cellar Hands,15_19,5.2
831118,Winery Cellar Hands,20_24,12.3
831118,Winery Cellar Hands,25_34,24.4
831118,Winery Cellar Hands,35_44,21.9
831118,Winery Cellar Hands,45_54,18.9
831118,Winery Cellar Hands,55_59,8.1
831118,Winery Cellar Hands,60_64,6.9
831118,Winery Cellar Hands,65,3.2
831199,Other Food and Drink Factory Workers,15_19,2.9
831199,Other Food and Drink Factory Workers,20_24,8.5
831199,Other Food and Drink Factory Workers,25_34,22.4
831199,Other Food and Drink Factory Workers,35_44,23
831199,Other Food and Drink Factory Workers,45_54,22.7
831199,Other Food and Drink Factory Workers,55_59,10.7
831199,Other Food and Drink Factory Workers,60_64,7
831199,Other Food and Drink Factory Workers,65,2.8
831211,Meat Boners and Slicers,15_19,2.9
831211,Meat Boners and Slicers,20_24,9.6
831211,Meat Boners and Slicers,25_34,34.5
831211,Meat Boners and Slicers,35_44,27.7
831211,Meat Boners and Slicers,45_54,17.3
831211,Meat Boners and Slicers,55_59,4.5
831211,Meat Boners and Slicers,60_64,2.7
831211,Meat Boners and Slicers,65,0.9
831212,Slaughterers,15_19,2.6
831212,Slaughterers,20_24,10.4
831212,Slaughterers,25_34,34.2
831212,Slaughterers,35_44,26.8
831212,Slaughterers,45_54,15.9
831212,Slaughterers,55_59,5.7
831212,Slaughterers,60_64,3.8
831212,Slaughterers,65,0.7
831311,Meat Process Workers,15_19,3.9
831311,Meat Process Workers,20_24,12.2
831311,Meat Process Workers,25_34,30.7
831311,Meat Process Workers,35_44,21.2
831311,Meat Process Workers,45_54,17.8
831311,Meat Process Workers,55_59,7
831311,Meat Process Workers,60_64,5.3
831311,Meat Process Workers,65,1.8
831312,Poultry Process Workers,15_19,1.7
831312,Poultry Process Workers,20_24,7.4
831312,Poultry Process Workers,25_34,28.1
831312,Poultry Process Workers,35_44,24.7
831312,Poultry Process Workers,45_54,22.3
831312,Poultry Process Workers,55_59,8.7
831312,Poultry Process Workers,60_64,5.4
831312,Poultry Process Workers,65,1.7
831313,Seafood Process Workers,15_19,4
831313,Seafood Process Workers,20_24,10.1
831313,Seafood Process Workers,25_34,25.2
831313,Seafood Process Workers,35_44,19.2
831313,Seafood Process Workers,45_54,21
831313,Seafood Process Workers,55_59,9
831313,Seafood Process Workers,60_64,7
831313,Seafood Process Workers,65,5.1
832111,Chocolate Packers,15_19,5.6
832111,Chocolate Packers,20_24,11.8
832111,Chocolate Packers,25_34,20.5
832111,Chocolate Packers,35_44,17.9
832111,Chocolate Packers,45_54,20.4
832111,Chocolate Packers,55_59,10.5
832111,Chocolate Packers,60_64,7.9
832111,Chocolate Packers,65,4.7
832112,Container Fillers,15_19,6.5
832112,Container Fillers,20_24,12.5
832112,Container Fillers,25_34,20.6
832112,Container Fillers,35_44,18.5
832112,Container Fillers,45_54,20
832112,Container Fillers,55_59,10.6
832112,Container Fillers,60_64,7.7
832112,Container Fillers,65,3.5
832113,Fruit and Vegetable Packers,15_19,6.4
832113,Fruit and Vegetable Packers,20_24,11.8
832113,Fruit and Vegetable Packers,25_34,35.8
832113,Fruit and Vegetable Packers,35_44,16.2
832113,Fruit and Vegetable Packers,45_54,15
832113,Fruit and Vegetable Packers,55_59,7
832113,Fruit and Vegetable Packers,60_64,4.8
832113,Fruit and Vegetable Packers,65,3
832114,Meat Packers,15_19,5.3
832114,Meat Packers,20_24,10.8
832114,Meat Packers,25_34,29.8
832114,Meat Packers,35_44,20.5
832114,Meat Packers,45_54,18.9
832114,Meat Packers,55_59,8
832114,Meat Packers,60_64,5.1
832114,Meat Packers,65,1.6
832115,Seafood Packers,15_19,6.2
832115,Seafood Packers,20_24,12.6
832115,Seafood Packers,25_34,31.3
832115,Seafood Packers,35_44,16.4
832115,Seafood Packers,45_54,18.9
832115,Seafood Packers,55_59,5.9
832115,Seafood Packers,60_64,5.9
832115,Seafood Packers,65,3.4
832199,Other Packers,15_19,9.6
832199,Other Packers,20_24,14
832199,Other Packers,25_34,20.1
832199,Other Packers,35_44,17
832199,Other Packers,45_54,19.4
832199,Other Packers,55_59,9.2
832199,Other Packers,60_64,7.1
832199,Other Packers,65,3.5
839211,Plastics Factory Workers,15_19,4.6
839211,Plastics Factory Workers,20_24,9.6
839211,Plastics Factory Workers,25_34,17.5
839211,Plastics Factory Workers,35_44,18.3
839211,Plastics Factory Workers,45_54,21.4
839211,Plastics Factory Workers,55_59,13.6
839211,Plastics Factory Workers,60_64,10.6
839211,Plastics Factory Workers,65,4.4
839212,Rubber Factory Workers,15_19,6.1
839212,Rubber Factory Workers,20_24,11.9
839212,Rubber Factory Workers,25_34,20.7
839212,Rubber Factory Workers,35_44,16.9
839212,Rubber Factory Workers,45_54,19.5
839212,Rubber Factory Workers,55_59,10
839212,Rubber Factory Workers,60_64,8.4
839212,Rubber Factory Workers,65,6.1
839311,Product Examiners,15_19,0.8
839311,Product Examiners,20_24,6.8
839311,Product Examiners,25_34,23.7
839311,Product Examiners,35_44,22.2
839311,Product Examiners,45_54,21.7
839311,Product Examiners,55_59,10.6
839311,Product Examiners,60_64,8.8
839311,Product Examiners,65,5.6
839312,Product Graders,15_19,5
839312,Product Graders,20_24,10.4
839312,Product Graders,25_34,25.5
839312,Product Graders,35_44,16.3
839312,Product Graders,45_54,19.6
839312,Product Graders,55_59,9
839312,Product Graders,60_64,9
839312,Product Graders,65,5.7
839313,Product Testers,15_19,2.3
839313,Product Testers,20_24,11.4
839313,Product Testers,25_34,28
839313,Product Testers,35_44,20.1
839313,Product Testers,45_54,18.8
839313,Product Testers,55_59,10.1
839313,Product Testers,60_64,6.9
839313,Product Testers,65,2.5
839411,Paper and Pulp Mill Workers,15_19,0.9
839411,Paper and Pulp Mill Workers,20_24,7.6
839411,Paper and Pulp Mill Workers,25_34,16.6
839411,Paper and Pulp Mill Workers,35_44,17.1
839411,Paper and Pulp Mill Workers,45_54,28.6
839411,Paper and Pulp Mill Workers,55_59,16.8
839411,Paper and Pulp Mill Workers,60_64,9
839411,Paper and Pulp Mill Workers,65,4.4
839412,Sawmill and Timber Yard Workers,15_19,7.9
839412,Sawmill and Timber Yard Workers,20_24,15
839412,Sawmill and Timber Yard Workers,25_34,19.7
839412,Sawmill and Timber Yard Workers,35_44,16.2
839412,Sawmill and Timber Yard Workers,45_54,18.5
839412,Sawmill and Timber Yard Workers,55_59,10.5
839412,Sawmill and Timber Yard Workers,60_64,8.1
839412,Sawmill and Timber Yard Workers,65,4
839413,Wood and Wood Products Factory Workers,15_19,8.4
839413,Wood and Wood Products Factory Workers,20_24,17.5
839413,Wood and Wood Products Factory Workers,25_34,26.2
839413,Wood and Wood Products Factory Workers,35_44,17.2
839413,Wood and Wood Products Factory Workers,45_54,15.9
839413,Wood and Wood Products Factory Workers,55_59,7.8
839413,Wood and Wood Products Factory Workers,60_64,4.5
839413,Wood and Wood Products Factory Workers,65,2.9
839911,Cement and Concrete Plant Workers,15_19,7.5
839911,Cement and Concrete Plant Workers,20_24,17.2
839911,Cement and Concrete Plant Workers,25_34,22.2
839911,Cement and Concrete Plant Workers,35_44,22.1
839911,Cement and Concrete Plant Workers,45_54,19.3
839911,Cement and Concrete Plant Workers,55_59,5.6
839911,Cement and Concrete Plant Workers,60_64,5.1
839911,Cement and Concrete Plant Workers,65,2.1
839912,Chemical Plant Workers,15_19,2.5
839912,Chemical Plant Workers,20_24,9.3
839912,Chemical Plant Workers,25_34,23.5
839912,Chemical Plant Workers,35_44,21.3
839912,Chemical Plant Workers,45_54,21.6
839912,Chemical Plant Workers,55_59,9.6
839912,Chemical Plant Workers,60_64,8.4
839912,Chemical Plant Workers,65,3.7
839913,Clay Processing Factory Workers,15_19,12.6
839913,Clay Processing Factory Workers,20_24,15.9
839913,Clay Processing Factory Workers,25_34,26.9
839913,Clay Processing Factory Workers,35_44,18.1
839913,Clay Processing Factory Workers,45_54,12.1
839913,Clay Processing Factory Workers,55_59,9.3
839913,Clay Processing Factory Workers,60_64,6
839913,Clay Processing Factory Workers,65,2.7
839914,Fabric and Textile Factory Workers,15_19,6.2
839914,Fabric and Textile Factory Workers,20_24,13.1
839914,Fabric and Textile Factory Workers,25_34,16.5
839914,Fabric and Textile Factory Workers,35_44,13.4
839914,Fabric and Textile Factory Workers,45_54,23.5
839914,Fabric and Textile Factory Workers,55_59,11.1
839914,Fabric and Textile Factory Workers,60_64,10.5
839914,Fabric and Textile Factory Workers,65,6.4
839915,Footwear Factory Workers,15_19,0
839915,Footwear Factory Workers,20_24,10.1
839915,Footwear Factory Workers,25_34,22.5
839915,Footwear Factory Workers,35_44,13.8
839915,Footwear Factory Workers,45_54,21.7
839915,Footwear Factory Workers,55_59,14.5
839915,Footwear Factory Workers,60_64,6.5
839915,Footwear Factory Workers,65,5.1
839916,Glass Processing Workers,15_19,5.9
839916,Glass Processing Workers,20_24,13.2
839916,Glass Processing Workers,25_34,23.5
839916,Glass Processing Workers,35_44,19.7
839916,Glass Processing Workers,45_54,17.8
839916,Glass Processing Workers,55_59,10.5
839916,Glass Processing Workers,60_64,7.1
839916,Glass Processing Workers,65,1.5
839917,Hide and Skin Processing Workers,15_19,6.4
839917,Hide and Skin Processing Workers,20_24,11.7
839917,Hide and Skin Processing Workers,25_34,24
839917,Hide and Skin Processing Workers,35_44,18.1
839917,Hide and Skin Processing Workers,45_54,15.2
839917,Hide and Skin Processing Workers,55_59,7.6
839917,Hide and Skin Processing Workers,60_64,9.4
839917,Hide and Skin Processing Workers,65,0
839918,Recycling Workers,15_19,11.5
839918,Recycling Workers,20_24,13.4
839918,Recycling Workers,25_34,20.1
839918,Recycling Workers,35_44,16.7
839918,Recycling Workers,45_54,20.1
839918,Recycling Workers,55_59,8.1
839918,Recycling Workers,60_64,6.4
839918,Recycling Workers,65,3.7
839999,Factory Process Workers (not covered elsewhere),15_19,4.5
839999,Factory Process Workers (not covered elsewhere),20_24,10.7
839999,Factory Process Workers (not covered elsewhere),25_34,21.2
839999,Factory Process Workers (not covered elsewhere),35_44,19
839999,Factory Process Workers (not covered elsewhere),45_54,21
839999,Factory Process Workers (not covered elsewhere),55_59,10.9
839999,Factory Process Workers (not covered elsewhere),60_64,8.9
839999,Factory Process Workers (not covered elsewhere),65,3.3
841211,Fruit and Nut Farm Workers,15_19,5.8
841211,Fruit and Nut Farm Workers,20_24,11.5
841211,Fruit and Nut Farm Workers,25_34,29.2
841211,Fruit and Nut Farm Workers,35_44,17.2
841211,Fruit and Nut Farm Workers,45_54,15.3
841211,Fruit and Nut Farm Workers,55_59,7.6
841211,Fruit and Nut Farm Workers,60_64,7.1
841211,Fruit and Nut Farm Workers,65,6.4
841212,Fruit and Nut Pickers,15_19,3.2
841212,Fruit and Nut Pickers,20_24,13
841212,Fruit and Nut Pickers,25_34,41.3
841212,Fruit and Nut Pickers,35_44,19.6
841212,Fruit and Nut Pickers,45_54,12.3
841212,Fruit and Nut Pickers,55_59,5.3
841212,Fruit and Nut Pickers,60_64,3.3
841212,Fruit and Nut Pickers,65,2
841213,"Grain, Oilseed and Pasture Farm Workers",15_19,8.7
841213,"Grain, Oilseed and Pasture Farm Workers",20_24,14.4
841213,"Grain, Oilseed and Pasture Farm Workers",25_34,22.8
841213,"Grain, Oilseed and Pasture Farm Workers",35_44,15.7
841213,"Grain, Oilseed and Pasture Farm Workers",45_54,14.3
841213,"Grain, Oilseed and Pasture Farm Workers",55_59,7.8
841213,"Grain, Oilseed and Pasture Farm Workers",60_64,7.7
841213,"Grain, Oilseed and Pasture Farm Workers",65,9.2
841214,Vegetable Farm Workers,15_19,7
841214,Vegetable Farm Workers,20_24,11.2
841214,Vegetable Farm Workers,25_34,31.1
841214,Vegetable Farm Workers,35_44,18.3
841214,Vegetable Farm Workers,45_54,17.1
841214,Vegetable Farm Workers,55_59,6.9
841214,Vegetable Farm Workers,60_64,5.2
841214,Vegetable Farm Workers,65,3.5
841215,Vegetable Pickers,15_19,4.1
841215,Vegetable Pickers,20_24,9.8
841215,Vegetable Pickers,25_34,37.3
841215,Vegetable Pickers,35_44,21.4
841215,Vegetable Pickers,45_54,14.3
841215,Vegetable Pickers,55_59,6.3
841215,Vegetable Pickers,60_64,4.1
841215,Vegetable Pickers,65,2.6
841216,Vineyard Workers,15_19,4
841216,Vineyard Workers,20_24,8.9
841216,Vineyard Workers,25_34,20.2
841216,Vineyard Workers,35_44,16.8
841216,Vineyard Workers,45_54,18.5
841216,Vineyard Workers,55_59,10.4
841216,Vineyard Workers,60_64,10.4
841216,Vineyard Workers,65,10.8
841217,Mushroom Pickers,15_19,2.5
841217,Mushroom Pickers,20_24,5.3
841217,Mushroom Pickers,25_34,22.4
841217,Mushroom Pickers,35_44,27.2
841217,Mushroom Pickers,45_54,28.1
841217,Mushroom Pickers,55_59,8.3
841217,Mushroom Pickers,60_64,5
841217,Mushroom Pickers,65,1.6
841299,Other Crop Farm Workers,15_19,8
841299,Other Crop Farm Workers,20_24,11.8
841299,Other Crop Farm Workers,25_34,23.5
841299,Other Crop Farm Workers,35_44,16.6
841299,Other Crop Farm Workers,45_54,16.2
841299,Other Crop Farm Workers,55_59,9.3
841299,Other Crop Farm Workers,60_64,7.1
841299,Other Crop Farm Workers,65,7.5
841311,Forestry Workers,15_19,7.3
841311,Forestry Workers,20_24,17.1
841311,Forestry Workers,25_34,30.3
841311,Forestry Workers,35_44,14.8
841311,Forestry Workers,45_54,13.5
841311,Forestry Workers,55_59,7.8
841311,Forestry Workers,60_64,5.3
841311,Forestry Workers,65,3.6
841312,Logging Assistants,15_19,2.1
841312,Logging Assistants,20_24,7.2
841312,Logging Assistants,25_34,19.6
841312,Logging Assistants,35_44,20.6
841312,Logging Assistants,45_54,22.2
841312,Logging Assistants,55_59,10.3
841312,Logging Assistants,60_64,12.9
841312,Logging Assistants,65,10.8
841313,Tree Fallers,15_19,4.1
841313,Tree Fallers,20_24,9.5
841313,Tree Fallers,25_34,24.5
841313,Tree Fallers,35_44,19.8
841313,Tree Fallers,45_54,22
841313,Tree Fallers,55_59,9.6
841313,Tree Fallers,60_64,7.8
841313,Tree Fallers,65,4.4
841411,Garden Labourers,15_19,6.2
841411,Garden Labourers,20_24,10.6
841411,Garden Labourers,25_34,16.9
841411,Garden Labourers,35_44,16.4
841411,Garden Labourers,45_54,21.2
841411,Garden Labourers,55_59,11.3
841411,Garden Labourers,60_64,9.5
841411,Garden Labourers,65,7.8
841412,Nursery Hands (Horticulture),15_19,6.9
841412,Nursery Hands (Horticulture),20_24,14.1
841412,Nursery Hands (Horticulture),25_34,22.2
841412,Nursery Hands (Horticulture),35_44,17.4
841412,Nursery Hands (Horticulture),45_54,19.6
841412,Nursery Hands (Horticulture),55_59,7.8
841412,Nursery Hands (Horticulture),60_64,7.1
841412,Nursery Hands (Horticulture),65,4.8
841511,Beef Cattle Farm Workers,15_19,14.8
841511,Beef Cattle Farm Workers,20_24,19.7
841511,Beef Cattle Farm Workers,25_34,18.6
841511,Beef Cattle Farm Workers,35_44,10.9
841511,Beef Cattle Farm Workers,45_54,11
841511,Beef Cattle Farm Workers,55_59,6.2
841511,Beef Cattle Farm Workers,60_64,6.9
841511,Beef Cattle Farm Workers,65,11.9
841512,Dairy Cattle Farm Workers,15_19,15.7
841512,Dairy Cattle Farm Workers,20_24,16.2
841512,Dairy Cattle Farm Workers,25_34,24.4
841512,Dairy Cattle Farm Workers,35_44,14.1
841512,Dairy Cattle Farm Workers,45_54,13.1
841512,Dairy Cattle Farm Workers,55_59,6.6
841512,Dairy Cattle Farm Workers,60_64,4.8
841512,Dairy Cattle Farm Workers,65,5.1
841513,Mixed Livestock Farm Workers,15_19,13
841513,Mixed Livestock Farm Workers,20_24,14
841513,Mixed Livestock Farm Workers,25_34,19.3
841513,Mixed Livestock Farm Workers,35_44,11.4
841513,Mixed Livestock Farm Workers,45_54,12.6
841513,Mixed Livestock Farm Workers,55_59,7.8
841513,Mixed Livestock Farm Workers,60_64,7.2
841513,Mixed Livestock Farm Workers,65,14.4
841514,Poultry Farm Workers,15_19,9
841514,Poultry Farm Workers,20_24,13
841514,Poultry Farm Workers,25_34,21.3
841514,Poultry Farm Workers,35_44,18.1
841514,Poultry Farm Workers,45_54,19.9
841514,Poultry Farm Workers,55_59,9.3
841514,Poultry Farm Workers,60_64,6.3
841514,Poultry Farm Workers,65,3.4
841515,Sheep Farm Workers,15_19,13.7
841515,Sheep Farm Workers,20_24,14.8
841515,Sheep Farm Workers,25_34,18.1
841515,Sheep Farm Workers,35_44,11.4
841515,Sheep Farm Workers,45_54,12.8
841515,Sheep Farm Workers,55_59,7.2
841515,Sheep Farm Workers,60_64,8.1
841515,Sheep Farm Workers,65,13.6
841516,Stablehands,15_19,19.6
841516,Stablehands,20_24,23.3
841516,Stablehands,25_34,22.7
841516,Stablehands,35_44,12.6
841516,Stablehands,45_54,9.8
841516,Stablehands,55_59,4.7
841516,Stablehands,60_64,3.7
841516,Stablehands,65,3.6
841517,Wool Handlers,15_19,14.3
841517,Wool Handlers,20_24,21.4
841517,Wool Handlers,25_34,21.8
841517,Wool Handlers,35_44,12.7
841517,Wool Handlers,45_54,13.7
841517,Wool Handlers,55_59,5.7
841517,Wool Handlers,60_64,5.7
841517,Wool Handlers,65,5
841599,Other Livestock Farm Workers,15_19,6.6
841599,Other Livestock Farm Workers,20_24,10.9
841599,Other Livestock Farm Workers,25_34,22.9
841599,Other Livestock Farm Workers,35_44,22.3
841599,Other Livestock Farm Workers,45_54,18.5
841599,Other Livestock Farm Workers,55_59,8.3
841599,Other Livestock Farm Workers,60_64,5.7
841599,Other Livestock Farm Workers,65,4.3
841911,Hunter-Trappers,15_19,0
841911,Hunter-Trappers,20_24,5.8
841911,Hunter-Trappers,25_34,22.5
841911,Hunter-Trappers,35_44,24.4
841911,Hunter-Trappers,45_54,22.5
841911,Hunter-Trappers,55_59,9.3
841911,Hunter-Trappers,60_64,7
841911,Hunter-Trappers,65,4.7
841913,Pest Controllers,15_19,1.6
841913,Pest Controllers,20_24,7
841913,Pest Controllers,25_34,19.4
841913,Pest Controllers,35_44,21.8
841913,Pest Controllers,45_54,23.9
841913,Pest Controllers,55_59,11.8
841913,Pest Controllers,60_64,8.6
841913,Pest Controllers,65,5.9
841999,"Farm, Forestry and Garden Workers (not covered elsewhere)",15_19,2.7
841999,"Farm, Forestry and Garden Workers (not covered elsewhere)",20_24,11.1
841999,"Farm, Forestry and Garden Workers (not covered elsewhere)",25_34,25.5
841999,"Farm, Forestry and Garden Workers (not covered elsewhere)",35_44,17.3
841999,"Farm, Forestry and Garden Workers (not covered elsewhere)",45_54,19.8
841999,"Farm, Forestry and Garden Workers (not covered elsewhere)",55_59,9.9
841999,"Farm, Forestry and Garden Workers (not covered elsewhere)",60_64,7.8
841999,"Farm, Forestry and Garden Workers (not covered elsewhere)",65,6.2
851211,Pastrycook's Assistants,15_19,23.6
851211,Pastrycook's Assistants,20_24,17.1
851211,Pastrycook's Assistants,25_34,17.3
851211,Pastrycook's Assistants,35_44,14.6
851211,Pastrycook's Assistants,45_54,14
851211,Pastrycook's Assistants,55_59,6.8
851211,Pastrycook's Assistants,60_64,4.7
851211,Pastrycook's Assistants,65,2.2
851299,Other Food Trades Assistants,15_19,26.3
851299,Other Food Trades Assistants,20_24,10.3
851299,Other Food Trades Assistants,25_34,16.1
851299,Other Food Trades Assistants,35_44,12.8
851299,Other Food Trades Assistants,45_54,14.6
851299,Other Food Trades Assistants,55_59,7.7
851299,Other Food Trades Assistants,60_64,7.1
851299,Other Food Trades Assistants,65,4.5
891111,Freight Handlers (Rail or Road),15_19,9.3
891111,Freight Handlers (Rail or Road),20_24,20.4
891111,Freight Handlers (Rail or Road),25_34,24.4
891111,Freight Handlers (Rail or Road),35_44,15
891111,Freight Handlers (Rail or Road),45_54,15.5
891111,Freight Handlers (Rail or Road),55_59,7.3
891111,Freight Handlers (Rail or Road),60_64,5.4
891111,Freight Handlers (Rail or Road),65,2.7
891112,Truck Driver's Offsiders,15_19,14.2
891112,Truck Driver's Offsiders,20_24,25
891112,Truck Driver's Offsiders,25_34,29.6
891112,Truck Driver's Offsiders,35_44,13
891112,Truck Driver's Offsiders,45_54,9.4
891112,Truck Driver's Offsiders,55_59,3.8
891112,Truck Driver's Offsiders,60_64,2.7
891112,Truck Driver's Offsiders,65,1.7
891113,Waterside Workers,15_19,1.1
891113,Waterside Workers,20_24,4.7
891113,Waterside Workers,25_34,14.7
891113,Waterside Workers,35_44,21.1
891113,Waterside Workers,45_54,32.2
891113,Waterside Workers,55_59,14.1
891113,Waterside Workers,60_64,8.4
891113,Waterside Workers,65,3.8
899211,Deck Hands,15_19,5.8
899211,Deck Hands,20_24,12.2
899211,Deck Hands,25_34,23.2
899211,Deck Hands,35_44,20.3
899211,Deck Hands,45_54,19.1
899211,Deck Hands,55_59,10
899211,Deck Hands,60_64,5.9
899211,Deck Hands,65,3.6
899212,Fishing Hands,15_19,4.2
899212,Fishing Hands,20_24,8.4
899212,Fishing Hands,25_34,19.2
899212,Fishing Hands,35_44,17.7
899212,Fishing Hands,45_54,20.3
899212,Fishing Hands,55_59,10.8
899212,Fishing Hands,60_64,8.7
899212,Fishing Hands,65,10.8
899411,Motor Vehicle Parts and Accessories Fitters (General),15_19,3.6
899411,Motor Vehicle Parts and Accessories Fitters (General),20_24,12.8
899411,Motor Vehicle Parts and Accessories Fitters (General),25_34,25.5
899411,Motor Vehicle Parts and Accessories Fitters (General),35_44,23.4
899411,Motor Vehicle Parts and Accessories Fitters (General),45_54,22.2
899411,Motor Vehicle Parts and Accessories Fitters (General),55_59,6
899411,Motor Vehicle Parts and Accessories Fitters (General),60_64,4.5
899411,Motor Vehicle Parts and Accessories Fitters (General),65,2.5
899412,Autoglaziers,15_19,3.1
899412,Autoglaziers,20_24,11.2
899412,Autoglaziers,25_34,25.2
899412,Autoglaziers,35_44,24.1
899412,Autoglaziers,45_54,21.6
899412,Autoglaziers,55_59,8.4
899412,Autoglaziers,60_64,4.3
899412,Autoglaziers,65,1.9
899413,Exhaust and Muffler Repairers,15_19,2.7
899413,Exhaust and Muffler Repairers,20_24,6
899413,Exhaust and Muffler Repairers,25_34,14.2
899413,Exhaust and Muffler Repairers,35_44,12
899413,Exhaust and Muffler Repairers,45_54,23.5
899413,Exhaust and Muffler Repairers,55_59,18
899413,Exhaust and Muffler Repairers,60_64,15.3
899413,Exhaust and Muffler Repairers,65,9.3
899414,Radiator Repairers,15_19,1.3
899414,Radiator Repairers,20_24,6.3
899414,Radiator Repairers,25_34,15.4
899414,Radiator Repairers,35_44,13.8
899414,Radiator Repairers,45_54,28.3
899414,Radiator Repairers,55_59,11.7
899414,Radiator Repairers,60_64,15.8
899414,Radiator Repairers,65,6.7
899415,Tyre Fitters,15_19,8.8
899415,Tyre Fitters,20_24,17
899415,Tyre Fitters,25_34,31.1
899415,Tyre Fitters,35_44,20.2
899415,Tyre Fitters,45_54,13.5
899415,Tyre Fitters,55_59,5.1
899415,Tyre Fitters,60_64,2.9
899415,Tyre Fitters,65,1.3
899511,Printer's Assistants,15_19,5.3
899511,Printer's Assistants,20_24,10.3
899511,Printer's Assistants,25_34,18.6
899511,Printer's Assistants,35_44,17.9
899511,Printer's Assistants,45_54,22
899511,Printer's Assistants,55_59,11.1
899511,Printer's Assistants,60_64,9.6
899511,Printer's Assistants,65,5.1
899512,Printing Table Workers,15_19,3
899512,Printing Table Workers,20_24,3.5
899512,Printing Table Workers,25_34,9.4
899512,Printing Table Workers,35_44,14.8
899512,Printing Table Workers,45_54,29.3
899512,Printing Table Workers,55_59,17.9
899512,Printing Table Workers,60_64,15
899512,Printing Table Workers,65,7.5
899911,Bicycle Mechanics,15_19,15.4
899911,Bicycle Mechanics,20_24,12.9
899911,Bicycle Mechanics,25_34,26
899911,Bicycle Mechanics,35_44,18.5
899911,Bicycle Mechanics,45_54,16.9
899911,Bicycle Mechanics,55_59,4.8
899911,Bicycle Mechanics,60_64,3.2
899911,Bicycle Mechanics,65,2.5
899912,Car Park Attendants,15_19,2.5
899912,Car Park Attendants,20_24,11.9
899912,Car Park Attendants,25_34,18.3
899912,Car Park Attendants,35_44,18.1
899912,Car Park Attendants,45_54,17.7
899912,Car Park Attendants,55_59,10.4
899912,Car Park Attendants,60_64,9.6
899912,Car Park Attendants,65,11
899913,Crossing Supervisors,15_19,0.4
899913,Crossing Supervisors,20_24,1.2
899913,Crossing Supervisors,25_34,2.5
899913,Crossing Supervisors,35_44,5.1
899913,Crossing Supervisors,45_54,13.3
899913,Crossing Supervisors,55_59,11.5
899913,Crossing Supervisors,60_64,17.2
899913,Crossing Supervisors,65,48.8
899914,Electrical and Telecommunications Trades Assistants,15_19,13.2
899914,Electrical and Telecommunications Trades Assistants,20_24,17.3
899914,Electrical and Telecommunications Trades Assistants,25_34,24.9
899914,Electrical and Telecommunications Trades Assistants,35_44,15.4
899914,Electrical and Telecommunications Trades Assistants,45_54,14.1
899914,Electrical and Telecommunications Trades Assistants,55_59,7.3
899914,Electrical and Telecommunications Trades Assistants,60_64,6
899914,Electrical and Telecommunications Trades Assistants,65,2.2
899915,Leaflet and Newspaper Deliverers,15_19,27.2
899915,Leaflet and Newspaper Deliverers,20_24,7.6
899915,Leaflet and Newspaper Deliverers,25_34,9.2
899915,Leaflet and Newspaper Deliverers,35_44,9.8
899915,Leaflet and Newspaper Deliverers,45_54,12
899915,Leaflet and Newspaper Deliverers,55_59,7.3
899915,Leaflet and Newspaper Deliverers,60_64,8.7
899915,Leaflet and Newspaper Deliverers,65,18.2
899916,Mechanic's Assistants,15_19,17.5
899916,Mechanic's Assistants,20_24,16.4
899916,Mechanic's Assistants,25_34,22.2
899916,Mechanic's Assistants,35_44,14.7
899916,Mechanic's Assistants,45_54,13.9
899916,Mechanic's Assistants,55_59,6.1
899916,Mechanic's Assistants,60_64,6.2
899916,Mechanic's Assistants,65,2.6
899917,Railways Assistants,15_19,0.1
899917,Railways Assistants,20_24,4.6
899917,Railways Assistants,25_34,16.7
899917,Railways Assistants,35_44,21.9
899917,Railways Assistants,45_54,26.5
899917,Railways Assistants,55_59,12.9
899917,Railways Assistants,60_64,12.2
899917,Railways Assistants,65,5.3
899918,Sign Erectors,15_19,2.8
899918,Sign Erectors,20_24,10.2
899918,Sign Erectors,25_34,21.7
899918,Sign Erectors,35_44,24.4
899918,Sign Erectors,45_54,21
899918,Sign Erectors,55_59,7.9
899918,Sign Erectors,60_64,6.7
899918,Sign Erectors,65,5
899921,Ticket Collectors and Ushers,15_19,20.3
899921,Ticket Collectors and Ushers,20_24,23.5
899921,Ticket Collectors and Ushers,25_34,14.8
899921,Ticket Collectors and Ushers,35_44,6.9
899921,Ticket Collectors and Ushers,45_54,7.7
899921,Ticket Collectors and Ushers,55_59,6.1
899921,Ticket Collectors and Ushers,60_64,6.7
899921,Ticket Collectors and Ushers,65,13.8
899922,Trolley Collectors,15_19,24
899922,Trolley Collectors,20_24,21.5
899922,Trolley Collectors,25_34,24.5
899922,Trolley Collectors,35_44,13.9
899922,Trolley Collectors,45_54,8.9
899922,Trolley Collectors,55_59,3.5
899922,Trolley Collectors,60_64,2.5
899922,Trolley Collectors,65,1.1
899923,Road Traffic Controllers,15_19,3.7
899923,Road Traffic Controllers,20_24,12.4
899923,Road Traffic Controllers,25_34,22
899923,Road Traffic Controllers,35_44,15
899923,Road Traffic Controllers,45_54,19.5
899923,Road Traffic Controllers,55_59,11.1
899923,Road Traffic Controllers,60_64,10
899923,Road Traffic Controllers,65,6.2
899999,Labourers (not covered elsewhere),15_19,10.1
899999,Labourers (not covered elsewhere),20_24,13.8
899999,Labourers (not covered elsewhere),25_34,21.5
899999,Labourers (not covered elsewhere),35_44,16.6
899999,Labourers (not covered elsewhere),45_54,17.4
899999,Labourers (not covered elsewhere),55_59,9.2
899999,Labourers (not covered elsewhere),60_64,7
899999,Labourers (not covered elsewhere),65,4.4
