major_group_code,major_group,sub_major_group_code,sub_major_group,minor_group_code,minor_group,unit_group_code,unit_group,osca_code,occupation,skill_level
1,Managers,11,"Business Administration and Promotion, and ICT Managers",111,Business Administration Managers,1111,Corporate Services Managers,111131,Corporate Services Manager,1
1,Managers,11,"Business Administration and Promotion, and ICT Managers",111,Business Administration Managers,1112,Finance Managers,111231,Finance Manager,1
1,Managers,11,"Business Administration and Promotion, and ICT Managers",111,Business Administration Managers,1113,Human Resources Managers,111331,Human Resources Manager,1
1,Managers,11,"Business Administration and Promotion, and ICT Managers",111,Business Administration Managers,1114,Policy and Planning Managers,111431,Policy and Planning Manager,1
1,Managers,11,"Business Administration and Promotion, and ICT Managers",111,Business Administration Managers,1115,Research and Development Managers,111531,Research and Development Manager,1
1,Managers,11,"Business Administration and Promotion, and ICT Managers",111,Business Administration Managers,1116,Workplace Compliance Managers,111631,Quality Assurance Manager,1
1,Managers,11,"Business Administration and Promotion, and ICT Managers",111,Business Administration Managers,1116,Workplace Compliance Managers,111632,Regulatory Affairs Manager,1
1,Managers,11,"Business Administration and Promotion, and ICT Managers",111,Business Administration Managers,1116,Workplace Compliance Managers,111633,Work Health and Safety Manager,1
1,Managers,11,"Business Administration and Promotion, and ICT Managers",112,Business Promotion and Communications Managers,1121,Business Promotion Managers,112131,Advertising Manager,1
1,Managers,11,"Business Administration and Promotion, and ICT Managers",112,Business Promotion and Communications Managers,1121,Business Promotion Managers,112132,Business Development Manager,1
1,Managers,11,"Business Administration and Promotion, and ICT Managers",112,Business Promotion and Communications Managers,1121,Business Promotion Managers,112133,Sales and Marketing Manager,1
1,Managers,11,"Business Administration and Promotion, and ICT Managers",112,Business Promotion and Communications Managers,1122,Communications Managers (Public Relations),112231,Communications Manager (Public Relations),1
1,Managers,11,"Business Administration and Promotion, and ICT Managers",113,Chief Information Officers and ICT Managers,1131,Chief Information and Chief Information Security Officers,113131,Chief Information Officer,1
1,Managers,11,"Business Administration and Promotion, and ICT Managers",113,Chief Information Officers and ICT Managers,1131,Chief Information and Chief Information Security Officers,113132,Chief Information Security Officer,1
1,Managers,11,"Business Administration and Promotion, and ICT Managers",113,Chief Information Officers and ICT Managers,1132,ICT Managers,113231,ICT Operations Manager,1
1,Managers,11,"Business Administration and Promotion, and ICT Managers",113,Chief Information Officers and ICT Managers,1132,ICT Managers,113232,ICT Project Manager,1
1,Managers,11,"Business Administration and Promotion, and ICT Managers",113,Chief Information Officers and ICT Managers,1132,ICT Managers,113233,ICT Service Delivery Manager,1
1,Managers,11,"Business Administration and Promotion, and ICT Managers",113,Chief Information Officers and ICT Managers,1132,ICT Managers,113299,ICT Managers nec,1
1,Managers,12,"Chief Executives, General Managers and Legislators",121,"Chief Executives, General Managers and Legislators",1211,Chief Executives and Managing Directors,121131,Chief Executive or Managing Director,1
1,Managers,12,"Chief Executives, General Managers and Legislators",121,"Chief Executives, General Managers and Legislators",1212,General Managers and Defence Force Senior Officers,121231,Corporate General Manager,1
1,Managers,12,"Chief Executives, General Managers and Legislators",121,"Chief Executives, General Managers and Legislators",1212,General Managers and Defence Force Senior Officers,121232,Defence Force Senior Officer,1
1,Managers,12,"Chief Executives, General Managers and Legislators",121,"Chief Executives, General Managers and Legislators",1213,Legislators,121331,Local Government Legislator,1
1,Managers,12,"Chief Executives, General Managers and Legislators",121,"Chief Executives, General Managers and Legislators",1213,Legislators,121332,Member of Parliament,1
1,Managers,12,"Chief Executives, General Managers and Legislators",121,"Chief Executives, General Managers and Legislators",1213,Legislators,121399,Legislators nec,1
1,Managers,13,"Construction, Production and Distribution Managers",131,Construction and Engineering Managers,1311,Construction Project Managers,131131,Construction Project Manager,1
1,Managers,13,"Construction, Production and Distribution Managers",131,Construction and Engineering Managers,1312,Engineering Managers,131231,Engineering Manager,1
1,Managers,13,"Construction, Production and Distribution Managers",131,Construction and Engineering Managers,1313,Project Builders,131331,Project Builder,1
1,Managers,13,"Construction, Production and Distribution Managers",131,Construction and Engineering Managers,1314,Property Developers,131431,Property Developer,1
1,Managers,13,"Construction, Production and Distribution Managers",131,Construction and Engineering Managers,1319,Other Construction and Engineering Managers,131931,Surveying Manager,1
1,Managers,13,"Construction, Production and Distribution Managers",131,Construction and Engineering Managers,1319,Other Construction and Engineering Managers,131999,Construction and Engineering Managers nec,1
1,Managers,13,"Construction, Production and Distribution Managers",132,Manufacturers and Production Managers,1321,Manufacturers,132131,Manufacturer,1
1,Managers,13,"Construction, Production and Distribution Managers",132,Manufacturers and Production Managers,1322,Production Managers,132231,Forest Manager,1
1,Managers,13,"Construction, Production and Distribution Managers",132,Manufacturers and Production Managers,1322,Production Managers,132232,Production Manager (Manufacturing),1
1,Managers,13,"Construction, Production and Distribution Managers",132,Manufacturers and Production Managers,1322,Production Managers,132233,Production Manager (Mining),1
1,Managers,13,"Construction, Production and Distribution Managers",133,"Wholesaling, Distribution and Procurement Managers",1331,"Importers, Exporters and Wholesalers",133131,Importer or Exporter,1
1,Managers,13,"Construction, Production and Distribution Managers",133,"Wholesaling, Distribution and Procurement Managers",1331,"Importers, Exporters and Wholesalers",133132,Wholesaler,1
1,Managers,13,"Construction, Production and Distribution Managers",133,"Wholesaling, Distribution and Procurement Managers",1332,Procurement Managers,133231,Procurement Manager,1
1,Managers,13,"Construction, Production and Distribution Managers",133,"Wholesaling, Distribution and Procurement Managers",1333,Supply and Distribution Managers,133331,Supply and Distribution Manager,1
1,Managers,14,"Education, Health, Welfare and Other Specialist Managers",141,"Education, Health and Welfare Service Managers",1411,Assistant School Principals and School Principals,141131,Assistant School Principal,1
1,Managers,14,"Education, Health, Welfare and Other Specialist Managers",141,"Education, Health and Welfare Service Managers",1411,Assistant School Principals and School Principals,141132,School Principal,1
1,Managers,14,"Education, Health, Welfare and Other Specialist Managers",141,"Education, Health and Welfare Service Managers",1412,Children's Education and Care Service Directors,141231,Children's Education and Care Service Director,1
1,Managers,14,"Education, Health, Welfare and Other Specialist Managers",141,"Education, Health and Welfare Service Managers",1413,Health and Welfare Service Managers,141331,Aged Care Manager,1
1,Managers,14,"Education, Health, Welfare and Other Specialist Managers",141,"Education, Health and Welfare Service Managers",1413,Health and Welfare Service Managers,141332,Director of Nursing / Midwifery,1
1,Managers,14,"Education, Health, Welfare and Other Specialist Managers",141,"Education, Health and Welfare Service Managers",1413,Health and Welfare Service Managers,141333,Medical Administrator,1
1,Managers,14,"Education, Health, Welfare and Other Specialist Managers",141,"Education, Health and Welfare Service Managers",1413,Health and Welfare Service Managers,141334,Paramedic Manager,1
1,Managers,14,"Education, Health, Welfare and Other Specialist Managers",141,"Education, Health and Welfare Service Managers",1413,Health and Welfare Service Managers,141335,Welfare Centre Manager,1
1,Managers,14,"Education, Health, Welfare and Other Specialist Managers",141,"Education, Health and Welfare Service Managers",1413,Health and Welfare Service Managers,141399,Health and Welfare Service Managers nec,1
1,Managers,14,"Education, Health, Welfare and Other Specialist Managers",141,"Education, Health and Welfare Service Managers",1414,Other Education Managers,141431,Faculty Manager,1
1,Managers,14,"Education, Health, Welfare and Other Specialist Managers",141,"Education, Health and Welfare Service Managers",1414,Other Education Managers,141432,Regional Education Manager,1
1,Managers,14,"Education, Health, Welfare and Other Specialist Managers",141,"Education, Health and Welfare Service Managers",1414,Other Education Managers,141499,Education Managers nec,1
1,Managers,14,"Education, Health, Welfare and Other Specialist Managers",149,Miscellaneous Specialist Managers,1491,"Arts, Culture and Sports Administrators",149131,Arts Administrator or Manager,1
1,Managers,14,"Education, Health, Welfare and Other Specialist Managers",149,Miscellaneous Specialist Managers,1491,"Arts, Culture and Sports Administrators",149132,Library Services Manager,1
1,Managers,14,"Education, Health, Welfare and Other Specialist Managers",149,Miscellaneous Specialist Managers,1491,"Arts, Culture and Sports Administrators",149133,Sports Administrator,1
1,Managers,14,"Education, Health, Welfare and Other Specialist Managers",149,Miscellaneous Specialist Managers,1491,"Arts, Culture and Sports Administrators",149199,"Arts, Culture and Sports Administrators nec",1
1,Managers,14,"Education, Health, Welfare and Other Specialist Managers",149,Miscellaneous Specialist Managers,1492,Commissioned Officers (Management),149231,Commissioned Defence Force Officer,1
1,Managers,14,"Education, Health, Welfare and Other Specialist Managers",149,Miscellaneous Specialist Managers,1492,Commissioned Officers (Management),149232,Commissioned Fire Officer,1
1,Managers,14,"Education, Health, Welfare and Other Specialist Managers",149,Miscellaneous Specialist Managers,1492,Commissioned Officers (Management),149233,Commissioned Police Officer,1
1,Managers,14,"Education, Health, Welfare and Other Specialist Managers",149,Miscellaneous Specialist Managers,1493,Scientific and Environmental Managers,149331,Environmental Manager,1
1,Managers,14,"Education, Health, Welfare and Other Specialist Managers",149,Miscellaneous Specialist Managers,1493,Scientific and Environmental Managers,149332,Exploration Manager,1
1,Managers,14,"Education, Health, Welfare and Other Specialist Managers",149,Miscellaneous Specialist Managers,1493,Scientific and Environmental Managers,149333,Laboratory Manager,1
1,Managers,14,"Education, Health, Welfare and Other Specialist Managers",149,Miscellaneous Specialist Managers,1493,Scientific and Environmental Managers,149399,Scientific and Environmental Managers nec,1
1,Managers,14,"Education, Health, Welfare and Other Specialist Managers",149,Miscellaneous Specialist Managers,1494,Senior Non-commissioned Defence Force Members,149431,Senior Non-commissioned Defence Force Member,1
1,Managers,14,"Education, Health, Welfare and Other Specialist Managers",149,Miscellaneous Specialist Managers,1499,Other Specialist Managers,149931,Airport Manager,1
1,Managers,14,"Education, Health, Welfare and Other Specialist Managers",149,Miscellaneous Specialist Managers,1499,Other Specialist Managers,149932,Correctional Facility Manager,1
1,Managers,14,"Education, Health, Welfare and Other Specialist Managers",149,Miscellaneous Specialist Managers,1499,Other Specialist Managers,149933,Emergency Management Officer,1
1,Managers,14,"Education, Health, Welfare and Other Specialist Managers",149,Miscellaneous Specialist Managers,1499,Other Specialist Managers,149999,Specialist Managers nec,1
1,Managers,15,Farmers and Farm Managers,151,"Broadacre, Horticultural and Mixed Production Farmers",1511,Broadacre Crop Growers,151131,Cotton Grower,1
1,Managers,15,Farmers and Farm Managers,151,"Broadacre, Horticultural and Mixed Production Farmers",1511,Broadacre Crop Growers,151132,"Grain, Oilseed, Pulse or Pasture Grower",1
1,Managers,15,Farmers and Farm Managers,151,"Broadacre, Horticultural and Mixed Production Farmers",1511,Broadacre Crop Growers,151133,Sugar Cane Grower,1
1,Managers,15,Farmers and Farm Managers,151,"Broadacre, Horticultural and Mixed Production Farmers",1511,Broadacre Crop Growers,151199,Broadacre Crop Growers nec,1
1,Managers,15,Farmers and Farm Managers,151,"Broadacre, Horticultural and Mixed Production Farmers",1512,Horticultural Crop Growers,151231,Flower Grower,1
1,Managers,15,Farmers and Farm Managers,151,"Broadacre, Horticultural and Mixed Production Farmers",1512,Horticultural Crop Growers,151232,Fruit Grower,1
1,Managers,15,Farmers and Farm Managers,151,"Broadacre, Horticultural and Mixed Production Farmers",1512,Horticultural Crop Growers,151233,Nut Grower,1
1,Managers,15,Farmers and Farm Managers,151,"Broadacre, Horticultural and Mixed Production Farmers",1512,Horticultural Crop Growers,151234,Production Nursery Grower,1
1,Managers,15,Farmers and Farm Managers,151,"Broadacre, Horticultural and Mixed Production Farmers",1512,Horticultural Crop Growers,151235,Turf Grower,1
1,Managers,15,Farmers and Farm Managers,151,"Broadacre, Horticultural and Mixed Production Farmers",1512,Horticultural Crop Growers,151236,Vegetable Grower,1
1,Managers,15,Farmers and Farm Managers,151,"Broadacre, Horticultural and Mixed Production Farmers",1512,Horticultural Crop Growers,151237,Wine Grape Grower,1
1,Managers,15,Farmers and Farm Managers,151,"Broadacre, Horticultural and Mixed Production Farmers",1512,Horticultural Crop Growers,151299,Horticultural Crop Growers nec,1
1,Managers,15,Farmers and Farm Managers,151,"Broadacre, Horticultural and Mixed Production Farmers",1513,Mixed Production and Aquaculture Farmers,151331,Aquaculture Farmer,1
1,Managers,15,Farmers and Farm Managers,151,"Broadacre, Horticultural and Mixed Production Farmers",1513,Mixed Production and Aquaculture Farmers,151332,Broadacre Crop and Livestock Farmer,1
1,Managers,15,Farmers and Farm Managers,151,"Broadacre, Horticultural and Mixed Production Farmers",1513,Mixed Production and Aquaculture Farmers,151399,Mixed Production and Aquaculture Farmers nec,1
1,Managers,15,Farmers and Farm Managers,152,Livestock Farmers,1521,Beef Cattle Farmers,152131,Beef Cattle Farmer,1
1,Managers,15,Farmers and Farm Managers,152,Livestock Farmers,1522,Dairy Cattle Farmers,152231,Dairy Cattle Farmer,1
1,Managers,15,Farmers and Farm Managers,152,Livestock Farmers,1523,Mixed Cattle and Sheep Farmers,152331,Mixed Cattle and Sheep Farmer,1
1,Managers,15,Farmers and Farm Managers,152,Livestock Farmers,1524,Sheep Farmers,152431,Sheep Farmer,1
1,Managers,15,Farmers and Farm Managers,152,Livestock Farmers,1529,Other Livestock Farmers,152931,Apiarist,1
1,Managers,15,Farmers and Farm Managers,152,Livestock Farmers,1529,Other Livestock Farmers,152932,Goat Farmer,1
1,Managers,15,Farmers and Farm Managers,152,Livestock Farmers,1529,Other Livestock Farmers,152933,Horse Breeder,1
1,Managers,15,Farmers and Farm Managers,152,Livestock Farmers,1529,Other Livestock Farmers,152934,Pig Farmer,1
1,Managers,15,Farmers and Farm Managers,152,Livestock Farmers,1529,Other Livestock Farmers,152935,Poultry Farmer,1
1,Managers,15,Farmers and Farm Managers,152,Livestock Farmers,1529,Other Livestock Farmers,152999,Livestock Farmers nec,1
1,Managers,16,Hospitality and Retail Managers,161,"Hospitality, Tourism and Venue Managers",1611,Accommodation Service Managers,161131,Accommodation Service Manager,2
1,Managers,16,Hospitality and Retail Managers,161,"Hospitality, Tourism and Venue Managers",1612,"Cafe, Restaurant and Catering Managers",161231,Cafe or Restaurant Manager,2
1,Managers,16,Hospitality and Retail Managers,161,"Hospitality, Tourism and Venue Managers",1612,"Cafe, Restaurant and Catering Managers",161232,Catering Manager,2
1,Managers,16,Hospitality and Retail Managers,161,"Hospitality, Tourism and Venue Managers",1613,"Entertainment, Fitness and Sports Venue Managers",161331,Amusement Centre Manager,2
1,Managers,16,Hospitality and Retail Managers,161,"Hospitality, Tourism and Venue Managers",1613,"Entertainment, Fitness and Sports Venue Managers",161332,Betting Agency Manager,2
1,Managers,16,Hospitality and Retail Managers,161,"Hospitality, Tourism and Venue Managers",1613,"Entertainment, Fitness and Sports Venue Managers",161333,Cinema or Theatre Manager,2
1,Managers,16,Hospitality and Retail Managers,161,"Hospitality, Tourism and Venue Managers",1613,"Entertainment, Fitness and Sports Venue Managers",161334,Fitness Centre Manager,2
1,Managers,16,Hospitality and Retail Managers,161,"Hospitality, Tourism and Venue Managers",1613,"Entertainment, Fitness and Sports Venue Managers",161335,Sports Centre Manager,2
1,Managers,16,Hospitality and Retail Managers,161,"Hospitality, Tourism and Venue Managers",1613,"Entertainment, Fitness and Sports Venue Managers",161399,"Entertainment, Fitness and Sports Venue Managers nec",2
1,Managers,16,Hospitality and Retail Managers,161,"Hospitality, Tourism and Venue Managers",1614,Hotel and Motel Managers,161431,Hotel or Motel Manager,2
1,Managers,16,Hospitality and Retail Managers,161,"Hospitality, Tourism and Venue Managers",1615,Licensed Club Managers,161531,Licensed Club Manager,2
1,Managers,16,Hospitality and Retail Managers,161,"Hospitality, Tourism and Venue Managers",1616,Senior Chefs,161631,Senior Chef,2
1,Managers,16,Hospitality and Retail Managers,161,"Hospitality, Tourism and Venue Managers",1619,"Other Hospitality, Tourism and Venue Managers",161931,Caravan Park and Camping Ground Manager,2
1,Managers,16,Hospitality and Retail Managers,161,"Hospitality, Tourism and Venue Managers",1619,"Other Hospitality, Tourism and Venue Managers",161932,Hosted Accommodation Operator,2
1,Managers,16,Hospitality and Retail Managers,161,"Hospitality, Tourism and Venue Managers",1619,"Other Hospitality, Tourism and Venue Managers",161933,Travel Agency Manager,2
1,Managers,16,Hospitality and Retail Managers,161,"Hospitality, Tourism and Venue Managers",1619,"Other Hospitality, Tourism and Venue Managers",161999,"Hospitality, Tourism and Venue Managers nec",2
1,Managers,16,Hospitality and Retail Managers,162,Retail Managers,1621,Retail Managers,162131,Retail Manager (General),2
1,Managers,16,Hospitality and Retail Managers,162,Retail Managers,1621,Retail Managers,162132,Antique Dealer,2
1,Managers,16,Hospitality and Retail Managers,162,Retail Managers,1621,Retail Managers,162133,Post Office Manager,2
1,Managers,17,Office Administration and Service Managers,171,Office Administration and Practice Managers,1711,Financial Institution Managers,171131,Financial Institution Manager,2
1,Managers,17,Office Administration and Service Managers,171,Office Administration and Practice Managers,1712,Office and Payroll Managers,171231,Office Manager,2
1,Managers,17,Office Administration and Service Managers,171,Office Administration and Practice Managers,1712,Office and Payroll Managers,171232,Payroll Manager,2
1,Managers,17,Office Administration and Service Managers,171,Office Administration and Practice Managers,1713,Practice Managers,171331,Health Practice Manager,2
1,Managers,17,Office Administration and Service Managers,171,Office Administration and Practice Managers,1713,Practice Managers,171332,Legal Practice Manager,2
1,Managers,17,Office Administration and Service Managers,171,Office Administration and Practice Managers,1713,Practice Managers,171333,Veterinary Practice Manager,2
1,Managers,17,Office Administration and Service Managers,171,Office Administration and Practice Managers,1713,Practice Managers,171399,Practice Managers nec,2
1,Managers,17,Office Administration and Service Managers,171,Office Administration and Practice Managers,1714,Real Estate Agency Principals,171431,Real Estate Agency Principal,2
1,Managers,17,Office Administration and Service Managers,172,Service Managers,1721,Call Centre and Customer Service Managers,172131,Call or Contact Centre Manager,2
1,Managers,17,Office Administration and Service Managers,172,Service Managers,1721,Call Centre and Customer Service Managers,172132,Customer Service Manager,2
1,Managers,17,Office Administration and Service Managers,172,Service Managers,1722,Event Managers,172231,Event Manager,2
1,Managers,17,Office Administration and Service Managers,172,Service Managers,1723,Facilities Managers,172331,Facilities Manager,2
1,Managers,17,Office Administration and Service Managers,172,Service Managers,1724,"Hair, Body and Beauty Service Managers",172431,Hair or Beauty Salon Manager,2
1,Managers,17,Office Administration and Service Managers,172,Service Managers,1724,"Hair, Body and Beauty Service Managers",172499,"Hair, Body and Beauty Service Managers nec",2
1,Managers,17,Office Administration and Service Managers,172,Service Managers,1725,Transport Service Managers,172531,Fleet Manager,2
1,Managers,17,Office Administration and Service Managers,172,Service Managers,1725,Transport Service Managers,172532,Railway Station Manager,2
1,Managers,17,Office Administration and Service Managers,172,Service Managers,1725,Transport Service Managers,172533,Transport Company Manager,2
1,Managers,17,Office Administration and Service Managers,172,Service Managers,1729,Other Service Managers,172931,Boarding Kennel or Cattery Operator,2
1,Managers,17,Office Administration and Service Managers,172,Service Managers,1729,Other Service Managers,172932,Equipment Hire Manager,2
1,Managers,17,Office Administration and Service Managers,172,Service Managers,1729,Other Service Managers,172933,Retirement Village Manager,2
1,Managers,17,Office Administration and Service Managers,172,Service Managers,1729,Other Service Managers,172934,Security Manager (Non-ICT),2
1,Managers,17,Office Administration and Service Managers,172,Service Managers,1729,Other Service Managers,172999,Service Managers nec,2
2,Professionals,21,Accounting and Finance Professionals,211,Accountants and Auditors,2111,Accountants and Corporate Treasurers,211131,Accountant (General),1
2,Professionals,21,Accounting and Finance Professionals,211,Accountants and Auditors,2111,Accountants and Corporate Treasurers,211132,Corporate Treasurer,1
2,Professionals,21,Accounting and Finance Professionals,211,Accountants and Auditors,2111,Accountants and Corporate Treasurers,211133,Forensic Accountant,1
2,Professionals,21,Accounting and Finance Professionals,211,Accountants and Auditors,2111,Accountants and Corporate Treasurers,211134,Management Accountant,1
2,Professionals,21,Accounting and Finance Professionals,211,Accountants and Auditors,2111,Accountants and Corporate Treasurers,211135,Taxation Accountant,1
2,Professionals,21,Accounting and Finance Professionals,211,Accountants and Auditors,2112,Auditors,211231,External Auditor,1
2,Professionals,21,Accounting and Finance Professionals,211,Accountants and Auditors,2112,Auditors,211232,Internal Auditor,1
2,Professionals,21,Accounting and Finance Professionals,212,Financial Services and Investment Specialists,2121,Financial Advisers,212131,Financial Adviser,1
2,Professionals,21,Accounting and Finance Professionals,212,Financial Services and Investment Specialists,2122,Financial Dealers,212231,Financial Market Dealer,1
2,Professionals,21,Accounting and Finance Professionals,212,Financial Services and Investment Specialists,2122,Financial Dealers,212232,Stockbroker,1
2,Professionals,21,Accounting and Finance Professionals,212,Financial Services and Investment Specialists,2123,Investment Specialists,212331,Capital Markets Specialist,1
2,Professionals,21,Accounting and Finance Professionals,212,Financial Services and Investment Specialists,2123,Investment Specialists,212332,Investment Analyst,1
2,Professionals,21,Accounting and Finance Professionals,212,Financial Services and Investment Specialists,2123,Investment Specialists,212333,Investment Manager,1
2,Professionals,21,Accounting and Finance Professionals,212,Financial Services and Investment Specialists,2129,Other Financial Services and Investment Specialists,212931,Credit Risk Manager,1
2,Professionals,21,Accounting and Finance Professionals,212,Financial Services and Investment Specialists,2129,Other Financial Services and Investment Specialists,212999,Financial Services and Investment Specialists nec,1
2,Professionals,22,Business Professionals,221,Business Promotion and Communications Professionals,2211,Advertising Specialists,221131,Advertising Specialist,1
2,Professionals,22,Business Professionals,221,Business Promotion and Communications Professionals,2212,Communications Officers (Public Relations),221231,Communications Officer (Public Relations),1
2,Professionals,22,Business Professionals,221,Business Promotion and Communications Professionals,2213,Electorate and Liaison Officers,221331,Electorate Officer,1
2,Professionals,22,Business Professionals,221,Business Promotion and Communications Professionals,2213,Electorate and Liaison Officers,221332,Liaison Officer,1
2,Professionals,22,Business Professionals,221,Business Promotion and Communications Professionals,2214,ICT Business Development Managers,221431,ICT Business Development Manager,1
2,Professionals,22,Business Professionals,221,Business Promotion and Communications Professionals,2215,Marketing Professionals,221531,Content Creator (Marketing),1
2,Professionals,22,Business Professionals,221,Business Promotion and Communications Professionals,2215,Marketing Professionals,221532,Digital Marketing Analyst,1
2,Professionals,22,Business Professionals,221,Business Promotion and Communications Professionals,2215,Marketing Professionals,221533,Market Research Analyst,1
2,Professionals,22,Business Professionals,221,Business Promotion and Communications Professionals,2215,Marketing Professionals,221534,Marketing Specialist,1
2,Professionals,22,Business Professionals,221,Business Promotion and Communications Professionals,2216,Technical Sales Representatives,221631,ICT Account Manager,1
2,Professionals,22,Business Professionals,221,Business Promotion and Communications Professionals,2216,Technical Sales Representatives,221632,ICT Sales Representative,1
2,Professionals,22,Business Professionals,221,Business Promotion and Communications Professionals,2216,Technical Sales Representatives,221633,Sales Representative (Industrial Products),1
2,Professionals,22,Business Professionals,221,Business Promotion and Communications Professionals,2216,Technical Sales Representatives,221634,Sales Representative (Medical and Pharmaceutical Products),1
2,Professionals,22,Business Professionals,221,Business Promotion and Communications Professionals,2216,Technical Sales Representatives,221699,Technical Sales Representatives nec,1
2,Professionals,22,Business Professionals,222,"Human Resources, Work Health and Safety and Training Professionals",2221,Human Resources and Workplace Relations Advisers,222131,Human Resources Adviser,1
2,Professionals,22,Business Professionals,222,"Human Resources, Work Health and Safety and Training Professionals",2221,Human Resources and Workplace Relations Advisers,222132,Workplace Relations Adviser,1
2,Professionals,22,Business Professionals,222,"Human Resources, Work Health and Safety and Training Professionals",2222,Recruitment Consultants,222231,Recruitment Consultant,1
2,Professionals,22,Business Professionals,222,"Human Resources, Work Health and Safety and Training Professionals",2223,Rehabilitation Consultants and Work Health and Safety Advisers,222331,Rehabilitation Consultant,1
2,Professionals,22,Business Professionals,222,"Human Resources, Work Health and Safety and Training Professionals",2223,Rehabilitation Consultants and Work Health and Safety Advisers,222332,Work Health and Safety Adviser,1
2,Professionals,22,Business Professionals,222,"Human Resources, Work Health and Safety and Training Professionals",2224,Training and Development Professionals,222431,Training and Development Professional,1
2,Professionals,22,Business Professionals,223,Information and Organisation Professionals,2231,"Actuaries, Mathematicians and Statisticians",223131,Actuary,1
2,Professionals,22,Business Professionals,223,Information and Organisation Professionals,2231,"Actuaries, Mathematicians and Statisticians",223132,Mathematician,1
2,Professionals,22,Business Professionals,223,Information and Organisation Professionals,2231,"Actuaries, Mathematicians and Statisticians",223133,Statistician,1
2,Professionals,22,Business Professionals,223,Information and Organisation Professionals,2232,Data Professionals,223231,Data Analyst,1
2,Professionals,22,Business Professionals,223,Information and Organisation Professionals,2232,Data Professionals,223232,Data Architect,1
2,Professionals,22,Business Professionals,223,Information and Organisation Professionals,2232,Data Professionals,223233,Data Engineer,1
2,Professionals,22,Business Professionals,223,Information and Organisation Professionals,2232,Data Professionals,223234,Data Scientist,1
2,Professionals,22,Business Professionals,223,Information and Organisation Professionals,2233,Intelligence and Policy Analysts,223331,Intelligence Analyst,1
2,Professionals,22,Business Professionals,223,Information and Organisation Professionals,2233,Intelligence and Policy Analysts,223332,Policy Analyst,1
2,Professionals,22,Business Professionals,223,Information and Organisation Professionals,2234,Management and Organisation Analysts,223431,Enterprise Architect,1
2,Professionals,22,Business Professionals,223,Information and Organisation Professionals,2234,Management and Organisation Analysts,223432,Management Consultant,1
2,Professionals,22,Business Professionals,223,Information and Organisation Professionals,2234,Management and Organisation Analysts,223433,Organisation and Methods Analyst,1
2,Professionals,22,Business Professionals,223,Information and Organisation Professionals,2234,Management and Organisation Analysts,223434,Supply Chain Analyst,1
2,Professionals,22,Business Professionals,223,Information and Organisation Professionals,2235,Property and Valuation Professionals,223531,Asset Manager (Property),1
2,Professionals,22,Business Professionals,223,Information and Organisation Professionals,2235,Property and Valuation Professionals,223532,Valuer,1
2,Professionals,22,Business Professionals,223,Information and Organisation Professionals,2239,Other Information and Organisation Professionals,223931,Company Secretary,1
2,Professionals,22,Business Professionals,223,Information and Organisation Professionals,2239,Other Information and Organisation Professionals,223932,Cost Controller,1
2,Professionals,22,Business Professionals,223,Information and Organisation Professionals,2239,Other Information and Organisation Professionals,223933,Health Information Manager,1
2,Professionals,22,Business Professionals,223,Information and Organisation Professionals,2239,Other Information and Organisation Professionals,223934,Patents Examiner,1
2,Professionals,22,Business Professionals,223,Information and Organisation Professionals,2239,Other Information and Organisation Professionals,223935,Records or Information Manager,1
2,Professionals,22,Business Professionals,223,Information and Organisation Professionals,2239,Other Information and Organisation Professionals,223999,Information and Organisation Professionals nec,1
2,Professionals,23,Cultural and Social Professionals,231,Arts and Media Professionals,2311,"Actors, Dancers and Other Entertainers",231131,Actor,1
2,Professionals,23,Cultural and Social Professionals,231,Arts and Media Professionals,2311,"Actors, Dancers and Other Entertainers",231132,Circus Performer or Trainer,1
2,Professionals,23,Cultural and Social Professionals,231,Arts and Media Professionals,2311,"Actors, Dancers and Other Entertainers",231133,Content Creator (Social Media),1
2,Professionals,23,Cultural and Social Professionals,231,Arts and Media Professionals,2311,"Actors, Dancers and Other Entertainers",231134,Dancer or Choreographer,1
2,Professionals,23,Cultural and Social Professionals,231,Arts and Media Professionals,2311,"Actors, Dancers and Other Entertainers",231135,Entertainer or Variety Performer,1
2,Professionals,23,Cultural and Social Professionals,231,Arts and Media Professionals,2311,"Actors, Dancers and Other Entertainers",231199,"Actors, Dancers and Other Entertainers nec",1
2,Professionals,23,Cultural and Social Professionals,231,Arts and Media Professionals,2312,"Authors, and Book and Script Editors",231231,Author,1
2,Professionals,23,Cultural and Social Professionals,231,Arts and Media Professionals,2312,"Authors, and Book and Script Editors",231232,Book or Script Editor,1
2,Professionals,23,Cultural and Social Professionals,231,Arts and Media Professionals,2313,Journalists and Other Writers,231331,Copywriter,1
2,Professionals,23,Cultural and Social Professionals,231,Arts and Media Professionals,2313,Journalists and Other Writers,231332,Journalist,1
2,Professionals,23,Cultural and Social Professionals,231,Arts and Media Professionals,2313,Journalists and Other Writers,231333,Print or Digital Content Editor,1
2,Professionals,23,Cultural and Social Professionals,231,Arts and Media Professionals,2313,Journalists and Other Writers,231334,Technical Writer,1
2,Professionals,23,Cultural and Social Professionals,231,Arts and Media Professionals,2313,Journalists and Other Writers,231399,Journalists and Other Writers nec,1
2,Professionals,23,Cultural and Social Professionals,231,Arts and Media Professionals,2314,Media Directors and Designers,231431,Artistic Director,1
2,Professionals,23,Cultural and Social Professionals,231,Arts and Media Professionals,2314,Media Directors and Designers,231432,Audio or Live Performance Director,1
2,Professionals,23,Cultural and Social Professionals,231,Arts and Media Professionals,2314,Media Directors and Designers,231433,Cinematographer,1
2,Professionals,23,Cultural and Social Professionals,231,Arts and Media Professionals,2314,Media Directors and Designers,231434,Film and Video Editor,1
2,Professionals,23,Cultural and Social Professionals,231,Arts and Media Professionals,2314,Media Directors and Designers,231435,Production Manager (Screen or Live Performance),1
2,Professionals,23,Cultural and Social Professionals,231,Arts and Media Professionals,2314,Media Directors and Designers,231436,Screen Director,1
2,Professionals,23,Cultural and Social Professionals,231,Arts and Media Professionals,2314,Media Directors and Designers,231437,Screen or Live Performance Designer,1
2,Professionals,23,Cultural and Social Professionals,231,Arts and Media Professionals,2314,Media Directors and Designers,231438,Technical Director,1
2,Professionals,23,Cultural and Social Professionals,231,Arts and Media Professionals,2314,Media Directors and Designers,231499,Media Directors and Designers nec,1
2,Professionals,23,Cultural and Social Professionals,231,Arts and Media Professionals,2315,Media Producers,231531,Audio Producer,1
2,Professionals,23,Cultural and Social Professionals,231,Arts and Media Professionals,2315,Media Producers,231532,Live Performance Producer,1
2,Professionals,23,Cultural and Social Professionals,231,Arts and Media Professionals,2315,Media Producers,231533,Screen Producer,1
2,Professionals,23,Cultural and Social Professionals,231,Arts and Media Professionals,2316,Music Professionals,231631,Composer,1
2,Professionals,23,Cultural and Social Professionals,231,Arts and Media Professionals,2316,Music Professionals,231632,Music Director,1
2,Professionals,23,Cultural and Social Professionals,231,Arts and Media Professionals,2316,Music Professionals,231633,Musician (Instrumental),1
2,Professionals,23,Cultural and Social Professionals,231,Arts and Media Professionals,2316,Music Professionals,231634,Singer,1
2,Professionals,23,Cultural and Social Professionals,231,Arts and Media Professionals,2316,Music Professionals,231699,Music Professionals nec,1
2,Professionals,23,Cultural and Social Professionals,231,Arts and Media Professionals,2317,Visual Arts and Crafts Professionals,231731,Painter (Visual Arts),1
2,Professionals,23,Cultural and Social Professionals,231,Arts and Media Professionals,2317,Visual Arts and Crafts Professionals,231732,Potter or Ceramic Artist,1
2,Professionals,23,Cultural and Social Professionals,231,Arts and Media Professionals,2317,Visual Arts and Crafts Professionals,231733,Sculptor,1
2,Professionals,23,Cultural and Social Professionals,231,Arts and Media Professionals,2317,Visual Arts and Crafts Professionals,231799,Visual Arts and Crafts Professionals nec,1
2,Professionals,23,Cultural and Social Professionals,231,Arts and Media Professionals,2319,Other Arts and Media Professionals,231931,Community Arts Worker,1
2,Professionals,23,Cultural and Social Professionals,231,Arts and Media Professionals,2319,Other Arts and Media Professionals,231932,Media Presenter,1
2,Professionals,23,Cultural and Social Professionals,232,Social Professionals,2321,Librarians,232131,Librarian,1
2,Professionals,23,Cultural and Social Professionals,232,Social Professionals,2322,Religious Leaders,232231,Religious Leader,1
2,Professionals,23,Cultural and Social Professionals,232,Social Professionals,2323,Social Science and Related Professionals,232331,Archaeologist,1
2,Professionals,23,Cultural and Social Professionals,232,Social Professionals,2323,Social Science and Related Professionals,232332,Archivist,1
2,Professionals,23,Cultural and Social Professionals,232,Social Professionals,2323,Social Science and Related Professionals,232333,Economist,1
2,Professionals,23,Cultural and Social Professionals,232,Social Professionals,2323,Social Science and Related Professionals,232334,Gallery or Museum Curator,1
2,Professionals,23,Cultural and Social Professionals,232,Social Professionals,2323,Social Science and Related Professionals,232335,Heritage Consultant,1
2,Professionals,23,Cultural and Social Professionals,232,Social Professionals,2323,Social Science and Related Professionals,232336,Historian,1
2,Professionals,23,Cultural and Social Professionals,232,Social Professionals,2323,Social Science and Related Professionals,232399,Social Science and Related Professionals nec,1
2,Professionals,24,"Design, Engineering and Science Professionals",241,"Architects, Planners and Surveyors",2411,"Architects, Landscape Architects and Urban Designers",241131,Architect,1
2,Professionals,24,"Design, Engineering and Science Professionals",241,"Architects, Planners and Surveyors",2411,"Architects, Landscape Architects and Urban Designers",241132,Landscape Architect,1
2,Professionals,24,"Design, Engineering and Science Professionals",241,"Architects, Planners and Surveyors",2411,"Architects, Landscape Architects and Urban Designers",241133,Urban Designer,1
2,Professionals,24,"Design, Engineering and Science Professionals",241,"Architects, Planners and Surveyors",2412,Geospatial Information Professionals and Surveyors,241231,Cartographer,1
2,Professionals,24,"Design, Engineering and Science Professionals",241,"Architects, Planners and Surveyors",2412,Geospatial Information Professionals and Surveyors,241232,Engineering Surveyor,1
2,Professionals,24,"Design, Engineering and Science Professionals",241,"Architects, Planners and Surveyors",2412,Geospatial Information Professionals and Surveyors,241233,Geospatial Specialist,1
2,Professionals,24,"Design, Engineering and Science Professionals",241,"Architects, Planners and Surveyors",2412,Geospatial Information Professionals and Surveyors,241234,Land Surveyor,1
2,Professionals,24,"Design, Engineering and Science Professionals",241,"Architects, Planners and Surveyors",2412,Geospatial Information Professionals and Surveyors,241235,Mine Surveyor,1
2,Professionals,24,"Design, Engineering and Science Professionals",241,"Architects, Planners and Surveyors",2412,Geospatial Information Professionals and Surveyors,241299,Geospatial Information Professionals and Surveyors nec,1
2,Professionals,24,"Design, Engineering and Science Professionals",241,"Architects, Planners and Surveyors",2413,Urban and Regional Planners,241331,Urban and Regional Planner,1
2,Professionals,24,"Design, Engineering and Science Professionals",241,"Architects, Planners and Surveyors",2419,"Other Architects, Planners and Surveyors",241931,Building Surveyor,1
2,Professionals,24,"Design, Engineering and Science Professionals",241,"Architects, Planners and Surveyors",2419,"Other Architects, Planners and Surveyors",241932,Quantity Surveyor,1
2,Professionals,24,"Design, Engineering and Science Professionals",242,Design Professionals,2421,Digital Designers,242131,Multimedia Designer,1
2,Professionals,24,"Design, Engineering and Science Professionals",242,Design Professionals,2421,Digital Designers,242132,UI / UX Designer,1
2,Professionals,24,"Design, Engineering and Science Professionals",242,Design Professionals,2421,Digital Designers,242133,Web Designer,1
2,Professionals,24,"Design, Engineering and Science Professionals",242,Design Professionals,2422,"Fashion, Industrial, Jewellery and Textile Designers",242231,Fashion Designer,1
2,Professionals,24,"Design, Engineering and Science Professionals",242,Design Professionals,2422,"Fashion, Industrial, Jewellery and Textile Designers",242232,Industrial Designer,1
2,Professionals,24,"Design, Engineering and Science Professionals",242,Design Professionals,2422,"Fashion, Industrial, Jewellery and Textile Designers",242233,Jewellery Designer,1
2,Professionals,24,"Design, Engineering and Science Professionals",242,Design Professionals,2422,"Fashion, Industrial, Jewellery and Textile Designers",242234,Textile Designer,1
2,Professionals,24,"Design, Engineering and Science Professionals",242,Design Professionals,2423,Graphic and Visual Content Designers,242331,Animator or Visual Effects Artist,1
2,Professionals,24,"Design, Engineering and Science Professionals",242,Design Professionals,2423,Graphic and Visual Content Designers,242332,Graphic Designer,1
2,Professionals,24,"Design, Engineering and Science Professionals",242,Design Professionals,2423,Graphic and Visual Content Designers,242333,Illustrator,1
2,Professionals,24,"Design, Engineering and Science Professionals",242,Design Professionals,2424,Interior Designers,242431,Interior Designer,1
2,Professionals,24,"Design, Engineering and Science Professionals",243,Engineering Professionals,2431,Chemical and Materials Engineering Professionals,243131,Chemical Engineer,1
2,Professionals,24,"Design, Engineering and Science Professionals",243,Engineering Professionals,2431,Chemical and Materials Engineering Professionals,243132,Extractive Metallurgist,1
2,Professionals,24,"Design, Engineering and Science Professionals",243,Engineering Professionals,2431,Chemical and Materials Engineering Professionals,243133,Materials Engineer,1
2,Professionals,24,"Design, Engineering and Science Professionals",243,Engineering Professionals,2432,Civil Engineering Professionals,243231,Civil Engineer,1
2,Professionals,24,"Design, Engineering and Science Professionals",243,Engineering Professionals,2432,Civil Engineering Professionals,243232,Geotechnical Engineer,1
2,Professionals,24,"Design, Engineering and Science Professionals",243,Engineering Professionals,2432,Civil Engineering Professionals,243233,Rail Engineer,1
2,Professionals,24,"Design, Engineering and Science Professionals",243,Engineering Professionals,2432,Civil Engineering Professionals,243234,Structural Engineer,1
2,Professionals,24,"Design, Engineering and Science Professionals",243,Engineering Professionals,2432,Civil Engineering Professionals,243235,Transport Engineer,1
2,Professionals,24,"Design, Engineering and Science Professionals",243,Engineering Professionals,2432,Civil Engineering Professionals,243236,Water Engineer,1
2,Professionals,24,"Design, Engineering and Science Professionals",243,Engineering Professionals,2433,Electrical Engineering Professionals,243331,Electrical Engineer,1
2,Professionals,24,"Design, Engineering and Science Professionals",243,Engineering Professionals,2433,Electrical Engineering Professionals,243332,Rail Signalling Engineer,1
2,Professionals,24,"Design, Engineering and Science Professionals",243,Engineering Professionals,2434,Electronics Engineers,243431,Electronics Engineer,1
2,Professionals,24,"Design, Engineering and Science Professionals",243,Engineering Professionals,2435,"Industrial, Mechanical and Production Engineers",243531,Industrial Engineer,1
2,Professionals,24,"Design, Engineering and Science Professionals",243,Engineering Professionals,2435,"Industrial, Mechanical and Production Engineers",243532,Mechanical Engineer,1
2,Professionals,24,"Design, Engineering and Science Professionals",243,Engineering Professionals,2435,"Industrial, Mechanical and Production Engineers",243533,Production or Plant Engineer,1
2,Professionals,24,"Design, Engineering and Science Professionals",243,Engineering Professionals,2436,Mining Engineers,243631,Mining Engineer (excluding Petroleum),1
2,Professionals,24,"Design, Engineering and Science Professionals",243,Engineering Professionals,2436,Mining Engineers,243632,Petroleum Engineer,1
2,Professionals,24,"Design, Engineering and Science Professionals",243,Engineering Professionals,2439,Other Engineering Professionals,243931,Acoustic Engineer,1
2,Professionals,24,"Design, Engineering and Science Professionals",243,Engineering Professionals,2439,Other Engineering Professionals,243932,Aerospace Engineer,1
2,Professionals,24,"Design, Engineering and Science Professionals",243,Engineering Professionals,2439,Other Engineering Professionals,243933,Biomedical Engineer,1
2,Professionals,24,"Design, Engineering and Science Professionals",243,Engineering Professionals,2439,Other Engineering Professionals,243934,Engineering Technologist,1
2,Professionals,24,"Design, Engineering and Science Professionals",243,Engineering Professionals,2439,Other Engineering Professionals,243935,Environmental Engineer,1
2,Professionals,24,"Design, Engineering and Science Professionals",243,Engineering Professionals,2439,Other Engineering Professionals,243936,Fire Safety Engineer,1
2,Professionals,24,"Design, Engineering and Science Professionals",243,Engineering Professionals,2439,Other Engineering Professionals,243937,Mechatronics Engineer,1
2,Professionals,24,"Design, Engineering and Science Professionals",243,Engineering Professionals,2439,Other Engineering Professionals,243938,Naval Architect,1
2,Professionals,24,"Design, Engineering and Science Professionals",243,Engineering Professionals,2439,Other Engineering Professionals,243999,Engineering Professionals nec,1
2,Professionals,24,"Design, Engineering and Science Professionals",244,Natural and Physical Science Professionals,2441,"Agricultural, Fisheries and Forestry Scientists",244131,Agricultural Consultant,1
2,Professionals,24,"Design, Engineering and Science Professionals",244,Natural and Physical Science Professionals,2441,"Agricultural, Fisheries and Forestry Scientists",244132,Agricultural Research Scientist,1
2,Professionals,24,"Design, Engineering and Science Professionals",244,Natural and Physical Science Professionals,2441,"Agricultural, Fisheries and Forestry Scientists",244133,Agronomist,1
2,Professionals,24,"Design, Engineering and Science Professionals",244,Natural and Physical Science Professionals,2441,"Agricultural, Fisheries and Forestry Scientists",244134,Aquaculture or Fisheries Scientist,1
2,Professionals,24,"Design, Engineering and Science Professionals",244,Natural and Physical Science Professionals,2441,"Agricultural, Fisheries and Forestry Scientists",244135,Forester,1
2,Professionals,24,"Design, Engineering and Science Professionals",244,Natural and Physical Science Professionals,2442,"Chemists, and Food and Wine Scientists",244231,Chemist,1
2,Professionals,24,"Design, Engineering and Science Professionals",244,Natural and Physical Science Professionals,2442,"Chemists, and Food and Wine Scientists",244232,Food Technologist,1
2,Professionals,24,"Design, Engineering and Science Professionals",244,Natural and Physical Science Professionals,2442,"Chemists, and Food and Wine Scientists",244233,Winemaker,1
2,Professionals,24,"Design, Engineering and Science Professionals",244,Natural and Physical Science Professionals,2443,Environmental Conservation Professionals,244331,Aboriginal and Torres Strait Islander Land and Sea Ranger,1
2,Professionals,24,"Design, Engineering and Science Professionals",244,Natural and Physical Science Professionals,2443,Environmental Conservation Professionals,244332,Conservation Officer,1
2,Professionals,24,"Design, Engineering and Science Professionals",244,Natural and Physical Science Professionals,2443,Environmental Conservation Professionals,244333,Ecologist,1
2,Professionals,24,"Design, Engineering and Science Professionals",244,Natural and Physical Science Professionals,2443,Environmental Conservation Professionals,244334,Park Ranger,1
2,Professionals,24,"Design, Engineering and Science Professionals",244,Natural and Physical Science Professionals,2444,Environmental Consultants and Scientists,244431,Environmental Consultant,1
2,Professionals,24,"Design, Engineering and Science Professionals",244,Natural and Physical Science Professionals,2444,Environmental Consultants and Scientists,244432,Environmental Research Scientist,1
2,Professionals,24,"Design, Engineering and Science Professionals",244,Natural and Physical Science Professionals,2444,Environmental Consultants and Scientists,244499,Environmental Consultants and Scientists nec,1
2,Professionals,24,"Design, Engineering and Science Professionals",244,Natural and Physical Science Professionals,2445,Geoscientists and Hydrologists,244531,Geologist,1
2,Professionals,24,"Design, Engineering and Science Professionals",244,Natural and Physical Science Professionals,2445,Geoscientists and Hydrologists,244532,Geophysicist,1
2,Professionals,24,"Design, Engineering and Science Professionals",244,Natural and Physical Science Professionals,2445,Geoscientists and Hydrologists,244533,Hydrologist,1
2,Professionals,24,"Design, Engineering and Science Professionals",244,Natural and Physical Science Professionals,2446,Life Scientists,244631,Biotechnologist,1
2,Professionals,24,"Design, Engineering and Science Professionals",244,Natural and Physical Science Professionals,2446,Life Scientists,244632,Botanist,1
2,Professionals,24,"Design, Engineering and Science Professionals",244,Natural and Physical Science Professionals,2446,Life Scientists,244633,Entomologist,1
2,Professionals,24,"Design, Engineering and Science Professionals",244,Natural and Physical Science Professionals,2446,Life Scientists,244634,Marine Biologist,1
2,Professionals,24,"Design, Engineering and Science Professionals",244,Natural and Physical Science Professionals,2446,Life Scientists,244635,Microbiologist,1
2,Professionals,24,"Design, Engineering and Science Professionals",244,Natural and Physical Science Professionals,2446,Life Scientists,244636,Zoologist,1
2,Professionals,24,"Design, Engineering and Science Professionals",244,Natural and Physical Science Professionals,2446,Life Scientists,244699,Life Scientists nec,1
2,Professionals,24,"Design, Engineering and Science Professionals",244,Natural and Physical Science Professionals,2447,Medical Science Professionals,244731,Medical Laboratory Scientist,1
2,Professionals,24,"Design, Engineering and Science Professionals",244,Natural and Physical Science Professionals,2447,Medical Science Professionals,244732,Medical Physicist,1
2,Professionals,24,"Design, Engineering and Science Professionals",244,Natural and Physical Science Professionals,2449,Other Natural and Physical Science Professionals,244931,Conservator,1
2,Professionals,24,"Design, Engineering and Science Professionals",244,Natural and Physical Science Professionals,2449,Other Natural and Physical Science Professionals,244932,Meteorologist,1
2,Professionals,24,"Design, Engineering and Science Professionals",244,Natural and Physical Science Professionals,2449,Other Natural and Physical Science Professionals,244933,Physicist,1
2,Professionals,24,"Design, Engineering and Science Professionals",244,Natural and Physical Science Professionals,2449,Other Natural and Physical Science Professionals,244999,Natural and Physical Science Professionals nec,1
2,Professionals,25,Education Professionals,251,"Early Childhood, School and Specialist Education Teachers",2511,Early Childhood (Pre-primary School) Teachers,251131,Early Childhood (Pre-primary School) Teacher,1
2,Professionals,25,Education Professionals,251,"Early Childhood, School and Specialist Education Teachers",2512,Primary School Teachers,251231,Primary School Teacher,1
2,Professionals,25,Education Professionals,251,"Early Childhood, School and Specialist Education Teachers",2513,Secondary School Teachers,251331,Secondary School Teacher,1
2,Professionals,25,Education Professionals,251,"Early Childhood, School and Specialist Education Teachers",2514,Specialist Education Teachers,251431,Special Education Teacher,1
2,Professionals,25,Education Professionals,251,"Early Childhood, School and Specialist Education Teachers",2514,Specialist Education Teachers,251432,Specialist Teacher (Vision Impairment),1
2,Professionals,25,Education Professionals,251,"Early Childhood, School and Specialist Education Teachers",2514,Specialist Education Teachers,251433,Teacher of the Deaf,1
2,Professionals,25,Education Professionals,251,"Early Childhood, School and Specialist Education Teachers",2519,"Other Early Childhood, School and Specialist Education Teachers",251931,Teacher Librarian,1
2,Professionals,25,Education Professionals,252,Tertiary Educators,2521,University Lecturers and Tutors,252131,University Lecturer,1
2,Professionals,25,Education Professionals,252,Tertiary Educators,2521,University Lecturers and Tutors,252132,University Tutor,1
2,Professionals,25,Education Professionals,252,Tertiary Educators,2522,Vocational Education Teachers,252231,Vocational Education Teacher,1
2,Professionals,25,Education Professionals,259,Miscellaneous Education Professionals,2591,Academic Tutors (Private Tuition),259131,Academic Tutor (Private Tuition),1
2,Professionals,25,Education Professionals,259,Miscellaneous Education Professionals,2592,Arts and Personal Enrichment Teachers (Private Tuition),259231,Art Teacher (Private Tuition),1
2,Professionals,25,Education Professionals,259,Miscellaneous Education Professionals,2592,Arts and Personal Enrichment Teachers (Private Tuition),259232,Dance Teacher (Private Tuition),1
2,Professionals,25,Education Professionals,259,Miscellaneous Education Professionals,2592,Arts and Personal Enrichment Teachers (Private Tuition),259233,Speech and Drama Teacher (Private Tuition),1
2,Professionals,25,Education Professionals,259,Miscellaneous Education Professionals,2592,Arts and Personal Enrichment Teachers (Private Tuition),259299,Arts and Personal Enrichment Teachers (Private Tuition) nec,1
2,Professionals,25,Education Professionals,259,Miscellaneous Education Professionals,2593,Education Advisers and Reviewers,259331,Education Adviser,1
2,Professionals,25,Education Professionals,259,Miscellaneous Education Professionals,2593,Education Advisers and Reviewers,259332,Education Reviewer,1
2,Professionals,25,Education Professionals,259,Miscellaneous Education Professionals,2594,Music Teachers (Private Tuition),259431,Music Teacher (Private Tuition),1
2,Professionals,25,Education Professionals,259,Miscellaneous Education Professionals,2595,Teachers of English to Speakers of Other Languages,259531,Teacher of English to Speakers of Other Languages,1
2,Professionals,25,Education Professionals,259,Miscellaneous Education Professionals,2599,Other Education Professionals,259931,Adult Literacy / Numeracy Teacher,1
2,Professionals,25,Education Professionals,259,Miscellaneous Education Professionals,2599,Other Education Professionals,259932,Careers Adviser,1
2,Professionals,25,Education Professionals,259,Miscellaneous Education Professionals,2599,Other Education Professionals,259933,Student Services Adviser,1
2,Professionals,25,Education Professionals,259,Miscellaneous Education Professionals,2599,Other Education Professionals,259999,Education Professionals nec,1
2,Professionals,26,Health Professionals,261,"Allied Health Counselling, Psychology, Social Work and Creative Therapy Professionals",2611,Counsellors and Psychotherapists,261131,Counsellor (General),1
2,Professionals,26,Health Professionals,261,"Allied Health Counselling, Psychology, Social Work and Creative Therapy Professionals",2611,Counsellors and Psychotherapists,261132,Alcohol and Other Drugs Counsellor,1
2,Professionals,26,Health Professionals,261,"Allied Health Counselling, Psychology, Social Work and Creative Therapy Professionals",2611,Counsellors and Psychotherapists,261133,Family and Relationship Counsellor,1
2,Professionals,26,Health Professionals,261,"Allied Health Counselling, Psychology, Social Work and Creative Therapy Professionals",2611,Counsellors and Psychotherapists,261134,Psychotherapist,1
2,Professionals,26,Health Professionals,261,"Allied Health Counselling, Psychology, Social Work and Creative Therapy Professionals",2611,Counsellors and Psychotherapists,261135,Rehabilitation Counsellor,1
2,Professionals,26,Health Professionals,261,"Allied Health Counselling, Psychology, Social Work and Creative Therapy Professionals",2611,Counsellors and Psychotherapists,261136,School Counsellor,1
2,Professionals,26,Health Professionals,261,"Allied Health Counselling, Psychology, Social Work and Creative Therapy Professionals",2612,Psychologists,261231,Psychologist,1
2,Professionals,26,Health Professionals,261,"Allied Health Counselling, Psychology, Social Work and Creative Therapy Professionals",2613,Social Workers,261331,Social Worker,1
2,Professionals,26,Health Professionals,261,"Allied Health Counselling, Psychology, Social Work and Creative Therapy Professionals",2619,"Other Allied Health Counselling, Psychology, Social Work and Creative Therapy Professionals",261931,Arts Therapist,1
2,Professionals,26,Health Professionals,261,"Allied Health Counselling, Psychology, Social Work and Creative Therapy Professionals",2619,"Other Allied Health Counselling, Psychology, Social Work and Creative Therapy Professionals",261932,Behaviour Support Practitioner,1
2,Professionals,26,Health Professionals,261,"Allied Health Counselling, Psychology, Social Work and Creative Therapy Professionals",2619,"Other Allied Health Counselling, Psychology, Social Work and Creative Therapy Professionals",261933,Music Therapist,1
2,Professionals,26,Health Professionals,261,"Allied Health Counselling, Psychology, Social Work and Creative Therapy Professionals",2619,"Other Allied Health Counselling, Psychology, Social Work and Creative Therapy Professionals",261999,"Allied Health Counselling, Psychology, Social Work and Creative Therapy Professionals nec",1
2,Professionals,26,Health Professionals,262,Allied Health Physical and Sensory Therapy Professionals,2621,Chiropractors,262131,Chiropractor,1
2,Professionals,26,Health Professionals,262,Allied Health Physical and Sensory Therapy Professionals,2622,Exercise Physiologists and Scientists,262231,Exercise Physiologist,1
2,Professionals,26,Health Professionals,262,Allied Health Physical and Sensory Therapy Professionals,2622,Exercise Physiologists and Scientists,262232,Exercise and Sports Scientist,1
2,Professionals,26,Health Professionals,262,Allied Health Physical and Sensory Therapy Professionals,2623,Occupational Therapists,262331,Occupational Therapist,1
2,Professionals,26,Health Professionals,262,Allied Health Physical and Sensory Therapy Professionals,2624,Physiotherapists,262431,Physiotherapist,1
2,Professionals,26,Health Professionals,262,Allied Health Physical and Sensory Therapy Professionals,2625,Podiatrists,262531,Podiatrist,1
2,Professionals,26,Health Professionals,262,Allied Health Physical and Sensory Therapy Professionals,2626,Speech Pathologists,262631,Speech Pathologist,1
2,Professionals,26,Health Professionals,262,Allied Health Physical and Sensory Therapy Professionals,2629,Other Allied Health Physical and Sensory Therapy Professionals,262931,Orthotist / Prosthetist,1
2,Professionals,26,Health Professionals,262,Allied Health Physical and Sensory Therapy Professionals,2629,Other Allied Health Physical and Sensory Therapy Professionals,262932,Osteopath,1
2,Professionals,26,Health Professionals,262,Allied Health Physical and Sensory Therapy Professionals,2629,Other Allied Health Physical and Sensory Therapy Professionals,262999,Allied Health Physical and Sensory Therapy Professionals nec,1
2,Professionals,26,Health Professionals,263,Allied Health Science Professionals,2631,Medical Radiation Practitioners,263131,Nuclear Medicine Technologist,1
2,Professionals,26,Health Professionals,263,Allied Health Science Professionals,2631,Medical Radiation Practitioners,263132,Radiation Therapist,1
2,Professionals,26,Health Professionals,263,Allied Health Science Professionals,2631,Medical Radiation Practitioners,263133,Radiographer,1
2,Professionals,26,Health Professionals,263,Allied Health Science Professionals,2632,Nutrition Professionals,263231,Dietitian,1
2,Professionals,26,Health Professionals,263,Allied Health Science Professionals,2632,Nutrition Professionals,263232,Nutritionist,1
2,Professionals,26,Health Professionals,263,Allied Health Science Professionals,2633,Optometrists,263331,Optometrist,1
2,Professionals,26,Health Professionals,263,Allied Health Science Professionals,2634,Pharmacists,263431,Community Pharmacist,1
2,Professionals,26,Health Professionals,263,Allied Health Science Professionals,2634,Pharmacists,263432,Hospital Pharmacist,1
2,Professionals,26,Health Professionals,263,Allied Health Science Professionals,2635,Sonographers,263531,Sonographer,1
2,Professionals,26,Health Professionals,263,Allied Health Science Professionals,2639,Other Allied Health Science Professionals,263931,Audiologist,1
2,Professionals,26,Health Professionals,263,Allied Health Science Professionals,2639,Other Allied Health Science Professionals,263932,Cardiac Physiologist,1
2,Professionals,26,Health Professionals,263,Allied Health Science Professionals,2639,Other Allied Health Science Professionals,263933,Diabetes Educator,1
2,Professionals,26,Health Professionals,263,Allied Health Science Professionals,2639,Other Allied Health Science Professionals,263934,Neurophysiology Scientist,1
2,Professionals,26,Health Professionals,263,Allied Health Science Professionals,2639,Other Allied Health Science Professionals,263935,Orthoptist,1
2,Professionals,26,Health Professionals,263,Allied Health Science Professionals,2639,Other Allied Health Science Professionals,263936,Respiratory or Sleep Scientist,1
2,Professionals,26,Health Professionals,263,Allied Health Science Professionals,2639,Other Allied Health Science Professionals,263999,Allied Health Science Professionals nec,1
2,Professionals,26,Health Professionals,264,Medical Practitioners,2641,Anaesthetists,264131,Anaesthetist,1
2,Professionals,26,Health Professionals,264,Medical Practitioners,2642,General Practitioners,264231,General Practitioner,1
2,Professionals,26,Health Professionals,264,Medical Practitioners,2643,Physicians,264331,General Medicine Physician,1
2,Professionals,26,Health Professionals,264,Medical Practitioners,2643,Physicians,264332,Cardiologist,1
2,Professionals,26,Health Professionals,264,Medical Practitioners,2643,Physicians,264333,Endocrinologist,1
2,Professionals,26,Health Professionals,264,Medical Practitioners,2643,Physicians,264334,Gastroenterologist,1
2,Professionals,26,Health Professionals,264,Medical Practitioners,2643,Physicians,264335,Geriatrician,1
2,Professionals,26,Health Professionals,264,Medical Practitioners,2643,Physicians,264336,Haematologist,1
2,Professionals,26,Health Professionals,264,Medical Practitioners,2643,Physicians,264337,Intensive Care Specialist,1
2,Professionals,26,Health Professionals,264,Medical Practitioners,2643,Physicians,264338,Medical Oncologist,1
2,Professionals,26,Health Professionals,264,Medical Practitioners,2643,Physicians,264341,Nephrologist,1
2,Professionals,26,Health Professionals,264,Medical Practitioners,2643,Physicians,264342,Neurologist,1
2,Professionals,26,Health Professionals,264,Medical Practitioners,2643,Physicians,264343,Paediatrician,1
2,Professionals,26,Health Professionals,264,Medical Practitioners,2643,Physicians,264344,Public Health Physician,1
2,Professionals,26,Health Professionals,264,Medical Practitioners,2643,Physicians,264345,Respiratory Physician,1
2,Professionals,26,Health Professionals,264,Medical Practitioners,2643,Physicians,264346,Rheumatologist,1
2,Professionals,26,Health Professionals,264,Medical Practitioners,2643,Physicians,264399,Physicians nec,1
2,Professionals,26,Health Professionals,264,Medical Practitioners,2644,Psychiatrists,264431,Psychiatrist,1
2,Professionals,26,Health Professionals,264,Medical Practitioners,2645,Resident Medical Officers,264531,Resident Medical Officer,1
2,Professionals,26,Health Professionals,264,Medical Practitioners,2646,Surgeons,264631,General Surgeon,1
2,Professionals,26,Health Professionals,264,Medical Practitioners,2646,Surgeons,264632,Cardiothoracic Surgeon,1
2,Professionals,26,Health Professionals,264,Medical Practitioners,2646,Surgeons,264633,Neurosurgeon,1
2,Professionals,26,Health Professionals,264,Medical Practitioners,2646,Surgeons,264634,Orthopaedic Surgeon,1
2,Professionals,26,Health Professionals,264,Medical Practitioners,2646,Surgeons,264635,Otolaryngologist,1
2,Professionals,26,Health Professionals,264,Medical Practitioners,2646,Surgeons,264636,Paediatric Surgeon,1
2,Professionals,26,Health Professionals,264,Medical Practitioners,2646,Surgeons,264637,Plastic and Reconstructive Surgeon,1
2,Professionals,26,Health Professionals,264,Medical Practitioners,2646,Surgeons,264638,Urologist,1
2,Professionals,26,Health Professionals,264,Medical Practitioners,2646,Surgeons,264641,Vascular Surgeon,1
2,Professionals,26,Health Professionals,264,Medical Practitioners,2649,Other Medical Practitioners,264931,Dermatologist,1
2,Professionals,26,Health Professionals,264,Medical Practitioners,2649,Other Medical Practitioners,264932,Emergency Medicine Specialist,1
2,Professionals,26,Health Professionals,264,Medical Practitioners,2649,Other Medical Practitioners,264933,Obstetrician and Gynaecologist,1
2,Professionals,26,Health Professionals,264,Medical Practitioners,2649,Other Medical Practitioners,264934,Ophthalmologist,1
2,Professionals,26,Health Professionals,264,Medical Practitioners,2649,Other Medical Practitioners,264935,Pathologist,1
2,Professionals,26,Health Professionals,264,Medical Practitioners,2649,Other Medical Practitioners,264936,Radiation Oncologist,1
2,Professionals,26,Health Professionals,264,Medical Practitioners,2649,Other Medical Practitioners,264937,Radiologist,1
2,Professionals,26,Health Professionals,264,Medical Practitioners,2649,Other Medical Practitioners,264999,Medical Practitioners nec,1
2,Professionals,26,Health Professionals,265,Midwifery and Nursing Professionals,2651,Midwives,265131,Midwife,1
2,Professionals,26,Health Professionals,265,Midwifery and Nursing Professionals,2652,Nurse Educators and Researchers,265231,Nurse Educator,1
2,Professionals,26,Health Professionals,265,Midwifery and Nursing Professionals,2652,Nurse Educators and Researchers,265232,Nurse Researcher,1
2,Professionals,26,Health Professionals,265,Midwifery and Nursing Professionals,2653,Nursing and Midwifery Unit Managers,265331,Nursing / Midwifery Unit Manager,1
2,Professionals,26,Health Professionals,265,Midwifery and Nursing Professionals,2654,Registered Nurses,265431,Nurse Practitioner,1
2,Professionals,26,Health Professionals,265,Midwifery and Nursing Professionals,2654,Registered Nurses,265432,Registered Nurse (Acute Care),1
2,Professionals,26,Health Professionals,265,Midwifery and Nursing Professionals,2654,Registered Nurses,265433,Registered Nurse (Aged Care),1
2,Professionals,26,Health Professionals,265,Midwifery and Nursing Professionals,2654,Registered Nurses,265434,Registered Nurse (Mental Health),1
2,Professionals,26,Health Professionals,265,Midwifery and Nursing Professionals,2654,Registered Nurses,265435,Registered Nurse (Primary Health Care),1
2,Professionals,26,Health Professionals,265,Midwifery and Nursing Professionals,2654,Registered Nurses,265499,Registered Nurses nec,1
2,Professionals,26,Health Professionals,269,Miscellaneous Health Professionals,2691,"Dental Hygienists, Prosthetists and Therapists",269131,Dental Hygienist,1
2,Professionals,26,Health Professionals,269,Miscellaneous Health Professionals,2691,"Dental Hygienists, Prosthetists and Therapists",269132,Dental Prosthetist,1
2,Professionals,26,Health Professionals,269,Miscellaneous Health Professionals,2691,"Dental Hygienists, Prosthetists and Therapists",269133,Oral Health Therapist or Dental Therapist,1
2,Professionals,26,Health Professionals,269,Miscellaneous Health Professionals,2692,Dentists and Dental Specialists,269231,Dental Specialist,1
2,Professionals,26,Health Professionals,269,Miscellaneous Health Professionals,2692,Dentists and Dental Specialists,269232,Dentist,1
2,Professionals,26,Health Professionals,269,Miscellaneous Health Professionals,2693,Environmental Health and Health Promotion Officers,269331,Environmental Health Officer,1
2,Professionals,26,Health Professionals,269,Miscellaneous Health Professionals,2693,Environmental Health and Health Promotion Officers,269332,Health Promotion Officer,1
2,Professionals,26,Health Professionals,269,Miscellaneous Health Professionals,2694,Paramedic Professionals,269431,Critical Care Paramedic,1
2,Professionals,26,Health Professionals,269,Miscellaneous Health Professionals,2694,Paramedic Professionals,269432,Paramedic,1
2,Professionals,26,Health Professionals,269,Miscellaneous Health Professionals,2695,Veterinarians and Veterinary Technologists,269531,Veterinarian,1
2,Professionals,26,Health Professionals,269,Miscellaneous Health Professionals,2695,Veterinarians and Veterinary Technologists,269532,Veterinary Technologist,1
2,Professionals,26,Health Professionals,269,Miscellaneous Health Professionals,2699,Other Health Professionals,269931,Acupuncturist,1
2,Professionals,26,Health Professionals,269,Miscellaneous Health Professionals,2699,Other Health Professionals,269932,Chinese Medicine Practitioner,1
2,Professionals,26,Health Professionals,269,Miscellaneous Health Professionals,2699,Other Health Professionals,269933,Naturopath,1
2,Professionals,26,Health Professionals,269,Miscellaneous Health Professionals,2699,Other Health Professionals,269999,Health Professionals nec,1
2,Professionals,27,ICT Professionals,271,Cyber Security Professionals and Database and Systems Administrators,2711,Cyber Security Professionals,271131,Cyber Governance Risk and Compliance Specialist,1
2,Professionals,27,ICT Professionals,271,Cyber Security Professionals and Database and Systems Administrators,2711,Cyber Security Professionals,271132,Cyber Security Advice and Assessment Specialist,1
2,Professionals,27,ICT Professionals,271,Cyber Security Professionals and Database and Systems Administrators,2711,Cyber Security Professionals,271133,Cyber Security Analyst,1
2,Professionals,27,ICT Professionals,271,Cyber Security Professionals and Database and Systems Administrators,2711,Cyber Security Professionals,271134,Cyber Security Architect,1
2,Professionals,27,ICT Professionals,271,Cyber Security Professionals and Database and Systems Administrators,2711,Cyber Security Professionals,271135,Cyber Security Engineer,1
2,Professionals,27,ICT Professionals,271,Cyber Security Professionals and Database and Systems Administrators,2711,Cyber Security Professionals,271136,Cyber Security Operations Coordinator,1
2,Professionals,27,ICT Professionals,271,Cyber Security Professionals and Database and Systems Administrators,2711,Cyber Security Professionals,271137,Penetration Tester,1
2,Professionals,27,ICT Professionals,271,Cyber Security Professionals and Database and Systems Administrators,2712,Database and Systems Administrators,271231,Database Administrator,1
2,Professionals,27,ICT Professionals,271,Cyber Security Professionals and Database and Systems Administrators,2712,Database and Systems Administrators,271232,Systems Administrator,1
2,Professionals,27,ICT Professionals,272,ICT Network and Testing Professionals,2721,ICT Network Professionals,272131,ICT Network and Systems Engineer,1
2,Professionals,27,ICT Professionals,272,ICT Network and Testing Professionals,2721,ICT Network Professionals,272132,Network Administrator,1
2,Professionals,27,ICT Professionals,272,ICT Network and Testing Professionals,2721,ICT Network Professionals,272133,Network Architect,1
2,Professionals,27,ICT Professionals,272,ICT Network and Testing Professionals,2722,ICT Quality Engineers and Test Analysts,272231,ICT Quality Assurance Engineer,1
2,Professionals,27,ICT Professionals,272,ICT Network and Testing Professionals,2722,ICT Quality Engineers and Test Analysts,272232,ICT Support Engineer,1
2,Professionals,27,ICT Professionals,272,ICT Network and Testing Professionals,2722,ICT Quality Engineers and Test Analysts,272233,ICT Test Analyst,1
2,Professionals,27,ICT Professionals,272,ICT Network and Testing Professionals,2723,Telecommunications Engineers,272331,Telecommunications Engineer,1
2,Professionals,27,ICT Professionals,273,"ICT Programmers, Analysts, Architects and Engineers",2731,Digital Game and Web Developers,273131,Digital Game Developer,1
2,Professionals,27,ICT Professionals,273,"ICT Programmers, Analysts, Architects and Engineers",2731,Digital Game and Web Developers,273132,Web Developer,1
2,Professionals,27,ICT Professionals,273,"ICT Programmers, Analysts, Architects and Engineers",2732,ICT Business and Systems Analysts and Architects,273231,Cloud Architect,1
2,Professionals,27,ICT Professionals,273,"ICT Programmers, Analysts, Architects and Engineers",2732,ICT Business and Systems Analysts and Architects,273232,ICT Business Analyst,1
2,Professionals,27,ICT Professionals,273,"ICT Programmers, Analysts, Architects and Engineers",2732,ICT Business and Systems Analysts and Architects,273233,Solution Architect,1
2,Professionals,27,ICT Professionals,273,"ICT Programmers, Analysts, Architects and Engineers",2732,ICT Business and Systems Analysts and Architects,273234,Systems Analyst,1
2,Professionals,27,ICT Professionals,273,"ICT Programmers, Analysts, Architects and Engineers",2733,Software and Applications Engineers,273331,Cloud Engineer,1
2,Professionals,27,ICT Professionals,273,"ICT Programmers, Analysts, Architects and Engineers",2733,Software and Applications Engineers,273332,DevOps Engineer,1
2,Professionals,27,ICT Professionals,273,"ICT Programmers, Analysts, Architects and Engineers",2733,Software and Applications Engineers,273333,Software Engineer,1
2,Professionals,28,Legal Professionals,281,Legal Professionals,2811,Barristers,281131,Barrister,1
2,Professionals,28,Legal Professionals,281,Legal Professionals,2812,Judicial and Other Legal Professionals,281231,Family Dispute Resolution Practitioner,1
2,Professionals,28,Legal Professionals,281,Legal Professionals,2812,Judicial and Other Legal Professionals,281232,Intellectual Property Lawyer,1
2,Professionals,28,Legal Professionals,281,Legal Professionals,2812,Judicial and Other Legal Professionals,281233,Judge,1
2,Professionals,28,Legal Professionals,281,Legal Professionals,2812,Judicial and Other Legal Professionals,281234,Judge's Associate,1
2,Professionals,28,Legal Professionals,281,Legal Professionals,2812,Judicial and Other Legal Professionals,281235,Magistrate,1
2,Professionals,28,Legal Professionals,281,Legal Professionals,2812,Judicial and Other Legal Professionals,281236,Migration Agent,1
2,Professionals,28,Legal Professionals,281,Legal Professionals,2812,Judicial and Other Legal Professionals,281237,Police Prosecutor,1
2,Professionals,28,Legal Professionals,281,Legal Professionals,2812,Judicial and Other Legal Professionals,281238,Tribunal Member,1
2,Professionals,28,Legal Professionals,281,Legal Professionals,2812,Judicial and Other Legal Professionals,281299,Judicial and Other Legal Professionals nec,1
2,Professionals,28,Legal Professionals,281,Legal Professionals,2813,Solicitors,281331,Solicitor,1
2,Professionals,29,Other Professionals,299,Miscellaneous Professionals,2991,Air Transport Professionals,299131,Aeroplane Pilot,1
2,Professionals,29,Other Professionals,299,Miscellaneous Professionals,2991,Air Transport Professionals,299132,Air Traffic Controller,1
2,Professionals,29,Other Professionals,299,Miscellaneous Professionals,2991,Air Transport Professionals,299133,Flight Instructor,1
2,Professionals,29,Other Professionals,299,Miscellaneous Professionals,2991,Air Transport Professionals,299134,Helicopter Pilot,1
2,Professionals,29,Other Professionals,299,Miscellaneous Professionals,2991,Air Transport Professionals,299199,Air Transport Professionals nec,1
2,Professionals,29,Other Professionals,299,Miscellaneous Professionals,2992,Specialist Police Officers,299231,Specialist Police Officer,1
3,Technicians and Trades Workers,31,"Building, Engineering, ICT and Scientific Technicians",311,"Agricultural, Health and Science Technicians",3111,Agricultural Technicians and Inspection Officers,311131,Agricultural and Agritech Technician,2
3,Technicians and Trades Workers,31,"Building, Engineering, ICT and Scientific Technicians",311,"Agricultural, Health and Science Technicians",3111,Agricultural Technicians and Inspection Officers,311132,Animal Husbandry Technician,2
3,Technicians and Trades Workers,31,"Building, Engineering, ICT and Scientific Technicians",311,"Agricultural, Health and Science Technicians",3111,Agricultural Technicians and Inspection Officers,311133,Aquaculture or Fisheries Technician,2
3,Technicians and Trades Workers,31,"Building, Engineering, ICT and Scientific Technicians",311,"Agricultural, Health and Science Technicians",3111,Agricultural Technicians and Inspection Officers,311134,Biosecurity Officer,2
3,Technicians and Trades Workers,31,"Building, Engineering, ICT and Scientific Technicians",311,"Agricultural, Health and Science Technicians",3111,Agricultural Technicians and Inspection Officers,311135,Fisheries Officer,2
3,Technicians and Trades Workers,31,"Building, Engineering, ICT and Scientific Technicians",311,"Agricultural, Health and Science Technicians",3111,Agricultural Technicians and Inspection Officers,311136,Irrigation Designer,2
3,Technicians and Trades Workers,31,"Building, Engineering, ICT and Scientific Technicians",311,"Agricultural, Health and Science Technicians",3111,Agricultural Technicians and Inspection Officers,311137,Meat Inspector,3
3,Technicians and Trades Workers,31,"Building, Engineering, ICT and Scientific Technicians",311,"Agricultural, Health and Science Technicians",3111,Agricultural Technicians and Inspection Officers,311138,Primary Products Quality Assurance Officer,2
3,Technicians and Trades Workers,31,"Building, Engineering, ICT and Scientific Technicians",311,"Agricultural, Health and Science Technicians",3111,Agricultural Technicians and Inspection Officers,311199,Agricultural Technicians and Inspection Officers nec,2
3,Technicians and Trades Workers,31,"Building, Engineering, ICT and Scientific Technicians",311,"Agricultural, Health and Science Technicians",3112,Medical and Dental Technicians,311231,Anaesthetic Technician,2
3,Technicians and Trades Workers,31,"Building, Engineering, ICT and Scientific Technicians",311,"Agricultural, Health and Science Technicians",3112,Medical and Dental Technicians,311232,Dental Technician,2
3,Technicians and Trades Workers,31,"Building, Engineering, ICT and Scientific Technicians",311,"Agricultural, Health and Science Technicians",3112,Medical and Dental Technicians,311233,Medical Laboratory Technician,2
3,Technicians and Trades Workers,31,"Building, Engineering, ICT and Scientific Technicians",311,"Agricultural, Health and Science Technicians",3112,Medical and Dental Technicians,311234,Operating Theatre Technician,3
3,Technicians and Trades Workers,31,"Building, Engineering, ICT and Scientific Technicians",311,"Agricultural, Health and Science Technicians",3112,Medical and Dental Technicians,311235,Respiratory Technician,2
3,Technicians and Trades Workers,31,"Building, Engineering, ICT and Scientific Technicians",311,"Agricultural, Health and Science Technicians",3112,Medical and Dental Technicians,311299,Medical and Dental Technicians nec,2
3,Technicians and Trades Workers,31,"Building, Engineering, ICT and Scientific Technicians",311,"Agricultural, Health and Science Technicians",3113,Pharmacy Technicians,311331,Community Pharmacy Technician,3
3,Technicians and Trades Workers,31,"Building, Engineering, ICT and Scientific Technicians",311,"Agricultural, Health and Science Technicians",3113,Pharmacy Technicians,311332,Hospital Pharmacy Technician,3
3,Technicians and Trades Workers,31,"Building, Engineering, ICT and Scientific Technicians",311,"Agricultural, Health and Science Technicians",3114,Phlebotomists,311431,Phlebotomist,3
3,Technicians and Trades Workers,31,"Building, Engineering, ICT and Scientific Technicians",311,"Agricultural, Health and Science Technicians",3115,Science Technicians,311531,Chemical Technician,2
3,Technicians and Trades Workers,31,"Building, Engineering, ICT and Scientific Technicians",311,"Agricultural, Health and Science Technicians",3115,Science Technicians,311532,Earth Science Technician,2
3,Technicians and Trades Workers,31,"Building, Engineering, ICT and Scientific Technicians",311,"Agricultural, Health and Science Technicians",3115,Science Technicians,311533,Geospatial Technician,2
3,Technicians and Trades Workers,31,"Building, Engineering, ICT and Scientific Technicians",311,"Agricultural, Health and Science Technicians",3115,Science Technicians,311534,Hydrographer,2
3,Technicians and Trades Workers,31,"Building, Engineering, ICT and Scientific Technicians",311,"Agricultural, Health and Science Technicians",3115,Science Technicians,311535,Life Science Technician,2
3,Technicians and Trades Workers,31,"Building, Engineering, ICT and Scientific Technicians",311,"Agricultural, Health and Science Technicians",3115,Science Technicians,311536,School Laboratory Technician,2
3,Technicians and Trades Workers,31,"Building, Engineering, ICT and Scientific Technicians",311,"Agricultural, Health and Science Technicians",3115,Science Technicians,311599,Science Technicians nec,2
3,Technicians and Trades Workers,31,"Building, Engineering, ICT and Scientific Technicians",312,Building and Construction Technicians,3121,Building and Landscape Designers and Technicians,312131,Architectural Technician,2
3,Technicians and Trades Workers,31,"Building, Engineering, ICT and Scientific Technicians",312,Building and Construction Technicians,3121,Building and Landscape Designers and Technicians,312132,Building Designer,2
3,Technicians and Trades Workers,31,"Building, Engineering, ICT and Scientific Technicians",312,Building and Construction Technicians,3121,Building and Landscape Designers and Technicians,312133,Detailer Drafter,2
3,Technicians and Trades Workers,31,"Building, Engineering, ICT and Scientific Technicians",312,Building and Construction Technicians,3121,Building and Landscape Designers and Technicians,312134,Landscape Designer,2
3,Technicians and Trades Workers,31,"Building, Engineering, ICT and Scientific Technicians",312,Building and Construction Technicians,3121,Building and Landscape Designers and Technicians,312135,Surveying Technician,2
3,Technicians and Trades Workers,31,"Building, Engineering, ICT and Scientific Technicians",312,Building and Construction Technicians,3121,Building and Landscape Designers and Technicians,312199,Building and Landscape Designers and Technicians nec,2
3,Technicians and Trades Workers,31,"Building, Engineering, ICT and Scientific Technicians",312,Building and Construction Technicians,3122,Construction and Safety Inspectors,312231,Building Inspector,2
3,Technicians and Trades Workers,31,"Building, Engineering, ICT and Scientific Technicians",312,Building and Construction Technicians,3122,Construction and Safety Inspectors,312232,Energy Assessor,3
3,Technicians and Trades Workers,31,"Building, Engineering, ICT and Scientific Technicians",312,Building and Construction Technicians,3122,Construction and Safety Inspectors,312233,Plumbing Inspector,2
3,Technicians and Trades Workers,31,"Building, Engineering, ICT and Scientific Technicians",312,Building and Construction Technicians,3122,Construction and Safety Inspectors,312234,Safety Inspector,2
3,Technicians and Trades Workers,31,"Building, Engineering, ICT and Scientific Technicians",312,Building and Construction Technicians,3123,Construction Estimators,312331,Construction Estimator,2
3,Technicians and Trades Workers,31,"Building, Engineering, ICT and Scientific Technicians",312,Building and Construction Technicians,3124,Construction Supervisors,312431,Civil Construction Leading Hand,3
3,Technicians and Trades Workers,31,"Building, Engineering, ICT and Scientific Technicians",312,Building and Construction Technicians,3124,Construction Supervisors,312432,Construction Site Supervisor,2
3,Technicians and Trades Workers,31,"Building, Engineering, ICT and Scientific Technicians",313,Engineering Technicians,3131,Civil Engineering Draftspersons and Technicians,313131,Civil Engineering Draftsperson,2
3,Technicians and Trades Workers,31,"Building, Engineering, ICT and Scientific Technicians",313,Engineering Technicians,3131,Civil Engineering Draftspersons and Technicians,313132,Civil Engineering Technician,2
3,Technicians and Trades Workers,31,"Building, Engineering, ICT and Scientific Technicians",313,Engineering Technicians,3132,Electrical Engineering Draftspersons and Technicians,313231,Electrical Engineering Draftsperson,2
3,Technicians and Trades Workers,31,"Building, Engineering, ICT and Scientific Technicians",313,Engineering Technicians,3132,Electrical Engineering Draftspersons and Technicians,313232,Electrical Engineering Technician,2
3,Technicians and Trades Workers,31,"Building, Engineering, ICT and Scientific Technicians",313,Engineering Technicians,3133,Maintenance Planners,313331,Maintenance Planner,2
3,Technicians and Trades Workers,31,"Building, Engineering, ICT and Scientific Technicians",313,Engineering Technicians,3134,"Marine Transport Masters, Officers and Technicians",313431,Marine Engineer,2
3,Technicians and Trades Workers,31,"Building, Engineering, ICT and Scientific Technicians",313,Engineering Technicians,3134,"Marine Transport Masters, Officers and Technicians",313432,Marine Pilot,2
3,Technicians and Trades Workers,31,"Building, Engineering, ICT and Scientific Technicians",313,Engineering Technicians,3134,"Marine Transport Masters, Officers and Technicians",313433,Marine Surveyor,2
3,Technicians and Trades Workers,31,"Building, Engineering, ICT and Scientific Technicians",313,Engineering Technicians,3134,"Marine Transport Masters, Officers and Technicians",313434,Master Fisher,2
3,Technicians and Trades Workers,31,"Building, Engineering, ICT and Scientific Technicians",313,Engineering Technicians,3134,"Marine Transport Masters, Officers and Technicians",313435,Ship's Master,2
3,Technicians and Trades Workers,31,"Building, Engineering, ICT and Scientific Technicians",313,Engineering Technicians,3134,"Marine Transport Masters, Officers and Technicians",313436,Ship's Officer,2
3,Technicians and Trades Workers,31,"Building, Engineering, ICT and Scientific Technicians",313,Engineering Technicians,3134,"Marine Transport Masters, Officers and Technicians",313499,"Marine Transport Masters, Officers and Technicians nec",2
3,Technicians and Trades Workers,31,"Building, Engineering, ICT and Scientific Technicians",313,Engineering Technicians,3135,Mining Supervisors,313531,Mining Supervisor,2
3,Technicians and Trades Workers,31,"Building, Engineering, ICT and Scientific Technicians",313,Engineering Technicians,3139,Other Engineering Technicians,313931,Biomedical Technician,2
3,Technicians and Trades Workers,31,"Building, Engineering, ICT and Scientific Technicians",313,Engineering Technicians,3139,Other Engineering Technicians,313932,Electronic Engineering Technician,2
3,Technicians and Trades Workers,31,"Building, Engineering, ICT and Scientific Technicians",313,Engineering Technicians,3139,Other Engineering Technicians,313933,Mechanical Engineering Draftsperson,2
3,Technicians and Trades Workers,31,"Building, Engineering, ICT and Scientific Technicians",313,Engineering Technicians,3139,Other Engineering Technicians,313934,Mechanical Engineering Technician,2
3,Technicians and Trades Workers,31,"Building, Engineering, ICT and Scientific Technicians",313,Engineering Technicians,3139,Other Engineering Technicians,313935,Metallurgical or Materials Technician,2
3,Technicians and Trades Workers,31,"Building, Engineering, ICT and Scientific Technicians",313,Engineering Technicians,3139,Other Engineering Technicians,313936,Non-destructive Testing Technician,2
3,Technicians and Trades Workers,31,"Building, Engineering, ICT and Scientific Technicians",313,Engineering Technicians,3139,Other Engineering Technicians,313937,Other Draftsperson,2
3,Technicians and Trades Workers,31,"Building, Engineering, ICT and Scientific Technicians",313,Engineering Technicians,3139,Other Engineering Technicians,313999,Engineering Technicians nec,2
3,Technicians and Trades Workers,31,"Building, Engineering, ICT and Scientific Technicians",314,ICT and Telecommunications Technicians and Support Officers,3141,ICT and Telecommunications Technicians,314131,ICT Hardware Technician,2
3,Technicians and Trades Workers,31,"Building, Engineering, ICT and Scientific Technicians",314,ICT and Telecommunications Technicians and Support Officers,3141,ICT and Telecommunications Technicians,314132,Radiocommunications Technician,2
3,Technicians and Trades Workers,31,"Building, Engineering, ICT and Scientific Technicians",314,ICT and Telecommunications Technicians and Support Officers,3141,ICT and Telecommunications Technicians,314133,Telecommunications Field Engineer,2
3,Technicians and Trades Workers,31,"Building, Engineering, ICT and Scientific Technicians",314,ICT and Telecommunications Technicians and Support Officers,3141,ICT and Telecommunications Technicians,314134,Telecommunications Network Designer,2
3,Technicians and Trades Workers,31,"Building, Engineering, ICT and Scientific Technicians",314,ICT and Telecommunications Technicians and Support Officers,3141,ICT and Telecommunications Technicians,314135,Telecommunications Technical Officer or Technologist,2
3,Technicians and Trades Workers,31,"Building, Engineering, ICT and Scientific Technicians",314,ICT and Telecommunications Technicians and Support Officers,3141,ICT and Telecommunications Technicians,314136,Web Administrator,2
3,Technicians and Trades Workers,31,"Building, Engineering, ICT and Scientific Technicians",314,ICT and Telecommunications Technicians and Support Officers,3141,ICT and Telecommunications Technicians,314199,ICT and Telecommunications Technicians nec,2
3,Technicians and Trades Workers,31,"Building, Engineering, ICT and Scientific Technicians",314,ICT and Telecommunications Technicians and Support Officers,3142,ICT Customer Support Officers,314231,ICT Customer Support Officer,2
3,Technicians and Trades Workers,32,Chefs and Food Trades Workers,321,Chefs,3211,Chefs,321131,Chef,2
3,Technicians and Trades Workers,32,Chefs and Food Trades Workers,322,Food Trades Workers,3221,Bakers,322131,Baker,3
3,Technicians and Trades Workers,32,Chefs and Food Trades Workers,322,Food Trades Workers,3222,Butchers and Smallgoods Makers,322231,Butcher or Smallgoods Maker,3
3,Technicians and Trades Workers,32,Chefs and Food Trades Workers,322,Food Trades Workers,3223,Cooks,322331,Cook,3
3,Technicians and Trades Workers,32,Chefs and Food Trades Workers,322,Food Trades Workers,3224,Pastrycooks,322431,Pastrycook,3
3,Technicians and Trades Workers,33,Engineering Trades Workers,331,Fabrication Engineering Trades Workers,3311,Structural Steel and Welding Trades Workers,331131,Metal Fabricator,3
3,Technicians and Trades Workers,33,Engineering Trades Workers,331,Fabrication Engineering Trades Workers,3311,Structural Steel and Welding Trades Workers,331132,Pressure Welder,3
3,Technicians and Trades Workers,33,Engineering Trades Workers,331,Fabrication Engineering Trades Workers,3311,Structural Steel and Welding Trades Workers,331133,Welder (First Class),3
3,Technicians and Trades Workers,33,Engineering Trades Workers,331,Fabrication Engineering Trades Workers,3319,Other Fabrication Engineering Trades Workers,331931,Blacksmith,3
3,Technicians and Trades Workers,33,Engineering Trades Workers,331,Fabrication Engineering Trades Workers,3319,Other Fabrication Engineering Trades Workers,331932,Electroplater,3
3,Technicians and Trades Workers,33,Engineering Trades Workers,331,Fabrication Engineering Trades Workers,3319,Other Fabrication Engineering Trades Workers,331933,Farrier,3
3,Technicians and Trades Workers,33,Engineering Trades Workers,331,Fabrication Engineering Trades Workers,3319,Other Fabrication Engineering Trades Workers,331934,Metal Casting Trades Worker,3
3,Technicians and Trades Workers,33,Engineering Trades Workers,331,Fabrication Engineering Trades Workers,3319,Other Fabrication Engineering Trades Workers,331935,Metal Polisher,3
3,Technicians and Trades Workers,33,Engineering Trades Workers,331,Fabrication Engineering Trades Workers,3319,Other Fabrication Engineering Trades Workers,331936,Sheetmetal Worker,3
3,Technicians and Trades Workers,33,Engineering Trades Workers,332,Mechanical Engineering Trades Workers,3321,Aircraft Maintenance Technicians,332131,Aircraft Maintenance Technician (Avionics),3
3,Technicians and Trades Workers,33,Engineering Trades Workers,332,Mechanical Engineering Trades Workers,3321,Aircraft Maintenance Technicians,332132,Aircraft Maintenance Technician (Mechanical),3
3,Technicians and Trades Workers,33,Engineering Trades Workers,332,Mechanical Engineering Trades Workers,3321,Aircraft Maintenance Technicians,332133,Aircraft Maintenance Technician (Structures),3
3,Technicians and Trades Workers,33,Engineering Trades Workers,332,Mechanical Engineering Trades Workers,3321,Aircraft Maintenance Technicians,332134,Licensed Aircraft Maintenance Engineer,2
3,Technicians and Trades Workers,33,Engineering Trades Workers,332,Mechanical Engineering Trades Workers,3322,Metal Fitters and Machinists,332231,Fitter (General),3
3,Technicians and Trades Workers,33,Engineering Trades Workers,332,Mechanical Engineering Trades Workers,3322,Metal Fitters and Machinists,332232,Fitter and Turner,3
3,Technicians and Trades Workers,33,Engineering Trades Workers,332,Mechanical Engineering Trades Workers,3322,Metal Fitters and Machinists,332233,Fitter-Welder,3
3,Technicians and Trades Workers,33,Engineering Trades Workers,332,Mechanical Engineering Trades Workers,3322,Metal Fitters and Machinists,332234,Metal Machinist (First Class),3
3,Technicians and Trades Workers,33,Engineering Trades Workers,332,Mechanical Engineering Trades Workers,3322,Metal Fitters and Machinists,332299,Metal Fitters and Machinists nec,3
3,Technicians and Trades Workers,33,Engineering Trades Workers,332,Mechanical Engineering Trades Workers,3323,Precision Engineering Trades Workers,332331,Engineering Patternmaker,3
3,Technicians and Trades Workers,33,Engineering Trades Workers,332,Mechanical Engineering Trades Workers,3323,Precision Engineering Trades Workers,332332,Engraver,3
3,Technicians and Trades Workers,33,Engineering Trades Workers,332,Mechanical Engineering Trades Workers,3323,Precision Engineering Trades Workers,332333,Gunsmith,3
3,Technicians and Trades Workers,33,Engineering Trades Workers,332,Mechanical Engineering Trades Workers,3323,Precision Engineering Trades Workers,332334,Locksmith,3
3,Technicians and Trades Workers,33,Engineering Trades Workers,332,Mechanical Engineering Trades Workers,3323,Precision Engineering Trades Workers,332335,Precision Instrument Maker and Repairer,3
3,Technicians and Trades Workers,33,Engineering Trades Workers,332,Mechanical Engineering Trades Workers,3323,Precision Engineering Trades Workers,332336,Saw Technician,3
3,Technicians and Trades Workers,33,Engineering Trades Workers,332,Mechanical Engineering Trades Workers,3323,Precision Engineering Trades Workers,332337,Toolmaker,3
3,Technicians and Trades Workers,33,Engineering Trades Workers,332,Mechanical Engineering Trades Workers,3323,Precision Engineering Trades Workers,332338,Watch and Clock Maker and Repairer,3
3,Technicians and Trades Workers,34,"Skilled Animal, Agricultural and Horticultural Workers",341,"Animal Trainers and Zookeepers, and Veterinary Nurses",3411,Animal Trainers and Zookeepers,341131,Dog Handler or Trainer,3
3,Technicians and Trades Workers,34,"Skilled Animal, Agricultural and Horticultural Workers",341,"Animal Trainers and Zookeepers, and Veterinary Nurses",3411,Animal Trainers and Zookeepers,341132,Horse Trainer,3
3,Technicians and Trades Workers,34,"Skilled Animal, Agricultural and Horticultural Workers",341,"Animal Trainers and Zookeepers, and Veterinary Nurses",3411,Animal Trainers and Zookeepers,341133,Track Rider,3
3,Technicians and Trades Workers,34,"Skilled Animal, Agricultural and Horticultural Workers",341,"Animal Trainers and Zookeepers, and Veterinary Nurses",3411,Animal Trainers and Zookeepers,341134,Zookeeper,3
3,Technicians and Trades Workers,34,"Skilled Animal, Agricultural and Horticultural Workers",341,"Animal Trainers and Zookeepers, and Veterinary Nurses",3411,Animal Trainers and Zookeepers,341199,Animal Trainers and Zookeepers nec,3
3,Technicians and Trades Workers,34,"Skilled Animal, Agricultural and Horticultural Workers",341,"Animal Trainers and Zookeepers, and Veterinary Nurses",3412,Veterinary Nurses,341231,Veterinary Nurse,3
3,Technicians and Trades Workers,34,"Skilled Animal, Agricultural and Horticultural Workers",342,Horticultural Trades Workers,3421,Gardeners (General),342131,Gardener (General),3
3,Technicians and Trades Workers,34,"Skilled Animal, Agricultural and Horticultural Workers",342,Horticultural Trades Workers,3422,Arboriculture Workers,342231,Arborist,2
3,Technicians and Trades Workers,34,"Skilled Animal, Agricultural and Horticultural Workers",342,Horticultural Trades Workers,3422,Arboriculture Workers,342232,Tree Worker,3
3,Technicians and Trades Workers,34,"Skilled Animal, Agricultural and Horticultural Workers",342,Horticultural Trades Workers,3423,Florists,342331,Florist,3
3,Technicians and Trades Workers,34,"Skilled Animal, Agricultural and Horticultural Workers",342,Horticultural Trades Workers,3424,Irrigation Technicians and Landscape Gardeners,342431,Irrigation Technician,3
3,Technicians and Trades Workers,34,"Skilled Animal, Agricultural and Horticultural Workers",342,Horticultural Trades Workers,3424,Irrigation Technicians and Landscape Gardeners,342432,Landscape Gardener,3
3,Technicians and Trades Workers,34,"Skilled Animal, Agricultural and Horticultural Workers",342,Horticultural Trades Workers,3425,Sports Turf Managers and Trades Workers,342531,Sports Turf Manager,2
3,Technicians and Trades Workers,34,"Skilled Animal, Agricultural and Horticultural Workers",342,Horticultural Trades Workers,3425,Sports Turf Managers and Trades Workers,342532,Sports Turf Trades Worker,3
3,Technicians and Trades Workers,34,"Skilled Animal, Agricultural and Horticultural Workers",342,Horticultural Trades Workers,3429,Other Horticultural Trades Workers,342931,Nurseryperson,3
3,Technicians and Trades Workers,34,"Skilled Animal, Agricultural and Horticultural Workers",343,Primary Production Supervisors and Specialists,3431,"Senior Aquaculture, Crop and Forestry Workers",343131,Aquaculture Supervisor,3
3,Technicians and Trades Workers,34,"Skilled Animal, Agricultural and Horticultural Workers",343,Primary Production Supervisors and Specialists,3431,"Senior Aquaculture, Crop and Forestry Workers",343132,Fishing Leading Hand,3
3,Technicians and Trades Workers,34,"Skilled Animal, Agricultural and Horticultural Workers",343,Primary Production Supervisors and Specialists,3431,"Senior Aquaculture, Crop and Forestry Workers",343133,Forestry Operations Supervisor,3
3,Technicians and Trades Workers,34,"Skilled Animal, Agricultural and Horticultural Workers",343,Primary Production Supervisors and Specialists,3431,"Senior Aquaculture, Crop and Forestry Workers",343134,Horticultural Supervisor or Specialist,3
3,Technicians and Trades Workers,34,"Skilled Animal, Agricultural and Horticultural Workers",343,Primary Production Supervisors and Specialists,3431,"Senior Aquaculture, Crop and Forestry Workers",343135,Senior Broadacre Crop and Livestock Farm Worker,3
3,Technicians and Trades Workers,34,"Skilled Animal, Agricultural and Horticultural Workers",343,Primary Production Supervisors and Specialists,3431,"Senior Aquaculture, Crop and Forestry Workers",343136,Senior Broadacre Crop Farm Worker,3
3,Technicians and Trades Workers,34,"Skilled Animal, Agricultural and Horticultural Workers",343,Primary Production Supervisors and Specialists,3431,"Senior Aquaculture, Crop and Forestry Workers",343137,Vineyard Supervisor,3
3,Technicians and Trades Workers,34,"Skilled Animal, Agricultural and Horticultural Workers",343,Primary Production Supervisors and Specialists,3431,"Senior Aquaculture, Crop and Forestry Workers",343199,"Senior Aquaculture, Crop and Forestry Workers nec",3
3,Technicians and Trades Workers,34,"Skilled Animal, Agricultural and Horticultural Workers",343,Primary Production Supervisors and Specialists,3432,Senior Livestock Farm Workers,343231,Senior Beef Cattle Station Worker,3
3,Technicians and Trades Workers,34,"Skilled Animal, Agricultural and Horticultural Workers",343,Primary Production Supervisors and Specialists,3432,Senior Livestock Farm Workers,343232,Senior Cattle and Sheep Farm Worker,3
3,Technicians and Trades Workers,34,"Skilled Animal, Agricultural and Horticultural Workers",343,Primary Production Supervisors and Specialists,3432,Senior Livestock Farm Workers,343233,Senior Dairy Cattle Farm Worker,3
3,Technicians and Trades Workers,34,"Skilled Animal, Agricultural and Horticultural Workers",343,Primary Production Supervisors and Specialists,3432,Senior Livestock Farm Workers,343234,Senior Horse Stable or Stud Worker,3
3,Technicians and Trades Workers,34,"Skilled Animal, Agricultural and Horticultural Workers",343,Primary Production Supervisors and Specialists,3432,Senior Livestock Farm Workers,343235,Senior Piggery Stockperson,3
3,Technicians and Trades Workers,34,"Skilled Animal, Agricultural and Horticultural Workers",343,Primary Production Supervisors and Specialists,3432,Senior Livestock Farm Workers,343236,Senior Sheep Farm Worker,3
3,Technicians and Trades Workers,34,"Skilled Animal, Agricultural and Horticultural Workers",343,Primary Production Supervisors and Specialists,3432,Senior Livestock Farm Workers,343299,Senior Livestock Farm Workers nec,3
3,Technicians and Trades Workers,34,"Skilled Animal, Agricultural and Horticultural Workers",343,Primary Production Supervisors and Specialists,3433,Shearers and Wool Classers,343331,Shearer,3
3,Technicians and Trades Workers,34,"Skilled Animal, Agricultural and Horticultural Workers",343,Primary Production Supervisors and Specialists,3433,Shearers and Wool Classers,343332,Wool Classer,3
3,Technicians and Trades Workers,35,Automotive Technicians and Trades Workers,351,Automotive Technicians and Trades Workers,3511,Automotive Technicians (General),351131,Automotive Technician (General),3
3,Technicians and Trades Workers,35,Automotive Technicians and Trades Workers,351,Automotive Technicians and Trades Workers,3512,Automotive Electricians,351231,Automotive Electrician,3
3,Technicians and Trades Workers,35,Automotive Technicians and Trades Workers,351,Automotive Technicians and Trades Workers,3513,Panelbeaters,351331,Panelbeater,3
3,Technicians and Trades Workers,35,Automotive Technicians and Trades Workers,351,Automotive Technicians and Trades Workers,3514,Specialist Automotive Technicians,351431,Agricultural Mechanic,3
3,Technicians and Trades Workers,35,Automotive Technicians and Trades Workers,351,Automotive Technicians and Trades Workers,3514,Specialist Automotive Technicians,351432,Bicycle Technician,3
3,Technicians and Trades Workers,35,Automotive Technicians and Trades Workers,351,Automotive Technicians and Trades Workers,3514,Specialist Automotive Technicians,351433,Diesel Technician,3
3,Technicians and Trades Workers,35,Automotive Technicians and Trades Workers,351,Automotive Technicians and Trades Workers,3514,Specialist Automotive Technicians,351434,Electric Vehicle Technician,3
3,Technicians and Trades Workers,35,Automotive Technicians and Trades Workers,351,Automotive Technicians and Trades Workers,3514,Specialist Automotive Technicians,351435,Marine Technician,3
3,Technicians and Trades Workers,35,Automotive Technicians and Trades Workers,351,Automotive Technicians and Trades Workers,3514,Specialist Automotive Technicians,351436,Motorcycle Technician,3
3,Technicians and Trades Workers,35,Automotive Technicians and Trades Workers,351,Automotive Technicians and Trades Workers,3514,Specialist Automotive Technicians,351437,Small Engine Technician,3
3,Technicians and Trades Workers,35,Automotive Technicians and Trades Workers,351,Automotive Technicians and Trades Workers,3515,Vehicle Body Builders and Trimmers,351531,Vehicle Body Builder,3
3,Technicians and Trades Workers,35,Automotive Technicians and Trades Workers,351,Automotive Technicians and Trades Workers,3515,Vehicle Body Builders and Trimmers,351532,Vehicle Trimmer,3
3,Technicians and Trades Workers,35,Automotive Technicians and Trades Workers,351,Automotive Technicians and Trades Workers,3516,Vehicle Painters,351631,Vehicle Painter,3
3,Technicians and Trades Workers,36,Building Completion and Related Trades Workers,361,Floor Finishers and Painters,3611,Floor Finishers,361131,Floor Finisher,3
3,Technicians and Trades Workers,36,Building Completion and Related Trades Workers,361,Floor Finishers and Painters,3612,Painters,361231,Painter,3
3,Technicians and Trades Workers,36,Building Completion and Related Trades Workers,362,"Glaziers, Plasterers and Tilers",3621,Glaziers,362131,Glazier,3
3,Technicians and Trades Workers,36,Building Completion and Related Trades Workers,362,"Glaziers, Plasterers and Tilers",3622,Plasterers and Renderers,362231,Plasterer (Wall and Ceiling),3
3,Technicians and Trades Workers,36,Building Completion and Related Trades Workers,362,"Glaziers, Plasterers and Tilers",3622,Plasterers and Renderers,362232,Renderer (Solid Plaster),3
3,Technicians and Trades Workers,36,Building Completion and Related Trades Workers,362,"Glaziers, Plasterers and Tilers",3623,Roof Tilers,362331,Roof Tiler,3
3,Technicians and Trades Workers,36,Building Completion and Related Trades Workers,362,"Glaziers, Plasterers and Tilers",3624,Wall and Floor Tilers,362431,Wall and Floor Tiler,3
3,Technicians and Trades Workers,36,Building Completion and Related Trades Workers,363,Plumbers,3631,Plumbers (General),363131,Plumber (General),3
3,Technicians and Trades Workers,36,Building Completion and Related Trades Workers,363,Plumbers,3632,Gasfitters,363231,Gasfitter,3
3,Technicians and Trades Workers,36,Building Completion and Related Trades Workers,363,Plumbers,3633,Roof Plumbers,363331,Roof Plumber,3
3,Technicians and Trades Workers,36,Building Completion and Related Trades Workers,363,Plumbers,3639,Other Plumbers,363931,Drainer,3
3,Technicians and Trades Workers,36,Building Completion and Related Trades Workers,363,Plumbers,3639,Other Plumbers,363932,Fire Protection Plumber,3
3,Technicians and Trades Workers,36,Building Completion and Related Trades Workers,363,Plumbers,3639,Other Plumbers,363933,Mechanical Services Plumber,3
3,Technicians and Trades Workers,36,Building Completion and Related Trades Workers,369,Miscellaneous Building Completion and Related Trades Workers,3691,Cabinet Makers,369131,Cabinet Maker,3
3,Technicians and Trades Workers,36,Building Completion and Related Trades Workers,369,Miscellaneous Building Completion and Related Trades Workers,3699,Other Building Completion and Related Trades Workers,369931,Shopfitter,3
3,Technicians and Trades Workers,36,Building Completion and Related Trades Workers,369,Miscellaneous Building Completion and Related Trades Workers,3699,Other Building Completion and Related Trades Workers,369932,Swimming Pool and Spa Builder,3
3,Technicians and Trades Workers,36,Building Completion and Related Trades Workers,369,Miscellaneous Building Completion and Related Trades Workers,3699,Other Building Completion and Related Trades Workers,369933,Waterproofer,3
3,Technicians and Trades Workers,37,Building Structural Trades Workers,371,"Bricklayers, Stonemasons and Concreters",3711,Bricklayers and Stonemasons,371131,Bricklayer,3
3,Technicians and Trades Workers,37,Building Structural Trades Workers,371,"Bricklayers, Stonemasons and Concreters",3711,Bricklayers and Stonemasons,371132,Stonemason,3
3,Technicians and Trades Workers,37,Building Structural Trades Workers,371,"Bricklayers, Stonemasons and Concreters",3712,Concreters,371231,Concreter,3
3,Technicians and Trades Workers,37,Building Structural Trades Workers,372,Carpenters and Joiners,3721,Carpenters and Joiners,372131,Carpenter and Joiner,3
3,Technicians and Trades Workers,37,Building Structural Trades Workers,372,Carpenters and Joiners,3721,Carpenters and Joiners,372132,Carpenter,3
3,Technicians and Trades Workers,37,Building Structural Trades Workers,372,Carpenters and Joiners,3721,Carpenters and Joiners,372133,Joiner,3
3,Technicians and Trades Workers,38,Electrotechnology and Telecommunications Trades Workers,381,Electrical Trades Workers,3811,Electrical Distribution Trades Workers,381131,Electrical Distribution Trades Worker,3
3,Technicians and Trades Workers,38,Electrotechnology and Telecommunications Trades Workers,381,Electrical Trades Workers,3812,Electricians,381231,Electrician (General),3
3,Technicians and Trades Workers,38,Electrotechnology and Telecommunications Trades Workers,381,Electrical Trades Workers,3812,Electricians,381232,Electrical Fitter,3
3,Technicians and Trades Workers,38,Electrotechnology and Telecommunications Trades Workers,381,Electrical Trades Workers,3812,Electricians,381233,Industrial Electrician,3
3,Technicians and Trades Workers,38,Electrotechnology and Telecommunications Trades Workers,381,Electrical Trades Workers,3812,Electricians,381234,Lift Mechanic,3
3,Technicians and Trades Workers,38,Electrotechnology and Telecommunications Trades Workers,382,Electronics and Telecommunications Trades Workers,3821,Air Conditioning and Refrigeration Technicians,382131,Air Conditioning and Refrigeration Technician,3
3,Technicians and Trades Workers,38,Electrotechnology and Telecommunications Trades Workers,382,Electronics and Telecommunications Trades Workers,3822,Electronics Trades Workers,382231,Communications Operator,3
3,Technicians and Trades Workers,38,Electrotechnology and Telecommunications Trades Workers,382,Electronics and Telecommunications Trades Workers,3822,Electronics Trades Workers,382232,Electronic Equipment Trades Worker,3
3,Technicians and Trades Workers,38,Electrotechnology and Telecommunications Trades Workers,382,Electronics and Telecommunications Trades Workers,3822,Electronics Trades Workers,382233,Electronic Instrument Technician,3
3,Technicians and Trades Workers,38,Electrotechnology and Telecommunications Trades Workers,382,Electronics and Telecommunications Trades Workers,3822,Electronics Trades Workers,382234,Office Equipment Technician,3
3,Technicians and Trades Workers,38,Electrotechnology and Telecommunications Trades Workers,382,Electronics and Telecommunications Trades Workers,3823,Telecommunications Trades Workers,382331,Cabler (Data and Telecommunications),3
3,Technicians and Trades Workers,38,Electrotechnology and Telecommunications Trades Workers,382,Electronics and Telecommunications Trades Workers,3823,Telecommunications Trades Workers,382332,Telecommunications Cable Technician,3
3,Technicians and Trades Workers,38,Electrotechnology and Telecommunications Trades Workers,382,Electronics and Telecommunications Trades Workers,3823,Telecommunications Trades Workers,382333,Telecommunications Linesworker,3
3,Technicians and Trades Workers,38,Electrotechnology and Telecommunications Trades Workers,382,Electronics and Telecommunications Trades Workers,3823,Telecommunications Trades Workers,382334,Telecommunications Technician,3
3,Technicians and Trades Workers,39,Other Technicians and Trades Workers,391,Artistic and Cultural Technicians and Trades Workers,3911,"Gallery, Library and Museum Technicians",391131,Gallery or Museum Technician,2
3,Technicians and Trades Workers,39,Other Technicians and Trades Workers,391,Artistic and Cultural Technicians and Trades Workers,3911,"Gallery, Library and Museum Technicians",391132,Library Technician,2
3,Technicians and Trades Workers,39,Other Technicians and Trades Workers,391,Artistic and Cultural Technicians and Trades Workers,3912,Performing Arts Technicians,391231,Audio Engineer,3
3,Technicians and Trades Workers,39,Other Technicians and Trades Workers,391,Artistic and Cultural Technicians and Trades Workers,3912,Performing Arts Technicians,391232,Broadcast Technician,3
3,Technicians and Trades Workers,39,Other Technicians and Trades Workers,391,Artistic and Cultural Technicians and Trades Workers,3912,Performing Arts Technicians,391233,"Camera Operator (Film, Television or Video)",3
3,Technicians and Trades Workers,39,Other Technicians and Trades Workers,391,Artistic and Cultural Technicians and Trades Workers,3912,Performing Arts Technicians,391234,Lighting Technician,3
3,Technicians and Trades Workers,39,Other Technicians and Trades Workers,391,Artistic and Cultural Technicians and Trades Workers,3912,Performing Arts Technicians,391299,Performing Arts Technicians nec,3
3,Technicians and Trades Workers,39,Other Technicians and Trades Workers,391,Artistic and Cultural Technicians and Trades Workers,3913,Photographers,391331,Photographer,2
3,Technicians and Trades Workers,39,Other Technicians and Trades Workers,391,Artistic and Cultural Technicians and Trades Workers,3914,Printing Trades Workers,391431,Graphic Pre-press Operator,3
3,Technicians and Trades Workers,39,Other Technicians and Trades Workers,391,Artistic and Cultural Technicians and Trades Workers,3914,Printing Trades Workers,391432,Print Finisher,3
3,Technicians and Trades Workers,39,Other Technicians and Trades Workers,391,Artistic and Cultural Technicians and Trades Workers,3914,Printing Trades Workers,391433,Printing Machinist,3
3,Technicians and Trades Workers,39,Other Technicians and Trades Workers,391,Artistic and Cultural Technicians and Trades Workers,3914,Printing Trades Workers,391434,Screen Printer,3
3,Technicians and Trades Workers,39,Other Technicians and Trades Workers,391,Artistic and Cultural Technicians and Trades Workers,3915,Signwriters,391531,Signwriter,3
3,Technicians and Trades Workers,39,Other Technicians and Trades Workers,391,Artistic and Cultural Technicians and Trades Workers,3919,Other Artistic and Cultural Technicians and Trades Workers,391931,Interior Decorator,2
3,Technicians and Trades Workers,39,Other Technicians and Trades Workers,391,Artistic and Cultural Technicians and Trades Workers,3919,Other Artistic and Cultural Technicians and Trades Workers,391932,Jeweller,3
3,Technicians and Trades Workers,39,Other Technicians and Trades Workers,391,Artistic and Cultural Technicians and Trades Workers,3919,Other Artistic and Cultural Technicians and Trades Workers,391933,Musical Instrument Maker or Repairer,3
3,Technicians and Trades Workers,39,Other Technicians and Trades Workers,392,Barbers and Hairdressers,3921,Barbers and Hairdressers,392131,Barber,3
3,Technicians and Trades Workers,39,Other Technicians and Trades Workers,392,Barbers and Hairdressers,3921,Barbers and Hairdressers,392132,Hairdresser,3
3,Technicians and Trades Workers,39,Other Technicians and Trades Workers,399,Miscellaneous Technicians and Trades Workers,3991,"Chemical, Gas, Petroleum and Power Generation Plant Technicians",399131,Chemical Plant Operator,3
3,Technicians and Trades Workers,39,Other Technicians and Trades Workers,399,Miscellaneous Technicians and Trades Workers,3991,"Chemical, Gas, Petroleum and Power Generation Plant Technicians",399132,Gas or Petroleum Production Technician,3
3,Technicians and Trades Workers,39,Other Technicians and Trades Workers,399,Miscellaneous Technicians and Trades Workers,3991,"Chemical, Gas, Petroleum and Power Generation Plant Technicians",399133,Power Generation Plant Operator,3
3,Technicians and Trades Workers,39,Other Technicians and Trades Workers,399,Miscellaneous Technicians and Trades Workers,3992,Drillers,399231,Driller,3
3,Technicians and Trades Workers,39,Other Technicians and Trades Workers,399,Miscellaneous Technicians and Trades Workers,3993,Pest Control Technicians,399331,Pest Control Technician,3
3,Technicians and Trades Workers,39,Other Technicians and Trades Workers,399,Miscellaneous Technicians and Trades Workers,3994,"Textile, Clothing and Footwear Trades Workers",399431,Apparel Cutter,3
3,Technicians and Trades Workers,39,Other Technicians and Trades Workers,399,Miscellaneous Technicians and Trades Workers,3994,"Textile, Clothing and Footwear Trades Workers",399432,Canvas Goods Fabricator,3
3,Technicians and Trades Workers,39,Other Technicians and Trades Workers,399,Miscellaneous Technicians and Trades Workers,3994,"Textile, Clothing and Footwear Trades Workers",399433,Dressmaker or Tailor,3
3,Technicians and Trades Workers,39,Other Technicians and Trades Workers,399,Miscellaneous Technicians and Trades Workers,3994,"Textile, Clothing and Footwear Trades Workers",399434,Garment Technician,3
3,Technicians and Trades Workers,39,Other Technicians and Trades Workers,399,Miscellaneous Technicians and Trades Workers,3994,"Textile, Clothing and Footwear Trades Workers",399435,Leather Goods Maker,3
3,Technicians and Trades Workers,39,Other Technicians and Trades Workers,399,Miscellaneous Technicians and Trades Workers,3994,"Textile, Clothing and Footwear Trades Workers",399436,Sail Maker,3
3,Technicians and Trades Workers,39,Other Technicians and Trades Workers,399,Miscellaneous Technicians and Trades Workers,3994,"Textile, Clothing and Footwear Trades Workers",399437,Shoemaker,3
3,Technicians and Trades Workers,39,Other Technicians and Trades Workers,399,Miscellaneous Technicians and Trades Workers,3994,"Textile, Clothing and Footwear Trades Workers",399438,Upholsterer,3
3,Technicians and Trades Workers,39,Other Technicians and Trades Workers,399,Miscellaneous Technicians and Trades Workers,3995,Wood Machinists and Other Wood Trades Workers,399531,Furniture Finisher,3
3,Technicians and Trades Workers,39,Other Technicians and Trades Workers,399,Miscellaneous Technicians and Trades Workers,3995,Wood Machinists and Other Wood Trades Workers,399532,Furniture Maker,3
3,Technicians and Trades Workers,39,Other Technicians and Trades Workers,399,Miscellaneous Technicians and Trades Workers,3995,Wood Machinists and Other Wood Trades Workers,399533,Picture Framer,3
3,Technicians and Trades Workers,39,Other Technicians and Trades Workers,399,Miscellaneous Technicians and Trades Workers,3995,Wood Machinists and Other Wood Trades Workers,399534,Wood Machinist,3
3,Technicians and Trades Workers,39,Other Technicians and Trades Workers,399,Miscellaneous Technicians and Trades Workers,3995,Wood Machinists and Other Wood Trades Workers,399599,Wood Machinists and Other Wood Trades Workers nec,3
3,Technicians and Trades Workers,39,Other Technicians and Trades Workers,399,Miscellaneous Technicians and Trades Workers,3999,Other Miscellaneous Technicians and Trades Workers,399931,Boat Builder and Repairer,3
3,Technicians and Trades Workers,39,Other Technicians and Trades Workers,399,Miscellaneous Technicians and Trades Workers,3999,Other Miscellaneous Technicians and Trades Workers,399932,Diver,3
3,Technicians and Trades Workers,39,Other Technicians and Trades Workers,399,Miscellaneous Technicians and Trades Workers,3999,Other Miscellaneous Technicians and Trades Workers,399933,Fire Protection Equipment Technician,3
3,Technicians and Trades Workers,39,Other Technicians and Trades Workers,399,Miscellaneous Technicians and Trades Workers,3999,Other Miscellaneous Technicians and Trades Workers,399934,Gas Network Technician,3
3,Technicians and Trades Workers,39,Other Technicians and Trades Workers,399,Miscellaneous Technicians and Trades Workers,3999,Other Miscellaneous Technicians and Trades Workers,399935,Optical Mechanic,3
3,Technicians and Trades Workers,39,Other Technicians and Trades Workers,399,Miscellaneous Technicians and Trades Workers,3999,Other Miscellaneous Technicians and Trades Workers,399936,Plastics Technician,3
3,Technicians and Trades Workers,39,Other Technicians and Trades Workers,399,Miscellaneous Technicians and Trades Workers,3999,Other Miscellaneous Technicians and Trades Workers,399937,Railway Network Controller,3
3,Technicians and Trades Workers,39,Other Technicians and Trades Workers,399,Miscellaneous Technicians and Trades Workers,3999,Other Miscellaneous Technicians and Trades Workers,399938,Shipwright,3
3,Technicians and Trades Workers,39,Other Technicians and Trades Workers,399,Miscellaneous Technicians and Trades Workers,3999,Other Miscellaneous Technicians and Trades Workers,399999,Technicians and Trades Workers nec,3
4,Community and Personal Service Workers,41,Community and Welfare Support Workers,411,Community and Welfare Support Workers,4111,Child Protection and Family Violence Practitioners,411131,Child Protection Practitioner,2
4,Community and Personal Service Workers,41,Community and Welfare Support Workers,411,Community and Welfare Support Workers,4111,Child Protection and Family Violence Practitioners,411132,Family Violence Practitioner,2
4,Community and Personal Service Workers,41,Community and Welfare Support Workers,411,Community and Welfare Support Workers,4112,Community Development and Support Workers,411231,Community Development Officer,2
4,Community and Personal Service Workers,41,Community and Welfare Support Workers,411,Community and Welfare Support Workers,4112,Community Development and Support Workers,411232,Community Support Worker,2
4,Community and Personal Service Workers,41,Community and Welfare Support Workers,411,Community and Welfare Support Workers,4113,"Diversional Therapists, and Lifestyle Coordinators and Officers",411331,Diversional Therapist,2
4,Community and Personal Service Workers,41,Community and Welfare Support Workers,411,Community and Welfare Support Workers,4113,"Diversional Therapists, and Lifestyle Coordinators and Officers",411332,Lifestyle Coordinator,3
4,Community and Personal Service Workers,41,Community and Welfare Support Workers,411,Community and Welfare Support Workers,4113,"Diversional Therapists, and Lifestyle Coordinators and Officers",411333,Lifestyle Officer,3
4,Community and Personal Service Workers,41,Community and Welfare Support Workers,411,Community and Welfare Support Workers,4114,Employment Consultants,411431,Employment Consultant,3
4,Community and Personal Service Workers,41,Community and Welfare Support Workers,411,Community and Welfare Support Workers,4115,Interpreters and Translators,411531,Interpreter,2
4,Community and Personal Service Workers,41,Community and Welfare Support Workers,411,Community and Welfare Support Workers,4115,Interpreters and Translators,411532,Translator,2
4,Community and Personal Service Workers,41,Community and Welfare Support Workers,411,Community and Welfare Support Workers,4116,Welfare Support Workers,411631,Community Corrections Officer,2
4,Community and Personal Service Workers,41,Community and Welfare Support Workers,411,Community and Welfare Support Workers,4116,Welfare Support Workers,411632,Family Support Worker,2
4,Community and Personal Service Workers,41,Community and Welfare Support Workers,411,Community and Welfare Support Workers,4116,Welfare Support Workers,411633,Financial Counsellor (Community),2
4,Community and Personal Service Workers,41,Community and Welfare Support Workers,411,Community and Welfare Support Workers,4116,Welfare Support Workers,411634,Housing Officer,2
4,Community and Personal Service Workers,41,Community and Welfare Support Workers,411,Community and Welfare Support Workers,4116,Welfare Support Workers,411635,Refuge Worker,3
4,Community and Personal Service Workers,41,Community and Welfare Support Workers,411,Community and Welfare Support Workers,4116,Welfare Support Workers,411636,Welfare Worker,2
4,Community and Personal Service Workers,41,Community and Welfare Support Workers,411,Community and Welfare Support Workers,4117,Youth Support Workers,411731,Residential Youth Worker,2
4,Community and Personal Service Workers,41,Community and Welfare Support Workers,411,Community and Welfare Support Workers,4117,Youth Support Workers,411732,Youth Justice Worker,2
4,Community and Personal Service Workers,41,Community and Welfare Support Workers,411,Community and Welfare Support Workers,4117,Youth Support Workers,411733,Youth Worker,2
4,Community and Personal Service Workers,41,Community and Welfare Support Workers,411,Community and Welfare Support Workers,4119,Other Community and Welfare Support Workers,411931,Recreation Officer,3
4,Community and Personal Service Workers,41,Community and Welfare Support Workers,411,Community and Welfare Support Workers,4119,Other Community and Welfare Support Workers,411932,Sports Development Officer,2
4,Community and Personal Service Workers,41,Community and Welfare Support Workers,411,Community and Welfare Support Workers,4119,Other Community and Welfare Support Workers,411933,Volunteer Coordinator,3
4,Community and Personal Service Workers,42,Aged Care and Disability Services and Support Workers,421,Aged Care Workers,4211,Aged Care Coordinators and Team Leaders,421131,Aged Care Coordinator,3
4,Community and Personal Service Workers,42,Aged Care and Disability Services and Support Workers,421,Aged Care Workers,4211,Aged Care Coordinators and Team Leaders,421132,Aged Care Team Leader,3
4,Community and Personal Service Workers,42,Aged Care and Disability Services and Support Workers,421,Aged Care Workers,4212,Community Aged Care Support Workers,421231,Community Aged Care Support Worker,4
4,Community and Personal Service Workers,42,Aged Care and Disability Services and Support Workers,421,Aged Care Workers,4213,Residential Aged Care Workers,421331,Residential Aged Care Worker,4
4,Community and Personal Service Workers,42,Aged Care and Disability Services and Support Workers,422,Disability Services and Support Workers,4221,Disability Services and Residential Care Officers,422131,Disability Services Officer,2
4,Community and Personal Service Workers,42,Aged Care and Disability Services and Support Workers,422,Disability Services and Support Workers,4221,Disability Services and Residential Care Officers,422132,Residential Care Officer,2
4,Community and Personal Service Workers,42,Aged Care and Disability Services and Support Workers,422,Disability Services and Support Workers,4222,Disability Support Workers and Team Leaders,422231,Disability Support Worker,4
4,Community and Personal Service Workers,42,Aged Care and Disability Services and Support Workers,422,Disability Services and Support Workers,4222,Disability Support Workers and Team Leaders,422232,Disability Team Leader,3
4,Community and Personal Service Workers,43,"Early Childhood Educators, Child Carers and Education Assistants",431,Early Childhood Educators and Child Carers,4311,Early Childhood Educators and Room Leaders,431131,Early Childhood Education Room Leader,2
4,Community and Personal Service Workers,43,"Early Childhood Educators, Child Carers and Education Assistants",431,Early Childhood Educators and Child Carers,4311,Early Childhood Educators and Room Leaders,431132,Early Childhood Educator,3
4,Community and Personal Service Workers,43,"Early Childhood Educators, Child Carers and Education Assistants",431,Early Childhood Educators and Child Carers,4312,Family Day Care Educators and Coordinators,431231,Family Day Care Coordinator,2
4,Community and Personal Service Workers,43,"Early Childhood Educators, Child Carers and Education Assistants",431,Early Childhood Educators and Child Carers,4312,Family Day Care Educators and Coordinators,431232,Family Day Care Educator,3
4,Community and Personal Service Workers,43,"Early Childhood Educators, Child Carers and Education Assistants",431,Early Childhood Educators and Child Carers,4313,Nannies,431331,Nanny,4
4,Community and Personal Service Workers,43,"Early Childhood Educators, Child Carers and Education Assistants",431,Early Childhood Educators and Child Carers,4314,Out of School Hours Care Educators,431431,Out of School Hours Care Educator,3
4,Community and Personal Service Workers,43,"Early Childhood Educators, Child Carers and Education Assistants",432,Education Assistants,4321,Inclusion Support Assistants,432131,Inclusion Support Assistant,3
4,Community and Personal Service Workers,43,"Early Childhood Educators, Child Carers and Education Assistants",432,Education Assistants,4322,Teaching Assistants,432231,Teaching Assistant,3
4,Community and Personal Service Workers,43,"Early Childhood Educators, Child Carers and Education Assistants",432,Education Assistants,4329,Other Education Assistants,432931,Aboriginal and Torres Strait Islander Education Officer,3
4,Community and Personal Service Workers,43,"Early Childhood Educators, Child Carers and Education Assistants",432,Education Assistants,4329,Other Education Assistants,432932,Boarding Supervisor,4
4,Community and Personal Service Workers,44,Health Support Workers and Assistants,441,Health Support Workers,4411,Enrolled Nurses,441131,Enrolled Nurse,2
4,Community and Personal Service Workers,44,Health Support Workers and Assistants,441,Health Support Workers,4412,Massage Therapists and Myotherapists,441231,Massage Therapist,3
4,Community and Personal Service Workers,44,Health Support Workers and Assistants,441,Health Support Workers,4412,Massage Therapists and Myotherapists,441232,Myotherapist,2
4,Community and Personal Service Workers,44,Health Support Workers and Assistants,441,Health Support Workers,4412,Massage Therapists and Myotherapists,441233,Remedial Massage Therapist,2
4,Community and Personal Service Workers,44,Health Support Workers and Assistants,441,Health Support Workers,4413,Mental Health Workers,441331,Mental Health Worker,2
4,Community and Personal Service Workers,44,Health Support Workers and Assistants,441,Health Support Workers,4419,Other Health Support Workers,441931,Aboriginal and Torres Strait Islander Health Practitioner,3
4,Community and Personal Service Workers,44,Health Support Workers and Assistants,441,Health Support Workers,4419,Other Health Support Workers,441932,Aboriginal and Torres Strait Islander Health Worker,4
4,Community and Personal Service Workers,44,Health Support Workers and Assistants,441,Health Support Workers,4419,Other Health Support Workers,441933,Audiometrist,2
4,Community and Personal Service Workers,44,Health Support Workers and Assistants,442,Patient and Health Care Assistants,4421,Allied Health Assistants,442131,Allied Health Assistant,3
4,Community and Personal Service Workers,44,Health Support Workers and Assistants,442,Patient and Health Care Assistants,4422,Assistants in Nursing,442231,Assistant in Nursing,4
4,Community and Personal Service Workers,44,Health Support Workers and Assistants,442,Patient and Health Care Assistants,4423,Dental Assistants,442331,Dental Assistant,4
4,Community and Personal Service Workers,44,Health Support Workers and Assistants,442,Patient and Health Care Assistants,4424,Optical Dispensers,442431,Optical Dispenser,3
4,Community and Personal Service Workers,44,Health Support Workers and Assistants,442,Patient and Health Care Assistants,4425,Patient Care and Patient Services Assistants,442531,Patient Care Assistant,4
4,Community and Personal Service Workers,44,Health Support Workers and Assistants,442,Patient and Health Care Assistants,4425,Patient Care and Patient Services Assistants,442532,Patient Services Assistant,4
4,Community and Personal Service Workers,44,Health Support Workers and Assistants,442,Patient and Health Care Assistants,4429,Other Patient and Health Care Assistants,442931,Patient Transport Officer,4
4,Community and Personal Service Workers,44,Health Support Workers and Assistants,442,Patient and Health Care Assistants,4429,Other Patient and Health Care Assistants,442999,Patient and Health Care Assistants nec,4
4,Community and Personal Service Workers,45,Protective Service and Security Workers,451,Protective Service Workers,4511,Defence Force Members - Other Ranks,451131,Defence Force Member - Other Ranks,3
4,Community and Personal Service Workers,45,Protective Service and Security Workers,451,Protective Service Workers,4512,Emergency Services Officers and Firefighters,451231,Emergency Services Officer,3
4,Community and Personal Service Workers,45,Protective Service and Security Workers,451,Protective Service Workers,4512,Emergency Services Officers and Firefighters,451232,Firefighter,3
4,Community and Personal Service Workers,45,Protective Service and Security Workers,451,Protective Service Workers,4513,General Duties Police Officers,451331,General Duties Police Officer,2
4,Community and Personal Service Workers,45,Protective Service and Security Workers,451,Protective Service Workers,4519,Other Protective Service Workers,451931,Border Enforcement Operations Officer,2
4,Community and Personal Service Workers,45,Protective Service and Security Workers,452,Security Workers,4521,Correctional Officers,452131,Correctional Officer,4
4,Community and Personal Service Workers,45,Protective Service and Security Workers,452,Security Workers,4522,Security Officers and Guards,452231,"Alarm, Security or Surveillance Monitor",4
4,Community and Personal Service Workers,45,Protective Service and Security Workers,452,Security Workers,4522,Security Officers and Guards,452232,Cash In Transit Officer,4
4,Community and Personal Service Workers,45,Protective Service and Security Workers,452,Security Workers,4522,Security Officers and Guards,452233,Crowd Controller,4
4,Community and Personal Service Workers,45,Protective Service and Security Workers,452,Security Workers,4522,Security Officers and Guards,452234,Private Investigator,4
4,Community and Personal Service Workers,45,Protective Service and Security Workers,452,Security Workers,4522,Security Officers and Guards,452235,Protective Services Officer,4
4,Community and Personal Service Workers,45,Protective Service and Security Workers,452,Security Workers,4522,Security Officers and Guards,452236,Retail Loss Prevention Officer,4
4,Community and Personal Service Workers,45,Protective Service and Security Workers,452,Security Workers,4522,Security Officers and Guards,452237,Security Consultant,3
4,Community and Personal Service Workers,45,Protective Service and Security Workers,452,Security Workers,4522,Security Officers and Guards,452238,Security Officer,4
4,Community and Personal Service Workers,45,Protective Service and Security Workers,452,Security Workers,4522,Security Officers and Guards,452241,Security Screening Officer,4
4,Community and Personal Service Workers,46,"Personal Service, Sports and Fitness Workers",461,Personal Service and Travel Workers,4611,Beauty and Dermal Therapists,461131,Beauty Therapist,3
4,Community and Personal Service Workers,46,"Personal Service, Sports and Fitness Workers",461,Personal Service and Travel Workers,4611,Beauty and Dermal Therapists,461132,Dermal Therapist,2
4,Community and Personal Service Workers,46,"Personal Service, Sports and Fitness Workers",461,Personal Service and Travel Workers,4612,Body and Make-up Artists,461231,Body Artist,4
4,Community and Personal Service Workers,46,"Personal Service, Sports and Fitness Workers",461,Personal Service and Travel Workers,4612,Body and Make-up Artists,461232,Make-up Artist,3
4,Community and Personal Service Workers,46,"Personal Service, Sports and Fitness Workers",461,Personal Service and Travel Workers,4613,Civil Celebrants and Funeral Workers,461331,Civil Celebrant,3
4,Community and Personal Service Workers,46,"Personal Service, Sports and Fitness Workers",461,Personal Service and Travel Workers,4613,Civil Celebrants and Funeral Workers,461332,Funeral Director,2
4,Community and Personal Service Workers,46,"Personal Service, Sports and Fitness Workers",461,Personal Service and Travel Workers,4613,Civil Celebrants and Funeral Workers,461333,Funeral Worker,4
4,Community and Personal Service Workers,46,"Personal Service, Sports and Fitness Workers",461,Personal Service and Travel Workers,4614,Domestic Animal Care Workers,461431,Dog Walker,5
4,Community and Personal Service Workers,46,"Personal Service, Sports and Fitness Workers",461,Personal Service and Travel Workers,4614,Domestic Animal Care Workers,461432,Domestic Animal Attendant,4
4,Community and Personal Service Workers,46,"Personal Service, Sports and Fitness Workers",461,Personal Service and Travel Workers,4614,Domestic Animal Care Workers,461433,Pet Groomer,4
4,Community and Personal Service Workers,46,"Personal Service, Sports and Fitness Workers",461,Personal Service and Travel Workers,4614,Domestic Animal Care Workers,461499,Domestic Animal Care Workers nec,4
4,Community and Personal Service Workers,46,"Personal Service, Sports and Fitness Workers",461,Personal Service and Travel Workers,4615,Driving Instructors,461531,Driving Instructor,3
4,Community and Personal Service Workers,46,"Personal Service, Sports and Fitness Workers",461,Personal Service and Travel Workers,4616,Tourist Guides and Information Officers,461631,Gallery or Museum Guide,4
4,Community and Personal Service Workers,46,"Personal Service, Sports and Fitness Workers",461,Personal Service and Travel Workers,4616,Tourist Guides and Information Officers,461632,Tour Guide,3
4,Community and Personal Service Workers,46,"Personal Service, Sports and Fitness Workers",461,Personal Service and Travel Workers,4616,Tourist Guides and Information Officers,461633,Tourist Information Officer,4
4,Community and Personal Service Workers,46,"Personal Service, Sports and Fitness Workers",461,Personal Service and Travel Workers,4617,Travel Attendants,461731,Flight Attendant,3
4,Community and Personal Service Workers,46,"Personal Service, Sports and Fitness Workers",461,Personal Service and Travel Workers,4617,Travel Attendants,461799,Travel Attendants nec,4
4,Community and Personal Service Workers,46,"Personal Service, Sports and Fitness Workers",461,Personal Service and Travel Workers,4618,Travel Consultants,461831,Travel Consultant,3
4,Community and Personal Service Workers,46,"Personal Service, Sports and Fitness Workers",461,Personal Service and Travel Workers,4619,Other Personal Service and Travel Workers,461931,Airline Customer Support Worker,5
4,Community and Personal Service Workers,46,"Personal Service, Sports and Fitness Workers",461,Personal Service and Travel Workers,4619,Other Personal Service and Travel Workers,461932,Fashion Stylist,4
4,Community and Personal Service Workers,46,"Personal Service, Sports and Fitness Workers",461,Personal Service and Travel Workers,4619,Other Personal Service and Travel Workers,461933,First Aid Trainer,3
4,Community and Personal Service Workers,46,"Personal Service, Sports and Fitness Workers",461,Personal Service and Travel Workers,4619,Other Personal Service and Travel Workers,461934,Hair or Beauty Salon Assistant,5
4,Community and Personal Service Workers,46,"Personal Service, Sports and Fitness Workers",461,Personal Service and Travel Workers,4619,Other Personal Service and Travel Workers,461935,Natural Remedy Consultant,4
4,Community and Personal Service Workers,46,"Personal Service, Sports and Fitness Workers",461,Personal Service and Travel Workers,4619,Other Personal Service and Travel Workers,461936,Photographer's Assistant,4
4,Community and Personal Service Workers,46,"Personal Service, Sports and Fitness Workers",461,Personal Service and Travel Workers,4619,Other Personal Service and Travel Workers,461937,Religious Assistant,4
4,Community and Personal Service Workers,46,"Personal Service, Sports and Fitness Workers",461,Personal Service and Travel Workers,4619,Other Personal Service and Travel Workers,461938,Sex Worker or Escort,5
4,Community and Personal Service Workers,46,"Personal Service, Sports and Fitness Workers",461,Personal Service and Travel Workers,4619,Other Personal Service and Travel Workers,461941,Weight Loss Consultant,4
4,Community and Personal Service Workers,46,"Personal Service, Sports and Fitness Workers",461,Personal Service and Travel Workers,4619,Other Personal Service and Travel Workers,461999,Personal Service and Travel Workers nec,4
4,Community and Personal Service Workers,46,"Personal Service, Sports and Fitness Workers",462,Sports and Fitness Workers,4621,Fitness Instructors (General),462131,Fitness Instructor (General),4
4,Community and Personal Service Workers,46,"Personal Service, Sports and Fitness Workers",462,Sports and Fitness Workers,4622,Pilates and Yoga Instructors,462231,Pilates Instructor,3
4,Community and Personal Service Workers,46,"Personal Service, Sports and Fitness Workers",462,Sports and Fitness Workers,4622,Pilates and Yoga Instructors,462232,Yoga Teacher,4
4,Community and Personal Service Workers,46,"Personal Service, Sports and Fitness Workers",462,Sports and Fitness Workers,4623,Sport and Recreation Safety Patrollers,462331,Lifeguard,3
4,Community and Personal Service Workers,46,"Personal Service, Sports and Fitness Workers",462,Sports and Fitness Workers,4623,Sport and Recreation Safety Patrollers,462399,Sport and Recreation Safety Patrollers nec,3
4,Community and Personal Service Workers,46,"Personal Service, Sports and Fitness Workers",462,Sports and Fitness Workers,4624,Sports Coaches and Outdoor Adventure Guides,462431,Basketball Coach,4
4,Community and Personal Service Workers,46,"Personal Service, Sports and Fitness Workers",462,Sports and Fitness Workers,4624,Sports Coaches and Outdoor Adventure Guides,462432,Diving Instructor (Open Water),3
4,Community and Personal Service Workers,46,"Personal Service, Sports and Fitness Workers",462,Sports and Fitness Workers,4624,Sports Coaches and Outdoor Adventure Guides,462433,Football Coach,4
4,Community and Personal Service Workers,46,"Personal Service, Sports and Fitness Workers",462,Sports and Fitness Workers,4624,Sports Coaches and Outdoor Adventure Guides,462434,Gymnastics Coach or Instructor,4
4,Community and Personal Service Workers,46,"Personal Service, Sports and Fitness Workers",462,Sports and Fitness Workers,4624,Sports Coaches and Outdoor Adventure Guides,462435,Horse Riding Coach or Instructor,3
4,Community and Personal Service Workers,46,"Personal Service, Sports and Fitness Workers",462,Sports and Fitness Workers,4624,Sports Coaches and Outdoor Adventure Guides,462436,Martial Arts Instructor,4
4,Community and Personal Service Workers,46,"Personal Service, Sports and Fitness Workers",462,Sports and Fitness Workers,4624,Sports Coaches and Outdoor Adventure Guides,462437,Netball Coach,4
4,Community and Personal Service Workers,46,"Personal Service, Sports and Fitness Workers",462,Sports and Fitness Workers,4624,Sports Coaches and Outdoor Adventure Guides,462438,Outdoor Adventure Leader or Guide,3
4,Community and Personal Service Workers,46,"Personal Service, Sports and Fitness Workers",462,Sports and Fitness Workers,4624,Sports Coaches and Outdoor Adventure Guides,462441,Snowsport Instructor,3
4,Community and Personal Service Workers,46,"Personal Service, Sports and Fitness Workers",462,Sports and Fitness Workers,4624,Sports Coaches and Outdoor Adventure Guides,462442,Swimming Instructor or Coach,4
4,Community and Personal Service Workers,46,"Personal Service, Sports and Fitness Workers",462,Sports and Fitness Workers,4624,Sports Coaches and Outdoor Adventure Guides,462443,Tennis Coach,4
4,Community and Personal Service Workers,46,"Personal Service, Sports and Fitness Workers",462,Sports and Fitness Workers,4624,Sports Coaches and Outdoor Adventure Guides,462499,Sports Coaches and Outdoor Adventure Guides nec,4
4,Community and Personal Service Workers,46,"Personal Service, Sports and Fitness Workers",462,Sports and Fitness Workers,4625,Sports Officials and Umpires,462531,Dog and Horse Racing Official,3
4,Community and Personal Service Workers,46,"Personal Service, Sports and Fitness Workers",462,Sports and Fitness Workers,4625,Sports Officials and Umpires,462532,Sports Umpire,3
4,Community and Personal Service Workers,46,"Personal Service, Sports and Fitness Workers",462,Sports and Fitness Workers,4625,Sports Officials and Umpires,462599,Sports Officials and Umpires nec,3
4,Community and Personal Service Workers,46,"Personal Service, Sports and Fitness Workers",462,Sports and Fitness Workers,4626,Sportspersons,462631,Footballer,3
4,Community and Personal Service Workers,46,"Personal Service, Sports and Fitness Workers",462,Sports and Fitness Workers,4626,Sportspersons,462632,Golfer,3
4,Community and Personal Service Workers,46,"Personal Service, Sports and Fitness Workers",462,Sports and Fitness Workers,4626,Sportspersons,462633,Jockey,3
4,Community and Personal Service Workers,46,"Personal Service, Sports and Fitness Workers",462,Sports and Fitness Workers,4626,Sportspersons,462699,Sportspersons nec,3
4,Community and Personal Service Workers,47,Hospitality Workers,471,Hospitality Workers,4711,Bar Attendants,471131,Bar Attendant,4
4,Community and Personal Service Workers,47,Hospitality Workers,471,Hospitality Workers,4712,Baristas,471231,Barista,4
4,Community and Personal Service Workers,47,Hospitality Workers,471,Hospitality Workers,4713,Cafe Workers,471331,Cafe Worker,5
4,Community and Personal Service Workers,47,Hospitality Workers,471,Hospitality Workers,4714,"Gaming Attendants, Dealers and Croupiers",471431,Gaming Attendant,4
4,Community and Personal Service Workers,47,Hospitality Workers,471,Hospitality Workers,4714,"Gaming Attendants, Dealers and Croupiers",471432,Gaming Dealer or Croupier,4
4,Community and Personal Service Workers,47,Hospitality Workers,471,Hospitality Workers,4715,Hospitality Supervisors,471531,Bar Supervisor,3
4,Community and Personal Service Workers,47,Hospitality Workers,471,Hospitality Workers,4715,Hospitality Supervisors,471532,Cafe or Restaurant Supervisor,3
4,Community and Personal Service Workers,47,Hospitality Workers,471,Hospitality Workers,4715,Hospitality Supervisors,471533,Front Office Supervisor (Accommodation),3
4,Community and Personal Service Workers,47,Hospitality Workers,471,Hospitality Workers,4715,Hospitality Supervisors,471534,Gaming Supervisor,3
4,Community and Personal Service Workers,47,Hospitality Workers,471,Hospitality Workers,4715,Hospitality Supervisors,471535,Housekeeping Supervisor,3
4,Community and Personal Service Workers,47,Hospitality Workers,471,Hospitality Workers,4716,Sommeliers and Waiters,471631,Sommelier,3
4,Community and Personal Service Workers,47,Hospitality Workers,471,Hospitality Workers,4716,Sommeliers and Waiters,471632,Waiter,4
4,Community and Personal Service Workers,47,Hospitality Workers,471,Hospitality Workers,4719,Other Hospitality Workers,471931,Bar Useful,5
4,Community and Personal Service Workers,47,Hospitality Workers,471,Hospitality Workers,4719,Other Hospitality Workers,471932,Doorperson or Porter,5
4,Community and Personal Service Workers,47,Hospitality Workers,471,Hospitality Workers,4719,Other Hospitality Workers,471999,Hospitality Workers nec,5
5,Clerical and Administrative Workers,51,"Contract, Program and Project Administrators",511,"Contract, Program and Project Administrators",5111,Contract Administrators,511131,Contract Administrator,2
5,Clerical and Administrative Workers,51,"Contract, Program and Project Administrators",511,"Contract, Program and Project Administrators",5112,Program and Project Administrators,511231,Program or Project Administrator,2
5,Clerical and Administrative Workers,52,Executive and Legal Assistants and Secretaries,521,Conveyancers and Court and Legal Assistants,5211,Conveyancers,521131,Conveyancer,2
5,Clerical and Administrative Workers,52,Executive and Legal Assistants and Secretaries,521,Conveyancers and Court and Legal Assistants,5212,Court and Legal Assistants,521231,Clerk of Court,3
5,Clerical and Administrative Workers,52,Executive and Legal Assistants and Secretaries,521,Conveyancers and Court and Legal Assistants,5212,Court and Legal Assistants,521232,Court Bailiff or Sheriff,3
5,Clerical and Administrative Workers,52,Executive and Legal Assistants and Secretaries,521,Conveyancers and Court and Legal Assistants,5212,Court and Legal Assistants,521233,Court Orderly,3
5,Clerical and Administrative Workers,52,Executive and Legal Assistants and Secretaries,521,Conveyancers and Court and Legal Assistants,5212,Court and Legal Assistants,521234,Law Clerk,3
5,Clerical and Administrative Workers,52,Executive and Legal Assistants and Secretaries,521,Conveyancers and Court and Legal Assistants,5212,Court and Legal Assistants,521235,Legal Secretary,3
5,Clerical and Administrative Workers,52,Executive and Legal Assistants and Secretaries,521,Conveyancers and Court and Legal Assistants,5212,Court and Legal Assistants,521236,Trust Officer,3
5,Clerical and Administrative Workers,52,Executive and Legal Assistants and Secretaries,522,Executive Assistants and Secretaries,5221,Secretaries (General),522131,Secretary (General),3
5,Clerical and Administrative Workers,52,Executive and Legal Assistants and Secretaries,522,Executive Assistants and Secretaries,5222,Executive Assistants,522231,Executive Assistant,2
5,Clerical and Administrative Workers,53,Financial Services and Insurance Workers and Brokers,531,Financial Services and Insurance Workers and Brokers,5311,Bank Officers,531131,Bank Officer,3
5,Clerical and Administrative Workers,53,Financial Services and Insurance Workers and Brokers,531,Financial Services and Insurance Workers and Brokers,5312,Credit and Loans Officers,531231,Credit or Loans Officer,3
5,Clerical and Administrative Workers,53,Financial Services and Insurance Workers and Brokers,531,Financial Services and Insurance Workers and Brokers,5313,Financial and Insurance Brokers,531331,Business Broker,3
5,Clerical and Administrative Workers,53,Financial Services and Insurance Workers and Brokers,531,Financial Services and Insurance Workers and Brokers,5313,Financial and Insurance Brokers,531332,Commodities Trader,2
5,Clerical and Administrative Workers,53,Financial Services and Insurance Workers and Brokers,531,Financial Services and Insurance Workers and Brokers,5313,Financial and Insurance Brokers,531333,Finance Broker,2
5,Clerical and Administrative Workers,53,Financial Services and Insurance Workers and Brokers,531,Financial Services and Insurance Workers and Brokers,5313,Financial and Insurance Brokers,531334,Insurance Broker,2
5,Clerical and Administrative Workers,53,Financial Services and Insurance Workers and Brokers,531,Financial Services and Insurance Workers and Brokers,5313,Financial and Insurance Brokers,531399,Financial and Insurance Brokers nec,2
5,Clerical and Administrative Workers,53,Financial Services and Insurance Workers and Brokers,531,Financial Services and Insurance Workers and Brokers,5314,Insurance Consultants,531431,Insurance Consultant,4
5,Clerical and Administrative Workers,53,Financial Services and Insurance Workers and Brokers,531,Financial Services and Insurance Workers and Brokers,5315,"Insurance Investigators, Loss Adjusters and Risk Surveyors",531531,Insurance Investigator,3
5,Clerical and Administrative Workers,53,Financial Services and Insurance Workers and Brokers,531,Financial Services and Insurance Workers and Brokers,5315,"Insurance Investigators, Loss Adjusters and Risk Surveyors",531532,Insurance Loss Adjuster,3
5,Clerical and Administrative Workers,53,Financial Services and Insurance Workers and Brokers,531,Financial Services and Insurance Workers and Brokers,5315,"Insurance Investigators, Loss Adjusters and Risk Surveyors",531533,Insurance Risk Surveyor,2
5,Clerical and Administrative Workers,53,Financial Services and Insurance Workers and Brokers,531,Financial Services and Insurance Workers and Brokers,5319,Other Financial Services and Insurance Workers and Brokers,531931,Investment Administrator,2
5,Clerical and Administrative Workers,53,Financial Services and Insurance Workers and Brokers,531,Financial Services and Insurance Workers and Brokers,5319,Other Financial Services and Insurance Workers and Brokers,531932,Paraplanner,2
5,Clerical and Administrative Workers,54,Accounting and Related Clerks,541,"Accounts Clerks, Estimators and Payroll Officers",5411,Accounts Clerks,541131,Accounts Clerk,4
5,Clerical and Administrative Workers,54,Accounting and Related Clerks,541,"Accounts Clerks, Estimators and Payroll Officers",5412,Estimators,541231,Estimator,4
5,Clerical and Administrative Workers,54,Accounting and Related Clerks,541,"Accounts Clerks, Estimators and Payroll Officers",5413,Payroll Officers,541331,Payroll Officer,4
5,Clerical and Administrative Workers,54,Accounting and Related Clerks,542,Bookkeepers,5421,Bookkeepers,542131,Bookkeeper,3
5,Clerical and Administrative Workers,54,Accounting and Related Clerks,549,Miscellaneous Accounting and Related Clerks,5491,Other Accounting and Related Clerks,549131,Betting Clerk,5
5,Clerical and Administrative Workers,54,Accounting and Related Clerks,549,Miscellaneous Accounting and Related Clerks,5491,Other Accounting and Related Clerks,549132,Bookmaker,4
5,Clerical and Administrative Workers,54,Accounting and Related Clerks,549,Miscellaneous Accounting and Related Clerks,5491,Other Accounting and Related Clerks,549133,Debt Collector,4
5,Clerical and Administrative Workers,55,Enquiry and Information Officers and Receptionists,551,Call Centre and Information Officers,5511,Call and Contact Centre Workers,551131,Call or Contact Centre Operator,4
5,Clerical and Administrative Workers,55,Enquiry and Information Officers and Receptionists,551,Call Centre and Information Officers,5511,Call and Contact Centre Workers,551132,Call or Contact Centre Team Leader,3
5,Clerical and Administrative Workers,55,Enquiry and Information Officers and Receptionists,551,Call Centre and Information Officers,5512,Information Officers and Switchboard Operators,551231,Information Officer,4
5,Clerical and Administrative Workers,55,Enquiry and Information Officers and Receptionists,551,Call Centre and Information Officers,5512,Information Officers and Switchboard Operators,551232,Switchboard Operator,5
5,Clerical and Administrative Workers,55,Enquiry and Information Officers and Receptionists,552,Medical Receptionists and Ward Clerks,5521,Medical Receptionists,552131,Medical Receptionist,4
5,Clerical and Administrative Workers,55,Enquiry and Information Officers and Receptionists,552,Medical Receptionists and Ward Clerks,5522,Ward Clerks,552231,Ward Clerk,4
5,Clerical and Administrative Workers,55,Enquiry and Information Officers and Receptionists,553,Receptionists,5531,Receptionists (General),553131,Receptionist (General),4
5,Clerical and Administrative Workers,55,Enquiry and Information Officers and Receptionists,553,Receptionists,5532,Hotel and Motel Receptionists,553231,Hotel or Motel Receptionist,4
5,Clerical and Administrative Workers,56,General Clerical Workers,561,General Clerical Workers,5611,General Clerks,561131,General Clerk,4
5,Clerical and Administrative Workers,56,General Clerical Workers,561,General Clerical Workers,5612,Data Entry Operators and Transcriptionists,561231,Data Entry Operator,4
5,Clerical and Administrative Workers,56,General Clerical Workers,561,General Clerical Workers,5612,Data Entry Operators and Transcriptionists,561232,Machine Shorthand Reporter,4
5,Clerical and Administrative Workers,56,General Clerical Workers,561,General Clerical Workers,5612,Data Entry Operators and Transcriptionists,561233,Word Processing Operator,4
5,Clerical and Administrative Workers,57,Supply Chain Support Workers,571,Supply Chain Support Workers,5711,Logistics Officers,571131,Logistics Officer,4
5,Clerical and Administrative Workers,57,Supply Chain Support Workers,571,Supply Chain Support Workers,5712,Order Clerks,571231,Order Clerk,4
5,Clerical and Administrative Workers,57,Supply Chain Support Workers,571,Supply Chain Support Workers,5713,Procurement and Purchasing Officers,571331,Procurement Officer,4
5,Clerical and Administrative Workers,57,Supply Chain Support Workers,571,Supply Chain Support Workers,5713,Procurement and Purchasing Officers,571332,Purchasing Officer,4
5,Clerical and Administrative Workers,57,Supply Chain Support Workers,571,Supply Chain Support Workers,5714,Stock Clerks,571431,Stock Clerk,4
5,Clerical and Administrative Workers,57,Supply Chain Support Workers,571,Supply Chain Support Workers,5715,Warehouse Administrators,571531,Warehouse Administrator,4
5,Clerical and Administrative Workers,57,Supply Chain Support Workers,571,Supply Chain Support Workers,5719,Other Supply Chain Support Workers,571931,Freight Forwarder,4
5,Clerical and Administrative Workers,57,Supply Chain Support Workers,571,Supply Chain Support Workers,5719,Other Supply Chain Support Workers,571932,Production Coordinator (Logistics),4
5,Clerical and Administrative Workers,59,Other Clerical and Administrative Workers,591,Inspectors and Regulatory Officers,5911,Inspectors and Regulatory Compliance Officers,591131,Aerodrome Reporting Officer,4
5,Clerical and Administrative Workers,59,Other Clerical and Administrative Workers,591,Inspectors and Regulatory Officers,5911,Inspectors and Regulatory Compliance Officers,591132,Council Ranger,4
5,Clerical and Administrative Workers,59,Other Clerical and Administrative Workers,591,Inspectors and Regulatory Officers,5911,Inspectors and Regulatory Compliance Officers,591133,Electrical Asset Inspector,4
5,Clerical and Administrative Workers,59,Other Clerical and Administrative Workers,591,Inspectors and Regulatory Officers,5911,Inspectors and Regulatory Compliance Officers,591134,"Invasive Pest, Weed and Disease Inspector",4
5,Clerical and Administrative Workers,59,Other Clerical and Administrative Workers,591,Inspectors and Regulatory Officers,5911,Inspectors and Regulatory Compliance Officers,591135,Meter Reader,5
5,Clerical and Administrative Workers,59,Other Clerical and Administrative Workers,591,Inspectors and Regulatory Officers,5911,Inspectors and Regulatory Compliance Officers,591136,Motor Vehicle Licence Examiner,4
5,Clerical and Administrative Workers,59,Other Clerical and Administrative Workers,591,Inspectors and Regulatory Officers,5911,Inspectors and Regulatory Compliance Officers,591137,Parking Officer,5
5,Clerical and Administrative Workers,59,Other Clerical and Administrative Workers,591,Inspectors and Regulatory Officers,5911,Inspectors and Regulatory Compliance Officers,591138,Transport Revenue Officer,5
5,Clerical and Administrative Workers,59,Other Clerical and Administrative Workers,591,Inspectors and Regulatory Officers,5911,Inspectors and Regulatory Compliance Officers,591141,Water Inspector,4
5,Clerical and Administrative Workers,59,Other Clerical and Administrative Workers,591,Inspectors and Regulatory Officers,5912,Regulatory Administration and Assessment Officers,591231,Social Security Assessor,4
5,Clerical and Administrative Workers,59,Other Clerical and Administrative Workers,591,Inspectors and Regulatory Officers,5912,Regulatory Administration and Assessment Officers,591232,Taxation Compliance Officer,4
5,Clerical and Administrative Workers,59,Other Clerical and Administrative Workers,591,Inspectors and Regulatory Officers,5912,Regulatory Administration and Assessment Officers,591233,Visa and Citizenship Processing Officer,4
5,Clerical and Administrative Workers,59,Other Clerical and Administrative Workers,591,Inspectors and Regulatory Officers,5919,Other Inspectors and Regulatory Officers,591999,Inspectors and Regulatory Officers nec,4
5,Clerical and Administrative Workers,59,Other Clerical and Administrative Workers,599,Miscellaneous Clerical and Administrative Workers,5991,Filing and Registry Clerks and Library Assistants,599131,Filing or Registry Clerk,5
5,Clerical and Administrative Workers,59,Other Clerical and Administrative Workers,599,Miscellaneous Clerical and Administrative Workers,5991,Filing and Registry Clerks and Library Assistants,599132,Library Assistant,4
5,Clerical and Administrative Workers,59,Other Clerical and Administrative Workers,599,Miscellaneous Clerical and Administrative Workers,5992,Human Resources Assistants,599231,Human Resources Administration Assistant,4
5,Clerical and Administrative Workers,59,Other Clerical and Administrative Workers,599,Miscellaneous Clerical and Administrative Workers,5992,Human Resources Assistants,599232,Rostering Officer,4
5,Clerical and Administrative Workers,59,Other Clerical and Administrative Workers,599,Miscellaneous Clerical and Administrative Workers,5993,Mail Sorters,599331,Mail Clerk,5
5,Clerical and Administrative Workers,59,Other Clerical and Administrative Workers,599,Miscellaneous Clerical and Administrative Workers,5993,Mail Sorters,599332,Postal Sorting Officer,5
5,Clerical and Administrative Workers,59,Other Clerical and Administrative Workers,599,Miscellaneous Clerical and Administrative Workers,5999,Other Miscellaneous Clerical and Administrative Workers,599931,Clinical Coder,3
5,Clerical and Administrative Workers,59,Other Clerical and Administrative Workers,599,Miscellaneous Clerical and Administrative Workers,5999,Other Miscellaneous Clerical and Administrative Workers,599932,Customs Broker,2
5,Clerical and Administrative Workers,59,Other Clerical and Administrative Workers,599,Miscellaneous Clerical and Administrative Workers,5999,Other Miscellaneous Clerical and Administrative Workers,599933,Facilities Administrator,4
5,Clerical and Administrative Workers,59,Other Clerical and Administrative Workers,599,Miscellaneous Clerical and Administrative Workers,5999,Other Miscellaneous Clerical and Administrative Workers,599934,"Production Assistant (Audio, Screen or Live Performance)",4
5,Clerical and Administrative Workers,59,Other Clerical and Administrative Workers,599,Miscellaneous Clerical and Administrative Workers,5999,Other Miscellaneous Clerical and Administrative Workers,599935,"Production Coordinator (Audio, Screen or Live Performance)",3
5,Clerical and Administrative Workers,59,Other Clerical and Administrative Workers,599,Miscellaneous Clerical and Administrative Workers,5999,Other Miscellaneous Clerical and Administrative Workers,599936,Radio Dispatcher,4
5,Clerical and Administrative Workers,59,Other Clerical and Administrative Workers,599,Miscellaneous Clerical and Administrative Workers,5999,Other Miscellaneous Clerical and Administrative Workers,599937,Strata Manager,2
5,Clerical and Administrative Workers,59,Other Clerical and Administrative Workers,599,Miscellaneous Clerical and Administrative Workers,5999,Other Miscellaneous Clerical and Administrative Workers,599938,Survey Interviewer,5
5,Clerical and Administrative Workers,59,Other Clerical and Administrative Workers,599,Miscellaneous Clerical and Administrative Workers,5999,Other Miscellaneous Clerical and Administrative Workers,599941,Union Organiser,3
5,Clerical and Administrative Workers,59,Other Clerical and Administrative Workers,599,Miscellaneous Clerical and Administrative Workers,5999,Other Miscellaneous Clerical and Administrative Workers,599999,Clerical and Administrative Workers nec,4
6,Sales Workers,61,Sales Support Workers,611,Checkout Operators,6111,Checkout Operators,611131,Checkout Operator,5
6,Sales Workers,61,Sales Support Workers,619,Miscellaneous Sales Support Workers,6191,Product Promotion Workers,619131,Marketing Assistant,4
6,Sales Workers,61,Sales Support Workers,619,Miscellaneous Sales Support Workers,6191,Product Promotion Workers,619132,Model,5
6,Sales Workers,61,Sales Support Workers,619,Miscellaneous Sales Support Workers,6191,Product Promotion Workers,619133,Sales Demonstrator,5
6,Sales Workers,61,Sales Support Workers,619,Miscellaneous Sales Support Workers,6191,Product Promotion Workers,619134,Telemarketer,5
6,Sales Workers,61,Sales Support Workers,619,Miscellaneous Sales Support Workers,6191,Product Promotion Workers,619135,Visual Merchandiser,4
6,Sales Workers,61,Sales Support Workers,619,Miscellaneous Sales Support Workers,6199,Other Sales Support Workers,619931,Entertainment Venue Attendant,5
6,Sales Workers,61,Sales Support Workers,619,Miscellaneous Sales Support Workers,6199,Other Sales Support Workers,619932,Merchandise Planner,2
6,Sales Workers,61,Sales Support Workers,619,Miscellaneous Sales Support Workers,6199,Other Sales Support Workers,619933,Personal Shopper,5
6,Sales Workers,61,Sales Support Workers,619,Miscellaneous Sales Support Workers,6199,Other Sales Support Workers,619934,Reservations Agent,5
6,Sales Workers,61,Sales Support Workers,619,Miscellaneous Sales Support Workers,6199,Other Sales Support Workers,619935,Retail Buyer,3
6,Sales Workers,61,Sales Support Workers,619,Miscellaneous Sales Support Workers,6199,Other Sales Support Workers,619999,Sales Support Workers nec,4
6,Sales Workers,62,Sales Representatives and Agents,621,Insurance Agents and Sales Representatives,6211,Insurance Agents,621131,Insurance Agent,3
6,Sales Workers,62,Sales Representatives and Agents,621,Insurance Agents and Sales Representatives,6212,Sales Representatives,621231,Sales Representative (Building and Plumbing Supplies),4
6,Sales Workers,62,Sales Representatives and Agents,621,Insurance Agents and Sales Representatives,6212,Sales Representatives,621232,Sales Representative (Business Services),4
6,Sales Workers,62,Sales Representatives and Agents,621,Insurance Agents and Sales Representatives,6212,Sales Representatives,621233,Sales Representative (Motor Vehicle Parts and Accessories),4
6,Sales Workers,62,Sales Representatives and Agents,621,Insurance Agents and Sales Representatives,6212,Sales Representatives,621234,Sales Representative (Personal and Household Goods),4
6,Sales Workers,62,Sales Representatives and Agents,621,Insurance Agents and Sales Representatives,6212,Sales Representatives,621299,Sales Representatives nec,4
6,Sales Workers,62,Sales Representatives and Agents,622,"Property Managers, Agents and Representatives",6221,Property Managers,622131,Property Manager,3
6,Sales Workers,62,Sales Representatives and Agents,622,"Property Managers, Agents and Representatives",6222,Property Sales Agents and Related Workers,622231,Auctioneer,3
6,Sales Workers,62,Sales Representatives and Agents,622,"Property Managers, Agents and Representatives",6222,Property Sales Agents and Related Workers,622232,Real Estate Agent,3
6,Sales Workers,62,Sales Representatives and Agents,622,"Property Managers, Agents and Representatives",6222,Property Sales Agents and Related Workers,622233,Real Estate Representative,3
6,Sales Workers,62,Sales Representatives and Agents,622,"Property Managers, Agents and Representatives",6222,Property Sales Agents and Related Workers,622234,Stock and Station Agent,3
6,Sales Workers,63,Sales Assistants and Salespersons,631,Sales Assistants and Salespersons,6311,Sales Assistants (General),631131,Sales Assistant (General),5
6,Sales Workers,63,Sales Assistants and Salespersons,631,Sales Assistants and Salespersons,6312,Community Pharmacy Sales Assistants,631231,Community Pharmacy Sales Assistant,4
6,Sales Workers,63,Sales Assistants and Salespersons,631,Sales Assistants and Salespersons,6313,ICT Sales Assistants,631331,ICT Sales Assistant,5
6,Sales Workers,63,Sales Assistants and Salespersons,631,Sales Assistants and Salespersons,6314,Motor Vehicle and Vehicle Parts Salespersons,631431,Motor Vehicle or Caravan Salesperson,4
6,Sales Workers,63,Sales Assistants and Salespersons,631,Sales Assistants and Salespersons,6314,Motor Vehicle and Vehicle Parts Salespersons,631432,Motor Vehicle Parts Interpreter,4
6,Sales Workers,63,Sales Assistants and Salespersons,631,Sales Assistants and Salespersons,6315,Retail Supervisors,631531,Retail Supervisor,4
6,Sales Workers,63,Sales Assistants and Salespersons,631,Sales Assistants and Salespersons,6316,Service Station Attendants,631631,Service Station Attendant,5
6,Sales Workers,63,Sales Assistants and Salespersons,631,Sales Assistants and Salespersons,6319,Other Sales Assistants and Salespersons,631931,Door-to-door Salesperson,5
6,Sales Workers,63,Sales Assistants and Salespersons,631,Sales Assistants and Salespersons,6319,Other Sales Assistants and Salespersons,631932,Materials Recycler,5
6,Sales Workers,63,Sales Assistants and Salespersons,631,Sales Assistants and Salespersons,6319,Other Sales Assistants and Salespersons,631933,Rental Salesperson,5
6,Sales Workers,63,Sales Assistants and Salespersons,631,Sales Assistants and Salespersons,6319,Other Sales Assistants and Salespersons,631934,Street Vendor,5
6,Sales Workers,63,Sales Assistants and Salespersons,631,Sales Assistants and Salespersons,6319,Other Sales Assistants and Salespersons,631999,Sales Assistants and Salespersons nec,5
7,Machinery Operators and Drivers,71,Road and Rail Drivers,711,"Automobile, Bus and Rail Drivers",7111,Automobile Drivers,711131,Chauffeur,4
7,Machinery Operators and Drivers,71,Road and Rail Drivers,711,"Automobile, Bus and Rail Drivers",7111,Automobile Drivers,711132,Oversize Load Pilot Escort,4
7,Machinery Operators and Drivers,71,Road and Rail Drivers,711,"Automobile, Bus and Rail Drivers",7111,Automobile Drivers,711133,Rideshare Driver,4
7,Machinery Operators and Drivers,71,Road and Rail Drivers,711,"Automobile, Bus and Rail Drivers",7111,Automobile Drivers,711134,Taxi Driver,4
7,Machinery Operators and Drivers,71,Road and Rail Drivers,711,"Automobile, Bus and Rail Drivers",7111,Automobile Drivers,711199,Automobile Drivers nec,4
7,Machinery Operators and Drivers,71,Road and Rail Drivers,711,"Automobile, Bus and Rail Drivers",7112,Bus and Coach Drivers,711231,Bus Driver,4
7,Machinery Operators and Drivers,71,Road and Rail Drivers,711,"Automobile, Bus and Rail Drivers",7112,Bus and Coach Drivers,711232,Charter and Tour Bus Driver,4
7,Machinery Operators and Drivers,71,Road and Rail Drivers,711,"Automobile, Bus and Rail Drivers",7112,Bus and Coach Drivers,711233,Passenger Coach Driver,4
7,Machinery Operators and Drivers,71,Road and Rail Drivers,711,"Automobile, Bus and Rail Drivers",7113,Train and Tram Drivers,711331,Freight Train Driver,3
7,Machinery Operators and Drivers,71,Road and Rail Drivers,711,"Automobile, Bus and Rail Drivers",7113,Train and Tram Drivers,711332,Passenger Train Driver,3
7,Machinery Operators and Drivers,71,Road and Rail Drivers,711,"Automobile, Bus and Rail Drivers",7113,Train and Tram Drivers,711333,Tram Driver,4
7,Machinery Operators and Drivers,71,Road and Rail Drivers,712,Delivery Drivers,7121,Furniture Removalists,712131,Furniture Removalist,4
7,Machinery Operators and Drivers,71,Road and Rail Drivers,712,Delivery Drivers,7122,Postal and Delivery Workers,712231,Delivery Person,4
7,Machinery Operators and Drivers,71,Road and Rail Drivers,712,Delivery Drivers,7122,Postal and Delivery Workers,712232,Postal Delivery Officer,4
7,Machinery Operators and Drivers,71,Road and Rail Drivers,713,Truck Drivers,7131,General Truck Drivers,713131,Truck Driver (General),4
7,Machinery Operators and Drivers,71,Road and Rail Drivers,713,Truck Drivers,7131,General Truck Drivers,713132,Tow Truck Driver,4
7,Machinery Operators and Drivers,71,Road and Rail Drivers,713,Truck Drivers,7132,Articulated and Tanker Truck Drivers,713231,Articulated Truck Driver,3
7,Machinery Operators and Drivers,71,Road and Rail Drivers,713,Truck Drivers,7132,Articulated and Tanker Truck Drivers,713232,Tanker Truck Driver,3
7,Machinery Operators and Drivers,72,Storepersons and Warehouse Supervisors,721,Storepersons and Warehouse Supervisors,7211,Storepersons and Warehouse Supervisors,721131,Storeperson,4
7,Machinery Operators and Drivers,72,Storepersons and Warehouse Supervisors,721,Storepersons and Warehouse Supervisors,7211,Storepersons and Warehouse Supervisors,721132,Warehouse Supervisor,3
7,Machinery Operators and Drivers,73,Machine and Stationary Plant Operators,731,Machine Operators,7311,Industrial Spray Painters and Sandblasters,731131,Industrial Spray Painter,4
7,Machinery Operators and Drivers,73,Machine and Stationary Plant Operators,731,Machine Operators,7311,Industrial Spray Painters and Sandblasters,731132,Sandblaster,4
7,Machinery Operators and Drivers,73,Machine and Stationary Plant Operators,731,Machine Operators,7312,Paper and Wood Processing Machine Operators,731231,Paper and Pulp Production Operator,4
7,Machinery Operators and Drivers,73,Machine and Stationary Plant Operators,731,Machine Operators,7312,Paper and Wood Processing Machine Operators,731232,Timber and Wood Production Operator,4
7,Machinery Operators and Drivers,73,Machine and Stationary Plant Operators,731,Machine Operators,7313,Plastics and Rubber Production Machine Operators,731331,Plastics Fabricator or Welder,4
7,Machinery Operators and Drivers,73,Machine and Stationary Plant Operators,731,Machine Operators,7313,Plastics and Rubber Production Machine Operators,731332,Plastics Production Machine Operator,4
7,Machinery Operators and Drivers,73,Machine and Stationary Plant Operators,731,Machine Operators,7313,Plastics and Rubber Production Machine Operators,731333,Reinforced Plastic and Composite Production Worker,4
7,Machinery Operators and Drivers,73,Machine and Stationary Plant Operators,731,Machine Operators,7313,Plastics and Rubber Production Machine Operators,731334,Rubber Production Machine Operator,4
7,Machinery Operators and Drivers,73,Machine and Stationary Plant Operators,731,Machine Operators,7313,Plastics and Rubber Production Machine Operators,731399,Plastics and Rubber Production Machine Operators nec,4
7,Machinery Operators and Drivers,73,Machine and Stationary Plant Operators,731,Machine Operators,7314,"Sewing, Textile and Footwear Machine Operators",731431,Sewing Machinist,4
7,Machinery Operators and Drivers,73,Machine and Stationary Plant Operators,731,Machine Operators,7314,"Sewing, Textile and Footwear Machine Operators",731432,Textile or Footwear Production Machine Operator,4
7,Machinery Operators and Drivers,73,Machine and Stationary Plant Operators,731,Machine Operators,7319,Other Machine Operators,731931,Chemical Production Machine Operator,4
7,Machinery Operators and Drivers,73,Machine and Stationary Plant Operators,731,Machine Operators,7319,Other Machine Operators,731932,Clay Products Machine Operator,4
7,Machinery Operators and Drivers,73,Machine and Stationary Plant Operators,731,Machine Operators,7319,Other Machine Operators,731933,Concrete Products Machine Operator,4
7,Machinery Operators and Drivers,73,Machine and Stationary Plant Operators,731,Machine Operators,7319,Other Machine Operators,731934,Crushing Machine Operator,4
7,Machinery Operators and Drivers,73,Machine and Stationary Plant Operators,731,Machine Operators,7319,Other Machine Operators,731935,Glass Production Machine Operator,4
7,Machinery Operators and Drivers,73,Machine and Stationary Plant Operators,731,Machine Operators,7319,Other Machine Operators,731936,Photographic Print Processor,4
7,Machinery Operators and Drivers,73,Machine and Stationary Plant Operators,731,Machine Operators,7319,Other Machine Operators,731937,Sterilisation Technician,4
7,Machinery Operators and Drivers,73,Machine and Stationary Plant Operators,731,Machine Operators,7319,Other Machine Operators,731938,Stone Processing Machine Operator,4
7,Machinery Operators and Drivers,73,Machine and Stationary Plant Operators,731,Machine Operators,7319,Other Machine Operators,731999,Machine Operators nec,4
7,Machinery Operators and Drivers,73,Machine and Stationary Plant Operators,732,Stationary Plant Operators,7321,"Crane, Hoist and Lift Operators",732131,"Crane, Hoist or Lift Operator",4
7,Machinery Operators and Drivers,73,Machine and Stationary Plant Operators,732,Stationary Plant Operators,7322,Engineering Production Workers,732231,Engineering Production Worker,4
7,Machinery Operators and Drivers,73,Machine and Stationary Plant Operators,732,Stationary Plant Operators,7323,Miners and Shot Firers,732331,Miner,4
7,Machinery Operators and Drivers,73,Machine and Stationary Plant Operators,732,Stationary Plant Operators,7323,Miners and Shot Firers,732332,Shot Firer,4
7,Machinery Operators and Drivers,73,Machine and Stationary Plant Operators,732,Stationary Plant Operators,7324,Wastewater and Water Plant Operators,732431,Wastewater or Water Plant Operator,4
7,Machinery Operators and Drivers,73,Machine and Stationary Plant Operators,732,Stationary Plant Operators,7329,Other Stationary Plant Operators,732931,Boiler or Engine Operator,4
7,Machinery Operators and Drivers,73,Machine and Stationary Plant Operators,732,Stationary Plant Operators,7329,Other Stationary Plant Operators,732932,Bulk Materials Handling Plant Operator,4
7,Machinery Operators and Drivers,73,Machine and Stationary Plant Operators,732,Stationary Plant Operators,7329,Other Stationary Plant Operators,732933,Concrete Batching Plant Operator,4
7,Machinery Operators and Drivers,73,Machine and Stationary Plant Operators,732,Stationary Plant Operators,7329,Other Stationary Plant Operators,732934,Concrete Pump Operator,4
7,Machinery Operators and Drivers,73,Machine and Stationary Plant Operators,732,Stationary Plant Operators,7329,Other Stationary Plant Operators,732935,Railway Signal Operator,4
7,Machinery Operators and Drivers,73,Machine and Stationary Plant Operators,732,Stationary Plant Operators,7329,Other Stationary Plant Operators,732936,Weighbridge Operator,4
7,Machinery Operators and Drivers,73,Machine and Stationary Plant Operators,732,Stationary Plant Operators,7329,Other Stationary Plant Operators,732999,Stationary Plant Operators nec,4
7,Machinery Operators and Drivers,74,Mobile Plant Operators,741,Mobile Plant Operators,7411,"Agricultural, Horticultural and Logging Plant Operators",741131,Agricultural and Horticultural Mobile Plant Operator,4
7,Machinery Operators and Drivers,74,Mobile Plant Operators,741,Mobile Plant Operators,7411,"Agricultural, Horticultural and Logging Plant Operators",741132,Logging Plant Operator,4
7,Machinery Operators and Drivers,74,Mobile Plant Operators,741,Mobile Plant Operators,7412,Earthmoving Plant Operators,741231,Earthmoving Plant Operator (General),4
7,Machinery Operators and Drivers,74,Mobile Plant Operators,741,Mobile Plant Operators,7412,Earthmoving Plant Operators,741232,Backhoe Operator,4
7,Machinery Operators and Drivers,74,Mobile Plant Operators,741,Mobile Plant Operators,7412,Earthmoving Plant Operators,741233,Bulldozer Operator,4
7,Machinery Operators and Drivers,74,Mobile Plant Operators,741,Mobile Plant Operators,7412,Earthmoving Plant Operators,741234,Excavator Operator,4
7,Machinery Operators and Drivers,74,Mobile Plant Operators,741,Mobile Plant Operators,7412,Earthmoving Plant Operators,741235,Grader Operator,4
7,Machinery Operators and Drivers,74,Mobile Plant Operators,741,Mobile Plant Operators,7412,Earthmoving Plant Operators,741236,Loader Operator,4
7,Machinery Operators and Drivers,74,Mobile Plant Operators,741,Mobile Plant Operators,7412,Earthmoving Plant Operators,741237,Tunnel Constructor,4
7,Machinery Operators and Drivers,74,Mobile Plant Operators,741,Mobile Plant Operators,7413,Forklift Drivers,741331,Forklift Driver,4
7,Machinery Operators and Drivers,74,Mobile Plant Operators,741,Mobile Plant Operators,7419,Other Mobile Plant Operators,741931,Aircraft Baggage Handler and Ground Crew,4
7,Machinery Operators and Drivers,74,Mobile Plant Operators,741,Mobile Plant Operators,7419,Other Mobile Plant Operators,741932,Aircraft Refueller,4
7,Machinery Operators and Drivers,74,Mobile Plant Operators,741,Mobile Plant Operators,7419,Other Mobile Plant Operators,741933,Linemarker,4
7,Machinery Operators and Drivers,74,Mobile Plant Operators,741,Mobile Plant Operators,7419,Other Mobile Plant Operators,741934,Railway Shunter,4
7,Machinery Operators and Drivers,74,Mobile Plant Operators,741,Mobile Plant Operators,7419,Other Mobile Plant Operators,741935,Railway Track Plant Operator,4
7,Machinery Operators and Drivers,74,Mobile Plant Operators,741,Mobile Plant Operators,7419,Other Mobile Plant Operators,741936,Road Roller Operator,4
7,Machinery Operators and Drivers,74,Mobile Plant Operators,741,Mobile Plant Operators,7419,Other Mobile Plant Operators,741937,Stevedore,4
7,Machinery Operators and Drivers,74,Mobile Plant Operators,741,Mobile Plant Operators,7419,Other Mobile Plant Operators,741938,Streetsweeper Operator,4
7,Machinery Operators and Drivers,74,Mobile Plant Operators,741,Mobile Plant Operators,7419,Other Mobile Plant Operators,741999,Mobile Plant Operators nec,4
8,Labourers,81,Cleaners and Laundry Workers,811,Cleaners and Laundry Workers,8111,Commercial Cleaners,811131,Commercial Cleaner,5
8,Labourers,81,Cleaners and Laundry Workers,811,Cleaners and Laundry Workers,8112,Domestic Cleaners,811231,Domestic Cleaner,5
8,Labourers,81,Cleaners and Laundry Workers,811,Cleaners and Laundry Workers,8113,Drycleaners and Laundry Workers,811331,Drycleaner,5
8,Labourers,81,Cleaners and Laundry Workers,811,Cleaners and Laundry Workers,8113,Drycleaners and Laundry Workers,811332,Laundry Worker,5
8,Labourers,81,Cleaners and Laundry Workers,811,Cleaners and Laundry Workers,8114,Housekeepers,811431,Commercial Housekeeper,5
8,Labourers,81,Cleaners and Laundry Workers,811,Cleaners and Laundry Workers,8114,Housekeepers,811432,Domestic Housekeeper,5
8,Labourers,81,Cleaners and Laundry Workers,811,Cleaners and Laundry Workers,8115,Vehicle Detailers,811531,Vehicle Detailer,5
8,Labourers,81,Cleaners and Laundry Workers,811,Cleaners and Laundry Workers,8119,Other Cleaners and Laundry Workers,811931,Carpet Cleaner,4
8,Labourers,81,Cleaners and Laundry Workers,811,Cleaners and Laundry Workers,8119,Other Cleaners and Laundry Workers,811932,Roof Gutter Cleaner,5
8,Labourers,81,Cleaners and Laundry Workers,811,Cleaners and Laundry Workers,8119,Other Cleaners and Laundry Workers,811933,Window Cleaner,5
8,Labourers,81,Cleaners and Laundry Workers,811,Cleaners and Laundry Workers,8119,Other Cleaners and Laundry Workers,811999,Cleaners and Laundry Workers nec,5
8,Labourers,82,Construction and Mining Labourers,821,Construction and Mining Labourers,8211,Construction and Demolition Labourers,821131,Asbestos Removalist,4
8,Labourers,82,Construction and Mining Labourers,821,Construction and Mining Labourers,8211,Construction and Demolition Labourers,821132,Builder's Labourer,5
8,Labourers,82,Construction and Mining Labourers,821,Construction and Mining Labourers,8211,Construction and Demolition Labourers,821133,Concreter's Labourer,5
8,Labourers,82,Construction and Mining Labourers,821,Construction and Mining Labourers,8211,Construction and Demolition Labourers,821134,Demolition Labourer,4
8,Labourers,82,Construction and Mining Labourers,821,Construction and Mining Labourers,8211,Construction and Demolition Labourers,821135,Earthmoving Labourer,5
8,Labourers,82,Construction and Mining Labourers,821,Construction and Mining Labourers,8212,Construction Riggers and Doggers,821231,Construction Rigger,4
8,Labourers,82,Construction and Mining Labourers,821,Construction and Mining Labourers,8212,Construction Riggers and Doggers,821232,Dogger,4
8,Labourers,82,Construction and Mining Labourers,821,Construction and Mining Labourers,8213,Fencers,821331,Fencer,4
8,Labourers,82,Construction and Mining Labourers,821,Construction and Mining Labourers,8214,Home Improvement and Insulation Installers,821431,Building Insulation Installer,4
8,Labourers,82,Construction and Mining Labourers,821,Construction and Mining Labourers,8214,Home Improvement and Insulation Installers,821432,Garage Door Installer,4
8,Labourers,82,Construction and Mining Labourers,821,Construction and Mining Labourers,8214,Home Improvement and Insulation Installers,821433,Shed Builder,4
8,Labourers,82,Construction and Mining Labourers,821,Construction and Mining Labourers,8214,Home Improvement and Insulation Installers,821434,Window Furnishing Installer,4
8,Labourers,82,Construction and Mining Labourers,821,Construction and Mining Labourers,8214,Home Improvement and Insulation Installers,821499,Home Improvement and Insulation Installers nec,4
8,Labourers,82,Construction and Mining Labourers,821,Construction and Mining Labourers,8215,Paving and Surfacing Labourers,821531,Paving and Surfacing Labourer,5
8,Labourers,82,Construction and Mining Labourers,821,Construction and Mining Labourers,8216,Plumbing and Drainage Labourers,821631,"Drainage, Sewerage and Stormwater Labourer",5
8,Labourers,82,Construction and Mining Labourers,821,Construction and Mining Labourers,8216,Plumbing and Drainage Labourers,821632,Pipe Layer,4
8,Labourers,82,Construction and Mining Labourers,821,Construction and Mining Labourers,8216,Plumbing and Drainage Labourers,821633,Plumber's Assistant,5
8,Labourers,82,Construction and Mining Labourers,821,Construction and Mining Labourers,8217,Structural Steel Construction Workers,821731,Scaffolder,4
8,Labourers,82,Construction and Mining Labourers,821,Construction and Mining Labourers,8217,Structural Steel Construction Workers,821732,Steel Fixer,4
8,Labourers,82,Construction and Mining Labourers,821,Construction and Mining Labourers,8217,Structural Steel Construction Workers,821733,Structural Steel Erector,4
8,Labourers,82,Construction and Mining Labourers,821,Construction and Mining Labourers,8219,Other Construction and Mining Labourers,821931,Driller's Offsider,4
8,Labourers,82,Construction and Mining Labourers,821,Construction and Mining Labourers,8219,Other Construction and Mining Labourers,821932,Lagger,5
8,Labourers,82,Construction and Mining Labourers,821,Construction and Mining Labourers,8219,Other Construction and Mining Labourers,821933,Mining Support Worker,5
8,Labourers,82,Construction and Mining Labourers,821,Construction and Mining Labourers,8219,Other Construction and Mining Labourers,821934,Rail Protection Officer,4
8,Labourers,82,Construction and Mining Labourers,821,Construction and Mining Labourers,8219,Other Construction and Mining Labourers,821935,Railway Track Worker,4
8,Labourers,82,Construction and Mining Labourers,821,Construction and Mining Labourers,8219,Other Construction and Mining Labourers,821936,Surveyor's Assistant,4
8,Labourers,83,Factory Process Workers,831,Food Process Workers,8311,Food and Drink Factory Workers,831131,Baking Factory Worker,5
8,Labourers,83,Factory Process Workers,831,Food Process Workers,8311,Food and Drink Factory Workers,831132,Brewery Worker,5
8,Labourers,83,Factory Process Workers,831,Food Process Workers,8311,Food and Drink Factory Workers,831133,Coffee Roaster,5
8,Labourers,83,Factory Process Workers,831,Food Process Workers,8311,Food and Drink Factory Workers,831134,Confectionery Maker,5
8,Labourers,83,Factory Process Workers,831,Food Process Workers,8311,Food and Drink Factory Workers,831135,Dairy Products Factory Worker,5
8,Labourers,83,Factory Process Workers,831,Food Process Workers,8311,Food and Drink Factory Workers,831136,Fruit and Vegetable Factory Worker,5
8,Labourers,83,Factory Process Workers,831,Food Process Workers,8311,Food and Drink Factory Workers,831137,Grain Mill Worker,5
8,Labourers,83,Factory Process Workers,831,Food Process Workers,8311,Food and Drink Factory Workers,831138,Sugar Mill Worker,5
8,Labourers,83,Factory Process Workers,831,Food Process Workers,8311,Food and Drink Factory Workers,831141,Winery Cellar Hand,5
8,Labourers,83,Factory Process Workers,831,Food Process Workers,8311,Food and Drink Factory Workers,831199,Food and Drink Factory Workers nec,5
8,Labourers,83,Factory Process Workers,831,Food Process Workers,8312,"Meat Boners and Slicers, and Slaughterers",831231,Meat Boner and Slicer,4
8,Labourers,83,Factory Process Workers,831,Food Process Workers,8312,"Meat Boners and Slicers, and Slaughterers",831232,Slaughterer,4
8,Labourers,83,Factory Process Workers,831,Food Process Workers,8313,"Meat, Poultry and Seafood Process Workers",831331,Meat Process Worker,5
8,Labourers,83,Factory Process Workers,831,Food Process Workers,8313,"Meat, Poultry and Seafood Process Workers",831332,Poultry Process Worker,5
8,Labourers,83,Factory Process Workers,831,Food Process Workers,8313,"Meat, Poultry and Seafood Process Workers",831333,Seafood Process Worker,5
8,Labourers,83,Factory Process Workers,832,Packers and Product Assemblers,8321,Packers,832131,Packer (General),5
8,Labourers,83,Factory Process Workers,832,Packers and Product Assemblers,8321,Packers,832132,Chocolate Packer,5
8,Labourers,83,Factory Process Workers,832,Packers and Product Assemblers,8321,Packers,832133,Fruit and Vegetable Packer,5
8,Labourers,83,Factory Process Workers,832,Packers and Product Assemblers,8321,Packers,832134,Meat Packer,5
8,Labourers,83,Factory Process Workers,832,Packers and Product Assemblers,8321,Packers,832135,Seafood Packer,5
8,Labourers,83,Factory Process Workers,832,Packers and Product Assemblers,8322,Product Assemblers,832231,Product Assembler,5
8,Labourers,83,Factory Process Workers,839,Miscellaneous Factory Process Workers,8391,Materials and Chemical Process Workers,839131,Cement and Concrete Plant Worker,5
8,Labourers,83,Factory Process Workers,839,Miscellaneous Factory Process Workers,8391,Materials and Chemical Process Workers,839132,Chemical Plant Worker,5
8,Labourers,83,Factory Process Workers,839,Miscellaneous Factory Process Workers,8391,Materials and Chemical Process Workers,839133,Fabric and Textile Factory Worker,5
8,Labourers,83,Factory Process Workers,839,Miscellaneous Factory Process Workers,8391,Materials and Chemical Process Workers,839134,Glass Processing Worker,5
8,Labourers,83,Factory Process Workers,839,Miscellaneous Factory Process Workers,8391,Materials and Chemical Process Workers,839135,Metal Engineering Process Worker,5
8,Labourers,83,Factory Process Workers,839,Miscellaneous Factory Process Workers,8391,Materials and Chemical Process Workers,839136,Paper and Pulp Process Worker,5
8,Labourers,83,Factory Process Workers,839,Miscellaneous Factory Process Workers,8391,Materials and Chemical Process Workers,839137,Plastics Factory Worker,5
8,Labourers,83,Factory Process Workers,839,Miscellaneous Factory Process Workers,8391,Materials and Chemical Process Workers,839138,Recycling Worker,5
8,Labourers,83,Factory Process Workers,839,Miscellaneous Factory Process Workers,8391,Materials and Chemical Process Workers,839141,Timber and Wood Process Worker,5
8,Labourers,83,Factory Process Workers,839,Miscellaneous Factory Process Workers,8391,Materials and Chemical Process Workers,839199,Materials and Chemical Process Workers nec,5
8,Labourers,83,Factory Process Workers,839,Miscellaneous Factory Process Workers,8392,Product Quality Controllers,839231,Product Examiner,4
8,Labourers,83,Factory Process Workers,839,Miscellaneous Factory Process Workers,8392,Product Quality Controllers,839232,Product Grader,4
8,Labourers,83,Factory Process Workers,839,Miscellaneous Factory Process Workers,8392,Product Quality Controllers,839233,Product Tester,4
8,Labourers,84,"Farm, Garden and Forestry Workers",841,Farm Workers,8411,Crop Farm Workers,841131,Cotton Farm Worker,4
8,Labourers,84,"Farm, Garden and Forestry Workers",841,Farm Workers,8411,Crop Farm Workers,841132,Fruit Farm Worker,5
8,Labourers,84,"Farm, Garden and Forestry Workers",841,Farm Workers,8411,Crop Farm Workers,841133,Fruit Picker,5
8,Labourers,84,"Farm, Garden and Forestry Workers",841,Farm Workers,8411,Crop Farm Workers,841134,"Grain, Oilseed, Pulse and Pasture Farm Worker",4
8,Labourers,84,"Farm, Garden and Forestry Workers",841,Farm Workers,8411,Crop Farm Workers,841135,Mushroom Picker,5
8,Labourers,84,"Farm, Garden and Forestry Workers",841,Farm Workers,8411,Crop Farm Workers,841136,Nut Farm Worker,5
8,Labourers,84,"Farm, Garden and Forestry Workers",841,Farm Workers,8411,Crop Farm Workers,841137,Sugar Cane Farm Worker,4
8,Labourers,84,"Farm, Garden and Forestry Workers",841,Farm Workers,8411,Crop Farm Workers,841138,Vegetable Farm Worker,5
8,Labourers,84,"Farm, Garden and Forestry Workers",841,Farm Workers,8411,Crop Farm Workers,841141,Vegetable Picker,5
8,Labourers,84,"Farm, Garden and Forestry Workers",841,Farm Workers,8411,Crop Farm Workers,841142,Vineyard Worker,4
8,Labourers,84,"Farm, Garden and Forestry Workers",841,Farm Workers,8411,Crop Farm Workers,841199,Crop Farm Workers nec,5
8,Labourers,84,"Farm, Garden and Forestry Workers",841,Farm Workers,8412,Livestock Farm Workers,841231,Beef Cattle Farm Worker,4
8,Labourers,84,"Farm, Garden and Forestry Workers",841,Farm Workers,8412,Livestock Farm Workers,841232,Cattle and Sheep Farm Worker,4
8,Labourers,84,"Farm, Garden and Forestry Workers",841,Farm Workers,8412,Livestock Farm Workers,841233,Dairy Cattle Farm Worker,4
8,Labourers,84,"Farm, Garden and Forestry Workers",841,Farm Workers,8412,Livestock Farm Workers,841234,Livestock Husbandry Worker,4
8,Labourers,84,"Farm, Garden and Forestry Workers",841,Farm Workers,8412,Livestock Farm Workers,841235,Piggery Farm Worker,4
8,Labourers,84,"Farm, Garden and Forestry Workers",841,Farm Workers,8412,Livestock Farm Workers,841236,Poultry Farm Worker,4
8,Labourers,84,"Farm, Garden and Forestry Workers",841,Farm Workers,8412,Livestock Farm Workers,841237,Sheep Farm Worker,4
8,Labourers,84,"Farm, Garden and Forestry Workers",841,Farm Workers,8412,Livestock Farm Workers,841238,Stablehand,4
8,Labourers,84,"Farm, Garden and Forestry Workers",841,Farm Workers,8412,Livestock Farm Workers,841241,Wool Handler,5
8,Labourers,84,"Farm, Garden and Forestry Workers",841,Farm Workers,8412,Livestock Farm Workers,841299,Livestock Farm Workers nec,5
8,Labourers,84,"Farm, Garden and Forestry Workers",841,Farm Workers,8413,Mixed Production and Aquaculture Farm Workers,841331,Aquaculture Worker,5
8,Labourers,84,"Farm, Garden and Forestry Workers",841,Farm Workers,8413,Mixed Production and Aquaculture Farm Workers,841332,Broadacre Crop and Livestock Farm Worker,5
8,Labourers,84,"Farm, Garden and Forestry Workers",841,Farm Workers,8413,Mixed Production and Aquaculture Farm Workers,841399,Mixed Production and Aquaculture Farm Workers nec,5
8,Labourers,84,"Farm, Garden and Forestry Workers",842,Garden and Forestry Workers,8421,Garden Labourers,842131,Garden Labourer,5
8,Labourers,84,"Farm, Garden and Forestry Workers",842,Garden and Forestry Workers,8422,Horticultural Nursery Assistants,842231,Horticultural Nursery Assistant,5
8,Labourers,84,"Farm, Garden and Forestry Workers",842,Garden and Forestry Workers,8429,Other Garden and Forestry Workers,842931,Bush Regenerator,4
8,Labourers,84,"Farm, Garden and Forestry Workers",842,Garden and Forestry Workers,8429,Other Garden and Forestry Workers,842932,Forestry Worker,4
8,Labourers,84,"Farm, Garden and Forestry Workers",842,Garden and Forestry Workers,8429,Other Garden and Forestry Workers,842933,Irrigation Assistant,5
8,Labourers,84,"Farm, Garden and Forestry Workers",842,Garden and Forestry Workers,8429,Other Garden and Forestry Workers,842999,Garden and Forestry Workers nec,5
8,Labourers,85,Fast Food Cooks and Food Preparation Assistants,851,Fast Food Cooks and Food Preparation Assistants,8511,Fast Food Cooks,851131,Fast Food Cook,5
8,Labourers,85,Fast Food Cooks and Food Preparation Assistants,851,Fast Food Cooks and Food Preparation Assistants,8512,Food Preparation Assistants,851231,Kitchenhand (General),5
8,Labourers,85,Fast Food Cooks and Food Preparation Assistants,851,Fast Food Cooks and Food Preparation Assistants,8512,Food Preparation Assistants,851232,Dishwasher,5
8,Labourers,85,Fast Food Cooks and Food Preparation Assistants,851,Fast Food Cooks and Food Preparation Assistants,8512,Food Preparation Assistants,851233,Pastrycook's Assistant,5
8,Labourers,85,Fast Food Cooks and Food Preparation Assistants,851,Fast Food Cooks and Food Preparation Assistants,8512,Food Preparation Assistants,851299,Food Preparation Assistants nec,5
8,Labourers,89,Other Labourers,891,Freight Handlers and Shelf Fillers,8911,Freight and Furniture Handlers,891131,Freight Handler (Rail or Road),5
8,Labourers,89,Other Labourers,891,Freight Handlers and Shelf Fillers,8911,Freight and Furniture Handlers,891132,Truck Driver's Offsider,5
8,Labourers,89,Other Labourers,891,Freight Handlers and Shelf Fillers,8912,Shelf Fillers,891231,Shelf Filler,5
8,Labourers,89,Other Labourers,899,Miscellaneous Labourers,8991,Caretakers,899131,Caretaker,5
8,Labourers,89,Other Labourers,899,Miscellaneous Labourers,8992,Deck and Fishing Hands,899231,Deck Hand,4
8,Labourers,89,Other Labourers,899,Miscellaneous Labourers,8992,Deck and Fishing Hands,899232,Fishing Hand,4
8,Labourers,89,Other Labourers,899,Miscellaneous Labourers,8993,Handypersons,899331,Handyperson,5
8,Labourers,89,Other Labourers,899,Miscellaneous Labourers,8994,Motor Vehicle Parts and Accessories Fitters,899431,Motor Vehicle Parts and Accessories Fitter (General),4
8,Labourers,89,Other Labourers,899,Miscellaneous Labourers,8994,Motor Vehicle Parts and Accessories Fitters,899432,Autoglazier,4
8,Labourers,89,Other Labourers,899,Miscellaneous Labourers,8994,Motor Vehicle Parts and Accessories Fitters,899433,Mechanic's Assistant,5
8,Labourers,89,Other Labourers,899,Miscellaneous Labourers,8994,Motor Vehicle Parts and Accessories Fitters,899434,Tyre Fitter,4
8,Labourers,89,Other Labourers,899,Miscellaneous Labourers,8995,"Rail Guards, Conductors and Railways Assistants",899531,Rail Guard or Conductor,5
8,Labourers,89,Other Labourers,899,Miscellaneous Labourers,8995,"Rail Guards, Conductors and Railways Assistants",899532,Railways Assistant,5
8,Labourers,89,Other Labourers,899,Miscellaneous Labourers,8996,Road Traffic Controllers,899631,Road Traffic Controller,5
8,Labourers,89,Other Labourers,899,Miscellaneous Labourers,8999,Other Miscellaneous Labourers,899931,Car Park Attendant,5
8,Labourers,89,Other Labourers,899,Miscellaneous Labourers,8999,Other Miscellaneous Labourers,899932,Crossing Supervisor,5
8,Labourers,89,Other Labourers,899,Miscellaneous Labourers,8999,Other Miscellaneous Labourers,899933,Electrical or Telecommunications Trades Assistant,5
8,Labourers,89,Other Labourers,899,Miscellaneous Labourers,8999,Other Miscellaneous Labourers,899934,Leaflet or Newspaper Deliverer,5
8,Labourers,89,Other Labourers,899,Miscellaneous Labourers,8999,Other Miscellaneous Labourers,899935,Recycling or Waste Collector,5
8,Labourers,89,Other Labourers,899,Miscellaneous Labourers,8999,Other Miscellaneous Labourers,899936,Sign Installer,5
8,Labourers,89,Other Labourers,899,Miscellaneous Labourers,8999,Other Miscellaneous Labourers,899937,Swimming Pool or Spa Technician,4
8,Labourers,89,Other Labourers,899,Miscellaneous Labourers,8999,Other Miscellaneous Labourers,899938,Trolley Collector,5
8,Labourers,89,Other Labourers,899,Miscellaneous Labourers,8999,Other Miscellaneous Labourers,899941,Vending Machine Attendant,5
8,Labourers,89,Other Labourers,899,Miscellaneous Labourers,8999,Other Miscellaneous Labourers,899999,Labourers nec,5
