anzsco_code,occupation,education_level,share_pct
1111,Chief Executives and Managing Directors,post_graduate_graduate_diploma_or_graduate_certificate,25.3
1111,Chief Executives and Managing Directors,bachelor_degree,31.5
1111,Chief Executives and Managing Directors,advanced_diploma_diploma,11.8
1111,Chief Executives and Managing Directors,certificate_iii_iv,11.8
1111,Chief Executives and Managing Directors,year_12,10.2
1111,Chief Executives and Managing Directors,year_11,1.9
1111,Chief Executives and Managing Directors,year_10_and_below,4.2
1112,General Managers,post_graduate_graduate_diploma_or_graduate_certificate,23.6
1112,General Managers,bachelor_degree,30
1112,General Managers,advanced_diploma_diploma,15.2
1112,General Managers,certificate_iii_iv,11.6
1112,General Managers,year_12,11
1112,General Managers,year_11,2
1112,General Managers,year_10_and_below,3.6
1113,Legislators,post_graduate_graduate_diploma_or_graduate_certificate,24.2
1113,Legislators,bachelor_degree,32.5
1113,Legislators,advanced_diploma_diploma,10.9
1113,Legislators,certificate_iii_iv,9.5
1113,Legislators,year_12,9.4
1113,Legislators,year_11,2.5
1113,Legislators,year_10_and_below,5.9
1211,Aquaculture Farmers,post_graduate_graduate_diploma_or_graduate_certificate,5
1211,Aquaculture Farmers,bachelor_degree,15.6
1211,Aquaculture Farmers,advanced_diploma_diploma,8.5
1211,Aquaculture Farmers,certificate_iii_iv,20.7
1211,Aquaculture Farmers,year_12,14.9
1211,Aquaculture Farmers,year_11,5.8
1211,Aquaculture Farmers,year_10_and_below,21.7
1212,Crop Farmers,post_graduate_graduate_diploma_or_graduate_certificate,3.3
1212,Crop Farmers,bachelor_degree,11.3
1212,Crop Farmers,advanced_diploma_diploma,9.2
1212,Crop Farmers,certificate_iii_iv,18.2
1212,Crop Farmers,year_12,18.1
1212,Crop Farmers,year_11,6.9
1212,Crop Farmers,year_10_and_below,26.1
1213,Livestock Farmers,post_graduate_graduate_diploma_or_graduate_certificate,3.2
1213,Livestock Farmers,bachelor_degree,11.4
1213,Livestock Farmers,advanced_diploma_diploma,10.5
1213,Livestock Farmers,certificate_iii_iv,19.6
1213,Livestock Farmers,year_12,14.3
1213,Livestock Farmers,year_11,6.9
1213,Livestock Farmers,year_10_and_below,27.7
1214,Mixed Crop and Livestock Farmers,post_graduate_graduate_diploma_or_graduate_certificate,2
1214,Mixed Crop and Livestock Farmers,bachelor_degree,11
1214,Mixed Crop and Livestock Farmers,advanced_diploma_diploma,10.2
1214,Mixed Crop and Livestock Farmers,certificate_iii_iv,20.1
1214,Mixed Crop and Livestock Farmers,year_12,18.7
1214,Mixed Crop and Livestock Farmers,year_11,8.4
1214,Mixed Crop and Livestock Farmers,year_10_and_below,23.6
1311,"Advertising, Public Relations and Sales Manager",post_graduate_graduate_diploma_or_graduate_certificate,16.7
1311,"Advertising, Public Relations and Sales Manager",bachelor_degree,37.9
1311,"Advertising, Public Relations and Sales Manager",advanced_diploma_diploma,13.2
1311,"Advertising, Public Relations and Sales Manager",certificate_iii_iv,10.1
1311,"Advertising, Public Relations and Sales Manager",year_12,13.2
1311,"Advertising, Public Relations and Sales Manager",year_11,2.2
1311,"Advertising, Public Relations and Sales Manager",year_10_and_below,3.4
1321,Corporate Services Managers,post_graduate_graduate_diploma_or_graduate_certificate,20.1
1321,Corporate Services Managers,bachelor_degree,28.6
1321,Corporate Services Managers,advanced_diploma_diploma,16.3
1321,Corporate Services Managers,certificate_iii_iv,12.4
1321,Corporate Services Managers,year_12,11.7
1321,Corporate Services Managers,year_11,2.8
1321,Corporate Services Managers,year_10_and_below,4.6
1322,Finance Managers,post_graduate_graduate_diploma_or_graduate_certificate,26.8
1322,Finance Managers,bachelor_degree,47.8
1322,Finance Managers,advanced_diploma_diploma,9.3
1322,Finance Managers,certificate_iii_iv,4.3
1322,Finance Managers,year_12,6.2
1322,Finance Managers,year_11,1.3
1322,Finance Managers,year_10_and_below,1.9
1323,Human Resource Managers,post_graduate_graduate_diploma_or_graduate_certificate,24.8
1323,Human Resource Managers,bachelor_degree,34
1323,Human Resource Managers,advanced_diploma_diploma,18.2
1323,Human Resource Managers,certificate_iii_iv,9.2
1323,Human Resource Managers,year_12,8
1323,Human Resource Managers,year_11,1.3
1323,Human Resource Managers,year_10_and_below,2
1324,Policy and Planning Managers,post_graduate_graduate_diploma_or_graduate_certificate,39.8
1324,Policy and Planning Managers,bachelor_degree,37.3
1324,Policy and Planning Managers,advanced_diploma_diploma,9.6
1324,Policy and Planning Managers,certificate_iii_iv,5
1324,Policy and Planning Managers,year_12,5.1
1324,Policy and Planning Managers,year_11,0.6
1324,Policy and Planning Managers,year_10_and_below,0.9
1325,Research and Development Managers,post_graduate_graduate_diploma_or_graduate_certificate,47.5
1325,Research and Development Managers,bachelor_degree,35.6
1325,Research and Development Managers,advanced_diploma_diploma,6.6
1325,Research and Development Managers,certificate_iii_iv,3.8
1325,Research and Development Managers,year_12,3.7
1325,Research and Development Managers,year_11,0.5
1325,Research and Development Managers,year_10_and_below,0.7
1331,Construction Managers,post_graduate_graduate_diploma_or_graduate_certificate,7.3
1331,Construction Managers,bachelor_degree,22.2
1331,Construction Managers,advanced_diploma_diploma,14.3
1331,Construction Managers,certificate_iii_iv,38.8
1331,Construction Managers,year_12,7.6
1331,Construction Managers,year_11,1.8
1331,Construction Managers,year_10_and_below,4.4
1332,Engineering Managers,post_graduate_graduate_diploma_or_graduate_certificate,26.6
1332,Engineering Managers,bachelor_degree,45.6
1332,Engineering Managers,advanced_diploma_diploma,11.3
1332,Engineering Managers,certificate_iii_iv,10.8
1332,Engineering Managers,year_12,2.7
1332,Engineering Managers,year_11,0.5
1332,Engineering Managers,year_10_and_below,0.8
1333,"Importers, Exporters and Wholesalers",post_graduate_graduate_diploma_or_graduate_certificate,8.4
1333,"Importers, Exporters and Wholesalers",bachelor_degree,20.4
1333,"Importers, Exporters and Wholesalers",advanced_diploma_diploma,11.8
1333,"Importers, Exporters and Wholesalers",certificate_iii_iv,15.6
1333,"Importers, Exporters and Wholesalers",year_12,22.9
1333,"Importers, Exporters and Wholesalers",year_11,4.9
1333,"Importers, Exporters and Wholesalers",year_10_and_below,11.4
1334,Manufacturers,post_graduate_graduate_diploma_or_graduate_certificate,4.4
1334,Manufacturers,bachelor_degree,12.7
1334,Manufacturers,advanced_diploma_diploma,9.5
1334,Manufacturers,certificate_iii_iv,26.3
1334,Manufacturers,year_12,20.8
1334,Manufacturers,year_11,6.1
1334,Manufacturers,year_10_and_below,15.1
1335,Production Managers,post_graduate_graduate_diploma_or_graduate_certificate,9.8
1335,Production Managers,bachelor_degree,20.2
1335,Production Managers,advanced_diploma_diploma,14.5
1335,Production Managers,certificate_iii_iv,26.4
1335,Production Managers,year_12,13.3
1335,Production Managers,year_11,3.6
1335,Production Managers,year_10_and_below,8.5
1336,"Supply, Distribution and Procurement Managers",post_graduate_graduate_diploma_or_graduate_certificate,14.8
1336,"Supply, Distribution and Procurement Managers",bachelor_degree,23.6
1336,"Supply, Distribution and Procurement Managers",advanced_diploma_diploma,15.5
1336,"Supply, Distribution and Procurement Managers",certificate_iii_iv,14.7
1336,"Supply, Distribution and Procurement Managers",year_12,16.2
1336,"Supply, Distribution and Procurement Managers",year_11,3.7
1336,"Supply, Distribution and Procurement Managers",year_10_and_below,7.7
1341,Child Care Centre Managers,post_graduate_graduate_diploma_or_graduate_certificate,21.6
1341,Child Care Centre Managers,bachelor_degree,27.5
1341,Child Care Centre Managers,advanced_diploma_diploma,38.4
1341,Child Care Centre Managers,certificate_iii_iv,5.6
1341,Child Care Centre Managers,year_12,3.9
1341,Child Care Centre Managers,year_11,0.3
1341,Child Care Centre Managers,year_10_and_below,0.9
1342,Health and Welfare Services Managers,post_graduate_graduate_diploma_or_graduate_certificate,28.5
1342,Health and Welfare Services Managers,bachelor_degree,33.7
1342,Health and Welfare Services Managers,advanced_diploma_diploma,17
1342,Health and Welfare Services Managers,certificate_iii_iv,10.3
1342,Health and Welfare Services Managers,year_12,5.2
1342,Health and Welfare Services Managers,year_11,0.8
1342,Health and Welfare Services Managers,year_10_and_below,1.9
1343,School Principals,post_graduate_graduate_diploma_or_graduate_certificate,43.9
1343,School Principals,bachelor_degree,52.6
1343,School Principals,advanced_diploma_diploma,2.5
1343,School Principals,certificate_iii_iv,0.2
1343,School Principals,year_12,0.2
1343,School Principals,year_11,0
1343,School Principals,year_10_and_below,0.1
1344,Other Education Managers,post_graduate_graduate_diploma_or_graduate_certificate,52
1344,Other Education Managers,bachelor_degree,29.3
1344,Other Education Managers,advanced_diploma_diploma,9.2
1344,Other Education Managers,certificate_iii_iv,4
1344,Other Education Managers,year_12,2.8
1344,Other Education Managers,year_11,0.5
1344,Other Education Managers,year_10_and_below,0.6
1351,ICT Managers,post_graduate_graduate_diploma_or_graduate_certificate,26
1351,ICT Managers,bachelor_degree,42.3
1351,ICT Managers,advanced_diploma_diploma,12.2
1351,ICT Managers,certificate_iii_iv,5.4
1351,ICT Managers,year_12,8.8
1351,ICT Managers,year_11,0.9
1351,ICT Managers,year_10_and_below,1.1
1391,Commissioned Officers (Management),post_graduate_graduate_diploma_or_graduate_certificate,25.2
1391,Commissioned Officers (Management),bachelor_degree,25.7
1391,Commissioned Officers (Management),advanced_diploma_diploma,16.4
1391,Commissioned Officers (Management),certificate_iii_iv,10.5
1391,Commissioned Officers (Management),year_12,18
1391,Commissioned Officers (Management),year_11,0.8
1391,Commissioned Officers (Management),year_10_and_below,1
1392,Senior Non-Commissioned Defence Force Officers,post_graduate_graduate_diploma_or_graduate_certificate,3.8
1392,Senior Non-Commissioned Defence Force Officers,bachelor_degree,6.7
1392,Senior Non-Commissioned Defence Force Officers,advanced_diploma_diploma,35.7
1392,Senior Non-Commissioned Defence Force Officers,certificate_iii_iv,25.3
1392,Senior Non-Commissioned Defence Force Officers,year_12,16.5
1392,Senior Non-Commissioned Defence Force Officers,year_11,4.1
1392,Senior Non-Commissioned Defence Force Officers,year_10_and_below,5.2
1399,Other Specialist Managers,post_graduate_graduate_diploma_or_graduate_certificate,23.4
1399,Other Specialist Managers,bachelor_degree,34.1
1399,Other Specialist Managers,advanced_diploma_diploma,14.5
1399,Other Specialist Managers,certificate_iii_iv,11.9
1399,Other Specialist Managers,year_12,8.4
1399,Other Specialist Managers,year_11,1.5
1399,Other Specialist Managers,year_10_and_below,3.1
1411,Cafe and Restaurant Managers,post_graduate_graduate_diploma_or_graduate_certificate,7.2
1411,Cafe and Restaurant Managers,bachelor_degree,20.6
1411,Cafe and Restaurant Managers,advanced_diploma_diploma,16.3
1411,Cafe and Restaurant Managers,certificate_iii_iv,16.8
1411,Cafe and Restaurant Managers,year_12,22
1411,Cafe and Restaurant Managers,year_11,3.7
1411,Cafe and Restaurant Managers,year_10_and_below,8.4
1412,Caravan Park and Camping Ground Managers,post_graduate_graduate_diploma_or_graduate_certificate,3.4
1412,Caravan Park and Camping Ground Managers,bachelor_degree,9.9
1412,Caravan Park and Camping Ground Managers,advanced_diploma_diploma,13.1
1412,Caravan Park and Camping Ground Managers,certificate_iii_iv,27.3
1412,Caravan Park and Camping Ground Managers,year_12,13.8
1412,Caravan Park and Camping Ground Managers,year_11,6.8
1412,Caravan Park and Camping Ground Managers,year_10_and_below,20.1
1413,Hotel and Motel Managers,post_graduate_graduate_diploma_or_graduate_certificate,6.1
1413,Hotel and Motel Managers,bachelor_degree,17.9
1413,Hotel and Motel Managers,advanced_diploma_diploma,15.8
1413,Hotel and Motel Managers,certificate_iii_iv,17.6
1413,Hotel and Motel Managers,year_12,21.7
1413,Hotel and Motel Managers,year_11,5.1
1413,Hotel and Motel Managers,year_10_and_below,11.2
1414,Licensed Club Managers,post_graduate_graduate_diploma_or_graduate_certificate,2.3
1414,Licensed Club Managers,bachelor_degree,13.2
1414,Licensed Club Managers,advanced_diploma_diploma,20.7
1414,Licensed Club Managers,certificate_iii_iv,21.1
1414,Licensed Club Managers,year_12,22.6
1414,Licensed Club Managers,year_11,5.5
1414,Licensed Club Managers,year_10_and_below,10.5
1419,Other Accommodation and Hospitality Managers,post_graduate_graduate_diploma_or_graduate_certificate,9.6
1419,Other Accommodation and Hospitality Managers,bachelor_degree,21.8
1419,Other Accommodation and Hospitality Managers,advanced_diploma_diploma,19.1
1419,Other Accommodation and Hospitality Managers,certificate_iii_iv,16.8
1419,Other Accommodation and Hospitality Managers,year_12,13.3
1419,Other Accommodation and Hospitality Managers,year_11,4.3
1419,Other Accommodation and Hospitality Managers,year_10_and_below,8.6
1421,Retail Managers,post_graduate_graduate_diploma_or_graduate_certificate,6.3
1421,Retail Managers,bachelor_degree,16.4
1421,Retail Managers,advanced_diploma_diploma,13.1
1421,Retail Managers,certificate_iii_iv,17.8
1421,Retail Managers,year_12,25.4
1421,Retail Managers,year_11,5.2
1421,Retail Managers,year_10_and_below,11
1491,"Amusement, Fitness and Sports Centre Managers",post_graduate_graduate_diploma_or_graduate_certificate,5.5
1491,"Amusement, Fitness and Sports Centre Managers",bachelor_degree,23.7
1491,"Amusement, Fitness and Sports Centre Managers",advanced_diploma_diploma,16.2
1491,"Amusement, Fitness and Sports Centre Managers",certificate_iii_iv,23.2
1491,"Amusement, Fitness and Sports Centre Managers",year_12,19.3
1491,"Amusement, Fitness and Sports Centre Managers",year_11,2.8
1491,"Amusement, Fitness and Sports Centre Managers",year_10_and_below,4.5
1492,"Call, Contact Centre and Customer Service Managers",post_graduate_graduate_diploma_or_graduate_certificate,9.9
1492,"Call, Contact Centre and Customer Service Managers",bachelor_degree,21.6
1492,"Call, Contact Centre and Customer Service Managers",advanced_diploma_diploma,16.4
1492,"Call, Contact Centre and Customer Service Managers",certificate_iii_iv,24.5
1492,"Call, Contact Centre and Customer Service Managers",year_12,15.7
1492,"Call, Contact Centre and Customer Service Managers",year_11,3
1492,"Call, Contact Centre and Customer Service Managers",year_10_and_below,5.1
1493,Conference and Event Organisers,post_graduate_graduate_diploma_or_graduate_certificate,8.7
1493,Conference and Event Organisers,bachelor_degree,37.1
1493,Conference and Event Organisers,advanced_diploma_diploma,20.2
1493,Conference and Event Organisers,certificate_iii_iv,10.1
1493,Conference and Event Organisers,year_12,15.3
1493,Conference and Event Organisers,year_11,2
1493,Conference and Event Organisers,year_10_and_below,3.3
1494,Transport Services Managers,post_graduate_graduate_diploma_or_graduate_certificate,6
1494,Transport Services Managers,bachelor_degree,11.8
1494,Transport Services Managers,advanced_diploma_diploma,11.8
1494,Transport Services Managers,certificate_iii_iv,25.5
1494,Transport Services Managers,year_12,16.9
1494,Transport Services Managers,year_11,5.4
1494,Transport Services Managers,year_10_and_below,17.9
1499,"Other Hospitality, Retail and Service Managers",post_graduate_graduate_diploma_or_graduate_certificate,9.1
1499,"Other Hospitality, Retail and Service Managers",bachelor_degree,19.4
1499,"Other Hospitality, Retail and Service Managers",advanced_diploma_diploma,16.1
1499,"Other Hospitality, Retail and Service Managers",certificate_iii_iv,24.8
1499,"Other Hospitality, Retail and Service Managers",year_12,15.4
1499,"Other Hospitality, Retail and Service Managers",year_11,3.4
1499,"Other Hospitality, Retail and Service Managers",year_10_and_below,7.3
2111,"Actors, Dancers and Other Entertainers",post_graduate_graduate_diploma_or_graduate_certificate,7.3
2111,"Actors, Dancers and Other Entertainers",bachelor_degree,29.3
2111,"Actors, Dancers and Other Entertainers",advanced_diploma_diploma,14.9
2111,"Actors, Dancers and Other Entertainers",certificate_iii_iv,11.3
2111,"Actors, Dancers and Other Entertainers",year_12,23.5
2111,"Actors, Dancers and Other Entertainers",year_11,3.4
2111,"Actors, Dancers and Other Entertainers",year_10_and_below,6.2
2112,Music Professionals,post_graduate_graduate_diploma_or_graduate_certificate,17.8
2112,Music Professionals,bachelor_degree,35.1
2112,Music Professionals,advanced_diploma_diploma,10.5
2112,Music Professionals,certificate_iii_iv,6.6
2112,Music Professionals,year_12,20.3
2112,Music Professionals,year_11,2.7
2112,Music Professionals,year_10_and_below,4.3
2113,Photographers,post_graduate_graduate_diploma_or_graduate_certificate,6.5
2113,Photographers,bachelor_degree,31.3
2113,Photographers,advanced_diploma_diploma,20.8
2113,Photographers,certificate_iii_iv,11.8
2113,Photographers,year_12,18.6
2113,Photographers,year_11,2.8
2113,Photographers,year_10_and_below,3.6
2114,Visual Arts and Crafts Professionals,post_graduate_graduate_diploma_or_graduate_certificate,12.6
2114,Visual Arts and Crafts Professionals,bachelor_degree,32.7
2114,Visual Arts and Crafts Professionals,advanced_diploma_diploma,15.6
2114,Visual Arts and Crafts Professionals,certificate_iii_iv,10.8
2114,Visual Arts and Crafts Professionals,year_12,12.9
2114,Visual Arts and Crafts Professionals,year_11,3.4
2114,Visual Arts and Crafts Professionals,year_10_and_below,6.7
2121,"Artistic Directors, Media Producers and Presenters",post_graduate_graduate_diploma_or_graduate_certificate,11.2
2121,"Artistic Directors, Media Producers and Presenters",bachelor_degree,45
2121,"Artistic Directors, Media Producers and Presenters",advanced_diploma_diploma,12.8
2121,"Artistic Directors, Media Producers and Presenters",certificate_iii_iv,5.5
2121,"Artistic Directors, Media Producers and Presenters",year_12,17.1
2121,"Artistic Directors, Media Producers and Presenters",year_11,2.1
2121,"Artistic Directors, Media Producers and Presenters",year_10_and_below,2.6
2122,"Authors, and Book and Script Editors",post_graduate_graduate_diploma_or_graduate_certificate,34.3
2122,"Authors, and Book and Script Editors",bachelor_degree,42.1
2122,"Authors, and Book and Script Editors",advanced_diploma_diploma,7.4
2122,"Authors, and Book and Script Editors",certificate_iii_iv,3.1
2122,"Authors, and Book and Script Editors",year_12,8.2
2122,"Authors, and Book and Script Editors",year_11,0.9
2122,"Authors, and Book and Script Editors",year_10_and_below,1.6
2123,"Film, Television, Radio and Stage Directors",post_graduate_graduate_diploma_or_graduate_certificate,10.9
2123,"Film, Television, Radio and Stage Directors",bachelor_degree,44.2
2123,"Film, Television, Radio and Stage Directors",advanced_diploma_diploma,14.5
2123,"Film, Television, Radio and Stage Directors",certificate_iii_iv,6.8
2123,"Film, Television, Radio and Stage Directors",year_12,16.1
2123,"Film, Television, Radio and Stage Directors",year_11,2
2123,"Film, Television, Radio and Stage Directors",year_10_and_below,2.4
2124,Journalists and Other Writers,post_graduate_graduate_diploma_or_graduate_certificate,21.5
2124,Journalists and Other Writers,bachelor_degree,52.8
2124,Journalists and Other Writers,advanced_diploma_diploma,7
2124,Journalists and Other Writers,certificate_iii_iv,3.9
2124,Journalists and Other Writers,year_12,10.1
2124,Journalists and Other Writers,year_11,0.7
2124,Journalists and Other Writers,year_10_and_below,1.1
2211,Accountants,post_graduate_graduate_diploma_or_graduate_certificate,29.1
2211,Accountants,bachelor_degree,56.4
2211,Accountants,advanced_diploma_diploma,5.9
2211,Accountants,certificate_iii_iv,1.9
2211,Accountants,year_12,3.8
2211,Accountants,year_11,0.3
2211,Accountants,year_10_and_below,0.6
2212,"Auditors, Company Secretaries and Corporate Treasurers",post_graduate_graduate_diploma_or_graduate_certificate,27.7
2212,"Auditors, Company Secretaries and Corporate Treasurers",bachelor_degree,48.8
2212,"Auditors, Company Secretaries and Corporate Treasurers",advanced_diploma_diploma,7.5
2212,"Auditors, Company Secretaries and Corporate Treasurers",certificate_iii_iv,5.1
2212,"Auditors, Company Secretaries and Corporate Treasurers",year_12,6.3
2212,"Auditors, Company Secretaries and Corporate Treasurers",year_11,0.8
2212,"Auditors, Company Secretaries and Corporate Treasurers",year_10_and_below,1.4
2221,Financial Brokers,post_graduate_graduate_diploma_or_graduate_certificate,11.4
2221,Financial Brokers,bachelor_degree,27.3
2221,Financial Brokers,advanced_diploma_diploma,33.6
2221,Financial Brokers,certificate_iii_iv,8.6
2221,Financial Brokers,year_12,10.4
2221,Financial Brokers,year_11,1.5
2221,Financial Brokers,year_10_and_below,2
2222,Financial Dealers,post_graduate_graduate_diploma_or_graduate_certificate,23.8
2222,Financial Dealers,bachelor_degree,48.4
2222,Financial Dealers,advanced_diploma_diploma,8.4
2222,Financial Dealers,certificate_iii_iv,3.8
2222,Financial Dealers,year_12,10.5
2222,Financial Dealers,year_11,1.2
2222,Financial Dealers,year_10_and_below,1.6
2223,Financial Investment Advisers and Managers,post_graduate_graduate_diploma_or_graduate_certificate,27.9
2223,Financial Investment Advisers and Managers,bachelor_degree,44.1
2223,Financial Investment Advisers and Managers,advanced_diploma_diploma,15.7
2223,Financial Investment Advisers and Managers,certificate_iii_iv,2.8
2223,Financial Investment Advisers and Managers,year_12,5.7
2223,Financial Investment Advisers and Managers,year_11,0.7
2223,Financial Investment Advisers and Managers,year_10_and_below,1
2231,Human Resource Professionals,post_graduate_graduate_diploma_or_graduate_certificate,15
2231,Human Resource Professionals,bachelor_degree,36.8
2231,Human Resource Professionals,advanced_diploma_diploma,14.8
2231,Human Resource Professionals,certificate_iii_iv,12.5
2231,Human Resource Professionals,year_12,13.3
2231,Human Resource Professionals,year_11,1.9
2231,Human Resource Professionals,year_10_and_below,2.8
2232,ICT Trainers,post_graduate_graduate_diploma_or_graduate_certificate,18.6
2232,ICT Trainers,bachelor_degree,32.6
2232,ICT Trainers,advanced_diploma_diploma,16.3
2232,ICT Trainers,certificate_iii_iv,14.2
2232,ICT Trainers,year_12,11.8
2232,ICT Trainers,year_11,1
2232,ICT Trainers,year_10_and_below,1.5
2233,Training and Development Professionals,post_graduate_graduate_diploma_or_graduate_certificate,18.4
2233,Training and Development Professionals,bachelor_degree,25.8
2233,Training and Development Professionals,advanced_diploma_diploma,18.2
2233,Training and Development Professionals,certificate_iii_iv,21.3
2233,Training and Development Professionals,year_12,9.6
2233,Training and Development Professionals,year_11,1.7
2233,Training and Development Professionals,year_10_and_below,2.5
2241,"Actuaries, Mathematicians and Statisticians",post_graduate_graduate_diploma_or_graduate_certificate,46.2
2241,"Actuaries, Mathematicians and Statisticians",bachelor_degree,45
2241,"Actuaries, Mathematicians and Statisticians",advanced_diploma_diploma,2
2241,"Actuaries, Mathematicians and Statisticians",certificate_iii_iv,1.3
2241,"Actuaries, Mathematicians and Statisticians",year_12,3.4
2241,"Actuaries, Mathematicians and Statisticians",year_11,0.2
2241,"Actuaries, Mathematicians and Statisticians",year_10_and_below,0.5
2242,"Archivists, Curators and Records Managers",post_graduate_graduate_diploma_or_graduate_certificate,35.3
2242,"Archivists, Curators and Records Managers",bachelor_degree,32.8
2242,"Archivists, Curators and Records Managers",advanced_diploma_diploma,10
2242,"Archivists, Curators and Records Managers",certificate_iii_iv,7.6
2242,"Archivists, Curators and Records Managers",year_12,8
2242,"Archivists, Curators and Records Managers",year_11,1.4
2242,"Archivists, Curators and Records Managers",year_10_and_below,2.6
2243,Economists,post_graduate_graduate_diploma_or_graduate_certificate,52.7
2243,Economists,bachelor_degree,43.1
2243,Economists,advanced_diploma_diploma,0.7
2243,Economists,certificate_iii_iv,0.5
2243,Economists,year_12,2.4
2243,Economists,year_11,0.1
2243,Economists,year_10_and_below,0.2
2244,Intelligence and Policy Analysts,post_graduate_graduate_diploma_or_graduate_certificate,40.3
2244,Intelligence and Policy Analysts,bachelor_degree,41.4
2244,Intelligence and Policy Analysts,advanced_diploma_diploma,6.3
2244,Intelligence and Policy Analysts,certificate_iii_iv,4.1
2244,Intelligence and Policy Analysts,year_12,5.6
2244,Intelligence and Policy Analysts,year_11,0.4
2244,Intelligence and Policy Analysts,year_10_and_below,0.5
2245,Land Economists and Valuers,post_graduate_graduate_diploma_or_graduate_certificate,19
2245,Land Economists and Valuers,bachelor_degree,49.7
2245,Land Economists and Valuers,advanced_diploma_diploma,11.5
2245,Land Economists and Valuers,certificate_iii_iv,5.7
2245,Land Economists and Valuers,year_12,7.4
2245,Land Economists and Valuers,year_11,0.9
2245,Land Economists and Valuers,year_10_and_below,2.2
2246,Librarians,post_graduate_graduate_diploma_or_graduate_certificate,49.1
2246,Librarians,bachelor_degree,29.6
2246,Librarians,advanced_diploma_diploma,9.5
2246,Librarians,certificate_iii_iv,3.5
2246,Librarians,year_12,4.1
2246,Librarians,year_11,1
2246,Librarians,year_10_and_below,1.3
2247,Management and Organisation Analysts,post_graduate_graduate_diploma_or_graduate_certificate,33.1
2247,Management and Organisation Analysts,bachelor_degree,42.1
2247,Management and Organisation Analysts,advanced_diploma_diploma,8.6
2247,Management and Organisation Analysts,certificate_iii_iv,4.7
2247,Management and Organisation Analysts,year_12,7.1
2247,Management and Organisation Analysts,year_11,0.8
2247,Management and Organisation Analysts,year_10_and_below,1.1
2249,Other Information and Organisation Professionals,post_graduate_graduate_diploma_or_graduate_certificate,32
2249,Other Information and Organisation Professionals,bachelor_degree,38.9
2249,Other Information and Organisation Professionals,advanced_diploma_diploma,9
2249,Other Information and Organisation Professionals,certificate_iii_iv,6.5
2249,Other Information and Organisation Professionals,year_12,8.7
2249,Other Information and Organisation Professionals,year_11,1.1
2249,Other Information and Organisation Professionals,year_10_and_below,1.5
2251,Advertising and Marketing Professionals,post_graduate_graduate_diploma_or_graduate_certificate,18.2
2251,Advertising and Marketing Professionals,bachelor_degree,52.5
2251,Advertising and Marketing Professionals,advanced_diploma_diploma,9.8
2251,Advertising and Marketing Professionals,certificate_iii_iv,4.6
2251,Advertising and Marketing Professionals,year_12,10
2251,Advertising and Marketing Professionals,year_11,0.9
2251,Advertising and Marketing Professionals,year_10_and_below,1.3
2252,ICT Sales Professionals,post_graduate_graduate_diploma_or_graduate_certificate,16.1
2252,ICT Sales Professionals,bachelor_degree,39.6
2252,ICT Sales Professionals,advanced_diploma_diploma,12.1
2252,ICT Sales Professionals,certificate_iii_iv,7.5
2252,ICT Sales Professionals,year_12,16.7
2252,ICT Sales Professionals,year_11,1.8
2252,ICT Sales Professionals,year_10_and_below,2.3
2253,Public Relations Professionals,post_graduate_graduate_diploma_or_graduate_certificate,19.5
2253,Public Relations Professionals,bachelor_degree,55.2
2253,Public Relations Professionals,advanced_diploma_diploma,7.5
2253,Public Relations Professionals,certificate_iii_iv,4
2253,Public Relations Professionals,year_12,9.6
2253,Public Relations Professionals,year_11,0.9
2253,Public Relations Professionals,year_10_and_below,1.1
2254,Technical Sales Representatives,post_graduate_graduate_diploma_or_graduate_certificate,10.6
2254,Technical Sales Representatives,bachelor_degree,27.6
2254,Technical Sales Representatives,advanced_diploma_diploma,12.6
2254,Technical Sales Representatives,certificate_iii_iv,19.7
2254,Technical Sales Representatives,year_12,15.5
2254,Technical Sales Representatives,year_11,3.5
2254,Technical Sales Representatives,year_10_and_below,6.8
2311,Air Transport Professionals,post_graduate_graduate_diploma_or_graduate_certificate,7.6
2311,Air Transport Professionals,bachelor_degree,29.5
2311,Air Transport Professionals,advanced_diploma_diploma,34.4
2311,Air Transport Professionals,certificate_iii_iv,10.2
2311,Air Transport Professionals,year_12,12.9
2311,Air Transport Professionals,year_11,0.9
2311,Air Transport Professionals,year_10_and_below,1.2
2312,Marine Transport Professionals,post_graduate_graduate_diploma_or_graduate_certificate,5.1
2312,Marine Transport Professionals,bachelor_degree,16.1
2312,Marine Transport Professionals,advanced_diploma_diploma,27.8
2312,Marine Transport Professionals,certificate_iii_iv,26.8
2312,Marine Transport Professionals,year_12,6.5
2312,Marine Transport Professionals,year_11,1.9
2312,Marine Transport Professionals,year_10_and_below,5.7
2321,Architects and Landscape Architects,post_graduate_graduate_diploma_or_graduate_certificate,46.1
2321,Architects and Landscape Architects,bachelor_degree,45.3
2321,Architects and Landscape Architects,advanced_diploma_diploma,4.4
2321,Architects and Landscape Architects,certificate_iii_iv,0.9
2321,Architects and Landscape Architects,year_12,1.6
2321,Architects and Landscape Architects,year_11,0.1
2321,Architects and Landscape Architects,year_10_and_below,0.2
2322,Surveyors and Spatial Scientists,post_graduate_graduate_diploma_or_graduate_certificate,13.8
2322,Surveyors and Spatial Scientists,bachelor_degree,44.3
2322,Surveyors and Spatial Scientists,advanced_diploma_diploma,22.2
2322,Surveyors and Spatial Scientists,certificate_iii_iv,7
2322,Surveyors and Spatial Scientists,year_12,8.1
2322,Surveyors and Spatial Scientists,year_11,1
2322,Surveyors and Spatial Scientists,year_10_and_below,1.2
2323,"Fashion, Industrial and Jewellery Designers",post_graduate_graduate_diploma_or_graduate_certificate,9.3
2323,"Fashion, Industrial and Jewellery Designers",bachelor_degree,50.2
2323,"Fashion, Industrial and Jewellery Designers",advanced_diploma_diploma,18.8
2323,"Fashion, Industrial and Jewellery Designers",certificate_iii_iv,7.2
2323,"Fashion, Industrial and Jewellery Designers",year_12,8.4
2323,"Fashion, Industrial and Jewellery Designers",year_11,1.1
2323,"Fashion, Industrial and Jewellery Designers",year_10_and_below,1.8
2324,"Graphic and Web Designers, and Illustrators",post_graduate_graduate_diploma_or_graduate_certificate,9.3
2324,"Graphic and Web Designers, and Illustrators",bachelor_degree,50
2324,"Graphic and Web Designers, and Illustrators",advanced_diploma_diploma,21.5
2324,"Graphic and Web Designers, and Illustrators",certificate_iii_iv,6.6
2324,"Graphic and Web Designers, and Illustrators",year_12,7.7
2324,"Graphic and Web Designers, and Illustrators",year_11,0.9
2324,"Graphic and Web Designers, and Illustrators",year_10_and_below,1.3
2325,Interior Designers,post_graduate_graduate_diploma_or_graduate_certificate,8.5
2325,Interior Designers,bachelor_degree,46
2325,Interior Designers,advanced_diploma_diploma,25.3
2325,Interior Designers,certificate_iii_iv,6.2
2325,Interior Designers,year_12,7.5
2325,Interior Designers,year_11,1.1
2325,Interior Designers,year_10_and_below,1.8
2326,Urban and Regional Planners,post_graduate_graduate_diploma_or_graduate_certificate,37.9
2326,Urban and Regional Planners,bachelor_degree,47.7
2326,Urban and Regional Planners,advanced_diploma_diploma,5.3
2326,Urban and Regional Planners,certificate_iii_iv,3.1
2326,Urban and Regional Planners,year_12,3.8
2326,Urban and Regional Planners,year_11,0.4
2326,Urban and Regional Planners,year_10_and_below,0.7
2331,Chemical and Materials Engineers,post_graduate_graduate_diploma_or_graduate_certificate,32.2
2331,Chemical and Materials Engineers,bachelor_degree,59.2
2331,Chemical and Materials Engineers,advanced_diploma_diploma,2.5
2331,Chemical and Materials Engineers,certificate_iii_iv,2
2331,Chemical and Materials Engineers,year_12,2.5
2331,Chemical and Materials Engineers,year_11,0.1
2331,Chemical and Materials Engineers,year_10_and_below,0.3
2332,Civil Engineering Professionals,post_graduate_graduate_diploma_or_graduate_certificate,24.8
2332,Civil Engineering Professionals,bachelor_degree,63.8
2332,Civil Engineering Professionals,advanced_diploma_diploma,4
2332,Civil Engineering Professionals,certificate_iii_iv,1.9
2332,Civil Engineering Professionals,year_12,3.7
2332,Civil Engineering Professionals,year_11,0.1
2332,Civil Engineering Professionals,year_10_and_below,0.3
2333,Electrical Engineers,post_graduate_graduate_diploma_or_graduate_certificate,25.1
2333,Electrical Engineers,bachelor_degree,57.4
2333,Electrical Engineers,advanced_diploma_diploma,8.3
2333,Electrical Engineers,certificate_iii_iv,4.7
2333,Electrical Engineers,year_12,2.4
2333,Electrical Engineers,year_11,0.1
2333,Electrical Engineers,year_10_and_below,0.2
2334,Electronics Engineers,post_graduate_graduate_diploma_or_graduate_certificate,29.2
2334,Electronics Engineers,bachelor_degree,50.2
2334,Electronics Engineers,advanced_diploma_diploma,9.2
2334,Electronics Engineers,certificate_iii_iv,4.5
2334,Electronics Engineers,year_12,3.5
2334,Electronics Engineers,year_11,0.3
2334,Electronics Engineers,year_10_and_below,0.3
2335,"Industrial, Mechanical and Production Engineers",post_graduate_graduate_diploma_or_graduate_certificate,23.4
2335,"Industrial, Mechanical and Production Engineers",bachelor_degree,56.1
2335,"Industrial, Mechanical and Production Engineers",advanced_diploma_diploma,7.4
2335,"Industrial, Mechanical and Production Engineers",certificate_iii_iv,7.3
2335,"Industrial, Mechanical and Production Engineers",year_12,3
2335,"Industrial, Mechanical and Production Engineers",year_11,0.2
2335,"Industrial, Mechanical and Production Engineers",year_10_and_below,0.5
2336,Mining Engineers,post_graduate_graduate_diploma_or_graduate_certificate,28.2
2336,Mining Engineers,bachelor_degree,58.5
2336,Mining Engineers,advanced_diploma_diploma,4.8
2336,Mining Engineers,certificate_iii_iv,3.7
2336,Mining Engineers,year_12,2.5
2336,Mining Engineers,year_11,0.2
2336,Mining Engineers,year_10_and_below,0.4
2339,Other Engineering Professionals,post_graduate_graduate_diploma_or_graduate_certificate,32.2
2339,Other Engineering Professionals,bachelor_degree,51.6
2339,Other Engineering Professionals,advanced_diploma_diploma,6.2
2339,Other Engineering Professionals,certificate_iii_iv,4.1
2339,Other Engineering Professionals,year_12,3.6
2339,Other Engineering Professionals,year_11,0.3
2339,Other Engineering Professionals,year_10_and_below,0.3
2341,Agricultural and Forestry Scientists,post_graduate_graduate_diploma_or_graduate_certificate,27.3
2341,Agricultural and Forestry Scientists,bachelor_degree,43.3
2341,Agricultural and Forestry Scientists,advanced_diploma_diploma,11.6
2341,Agricultural and Forestry Scientists,certificate_iii_iv,6.1
2341,Agricultural and Forestry Scientists,year_12,5
2341,Agricultural and Forestry Scientists,year_11,1.6
2341,Agricultural and Forestry Scientists,year_10_and_below,3
2342,"Chemists, and Food and Wine Scientists",post_graduate_graduate_diploma_or_graduate_certificate,26.9
2342,"Chemists, and Food and Wine Scientists",bachelor_degree,54.7
2342,"Chemists, and Food and Wine Scientists",advanced_diploma_diploma,5.6
2342,"Chemists, and Food and Wine Scientists",certificate_iii_iv,2.5
2342,"Chemists, and Food and Wine Scientists",year_12,5.5
2342,"Chemists, and Food and Wine Scientists",year_11,0.8
2342,"Chemists, and Food and Wine Scientists",year_10_and_below,1.9
2343,Environmental Scientists,post_graduate_graduate_diploma_or_graduate_certificate,29.5
2343,Environmental Scientists,bachelor_degree,48.7
2343,Environmental Scientists,advanced_diploma_diploma,6
2343,Environmental Scientists,certificate_iii_iv,6.9
2343,Environmental Scientists,year_12,3.6
2343,Environmental Scientists,year_11,1
2343,Environmental Scientists,year_10_and_below,2.4
2344,"Geologists, Geophysicists and Hydrogeologists",post_graduate_graduate_diploma_or_graduate_certificate,41.3
2344,"Geologists, Geophysicists and Hydrogeologists",bachelor_degree,54.5
2344,"Geologists, Geophysicists and Hydrogeologists",advanced_diploma_diploma,1
2344,"Geologists, Geophysicists and Hydrogeologists",certificate_iii_iv,0.5
2344,"Geologists, Geophysicists and Hydrogeologists",year_12,1.2
2344,"Geologists, Geophysicists and Hydrogeologists",year_11,0.2
2344,"Geologists, Geophysicists and Hydrogeologists",year_10_and_below,0.3
2345,Life Scientists,post_graduate_graduate_diploma_or_graduate_certificate,54.3
2345,Life Scientists,bachelor_degree,38.1
2345,Life Scientists,advanced_diploma_diploma,2.9
2345,Life Scientists,certificate_iii_iv,1.3
2345,Life Scientists,year_12,1.5
2345,Life Scientists,year_11,0.2
2345,Life Scientists,year_10_and_below,0.4
2346,Medical Laboratory Scientists,post_graduate_graduate_diploma_or_graduate_certificate,44
2346,Medical Laboratory Scientists,bachelor_degree,50.9
2346,Medical Laboratory Scientists,advanced_diploma_diploma,2.1
2346,Medical Laboratory Scientists,certificate_iii_iv,0.4
2346,Medical Laboratory Scientists,year_12,1.1
2346,Medical Laboratory Scientists,year_11,0.1
2346,Medical Laboratory Scientists,year_10_and_below,0.1
2347,Veterinarians,post_graduate_graduate_diploma_or_graduate_certificate,23.1
2347,Veterinarians,bachelor_degree,68.3
2347,Veterinarians,advanced_diploma_diploma,1.1
2347,Veterinarians,certificate_iii_iv,1.3
2347,Veterinarians,year_12,0.9
2347,Veterinarians,year_11,0.2
2347,Veterinarians,year_10_and_below,0.5
2349,Other Natural and Physical Science Professionals,post_graduate_graduate_diploma_or_graduate_certificate,49.3
2349,Other Natural and Physical Science Professionals,bachelor_degree,43.7
2349,Other Natural and Physical Science Professionals,advanced_diploma_diploma,2.3
2349,Other Natural and Physical Science Professionals,certificate_iii_iv,1.1
2349,Other Natural and Physical Science Professionals,year_12,1.5
2349,Other Natural and Physical Science Professionals,year_11,0.1
2349,Other Natural and Physical Science Professionals,year_10_and_below,0.2
2411,Early Childhood (Pre-primary School) Teachers,post_graduate_graduate_diploma_or_graduate_certificate,21.4
2411,Early Childhood (Pre-primary School) Teachers,bachelor_degree,60.4
2411,Early Childhood (Pre-primary School) Teachers,advanced_diploma_diploma,10.4
2411,Early Childhood (Pre-primary School) Teachers,certificate_iii_iv,3.4
2411,Early Childhood (Pre-primary School) Teachers,year_12,2.1
2411,Early Childhood (Pre-primary School) Teachers,year_11,0.2
2411,Early Childhood (Pre-primary School) Teachers,year_10_and_below,0.3
2412,Primary School Teachers,post_graduate_graduate_diploma_or_graduate_certificate,24.2
2412,Primary School Teachers,bachelor_degree,69.2
2412,Primary School Teachers,advanced_diploma_diploma,4.3
2412,Primary School Teachers,certificate_iii_iv,0.3
2412,Primary School Teachers,year_12,0.9
2412,Primary School Teachers,year_11,0.1
2412,Primary School Teachers,year_10_and_below,0.1
2413,Middle School Teachers,post_graduate_graduate_diploma_or_graduate_certificate,35.9
2413,Middle School Teachers,bachelor_degree,60.1
2413,Middle School Teachers,advanced_diploma_diploma,1.5
2413,Middle School Teachers,certificate_iii_iv,1.5
2413,Middle School Teachers,year_12,0.7
2413,Middle School Teachers,year_11,0
2413,Middle School Teachers,year_10_and_below,0
2414,Secondary School Teachers,post_graduate_graduate_diploma_or_graduate_certificate,41.8
2414,Secondary School Teachers,bachelor_degree,54.3
2414,Secondary School Teachers,advanced_diploma_diploma,1.9
2414,Secondary School Teachers,certificate_iii_iv,0.3
2414,Secondary School Teachers,year_12,0.9
2414,Secondary School Teachers,year_11,0
2414,Secondary School Teachers,year_10_and_below,0
2415,Special Education Teachers,post_graduate_graduate_diploma_or_graduate_certificate,39.9
2415,Special Education Teachers,bachelor_degree,50.2
2415,Special Education Teachers,advanced_diploma_diploma,4.6
2415,Special Education Teachers,certificate_iii_iv,1.9
2415,Special Education Teachers,year_12,1.7
2415,Special Education Teachers,year_11,0.2
2415,Special Education Teachers,year_10_and_below,0.4
2421,University Lecturers and Tutors,post_graduate_graduate_diploma_or_graduate_certificate,80.2
2421,University Lecturers and Tutors,bachelor_degree,14.9
2421,University Lecturers and Tutors,advanced_diploma_diploma,0.8
2421,University Lecturers and Tutors,certificate_iii_iv,0.4
2421,University Lecturers and Tutors,year_12,2.8
2421,University Lecturers and Tutors,year_11,0
2421,University Lecturers and Tutors,year_10_and_below,0.1
2422,Vocational Education Teachers,post_graduate_graduate_diploma_or_graduate_certificate,24.6
2422,Vocational Education Teachers,bachelor_degree,24
2422,Vocational Education Teachers,advanced_diploma_diploma,23.3
2422,Vocational Education Teachers,certificate_iii_iv,22.2
2422,Vocational Education Teachers,year_12,2
2422,Vocational Education Teachers,year_11,0.5
2422,Vocational Education Teachers,year_10_and_below,1.1
2491,Education Advisers and Reviewers,post_graduate_graduate_diploma_or_graduate_certificate,48
2491,Education Advisers and Reviewers,bachelor_degree,34.5
2491,Education Advisers and Reviewers,advanced_diploma_diploma,7.8
2491,Education Advisers and Reviewers,certificate_iii_iv,3.9
2491,Education Advisers and Reviewers,year_12,3.3
2491,Education Advisers and Reviewers,year_11,0.5
2491,Education Advisers and Reviewers,year_10_and_below,0.8
2492,Private Tutors and Teachers,post_graduate_graduate_diploma_or_graduate_certificate,16.9
2492,Private Tutors and Teachers,bachelor_degree,30.3
2492,Private Tutors and Teachers,advanced_diploma_diploma,12.1
2492,Private Tutors and Teachers,certificate_iii_iv,5.9
2492,Private Tutors and Teachers,year_12,24.8
2492,Private Tutors and Teachers,year_11,2.5
2492,Private Tutors and Teachers,year_10_and_below,4.3
2493,Teachers of English to Speakers of Other Languages,post_graduate_graduate_diploma_or_graduate_certificate,56.3
2493,Teachers of English to Speakers of Other Languages,bachelor_degree,35.5
2493,Teachers of English to Speakers of Other Languages,advanced_diploma_diploma,3.3
2493,Teachers of English to Speakers of Other Languages,certificate_iii_iv,0.7
2493,Teachers of English to Speakers of Other Languages,year_12,1.9
2493,Teachers of English to Speakers of Other Languages,year_11,0.2
2493,Teachers of English to Speakers of Other Languages,year_10_and_below,0.2
2511,Nutrition Professionals,post_graduate_graduate_diploma_or_graduate_certificate,49.7
2511,Nutrition Professionals,bachelor_degree,43.2
2511,Nutrition Professionals,advanced_diploma_diploma,3.7
2511,Nutrition Professionals,certificate_iii_iv,1.4
2511,Nutrition Professionals,year_12,0.6
2511,Nutrition Professionals,year_11,0.1
2511,Nutrition Professionals,year_10_and_below,0.1
2512,Medical Imaging Professionals,post_graduate_graduate_diploma_or_graduate_certificate,35.1
2512,Medical Imaging Professionals,bachelor_degree,53.1
2512,Medical Imaging Professionals,advanced_diploma_diploma,9.1
2512,Medical Imaging Professionals,certificate_iii_iv,0.3
2512,Medical Imaging Professionals,year_12,0.8
2512,Medical Imaging Professionals,year_11,0.1
2512,Medical Imaging Professionals,year_10_and_below,0.1
2513,Occupational and Environmental Health Professionals,post_graduate_graduate_diploma_or_graduate_certificate,19
2513,Occupational and Environmental Health Professionals,bachelor_degree,27.2
2513,Occupational and Environmental Health Professionals,advanced_diploma_diploma,23.7
2513,Occupational and Environmental Health Professionals,certificate_iii_iv,16.8
2513,Occupational and Environmental Health Professionals,year_12,6
2513,Occupational and Environmental Health Professionals,year_11,1.4
2513,Occupational and Environmental Health Professionals,year_10_and_below,2.8
2514,Optometrists and Orthoptists,post_graduate_graduate_diploma_or_graduate_certificate,40.8
2514,Optometrists and Orthoptists,bachelor_degree,52.5
2514,Optometrists and Orthoptists,advanced_diploma_diploma,3.3
2514,Optometrists and Orthoptists,certificate_iii_iv,0.6
2514,Optometrists and Orthoptists,year_12,1
2514,Optometrists and Orthoptists,year_11,0.1
2514,Optometrists and Orthoptists,year_10_and_below,0.2
2515,Pharmacists,post_graduate_graduate_diploma_or_graduate_certificate,23
2515,Pharmacists,bachelor_degree,69.8
2515,Pharmacists,advanced_diploma_diploma,0.6
2515,Pharmacists,certificate_iii_iv,0.8
2515,Pharmacists,year_12,3.5
2515,Pharmacists,year_11,0.2
2515,Pharmacists,year_10_and_below,0.4
2519,Other Health Diagnostic and Promotion Professionals,post_graduate_graduate_diploma_or_graduate_certificate,39.1
2519,Other Health Diagnostic and Promotion Professionals,bachelor_degree,36.5
2519,Other Health Diagnostic and Promotion Professionals,advanced_diploma_diploma,9.6
2519,Other Health Diagnostic and Promotion Professionals,certificate_iii_iv,5.9
2519,Other Health Diagnostic and Promotion Professionals,year_12,4.7
2519,Other Health Diagnostic and Promotion Professionals,year_11,0.7
2519,Other Health Diagnostic and Promotion Professionals,year_10_and_below,1.3
2521,Chiropractors and Osteopaths,post_graduate_graduate_diploma_or_graduate_certificate,57.1
2521,Chiropractors and Osteopaths,bachelor_degree,39.1
2521,Chiropractors and Osteopaths,advanced_diploma_diploma,1.7
2521,Chiropractors and Osteopaths,certificate_iii_iv,0
2521,Chiropractors and Osteopaths,year_12,0.4
2521,Chiropractors and Osteopaths,year_11,0
2521,Chiropractors and Osteopaths,year_10_and_below,0.1
2522,Complementary Health Therapists,post_graduate_graduate_diploma_or_graduate_certificate,21.5
2522,Complementary Health Therapists,bachelor_degree,49.9
2522,Complementary Health Therapists,advanced_diploma_diploma,21.1
2522,Complementary Health Therapists,certificate_iii_iv,1.2
2522,Complementary Health Therapists,year_12,1.6
2522,Complementary Health Therapists,year_11,0.3
2522,Complementary Health Therapists,year_10_and_below,0.4
2523,Dental Practitioners,post_graduate_graduate_diploma_or_graduate_certificate,30.2
2523,Dental Practitioners,bachelor_degree,64.8
2523,Dental Practitioners,advanced_diploma_diploma,0.9
2523,Dental Practitioners,certificate_iii_iv,0.7
2523,Dental Practitioners,year_12,1
2523,Dental Practitioners,year_11,0.1
2523,Dental Practitioners,year_10_and_below,0.2
2524,Occupational Therapists,post_graduate_graduate_diploma_or_graduate_certificate,26.5
2524,Occupational Therapists,bachelor_degree,71
2524,Occupational Therapists,advanced_diploma_diploma,0.8
2524,Occupational Therapists,certificate_iii_iv,0.2
2524,Occupational Therapists,year_12,0.6
2524,Occupational Therapists,year_11,0
2524,Occupational Therapists,year_10_and_below,0.1
2525,Physiotherapists,post_graduate_graduate_diploma_or_graduate_certificate,38.4
2525,Physiotherapists,bachelor_degree,58.6
2525,Physiotherapists,advanced_diploma_diploma,1.4
2525,Physiotherapists,certificate_iii_iv,0.2
2525,Physiotherapists,year_12,0.4
2525,Physiotherapists,year_11,0
2525,Physiotherapists,year_10_and_below,0
2526,Podiatrists,post_graduate_graduate_diploma_or_graduate_certificate,25.7
2526,Podiatrists,bachelor_degree,65.1
2526,Podiatrists,advanced_diploma_diploma,6.7
2526,Podiatrists,certificate_iii_iv,0.3
2526,Podiatrists,year_12,0.3
2526,Podiatrists,year_11,0
2526,Podiatrists,year_10_and_below,0.1
2527,Audiologists and Speech Pathologists \ Therapists,post_graduate_graduate_diploma_or_graduate_certificate,44.3
2527,Audiologists and Speech Pathologists \ Therapists,bachelor_degree,53.4
2527,Audiologists and Speech Pathologists \ Therapists,advanced_diploma_diploma,0.7
2527,Audiologists and Speech Pathologists \ Therapists,certificate_iii_iv,0.3
2527,Audiologists and Speech Pathologists \ Therapists,year_12,0.6
2527,Audiologists and Speech Pathologists \ Therapists,year_11,0
2527,Audiologists and Speech Pathologists \ Therapists,year_10_and_below,0
2531,General Practitioners and Resident Medical Officers,post_graduate_graduate_diploma_or_graduate_certificate,39.9
2531,General Practitioners and Resident Medical Officers,bachelor_degree,56.6
2531,General Practitioners and Resident Medical Officers,advanced_diploma_diploma,0.6
2531,General Practitioners and Resident Medical Officers,certificate_iii_iv,0.2
2531,General Practitioners and Resident Medical Officers,year_12,0.4
2531,General Practitioners and Resident Medical Officers,year_11,0
2531,General Practitioners and Resident Medical Officers,year_10_and_below,0.1
2532,Anaesthetists,post_graduate_graduate_diploma_or_graduate_certificate,50.3
2532,Anaesthetists,bachelor_degree,46.7
2532,Anaesthetists,advanced_diploma_diploma,0.7
2532,Anaesthetists,certificate_iii_iv,0
2532,Anaesthetists,year_12,0.2
2532,Anaesthetists,year_11,0
2532,Anaesthetists,year_10_and_below,0
2533,Specialist Physicians,post_graduate_graduate_diploma_or_graduate_certificate,51.2
2533,Specialist Physicians,bachelor_degree,44.6
2533,Specialist Physicians,advanced_diploma_diploma,0.6
2533,Specialist Physicians,certificate_iii_iv,0.1
2533,Specialist Physicians,year_12,0.3
2533,Specialist Physicians,year_11,0
2533,Specialist Physicians,year_10_and_below,0.1
2534,Psychiatrists,post_graduate_graduate_diploma_or_graduate_certificate,67.5
2534,Psychiatrists,bachelor_degree,30.2
2534,Psychiatrists,advanced_diploma_diploma,0.6
2534,Psychiatrists,certificate_iii_iv,0.1
2534,Psychiatrists,year_12,0.3
2534,Psychiatrists,year_11,0
2534,Psychiatrists,year_10_and_below,0
2535,Surgeons,post_graduate_graduate_diploma_or_graduate_certificate,51.7
2535,Surgeons,bachelor_degree,44.7
2535,Surgeons,advanced_diploma_diploma,0.8
2535,Surgeons,certificate_iii_iv,0.3
2535,Surgeons,year_12,0.6
2535,Surgeons,year_11,0.1
2535,Surgeons,year_10_and_below,0.1
2539,Other Medical Practitioners,post_graduate_graduate_diploma_or_graduate_certificate,42.9
2539,Other Medical Practitioners,bachelor_degree,47.1
2539,Other Medical Practitioners,advanced_diploma_diploma,2.1
2539,Other Medical Practitioners,certificate_iii_iv,2
2539,Other Medical Practitioners,year_12,1.6
2539,Other Medical Practitioners,year_11,0.2
2539,Other Medical Practitioners,year_10_and_below,0.5
2541,Midwives,post_graduate_graduate_diploma_or_graduate_certificate,29.2
2541,Midwives,bachelor_degree,65.2
2541,Midwives,advanced_diploma_diploma,3.2
2541,Midwives,certificate_iii_iv,0.2
2541,Midwives,year_12,0.8
2541,Midwives,year_11,0.1
2541,Midwives,year_10_and_below,0
2542,Nurse Educators and Researchers,post_graduate_graduate_diploma_or_graduate_certificate,54.3
2542,Nurse Educators and Researchers,bachelor_degree,37.4
2542,Nurse Educators and Researchers,advanced_diploma_diploma,5.7
2542,Nurse Educators and Researchers,certificate_iii_iv,0.6
2542,Nurse Educators and Researchers,year_12,0.4
2542,Nurse Educators and Researchers,year_11,0.1
2542,Nurse Educators and Researchers,year_10_and_below,0
2543,Nurse Managers,post_graduate_graduate_diploma_or_graduate_certificate,38.2
2543,Nurse Managers,bachelor_degree,49.7
2543,Nurse Managers,advanced_diploma_diploma,8.5
2543,Nurse Managers,certificate_iii_iv,0.8
2543,Nurse Managers,year_12,0.6
2543,Nurse Managers,year_11,0.1
2543,Nurse Managers,year_10_and_below,0.1
2544,Registered Nurses,post_graduate_graduate_diploma_or_graduate_certificate,20
2544,Registered Nurses,bachelor_degree,63.7
2544,Registered Nurses,advanced_diploma_diploma,9
2544,Registered Nurses,certificate_iii_iv,2.6
2544,Registered Nurses,year_12,1.2
2544,Registered Nurses,year_11,0.1
2544,Registered Nurses,year_10_and_below,0.5
2611,ICT Business and Systems Analysts,post_graduate_graduate_diploma_or_graduate_certificate,29.3
2611,ICT Business and Systems Analysts,bachelor_degree,47.3
2611,ICT Business and Systems Analysts,advanced_diploma_diploma,8.3
2611,ICT Business and Systems Analysts,certificate_iii_iv,3.7
2611,ICT Business and Systems Analysts,year_12,7
2611,ICT Business and Systems Analysts,year_11,0.8
2611,ICT Business and Systems Analysts,year_10_and_below,0.9
2612,Multimedia Specialists and Web Developers,post_graduate_graduate_diploma_or_graduate_certificate,20.3
2612,Multimedia Specialists and Web Developers,bachelor_degree,47.9
2612,Multimedia Specialists and Web Developers,advanced_diploma_diploma,12.5
2612,Multimedia Specialists and Web Developers,certificate_iii_iv,4.9
2612,Multimedia Specialists and Web Developers,year_12,9.8
2612,Multimedia Specialists and Web Developers,year_11,0.8
2612,Multimedia Specialists and Web Developers,year_10_and_below,1.2
2613,Software and Applications Programmers,post_graduate_graduate_diploma_or_graduate_certificate,27.4
2613,Software and Applications Programmers,bachelor_degree,56.3
2613,Software and Applications Programmers,advanced_diploma_diploma,5.1
2613,Software and Applications Programmers,certificate_iii_iv,2.2
2613,Software and Applications Programmers,year_12,6
2613,Software and Applications Programmers,year_11,0.4
2613,Software and Applications Programmers,year_10_and_below,0.5
2621,"Database and Systems Administrators, and ICT Security Specialists",post_graduate_graduate_diploma_or_graduate_certificate,21.5
2621,"Database and Systems Administrators, and ICT Security Specialists",bachelor_degree,38.6
2621,"Database and Systems Administrators, and ICT Security Specialists",advanced_diploma_diploma,13.3
2621,"Database and Systems Administrators, and ICT Security Specialists",certificate_iii_iv,8.9
2621,"Database and Systems Administrators, and ICT Security Specialists",year_12,10.5
2621,"Database and Systems Administrators, and ICT Security Specialists",year_11,1.3
2621,"Database and Systems Administrators, and ICT Security Specialists",year_10_and_below,1.6
2631,Computer Network Professionals,post_graduate_graduate_diploma_or_graduate_certificate,20.9
2631,Computer Network Professionals,bachelor_degree,38.9
2631,Computer Network Professionals,advanced_diploma_diploma,15.5
2631,Computer Network Professionals,certificate_iii_iv,8.4
2631,Computer Network Professionals,year_12,9.3
2631,Computer Network Professionals,year_11,1
2631,Computer Network Professionals,year_10_and_below,1.2
2632,ICT Support and Test Engineers,post_graduate_graduate_diploma_or_graduate_certificate,22.1
2632,ICT Support and Test Engineers,bachelor_degree,46.5
2632,ICT Support and Test Engineers,advanced_diploma_diploma,11.8
2632,ICT Support and Test Engineers,certificate_iii_iv,6.8
2632,ICT Support and Test Engineers,year_12,8.2
2632,ICT Support and Test Engineers,year_11,0.7
2632,ICT Support and Test Engineers,year_10_and_below,0.9
2633,Telecommunications Engineering Professionals,post_graduate_graduate_diploma_or_graduate_certificate,26.3
2633,Telecommunications Engineering Professionals,bachelor_degree,44.1
2633,Telecommunications Engineering Professionals,advanced_diploma_diploma,11.5
2633,Telecommunications Engineering Professionals,certificate_iii_iv,8
2633,Telecommunications Engineering Professionals,year_12,5.6
2633,Telecommunications Engineering Professionals,year_11,0.5
2633,Telecommunications Engineering Professionals,year_10_and_below,0.8
2711,Barristers,post_graduate_graduate_diploma_or_graduate_certificate,37.3
2711,Barristers,bachelor_degree,53.8
2711,Barristers,advanced_diploma_diploma,4.2
2711,Barristers,certificate_iii_iv,0.9
2711,Barristers,year_12,1.9
2711,Barristers,year_11,0.3
2711,Barristers,year_10_and_below,0.3
2712,Judicial and Other Legal Professionals,post_graduate_graduate_diploma_or_graduate_certificate,36.8
2712,Judicial and Other Legal Professionals,bachelor_degree,48.3
2712,Judicial and Other Legal Professionals,advanced_diploma_diploma,4
2712,Judicial and Other Legal Professionals,certificate_iii_iv,2.9
2712,Judicial and Other Legal Professionals,year_12,5
2712,Judicial and Other Legal Professionals,year_11,0.4
2712,Judicial and Other Legal Professionals,year_10_and_below,0.9
2713,Solicitors,post_graduate_graduate_diploma_or_graduate_certificate,32.8
2713,Solicitors,bachelor_degree,64.7
2713,Solicitors,advanced_diploma_diploma,0.5
2713,Solicitors,certificate_iii_iv,0.1
2713,Solicitors,year_12,0.5
2713,Solicitors,year_11,0
2713,Solicitors,year_10_and_below,0.1
2721,Counsellors,post_graduate_graduate_diploma_or_graduate_certificate,38.7
2721,Counsellors,bachelor_degree,34.2
2721,Counsellors,advanced_diploma_diploma,13.2
2721,Counsellors,certificate_iii_iv,6
2721,Counsellors,year_12,4.2
2721,Counsellors,year_11,0.6
2721,Counsellors,year_10_and_below,1.2
2722,Ministers of Religion,post_graduate_graduate_diploma_or_graduate_certificate,32.2
2722,Ministers of Religion,bachelor_degree,38.1
2722,Ministers of Religion,advanced_diploma_diploma,15.8
2722,Ministers of Religion,certificate_iii_iv,5.5
2722,Ministers of Religion,year_12,4.1
2722,Ministers of Religion,year_11,0.4
2722,Ministers of Religion,year_10_and_below,1.4
2723,Psychologists and Psychotherapists,post_graduate_graduate_diploma_or_graduate_certificate,77
2723,Psychologists and Psychotherapists,bachelor_degree,19.6
2723,Psychologists and Psychotherapists,advanced_diploma_diploma,1.5
2723,Psychologists and Psychotherapists,certificate_iii_iv,0.2
2723,Psychologists and Psychotherapists,year_12,0.6
2723,Psychologists and Psychotherapists,year_11,0
2723,Psychologists and Psychotherapists,year_10_and_below,0
2724,Social Professionals,post_graduate_graduate_diploma_or_graduate_certificate,39.2
2724,Social Professionals,bachelor_degree,30.6
2724,Social Professionals,advanced_diploma_diploma,12.8
2724,Social Professionals,certificate_iii_iv,4.4
2724,Social Professionals,year_12,6
2724,Social Professionals,year_11,1.1
2724,Social Professionals,year_10_and_below,2.5
2725,Social Workers,post_graduate_graduate_diploma_or_graduate_certificate,30.2
2725,Social Workers,bachelor_degree,51.5
2725,Social Workers,advanced_diploma_diploma,9.3
2725,Social Workers,certificate_iii_iv,4
2725,Social Workers,year_12,2.4
2725,Social Workers,year_11,0.4
2725,Social Workers,year_10_and_below,0.7
2726,"Welfare, Recreation and Community Arts Workers",post_graduate_graduate_diploma_or_graduate_certificate,19
2726,"Welfare, Recreation and Community Arts Workers",bachelor_degree,38.5
2726,"Welfare, Recreation and Community Arts Workers",advanced_diploma_diploma,19.2
2726,"Welfare, Recreation and Community Arts Workers",certificate_iii_iv,11.9
2726,"Welfare, Recreation and Community Arts Workers",year_12,5.3
2726,"Welfare, Recreation and Community Arts Workers",year_11,1.2
2726,"Welfare, Recreation and Community Arts Workers",year_10_and_below,2.5
3111,Agricultural Technicians,post_graduate_graduate_diploma_or_graduate_certificate,11.7
3111,Agricultural Technicians,bachelor_degree,32.5
3111,Agricultural Technicians,advanced_diploma_diploma,11.1
3111,Agricultural Technicians,certificate_iii_iv,19.7
3111,Agricultural Technicians,year_12,13.1
3111,Agricultural Technicians,year_11,2.9
3111,Agricultural Technicians,year_10_and_below,6.3
3112,Medical Technicians,post_graduate_graduate_diploma_or_graduate_certificate,7.9
3112,Medical Technicians,bachelor_degree,25.2
3112,Medical Technicians,advanced_diploma_diploma,15.7
3112,Medical Technicians,certificate_iii_iv,27
3112,Medical Technicians,year_12,12
3112,Medical Technicians,year_11,2.1
3112,Medical Technicians,year_10_and_below,4.2
3113,Primary Products Inspectors,post_graduate_graduate_diploma_or_graduate_certificate,8.2
3113,Primary Products Inspectors,bachelor_degree,27.5
3113,Primary Products Inspectors,advanced_diploma_diploma,15.9
3113,Primary Products Inspectors,certificate_iii_iv,24.3
3113,Primary Products Inspectors,year_12,10.6
3113,Primary Products Inspectors,year_11,3.1
3113,Primary Products Inspectors,year_10_and_below,5.3
3114,Science Technicians,post_graduate_graduate_diploma_or_graduate_certificate,13.4
3114,Science Technicians,bachelor_degree,33.7
3114,Science Technicians,advanced_diploma_diploma,15.8
3114,Science Technicians,certificate_iii_iv,15.8
3114,Science Technicians,year_12,11.3
3114,Science Technicians,year_11,2.1
3114,Science Technicians,year_10_and_below,4.2
3121,"Architectural, Building and Surveying Technicians",post_graduate_graduate_diploma_or_graduate_certificate,6.9
3121,"Architectural, Building and Surveying Technicians",bachelor_degree,16.9
3121,"Architectural, Building and Surveying Technicians",advanced_diploma_diploma,19.6
3121,"Architectural, Building and Surveying Technicians",certificate_iii_iv,37.8
3121,"Architectural, Building and Surveying Technicians",year_12,8.1
3121,"Architectural, Building and Surveying Technicians",year_11,2
3121,"Architectural, Building and Surveying Technicians",year_10_and_below,5
3122,Civil Engineering Draftspersons and Technicians,post_graduate_graduate_diploma_or_graduate_certificate,5.8
3122,Civil Engineering Draftspersons and Technicians,bachelor_degree,19.4
3122,Civil Engineering Draftspersons and Technicians,advanced_diploma_diploma,34.7
3122,Civil Engineering Draftspersons and Technicians,certificate_iii_iv,18.6
3122,Civil Engineering Draftspersons and Technicians,year_12,12.7
3122,Civil Engineering Draftspersons and Technicians,year_11,1.9
3122,Civil Engineering Draftspersons and Technicians,year_10_and_below,2.7
3123,"Electrical Engineering Draftspersons, Technicians",post_graduate_graduate_diploma_or_graduate_certificate,4
3123,"Electrical Engineering Draftspersons, Technicians",bachelor_degree,12.3
3123,"Electrical Engineering Draftspersons, Technicians",advanced_diploma_diploma,22.9
3123,"Electrical Engineering Draftspersons, Technicians",certificate_iii_iv,48
3123,"Electrical Engineering Draftspersons, Technicians",year_12,7
3123,"Electrical Engineering Draftspersons, Technicians",year_11,1.3
3123,"Electrical Engineering Draftspersons, Technicians",year_10_and_below,2
3124,"Electronic Engineering Draftspersons, Technicians",post_graduate_graduate_diploma_or_graduate_certificate,5.7
3124,"Electronic Engineering Draftspersons, Technicians",bachelor_degree,16.1
3124,"Electronic Engineering Draftspersons, Technicians",advanced_diploma_diploma,25.8
3124,"Electronic Engineering Draftspersons, Technicians",certificate_iii_iv,35.3
3124,"Electronic Engineering Draftspersons, Technicians",year_12,9.7
3124,"Electronic Engineering Draftspersons, Technicians",year_11,1.6
3124,"Electronic Engineering Draftspersons, Technicians",year_10_and_below,2.3
3125,"Mechanical Engineering Draftspersons, Technicians",post_graduate_graduate_diploma_or_graduate_certificate,5.6
3125,"Mechanical Engineering Draftspersons, Technicians",bachelor_degree,17.3
3125,"Mechanical Engineering Draftspersons, Technicians",advanced_diploma_diploma,29.8
3125,"Mechanical Engineering Draftspersons, Technicians",certificate_iii_iv,32.4
3125,"Mechanical Engineering Draftspersons, Technicians",year_12,7.9
3125,"Mechanical Engineering Draftspersons, Technicians",year_11,1.5
3125,"Mechanical Engineering Draftspersons, Technicians",year_10_and_below,2
3126,Safety Inspectors,post_graduate_graduate_diploma_or_graduate_certificate,15.1
3126,Safety Inspectors,bachelor_degree,18.1
3126,Safety Inspectors,advanced_diploma_diploma,24.1
3126,Safety Inspectors,certificate_iii_iv,25.2
3126,Safety Inspectors,year_12,7.3
3126,Safety Inspectors,year_11,2
3126,Safety Inspectors,year_10_and_below,4.5
3129,Other Building and Engineering Technicians,post_graduate_graduate_diploma_or_graduate_certificate,5
3129,Other Building and Engineering Technicians,bachelor_degree,11.6
3129,Other Building and Engineering Technicians,advanced_diploma_diploma,15.6
3129,Other Building and Engineering Technicians,certificate_iii_iv,45.3
3129,Other Building and Engineering Technicians,year_12,9.6
3129,Other Building and Engineering Technicians,year_11,2.5
3129,Other Building and Engineering Technicians,year_10_and_below,6.3
3131,ICT Support Technicians,post_graduate_graduate_diploma_or_graduate_certificate,13.7
3131,ICT Support Technicians,bachelor_degree,31.8
3131,ICT Support Technicians,advanced_diploma_diploma,16.4
3131,ICT Support Technicians,certificate_iii_iv,13.5
3131,ICT Support Technicians,year_12,15.9
3131,ICT Support Technicians,year_11,2
3131,ICT Support Technicians,year_10_and_below,2.4
3132,Telecommunications Technical Specialists,post_graduate_graduate_diploma_or_graduate_certificate,11.4
3132,Telecommunications Technical Specialists,bachelor_degree,22.2
3132,Telecommunications Technical Specialists,advanced_diploma_diploma,22.6
3132,Telecommunications Technical Specialists,certificate_iii_iv,27.8
3132,Telecommunications Technical Specialists,year_12,8
3132,Telecommunications Technical Specialists,year_11,1.5
3132,Telecommunications Technical Specialists,year_10_and_below,2.8
3211,Automotive Electricians,post_graduate_graduate_diploma_or_graduate_certificate,0.5
3211,Automotive Electricians,bachelor_degree,1.8
3211,Automotive Electricians,advanced_diploma_diploma,3.1
3211,Automotive Electricians,certificate_iii_iv,75.9
3211,Automotive Electricians,year_12,9.6
3211,Automotive Electricians,year_11,2.7
3211,Automotive Electricians,year_10_and_below,4.5
3212,Motor Mechanics,post_graduate_graduate_diploma_or_graduate_certificate,0.7
3212,Motor Mechanics,bachelor_degree,2.5
3212,Motor Mechanics,advanced_diploma_diploma,5.7
3212,Motor Mechanics,certificate_iii_iv,68.6
3212,Motor Mechanics,year_12,9.4
3212,Motor Mechanics,year_11,3.4
3212,Motor Mechanics,year_10_and_below,7.2
3221,"Metal Casting, Forging and Finishing Trades",post_graduate_graduate_diploma_or_graduate_certificate,0.5
3221,"Metal Casting, Forging and Finishing Trades",bachelor_degree,4.7
3221,"Metal Casting, Forging and Finishing Trades",advanced_diploma_diploma,4.6
3221,"Metal Casting, Forging and Finishing Trades",certificate_iii_iv,45.7
3221,"Metal Casting, Forging and Finishing Trades",year_12,14.1
3221,"Metal Casting, Forging and Finishing Trades",year_11,4.8
3221,"Metal Casting, Forging and Finishing Trades",year_10_and_below,20.6
3222,Sheetmetal Trades Workers,post_graduate_graduate_diploma_or_graduate_certificate,0.4
3222,Sheetmetal Trades Workers,bachelor_degree,1.8
3222,Sheetmetal Trades Workers,advanced_diploma_diploma,3
3222,Sheetmetal Trades Workers,certificate_iii_iv,62.4
3222,Sheetmetal Trades Workers,year_12,13.1
3222,Sheetmetal Trades Workers,year_11,4.7
3222,Sheetmetal Trades Workers,year_10_and_below,11.8
3223,Structural Steel and Welding Trades Workers,post_graduate_graduate_diploma_or_graduate_certificate,0.4
3223,Structural Steel and Welding Trades Workers,bachelor_degree,2.1
3223,Structural Steel and Welding Trades Workers,advanced_diploma_diploma,3.3
3223,Structural Steel and Welding Trades Workers,certificate_iii_iv,66.1
3223,Structural Steel and Welding Trades Workers,year_12,10.3
3223,Structural Steel and Welding Trades Workers,year_11,3.9
3223,Structural Steel and Welding Trades Workers,year_10_and_below,10.8
3231,Aircraft Maintenance Engineers,post_graduate_graduate_diploma_or_graduate_certificate,2.9
3231,Aircraft Maintenance Engineers,bachelor_degree,6.9
3231,Aircraft Maintenance Engineers,advanced_diploma_diploma,18.5
3231,Aircraft Maintenance Engineers,certificate_iii_iv,60
3231,Aircraft Maintenance Engineers,year_12,7.6
3231,Aircraft Maintenance Engineers,year_11,1
3231,Aircraft Maintenance Engineers,year_10_and_below,1.2
3232,Metal Fitters and Machinists,post_graduate_graduate_diploma_or_graduate_certificate,0.5
3232,Metal Fitters and Machinists,bachelor_degree,2.2
3232,Metal Fitters and Machinists,advanced_diploma_diploma,5.2
3232,Metal Fitters and Machinists,certificate_iii_iv,75.4
3232,Metal Fitters and Machinists,year_12,7.5
3232,Metal Fitters and Machinists,year_11,2.3
3232,Metal Fitters and Machinists,year_10_and_below,4.9
3233,Precision Metal Trades Workers,post_graduate_graduate_diploma_or_graduate_certificate,2.7
3233,Precision Metal Trades Workers,bachelor_degree,7.8
3233,Precision Metal Trades Workers,advanced_diploma_diploma,7.8
3233,Precision Metal Trades Workers,certificate_iii_iv,55
3233,Precision Metal Trades Workers,year_12,12
3233,Precision Metal Trades Workers,year_11,3.6
3233,Precision Metal Trades Workers,year_10_and_below,7.5
3234,Toolmakers and Engineering Patternmakers,post_graduate_graduate_diploma_or_graduate_certificate,1.1
3234,Toolmakers and Engineering Patternmakers,bachelor_degree,3.6
3234,Toolmakers and Engineering Patternmakers,advanced_diploma_diploma,16.9
3234,Toolmakers and Engineering Patternmakers,certificate_iii_iv,59
3234,Toolmakers and Engineering Patternmakers,year_12,6.3
3234,Toolmakers and Engineering Patternmakers,year_11,1.8
3234,Toolmakers and Engineering Patternmakers,year_10_and_below,6.8
3241,Panelbeaters,post_graduate_graduate_diploma_or_graduate_certificate,0.2
3241,Panelbeaters,bachelor_degree,1.4
3241,Panelbeaters,advanced_diploma_diploma,2.1
3241,Panelbeaters,certificate_iii_iv,71.6
3241,Panelbeaters,year_12,8.1
3241,Panelbeaters,year_11,2.9
3241,Panelbeaters,year_10_and_below,10.6
3242,Vehicle Body Builders and Trimmers,post_graduate_graduate_diploma_or_graduate_certificate,0.6
3242,Vehicle Body Builders and Trimmers,bachelor_degree,2.2
3242,Vehicle Body Builders and Trimmers,advanced_diploma_diploma,3.9
3242,Vehicle Body Builders and Trimmers,certificate_iii_iv,53.4
3242,Vehicle Body Builders and Trimmers,year_12,13.3
3242,Vehicle Body Builders and Trimmers,year_11,5.4
3242,Vehicle Body Builders and Trimmers,year_10_and_below,17.5
3243,Vehicle Painters,post_graduate_graduate_diploma_or_graduate_certificate,0.2
3243,Vehicle Painters,bachelor_degree,1.4
3243,Vehicle Painters,advanced_diploma_diploma,2
3243,Vehicle Painters,certificate_iii_iv,67.7
3243,Vehicle Painters,year_12,9.7
3243,Vehicle Painters,year_11,4.1
3243,Vehicle Painters,year_10_and_below,12.1
3311,Bricklayers and Stonemasons,post_graduate_graduate_diploma_or_graduate_certificate,0.4
3311,Bricklayers and Stonemasons,bachelor_degree,2
3311,Bricklayers and Stonemasons,advanced_diploma_diploma,3.1
3311,Bricklayers and Stonemasons,certificate_iii_iv,58.1
3311,Bricklayers and Stonemasons,year_12,11.9
3311,Bricklayers and Stonemasons,year_11,4.8
3311,Bricklayers and Stonemasons,year_10_and_below,15.8
3312,Carpenters and Joiners,post_graduate_graduate_diploma_or_graduate_certificate,0.5
3312,Carpenters and Joiners,bachelor_degree,2.8
3312,Carpenters and Joiners,advanced_diploma_diploma,3.7
3312,Carpenters and Joiners,certificate_iii_iv,67.1
3312,Carpenters and Joiners,year_12,12.7
3312,Carpenters and Joiners,year_11,4
3312,Carpenters and Joiners,year_10_and_below,7.4
3321,Floor Finishers,post_graduate_graduate_diploma_or_graduate_certificate,0.6
3321,Floor Finishers,bachelor_degree,3.5
3321,Floor Finishers,advanced_diploma_diploma,4
3321,Floor Finishers,certificate_iii_iv,40
3321,Floor Finishers,year_12,19.1
3321,Floor Finishers,year_11,7.2
3321,Floor Finishers,year_10_and_below,22.3
3322,Painting Trades Workers,post_graduate_graduate_diploma_or_graduate_certificate,1.4
3322,Painting Trades Workers,bachelor_degree,4.2
3322,Painting Trades Workers,advanced_diploma_diploma,4.8
3322,Painting Trades Workers,certificate_iii_iv,51.7
3322,Painting Trades Workers,year_12,14.3
3322,Painting Trades Workers,year_11,4.2
3322,Painting Trades Workers,year_10_and_below,14.7
3331,Glaziers,post_graduate_graduate_diploma_or_graduate_certificate,0.6
3331,Glaziers,bachelor_degree,2.3
3331,Glaziers,advanced_diploma_diploma,2.6
3331,Glaziers,certificate_iii_iv,56.1
3331,Glaziers,year_12,15.2
3331,Glaziers,year_11,5.4
3331,Glaziers,year_10_and_below,15.1
3332,Plasterers,post_graduate_graduate_diploma_or_graduate_certificate,0.7
3332,Plasterers,bachelor_degree,2.6
3332,Plasterers,advanced_diploma_diploma,3.9
3332,Plasterers,certificate_iii_iv,46.6
3332,Plasterers,year_12,17
3332,Plasterers,year_11,5.5
3332,Plasterers,year_10_and_below,18.9
3333,Roof Tilers,post_graduate_graduate_diploma_or_graduate_certificate,0.4
3333,Roof Tilers,bachelor_degree,1.6
3333,Roof Tilers,advanced_diploma_diploma,1.9
3333,Roof Tilers,certificate_iii_iv,50.6
3333,Roof Tilers,year_12,14.2
3333,Roof Tilers,year_11,6.8
3333,Roof Tilers,year_10_and_below,21.3
3334,Wall and Floor Tilers,post_graduate_graduate_diploma_or_graduate_certificate,0.8
3334,Wall and Floor Tilers,bachelor_degree,4.4
3334,Wall and Floor Tilers,advanced_diploma_diploma,4.5
3334,Wall and Floor Tilers,certificate_iii_iv,49.5
3334,Wall and Floor Tilers,year_12,15.1
3334,Wall and Floor Tilers,year_11,3.4
3334,Wall and Floor Tilers,year_10_and_below,14.5
3341,Plumbers,post_graduate_graduate_diploma_or_graduate_certificate,0.2
3341,Plumbers,bachelor_degree,1.2
3341,Plumbers,advanced_diploma_diploma,2.6
3341,Plumbers,certificate_iii_iv,72.7
3341,Plumbers,year_12,10.6
3341,Plumbers,year_11,4.2
3341,Plumbers,year_10_and_below,7.2
3411,Electricians,post_graduate_graduate_diploma_or_graduate_certificate,0.6
3411,Electricians,bachelor_degree,2.7
3411,Electricians,advanced_diploma_diploma,5.4
3411,Electricians,certificate_iii_iv,73.1
3411,Electricians,year_12,12.2
3411,Electricians,year_11,2.3
3411,Electricians,year_10_and_below,2.6
3421,Airconditioning and Refrigeration Mechanics,post_graduate_graduate_diploma_or_graduate_certificate,0.5
3421,Airconditioning and Refrigeration Mechanics,bachelor_degree,2.6
3421,Airconditioning and Refrigeration Mechanics,advanced_diploma_diploma,4.8
3421,Airconditioning and Refrigeration Mechanics,certificate_iii_iv,69.2
3421,Airconditioning and Refrigeration Mechanics,year_12,12.8
3421,Airconditioning and Refrigeration Mechanics,year_11,3.2
3421,Airconditioning and Refrigeration Mechanics,year_10_and_below,5.4
3422,Electrical Distribution Trades Workers,post_graduate_graduate_diploma_or_graduate_certificate,0.2
3422,Electrical Distribution Trades Workers,bachelor_degree,2.2
3422,Electrical Distribution Trades Workers,advanced_diploma_diploma,4.3
3422,Electrical Distribution Trades Workers,certificate_iii_iv,80.9
3422,Electrical Distribution Trades Workers,year_12,6.6
3422,Electrical Distribution Trades Workers,year_11,1.4
3422,Electrical Distribution Trades Workers,year_10_and_below,3
3423,Electronics Trades Workers,post_graduate_graduate_diploma_or_graduate_certificate,3.4
3423,Electronics Trades Workers,bachelor_degree,12.8
3423,Electronics Trades Workers,advanced_diploma_diploma,15.6
3423,Electronics Trades Workers,certificate_iii_iv,36.5
3423,Electronics Trades Workers,year_12,18
3423,Electronics Trades Workers,year_11,3.2
3423,Electronics Trades Workers,year_10_and_below,5.2
3424,Telecommunications Trades Workers,post_graduate_graduate_diploma_or_graduate_certificate,4.6
3424,Telecommunications Trades Workers,bachelor_degree,11.7
3424,Telecommunications Trades Workers,advanced_diploma_diploma,12.9
3424,Telecommunications Trades Workers,certificate_iii_iv,42.8
3424,Telecommunications Trades Workers,year_12,14.1
3424,Telecommunications Trades Workers,year_11,3.4
3424,Telecommunications Trades Workers,year_10_and_below,6.7
3511,Bakers and Pastrycooks,post_graduate_graduate_diploma_or_graduate_certificate,3.5
3511,Bakers and Pastrycooks,bachelor_degree,11.1
3511,Bakers and Pastrycooks,advanced_diploma_diploma,10.2
3511,Bakers and Pastrycooks,certificate_iii_iv,38.4
3511,Bakers and Pastrycooks,year_12,17.1
3511,Bakers and Pastrycooks,year_11,3.9
3511,Bakers and Pastrycooks,year_10_and_below,11.1
3512,Butchers and Smallgoods Makers,post_graduate_graduate_diploma_or_graduate_certificate,0.5
3512,Butchers and Smallgoods Makers,bachelor_degree,2.5
3512,Butchers and Smallgoods Makers,advanced_diploma_diploma,2.2
3512,Butchers and Smallgoods Makers,certificate_iii_iv,56.6
3512,Butchers and Smallgoods Makers,year_12,12.9
3512,Butchers and Smallgoods Makers,year_11,4.1
3512,Butchers and Smallgoods Makers,year_10_and_below,16.1
3513,Chefs,post_graduate_graduate_diploma_or_graduate_certificate,3.6
3513,Chefs,bachelor_degree,14.4
3513,Chefs,advanced_diploma_diploma,22.3
3513,Chefs,certificate_iii_iv,37.3
3513,Chefs,year_12,10.9
3513,Chefs,year_11,1.5
3513,Chefs,year_10_and_below,5.2
3514,Cooks,post_graduate_graduate_diploma_or_graduate_certificate,3.7
3514,Cooks,bachelor_degree,11.6
3514,Cooks,advanced_diploma_diploma,12.9
3514,Cooks,certificate_iii_iv,20.4
3514,Cooks,year_12,22.9
3514,Cooks,year_11,6
3514,Cooks,year_10_and_below,16.7
3611,Animal Attendants and Trainers,post_graduate_graduate_diploma_or_graduate_certificate,2.8
3611,Animal Attendants and Trainers,bachelor_degree,13.1
3611,Animal Attendants and Trainers,advanced_diploma_diploma,9.6
3611,Animal Attendants and Trainers,certificate_iii_iv,24.2
3611,Animal Attendants and Trainers,year_12,22
3611,Animal Attendants and Trainers,year_11,5.9
3611,Animal Attendants and Trainers,year_10_and_below,15.7
3612,Shearers,post_graduate_graduate_diploma_or_graduate_certificate,0.1
3612,Shearers,bachelor_degree,1.5
3612,Shearers,advanced_diploma_diploma,1.7
3612,Shearers,certificate_iii_iv,26.2
3612,Shearers,year_12,14.8
3612,Shearers,year_11,10
3612,Shearers,year_10_and_below,39.2
3613,Veterinary Nurses,post_graduate_graduate_diploma_or_graduate_certificate,1.3
3613,Veterinary Nurses,bachelor_degree,13.9
3613,Veterinary Nurses,advanced_diploma_diploma,10.8
3613,Veterinary Nurses,certificate_iii_iv,48.7
3613,Veterinary Nurses,year_12,12.8
3613,Veterinary Nurses,year_11,2.1
3613,Veterinary Nurses,year_10_and_below,2.7
3621,Florists,post_graduate_graduate_diploma_or_graduate_certificate,3.1
3621,Florists,bachelor_degree,15.2
3621,Florists,advanced_diploma_diploma,12.7
3621,Florists,certificate_iii_iv,34.4
3621,Florists,year_12,16.5
3621,Florists,year_11,3.7
3621,Florists,year_10_and_below,9.1
3622,Gardeners,post_graduate_graduate_diploma_or_graduate_certificate,1.7
3622,Gardeners,bachelor_degree,6.9
3622,Gardeners,advanced_diploma_diploma,10.3
3622,Gardeners,certificate_iii_iv,37.6
3622,Gardeners,year_12,18.2
3622,Gardeners,year_11,6
3622,Gardeners,year_10_and_below,15
3623,Greenkeepers,post_graduate_graduate_diploma_or_graduate_certificate,1.1
3623,Greenkeepers,bachelor_degree,2.8
3623,Greenkeepers,advanced_diploma_diploma,7.8
3623,Greenkeepers,certificate_iii_iv,44.8
3623,Greenkeepers,year_12,15
3623,Greenkeepers,year_11,5.7
3623,Greenkeepers,year_10_and_below,19.3
3624,Nurserypersons,post_graduate_graduate_diploma_or_graduate_certificate,3.4
3624,Nurserypersons,bachelor_degree,13.3
3624,Nurserypersons,advanced_diploma_diploma,15.4
3624,Nurserypersons,certificate_iii_iv,31.4
3624,Nurserypersons,year_12,14.6
3624,Nurserypersons,year_11,4.9
3624,Nurserypersons,year_10_and_below,12.6
3911,Hairdressers,post_graduate_graduate_diploma_or_graduate_certificate,0.4
3911,Hairdressers,bachelor_degree,1.8
3911,Hairdressers,advanced_diploma_diploma,7.1
3911,Hairdressers,certificate_iii_iv,72
3911,Hairdressers,year_12,7.7
3911,Hairdressers,year_11,2.4
3911,Hairdressers,year_10_and_below,5.6
3921,Print Finishers and Screen Printers,post_graduate_graduate_diploma_or_graduate_certificate,0.9
3921,Print Finishers and Screen Printers,bachelor_degree,8
3921,Print Finishers and Screen Printers,advanced_diploma_diploma,7.8
3921,Print Finishers and Screen Printers,certificate_iii_iv,38.1
3921,Print Finishers and Screen Printers,year_12,19.7
3921,Print Finishers and Screen Printers,year_11,6.2
3921,Print Finishers and Screen Printers,year_10_and_below,14.9
3922,Graphic Pre-press Trades Workers,post_graduate_graduate_diploma_or_graduate_certificate,4.3
3922,Graphic Pre-press Trades Workers,bachelor_degree,19.1
3922,Graphic Pre-press Trades Workers,advanced_diploma_diploma,18.2
3922,Graphic Pre-press Trades Workers,certificate_iii_iv,39.3
3922,Graphic Pre-press Trades Workers,year_12,9.3
3922,Graphic Pre-press Trades Workers,year_11,2.9
3922,Graphic Pre-press Trades Workers,year_10_and_below,3.8
3923,Printers,post_graduate_graduate_diploma_or_graduate_certificate,2.2
3923,Printers,bachelor_degree,8.3
3923,Printers,advanced_diploma_diploma,8.3
3923,Printers,certificate_iii_iv,47.9
3923,Printers,year_12,16.2
3923,Printers,year_11,4.3
3923,Printers,year_10_and_below,9.2
3931,Canvas and Leather Goods Makers,post_graduate_graduate_diploma_or_graduate_certificate,2
3931,Canvas and Leather Goods Makers,bachelor_degree,6.5
3931,Canvas and Leather Goods Makers,advanced_diploma_diploma,7.2
3931,Canvas and Leather Goods Makers,certificate_iii_iv,30.4
3931,Canvas and Leather Goods Makers,year_12,19.9
3931,Canvas and Leather Goods Makers,year_11,6.1
3931,Canvas and Leather Goods Makers,year_10_and_below,22.4
3932,Clothing Trades Workers,post_graduate_graduate_diploma_or_graduate_certificate,2.9
3932,Clothing Trades Workers,bachelor_degree,15
3932,Clothing Trades Workers,advanced_diploma_diploma,16
3932,Clothing Trades Workers,certificate_iii_iv,13.5
3932,Clothing Trades Workers,year_12,20.7
3932,Clothing Trades Workers,year_11,3.9
3932,Clothing Trades Workers,year_10_and_below,20.4
3933,Upholsterers,post_graduate_graduate_diploma_or_graduate_certificate,1
3933,Upholsterers,bachelor_degree,4
3933,Upholsterers,advanced_diploma_diploma,3.9
3933,Upholsterers,certificate_iii_iv,49.9
3933,Upholsterers,year_12,14.1
3933,Upholsterers,year_11,5
3933,Upholsterers,year_10_and_below,18.3
3941,Cabinetmakers,post_graduate_graduate_diploma_or_graduate_certificate,0.8
3941,Cabinetmakers,bachelor_degree,3.4
3941,Cabinetmakers,advanced_diploma_diploma,3.6
3941,Cabinetmakers,certificate_iii_iv,62.9
3941,Cabinetmakers,year_12,13.7
3941,Cabinetmakers,year_11,4.1
3941,Cabinetmakers,year_10_and_below,9.2
3942,Wood Machinists and Other Wood Trades Workers,post_graduate_graduate_diploma_or_graduate_certificate,2.6
3942,Wood Machinists and Other Wood Trades Workers,bachelor_degree,11.1
3942,Wood Machinists and Other Wood Trades Workers,advanced_diploma_diploma,7.4
3942,Wood Machinists and Other Wood Trades Workers,certificate_iii_iv,38.7
3942,Wood Machinists and Other Wood Trades Workers,year_12,17.3
3942,Wood Machinists and Other Wood Trades Workers,year_11,5.5
3942,Wood Machinists and Other Wood Trades Workers,year_10_and_below,13.5
3991,Boat Builders and Shipwrights,post_graduate_graduate_diploma_or_graduate_certificate,0.9
3991,Boat Builders and Shipwrights,bachelor_degree,4.8
3991,Boat Builders and Shipwrights,advanced_diploma_diploma,4.9
3991,Boat Builders and Shipwrights,certificate_iii_iv,53.9
3991,Boat Builders and Shipwrights,year_12,14.2
3991,Boat Builders and Shipwrights,year_11,5.2
3991,Boat Builders and Shipwrights,year_10_and_below,11.9
3992,"Chemical, Gas, Petroleum and Power Plant Operators",post_graduate_graduate_diploma_or_graduate_certificate,1.9
3992,"Chemical, Gas, Petroleum and Power Plant Operators",bachelor_degree,7.8
3992,"Chemical, Gas, Petroleum and Power Plant Operators",advanced_diploma_diploma,13.9
3992,"Chemical, Gas, Petroleum and Power Plant Operators",certificate_iii_iv,53.9
3992,"Chemical, Gas, Petroleum and Power Plant Operators",year_12,8.7
3992,"Chemical, Gas, Petroleum and Power Plant Operators",year_11,2.7
3992,"Chemical, Gas, Petroleum and Power Plant Operators",year_10_and_below,7.7
3993,"Gallery, Library and Museum Technicians",post_graduate_graduate_diploma_or_graduate_certificate,13.2
3993,"Gallery, Library and Museum Technicians",bachelor_degree,21.7
3993,"Gallery, Library and Museum Technicians",advanced_diploma_diploma,32.4
3993,"Gallery, Library and Museum Technicians",certificate_iii_iv,11.8
3993,"Gallery, Library and Museum Technicians",year_12,9.3
3993,"Gallery, Library and Museum Technicians",year_11,3.6
3993,"Gallery, Library and Museum Technicians",year_10_and_below,4
3994,Jewellers,post_graduate_graduate_diploma_or_graduate_certificate,3.3
3994,Jewellers,bachelor_degree,14.8
3994,Jewellers,advanced_diploma_diploma,13.5
3994,Jewellers,certificate_iii_iv,37
3994,Jewellers,year_12,13.7
3994,Jewellers,year_11,2.8
3994,Jewellers,year_10_and_below,9.7
3995,Performing Arts Technicians,post_graduate_graduate_diploma_or_graduate_certificate,4.4
3995,Performing Arts Technicians,bachelor_degree,26.2
3995,Performing Arts Technicians,advanced_diploma_diploma,22.3
3995,Performing Arts Technicians,certificate_iii_iv,15.9
3995,Performing Arts Technicians,year_12,19.8
3995,Performing Arts Technicians,year_11,2.9
3995,Performing Arts Technicians,year_10_and_below,4.4
3996,Signwriters,post_graduate_graduate_diploma_or_graduate_certificate,1.2
3996,Signwriters,bachelor_degree,5.6
3996,Signwriters,advanced_diploma_diploma,7.3
3996,Signwriters,certificate_iii_iv,49.9
3996,Signwriters,year_12,17.3
3996,Signwriters,year_11,4.9
3996,Signwriters,year_10_and_below,10.7
3999,Other Miscellaneous Technicians and Trades Workers,post_graduate_graduate_diploma_or_graduate_certificate,3.7
3999,Other Miscellaneous Technicians and Trades Workers,bachelor_degree,14.5
3999,Other Miscellaneous Technicians and Trades Workers,advanced_diploma_diploma,14.1
3999,Other Miscellaneous Technicians and Trades Workers,certificate_iii_iv,31.7
3999,Other Miscellaneous Technicians and Trades Workers,year_12,19.3
3999,Other Miscellaneous Technicians and Trades Workers,year_11,3.7
3999,Other Miscellaneous Technicians and Trades Workers,year_10_and_below,7.2
4111,Ambulance Officers and Paramedics,post_graduate_graduate_diploma_or_graduate_certificate,9.5
4111,Ambulance Officers and Paramedics,bachelor_degree,56.6
4111,Ambulance Officers and Paramedics,advanced_diploma_diploma,20.6
4111,Ambulance Officers and Paramedics,certificate_iii_iv,5.7
4111,Ambulance Officers and Paramedics,year_12,2.2
4111,Ambulance Officers and Paramedics,year_11,0.5
4111,Ambulance Officers and Paramedics,year_10_and_below,1.2
4112,"Dental Hygienists, Technicians and Therapists",post_graduate_graduate_diploma_or_graduate_certificate,3.4
4112,"Dental Hygienists, Technicians and Therapists",bachelor_degree,38.2
4112,"Dental Hygienists, Technicians and Therapists",advanced_diploma_diploma,38.9
4112,"Dental Hygienists, Technicians and Therapists",certificate_iii_iv,9.3
4112,"Dental Hygienists, Technicians and Therapists",year_12,3.4
4112,"Dental Hygienists, Technicians and Therapists",year_11,0.5
4112,"Dental Hygienists, Technicians and Therapists",year_10_and_below,0.6
4113,Diversional Therapists,post_graduate_graduate_diploma_or_graduate_certificate,5.8
4113,Diversional Therapists,bachelor_degree,16.1
4113,Diversional Therapists,advanced_diploma_diploma,20.3
4113,Diversional Therapists,certificate_iii_iv,41
4113,Diversional Therapists,year_12,5.7
4113,Diversional Therapists,year_11,1.9
4113,Diversional Therapists,year_10_and_below,4
4114,Enrolled and Mothercraft Nurses,post_graduate_graduate_diploma_or_graduate_certificate,1.9
4114,Enrolled and Mothercraft Nurses,bachelor_degree,7.9
4114,Enrolled and Mothercraft Nurses,advanced_diploma_diploma,70.8
4114,Enrolled and Mothercraft Nurses,certificate_iii_iv,12.8
4114,Enrolled and Mothercraft Nurses,year_12,1.9
4114,Enrolled and Mothercraft Nurses,year_11,0.4
4114,Enrolled and Mothercraft Nurses,year_10_and_below,0.8
4115,Indigenous Health Workers,post_graduate_graduate_diploma_or_graduate_certificate,4.7
4115,Indigenous Health Workers,bachelor_degree,8.2
4115,Indigenous Health Workers,advanced_diploma_diploma,21
4115,Indigenous Health Workers,certificate_iii_iv,37.4
4115,Indigenous Health Workers,year_12,9.1
4115,Indigenous Health Workers,year_11,3.8
4115,Indigenous Health Workers,year_10_and_below,9.7
4116,Massage Therapists,post_graduate_graduate_diploma_or_graduate_certificate,4.9
4116,Massage Therapists,bachelor_degree,21.1
4116,Massage Therapists,advanced_diploma_diploma,50.1
4116,Massage Therapists,certificate_iii_iv,6.1
4116,Massage Therapists,year_12,6.8
4116,Massage Therapists,year_11,0.7
4116,Massage Therapists,year_10_and_below,4.5
4117,Welfare Support Workers,post_graduate_graduate_diploma_or_graduate_certificate,11.6
4117,Welfare Support Workers,bachelor_degree,25.8
4117,Welfare Support Workers,advanced_diploma_diploma,24.2
4117,Welfare Support Workers,certificate_iii_iv,20.8
4117,Welfare Support Workers,year_12,8.6
4117,Welfare Support Workers,year_11,1.9
4117,Welfare Support Workers,year_10_and_below,3.7
4211,Child Carers,post_graduate_graduate_diploma_or_graduate_certificate,16.4
4211,Child Carers,bachelor_degree,13.3
4211,Child Carers,advanced_diploma_diploma,27.2
4211,Child Carers,certificate_iii_iv,22.2
4211,Child Carers,year_12,12.2
4211,Child Carers,year_11,1.6
4211,Child Carers,year_10_and_below,2.8
4221,Education Aides,post_graduate_graduate_diploma_or_graduate_certificate,6.9
4221,Education Aides,bachelor_degree,13
4221,Education Aides,advanced_diploma_diploma,15.1
4221,Education Aides,certificate_iii_iv,36.3
4221,Education Aides,year_12,14.2
4221,Education Aides,year_11,2.9
4221,Education Aides,year_10_and_below,5.9
4231,Aged and Disabled Carers,post_graduate_graduate_diploma_or_graduate_certificate,5.3
4231,Aged and Disabled Carers,bachelor_degree,13.4
4231,Aged and Disabled Carers,advanced_diploma_diploma,15
4231,Aged and Disabled Carers,certificate_iii_iv,36.6
4231,Aged and Disabled Carers,year_12,12.8
4231,Aged and Disabled Carers,year_11,2.6
4231,Aged and Disabled Carers,year_10_and_below,7.6
4232,Dental Assistants,post_graduate_graduate_diploma_or_graduate_certificate,3.1
4232,Dental Assistants,bachelor_degree,12.5
4232,Dental Assistants,advanced_diploma_diploma,10.4
4232,Dental Assistants,certificate_iii_iv,38.4
4232,Dental Assistants,year_12,18.9
4232,Dental Assistants,year_11,2.9
4232,Dental Assistants,year_10_and_below,4.3
4233,Nursing Support and Personal Care Workers,post_graduate_graduate_diploma_or_graduate_certificate,5.6
4233,Nursing Support and Personal Care Workers,bachelor_degree,15.4
4233,Nursing Support and Personal Care Workers,advanced_diploma_diploma,13.3
4233,Nursing Support and Personal Care Workers,certificate_iii_iv,36
4233,Nursing Support and Personal Care Workers,year_12,13.7
4233,Nursing Support and Personal Care Workers,year_11,2.2
4233,Nursing Support and Personal Care Workers,year_10_and_below,6.8
4234,Special Care Workers,post_graduate_graduate_diploma_or_graduate_certificate,7.4
4234,Special Care Workers,bachelor_degree,20.6
4234,Special Care Workers,advanced_diploma_diploma,19.4
4234,Special Care Workers,certificate_iii_iv,21.3
4234,Special Care Workers,year_12,20
4234,Special Care Workers,year_11,2.9
4234,Special Care Workers,year_10_and_below,5.2
4311,Bar Attendants and Baristas,post_graduate_graduate_diploma_or_graduate_certificate,2.2
4311,Bar Attendants and Baristas,bachelor_degree,12.2
4311,Bar Attendants and Baristas,advanced_diploma_diploma,8.8
4311,Bar Attendants and Baristas,certificate_iii_iv,14.7
4311,Bar Attendants and Baristas,year_12,42.8
4311,Bar Attendants and Baristas,year_11,6.1
4311,Bar Attendants and Baristas,year_10_and_below,9.8
4312,Cafe Workers,post_graduate_graduate_diploma_or_graduate_certificate,2.1
4312,Cafe Workers,bachelor_degree,8.6
4312,Cafe Workers,advanced_diploma_diploma,6.8
4312,Cafe Workers,certificate_iii_iv,10.9
4312,Cafe Workers,year_12,34.6
4312,Cafe Workers,year_11,11.2
4312,Cafe Workers,year_10_and_below,22.4
4313,Gaming Workers,post_graduate_graduate_diploma_or_graduate_certificate,6.4
4313,Gaming Workers,bachelor_degree,21.7
4313,Gaming Workers,advanced_diploma_diploma,11.5
4313,Gaming Workers,certificate_iii_iv,16.6
4313,Gaming Workers,year_12,31.8
4313,Gaming Workers,year_11,3.7
4313,Gaming Workers,year_10_and_below,4.8
4314,Hotel Service Managers,post_graduate_graduate_diploma_or_graduate_certificate,7.9
4314,Hotel Service Managers,bachelor_degree,21.4
4314,Hotel Service Managers,advanced_diploma_diploma,15.7
4314,Hotel Service Managers,certificate_iii_iv,15.8
4314,Hotel Service Managers,year_12,21.4
4314,Hotel Service Managers,year_11,4.3
4314,Hotel Service Managers,year_10_and_below,8.9
4315,Waiters,post_graduate_graduate_diploma_or_graduate_certificate,3.5
4315,Waiters,bachelor_degree,13.2
4315,Waiters,advanced_diploma_diploma,8.2
4315,Waiters,certificate_iii_iv,9.9
4315,Waiters,year_12,38.4
4315,Waiters,year_11,8.9
4315,Waiters,year_10_and_below,14.4
4319,Other Hospitality Workers,post_graduate_graduate_diploma_or_graduate_certificate,3.4
4319,Other Hospitality Workers,bachelor_degree,12
4319,Other Hospitality Workers,advanced_diploma_diploma,8.7
4319,Other Hospitality Workers,certificate_iii_iv,11.9
4319,Other Hospitality Workers,year_12,30.1
4319,Other Hospitality Workers,year_11,9.7
4319,Other Hospitality Workers,year_10_and_below,20.3
4411,Defence Force Members - Other Ranks,post_graduate_graduate_diploma_or_graduate_certificate,2.9
4411,Defence Force Members - Other Ranks,bachelor_degree,7.7
4411,Defence Force Members - Other Ranks,advanced_diploma_diploma,11
4411,Defence Force Members - Other Ranks,certificate_iii_iv,25.6
4411,Defence Force Members - Other Ranks,year_12,39.7
4411,Defence Force Members - Other Ranks,year_11,4.8
4411,Defence Force Members - Other Ranks,year_10_and_below,5.5
4412,Fire and Emergency Workers,post_graduate_graduate_diploma_or_graduate_certificate,5.4
4412,Fire and Emergency Workers,bachelor_degree,15.6
4412,Fire and Emergency Workers,advanced_diploma_diploma,19.7
4412,Fire and Emergency Workers,certificate_iii_iv,38.9
4412,Fire and Emergency Workers,year_12,10
4412,Fire and Emergency Workers,year_11,1.8
4412,Fire and Emergency Workers,year_10_and_below,2.9
4413,Police,post_graduate_graduate_diploma_or_graduate_certificate,6.5
4413,Police,bachelor_degree,24.4
4413,Police,advanced_diploma_diploma,43.1
4413,Police,certificate_iii_iv,8
4413,Police,year_12,11.7
4413,Police,year_11,1.4
4413,Police,year_10_and_below,1.2
4421,Prison Officers,post_graduate_graduate_diploma_or_graduate_certificate,3.5
4421,Prison Officers,bachelor_degree,9.7
4421,Prison Officers,advanced_diploma_diploma,15.3
4421,Prison Officers,certificate_iii_iv,45.1
4421,Prison Officers,year_12,12.3
4421,Prison Officers,year_11,3.4
4421,Prison Officers,year_10_and_below,6.7
4422,Security Officers and Guards,post_graduate_graduate_diploma_or_graduate_certificate,7.5
4422,Security Officers and Guards,bachelor_degree,13.5
4422,Security Officers and Guards,advanced_diploma_diploma,12.4
4422,Security Officers and Guards,certificate_iii_iv,23.6
4422,Security Officers and Guards,year_12,20.4
4422,Security Officers and Guards,year_11,4.6
4422,Security Officers and Guards,year_10_and_below,10.8
4511,Beauty Therapists,post_graduate_graduate_diploma_or_graduate_certificate,2.5
4511,Beauty Therapists,bachelor_degree,8.5
4511,Beauty Therapists,advanced_diploma_diploma,40.9
4511,Beauty Therapists,certificate_iii_iv,18.2
4511,Beauty Therapists,year_12,15.1
4511,Beauty Therapists,year_11,2.4
4511,Beauty Therapists,year_10_and_below,6.4
4512,Driving Instructors,post_graduate_graduate_diploma_or_graduate_certificate,5.7
4512,Driving Instructors,bachelor_degree,12.4
4512,Driving Instructors,advanced_diploma_diploma,14.6
4512,Driving Instructors,certificate_iii_iv,42
4512,Driving Instructors,year_12,8.8
4512,Driving Instructors,year_11,2.5
4512,Driving Instructors,year_10_and_below,7
4513,Funeral Workers,post_graduate_graduate_diploma_or_graduate_certificate,3.4
4513,Funeral Workers,bachelor_degree,9.8
4513,Funeral Workers,advanced_diploma_diploma,14
4513,Funeral Workers,certificate_iii_iv,23.1
4513,Funeral Workers,year_12,19.7
4513,Funeral Workers,year_11,7.5
4513,Funeral Workers,year_10_and_below,16.2
4514,"Gallery, Museum and Tour Guides",post_graduate_graduate_diploma_or_graduate_certificate,13.3
4514,"Gallery, Museum and Tour Guides",bachelor_degree,29.5
4514,"Gallery, Museum and Tour Guides",advanced_diploma_diploma,12.3
4514,"Gallery, Museum and Tour Guides",certificate_iii_iv,15.4
4514,"Gallery, Museum and Tour Guides",year_12,16.6
4514,"Gallery, Museum and Tour Guides",year_11,3
4514,"Gallery, Museum and Tour Guides",year_10_and_below,5.7
4515,Personal Care Consultants,post_graduate_graduate_diploma_or_graduate_certificate,5.3
4515,Personal Care Consultants,bachelor_degree,17.8
4515,Personal Care Consultants,advanced_diploma_diploma,26.2
4515,Personal Care Consultants,certificate_iii_iv,7.8
4515,Personal Care Consultants,year_12,17.2
4515,Personal Care Consultants,year_11,2
4515,Personal Care Consultants,year_10_and_below,11.6
4516,Tourism and Travel Advisers,post_graduate_graduate_diploma_or_graduate_certificate,4.7
4516,Tourism and Travel Advisers,bachelor_degree,21.4
4516,Tourism and Travel Advisers,advanced_diploma_diploma,23.4
4516,Tourism and Travel Advisers,certificate_iii_iv,19.4
4516,Tourism and Travel Advisers,year_12,17
4516,Tourism and Travel Advisers,year_11,2.4
4516,Tourism and Travel Advisers,year_10_and_below,4.5
4517,Travel Attendants,post_graduate_graduate_diploma_or_graduate_certificate,2.4
4517,Travel Attendants,bachelor_degree,14.5
4517,Travel Attendants,advanced_diploma_diploma,16.4
4517,Travel Attendants,certificate_iii_iv,20.6
4517,Travel Attendants,year_12,32.9
4517,Travel Attendants,year_11,3.5
4517,Travel Attendants,year_10_and_below,4.1
4518,Other Personal Service Workers,post_graduate_graduate_diploma_or_graduate_certificate,8
4518,Other Personal Service Workers,bachelor_degree,18.5
4518,Other Personal Service Workers,advanced_diploma_diploma,14.3
4518,Other Personal Service Workers,certificate_iii_iv,17.6
4518,Other Personal Service Workers,year_12,20.2
4518,Other Personal Service Workers,year_11,4.9
4518,Other Personal Service Workers,year_10_and_below,11.1
4521,Fitness Instructors,post_graduate_graduate_diploma_or_graduate_certificate,6.6
4521,Fitness Instructors,bachelor_degree,24.4
4521,Fitness Instructors,advanced_diploma_diploma,17.7
4521,Fitness Instructors,certificate_iii_iv,32.4
4521,Fitness Instructors,year_12,8.9
4521,Fitness Instructors,year_11,1.1
4521,Fitness Instructors,year_10_and_below,1.9
4522,Outdoor Adventure Guides,post_graduate_graduate_diploma_or_graduate_certificate,10.2
4522,Outdoor Adventure Guides,bachelor_degree,25.4
4522,Outdoor Adventure Guides,advanced_diploma_diploma,10.2
4522,Outdoor Adventure Guides,certificate_iii_iv,24.1
4522,Outdoor Adventure Guides,year_12,21.1
4522,Outdoor Adventure Guides,year_11,2.6
4522,Outdoor Adventure Guides,year_10_and_below,4.1
4523,"Sports Coaches, Instructors and Officials",post_graduate_graduate_diploma_or_graduate_certificate,4.1
4523,"Sports Coaches, Instructors and Officials",bachelor_degree,14.6
4523,"Sports Coaches, Instructors and Officials",advanced_diploma_diploma,7.7
4523,"Sports Coaches, Instructors and Officials",certificate_iii_iv,10.7
4523,"Sports Coaches, Instructors and Officials",year_12,34
4523,"Sports Coaches, Instructors and Officials",year_11,8.1
4523,"Sports Coaches, Instructors and Officials",year_10_and_below,15.7
4524,Sportspersons,post_graduate_graduate_diploma_or_graduate_certificate,1.6
4524,Sportspersons,bachelor_degree,10.1
4524,Sportspersons,advanced_diploma_diploma,7.9
4524,Sportspersons,certificate_iii_iv,15
4524,Sportspersons,year_12,45.4
4524,Sportspersons,year_11,7.2
4524,Sportspersons,year_10_and_below,7.1
5111,"Contract, Program and Project Administrators",post_graduate_graduate_diploma_or_graduate_certificate,19.8
5111,"Contract, Program and Project Administrators",bachelor_degree,32.2
5111,"Contract, Program and Project Administrators",advanced_diploma_diploma,15.3
5111,"Contract, Program and Project Administrators",certificate_iii_iv,14
5111,"Contract, Program and Project Administrators",year_12,10.8
5111,"Contract, Program and Project Administrators",year_11,1.8
5111,"Contract, Program and Project Administrators",year_10_and_below,3
5121,Office Managers,post_graduate_graduate_diploma_or_graduate_certificate,5.6
5121,Office Managers,bachelor_degree,16
5121,Office Managers,advanced_diploma_diploma,17.2
5121,Office Managers,certificate_iii_iv,18.2
5121,Office Managers,year_12,19.7
5121,Office Managers,year_11,5.9
5121,Office Managers,year_10_and_below,11.3
5122,Practice Managers,post_graduate_graduate_diploma_or_graduate_certificate,11
5122,Practice Managers,bachelor_degree,24.2
5122,Practice Managers,advanced_diploma_diploma,19.9
5122,Practice Managers,certificate_iii_iv,15.7
5122,Practice Managers,year_12,14.1
5122,Practice Managers,year_11,3.4
5122,Practice Managers,year_10_and_below,5.9
5211,Personal Assistants,post_graduate_graduate_diploma_or_graduate_certificate,4.8
5211,Personal Assistants,bachelor_degree,16.9
5211,Personal Assistants,advanced_diploma_diploma,21.4
5211,Personal Assistants,certificate_iii_iv,16.6
5211,Personal Assistants,year_12,21.8
5211,Personal Assistants,year_11,4.5
5211,Personal Assistants,year_10_and_below,6.7
5212,Secretaries,post_graduate_graduate_diploma_or_graduate_certificate,5
5212,Secretaries,bachelor_degree,12.4
5212,Secretaries,advanced_diploma_diploma,13.9
5212,Secretaries,certificate_iii_iv,12.9
5212,Secretaries,year_12,21.5
5212,Secretaries,year_11,6.3
5212,Secretaries,year_10_and_below,18.1
5311,General Clerks,post_graduate_graduate_diploma_or_graduate_certificate,6.4
5311,General Clerks,bachelor_degree,16.6
5311,General Clerks,advanced_diploma_diploma,14.9
5311,General Clerks,certificate_iii_iv,18.7
5311,General Clerks,year_12,21.7
5311,General Clerks,year_11,5.3
5311,General Clerks,year_10_and_below,10.6
5321,Keyboard Operators,post_graduate_graduate_diploma_or_graduate_certificate,5
5321,Keyboard Operators,bachelor_degree,15.2
5321,Keyboard Operators,advanced_diploma_diploma,12.8
5321,Keyboard Operators,certificate_iii_iv,16.8
5321,Keyboard Operators,year_12,25.6
5321,Keyboard Operators,year_11,6.5
5321,Keyboard Operators,year_10_and_below,12.3
5411,Call or Contact Centre Workers,post_graduate_graduate_diploma_or_graduate_certificate,5.4
5411,Call or Contact Centre Workers,bachelor_degree,16.9
5411,Call or Contact Centre Workers,advanced_diploma_diploma,12.9
5411,Call or Contact Centre Workers,certificate_iii_iv,18.2
5411,Call or Contact Centre Workers,year_12,29.7
5411,Call or Contact Centre Workers,year_11,5.1
5411,Call or Contact Centre Workers,year_10_and_below,7.6
5412,Information Officers,post_graduate_graduate_diploma_or_graduate_certificate,8
5412,Information Officers,bachelor_degree,20.1
5412,Information Officers,advanced_diploma_diploma,13.4
5412,Information Officers,certificate_iii_iv,19.4
5412,Information Officers,year_12,23.4
5412,Information Officers,year_11,4.4
5412,Information Officers,year_10_and_below,7.1
5421,Receptionists,post_graduate_graduate_diploma_or_graduate_certificate,3.1
5421,Receptionists,bachelor_degree,12.7
5421,Receptionists,advanced_diploma_diploma,12.9
5421,Receptionists,certificate_iii_iv,19.1
5421,Receptionists,year_12,28.3
5421,Receptionists,year_11,6.4
5421,Receptionists,year_10_and_below,11.4
5511,Accounting Clerks,post_graduate_graduate_diploma_or_graduate_certificate,8.7
5511,Accounting Clerks,bachelor_degree,21.1
5511,Accounting Clerks,advanced_diploma_diploma,14.9
5511,Accounting Clerks,certificate_iii_iv,17.4
5511,Accounting Clerks,year_12,19
5511,Accounting Clerks,year_11,5
5511,Accounting Clerks,year_10_and_below,9.1
5512,Bookkeepers,post_graduate_graduate_diploma_or_graduate_certificate,7.1
5512,Bookkeepers,bachelor_degree,19.9
5512,Bookkeepers,advanced_diploma_diploma,17.3
5512,Bookkeepers,certificate_iii_iv,18.8
5512,Bookkeepers,year_12,14.9
5512,Bookkeepers,year_11,5.3
5512,Bookkeepers,year_10_and_below,11.2
5513,Payroll Clerks,post_graduate_graduate_diploma_or_graduate_certificate,8.2
5513,Payroll Clerks,bachelor_degree,18.3
5513,Payroll Clerks,advanced_diploma_diploma,15.6
5513,Payroll Clerks,certificate_iii_iv,16.5
5513,Payroll Clerks,year_12,21.5
5513,Payroll Clerks,year_11,5.8
5513,Payroll Clerks,year_10_and_below,9.7
5521,Bank Workers,post_graduate_graduate_diploma_or_graduate_certificate,12.3
5521,Bank Workers,bachelor_degree,26.7
5521,Bank Workers,advanced_diploma_diploma,10.4
5521,Bank Workers,certificate_iii_iv,10.7
5521,Bank Workers,year_12,24.4
5521,Bank Workers,year_11,4.3
5521,Bank Workers,year_10_and_below,6.1
5522,Credit and Loans Officers,post_graduate_graduate_diploma_or_graduate_certificate,14
5522,Credit and Loans Officers,bachelor_degree,30.2
5522,Credit and Loans Officers,advanced_diploma_diploma,13.9
5522,Credit and Loans Officers,certificate_iii_iv,11.8
5522,Credit and Loans Officers,year_12,19.8
5522,Credit and Loans Officers,year_11,2.9
5522,Credit and Loans Officers,year_10_and_below,3.7
5523,"Insurance, Money Market and Statistical Clerks",post_graduate_graduate_diploma_or_graduate_certificate,8.8
5523,"Insurance, Money Market and Statistical Clerks",bachelor_degree,23.8
5523,"Insurance, Money Market and Statistical Clerks",advanced_diploma_diploma,15.2
5523,"Insurance, Money Market and Statistical Clerks",certificate_iii_iv,15
5523,"Insurance, Money Market and Statistical Clerks",year_12,23.2
5523,"Insurance, Money Market and Statistical Clerks",year_11,3.4
5523,"Insurance, Money Market and Statistical Clerks",year_10_and_below,5.4
5611,Betting Clerks,post_graduate_graduate_diploma_or_graduate_certificate,3.5
5611,Betting Clerks,bachelor_degree,12
5611,Betting Clerks,advanced_diploma_diploma,7.3
5611,Betting Clerks,certificate_iii_iv,13.1
5611,Betting Clerks,year_12,30
5611,Betting Clerks,year_11,9
5611,Betting Clerks,year_10_and_below,21.6
5612,Couriers and Postal Deliverers,post_graduate_graduate_diploma_or_graduate_certificate,4.6
5612,Couriers and Postal Deliverers,bachelor_degree,11.1
5612,Couriers and Postal Deliverers,advanced_diploma_diploma,10.1
5612,Couriers and Postal Deliverers,certificate_iii_iv,18.2
5612,Couriers and Postal Deliverers,year_12,24.3
5612,Couriers and Postal Deliverers,year_11,7.1
5612,Couriers and Postal Deliverers,year_10_and_below,19.5
5613,Filing and Registry Clerks,post_graduate_graduate_diploma_or_graduate_certificate,7.8
5613,Filing and Registry Clerks,bachelor_degree,19.7
5613,Filing and Registry Clerks,advanced_diploma_diploma,13.3
5613,Filing and Registry Clerks,certificate_iii_iv,16.3
5613,Filing and Registry Clerks,year_12,22.2
5613,Filing and Registry Clerks,year_11,5
5613,Filing and Registry Clerks,year_10_and_below,10.3
5614,Mail Sorters,post_graduate_graduate_diploma_or_graduate_certificate,4.2
5614,Mail Sorters,bachelor_degree,14.2
5614,Mail Sorters,advanced_diploma_diploma,9.7
5614,Mail Sorters,certificate_iii_iv,12.4
5614,Mail Sorters,year_12,30
5614,Mail Sorters,year_11,6.9
5614,Mail Sorters,year_10_and_below,16.9
5615,Survey Interviewers,post_graduate_graduate_diploma_or_graduate_certificate,14.8
5615,Survey Interviewers,bachelor_degree,27.5
5615,Survey Interviewers,advanced_diploma_diploma,11.8
5615,Survey Interviewers,certificate_iii_iv,11.2
5615,Survey Interviewers,year_12,22.6
5615,Survey Interviewers,year_11,2.9
5615,Survey Interviewers,year_10_and_below,6.1
5616,Switchboard Operators,post_graduate_graduate_diploma_or_graduate_certificate,3.1
5616,Switchboard Operators,bachelor_degree,10.3
5616,Switchboard Operators,advanced_diploma_diploma,10.9
5616,Switchboard Operators,certificate_iii_iv,15
5616,Switchboard Operators,year_12,28.1
5616,Switchboard Operators,year_11,7.2
5616,Switchboard Operators,year_10_and_below,19.5
5619,Other Clerical and Office Support Workers,post_graduate_graduate_diploma_or_graduate_certificate,7.4
5619,Other Clerical and Office Support Workers,bachelor_degree,14.6
5619,Other Clerical and Office Support Workers,advanced_diploma_diploma,11.1
5619,Other Clerical and Office Support Workers,certificate_iii_iv,19.5
5619,Other Clerical and Office Support Workers,year_12,25.6
5619,Other Clerical and Office Support Workers,year_11,5.7
5619,Other Clerical and Office Support Workers,year_10_and_below,12
5911,Purchasing and Supply Logistics Clerks,post_graduate_graduate_diploma_or_graduate_certificate,6.6
5911,Purchasing and Supply Logistics Clerks,bachelor_degree,16.6
5911,Purchasing and Supply Logistics Clerks,advanced_diploma_diploma,12.9
5911,Purchasing and Supply Logistics Clerks,certificate_iii_iv,18.7
5911,Purchasing and Supply Logistics Clerks,year_12,24.1
5911,Purchasing and Supply Logistics Clerks,year_11,5.7
5911,Purchasing and Supply Logistics Clerks,year_10_and_below,11.1
5912,Transport and Despatch Clerks,post_graduate_graduate_diploma_or_graduate_certificate,5.6
5912,Transport and Despatch Clerks,bachelor_degree,13.7
5912,Transport and Despatch Clerks,advanced_diploma_diploma,12.7
5912,Transport and Despatch Clerks,certificate_iii_iv,20.7
5912,Transport and Despatch Clerks,year_12,24.1
5912,Transport and Despatch Clerks,year_11,5.8
5912,Transport and Despatch Clerks,year_10_and_below,12.2
5991,Conveyancers and Legal Executives,post_graduate_graduate_diploma_or_graduate_certificate,8.2
5991,Conveyancers and Legal Executives,bachelor_degree,23.6
5991,Conveyancers and Legal Executives,advanced_diploma_diploma,18.1
5991,Conveyancers and Legal Executives,certificate_iii_iv,8.9
5991,Conveyancers and Legal Executives,year_12,27
5991,Conveyancers and Legal Executives,year_11,3
5991,Conveyancers and Legal Executives,year_10_and_below,5
5992,Court and Legal Clerks,post_graduate_graduate_diploma_or_graduate_certificate,7.9
5992,Court and Legal Clerks,bachelor_degree,26
5992,Court and Legal Clerks,advanced_diploma_diploma,12
5992,Court and Legal Clerks,certificate_iii_iv,12.2
5992,Court and Legal Clerks,year_12,29.1
5992,Court and Legal Clerks,year_11,3.4
5992,Court and Legal Clerks,year_10_and_below,4.9
5993,Debt Collectors,post_graduate_graduate_diploma_or_graduate_certificate,6.1
5993,Debt Collectors,bachelor_degree,17.3
5993,Debt Collectors,advanced_diploma_diploma,13.8
5993,Debt Collectors,certificate_iii_iv,18.2
5993,Debt Collectors,year_12,25.7
5993,Debt Collectors,year_11,5.1
5993,Debt Collectors,year_10_and_below,8.4
5994,Human Resource Clerks,post_graduate_graduate_diploma_or_graduate_certificate,7.7
5994,Human Resource Clerks,bachelor_degree,20.6
5994,Human Resource Clerks,advanced_diploma_diploma,16.4
5994,Human Resource Clerks,certificate_iii_iv,22.4
5994,Human Resource Clerks,year_12,18.9
5994,Human Resource Clerks,year_11,3.5
5994,Human Resource Clerks,year_10_and_below,6.4
5995,Inspectors and Regulatory Officers,post_graduate_graduate_diploma_or_graduate_certificate,12.3
5995,Inspectors and Regulatory Officers,bachelor_degree,24.5
5995,Inspectors and Regulatory Officers,advanced_diploma_diploma,14.9
5995,Inspectors and Regulatory Officers,certificate_iii_iv,20.3
5995,Inspectors and Regulatory Officers,year_12,15.8
5995,Inspectors and Regulatory Officers,year_11,3
5995,Inspectors and Regulatory Officers,year_10_and_below,5.5
5996,"Insurance Investigators, Loss Adjusters and Risk Surveyors",post_graduate_graduate_diploma_or_graduate_certificate,10.1
5996,"Insurance Investigators, Loss Adjusters and Risk Surveyors",bachelor_degree,22
5996,"Insurance Investigators, Loss Adjusters and Risk Surveyors",advanced_diploma_diploma,15.8
5996,"Insurance Investigators, Loss Adjusters and Risk Surveyors",certificate_iii_iv,31.9
5996,"Insurance Investigators, Loss Adjusters and Risk Surveyors",year_12,11.6
5996,"Insurance Investigators, Loss Adjusters and Risk Surveyors",year_11,1.6
5996,"Insurance Investigators, Loss Adjusters and Risk Surveyors",year_10_and_below,3
5997,Library Assistants,post_graduate_graduate_diploma_or_graduate_certificate,10.7
5997,Library Assistants,bachelor_degree,20.6
5997,Library Assistants,advanced_diploma_diploma,18
5997,Library Assistants,certificate_iii_iv,17.7
5997,Library Assistants,year_12,15.5
5997,Library Assistants,year_11,4.1
5997,Library Assistants,year_10_and_below,8.7
5999,Other Miscellaneous Clerical and Administrative Workers,post_graduate_graduate_diploma_or_graduate_certificate,9.8
5999,Other Miscellaneous Clerical and Administrative Workers,bachelor_degree,28.9
5999,Other Miscellaneous Clerical and Administrative Workers,advanced_diploma_diploma,14.7
5999,Other Miscellaneous Clerical and Administrative Workers,certificate_iii_iv,17.5
5999,Other Miscellaneous Clerical and Administrative Workers,year_12,17.4
5999,Other Miscellaneous Clerical and Administrative Workers,year_11,2.3
5999,Other Miscellaneous Clerical and Administrative Workers,year_10_and_below,4.7
6111,"Auctioneers, and Stock and Station Agents",post_graduate_graduate_diploma_or_graduate_certificate,1.5
6111,"Auctioneers, and Stock and Station Agents",bachelor_degree,9.9
6111,"Auctioneers, and Stock and Station Agents",advanced_diploma_diploma,12.8
6111,"Auctioneers, and Stock and Station Agents",certificate_iii_iv,20
6111,"Auctioneers, and Stock and Station Agents",year_12,24.1
6111,"Auctioneers, and Stock and Station Agents",year_11,7.2
6111,"Auctioneers, and Stock and Station Agents",year_10_and_below,14.7
6112,Insurance Agents,post_graduate_graduate_diploma_or_graduate_certificate,7.5
6112,Insurance Agents,bachelor_degree,23.2
6112,Insurance Agents,advanced_diploma_diploma,18.7
6112,Insurance Agents,certificate_iii_iv,14.9
6112,Insurance Agents,year_12,22.5
6112,Insurance Agents,year_11,3.2
6112,Insurance Agents,year_10_and_below,4.4
6113,Sales Representatives,post_graduate_graduate_diploma_or_graduate_certificate,5.8
6113,Sales Representatives,bachelor_degree,20.2
6113,Sales Representatives,advanced_diploma_diploma,13.3
6113,Sales Representatives,certificate_iii_iv,18
6113,Sales Representatives,year_12,23.5
6113,Sales Representatives,year_11,5.1
6113,Sales Representatives,year_10_and_below,9.5
6121,Real Estate Sales Agents,post_graduate_graduate_diploma_or_graduate_certificate,7.7
6121,Real Estate Sales Agents,bachelor_degree,19.8
6121,Real Estate Sales Agents,advanced_diploma_diploma,18.2
6121,Real Estate Sales Agents,certificate_iii_iv,21.5
6121,Real Estate Sales Agents,year_12,15.3
6121,Real Estate Sales Agents,year_11,2.5
6121,Real Estate Sales Agents,year_10_and_below,4.8
6211,Sales Assistants (General),post_graduate_graduate_diploma_or_graduate_certificate,3
6211,Sales Assistants (General),bachelor_degree,9.4
6211,Sales Assistants (General),advanced_diploma_diploma,7.2
6211,Sales Assistants (General),certificate_iii_iv,11.4
6211,Sales Assistants (General),year_12,33.2
6211,Sales Assistants (General),year_11,10.5
6211,Sales Assistants (General),year_10_and_below,21.4
6212,ICT Sales Assistants,post_graduate_graduate_diploma_or_graduate_certificate,10.4
6212,ICT Sales Assistants,bachelor_degree,27.6
6212,ICT Sales Assistants,advanced_diploma_diploma,10.5
6212,ICT Sales Assistants,certificate_iii_iv,10.5
6212,ICT Sales Assistants,year_12,30.2
6212,ICT Sales Assistants,year_11,2.8
6212,ICT Sales Assistants,year_10_and_below,4.4
6213,Motor Vehicle and Vehicle Parts Salespersons,post_graduate_graduate_diploma_or_graduate_certificate,1.7
6213,Motor Vehicle and Vehicle Parts Salespersons,bachelor_degree,6.4
6213,Motor Vehicle and Vehicle Parts Salespersons,advanced_diploma_diploma,7.9
6213,Motor Vehicle and Vehicle Parts Salespersons,certificate_iii_iv,28.7
6213,Motor Vehicle and Vehicle Parts Salespersons,year_12,28.5
6213,Motor Vehicle and Vehicle Parts Salespersons,year_11,7.5
6213,Motor Vehicle and Vehicle Parts Salespersons,year_10_and_below,15
6214,Pharmacy Sales Assistants,post_graduate_graduate_diploma_or_graduate_certificate,2.8
6214,Pharmacy Sales Assistants,bachelor_degree,10
6214,Pharmacy Sales Assistants,advanced_diploma_diploma,6.5
6214,Pharmacy Sales Assistants,certificate_iii_iv,15.2
6214,Pharmacy Sales Assistants,year_12,34.5
6214,Pharmacy Sales Assistants,year_11,8.9
6214,Pharmacy Sales Assistants,year_10_and_below,17.3
6215,Retail Supervisors,post_graduate_graduate_diploma_or_graduate_certificate,4.2
6215,Retail Supervisors,bachelor_degree,12.1
6215,Retail Supervisors,advanced_diploma_diploma,9.8
6215,Retail Supervisors,certificate_iii_iv,17.7
6215,Retail Supervisors,year_12,34.8
6215,Retail Supervisors,year_11,6.4
6215,Retail Supervisors,year_10_and_below,11.3
6216,Service Station Attendants,post_graduate_graduate_diploma_or_graduate_certificate,13.5
6216,Service Station Attendants,bachelor_degree,13.4
6216,Service Station Attendants,advanced_diploma_diploma,6.6
6216,Service Station Attendants,certificate_iii_iv,12
6216,Service Station Attendants,year_12,26.4
6216,Service Station Attendants,year_11,7
6216,Service Station Attendants,year_10_and_below,17.2
6217,Street Vendors and Related Salespersons,post_graduate_graduate_diploma_or_graduate_certificate,7.7
6217,Street Vendors and Related Salespersons,bachelor_degree,19.9
6217,Street Vendors and Related Salespersons,advanced_diploma_diploma,11
6217,Street Vendors and Related Salespersons,certificate_iii_iv,15.9
6217,Street Vendors and Related Salespersons,year_12,22.4
6217,Street Vendors and Related Salespersons,year_11,4.8
6217,Street Vendors and Related Salespersons,year_10_and_below,13.4
6219,Other Sales Assistants and Salespersons,post_graduate_graduate_diploma_or_graduate_certificate,3.2
6219,Other Sales Assistants and Salespersons,bachelor_degree,10.5
6219,Other Sales Assistants and Salespersons,advanced_diploma_diploma,9.5
6219,Other Sales Assistants and Salespersons,certificate_iii_iv,20.8
6219,Other Sales Assistants and Salespersons,year_12,24.6
6219,Other Sales Assistants and Salespersons,year_11,6.6
6219,Other Sales Assistants and Salespersons,year_10_and_below,18.7
6311,Checkout Operators and Office Cashiers,post_graduate_graduate_diploma_or_graduate_certificate,3.4
6311,Checkout Operators and Office Cashiers,bachelor_degree,7.6
6311,Checkout Operators and Office Cashiers,advanced_diploma_diploma,5.5
6311,Checkout Operators and Office Cashiers,certificate_iii_iv,9.3
6311,Checkout Operators and Office Cashiers,year_12,32.5
6311,Checkout Operators and Office Cashiers,year_11,13.1
6311,Checkout Operators and Office Cashiers,year_10_and_below,25.5
6391,Models and Sales Demonstrators,post_graduate_graduate_diploma_or_graduate_certificate,2.9
6391,Models and Sales Demonstrators,bachelor_degree,10.4
6391,Models and Sales Demonstrators,advanced_diploma_diploma,11.1
6391,Models and Sales Demonstrators,certificate_iii_iv,16.1
6391,Models and Sales Demonstrators,year_12,26.5
6391,Models and Sales Demonstrators,year_11,8.2
6391,Models and Sales Demonstrators,year_10_and_below,19.9
6392,Retail and Wool Buyers,post_graduate_graduate_diploma_or_graduate_certificate,7.1
6392,Retail and Wool Buyers,bachelor_degree,36.9
6392,Retail and Wool Buyers,advanced_diploma_diploma,15
6392,Retail and Wool Buyers,certificate_iii_iv,9.6
6392,Retail and Wool Buyers,year_12,18.9
6392,Retail and Wool Buyers,year_11,3
6392,Retail and Wool Buyers,year_10_and_below,5.5
6393,Telemarketers,post_graduate_graduate_diploma_or_graduate_certificate,4.7
6393,Telemarketers,bachelor_degree,14.7
6393,Telemarketers,advanced_diploma_diploma,11.8
6393,Telemarketers,certificate_iii_iv,15.4
6393,Telemarketers,year_12,29.4
6393,Telemarketers,year_11,6.2
6393,Telemarketers,year_10_and_below,12.1
6394,Ticket Salespersons,post_graduate_graduate_diploma_or_graduate_certificate,4.6
6394,Ticket Salespersons,bachelor_degree,17.1
6394,Ticket Salespersons,advanced_diploma_diploma,13.7
6394,Ticket Salespersons,certificate_iii_iv,14.5
6394,Ticket Salespersons,year_12,28.8
6394,Ticket Salespersons,year_11,5.9
6394,Ticket Salespersons,year_10_and_below,10.6
6395,Visual Merchandisers,post_graduate_graduate_diploma_or_graduate_certificate,2.3
6395,Visual Merchandisers,bachelor_degree,18
6395,Visual Merchandisers,advanced_diploma_diploma,21.8
6395,Visual Merchandisers,certificate_iii_iv,13.2
6395,Visual Merchandisers,year_12,24
6395,Visual Merchandisers,year_11,5.7
6395,Visual Merchandisers,year_10_and_below,10.7
6399,Other Sales Support Workers,post_graduate_graduate_diploma_or_graduate_certificate,5.4
6399,Other Sales Support Workers,bachelor_degree,13.8
6399,Other Sales Support Workers,advanced_diploma_diploma,9.5
6399,Other Sales Support Workers,certificate_iii_iv,12.8
6399,Other Sales Support Workers,year_12,33.9
6399,Other Sales Support Workers,year_11,6.9
6399,Other Sales Support Workers,year_10_and_below,14
7111,"Clay, Concrete, Glass and Stone Processing Machine Operators",post_graduate_graduate_diploma_or_graduate_certificate,1.7
7111,"Clay, Concrete, Glass and Stone Processing Machine Operators",bachelor_degree,5.7
7111,"Clay, Concrete, Glass and Stone Processing Machine Operators",advanced_diploma_diploma,5.4
7111,"Clay, Concrete, Glass and Stone Processing Machine Operators",certificate_iii_iv,25.7
7111,"Clay, Concrete, Glass and Stone Processing Machine Operators",year_12,24.4
7111,"Clay, Concrete, Glass and Stone Processing Machine Operators",year_11,7.9
7111,"Clay, Concrete, Glass and Stone Processing Machine Operators",year_10_and_below,23.9
7112,Industrial Spraypainters,post_graduate_graduate_diploma_or_graduate_certificate,0.5
7112,Industrial Spraypainters,bachelor_degree,2.6
7112,Industrial Spraypainters,advanced_diploma_diploma,3.1
7112,Industrial Spraypainters,certificate_iii_iv,40.7
7112,Industrial Spraypainters,year_12,16.8
7112,Industrial Spraypainters,year_11,7.6
7112,Industrial Spraypainters,year_10_and_below,24.2
7113,Paper and Wood Processing Machine Operators,post_graduate_graduate_diploma_or_graduate_certificate,1
7113,Paper and Wood Processing Machine Operators,bachelor_degree,4.3
7113,Paper and Wood Processing Machine Operators,advanced_diploma_diploma,4.8
7113,Paper and Wood Processing Machine Operators,certificate_iii_iv,22.7
7113,Paper and Wood Processing Machine Operators,year_12,23.3
7113,Paper and Wood Processing Machine Operators,year_11,8.7
7113,Paper and Wood Processing Machine Operators,year_10_and_below,29.4
7114,Photographic Developers and Printers,post_graduate_graduate_diploma_or_graduate_certificate,4.2
7114,Photographic Developers and Printers,bachelor_degree,20.2
7114,Photographic Developers and Printers,advanced_diploma_diploma,11.9
7114,Photographic Developers and Printers,certificate_iii_iv,15.3
7114,Photographic Developers and Printers,year_12,30.9
7114,Photographic Developers and Printers,year_11,5.1
7114,Photographic Developers and Printers,year_10_and_below,7.7
7115,Plastics and Rubber Production Machine Operators,post_graduate_graduate_diploma_or_graduate_certificate,1.2
7115,Plastics and Rubber Production Machine Operators,bachelor_degree,5
7115,Plastics and Rubber Production Machine Operators,advanced_diploma_diploma,5.6
7115,Plastics and Rubber Production Machine Operators,certificate_iii_iv,28.7
7115,Plastics and Rubber Production Machine Operators,year_12,22.7
7115,Plastics and Rubber Production Machine Operators,year_11,7.5
7115,Plastics and Rubber Production Machine Operators,year_10_and_below,23.4
7116,Sewing Machinists,post_graduate_graduate_diploma_or_graduate_certificate,1.7
7116,Sewing Machinists,bachelor_degree,7.3
7116,Sewing Machinists,advanced_diploma_diploma,8.6
7116,Sewing Machinists,certificate_iii_iv,12.7
7116,Sewing Machinists,year_12,24.1
7116,Sewing Machinists,year_11,6
7116,Sewing Machinists,year_10_and_below,31.1
7117,Textile and Footwear Production Machine Operators,post_graduate_graduate_diploma_or_graduate_certificate,2.2
7117,Textile and Footwear Production Machine Operators,bachelor_degree,8.3
7117,Textile and Footwear Production Machine Operators,advanced_diploma_diploma,7.4
7117,Textile and Footwear Production Machine Operators,certificate_iii_iv,17.5
7117,Textile and Footwear Production Machine Operators,year_12,23.9
7117,Textile and Footwear Production Machine Operators,year_11,7.3
7117,Textile and Footwear Production Machine Operators,year_10_and_below,26.3
7119,Other Machine Operators,post_graduate_graduate_diploma_or_graduate_certificate,3.8
7119,Other Machine Operators,bachelor_degree,12.9
7119,Other Machine Operators,advanced_diploma_diploma,9
7119,Other Machine Operators,certificate_iii_iv,28.5
7119,Other Machine Operators,year_12,19
7119,Other Machine Operators,year_11,4.8
7119,Other Machine Operators,year_10_and_below,14.8
7121,"Crane, Hoist and Lift Operators",post_graduate_graduate_diploma_or_graduate_certificate,0.5
7121,"Crane, Hoist and Lift Operators",bachelor_degree,2.3
7121,"Crane, Hoist and Lift Operators",advanced_diploma_diploma,3.9
7121,"Crane, Hoist and Lift Operators",certificate_iii_iv,36.7
7121,"Crane, Hoist and Lift Operators",year_12,17
7121,"Crane, Hoist and Lift Operators",year_11,6.8
7121,"Crane, Hoist and Lift Operators",year_10_and_below,24.3
7122,"Drillers, Miners and Shot Firers",post_graduate_graduate_diploma_or_graduate_certificate,0.6
7122,"Drillers, Miners and Shot Firers",bachelor_degree,2.5
7122,"Drillers, Miners and Shot Firers",advanced_diploma_diploma,5
7122,"Drillers, Miners and Shot Firers",certificate_iii_iv,37.8
7122,"Drillers, Miners and Shot Firers",year_12,19.3
7122,"Drillers, Miners and Shot Firers",year_11,7.2
7122,"Drillers, Miners and Shot Firers",year_10_and_below,22.9
7123,Engineering Production Workers,post_graduate_graduate_diploma_or_graduate_certificate,1.6
7123,Engineering Production Workers,bachelor_degree,5.6
7123,Engineering Production Workers,advanced_diploma_diploma,6.9
7123,Engineering Production Workers,certificate_iii_iv,33.6
7123,Engineering Production Workers,year_12,20
7123,Engineering Production Workers,year_11,7
7123,Engineering Production Workers,year_10_and_below,20.6
7129,Other Stationary Plant Operators,post_graduate_graduate_diploma_or_graduate_certificate,1.8
7129,Other Stationary Plant Operators,bachelor_degree,5.6
7129,Other Stationary Plant Operators,advanced_diploma_diploma,6.2
7129,Other Stationary Plant Operators,certificate_iii_iv,37.6
7129,Other Stationary Plant Operators,year_12,17.2
7129,Other Stationary Plant Operators,year_11,6.7
7129,Other Stationary Plant Operators,year_10_and_below,20.7
7211,"Agricultural, Forestry and Horticultural Plant Operators",post_graduate_graduate_diploma_or_graduate_certificate,0.7
7211,"Agricultural, Forestry and Horticultural Plant Operators",bachelor_degree,3.5
7211,"Agricultural, Forestry and Horticultural Plant Operators",advanced_diploma_diploma,4.3
7211,"Agricultural, Forestry and Horticultural Plant Operators",certificate_iii_iv,28
7211,"Agricultural, Forestry and Horticultural Plant Operators",year_12,18.2
7211,"Agricultural, Forestry and Horticultural Plant Operators",year_11,8.3
7211,"Agricultural, Forestry and Horticultural Plant Operators",year_10_and_below,31.8
7212,Earthmoving Plant Operators,post_graduate_graduate_diploma_or_graduate_certificate,0.2
7212,Earthmoving Plant Operators,bachelor_degree,1.2
7212,Earthmoving Plant Operators,advanced_diploma_diploma,2.8
7212,Earthmoving Plant Operators,certificate_iii_iv,34.3
7212,Earthmoving Plant Operators,year_12,14
7212,Earthmoving Plant Operators,year_11,7.6
7212,Earthmoving Plant Operators,year_10_and_below,34.7
7213,Forklift Drivers,post_graduate_graduate_diploma_or_graduate_certificate,1.5
7213,Forklift Drivers,bachelor_degree,4.9
7213,Forklift Drivers,advanced_diploma_diploma,5.5
7213,Forklift Drivers,certificate_iii_iv,18.9
7213,Forklift Drivers,year_12,26.8
7213,Forklift Drivers,year_11,9.1
7213,Forklift Drivers,year_10_and_below,27.3
7219,Other Mobile Plant Operators,post_graduate_graduate_diploma_or_graduate_certificate,1.2
7219,Other Mobile Plant Operators,bachelor_degree,6
7219,Other Mobile Plant Operators,advanced_diploma_diploma,7.4
7219,Other Mobile Plant Operators,certificate_iii_iv,26.8
7219,Other Mobile Plant Operators,year_12,29
7219,Other Mobile Plant Operators,year_11,6.6
7219,Other Mobile Plant Operators,year_10_and_below,19.1
7311,Automobile Drivers,post_graduate_graduate_diploma_or_graduate_certificate,11.7
7311,Automobile Drivers,bachelor_degree,18.9
7311,Automobile Drivers,advanced_diploma_diploma,15.3
7311,Automobile Drivers,certificate_iii_iv,12.2
7311,Automobile Drivers,year_12,19.9
7311,Automobile Drivers,year_11,3.1
7311,Automobile Drivers,year_10_and_below,12.1
7312,Bus and Coach Drivers,post_graduate_graduate_diploma_or_graduate_certificate,4
7312,Bus and Coach Drivers,bachelor_degree,10.3
7312,Bus and Coach Drivers,advanced_diploma_diploma,11.6
7312,Bus and Coach Drivers,certificate_iii_iv,26.1
7312,Bus and Coach Drivers,year_12,15
7312,Bus and Coach Drivers,year_11,5.2
7312,Bus and Coach Drivers,year_10_and_below,21.4
7313,Train and Tram Drivers,post_graduate_graduate_diploma_or_graduate_certificate,2.9
7313,Train and Tram Drivers,bachelor_degree,8.4
7313,Train and Tram Drivers,advanced_diploma_diploma,7.5
7313,Train and Tram Drivers,certificate_iii_iv,40
7313,Train and Tram Drivers,year_12,14.9
7313,Train and Tram Drivers,year_11,4.9
7313,Train and Tram Drivers,year_10_and_below,14
7321,Delivery Drivers,post_graduate_graduate_diploma_or_graduate_certificate,6.7
7321,Delivery Drivers,bachelor_degree,12.7
7321,Delivery Drivers,advanced_diploma_diploma,8.6
7321,Delivery Drivers,certificate_iii_iv,15
7321,Delivery Drivers,year_12,28.1
7321,Delivery Drivers,year_11,8.5
7321,Delivery Drivers,year_10_and_below,15.6
7331,Truck Drivers,post_graduate_graduate_diploma_or_graduate_certificate,1.3
7331,Truck Drivers,bachelor_degree,3.8
7331,Truck Drivers,advanced_diploma_diploma,6
7331,Truck Drivers,certificate_iii_iv,24.8
7331,Truck Drivers,year_12,17.3
7331,Truck Drivers,year_11,7.7
7331,Truck Drivers,year_10_and_below,34.2
7411,Storepersons,post_graduate_graduate_diploma_or_graduate_certificate,3.5
7411,Storepersons,bachelor_degree,9.1
7411,Storepersons,advanced_diploma_diploma,7.6
7411,Storepersons,certificate_iii_iv,17.5
7411,Storepersons,year_12,32.8
7411,Storepersons,year_11,7.5
7411,Storepersons,year_10_and_below,17.2
8111,Car Detailers,post_graduate_graduate_diploma_or_graduate_certificate,2.3
8111,Car Detailers,bachelor_degree,5.7
8111,Car Detailers,advanced_diploma_diploma,6.2
8111,Car Detailers,certificate_iii_iv,17.6
8111,Car Detailers,year_12,27.3
8111,Car Detailers,year_11,8.8
8111,Car Detailers,year_10_and_below,26.9
8112,Commercial Cleaners,post_graduate_graduate_diploma_or_graduate_certificate,4.5
8112,Commercial Cleaners,bachelor_degree,11.1
8112,Commercial Cleaners,advanced_diploma_diploma,8.1
8112,Commercial Cleaners,certificate_iii_iv,14.3
8112,Commercial Cleaners,year_12,20.7
8112,Commercial Cleaners,year_11,6.7
8112,Commercial Cleaners,year_10_and_below,27.5
8113,Domestic Cleaners,post_graduate_graduate_diploma_or_graduate_certificate,2.9
8113,Domestic Cleaners,bachelor_degree,10.2
8113,Domestic Cleaners,advanced_diploma_diploma,10.3
8113,Domestic Cleaners,certificate_iii_iv,16.1
8113,Domestic Cleaners,year_12,21.6
8113,Domestic Cleaners,year_11,7.1
8113,Domestic Cleaners,year_10_and_below,24.6
8114,Housekeepers,post_graduate_graduate_diploma_or_graduate_certificate,4.1
8114,Housekeepers,bachelor_degree,12.1
8114,Housekeepers,advanced_diploma_diploma,8.1
8114,Housekeepers,certificate_iii_iv,14.9
8114,Housekeepers,year_12,21.4
8114,Housekeepers,year_11,6.6
8114,Housekeepers,year_10_and_below,25.7
8115,Laundry Workers,post_graduate_graduate_diploma_or_graduate_certificate,2.7
8115,Laundry Workers,bachelor_degree,8.7
8115,Laundry Workers,advanced_diploma_diploma,6.4
8115,Laundry Workers,certificate_iii_iv,13.5
8115,Laundry Workers,year_12,23.9
8115,Laundry Workers,year_11,6.6
8115,Laundry Workers,year_10_and_below,30.7
8116,Other Cleaners,post_graduate_graduate_diploma_or_graduate_certificate,1.5
8116,Other Cleaners,bachelor_degree,6.7
8116,Other Cleaners,advanced_diploma_diploma,6.8
8116,Other Cleaners,certificate_iii_iv,24.6
8116,Other Cleaners,year_12,24.4
8116,Other Cleaners,year_11,7.6
8116,Other Cleaners,year_10_and_below,22.9
8211,Building and Plumbing Labourers,post_graduate_graduate_diploma_or_graduate_certificate,1.1
8211,Building and Plumbing Labourers,bachelor_degree,5.3
8211,Building and Plumbing Labourers,advanced_diploma_diploma,5.1
8211,Building and Plumbing Labourers,certificate_iii_iv,29.3
8211,Building and Plumbing Labourers,year_12,25
8211,Building and Plumbing Labourers,year_11,7.7
8211,Building and Plumbing Labourers,year_10_and_below,22
8212,Concreters,post_graduate_graduate_diploma_or_graduate_certificate,0.3
8212,Concreters,bachelor_degree,1.9
8212,Concreters,advanced_diploma_diploma,2.8
8212,Concreters,certificate_iii_iv,35.1
8212,Concreters,year_12,19.4
8212,Concreters,year_11,8.4
8212,Concreters,year_10_and_below,28.4
8213,Fencers,post_graduate_graduate_diploma_or_graduate_certificate,0.7
8213,Fencers,bachelor_degree,3.3
8213,Fencers,advanced_diploma_diploma,4.8
8213,Fencers,certificate_iii_iv,28.4
8213,Fencers,year_12,19.9
8213,Fencers,year_11,8.6
8213,Fencers,year_10_and_below,28.7
8214,Insulation and Home Improvement Installers,post_graduate_graduate_diploma_or_graduate_certificate,0.9
8214,Insulation and Home Improvement Installers,bachelor_degree,4.3
8214,Insulation and Home Improvement Installers,advanced_diploma_diploma,5.2
8214,Insulation and Home Improvement Installers,certificate_iii_iv,36.3
8214,Insulation and Home Improvement Installers,year_12,21.3
8214,Insulation and Home Improvement Installers,year_11,7.1
8214,Insulation and Home Improvement Installers,year_10_and_below,19.1
8215,Paving and Surfacing Labourers,post_graduate_graduate_diploma_or_graduate_certificate,0.5
8215,Paving and Surfacing Labourers,bachelor_degree,1.6
8215,Paving and Surfacing Labourers,advanced_diploma_diploma,2.7
8215,Paving and Surfacing Labourers,certificate_iii_iv,32.4
8215,Paving and Surfacing Labourers,year_12,19.2
8215,Paving and Surfacing Labourers,year_11,8.3
8215,Paving and Surfacing Labourers,year_10_and_below,30.7
8216,Railway Track Workers,post_graduate_graduate_diploma_or_graduate_certificate,1.3
8216,Railway Track Workers,bachelor_degree,4.4
8216,Railway Track Workers,advanced_diploma_diploma,6.2
8216,Railway Track Workers,certificate_iii_iv,36.3
8216,Railway Track Workers,year_12,18.3
8216,Railway Track Workers,year_11,6.9
8216,Railway Track Workers,year_10_and_below,21.6
8217,Structural Steel Construction Workers,post_graduate_graduate_diploma_or_graduate_certificate,0.6
8217,Structural Steel Construction Workers,bachelor_degree,3.9
8217,Structural Steel Construction Workers,advanced_diploma_diploma,3.9
8217,Structural Steel Construction Workers,certificate_iii_iv,34.9
8217,Structural Steel Construction Workers,year_12,21.8
8217,Structural Steel Construction Workers,year_11,8.6
8217,Structural Steel Construction Workers,year_10_and_below,21
8219,Other Construction and Mining Labourers,post_graduate_graduate_diploma_or_graduate_certificate,1.9
8219,Other Construction and Mining Labourers,bachelor_degree,5.4
8219,Other Construction and Mining Labourers,advanced_diploma_diploma,5.4
8219,Other Construction and Mining Labourers,certificate_iii_iv,32.7
8219,Other Construction and Mining Labourers,year_12,26.3
8219,Other Construction and Mining Labourers,year_11,6.8
8219,Other Construction and Mining Labourers,year_10_and_below,16.9
8311,Food and Drink Factory Workers,post_graduate_graduate_diploma_or_graduate_certificate,4.1
8311,Food and Drink Factory Workers,bachelor_degree,11.2
8311,Food and Drink Factory Workers,advanced_diploma_diploma,7.6
8311,Food and Drink Factory Workers,certificate_iii_iv,18.2
8311,Food and Drink Factory Workers,year_12,26.4
8311,Food and Drink Factory Workers,year_11,6.9
8311,Food and Drink Factory Workers,year_10_and_below,19.7
8312,"Meat Boners and Slicers, and Slaughterers",post_graduate_graduate_diploma_or_graduate_certificate,0.9
8312,"Meat Boners and Slicers, and Slaughterers",bachelor_degree,6
8312,"Meat Boners and Slicers, and Slaughterers",advanced_diploma_diploma,3.5
8312,"Meat Boners and Slicers, and Slaughterers",certificate_iii_iv,17.9
8312,"Meat Boners and Slicers, and Slaughterers",year_12,29.3
8312,"Meat Boners and Slicers, and Slaughterers",year_11,6
8312,"Meat Boners and Slicers, and Slaughterers",year_10_and_below,25.6
8313,"Meat, Poultry and Seafood Process Workers",post_graduate_graduate_diploma_or_graduate_certificate,2.7
8313,"Meat, Poultry and Seafood Process Workers",bachelor_degree,8.4
8313,"Meat, Poultry and Seafood Process Workers",advanced_diploma_diploma,5.2
8313,"Meat, Poultry and Seafood Process Workers",certificate_iii_iv,13.3
8313,"Meat, Poultry and Seafood Process Workers",year_12,27.9
8313,"Meat, Poultry and Seafood Process Workers",year_11,6.7
8313,"Meat, Poultry and Seafood Process Workers",year_10_and_below,26.5
8321,Packers,post_graduate_graduate_diploma_or_graduate_certificate,3.3
8321,Packers,bachelor_degree,10.8
8321,Packers,advanced_diploma_diploma,6.4
8321,Packers,certificate_iii_iv,9.9
8321,Packers,year_12,31.8
8321,Packers,year_11,6.2
8321,Packers,year_10_and_below,23
8322,Product Assemblers,post_graduate_graduate_diploma_or_graduate_certificate,2.6
8322,Product Assemblers,bachelor_degree,9.1
8322,Product Assemblers,advanced_diploma_diploma,7.1
8322,Product Assemblers,certificate_iii_iv,20.4
8322,Product Assemblers,year_12,26.3
8322,Product Assemblers,year_11,6.8
8322,Product Assemblers,year_10_and_below,21.4
8391,Metal Engineering Process Workers,post_graduate_graduate_diploma_or_graduate_certificate,0.9
8391,Metal Engineering Process Workers,bachelor_degree,4
8391,Metal Engineering Process Workers,advanced_diploma_diploma,3.8
8391,Metal Engineering Process Workers,certificate_iii_iv,24
8391,Metal Engineering Process Workers,year_12,25.8
8391,Metal Engineering Process Workers,year_11,8.1
8391,Metal Engineering Process Workers,year_10_and_below,27.8
8392,Plastics and Rubber Factory Workers,post_graduate_graduate_diploma_or_graduate_certificate,2.1
8392,Plastics and Rubber Factory Workers,bachelor_degree,6
8392,Plastics and Rubber Factory Workers,advanced_diploma_diploma,5.8
8392,Plastics and Rubber Factory Workers,certificate_iii_iv,14.2
8392,Plastics and Rubber Factory Workers,year_12,28.2
8392,Plastics and Rubber Factory Workers,year_11,8.1
8392,Plastics and Rubber Factory Workers,year_10_and_below,28.7
8393,Product Quality Controllers,post_graduate_graduate_diploma_or_graduate_certificate,8.9
8393,Product Quality Controllers,bachelor_degree,20.5
8393,Product Quality Controllers,advanced_diploma_diploma,10.8
8393,Product Quality Controllers,certificate_iii_iv,19
8393,Product Quality Controllers,year_12,18.3
8393,Product Quality Controllers,year_11,4.7
8393,Product Quality Controllers,year_10_and_below,12.4
8394,Timber and Wood Process Workers,post_graduate_graduate_diploma_or_graduate_certificate,1
8394,Timber and Wood Process Workers,bachelor_degree,2.7
8394,Timber and Wood Process Workers,advanced_diploma_diploma,3
8394,Timber and Wood Process Workers,certificate_iii_iv,18.2
8394,Timber and Wood Process Workers,year_12,27.6
8394,Timber and Wood Process Workers,year_11,9.1
8394,Timber and Wood Process Workers,year_10_and_below,32.2
8399,Other Factory Process Workers,post_graduate_graduate_diploma_or_graduate_certificate,2.3
8399,Other Factory Process Workers,bachelor_degree,7.3
8399,Other Factory Process Workers,advanced_diploma_diploma,4.5
8399,Other Factory Process Workers,certificate_iii_iv,15.8
8399,Other Factory Process Workers,year_12,27.9
8399,Other Factory Process Workers,year_11,7.5
8399,Other Factory Process Workers,year_10_and_below,27.9
8411,Aquaculture Workers,post_graduate_graduate_diploma_or_graduate_certificate,4
8411,Aquaculture Workers,bachelor_degree,8.5
8411,Aquaculture Workers,advanced_diploma_diploma,5.9
8411,Aquaculture Workers,certificate_iii_iv,23.2
8411,Aquaculture Workers,year_12,18.3
8411,Aquaculture Workers,year_11,7.8
8411,Aquaculture Workers,year_10_and_below,26.9
8412,Crop Farm Workers,post_graduate_graduate_diploma_or_graduate_certificate,2.2
8412,Crop Farm Workers,bachelor_degree,8.7
8412,Crop Farm Workers,advanced_diploma_diploma,5.3
8412,Crop Farm Workers,certificate_iii_iv,13.1
8412,Crop Farm Workers,year_12,25.9
8412,Crop Farm Workers,year_11,6.9
8412,Crop Farm Workers,year_10_and_below,27.2
8413,Forestry and Logging Workers,post_graduate_graduate_diploma_or_graduate_certificate,1.3
8413,Forestry and Logging Workers,bachelor_degree,6.5
8413,Forestry and Logging Workers,advanced_diploma_diploma,5.6
8413,Forestry and Logging Workers,certificate_iii_iv,24.5
8413,Forestry and Logging Workers,year_12,18.9
8413,Forestry and Logging Workers,year_11,7.5
8413,Forestry and Logging Workers,year_10_and_below,29.7
8414,Garden and Nursery Labourers,post_graduate_graduate_diploma_or_graduate_certificate,1.1
8414,Garden and Nursery Labourers,bachelor_degree,5.5
8414,Garden and Nursery Labourers,advanced_diploma_diploma,6.5
8414,Garden and Nursery Labourers,certificate_iii_iv,28.1
8414,Garden and Nursery Labourers,year_12,21.7
8414,Garden and Nursery Labourers,year_11,7.2
8414,Garden and Nursery Labourers,year_10_and_below,25
8415,Livestock Farm Workers,post_graduate_graduate_diploma_or_graduate_certificate,1.3
8415,Livestock Farm Workers,bachelor_degree,7.1
8415,Livestock Farm Workers,advanced_diploma_diploma,5.6
8415,Livestock Farm Workers,certificate_iii_iv,21.3
8415,Livestock Farm Workers,year_12,23.1
8415,Livestock Farm Workers,year_11,8
8415,Livestock Farm Workers,year_10_and_below,28.1
8416,Mixed Crop and Livestock Farm Workers,post_graduate_graduate_diploma_or_graduate_certificate,0.8
8416,Mixed Crop and Livestock Farm Workers,bachelor_degree,6
8416,Mixed Crop and Livestock Farm Workers,advanced_diploma_diploma,5.7
8416,Mixed Crop and Livestock Farm Workers,certificate_iii_iv,26.8
8416,Mixed Crop and Livestock Farm Workers,year_12,21.3
8416,Mixed Crop and Livestock Farm Workers,year_11,8.9
8416,Mixed Crop and Livestock Farm Workers,year_10_and_below,25.4
8419,"Other Farm, Forestry and Garden Workers",post_graduate_graduate_diploma_or_graduate_certificate,2.6
8419,"Other Farm, Forestry and Garden Workers",bachelor_degree,9.4
8419,"Other Farm, Forestry and Garden Workers",advanced_diploma_diploma,8.6
8419,"Other Farm, Forestry and Garden Workers",certificate_iii_iv,31.6
8419,"Other Farm, Forestry and Garden Workers",year_12,14
8419,"Other Farm, Forestry and Garden Workers",year_11,4.4
8419,"Other Farm, Forestry and Garden Workers",year_10_and_below,14.2
8511,Fast Food Cooks,post_graduate_graduate_diploma_or_graduate_certificate,1.8
8511,Fast Food Cooks,bachelor_degree,4.7
8511,Fast Food Cooks,advanced_diploma_diploma,4.7
8511,Fast Food Cooks,certificate_iii_iv,8.1
8511,Fast Food Cooks,year_12,25.9
8511,Fast Food Cooks,year_11,15.1
8511,Fast Food Cooks,year_10_and_below,37
8512,Food Trades Assistants,post_graduate_graduate_diploma_or_graduate_certificate,2.7
8512,Food Trades Assistants,bachelor_degree,7.9
8512,Food Trades Assistants,advanced_diploma_diploma,5.6
8512,Food Trades Assistants,certificate_iii_iv,13.3
8512,Food Trades Assistants,year_12,30.6
8512,Food Trades Assistants,year_11,10.4
8512,Food Trades Assistants,year_10_and_below,25.1
8513,Kitchenhands,post_graduate_graduate_diploma_or_graduate_certificate,2.9
8513,Kitchenhands,bachelor_degree,8.2
8513,Kitchenhands,advanced_diploma_diploma,6.3
8513,Kitchenhands,certificate_iii_iv,10.6
8513,Kitchenhands,year_12,26.5
8513,Kitchenhands,year_11,11.4
8513,Kitchenhands,year_10_and_below,29.8
8911,Freight and Furniture Handlers,post_graduate_graduate_diploma_or_graduate_certificate,1.3
8911,Freight and Furniture Handlers,bachelor_degree,5.8
8911,Freight and Furniture Handlers,advanced_diploma_diploma,5.8
8911,Freight and Furniture Handlers,certificate_iii_iv,22.6
8911,Freight and Furniture Handlers,year_12,30.3
8911,Freight and Furniture Handlers,year_11,8
8911,Freight and Furniture Handlers,year_10_and_below,21.4
8912,Shelf Fillers,post_graduate_graduate_diploma_or_graduate_certificate,2.9
8912,Shelf Fillers,bachelor_degree,8.5
8912,Shelf Fillers,advanced_diploma_diploma,6.1
8912,Shelf Fillers,certificate_iii_iv,11.9
8912,Shelf Fillers,year_12,36.8
8912,Shelf Fillers,year_11,10.2
8912,Shelf Fillers,year_10_and_below,20.3
8991,Caretakers,post_graduate_graduate_diploma_or_graduate_certificate,2.8
8991,Caretakers,bachelor_degree,7.5
8991,Caretakers,advanced_diploma_diploma,9.5
8991,Caretakers,certificate_iii_iv,35.5
8991,Caretakers,year_12,14.7
8991,Caretakers,year_11,4.3
8991,Caretakers,year_10_and_below,20.3
8992,Deck and Fishing Hands,post_graduate_graduate_diploma_or_graduate_certificate,1.2
8992,Deck and Fishing Hands,bachelor_degree,5.7
8992,Deck and Fishing Hands,advanced_diploma_diploma,6.5
8992,Deck and Fishing Hands,certificate_iii_iv,28.7
8992,Deck and Fishing Hands,year_12,16.3
8992,Deck and Fishing Hands,year_11,5.7
8992,Deck and Fishing Hands,year_10_and_below,22
8993,Handypersons,post_graduate_graduate_diploma_or_graduate_certificate,2.1
8993,Handypersons,bachelor_degree,7
8993,Handypersons,advanced_diploma_diploma,8.7
8993,Handypersons,certificate_iii_iv,38.8
8993,Handypersons,year_12,14.5
8993,Handypersons,year_11,5.5
8993,Handypersons,year_10_and_below,18.6
8994,Motor Vehicle Parts and Accessories Fitters,post_graduate_graduate_diploma_or_graduate_certificate,0.5
8994,Motor Vehicle Parts and Accessories Fitters,bachelor_degree,1.9
8994,Motor Vehicle Parts and Accessories Fitters,advanced_diploma_diploma,3
8994,Motor Vehicle Parts and Accessories Fitters,certificate_iii_iv,30.9
8994,Motor Vehicle Parts and Accessories Fitters,year_12,21.3
8994,Motor Vehicle Parts and Accessories Fitters,year_11,9
8994,Motor Vehicle Parts and Accessories Fitters,year_10_and_below,28
8995,Printing Assistants and Table Workers,post_graduate_graduate_diploma_or_graduate_certificate,2.3
8995,Printing Assistants and Table Workers,bachelor_degree,9.9
8995,Printing Assistants and Table Workers,advanced_diploma_diploma,6.4
8995,Printing Assistants and Table Workers,certificate_iii_iv,19.4
8995,Printing Assistants and Table Workers,year_12,27.4
8995,Printing Assistants and Table Workers,year_11,6.7
8995,Printing Assistants and Table Workers,year_10_and_below,22.2
8996,Recycling and Rubbish Collectors,post_graduate_graduate_diploma_or_graduate_certificate,1
8996,Recycling and Rubbish Collectors,bachelor_degree,3.2
8996,Recycling and Rubbish Collectors,advanced_diploma_diploma,4.1
8996,Recycling and Rubbish Collectors,certificate_iii_iv,22.4
8996,Recycling and Rubbish Collectors,year_12,22.8
8996,Recycling and Rubbish Collectors,year_11,7.5
8996,Recycling and Rubbish Collectors,year_10_and_below,32.9
8997,Vending Machine Attendants,post_graduate_graduate_diploma_or_graduate_certificate,2.9
8997,Vending Machine Attendants,bachelor_degree,9.6
8997,Vending Machine Attendants,advanced_diploma_diploma,9.8
8997,Vending Machine Attendants,certificate_iii_iv,18.1
8997,Vending Machine Attendants,year_12,30.5
8997,Vending Machine Attendants,year_11,7.5
8997,Vending Machine Attendants,year_10_and_below,16.8
8999,Other Miscellaneous Labourers,post_graduate_graduate_diploma_or_graduate_certificate,2.3
8999,Other Miscellaneous Labourers,bachelor_degree,7.3
8999,Other Miscellaneous Labourers,advanced_diploma_diploma,7.3
8999,Other Miscellaneous Labourers,certificate_iii_iv,23.1
8999,Other Miscellaneous Labourers,year_12,23.4
8999,Other Miscellaneous Labourers,year_11,7.8
8999,Other Miscellaneous Labourers,year_10_and_below,23.2
111211,Corporate General Managers,post_graduate_graduate_diploma_or_graduate_certificate,22.2
111211,Corporate General Managers,bachelor_degree,30.5
111211,Corporate General Managers,advanced_diploma_diploma,15.4
111211,Corporate General Managers,certificate_iii_iv,11.9
111211,Corporate General Managers,year_12,11.2
111211,Corporate General Managers,year_11,2
111211,Corporate General Managers,year_10_and_below,3.7
111212,Defence Force Senior Officers,post_graduate_graduate_diploma_or_graduate_certificate,72.6
111212,Defence Force Senior Officers,bachelor_degree,12.6
111212,Defence Force Senior Officers,advanced_diploma_diploma,7.5
111212,Defence Force Senior Officers,certificate_iii_iv,1.7
111212,Defence Force Senior Officers,year_12,4
111212,Defence Force Senior Officers,year_11,0.2
111212,Defence Force Senior Officers,year_10_and_below,0.2
111311,Local Government Legislators,post_graduate_graduate_diploma_or_graduate_certificate,19.6
111311,Local Government Legislators,bachelor_degree,27.5
111311,Local Government Legislators,advanced_diploma_diploma,13.8
111311,Local Government Legislators,certificate_iii_iv,11.7
111311,Local Government Legislators,year_12,11.2
111311,Local Government Legislators,year_11,3.2
111311,Local Government Legislators,year_10_and_below,7.2
111312,Members of Parliament,post_graduate_graduate_diploma_or_graduate_certificate,31.1
111312,Members of Parliament,bachelor_degree,42.7
111312,Members of Parliament,advanced_diploma_diploma,7.7
111312,Members of Parliament,certificate_iii_iv,5
111312,Members of Parliament,year_12,6.5
111312,Members of Parliament,year_11,2.4
111312,Members of Parliament,year_10_and_below,2.2
111399,Other Legislators,post_graduate_graduate_diploma_or_graduate_certificate,25.7
111399,Other Legislators,bachelor_degree,18.2
111399,Other Legislators,advanced_diploma_diploma,7.4
111399,Other Legislators,certificate_iii_iv,16.9
111399,Other Legislators,year_12,10.1
111399,Other Legislators,year_11,2.7
111399,Other Legislators,year_10_and_below,10.8
121211,Cotton Growers,post_graduate_graduate_diploma_or_graduate_certificate,1.5
121211,Cotton Growers,bachelor_degree,13.2
121211,Cotton Growers,advanced_diploma_diploma,11.7
121211,Cotton Growers,certificate_iii_iv,21.2
121211,Cotton Growers,year_12,18.7
121211,Cotton Growers,year_11,4
121211,Cotton Growers,year_10_and_below,24.5
121212,Flower Growers,post_graduate_graduate_diploma_or_graduate_certificate,4.7
121212,Flower Growers,bachelor_degree,16.4
121212,Flower Growers,advanced_diploma_diploma,11
121212,Flower Growers,certificate_iii_iv,15.5
121212,Flower Growers,year_12,16.3
121212,Flower Growers,year_11,5
121212,Flower Growers,year_10_and_below,23.3
121213,Fruit and Nut Growers,post_graduate_graduate_diploma_or_graduate_certificate,4.3
121213,Fruit and Nut Growers,bachelor_degree,12.2
121213,Fruit and Nut Growers,advanced_diploma_diploma,9.7
121213,Fruit and Nut Growers,certificate_iii_iv,16.2
121213,Fruit and Nut Growers,year_12,19
121213,Fruit and Nut Growers,year_11,5.3
121213,Fruit and Nut Growers,year_10_and_below,25.5
121214,"Grain, Oilseed and Pasture Growers",post_graduate_graduate_diploma_or_graduate_certificate,2.1
121214,"Grain, Oilseed and Pasture Growers",bachelor_degree,10.3
121214,"Grain, Oilseed and Pasture Growers",advanced_diploma_diploma,9.4
121214,"Grain, Oilseed and Pasture Growers",certificate_iii_iv,20.7
121214,"Grain, Oilseed and Pasture Growers",year_12,18.8
121214,"Grain, Oilseed and Pasture Growers",year_11,9.7
121214,"Grain, Oilseed and Pasture Growers",year_10_and_below,24.2
121215,Grape Growers,post_graduate_graduate_diploma_or_graduate_certificate,6.4
121215,Grape Growers,bachelor_degree,16.1
121215,Grape Growers,advanced_diploma_diploma,12
121215,Grape Growers,certificate_iii_iv,16.2
121215,Grape Growers,year_12,15.4
121215,Grape Growers,year_11,7.4
121215,Grape Growers,year_10_and_below,19.3
121216,Mixed Crop Farmers,post_graduate_graduate_diploma_or_graduate_certificate,2.6
121216,Mixed Crop Farmers,bachelor_degree,10.8
121216,Mixed Crop Farmers,advanced_diploma_diploma,10
121216,Mixed Crop Farmers,certificate_iii_iv,17.5
121216,Mixed Crop Farmers,year_12,18.3
121216,Mixed Crop Farmers,year_11,6.4
121216,Mixed Crop Farmers,year_10_and_below,26.6
121217,Sugar Cane Growers,post_graduate_graduate_diploma_or_graduate_certificate,0.7
121217,Sugar Cane Growers,bachelor_degree,3.8
121217,Sugar Cane Growers,advanced_diploma_diploma,4.8
121217,Sugar Cane Growers,certificate_iii_iv,25.3
121217,Sugar Cane Growers,year_12,13.1
121217,Sugar Cane Growers,year_11,4.9
121217,Sugar Cane Growers,year_10_and_below,42.2
121218,Turf Growers,post_graduate_graduate_diploma_or_graduate_certificate,1
121218,Turf Growers,bachelor_degree,4.6
121218,Turf Growers,advanced_diploma_diploma,7.9
121218,Turf Growers,certificate_iii_iv,28.7
121218,Turf Growers,year_12,15
121218,Turf Growers,year_11,4.3
121218,Turf Growers,year_10_and_below,34
121221,Vegetable Growers,post_graduate_graduate_diploma_or_graduate_certificate,2.7
121221,Vegetable Growers,bachelor_degree,8.9
121221,Vegetable Growers,advanced_diploma_diploma,6.5
121221,Vegetable Growers,certificate_iii_iv,12.4
121221,Vegetable Growers,year_12,20.9
121221,Vegetable Growers,year_11,6.1
121221,Vegetable Growers,year_10_and_below,32.4
121299,Other Crop Farmers,post_graduate_graduate_diploma_or_graduate_certificate,5.9
121299,Other Crop Farmers,bachelor_degree,15.7
121299,Other Crop Farmers,advanced_diploma_diploma,11.8
121299,Other Crop Farmers,certificate_iii_iv,22.5
121299,Other Crop Farmers,year_12,17
121299,Other Crop Farmers,year_11,5.3
121299,Other Crop Farmers,year_10_and_below,17.1
121311,Beekeepers,post_graduate_graduate_diploma_or_graduate_certificate,5.1
121311,Beekeepers,bachelor_degree,10.9
121311,Beekeepers,advanced_diploma_diploma,7.4
121311,Beekeepers,certificate_iii_iv,25.9
121311,Beekeepers,year_12,14.4
121311,Beekeepers,year_11,5.2
121311,Beekeepers,year_10_and_below,24.3
121312,Beef Cattle Farmers,post_graduate_graduate_diploma_or_graduate_certificate,3.6
121312,Beef Cattle Farmers,bachelor_degree,11.3
121312,Beef Cattle Farmers,advanced_diploma_diploma,10.1
121312,Beef Cattle Farmers,certificate_iii_iv,17.4
121312,Beef Cattle Farmers,year_12,14
121312,Beef Cattle Farmers,year_11,5.5
121312,Beef Cattle Farmers,year_10_and_below,31.5
121313,Dairy Cattle Farmers,post_graduate_graduate_diploma_or_graduate_certificate,1.8
121313,Dairy Cattle Farmers,bachelor_degree,9.2
121313,Dairy Cattle Farmers,advanced_diploma_diploma,10.6
121313,Dairy Cattle Farmers,certificate_iii_iv,24.9
121313,Dairy Cattle Farmers,year_12,13.5
121313,Dairy Cattle Farmers,year_11,9.1
121313,Dairy Cattle Farmers,year_10_and_below,26
121315,Goat Farmers,post_graduate_graduate_diploma_or_graduate_certificate,8.3
121315,Goat Farmers,bachelor_degree,14.4
121315,Goat Farmers,advanced_diploma_diploma,11.1
121315,Goat Farmers,certificate_iii_iv,20.8
121315,Goat Farmers,year_12,10.6
121315,Goat Farmers,year_11,5.6
121315,Goat Farmers,year_10_and_below,19
121316,Horse Breeders,post_graduate_graduate_diploma_or_graduate_certificate,3.4
121316,Horse Breeders,bachelor_degree,13
121316,Horse Breeders,advanced_diploma_diploma,15.2
121316,Horse Breeders,certificate_iii_iv,17.2
121316,Horse Breeders,year_12,19.8
121316,Horse Breeders,year_11,6.1
121316,Horse Breeders,year_10_and_below,18.1
121317,Mixed Livestock Farmers,post_graduate_graduate_diploma_or_graduate_certificate,3
121317,Mixed Livestock Farmers,bachelor_degree,13.2
121317,Mixed Livestock Farmers,advanced_diploma_diploma,12.6
121317,Mixed Livestock Farmers,certificate_iii_iv,19.8
121317,Mixed Livestock Farmers,year_12,13.6
121317,Mixed Livestock Farmers,year_11,7.1
121317,Mixed Livestock Farmers,year_10_and_below,24.6
121318,Pig Farmers,post_graduate_graduate_diploma_or_graduate_certificate,2.4
121318,Pig Farmers,bachelor_degree,23.8
121318,Pig Farmers,advanced_diploma_diploma,10.5
121318,Pig Farmers,certificate_iii_iv,20.9
121318,Pig Farmers,year_12,16.1
121318,Pig Farmers,year_11,6.6
121318,Pig Farmers,year_10_and_below,14
121321,Poultry Farmers,post_graduate_graduate_diploma_or_graduate_certificate,3.5
121321,Poultry Farmers,bachelor_degree,12.1
121321,Poultry Farmers,advanced_diploma_diploma,8.4
121321,Poultry Farmers,certificate_iii_iv,22.1
121321,Poultry Farmers,year_12,16.6
121321,Poultry Farmers,year_11,6.6
121321,Poultry Farmers,year_10_and_below,24.5
121322,Sheep Farmers,post_graduate_graduate_diploma_or_graduate_certificate,3
121322,Sheep Farmers,bachelor_degree,11.8
121322,Sheep Farmers,advanced_diploma_diploma,10.8
121322,Sheep Farmers,certificate_iii_iv,19.4
121322,Sheep Farmers,year_12,15.3
121322,Sheep Farmers,year_11,9.1
121322,Sheep Farmers,year_10_and_below,24.5
121399,Other Livestock Farmers,post_graduate_graduate_diploma_or_graduate_certificate,6.6
121399,Other Livestock Farmers,bachelor_degree,12.6
121399,Other Livestock Farmers,advanced_diploma_diploma,10.3
121399,Other Livestock Farmers,certificate_iii_iv,20.6
121399,Other Livestock Farmers,year_12,15.3
121399,Other Livestock Farmers,year_11,6.2
121399,Other Livestock Farmers,year_10_and_below,21.4
131112,Sales and Marketing Managers,post_graduate_graduate_diploma_or_graduate_certificate,15.5
131112,Sales and Marketing Managers,bachelor_degree,36
131112,Sales and Marketing Managers,advanced_diploma_diploma,14
131112,Sales and Marketing Managers,certificate_iii_iv,11
131112,Sales and Marketing Managers,year_12,14
131112,Sales and Marketing Managers,year_11,2.4
131112,Sales and Marketing Managers,year_10_and_below,3.8
131113,Advertising Managers,post_graduate_graduate_diploma_or_graduate_certificate,10
131113,Advertising Managers,bachelor_degree,54
131113,Advertising Managers,advanced_diploma_diploma,10.6
131113,Advertising Managers,certificate_iii_iv,5.1
131113,Advertising Managers,year_12,13.3
131113,Advertising Managers,year_11,2.3
131113,Advertising Managers,year_10_and_below,1.9
131114,Public Relations Managers,post_graduate_graduate_diploma_or_graduate_certificate,29.1
131114,Public Relations Managers,bachelor_degree,51
131114,Public Relations Managers,advanced_diploma_diploma,7.1
131114,Public Relations Managers,certificate_iii_iv,3.1
131114,Public Relations Managers,year_12,6.2
131114,Public Relations Managers,year_11,0.5
131114,Public Relations Managers,year_10_and_below,1
133111,Construction Project Managers,post_graduate_graduate_diploma_or_graduate_certificate,10.8
133111,Construction Project Managers,bachelor_degree,32.1
133111,Construction Project Managers,advanced_diploma_diploma,15.9
133111,Construction Project Managers,certificate_iii_iv,26.2
133111,Construction Project Managers,year_12,7.7
133111,Construction Project Managers,year_11,1.3
133111,Construction Project Managers,year_10_and_below,3
133112,Project Builders,post_graduate_graduate_diploma_or_graduate_certificate,2.8
133112,Project Builders,bachelor_degree,9.8
133112,Project Builders,advanced_diploma_diploma,12.2
133112,Project Builders,certificate_iii_iv,54.8
133112,Project Builders,year_12,7.5
133112,Project Builders,year_11,2.4
133112,Project Builders,year_10_and_below,6
133311,Importers and Exporters,post_graduate_graduate_diploma_or_graduate_certificate,14.1
133311,Importers and Exporters,bachelor_degree,29.1
133311,Importers and Exporters,advanced_diploma_diploma,12.7
133311,Importers and Exporters,certificate_iii_iv,9.8
133311,Importers and Exporters,year_12,17.8
133311,Importers and Exporters,year_11,3
133311,Importers and Exporters,year_10_and_below,8.2
133312,Wholesalers,post_graduate_graduate_diploma_or_graduate_certificate,6.8
133312,Wholesalers,bachelor_degree,17.7
133312,Wholesalers,advanced_diploma_diploma,11.4
133312,Wholesalers,certificate_iii_iv,17.4
133312,Wholesalers,year_12,24.3
133312,Wholesalers,year_11,5.5
133312,Wholesalers,year_10_and_below,12.4
133511,Forest Managers,post_graduate_graduate_diploma_or_graduate_certificate,8.7
133511,Forest Managers,bachelor_degree,29.4
133511,Forest Managers,advanced_diploma_diploma,14.5
133511,Forest Managers,certificate_iii_iv,20.9
133511,Forest Managers,year_12,7.4
133511,Forest Managers,year_11,3.1
133511,Forest Managers,year_10_and_below,10.9
133512,Manufacturing Production Managers,post_graduate_graduate_diploma_or_graduate_certificate,7.5
133512,Manufacturing Production Managers,bachelor_degree,17.6
133512,Manufacturing Production Managers,advanced_diploma_diploma,13.4
133512,Manufacturing Production Managers,certificate_iii_iv,28.5
133512,Manufacturing Production Managers,year_12,14.8
133512,Manufacturing Production Managers,year_11,4.3
133512,Manufacturing Production Managers,year_10_and_below,10.2
133513,Mine Managers,post_graduate_graduate_diploma_or_graduate_certificate,15.5
133513,Mine Managers,bachelor_degree,25
133513,Mine Managers,advanced_diploma_diploma,16.3
133513,Mine Managers,certificate_iii_iv,25.1
133513,Mine Managers,year_12,7
133513,Mine Managers,year_11,2.2
133513,Mine Managers,year_10_and_below,5.4
133611,Supply and Distribution Managers,post_graduate_graduate_diploma_or_graduate_certificate,12.3
133611,Supply and Distribution Managers,bachelor_degree,21.2
133611,Supply and Distribution Managers,advanced_diploma_diploma,15.6
133611,Supply and Distribution Managers,certificate_iii_iv,16.3
133611,Supply and Distribution Managers,year_12,17.6
133611,Supply and Distribution Managers,year_11,4.2
133611,Supply and Distribution Managers,year_10_and_below,9
133612,Procurement Managers,post_graduate_graduate_diploma_or_graduate_certificate,22.5
133612,Procurement Managers,bachelor_degree,31
133612,Procurement Managers,advanced_diploma_diploma,15.4
133612,Procurement Managers,certificate_iii_iv,9.7
133612,Procurement Managers,year_12,11.7
133612,Procurement Managers,year_11,2.3
133612,Procurement Managers,year_10_and_below,4
134211,Medical Administrators,post_graduate_graduate_diploma_or_graduate_certificate,32.7
134211,Medical Administrators,bachelor_degree,29.7
134211,Medical Administrators,advanced_diploma_diploma,10.9
134211,Medical Administrators,certificate_iii_iv,9.3
134211,Medical Administrators,year_12,9.1
134211,Medical Administrators,year_11,1.4
134211,Medical Administrators,year_10_and_below,2.6
134212,Nursing Clinical Directors,post_graduate_graduate_diploma_or_graduate_certificate,44.7
134212,Nursing Clinical Directors,bachelor_degree,43.6
134212,Nursing Clinical Directors,advanced_diploma_diploma,8.3
134212,Nursing Clinical Directors,certificate_iii_iv,1
134212,Nursing Clinical Directors,year_12,0.7
134212,Nursing Clinical Directors,year_11,0
134212,Nursing Clinical Directors,year_10_and_below,0
134213,Primary Health Organisation Managers,post_graduate_graduate_diploma_or_graduate_certificate,39.1
134213,Primary Health Organisation Managers,bachelor_degree,30.5
134213,Primary Health Organisation Managers,advanced_diploma_diploma,11.7
134213,Primary Health Organisation Managers,certificate_iii_iv,7.1
134213,Primary Health Organisation Managers,year_12,4.9
134213,Primary Health Organisation Managers,year_11,1.1
134213,Primary Health Organisation Managers,year_10_and_below,0
134214,Welfare Centre Managers,post_graduate_graduate_diploma_or_graduate_certificate,20.5
134214,Welfare Centre Managers,bachelor_degree,32.3
134214,Welfare Centre Managers,advanced_diploma_diploma,22.7
134214,Welfare Centre Managers,certificate_iii_iv,11.5
134214,Welfare Centre Managers,year_12,6.5
134214,Welfare Centre Managers,year_11,1
134214,Welfare Centre Managers,year_10_and_below,2.1
134299,Other Health and Welfare Services Managers,post_graduate_graduate_diploma_or_graduate_certificate,26.2
134299,Other Health and Welfare Services Managers,bachelor_degree,33.5
134299,Other Health and Welfare Services Managers,advanced_diploma_diploma,18.7
134299,Other Health and Welfare Services Managers,certificate_iii_iv,11.4
134299,Other Health and Welfare Services Managers,year_12,4.9
134299,Other Health and Welfare Services Managers,year_11,0.8
134299,Other Health and Welfare Services Managers,year_10_and_below,2
134411,Faculty Heads,post_graduate_graduate_diploma_or_graduate_certificate,61.4
134411,Faculty Heads,bachelor_degree,22.3
134411,Faculty Heads,advanced_diploma_diploma,9.2
134411,Faculty Heads,certificate_iii_iv,3.1
134411,Faculty Heads,year_12,2.1
134411,Faculty Heads,year_11,0.2
134411,Faculty Heads,year_10_and_below,0.4
134412,Regional Education Managers,post_graduate_graduate_diploma_or_graduate_certificate,41.3
134412,Regional Education Managers,bachelor_degree,39.3
134412,Regional Education Managers,advanced_diploma_diploma,8.9
134412,Regional Education Managers,certificate_iii_iv,4.4
134412,Regional Education Managers,year_12,3.1
134412,Regional Education Managers,year_11,0.6
134412,Regional Education Managers,year_10_and_below,1.2
134499,Education Managers (not covered elsewhere),post_graduate_graduate_diploma_or_graduate_certificate,44.9
134499,Education Managers (not covered elsewhere),bachelor_degree,34.2
134499,Education Managers (not covered elsewhere),advanced_diploma_diploma,9.4
134499,Education Managers (not covered elsewhere),certificate_iii_iv,5
134499,Education Managers (not covered elsewhere),year_12,3.5
134499,Education Managers (not covered elsewhere),year_11,0.6
134499,Education Managers (not covered elsewhere),year_10_and_below,0.7
135111,Chief Information Officers,post_graduate_graduate_diploma_or_graduate_certificate,31
135111,Chief Information Officers,bachelor_degree,42
135111,Chief Information Officers,advanced_diploma_diploma,10.5
135111,Chief Information Officers,certificate_iii_iv,3.8
135111,Chief Information Officers,year_12,8.4
135111,Chief Information Officers,year_11,0.8
135111,Chief Information Officers,year_10_and_below,0.9
135112,ICT Project Managers,post_graduate_graduate_diploma_or_graduate_certificate,26.6
135112,ICT Project Managers,bachelor_degree,43.8
135112,ICT Project Managers,advanced_diploma_diploma,11.5
135112,ICT Project Managers,certificate_iii_iv,5.2
135112,ICT Project Managers,year_12,7.9
135112,ICT Project Managers,year_11,0.8
135112,ICT Project Managers,year_10_and_below,1
135199,Other ICT Managers,post_graduate_graduate_diploma_or_graduate_certificate,21.7
135199,Other ICT Managers,bachelor_degree,38.2
135199,Other ICT Managers,advanced_diploma_diploma,15.2
135199,Other ICT Managers,certificate_iii_iv,7.2
135199,Other ICT Managers,year_12,11.4
135199,Other ICT Managers,year_11,1.2
135199,Other ICT Managers,year_10_and_below,1.2
139111,Commissioned Defence Force Officers,post_graduate_graduate_diploma_or_graduate_certificate,26.4
139111,Commissioned Defence Force Officers,bachelor_degree,29.1
139111,Commissioned Defence Force Officers,advanced_diploma_diploma,11.2
139111,Commissioned Defence Force Officers,certificate_iii_iv,7.4
139111,Commissioned Defence Force Officers,year_12,22.5
139111,Commissioned Defence Force Officers,year_11,0.7
139111,Commissioned Defence Force Officers,year_10_and_below,0.9
139112,Commissioned Fire Officers,post_graduate_graduate_diploma_or_graduate_certificate,12
139112,Commissioned Fire Officers,bachelor_degree,12.4
139112,Commissioned Fire Officers,advanced_diploma_diploma,36.2
139112,Commissioned Fire Officers,certificate_iii_iv,28
139112,Commissioned Fire Officers,year_12,4.8
139112,Commissioned Fire Officers,year_11,1.1
139112,Commissioned Fire Officers,year_10_and_below,1.4
139113,Commissioned Police Officers,post_graduate_graduate_diploma_or_graduate_certificate,40.2
139113,Commissioned Police Officers,bachelor_degree,22.9
139113,Commissioned Police Officers,advanced_diploma_diploma,24.4
139113,Commissioned Police Officers,certificate_iii_iv,3.2
139113,Commissioned Police Officers,year_12,5
139113,Commissioned Police Officers,year_11,0.3
139113,Commissioned Police Officers,year_10_and_below,0.4
139911,Arts Administrators and Managers,post_graduate_graduate_diploma_or_graduate_certificate,31.2
139911,Arts Administrators and Managers,bachelor_degree,39.7
139911,Arts Administrators and Managers,advanced_diploma_diploma,11
139911,Arts Administrators and Managers,certificate_iii_iv,4
139911,Arts Administrators and Managers,year_12,8.5
139911,Arts Administrators and Managers,year_11,1.4
139911,Arts Administrators and Managers,year_10_and_below,2.4
139912,Environmental Managers,post_graduate_graduate_diploma_or_graduate_certificate,35.6
139912,Environmental Managers,bachelor_degree,47.3
139912,Environmental Managers,advanced_diploma_diploma,7.4
139912,Environmental Managers,certificate_iii_iv,4.7
139912,Environmental Managers,year_12,2.4
139912,Environmental Managers,year_11,0.4
139912,Environmental Managers,year_10_and_below,1
139913,Laboratory Managers,post_graduate_graduate_diploma_or_graduate_certificate,30.1
139913,Laboratory Managers,bachelor_degree,38.2
139913,Laboratory Managers,advanced_diploma_diploma,15.2
139913,Laboratory Managers,certificate_iii_iv,6.7
139913,Laboratory Managers,year_12,4.1
139913,Laboratory Managers,year_11,0.7
139913,Laboratory Managers,year_10_and_below,1.5
139914,Quality Assurance Managers,post_graduate_graduate_diploma_or_graduate_certificate,24.1
139914,Quality Assurance Managers,bachelor_degree,35.8
139914,Quality Assurance Managers,advanced_diploma_diploma,13.5
139914,Quality Assurance Managers,certificate_iii_iv,11.6
139914,Quality Assurance Managers,year_12,7.9
139914,Quality Assurance Managers,year_11,1.5
139914,Quality Assurance Managers,year_10_and_below,2.6
139915,Sports Administrators,post_graduate_graduate_diploma_or_graduate_certificate,12.9
139915,Sports Administrators,bachelor_degree,40.2
139915,Sports Administrators,advanced_diploma_diploma,12.1
139915,Sports Administrators,certificate_iii_iv,10.4
139915,Sports Administrators,year_12,14.9
139915,Sports Administrators,year_11,2.3
139915,Sports Administrators,year_10_and_below,3.2
139999,Specialist Managers (not covered elsewhere),post_graduate_graduate_diploma_or_graduate_certificate,21.7
139999,Specialist Managers (not covered elsewhere),bachelor_degree,30.8
139999,Specialist Managers (not covered elsewhere),advanced_diploma_diploma,16.1
139999,Specialist Managers (not covered elsewhere),certificate_iii_iv,13.9
139999,Specialist Managers (not covered elsewhere),year_12,9
139999,Specialist Managers (not covered elsewhere),year_11,1.7
139999,Specialist Managers (not covered elsewhere),year_10_and_below,3.7
141911,Bed and Breakfast Operators,post_graduate_graduate_diploma_or_graduate_certificate,11.1
141911,Bed and Breakfast Operators,bachelor_degree,22.6
141911,Bed and Breakfast Operators,advanced_diploma_diploma,18.4
141911,Bed and Breakfast Operators,certificate_iii_iv,14.3
141911,Bed and Breakfast Operators,year_12,10.9
141911,Bed and Breakfast Operators,year_11,4.7
141911,Bed and Breakfast Operators,year_10_and_below,10.5
141912,Retirement Village Managers,post_graduate_graduate_diploma_or_graduate_certificate,7.6
141912,Retirement Village Managers,bachelor_degree,17.3
141912,Retirement Village Managers,advanced_diploma_diploma,27.4
141912,Retirement Village Managers,certificate_iii_iv,16.5
141912,Retirement Village Managers,year_12,11.3
141912,Retirement Village Managers,year_11,4.1
141912,Retirement Village Managers,year_10_and_below,7.6
141999,Accommodation and Hospitality Managers (not covered elsewhere),post_graduate_graduate_diploma_or_graduate_certificate,9.4
141999,Accommodation and Hospitality Managers (not covered elsewhere),bachelor_degree,22.9
141999,Accommodation and Hospitality Managers (not covered elsewhere),advanced_diploma_diploma,17
141999,Accommodation and Hospitality Managers (not covered elsewhere),certificate_iii_iv,17.9
141999,Accommodation and Hospitality Managers (not covered elsewhere),year_12,14.8
141999,Accommodation and Hospitality Managers (not covered elsewhere),year_11,4.1
141999,Accommodation and Hospitality Managers (not covered elsewhere),year_10_and_below,8.2
142111,Retail Managers (General),post_graduate_graduate_diploma_or_graduate_certificate,6.4
142111,Retail Managers (General),bachelor_degree,16.5
142111,Retail Managers (General),advanced_diploma_diploma,12.6
142111,Retail Managers (General),certificate_iii_iv,17.2
142111,Retail Managers (General),year_12,26
142111,Retail Managers (General),year_11,5.3
142111,Retail Managers (General),year_10_and_below,11.2
142112,Antique Dealers,post_graduate_graduate_diploma_or_graduate_certificate,7.8
142112,Antique Dealers,bachelor_degree,19.8
142112,Antique Dealers,advanced_diploma_diploma,14.3
142112,Antique Dealers,certificate_iii_iv,14
142112,Antique Dealers,year_12,17.9
142112,Antique Dealers,year_11,6.8
142112,Antique Dealers,year_10_and_below,14.1
142113,Betting Agency Managers,post_graduate_graduate_diploma_or_graduate_certificate,2.8
142113,Betting Agency Managers,bachelor_degree,11.3
142113,Betting Agency Managers,advanced_diploma_diploma,9.3
142113,Betting Agency Managers,certificate_iii_iv,13.9
142113,Betting Agency Managers,year_12,28.5
142113,Betting Agency Managers,year_11,9.3
142113,Betting Agency Managers,year_10_and_below,22.6
142114,Hair and Beauty Salon Managers,post_graduate_graduate_diploma_or_graduate_certificate,3.4
142114,Hair and Beauty Salon Managers,bachelor_degree,11.5
142114,Hair and Beauty Salon Managers,advanced_diploma_diploma,24.1
142114,Hair and Beauty Salon Managers,certificate_iii_iv,41.6
142114,Hair and Beauty Salon Managers,year_12,9.7
142114,Hair and Beauty Salon Managers,year_11,1.5
142114,Hair and Beauty Salon Managers,year_10_and_below,4
142115,Post Office Managers,post_graduate_graduate_diploma_or_graduate_certificate,9.6
142115,Post Office Managers,bachelor_degree,14.8
142115,Post Office Managers,advanced_diploma_diploma,14.3
142115,Post Office Managers,certificate_iii_iv,14.3
142115,Post Office Managers,year_12,21.4
142115,Post Office Managers,year_11,6.8
142115,Post Office Managers,year_10_and_below,14.2
142116,Travel Agency Managers,post_graduate_graduate_diploma_or_graduate_certificate,9.4
142116,Travel Agency Managers,bachelor_degree,25.6
142116,Travel Agency Managers,advanced_diploma_diploma,26.2
142116,Travel Agency Managers,certificate_iii_iv,13.3
142116,Travel Agency Managers,year_12,13.7
142116,Travel Agency Managers,year_11,1.4
142116,Travel Agency Managers,year_10_and_below,3.4
149111,Amusement Centre Managers,post_graduate_graduate_diploma_or_graduate_certificate,6.1
149111,Amusement Centre Managers,bachelor_degree,22.3
149111,Amusement Centre Managers,advanced_diploma_diploma,17
149111,Amusement Centre Managers,certificate_iii_iv,16.6
149111,Amusement Centre Managers,year_12,26.5
149111,Amusement Centre Managers,year_11,3.7
149111,Amusement Centre Managers,year_10_and_below,4.8
149112,Fitness Centre Managers,post_graduate_graduate_diploma_or_graduate_certificate,5.2
149112,Fitness Centre Managers,bachelor_degree,25.1
149112,Fitness Centre Managers,advanced_diploma_diploma,17
149112,Fitness Centre Managers,certificate_iii_iv,29.3
149112,Fitness Centre Managers,year_12,12.8
149112,Fitness Centre Managers,year_11,1.8
149112,Fitness Centre Managers,year_10_and_below,3.2
149113,Sports Centre Managers,post_graduate_graduate_diploma_or_graduate_certificate,5.4
149113,Sports Centre Managers,bachelor_degree,23
149113,Sports Centre Managers,advanced_diploma_diploma,14.8
149113,Sports Centre Managers,certificate_iii_iv,19.4
149113,Sports Centre Managers,year_12,23
149113,Sports Centre Managers,year_11,3.5
149113,Sports Centre Managers,year_10_and_below,6
149211,Call Centre or Contact Centre Managers,post_graduate_graduate_diploma_or_graduate_certificate,6.5
149211,Call Centre or Contact Centre Managers,bachelor_degree,16.8
149211,Call Centre or Contact Centre Managers,advanced_diploma_diploma,16.8
149211,Call Centre or Contact Centre Managers,certificate_iii_iv,26.3
149211,Call Centre or Contact Centre Managers,year_12,20
149211,Call Centre or Contact Centre Managers,year_11,3.3
149211,Call Centre or Contact Centre Managers,year_10_and_below,6.3
149212,Customer Service Managers,post_graduate_graduate_diploma_or_graduate_certificate,10.2
149212,Customer Service Managers,bachelor_degree,22.1
149212,Customer Service Managers,advanced_diploma_diploma,16.4
149212,Customer Service Managers,certificate_iii_iv,24.3
149212,Customer Service Managers,year_12,15.3
149212,Customer Service Managers,year_11,2.9
149212,Customer Service Managers,year_10_and_below,5.1
149411,Fleet Managers,post_graduate_graduate_diploma_or_graduate_certificate,5.4
149411,Fleet Managers,bachelor_degree,11.8
149411,Fleet Managers,advanced_diploma_diploma,15.4
149411,Fleet Managers,certificate_iii_iv,33.8
149411,Fleet Managers,year_12,17.4
149411,Fleet Managers,year_11,4.3
149411,Fleet Managers,year_10_and_below,7.9
149412,Railway Station Managers,post_graduate_graduate_diploma_or_graduate_certificate,8.9
149412,Railway Station Managers,bachelor_degree,15.8
149412,Railway Station Managers,advanced_diploma_diploma,13.7
149412,Railway Station Managers,certificate_iii_iv,21.5
149412,Railway Station Managers,year_12,14.4
149412,Railway Station Managers,year_11,5.4
149412,Railway Station Managers,year_10_and_below,16.3
149413,Transport Company Managers,post_graduate_graduate_diploma_or_graduate_certificate,5.9
149413,Transport Company Managers,bachelor_degree,11.5
149413,Transport Company Managers,advanced_diploma_diploma,10.4
149413,Transport Company Managers,certificate_iii_iv,23.3
149413,Transport Company Managers,year_12,17
149413,Transport Company Managers,year_11,5.8
149413,Transport Company Managers,year_10_and_below,21.3
149911,Boarding Kennel and Cattery Operators,post_graduate_graduate_diploma_or_graduate_certificate,4.4
149911,Boarding Kennel and Cattery Operators,bachelor_degree,12.4
149911,Boarding Kennel and Cattery Operators,advanced_diploma_diploma,11.6
149911,Boarding Kennel and Cattery Operators,certificate_iii_iv,20.7
149911,Boarding Kennel and Cattery Operators,year_12,18.9
149911,Boarding Kennel and Cattery Operators,year_11,7.2
149911,Boarding Kennel and Cattery Operators,year_10_and_below,18.1
149912,Cinema and Theatre Managers,post_graduate_graduate_diploma_or_graduate_certificate,6.1
149912,Cinema and Theatre Managers,bachelor_degree,26.5
149912,Cinema and Theatre Managers,advanced_diploma_diploma,11.2
149912,Cinema and Theatre Managers,certificate_iii_iv,10.9
149912,Cinema and Theatre Managers,year_12,35.1
149912,Cinema and Theatre Managers,year_11,2.2
149912,Cinema and Theatre Managers,year_10_and_below,5.7
149913,Facilities Managers,post_graduate_graduate_diploma_or_graduate_certificate,8.3
149913,Facilities Managers,bachelor_degree,16.8
149913,Facilities Managers,advanced_diploma_diploma,18.9
149913,Facilities Managers,certificate_iii_iv,31.1
149913,Facilities Managers,year_12,11.4
149913,Facilities Managers,year_11,2.8
149913,Facilities Managers,year_10_and_below,6.3
149914,Bank Managers and Branch Managers,post_graduate_graduate_diploma_or_graduate_certificate,13.2
149914,Bank Managers and Branch Managers,bachelor_degree,24.8
149914,Bank Managers and Branch Managers,advanced_diploma_diploma,16.8
149914,Bank Managers and Branch Managers,certificate_iii_iv,11.6
149914,Bank Managers and Branch Managers,year_12,20.5
149914,Bank Managers and Branch Managers,year_11,3.5
149914,Bank Managers and Branch Managers,year_10_and_below,4.7
149915,Equipment Hire Managers,post_graduate_graduate_diploma_or_graduate_certificate,3.3
149915,Equipment Hire Managers,bachelor_degree,10.5
149915,Equipment Hire Managers,advanced_diploma_diploma,12.4
149915,Equipment Hire Managers,certificate_iii_iv,31.8
149915,Equipment Hire Managers,year_12,19.1
149915,Equipment Hire Managers,year_11,5.3
149915,Equipment Hire Managers,year_10_and_below,13.5
149999,"Hospitality, Retail and Service Managers (not covered elsewhere)",post_graduate_graduate_diploma_or_graduate_certificate,9.3
149999,"Hospitality, Retail and Service Managers (not covered elsewhere)",bachelor_degree,20.8
149999,"Hospitality, Retail and Service Managers (not covered elsewhere)",advanced_diploma_diploma,14
149999,"Hospitality, Retail and Service Managers (not covered elsewhere)",certificate_iii_iv,23.9
149999,"Hospitality, Retail and Service Managers (not covered elsewhere)",year_12,15.1
149999,"Hospitality, Retail and Service Managers (not covered elsewhere)",year_11,3.6
149999,"Hospitality, Retail and Service Managers (not covered elsewhere)",year_10_and_below,8.4
211111,Actors,post_graduate_graduate_diploma_or_graduate_certificate,8.5
211111,Actors,bachelor_degree,40.9
211111,Actors,advanced_diploma_diploma,17.6
211111,Actors,certificate_iii_iv,5.4
211111,Actors,year_12,16.9
211111,Actors,year_11,3.5
211111,Actors,year_10_and_below,4.4
211112,Dancers and Choreographers,post_graduate_graduate_diploma_or_graduate_certificate,8.1
211112,Dancers and Choreographers,bachelor_degree,17.4
211112,Dancers and Choreographers,advanced_diploma_diploma,21.1
211112,Dancers and Choreographers,certificate_iii_iv,13.3
211112,Dancers and Choreographers,year_12,22.9
211112,Dancers and Choreographers,year_11,3.4
211112,Dancers and Choreographers,year_10_and_below,6.9
211113,Entertainers and Variety Artists,post_graduate_graduate_diploma_or_graduate_certificate,4.5
211113,Entertainers and Variety Artists,bachelor_degree,26
211113,Entertainers and Variety Artists,advanced_diploma_diploma,11.2
211113,Entertainers and Variety Artists,certificate_iii_iv,14.8
211113,Entertainers and Variety Artists,year_12,26.6
211113,Entertainers and Variety Artists,year_11,3.9
211113,Entertainers and Variety Artists,year_10_and_below,8.8
211199,"Other Actors, Dancers and Entertainers",post_graduate_graduate_diploma_or_graduate_certificate,7.7
211199,"Other Actors, Dancers and Entertainers",bachelor_degree,28.2
211199,"Other Actors, Dancers and Entertainers",advanced_diploma_diploma,12.1
211199,"Other Actors, Dancers and Entertainers",certificate_iii_iv,12
211199,"Other Actors, Dancers and Entertainers",year_12,26.4
211199,"Other Actors, Dancers and Entertainers",year_11,3.4
211199,"Other Actors, Dancers and Entertainers",year_10_and_below,6
211211,Composers,post_graduate_graduate_diploma_or_graduate_certificate,25.1
211211,Composers,bachelor_degree,38.4
211211,Composers,advanced_diploma_diploma,8.2
211211,Composers,certificate_iii_iv,4.3
211211,Composers,year_12,16.9
211211,Composers,year_11,0.7
211211,Composers,year_10_and_below,2.4
211212,Music Directors,post_graduate_graduate_diploma_or_graduate_certificate,33.4
211212,Music Directors,bachelor_degree,44.5
211212,Music Directors,advanced_diploma_diploma,8.4
211212,Music Directors,certificate_iii_iv,2.3
211212,Music Directors,year_12,8.4
211212,Music Directors,year_11,0.6
211212,Music Directors,year_10_and_below,1.7
211213,Musicians,post_graduate_graduate_diploma_or_graduate_certificate,16
211213,Musicians,bachelor_degree,35
211213,Musicians,advanced_diploma_diploma,10.6
211213,Musicians,certificate_iii_iv,6.7
211213,Musicians,year_12,21.7
211213,Musicians,year_11,2.9
211213,Musicians,year_10_and_below,4.1
211214,Singers,post_graduate_graduate_diploma_or_graduate_certificate,13.7
211214,Singers,bachelor_degree,28.7
211214,Singers,advanced_diploma_diploma,13
211214,Singers,certificate_iii_iv,11.1
211214,Singers,year_12,20.5
211214,Singers,year_11,3.4
211214,Singers,year_10_and_below,7.4
211299,Other Music Professionals,post_graduate_graduate_diploma_or_graduate_certificate,46.6
211299,Other Music Professionals,bachelor_degree,37.9
211299,Other Music Professionals,advanced_diploma_diploma,8.6
211299,Other Music Professionals,certificate_iii_iv,6.9
211299,Other Music Professionals,year_12,5.2
211299,Other Music Professionals,year_11,0
211299,Other Music Professionals,year_10_and_below,0
211411,Painters (Visual Arts),post_graduate_graduate_diploma_or_graduate_certificate,13.6
211411,Painters (Visual Arts),bachelor_degree,33.2
211411,Painters (Visual Arts),advanced_diploma_diploma,15.3
211411,Painters (Visual Arts),certificate_iii_iv,7.9
211411,Painters (Visual Arts),year_12,12.5
211411,Painters (Visual Arts),year_11,3.3
211411,Painters (Visual Arts),year_10_and_below,7.4
211412,Potters and Ceramic Artists,post_graduate_graduate_diploma_or_graduate_certificate,13.3
211412,Potters and Ceramic Artists,bachelor_degree,35.5
211412,Potters and Ceramic Artists,advanced_diploma_diploma,17.8
211412,Potters and Ceramic Artists,certificate_iii_iv,6.8
211412,Potters and Ceramic Artists,year_12,13
211412,Potters and Ceramic Artists,year_11,2.1
211412,Potters and Ceramic Artists,year_10_and_below,5.5
211413,Sculptors,post_graduate_graduate_diploma_or_graduate_certificate,13.8
211413,Sculptors,bachelor_degree,35.7
211413,Sculptors,advanced_diploma_diploma,16.7
211413,Sculptors,certificate_iii_iv,14
211413,Sculptors,year_12,9
211413,Sculptors,year_11,2.2
211413,Sculptors,year_10_and_below,5.7
211499,Other Visual Arts or Crafts Professionals,post_graduate_graduate_diploma_or_graduate_certificate,9.4
211499,Other Visual Arts or Crafts Professionals,bachelor_degree,29.2
211499,Other Visual Arts or Crafts Professionals,advanced_diploma_diploma,14.2
211499,Other Visual Arts or Crafts Professionals,certificate_iii_iv,15.8
211499,Other Visual Arts or Crafts Professionals,year_12,15.1
211499,Other Visual Arts or Crafts Professionals,year_11,4.7
211499,Other Visual Arts or Crafts Professionals,year_10_and_below,7.4
212111,Artistic Directors,post_graduate_graduate_diploma_or_graduate_certificate,31.2
212111,Artistic Directors,bachelor_degree,40.6
212111,Artistic Directors,advanced_diploma_diploma,11.9
212111,Artistic Directors,certificate_iii_iv,5.8
212111,Artistic Directors,year_12,9.1
212111,Artistic Directors,year_11,1.1
212111,Artistic Directors,year_10_and_below,0.8
212112,Media Producers,post_graduate_graduate_diploma_or_graduate_certificate,11.1
212112,Media Producers,bachelor_degree,49.9
212112,Media Producers,advanced_diploma_diploma,13.3
212112,Media Producers,certificate_iii_iv,4.4
212112,Media Producers,year_12,14.8
212112,Media Producers,year_11,1.6
212112,Media Producers,year_10_and_below,1.6
212113,Radio Presenters,post_graduate_graduate_diploma_or_graduate_certificate,8.2
212113,Radio Presenters,bachelor_degree,24.9
212113,Radio Presenters,advanced_diploma_diploma,12.5
212113,Radio Presenters,certificate_iii_iv,9.8
212113,Radio Presenters,year_12,27.6
212113,Radio Presenters,year_11,4.7
212113,Radio Presenters,year_10_and_below,6.9
212114,Television Presenters,post_graduate_graduate_diploma_or_graduate_certificate,8.4
212114,Television Presenters,bachelor_degree,36.6
212114,Television Presenters,advanced_diploma_diploma,10.7
212114,Television Presenters,certificate_iii_iv,9.6
212114,Television Presenters,year_12,25.6
212114,Television Presenters,year_11,2.3
212114,Television Presenters,year_10_and_below,3.7
212211,Authors,post_graduate_graduate_diploma_or_graduate_certificate,30.8
212211,Authors,bachelor_degree,41.9
212211,Authors,advanced_diploma_diploma,8.3
212211,Authors,certificate_iii_iv,3.5
212211,Authors,year_12,9.2
212211,Authors,year_11,0.9
212211,Authors,year_10_and_below,2
212212,Book and Script Editors,post_graduate_graduate_diploma_or_graduate_certificate,44.9
212212,Book and Script Editors,bachelor_degree,41.8
212212,Book and Script Editors,advanced_diploma_diploma,4.7
212212,Book and Script Editors,certificate_iii_iv,1.7
212212,Book and Script Editors,year_12,4.7
212212,Book and Script Editors,year_11,0.5
212212,Book and Script Editors,year_10_and_below,0.4
212311,"Art Directors (Film, Television or Stage)",post_graduate_graduate_diploma_or_graduate_certificate,12.2
212311,"Art Directors (Film, Television or Stage)",bachelor_degree,44.6
212311,"Art Directors (Film, Television or Stage)",advanced_diploma_diploma,14.4
212311,"Art Directors (Film, Television or Stage)",certificate_iii_iv,4.1
212311,"Art Directors (Film, Television or Stage)",year_12,14.9
212311,"Art Directors (Film, Television or Stage)",year_11,0
212311,"Art Directors (Film, Television or Stage)",year_10_and_below,1.4
212312,"Directors (Film, Television, Radio or Stage)",post_graduate_graduate_diploma_or_graduate_certificate,13.8
212312,"Directors (Film, Television, Radio or Stage)",bachelor_degree,45.1
212312,"Directors (Film, Television, Radio or Stage)",advanced_diploma_diploma,12.5
212312,"Directors (Film, Television, Radio or Stage)",certificate_iii_iv,4.8
212312,"Directors (Film, Television, Radio or Stage)",year_12,16.6
212312,"Directors (Film, Television, Radio or Stage)",year_11,1.9
212312,"Directors (Film, Television, Radio or Stage)",year_10_and_below,2.5
212313,Cinematographers,post_graduate_graduate_diploma_or_graduate_certificate,9.2
212313,Cinematographers,bachelor_degree,30.9
212313,Cinematographers,advanced_diploma_diploma,20.6
212313,Cinematographers,certificate_iii_iv,9
212313,Cinematographers,year_12,19.9
212313,Cinematographers,year_11,2.6
212313,Cinematographers,year_10_and_below,2.2
212314,Film and Video Editors,post_graduate_graduate_diploma_or_graduate_certificate,7.9
212314,Film and Video Editors,bachelor_degree,46.7
212314,Film and Video Editors,advanced_diploma_diploma,14.9
212314,Film and Video Editors,certificate_iii_iv,6.1
212314,Film and Video Editors,year_12,16.6
212314,Film and Video Editors,year_11,2.6
212314,Film and Video Editors,year_10_and_below,2.5
212315,Program Directors (Television or Radio),post_graduate_graduate_diploma_or_graduate_certificate,15.5
212315,Program Directors (Television or Radio),bachelor_degree,45.4
212315,Program Directors (Television or Radio),advanced_diploma_diploma,11.2
212315,Program Directors (Television or Radio),certificate_iii_iv,5.6
212315,Program Directors (Television or Radio),year_12,14.7
212315,Program Directors (Television or Radio),year_11,1.6
212315,Program Directors (Television or Radio),year_10_and_below,2.4
212316,Stage Managers,post_graduate_graduate_diploma_or_graduate_certificate,3.6
212316,Stage Managers,bachelor_degree,50.2
212316,Stage Managers,advanced_diploma_diploma,15.1
212316,Stage Managers,certificate_iii_iv,11.1
212316,Stage Managers,year_12,13.4
212316,Stage Managers,year_11,4.3
212316,Stage Managers,year_10_and_below,1.6
212317,Technical Directors,post_graduate_graduate_diploma_or_graduate_certificate,9.7
212317,Technical Directors,bachelor_degree,33.4
212317,Technical Directors,advanced_diploma_diploma,18.5
212317,Technical Directors,certificate_iii_iv,12.2
212317,Technical Directors,year_12,16.6
212317,Technical Directors,year_11,1.3
212317,Technical Directors,year_10_and_below,1.9
212318,Video Producers,post_graduate_graduate_diploma_or_graduate_certificate,11.3
212318,Video Producers,bachelor_degree,47.5
212318,Video Producers,advanced_diploma_diploma,14.2
212318,Video Producers,certificate_iii_iv,6.5
212318,Video Producers,year_12,13.6
212318,Video Producers,year_11,1.6
212318,Video Producers,year_10_and_below,2.1
212399,"Other Film, Television, Radio and Stage Directors",post_graduate_graduate_diploma_or_graduate_certificate,8.5
212399,"Other Film, Television, Radio and Stage Directors",bachelor_degree,33.7
212399,"Other Film, Television, Radio and Stage Directors",advanced_diploma_diploma,18.4
212399,"Other Film, Television, Radio and Stage Directors",certificate_iii_iv,11.3
212399,"Other Film, Television, Radio and Stage Directors",year_12,18.9
212399,"Other Film, Television, Radio and Stage Directors",year_11,2.2
212399,"Other Film, Television, Radio and Stage Directors",year_10_and_below,3.2
212411,Copywriters,post_graduate_graduate_diploma_or_graduate_certificate,17.4
212411,Copywriters,bachelor_degree,59.1
212411,Copywriters,advanced_diploma_diploma,8
212411,Copywriters,certificate_iii_iv,2.8
212411,Copywriters,year_12,9
212411,Copywriters,year_11,0.5
212411,Copywriters,year_10_and_below,0.6
212412,Newspaper and Periodical Editors,post_graduate_graduate_diploma_or_graduate_certificate,23.3
212412,Newspaper and Periodical Editors,bachelor_degree,50.7
212412,Newspaper and Periodical Editors,advanced_diploma_diploma,7.8
212412,Newspaper and Periodical Editors,certificate_iii_iv,3.4
212412,Newspaper and Periodical Editors,year_12,10.1
212412,Newspaper and Periodical Editors,year_11,0.7
212412,Newspaper and Periodical Editors,year_10_and_below,1.3
212413,Print Journalists,post_graduate_graduate_diploma_or_graduate_certificate,16.9
212413,Print Journalists,bachelor_degree,58.3
212413,Print Journalists,advanced_diploma_diploma,4.5
212413,Print Journalists,certificate_iii_iv,2.1
212413,Print Journalists,year_12,12.1
212413,Print Journalists,year_11,0.9
212413,Print Journalists,year_10_and_below,1.4
212414,Radio Journalists,post_graduate_graduate_diploma_or_graduate_certificate,18.3
212414,Radio Journalists,bachelor_degree,57.2
212414,Radio Journalists,advanced_diploma_diploma,4.9
212414,Radio Journalists,certificate_iii_iv,3.4
212414,Radio Journalists,year_12,10.5
212414,Radio Journalists,year_11,0
212414,Radio Journalists,year_10_and_below,2.2
212415,Technical Writers,post_graduate_graduate_diploma_or_graduate_certificate,30
212415,Technical Writers,bachelor_degree,37.6
212415,Technical Writers,advanced_diploma_diploma,10.8
212415,Technical Writers,certificate_iii_iv,9.7
212415,Technical Writers,year_12,7.5
212415,Technical Writers,year_11,0.8
212415,Technical Writers,year_10_and_below,1.4
212416,Television Journalists,post_graduate_graduate_diploma_or_graduate_certificate,15.1
212416,Television Journalists,bachelor_degree,66.5
212416,Television Journalists,advanced_diploma_diploma,3
212416,Television Journalists,certificate_iii_iv,1
212416,Television Journalists,year_12,11.3
212416,Television Journalists,year_11,0.4
212416,Television Journalists,year_10_and_below,0.4
212499,"Bloggers, Critics, Sports and Other Writers (not covered elsewhere)",post_graduate_graduate_diploma_or_graduate_certificate,20
212499,"Bloggers, Critics, Sports and Other Writers (not covered elsewhere)",bachelor_degree,52.3
212499,"Bloggers, Critics, Sports and Other Writers (not covered elsewhere)",advanced_diploma_diploma,5.9
212499,"Bloggers, Critics, Sports and Other Writers (not covered elsewhere)",certificate_iii_iv,3.4
212499,"Bloggers, Critics, Sports and Other Writers (not covered elsewhere)",year_12,12.3
212499,"Bloggers, Critics, Sports and Other Writers (not covered elsewhere)",year_11,0.9
212499,"Bloggers, Critics, Sports and Other Writers (not covered elsewhere)",year_10_and_below,1.6
221111,Accountants (General),post_graduate_graduate_diploma_or_graduate_certificate,28.8
221111,Accountants (General),bachelor_degree,56.7
221111,Accountants (General),advanced_diploma_diploma,5.8
221111,Accountants (General),certificate_iii_iv,1.9
221111,Accountants (General),year_12,3.9
221111,Accountants (General),year_11,0.3
221111,Accountants (General),year_10_and_below,0.6
221112,Management Accountants,post_graduate_graduate_diploma_or_graduate_certificate,31.9
221112,Management Accountants,bachelor_degree,57.8
221112,Management Accountants,advanced_diploma_diploma,4.7
221112,Management Accountants,certificate_iii_iv,1.3
221112,Management Accountants,year_12,2.3
221112,Management Accountants,year_11,0.3
221112,Management Accountants,year_10_and_below,0.3
221113,Taxation Accountants,post_graduate_graduate_diploma_or_graduate_certificate,30.5
221113,Taxation Accountants,bachelor_degree,51.8
221113,Taxation Accountants,advanced_diploma_diploma,8
221113,Taxation Accountants,certificate_iii_iv,2.7
221113,Taxation Accountants,year_12,3.7
221113,Taxation Accountants,year_11,0.5
221113,Taxation Accountants,year_10_and_below,1
221211,Company Secretaries,post_graduate_graduate_diploma_or_graduate_certificate,34.9
221211,Company Secretaries,bachelor_degree,39.1
221211,Company Secretaries,advanced_diploma_diploma,8.3
221211,Company Secretaries,certificate_iii_iv,3.2
221211,Company Secretaries,year_12,5.8
221211,Company Secretaries,year_11,1.1
221211,Company Secretaries,year_10_and_below,3.9
221212,Corporate Treasurers,post_graduate_graduate_diploma_or_graduate_certificate,34.5
221212,Corporate Treasurers,bachelor_degree,49.1
221212,Corporate Treasurers,advanced_diploma_diploma,5.6
221212,Corporate Treasurers,certificate_iii_iv,2
221212,Corporate Treasurers,year_12,5.4
221212,Corporate Treasurers,year_11,0.4
221212,Corporate Treasurers,year_10_and_below,0.8
221213,External Auditors,post_graduate_graduate_diploma_or_graduate_certificate,25.3
221213,External Auditors,bachelor_degree,52.1
221213,External Auditors,advanced_diploma_diploma,6.7
221213,External Auditors,certificate_iii_iv,5
221213,External Auditors,year_12,6.4
221213,External Auditors,year_11,0.8
221213,External Auditors,year_10_and_below,1.3
221214,Internal Auditors,post_graduate_graduate_diploma_or_graduate_certificate,26.3
221214,Internal Auditors,bachelor_degree,44.1
221214,Internal Auditors,advanced_diploma_diploma,10.2
221214,Internal Auditors,certificate_iii_iv,7.5
221214,Internal Auditors,year_12,7
221214,Internal Auditors,year_11,0.9
221214,Internal Auditors,year_10_and_below,1.6
222111,Commodities Traders,post_graduate_graduate_diploma_or_graduate_certificate,10.2
222111,Commodities Traders,bachelor_degree,43.1
222111,Commodities Traders,advanced_diploma_diploma,9.5
222111,Commodities Traders,certificate_iii_iv,9
222111,Commodities Traders,year_12,14.5
222111,Commodities Traders,year_11,3.3
222111,Commodities Traders,year_10_and_below,6.2
222112,Finance Brokers,post_graduate_graduate_diploma_or_graduate_certificate,13.9
222112,Finance Brokers,bachelor_degree,28.2
222112,Finance Brokers,advanced_diploma_diploma,36.5
222112,Finance Brokers,certificate_iii_iv,8.4
222112,Finance Brokers,year_12,7.7
222112,Finance Brokers,year_11,1
222112,Finance Brokers,year_10_and_below,1.3
222113,Insurance Brokers,post_graduate_graduate_diploma_or_graduate_certificate,7.8
222113,Insurance Brokers,bachelor_degree,22.5
222113,Insurance Brokers,advanced_diploma_diploma,35.2
222113,Insurance Brokers,certificate_iii_iv,8.5
222113,Insurance Brokers,year_12,13.5
222113,Insurance Brokers,year_11,2
222113,Insurance Brokers,year_10_and_below,2.3
222199,Other Financial Brokers,post_graduate_graduate_diploma_or_graduate_certificate,12.8
222199,Other Financial Brokers,bachelor_degree,33.5
222199,Other Financial Brokers,advanced_diploma_diploma,18.1
222199,Other Financial Brokers,certificate_iii_iv,16.3
222199,Other Financial Brokers,year_12,10.6
222199,Other Financial Brokers,year_11,0.4
222199,Other Financial Brokers,year_10_and_below,1.3
222211,Financial Market Dealers,post_graduate_graduate_diploma_or_graduate_certificate,21.4
222211,Financial Market Dealers,bachelor_degree,51.6
222211,Financial Market Dealers,advanced_diploma_diploma,6
222211,Financial Market Dealers,certificate_iii_iv,4.1
222211,Financial Market Dealers,year_12,12
222211,Financial Market Dealers,year_11,0.6
222211,Financial Market Dealers,year_10_and_below,0.9
222212,Futures Traders,post_graduate_graduate_diploma_or_graduate_certificate,18
222212,Futures Traders,bachelor_degree,41.6
222212,Futures Traders,advanced_diploma_diploma,9
222212,Futures Traders,certificate_iii_iv,3.4
222212,Futures Traders,year_12,22.5
222212,Futures Traders,year_11,0
222212,Futures Traders,year_10_and_below,0
222213,Stockbrokers,post_graduate_graduate_diploma_or_graduate_certificate,21.5
222213,Stockbrokers,bachelor_degree,52.1
222213,Stockbrokers,advanced_diploma_diploma,8
222213,Stockbrokers,certificate_iii_iv,3.5
222213,Stockbrokers,year_12,9
222213,Stockbrokers,year_11,1
222213,Stockbrokers,year_10_and_below,2
222299,Other Financial Dealers,post_graduate_graduate_diploma_or_graduate_certificate,25.1
222299,Other Financial Dealers,bachelor_degree,46.3
222299,Other Financial Dealers,advanced_diploma_diploma,8.9
222299,Other Financial Dealers,certificate_iii_iv,4
222299,Other Financial Dealers,year_12,10.9
222299,Other Financial Dealers,year_11,1.2
222299,Other Financial Dealers,year_10_and_below,1.4
222311,Financial Investment Advisers,post_graduate_graduate_diploma_or_graduate_certificate,26.4
222311,Financial Investment Advisers,bachelor_degree,43.2
222311,Financial Investment Advisers,advanced_diploma_diploma,18.9
222311,Financial Investment Advisers,certificate_iii_iv,2.5
222311,Financial Investment Advisers,year_12,5.4
222311,Financial Investment Advisers,year_11,0.6
222311,Financial Investment Advisers,year_10_and_below,0.8
222312,Financial Investment Managers,post_graduate_graduate_diploma_or_graduate_certificate,31.5
222312,Financial Investment Managers,bachelor_degree,46
222312,Financial Investment Managers,advanced_diploma_diploma,8
222312,Financial Investment Managers,certificate_iii_iv,3.5
222312,Financial Investment Managers,year_12,6.3
222312,Financial Investment Managers,year_11,1
222312,Financial Investment Managers,year_10_and_below,1.3
223111,Human Resource Advisers,post_graduate_graduate_diploma_or_graduate_certificate,18.8
223111,Human Resource Advisers,bachelor_degree,41.4
223111,Human Resource Advisers,advanced_diploma_diploma,14.8
223111,Human Resource Advisers,certificate_iii_iv,9.4
223111,Human Resource Advisers,year_12,10.1
223111,Human Resource Advisers,year_11,1.3
223111,Human Resource Advisers,year_10_and_below,1.8
223112,Recruitment Consultants,post_graduate_graduate_diploma_or_graduate_certificate,10.2
223112,Recruitment Consultants,bachelor_degree,32.4
223112,Recruitment Consultants,advanced_diploma_diploma,15.3
223112,Recruitment Consultants,certificate_iii_iv,15.5
223112,Recruitment Consultants,year_12,17.1
223112,Recruitment Consultants,year_11,2.6
223112,Recruitment Consultants,year_10_and_below,3.8
223113,Workplace Relations Advisers,post_graduate_graduate_diploma_or_graduate_certificate,21.8
223113,Workplace Relations Advisers,bachelor_degree,35.9
223113,Workplace Relations Advisers,advanced_diploma_diploma,9.8
223113,Workplace Relations Advisers,certificate_iii_iv,13.9
223113,Workplace Relations Advisers,year_12,9.9
223113,Workplace Relations Advisers,year_11,1.8
223113,Workplace Relations Advisers,year_10_and_below,4.5
224111,Actuaries,post_graduate_graduate_diploma_or_graduate_certificate,25.1
224111,Actuaries,bachelor_degree,70
224111,Actuaries,advanced_diploma_diploma,0.3
224111,Actuaries,certificate_iii_iv,0.1
224111,Actuaries,year_12,2
224111,Actuaries,year_11,0
224111,Actuaries,year_10_and_below,0
224112,Mathematicians,post_graduate_graduate_diploma_or_graduate_certificate,67.1
224112,Mathematicians,bachelor_degree,28.2
224112,Mathematicians,advanced_diploma_diploma,0.6
224112,Mathematicians,certificate_iii_iv,0.6
224112,Mathematicians,year_12,2.3
224112,Mathematicians,year_11,0
224112,Mathematicians,year_10_and_below,0
224113,Statisticians,post_graduate_graduate_diploma_or_graduate_certificate,56.5
224113,Statisticians,bachelor_degree,31.1
224113,Statisticians,advanced_diploma_diploma,3.2
224113,Statisticians,certificate_iii_iv,2.3
224113,Statisticians,year_12,4.6
224113,Statisticians,year_11,0.4
224113,Statisticians,year_10_and_below,0.8
224211,Archivists,post_graduate_graduate_diploma_or_graduate_certificate,47.1
224211,Archivists,bachelor_degree,24.4
224211,Archivists,advanced_diploma_diploma,9
224211,Archivists,certificate_iii_iv,5.9
224211,Archivists,year_12,7.7
224211,Archivists,year_11,1.5
224211,Archivists,year_10_and_below,3.3
224212,Gallery and Museum Curators,post_graduate_graduate_diploma_or_graduate_certificate,59
224212,Gallery and Museum Curators,bachelor_degree,29.8
224212,Gallery and Museum Curators,advanced_diploma_diploma,3.7
224212,Gallery and Museum Curators,certificate_iii_iv,2.8
224212,Gallery and Museum Curators,year_12,2.7
224212,Gallery and Museum Curators,year_11,0.3
224212,Gallery and Museum Curators,year_10_and_below,1.1
224213,Health Information Managers,post_graduate_graduate_diploma_or_graduate_certificate,30.6
224213,Health Information Managers,bachelor_degree,49.5
224213,Health Information Managers,advanced_diploma_diploma,7.3
224213,Health Information Managers,certificate_iii_iv,3.7
224213,Health Information Managers,year_12,4.9
224213,Health Information Managers,year_11,0.7
224213,Health Information Managers,year_10_and_below,1.7
224214,Records Managers,post_graduate_graduate_diploma_or_graduate_certificate,18.1
224214,Records Managers,bachelor_degree,23.2
224214,Records Managers,advanced_diploma_diploma,17.1
224214,Records Managers,certificate_iii_iv,15.7
224214,Records Managers,year_12,14.5
224214,Records Managers,year_11,3
224214,Records Managers,year_10_and_below,4.7
224411,Intelligence Officers,post_graduate_graduate_diploma_or_graduate_certificate,27.1
224411,Intelligence Officers,bachelor_degree,36
224411,Intelligence Officers,advanced_diploma_diploma,13.5
224411,Intelligence Officers,certificate_iii_iv,9.5
224411,Intelligence Officers,year_12,9.2
224411,Intelligence Officers,year_11,1
224411,Intelligence Officers,year_10_and_below,1
224412,Policy Analysts,post_graduate_graduate_diploma_or_graduate_certificate,43.5
224412,Policy Analysts,bachelor_degree,42.7
224412,Policy Analysts,advanced_diploma_diploma,4.5
224412,Policy Analysts,certificate_iii_iv,2.7
224412,Policy Analysts,year_12,4.7
224412,Policy Analysts,year_11,0.3
224412,Policy Analysts,year_10_and_below,0.4
224511,Land Economists,post_graduate_graduate_diploma_or_graduate_certificate,21.3
224511,Land Economists,bachelor_degree,45
224511,Land Economists,advanced_diploma_diploma,10.3
224511,Land Economists,certificate_iii_iv,7.4
224511,Land Economists,year_12,8.6
224511,Land Economists,year_11,1.1
224511,Land Economists,year_10_and_below,2.6
224512,Valuers,post_graduate_graduate_diploma_or_graduate_certificate,15.1
224512,Valuers,bachelor_degree,57.8
224512,Valuers,advanced_diploma_diploma,13.5
224512,Valuers,certificate_iii_iv,2.7
224512,Valuers,year_12,5.3
224512,Valuers,year_11,0.5
224512,Valuers,year_10_and_below,1.3
224711,Management Consultants,post_graduate_graduate_diploma_or_graduate_certificate,33.9
224711,Management Consultants,bachelor_degree,42.7
224711,Management Consultants,advanced_diploma_diploma,8.1
224711,Management Consultants,certificate_iii_iv,4.2
224711,Management Consultants,year_12,7
224711,Management Consultants,year_11,0.8
224711,Management Consultants,year_10_and_below,1.1
224712,Organisation and Methods Analysts,post_graduate_graduate_diploma_or_graduate_certificate,28.4
224712,Organisation and Methods Analysts,bachelor_degree,38.5
224712,Organisation and Methods Analysts,advanced_diploma_diploma,12.1
224712,Organisation and Methods Analysts,certificate_iii_iv,7.9
224712,Organisation and Methods Analysts,year_12,7.6
224712,Organisation and Methods Analysts,year_11,1
224712,Organisation and Methods Analysts,year_10_and_below,1.5
224911,Electorate Officers,post_graduate_graduate_diploma_or_graduate_certificate,18.9
224911,Electorate Officers,bachelor_degree,37.8
224911,Electorate Officers,advanced_diploma_diploma,8.4
224911,Electorate Officers,certificate_iii_iv,6.9
224911,Electorate Officers,year_12,21
224911,Electorate Officers,year_11,2
224911,Electorate Officers,year_10_and_below,2.7
224912,Liaison Officers,post_graduate_graduate_diploma_or_graduate_certificate,19.4
224912,Liaison Officers,bachelor_degree,34.2
224912,Liaison Officers,advanced_diploma_diploma,15.5
224912,Liaison Officers,certificate_iii_iv,12.8
224912,Liaison Officers,year_12,9.7
224912,Liaison Officers,year_11,1.6
224912,Liaison Officers,year_10_and_below,3.6
224913,Migration Agents,post_graduate_graduate_diploma_or_graduate_certificate,60
224913,Migration Agents,bachelor_degree,30.7
224913,Migration Agents,advanced_diploma_diploma,3.5
224913,Migration Agents,certificate_iii_iv,0.6
224913,Migration Agents,year_12,2
224913,Migration Agents,year_11,0.4
224913,Migration Agents,year_10_and_below,0.3
224914,Patents Examiners,post_graduate_graduate_diploma_or_graduate_certificate,57.1
224914,Patents Examiners,bachelor_degree,34.1
224914,Patents Examiners,advanced_diploma_diploma,1.3
224914,Patents Examiners,certificate_iii_iv,1.1
224914,Patents Examiners,year_12,2.2
224914,Patents Examiners,year_11,0
224914,Patents Examiners,year_10_and_below,1.1
224999,Information and Organisation Professionals (not covered elsewhere),post_graduate_graduate_diploma_or_graduate_certificate,32.7
224999,Information and Organisation Professionals (not covered elsewhere),bachelor_degree,40.1
224999,Information and Organisation Professionals (not covered elsewhere),advanced_diploma_diploma,8.5
224999,Information and Organisation Professionals (not covered elsewhere),certificate_iii_iv,5.9
224999,Information and Organisation Professionals (not covered elsewhere),year_12,8.3
224999,Information and Organisation Professionals (not covered elsewhere),year_11,1
224999,Information and Organisation Professionals (not covered elsewhere),year_10_and_below,1.3
225111,Advertising Specialists,post_graduate_graduate_diploma_or_graduate_certificate,10.7
225111,Advertising Specialists,bachelor_degree,60.8
225111,Advertising Specialists,advanced_diploma_diploma,11.5
225111,Advertising Specialists,certificate_iii_iv,3.2
225111,Advertising Specialists,year_12,9.5
225111,Advertising Specialists,year_11,0.7
225111,Advertising Specialists,year_10_and_below,1.3
225112,Market Research Analysts,post_graduate_graduate_diploma_or_graduate_certificate,27
225112,Market Research Analysts,bachelor_degree,51.1
225112,Market Research Analysts,advanced_diploma_diploma,5.8
225112,Market Research Analysts,certificate_iii_iv,2.7
225112,Market Research Analysts,year_12,10
225112,Market Research Analysts,year_11,0.9
225112,Market Research Analysts,year_10_and_below,1.1
225113,Marketing Specialists,post_graduate_graduate_diploma_or_graduate_certificate,18.6
225113,Marketing Specialists,bachelor_degree,51.9
225113,Marketing Specialists,advanced_diploma_diploma,9.8
225113,Marketing Specialists,certificate_iii_iv,4.8
225113,Marketing Specialists,year_12,10
225113,Marketing Specialists,year_11,0.9
225113,Marketing Specialists,year_10_and_below,1.3
225211,ICT Account Managers,post_graduate_graduate_diploma_or_graduate_certificate,15.1
225211,ICT Account Managers,bachelor_degree,42
225211,ICT Account Managers,advanced_diploma_diploma,12.5
225211,ICT Account Managers,certificate_iii_iv,7.1
225211,ICT Account Managers,year_12,16
225211,ICT Account Managers,year_11,1.7
225211,ICT Account Managers,year_10_and_below,1.9
225212,ICT Business Development Managers,post_graduate_graduate_diploma_or_graduate_certificate,20.8
225212,ICT Business Development Managers,bachelor_degree,39.5
225212,ICT Business Development Managers,advanced_diploma_diploma,13.5
225212,ICT Business Development Managers,certificate_iii_iv,7
225212,ICT Business Development Managers,year_12,12.9
225212,ICT Business Development Managers,year_11,1.3
225212,ICT Business Development Managers,year_10_and_below,1.5
225213,ICT Sales Representatives,post_graduate_graduate_diploma_or_graduate_certificate,14
225213,ICT Sales Representatives,bachelor_degree,37.6
225213,ICT Sales Representatives,advanced_diploma_diploma,10.9
225213,ICT Sales Representatives,certificate_iii_iv,8.2
225213,ICT Sales Representatives,year_12,19.6
225213,ICT Sales Representatives,year_11,2.3
225213,ICT Sales Representatives,year_10_and_below,3.2
225411,Sales Representatives (Industrial Products),post_graduate_graduate_diploma_or_graduate_certificate,6.4
225411,Sales Representatives (Industrial Products),bachelor_degree,17
225411,Sales Representatives (Industrial Products),advanced_diploma_diploma,12.4
225411,Sales Representatives (Industrial Products),certificate_iii_iv,27.7
225411,Sales Representatives (Industrial Products),year_12,18.7
225411,Sales Representatives (Industrial Products),year_11,4.5
225411,Sales Representatives (Industrial Products),year_10_and_below,9.2
225412,Sales Representatives (Medical and Pharmaceutical Products),post_graduate_graduate_diploma_or_graduate_certificate,16.1
225412,Sales Representatives (Medical and Pharmaceutical Products),bachelor_degree,43.8
225412,Sales Representatives (Medical and Pharmaceutical Products),advanced_diploma_diploma,12.5
225412,Sales Representatives (Medical and Pharmaceutical Products),certificate_iii_iv,7.4
225412,Sales Representatives (Medical and Pharmaceutical Products),year_12,10.8
225412,Sales Representatives (Medical and Pharmaceutical Products),year_11,1.9
225412,Sales Representatives (Medical and Pharmaceutical Products),year_10_and_below,3.6
225499,Other Technical Sales Representatives,post_graduate_graduate_diploma_or_graduate_certificate,16
225499,Other Technical Sales Representatives,bachelor_degree,33.3
225499,Other Technical Sales Representatives,advanced_diploma_diploma,13.9
225499,Other Technical Sales Representatives,certificate_iii_iv,15.1
225499,Other Technical Sales Representatives,year_12,12.8
225499,Other Technical Sales Representatives,year_11,2.4
225499,Other Technical Sales Representatives,year_10_and_below,3.3
231111,Aeroplane Pilots,post_graduate_graduate_diploma_or_graduate_certificate,7.2
231111,Aeroplane Pilots,bachelor_degree,31.1
231111,Aeroplane Pilots,advanced_diploma_diploma,33.4
231111,Aeroplane Pilots,certificate_iii_iv,8.6
231111,Aeroplane Pilots,year_12,14.7
231111,Aeroplane Pilots,year_11,0.8
231111,Aeroplane Pilots,year_10_and_below,0.9
231112,Air Traffic Controllers,post_graduate_graduate_diploma_or_graduate_certificate,8.2
231112,Air Traffic Controllers,bachelor_degree,34.6
231112,Air Traffic Controllers,advanced_diploma_diploma,43.9
231112,Air Traffic Controllers,certificate_iii_iv,2.7
231112,Air Traffic Controllers,year_12,6.7
231112,Air Traffic Controllers,year_11,0.4
231112,Air Traffic Controllers,year_10_and_below,0.8
231113,Flying Instructors,post_graduate_graduate_diploma_or_graduate_certificate,8.4
231113,Flying Instructors,bachelor_degree,25.6
231113,Flying Instructors,advanced_diploma_diploma,40.2
231113,Flying Instructors,certificate_iii_iv,12.5
231113,Flying Instructors,year_12,8.8
231113,Flying Instructors,year_11,0.7
231113,Flying Instructors,year_10_and_below,0.8
231114,Helicopter Pilots,post_graduate_graduate_diploma_or_graduate_certificate,6.4
231114,Helicopter Pilots,bachelor_degree,21.4
231114,Helicopter Pilots,advanced_diploma_diploma,34.8
231114,Helicopter Pilots,certificate_iii_iv,18.5
231114,Helicopter Pilots,year_12,11.4
231114,Helicopter Pilots,year_11,1.1
231114,Helicopter Pilots,year_10_and_below,2.2
231199,Other Air Transport Professionals,post_graduate_graduate_diploma_or_graduate_certificate,9.1
231199,Other Air Transport Professionals,bachelor_degree,23.3
231199,Other Air Transport Professionals,advanced_diploma_diploma,23.4
231199,Other Air Transport Professionals,certificate_iii_iv,23.9
231199,Other Air Transport Professionals,year_12,13.1
231199,Other Air Transport Professionals,year_11,1.2
231199,Other Air Transport Professionals,year_10_and_below,2.4
231211,Master Fishers,post_graduate_graduate_diploma_or_graduate_certificate,1.9
231211,Master Fishers,bachelor_degree,1.9
231211,Master Fishers,advanced_diploma_diploma,7.8
231211,Master Fishers,certificate_iii_iv,38.3
231211,Master Fishers,year_12,8.1
231211,Master Fishers,year_11,2.9
231211,Master Fishers,year_10_and_below,18.1
231212,Marine Engineers,post_graduate_graduate_diploma_or_graduate_certificate,7.3
231212,Marine Engineers,bachelor_degree,23.6
231212,Marine Engineers,advanced_diploma_diploma,34.9
231212,Marine Engineers,certificate_iii_iv,23.7
231212,Marine Engineers,year_12,2.3
231212,Marine Engineers,year_11,0.7
231212,Marine Engineers,year_10_and_below,1.3
231213,Ship's Masters,post_graduate_graduate_diploma_or_graduate_certificate,3.8
231213,Ship's Masters,bachelor_degree,9.7
231213,Ship's Masters,advanced_diploma_diploma,26.1
231213,Ship's Masters,certificate_iii_iv,30.3
231213,Ship's Masters,year_12,8.2
231213,Ship's Masters,year_11,2.8
231213,Ship's Masters,year_10_and_below,7.5
231214,Ship's Officers,post_graduate_graduate_diploma_or_graduate_certificate,4
231214,Ship's Officers,bachelor_degree,30.5
231214,Ship's Officers,advanced_diploma_diploma,35.2
231214,Ship's Officers,certificate_iii_iv,13.9
231214,Ship's Officers,year_12,7.8
231214,Ship's Officers,year_11,1.1
231214,Ship's Officers,year_10_and_below,1.3
231215,Marine Surveyors,post_graduate_graduate_diploma_or_graduate_certificate,7.7
231215,Marine Surveyors,bachelor_degree,35.8
231215,Marine Surveyors,advanced_diploma_diploma,33.6
231215,Marine Surveyors,certificate_iii_iv,12
231215,Marine Surveyors,year_12,2.9
231215,Marine Surveyors,year_11,0.6
231215,Marine Surveyors,year_10_and_below,0.6
231299,Other Marine Transport Professionals,post_graduate_graduate_diploma_or_graduate_certificate,7.2
231299,Other Marine Transport Professionals,bachelor_degree,15.3
231299,Other Marine Transport Professionals,advanced_diploma_diploma,27
231299,Other Marine Transport Professionals,certificate_iii_iv,26.2
231299,Other Marine Transport Professionals,year_12,9.8
231299,Other Marine Transport Professionals,year_11,1.9
231299,Other Marine Transport Professionals,year_10_and_below,4
232111,Architects,post_graduate_graduate_diploma_or_graduate_certificate,48.8
232111,Architects,bachelor_degree,44.7
232111,Architects,advanced_diploma_diploma,3.2
232111,Architects,certificate_iii_iv,0.3
232111,Architects,year_12,1.4
232111,Architects,year_11,0.1
232111,Architects,year_10_and_below,0.1
232112,Landscape Architects,post_graduate_graduate_diploma_or_graduate_certificate,32.9
232112,Landscape Architects,bachelor_degree,48.1
232112,Landscape Architects,advanced_diploma_diploma,10.2
232112,Landscape Architects,certificate_iii_iv,3.6
232112,Landscape Architects,year_12,2.7
232112,Landscape Architects,year_11,0.2
232112,Landscape Architects,year_10_and_below,0.3
232212,Surveyors,post_graduate_graduate_diploma_or_graduate_certificate,6.9
232212,Surveyors,bachelor_degree,46.2
232212,Surveyors,advanced_diploma_diploma,25.2
232212,Surveyors,certificate_iii_iv,7.6
232212,Surveyors,year_12,9.3
232212,Surveyors,year_11,1.1
232212,Surveyors,year_10_and_below,1.3
232213,Cartographers,post_graduate_graduate_diploma_or_graduate_certificate,12.4
232213,Cartographers,bachelor_degree,31.3
232213,Cartographers,advanced_diploma_diploma,29.7
232213,Cartographers,certificate_iii_iv,6.2
232213,Cartographers,year_12,6.5
232213,Cartographers,year_11,1.9
232213,Cartographers,year_10_and_below,1.9
232214,Other Spatial Scientists,post_graduate_graduate_diploma_or_graduate_certificate,33
232214,Other Spatial Scientists,bachelor_degree,40
232214,Other Spatial Scientists,advanced_diploma_diploma,13
232214,Other Spatial Scientists,certificate_iii_iv,5.1
232214,Other Spatial Scientists,year_12,4.7
232214,Other Spatial Scientists,year_11,0.7
232214,Other Spatial Scientists,year_10_and_below,0.8
232311,Fashion Designers,post_graduate_graduate_diploma_or_graduate_certificate,5.5
232311,Fashion Designers,bachelor_degree,44.6
232311,Fashion Designers,advanced_diploma_diploma,26.8
232311,Fashion Designers,certificate_iii_iv,6.6
232311,Fashion Designers,year_12,9.4
232311,Fashion Designers,year_11,1.1
232311,Fashion Designers,year_10_and_below,2.3
232312,Industrial Designers,post_graduate_graduate_diploma_or_graduate_certificate,12.4
232312,Industrial Designers,bachelor_degree,56.7
232312,Industrial Designers,advanced_diploma_diploma,13
232312,Industrial Designers,certificate_iii_iv,6.6
232312,Industrial Designers,year_12,6.9
232312,Industrial Designers,year_11,1
232312,Industrial Designers,year_10_and_below,1
232313,Jewellery Designers,post_graduate_graduate_diploma_or_graduate_certificate,7.4
232313,Jewellery Designers,bachelor_degree,33.5
232313,Jewellery Designers,advanced_diploma_diploma,18.9
232313,Jewellery Designers,certificate_iii_iv,14.7
232313,Jewellery Designers,year_12,13
232313,Jewellery Designers,year_11,2.2
232313,Jewellery Designers,year_10_and_below,4.3
232411,Graphic Designers,post_graduate_graduate_diploma_or_graduate_certificate,6.6
232411,Graphic Designers,bachelor_degree,49.9
232411,Graphic Designers,advanced_diploma_diploma,24.3
232411,Graphic Designers,certificate_iii_iv,7
232411,Graphic Designers,year_12,7.1
232411,Graphic Designers,year_11,0.9
232411,Graphic Designers,year_10_and_below,1.3
232412,Illustrators (including Animators),post_graduate_graduate_diploma_or_graduate_certificate,11.1
232412,Illustrators (including Animators),bachelor_degree,53.6
232412,Illustrators (including Animators),advanced_diploma_diploma,19.6
232412,Illustrators (including Animators),certificate_iii_iv,4.1
232412,Illustrators (including Animators),year_12,7.3
232412,Illustrators (including Animators),year_11,0.9
232412,Illustrators (including Animators),year_10_and_below,1.5
232413,Multimedia Designers,post_graduate_graduate_diploma_or_graduate_certificate,20.1
232413,Multimedia Designers,bachelor_degree,48.2
232413,Multimedia Designers,advanced_diploma_diploma,12
232413,Multimedia Designers,certificate_iii_iv,6.2
232413,Multimedia Designers,year_12,9.2
232413,Multimedia Designers,year_11,0.9
232413,Multimedia Designers,year_10_and_below,0.9
232414,Web Designers,post_graduate_graduate_diploma_or_graduate_certificate,12.6
232414,Web Designers,bachelor_degree,49.8
232414,Web Designers,advanced_diploma_diploma,16.2
232414,Web Designers,certificate_iii_iv,6.7
232414,Web Designers,year_12,9.6
232414,Web Designers,year_11,0.8
232414,Web Designers,year_10_and_below,1.7
233111,Chemical Engineers,post_graduate_graduate_diploma_or_graduate_certificate,30.9
233111,Chemical Engineers,bachelor_degree,61.5
233111,Chemical Engineers,advanced_diploma_diploma,2.1
233111,Chemical Engineers,certificate_iii_iv,1.7
233111,Chemical Engineers,year_12,1.9
233111,Chemical Engineers,year_11,0.2
233111,Chemical Engineers,year_10_and_below,0.1
233112,Materials Engineers,post_graduate_graduate_diploma_or_graduate_certificate,38.4
233112,Materials Engineers,bachelor_degree,47.4
233112,Materials Engineers,advanced_diploma_diploma,4.1
233112,Materials Engineers,certificate_iii_iv,3.1
233112,Materials Engineers,year_12,5.5
233112,Materials Engineers,year_11,0
233112,Materials Engineers,year_10_and_below,0
233211,Civil Engineers,post_graduate_graduate_diploma_or_graduate_certificate,22.2
233211,Civil Engineers,bachelor_degree,66.3
233211,Civil Engineers,advanced_diploma_diploma,4
233211,Civil Engineers,certificate_iii_iv,1.6
233211,Civil Engineers,year_12,4.2
233211,Civil Engineers,year_11,0.1
233211,Civil Engineers,year_10_and_below,0.2
233212,Geotechnical Engineers,post_graduate_graduate_diploma_or_graduate_certificate,47.3
233212,Geotechnical Engineers,bachelor_degree,47.2
233212,Geotechnical Engineers,advanced_diploma_diploma,1.2
233212,Geotechnical Engineers,certificate_iii_iv,1
233212,Geotechnical Engineers,year_12,2.5
233212,Geotechnical Engineers,year_11,0.2
233212,Geotechnical Engineers,year_10_and_below,0.2
233213,Quantity Surveyors,post_graduate_graduate_diploma_or_graduate_certificate,20.5
233213,Quantity Surveyors,bachelor_degree,60.6
233213,Quantity Surveyors,advanced_diploma_diploma,8.1
233213,Quantity Surveyors,certificate_iii_iv,3.4
233213,Quantity Surveyors,year_12,4.6
233213,Quantity Surveyors,year_11,0.3
233213,Quantity Surveyors,year_10_and_below,0.7
233214,Structural Engineers,post_graduate_graduate_diploma_or_graduate_certificate,28.1
233214,Structural Engineers,bachelor_degree,64.9
233214,Structural Engineers,advanced_diploma_diploma,1.9
233214,Structural Engineers,certificate_iii_iv,1.6
233214,Structural Engineers,year_12,2.1
233214,Structural Engineers,year_11,0.1
233214,Structural Engineers,year_10_and_below,0.2
233215,Transport Engineers,post_graduate_graduate_diploma_or_graduate_certificate,26.1
233215,Transport Engineers,bachelor_degree,57.7
233215,Transport Engineers,advanced_diploma_diploma,6.6
233215,Transport Engineers,certificate_iii_iv,3.4
233215,Transport Engineers,year_12,3.9
233215,Transport Engineers,year_11,0.3
233215,Transport Engineers,year_10_and_below,0.7
233511,Industrial Engineers,post_graduate_graduate_diploma_or_graduate_certificate,27
233511,Industrial Engineers,bachelor_degree,51.4
233511,Industrial Engineers,advanced_diploma_diploma,7.9
233511,Industrial Engineers,certificate_iii_iv,6.9
233511,Industrial Engineers,year_12,3.9
233511,Industrial Engineers,year_11,0.4
233511,Industrial Engineers,year_10_and_below,0.7
233512,Mechanical Engineers,post_graduate_graduate_diploma_or_graduate_certificate,23.2
233512,Mechanical Engineers,bachelor_degree,56.7
233512,Mechanical Engineers,advanced_diploma_diploma,7.3
233512,Mechanical Engineers,certificate_iii_iv,7.3
233512,Mechanical Engineers,year_12,2.8
233512,Mechanical Engineers,year_11,0.2
233512,Mechanical Engineers,year_10_and_below,0.5
233513,Production and Plant Engineers,post_graduate_graduate_diploma_or_graduate_certificate,21
233513,Production and Plant Engineers,bachelor_degree,58.3
233513,Production and Plant Engineers,advanced_diploma_diploma,7.3
233513,Production and Plant Engineers,certificate_iii_iv,7.5
233513,Production and Plant Engineers,year_12,3.4
233513,Production and Plant Engineers,year_11,0.2
233513,Production and Plant Engineers,year_10_and_below,0.6
233611,Mining Engineers (excluding Petroleum),post_graduate_graduate_diploma_or_graduate_certificate,26.8
233611,Mining Engineers (excluding Petroleum),bachelor_degree,59.3
233611,Mining Engineers (excluding Petroleum),advanced_diploma_diploma,5.1
233611,Mining Engineers (excluding Petroleum),certificate_iii_iv,3.9
233611,Mining Engineers (excluding Petroleum),year_12,2.8
233611,Mining Engineers (excluding Petroleum),year_11,0.2
233611,Mining Engineers (excluding Petroleum),year_10_and_below,0.5
233612,Petroleum Engineers,post_graduate_graduate_diploma_or_graduate_certificate,31.8
233612,Petroleum Engineers,bachelor_degree,57.1
233612,Petroleum Engineers,advanced_diploma_diploma,4
233612,Petroleum Engineers,certificate_iii_iv,3
233612,Petroleum Engineers,year_12,1.6
233612,Petroleum Engineers,year_11,0.2
233612,Petroleum Engineers,year_10_and_below,0.3
233911,Aeronautical Engineers,post_graduate_graduate_diploma_or_graduate_certificate,29.2
233911,Aeronautical Engineers,bachelor_degree,56.3
233911,Aeronautical Engineers,advanced_diploma_diploma,5.5
233911,Aeronautical Engineers,certificate_iii_iv,4.1
233911,Aeronautical Engineers,year_12,3.2
233911,Aeronautical Engineers,year_11,0.2
233911,Aeronautical Engineers,year_10_and_below,0
233912,Agricultural Engineers,post_graduate_graduate_diploma_or_graduate_certificate,20.6
233912,Agricultural Engineers,bachelor_degree,31
233912,Agricultural Engineers,advanced_diploma_diploma,5.6
233912,Agricultural Engineers,certificate_iii_iv,24.6
233912,Agricultural Engineers,year_12,7.9
233912,Agricultural Engineers,year_11,2.4
233912,Agricultural Engineers,year_10_and_below,7.9
233913,Biomedical Engineers,post_graduate_graduate_diploma_or_graduate_certificate,32.8
233913,Biomedical Engineers,bachelor_degree,44.3
233913,Biomedical Engineers,advanced_diploma_diploma,9.4
233913,Biomedical Engineers,certificate_iii_iv,6.3
233913,Biomedical Engineers,year_12,3.8
233913,Biomedical Engineers,year_11,0.2
233913,Biomedical Engineers,year_10_and_below,0
233914,Engineering Technologists,post_graduate_graduate_diploma_or_graduate_certificate,44.5
233914,Engineering Technologists,bachelor_degree,36.6
233914,Engineering Technologists,advanced_diploma_diploma,9.8
233914,Engineering Technologists,certificate_iii_iv,4.9
233914,Engineering Technologists,year_12,1.9
233914,Engineering Technologists,year_11,0
233914,Engineering Technologists,year_10_and_below,0
233915,Environmental Engineers,post_graduate_graduate_diploma_or_graduate_certificate,37.5
233915,Environmental Engineers,bachelor_degree,57.1
233915,Environmental Engineers,advanced_diploma_diploma,0.9
233915,Environmental Engineers,certificate_iii_iv,0.9
233915,Environmental Engineers,year_12,2.1
233915,Environmental Engineers,year_11,0
233915,Environmental Engineers,year_10_and_below,0
233916,Naval Architects,post_graduate_graduate_diploma_or_graduate_certificate,20.8
233916,Naval Architects,bachelor_degree,61.9
233916,Naval Architects,advanced_diploma_diploma,6.3
233916,Naval Architects,certificate_iii_iv,5
233916,Naval Architects,year_12,0.8
233916,Naval Architects,year_11,0
233916,Naval Architects,year_10_and_below,0
233999,Engineering Professionals (not covered elsewhere),post_graduate_graduate_diploma_or_graduate_certificate,31.4
233999,Engineering Professionals (not covered elsewhere),bachelor_degree,50.8
233999,Engineering Professionals (not covered elsewhere),advanced_diploma_diploma,7.1
233999,Engineering Professionals (not covered elsewhere),certificate_iii_iv,3.8
233999,Engineering Professionals (not covered elsewhere),year_12,4.5
233999,Engineering Professionals (not covered elsewhere),year_11,0.3
233999,Engineering Professionals (not covered elsewhere),year_10_and_below,0.2
234111,Agricultural Consultants,post_graduate_graduate_diploma_or_graduate_certificate,22.2
234111,Agricultural Consultants,bachelor_degree,38.9
234111,Agricultural Consultants,advanced_diploma_diploma,13.7
234111,Agricultural Consultants,certificate_iii_iv,8.4
234111,Agricultural Consultants,year_12,6.5
234111,Agricultural Consultants,year_11,2.5
234111,Agricultural Consultants,year_10_and_below,4.7
234112,Agricultural Scientists,post_graduate_graduate_diploma_or_graduate_certificate,33.8
234112,Agricultural Scientists,bachelor_degree,49.2
234112,Agricultural Scientists,advanced_diploma_diploma,8.6
234112,Agricultural Scientists,certificate_iii_iv,2.2
234112,Agricultural Scientists,year_12,3.5
234112,Agricultural Scientists,year_11,0.7
234112,Agricultural Scientists,year_10_and_below,0.8
234113,Foresters,post_graduate_graduate_diploma_or_graduate_certificate,16.4
234113,Foresters,bachelor_degree,32.7
234113,Foresters,advanced_diploma_diploma,18.1
234113,Foresters,certificate_iii_iv,14
234113,Foresters,year_12,6.3
234113,Foresters,year_11,2.8
234113,Foresters,year_10_and_below,6.9
234211,Chemists,post_graduate_graduate_diploma_or_graduate_certificate,33
234211,Chemists,bachelor_degree,52.8
234211,Chemists,advanced_diploma_diploma,4.5
234211,Chemists,certificate_iii_iv,1.4
234211,Chemists,year_12,3.9
234211,Chemists,year_11,0.4
234211,Chemists,year_10_and_below,1.8
234212,Food Technologists,post_graduate_graduate_diploma_or_graduate_certificate,29.3
234212,Food Technologists,bachelor_degree,57.2
234212,Food Technologists,advanced_diploma_diploma,6.9
234212,Food Technologists,certificate_iii_iv,1.6
234212,Food Technologists,year_12,2.6
234212,Food Technologists,year_11,0.4
234212,Food Technologists,year_10_and_below,0.7
234213,Wine Makers,post_graduate_graduate_diploma_or_graduate_certificate,13.1
234213,Wine Makers,bachelor_degree,56.8
234213,Wine Makers,advanced_diploma_diploma,7.4
234213,Wine Makers,certificate_iii_iv,5.2
234213,Wine Makers,year_12,10.6
234213,Wine Makers,year_11,1.8
234213,Wine Makers,year_10_and_below,3
234311,Conservation Officers,post_graduate_graduate_diploma_or_graduate_certificate,26.1
234311,Conservation Officers,bachelor_degree,49.2
234311,Conservation Officers,advanced_diploma_diploma,8.5
234311,Conservation Officers,certificate_iii_iv,7.9
234311,Conservation Officers,year_12,3.7
234311,Conservation Officers,year_11,0.9
234311,Conservation Officers,year_10_and_below,1.9
234312,Environmental Consultants,post_graduate_graduate_diploma_or_graduate_certificate,36.9
234312,Environmental Consultants,bachelor_degree,56
234312,Environmental Consultants,advanced_diploma_diploma,2.7
234312,Environmental Consultants,certificate_iii_iv,1.7
234312,Environmental Consultants,year_12,1.6
234312,Environmental Consultants,year_11,0.1
234312,Environmental Consultants,year_10_and_below,0.4
234313,Environmental Research Scientists,post_graduate_graduate_diploma_or_graduate_certificate,39
234313,Environmental Research Scientists,bachelor_degree,54.4
234313,Environmental Research Scientists,advanced_diploma_diploma,1.9
234313,Environmental Research Scientists,certificate_iii_iv,1.7
234313,Environmental Research Scientists,year_12,1.5
234313,Environmental Research Scientists,year_11,0.2
234313,Environmental Research Scientists,year_10_and_below,0.1
234314,Park Rangers,post_graduate_graduate_diploma_or_graduate_certificate,6.1
234314,Park Rangers,bachelor_degree,27.3
234314,Park Rangers,advanced_diploma_diploma,13.7
234314,Park Rangers,certificate_iii_iv,21.9
234314,Park Rangers,year_12,10.4
234314,Park Rangers,year_11,4.1
234314,Park Rangers,year_10_and_below,10.6
234399,Other Environmental Scientists,post_graduate_graduate_diploma_or_graduate_certificate,29.4
234399,Other Environmental Scientists,bachelor_degree,46
234399,Other Environmental Scientists,advanced_diploma_diploma,6.9
234399,Other Environmental Scientists,certificate_iii_iv,9.5
234399,Other Environmental Scientists,year_12,3.8
234399,Other Environmental Scientists,year_11,0.8
234399,Other Environmental Scientists,year_10_and_below,1.3
234411,Geologists,post_graduate_graduate_diploma_or_graduate_certificate,37.6
234411,Geologists,bachelor_degree,58.6
234411,Geologists,advanced_diploma_diploma,1.1
234411,Geologists,certificate_iii_iv,0.4
234411,Geologists,year_12,1.2
234411,Geologists,year_11,0.1
234411,Geologists,year_10_and_below,0.2
234412,Geophysicists,post_graduate_graduate_diploma_or_graduate_certificate,45.9
234412,Geophysicists,bachelor_degree,45.6
234412,Geophysicists,advanced_diploma_diploma,1.4
234412,Geophysicists,certificate_iii_iv,2.2
234412,Geophysicists,year_12,1.4
234412,Geophysicists,year_11,0.3
234412,Geophysicists,year_10_and_below,0.7
234413,Hydrogeologists,post_graduate_graduate_diploma_or_graduate_certificate,60.7
234413,Hydrogeologists,bachelor_degree,36.5
234413,Hydrogeologists,advanced_diploma_diploma,0.6
234413,Hydrogeologists,certificate_iii_iv,0.4
234413,Hydrogeologists,year_12,0.4
234413,Hydrogeologists,year_11,0
234413,Hydrogeologists,year_10_and_below,0
234511,Biologists,post_graduate_graduate_diploma_or_graduate_certificate,67
234511,Biologists,bachelor_degree,27.7
234511,Biologists,advanced_diploma_diploma,1
234511,Biologists,certificate_iii_iv,0
234511,Biologists,year_12,1.7
234511,Biologists,year_11,0
234511,Biologists,year_10_and_below,0
234513,Biochemists,post_graduate_graduate_diploma_or_graduate_certificate,57.5
234513,Biochemists,bachelor_degree,44
234513,Biochemists,advanced_diploma_diploma,0
234513,Biochemists,certificate_iii_iv,0
234513,Biochemists,year_12,0
234513,Biochemists,year_11,0
234513,Biochemists,year_10_and_below,0
234514,Biotechnologists,post_graduate_graduate_diploma_or_graduate_certificate,68.4
234514,Biotechnologists,bachelor_degree,29.1
234514,Biotechnologists,advanced_diploma_diploma,0.8
234514,Biotechnologists,certificate_iii_iv,0.3
234514,Biotechnologists,year_12,1.1
234514,Biotechnologists,year_11,0
234514,Biotechnologists,year_10_and_below,0
234515,Botanists,post_graduate_graduate_diploma_or_graduate_certificate,52.2
234515,Botanists,bachelor_degree,36.9
234515,Botanists,advanced_diploma_diploma,4
234515,Botanists,certificate_iii_iv,2.3
234515,Botanists,year_12,2.1
234515,Botanists,year_11,0.6
234515,Botanists,year_10_and_below,0.6
234516,Marine Biologists,post_graduate_graduate_diploma_or_graduate_certificate,63.4
234516,Marine Biologists,bachelor_degree,32.8
234516,Marine Biologists,advanced_diploma_diploma,0.9
234516,Marine Biologists,certificate_iii_iv,0
234516,Marine Biologists,year_12,1.1
234516,Marine Biologists,year_11,0
234516,Marine Biologists,year_10_and_below,0.8
234517,Microbiologists,post_graduate_graduate_diploma_or_graduate_certificate,41.2
234517,Microbiologists,bachelor_degree,51
234517,Microbiologists,advanced_diploma_diploma,5.1
234517,Microbiologists,certificate_iii_iv,0.4
234517,Microbiologists,year_12,0.9
234517,Microbiologists,year_11,0
234517,Microbiologists,year_10_and_below,0
234518,Zoologists,post_graduate_graduate_diploma_or_graduate_certificate,42.8
234518,Zoologists,bachelor_degree,42.9
234518,Zoologists,advanced_diploma_diploma,5
234518,Zoologists,certificate_iii_iv,2.4
234518,Zoologists,year_12,2.4
234518,Zoologists,year_11,1
234518,Zoologists,year_10_and_below,0.5
234599,Other Life Scientists,post_graduate_graduate_diploma_or_graduate_certificate,51
234599,Other Life Scientists,bachelor_degree,39.8
234599,Other Life Scientists,advanced_diploma_diploma,3.2
234599,Other Life Scientists,certificate_iii_iv,1.3
234599,Other Life Scientists,year_12,1.6
234599,Other Life Scientists,year_11,0.4
234599,Other Life Scientists,year_10_and_below,0.4
234911,Conservators,post_graduate_graduate_diploma_or_graduate_certificate,45
234911,Conservators,bachelor_degree,33.6
234911,Conservators,advanced_diploma_diploma,7.8
234911,Conservators,certificate_iii_iv,4.7
234911,Conservators,year_12,5.5
234911,Conservators,year_11,0.6
234911,Conservators,year_10_and_below,1.5
234912,Metallurgists,post_graduate_graduate_diploma_or_graduate_certificate,29.3
234912,Metallurgists,bachelor_degree,59.9
234912,Metallurgists,advanced_diploma_diploma,4.6
234912,Metallurgists,certificate_iii_iv,2.5
234912,Metallurgists,year_12,1.7
234912,Metallurgists,year_11,0
234912,Metallurgists,year_10_and_below,0.3
234913,Meteorologists,post_graduate_graduate_diploma_or_graduate_certificate,68.9
234913,Meteorologists,bachelor_degree,26.2
234913,Meteorologists,advanced_diploma_diploma,2
234913,Meteorologists,certificate_iii_iv,0
234913,Meteorologists,year_12,0.8
234913,Meteorologists,year_11,0
234913,Meteorologists,year_10_and_below,0.4
234914,Physicists (including Astronomers),post_graduate_graduate_diploma_or_graduate_certificate,82.3
234914,Physicists (including Astronomers),bachelor_degree,13.1
234914,Physicists (including Astronomers),advanced_diploma_diploma,0.8
234914,Physicists (including Astronomers),certificate_iii_iv,0.7
234914,Physicists (including Astronomers),year_12,1.5
234914,Physicists (including Astronomers),year_11,0
234914,Physicists (including Astronomers),year_10_and_below,0.3
234915,Exercise Physiologists,post_graduate_graduate_diploma_or_graduate_certificate,45.1
234915,Exercise Physiologists,bachelor_degree,51.6
234915,Exercise Physiologists,advanced_diploma_diploma,0.7
234915,Exercise Physiologists,certificate_iii_iv,0.1
234915,Exercise Physiologists,year_12,0.6
234915,Exercise Physiologists,year_11,0
234915,Exercise Physiologists,year_10_and_below,0
234999,Natural and Physical Science Professionals (not covered elsewhere),post_graduate_graduate_diploma_or_graduate_certificate,36.5
234999,Natural and Physical Science Professionals (not covered elsewhere),bachelor_degree,48
234999,Natural and Physical Science Professionals (not covered elsewhere),advanced_diploma_diploma,5.5
234999,Natural and Physical Science Professionals (not covered elsewhere),certificate_iii_iv,3.2
234999,Natural and Physical Science Professionals (not covered elsewhere),year_12,2.9
234999,Natural and Physical Science Professionals (not covered elsewhere),year_11,0.6
234999,Natural and Physical Science Professionals (not covered elsewhere),year_10_and_below,0.7
241511,Special Needs Teachers,post_graduate_graduate_diploma_or_graduate_certificate,39.4
241511,Special Needs Teachers,bachelor_degree,51.4
241511,Special Needs Teachers,advanced_diploma_diploma,4.4
241511,Special Needs Teachers,certificate_iii_iv,1.7
241511,Special Needs Teachers,year_12,1.5
241511,Special Needs Teachers,year_11,0.1
241511,Special Needs Teachers,year_10_and_below,0.2
241512,Teachers of the Hearing Impaired,post_graduate_graduate_diploma_or_graduate_certificate,61
241512,Teachers of the Hearing Impaired,bachelor_degree,23.8
241512,Teachers of the Hearing Impaired,advanced_diploma_diploma,6.6
241512,Teachers of the Hearing Impaired,certificate_iii_iv,3.7
241512,Teachers of the Hearing Impaired,year_12,1.8
241512,Teachers of the Hearing Impaired,year_11,0
241512,Teachers of the Hearing Impaired,year_10_and_below,1.2
241513,Teachers of the Sight Impaired,post_graduate_graduate_diploma_or_graduate_certificate,59.5
241513,Teachers of the Sight Impaired,bachelor_degree,32.4
241513,Teachers of the Sight Impaired,advanced_diploma_diploma,2.7
241513,Teachers of the Sight Impaired,certificate_iii_iv,0
241513,Teachers of the Sight Impaired,year_12,0
241513,Teachers of the Sight Impaired,year_11,0
241513,Teachers of the Sight Impaired,year_10_and_below,0
241599,Other Special Education Teachers,post_graduate_graduate_diploma_or_graduate_certificate,35.9
241599,Other Special Education Teachers,bachelor_degree,46.6
241599,Other Special Education Teachers,advanced_diploma_diploma,5.5
241599,Other Special Education Teachers,certificate_iii_iv,4
241599,Other Special Education Teachers,year_12,4
241599,Other Special Education Teachers,year_11,0.4
241599,Other Special Education Teachers,year_10_and_below,2
242111,University Lecturers,post_graduate_graduate_diploma_or_graduate_certificate,88.5
242111,University Lecturers,bachelor_degree,9
242111,University Lecturers,advanced_diploma_diploma,0.7
242111,University Lecturers,certificate_iii_iv,0.3
242111,University Lecturers,year_12,0.6
242111,University Lecturers,year_11,0
242111,University Lecturers,year_10_and_below,0
242112,University Tutors,post_graduate_graduate_diploma_or_graduate_certificate,46.4
242112,University Tutors,bachelor_degree,38.9
242112,University Tutors,advanced_diploma_diploma,1.2
242112,University Tutors,certificate_iii_iv,0.8
242112,University Tutors,year_12,11.9
242112,University Tutors,year_11,0.1
242112,University Tutors,year_10_and_below,0.1
249111,Education Advisers,post_graduate_graduate_diploma_or_graduate_certificate,46.7
249111,Education Advisers,bachelor_degree,34.5
249111,Education Advisers,advanced_diploma_diploma,8
249111,Education Advisers,certificate_iii_iv,4.4
249111,Education Advisers,year_12,3.6
249111,Education Advisers,year_11,0.5
249111,Education Advisers,year_10_and_below,0.9
249112,Education Reviewers,post_graduate_graduate_diploma_or_graduate_certificate,54.4
249112,Education Reviewers,bachelor_degree,35.5
249112,Education Reviewers,advanced_diploma_diploma,6.2
249112,Education Reviewers,certificate_iii_iv,1.2
249112,Education Reviewers,year_12,1.1
249112,Education Reviewers,year_11,0.4
249112,Education Reviewers,year_10_and_below,0.4
249211,Art Teachers (Private Tuition),post_graduate_graduate_diploma_or_graduate_certificate,22.7
249211,Art Teachers (Private Tuition),bachelor_degree,37.8
249211,Art Teachers (Private Tuition),advanced_diploma_diploma,14.6
249211,Art Teachers (Private Tuition),certificate_iii_iv,4.6
249211,Art Teachers (Private Tuition),year_12,13
249211,Art Teachers (Private Tuition),year_11,0.9
249211,Art Teachers (Private Tuition),year_10_and_below,3.1
249212,Dance Teachers (Private Tuition),post_graduate_graduate_diploma_or_graduate_certificate,4.8
249212,Dance Teachers (Private Tuition),bachelor_degree,16.7
249212,Dance Teachers (Private Tuition),advanced_diploma_diploma,20.9
249212,Dance Teachers (Private Tuition),certificate_iii_iv,14
249212,Dance Teachers (Private Tuition),year_12,22.6
249212,Dance Teachers (Private Tuition),year_11,5.6
249212,Dance Teachers (Private Tuition),year_10_and_below,9.5
249213,Drama Teachers (Private Tuition),post_graduate_graduate_diploma_or_graduate_certificate,16.8
249213,Drama Teachers (Private Tuition),bachelor_degree,42.3
249213,Drama Teachers (Private Tuition),advanced_diploma_diploma,16.4
249213,Drama Teachers (Private Tuition),certificate_iii_iv,3.3
249213,Drama Teachers (Private Tuition),year_12,13.1
249213,Drama Teachers (Private Tuition),year_11,2
249213,Drama Teachers (Private Tuition),year_10_and_below,2.7
249214,Music Teachers (Private Tuition),post_graduate_graduate_diploma_or_graduate_certificate,18.7
249214,Music Teachers (Private Tuition),bachelor_degree,38.9
249214,Music Teachers (Private Tuition),advanced_diploma_diploma,13.4
249214,Music Teachers (Private Tuition),certificate_iii_iv,4.2
249214,Music Teachers (Private Tuition),year_12,17
249214,Music Teachers (Private Tuition),year_11,1.8
249214,Music Teachers (Private Tuition),year_10_and_below,2.9
249299,Other Private Tutors and Teachers,post_graduate_graduate_diploma_or_graduate_certificate,22.5
249299,Other Private Tutors and Teachers,bachelor_degree,29.3
249299,Other Private Tutors and Teachers,advanced_diploma_diploma,6
249299,Other Private Tutors and Teachers,certificate_iii_iv,3.2
249299,Other Private Tutors and Teachers,year_12,31.8
249299,Other Private Tutors and Teachers,year_11,1.8
249299,Other Private Tutors and Teachers,year_10_and_below,3.4
251111,Dietitians,post_graduate_graduate_diploma_or_graduate_certificate,55.7
251111,Dietitians,bachelor_degree,41.3
251111,Dietitians,advanced_diploma_diploma,1
251111,Dietitians,certificate_iii_iv,0.8
251111,Dietitians,year_12,0.3
251111,Dietitians,year_11,0
251111,Dietitians,year_10_and_below,0.1
251112,Nutritionists,post_graduate_graduate_diploma_or_graduate_certificate,22.9
251112,Nutritionists,bachelor_degree,51.8
251112,Nutritionists,advanced_diploma_diploma,15.7
251112,Nutritionists,certificate_iii_iv,4.6
251112,Nutritionists,year_12,1.7
251112,Nutritionists,year_11,0.4
251112,Nutritionists,year_10_and_below,0.7
251211,Medical Diagnostic Radiographers,post_graduate_graduate_diploma_or_graduate_certificate,22.6
251211,Medical Diagnostic Radiographers,bachelor_degree,64
251211,Medical Diagnostic Radiographers,advanced_diploma_diploma,10.5
251211,Medical Diagnostic Radiographers,certificate_iii_iv,0.3
251211,Medical Diagnostic Radiographers,year_12,1
251211,Medical Diagnostic Radiographers,year_11,0.1
251211,Medical Diagnostic Radiographers,year_10_and_below,0
251212,Medical Radiation Therapists,post_graduate_graduate_diploma_or_graduate_certificate,23.2
251212,Medical Radiation Therapists,bachelor_degree,69.7
251212,Medical Radiation Therapists,advanced_diploma_diploma,5.8
251212,Medical Radiation Therapists,certificate_iii_iv,0
251212,Medical Radiation Therapists,year_12,0.3
251212,Medical Radiation Therapists,year_11,0
251212,Medical Radiation Therapists,year_10_and_below,0
251213,Nuclear Medicine Technologists,post_graduate_graduate_diploma_or_graduate_certificate,15.1
251213,Nuclear Medicine Technologists,bachelor_degree,78.4
251213,Nuclear Medicine Technologists,advanced_diploma_diploma,4.3
251213,Nuclear Medicine Technologists,certificate_iii_iv,0
251213,Nuclear Medicine Technologists,year_12,0
251213,Nuclear Medicine Technologists,year_11,0
251213,Nuclear Medicine Technologists,year_10_and_below,0
251214,Sonographers,post_graduate_graduate_diploma_or_graduate_certificate,62.4
251214,Sonographers,bachelor_degree,26.2
251214,Sonographers,advanced_diploma_diploma,8.7
251214,Sonographers,certificate_iii_iv,0.3
251214,Sonographers,year_12,0.8
251214,Sonographers,year_11,0.1
251214,Sonographers,year_10_and_below,0.1
251311,Environmental Health Officers,post_graduate_graduate_diploma_or_graduate_certificate,20.4
251311,Environmental Health Officers,bachelor_degree,40.3
251311,Environmental Health Officers,advanced_diploma_diploma,12.3
251311,Environmental Health Officers,certificate_iii_iv,10.8
251311,Environmental Health Officers,year_12,6.6
251311,Environmental Health Officers,year_11,1.8
251311,Environmental Health Officers,year_10_and_below,4.2
251312,Occupational Health and Safety Advisers,post_graduate_graduate_diploma_or_graduate_certificate,18.7
251312,Occupational Health and Safety Advisers,bachelor_degree,24.4
251312,Occupational Health and Safety Advisers,advanced_diploma_diploma,26.2
251312,Occupational Health and Safety Advisers,certificate_iii_iv,18
251312,Occupational Health and Safety Advisers,year_12,5.9
251312,Occupational Health and Safety Advisers,year_11,1.3
251312,Occupational Health and Safety Advisers,year_10_and_below,2.5
251411,Optometrists,post_graduate_graduate_diploma_or_graduate_certificate,38.7
251411,Optometrists,bachelor_degree,55.3
251411,Optometrists,advanced_diploma_diploma,2.3
251411,Optometrists,certificate_iii_iv,0.5
251411,Optometrists,year_12,1.2
251411,Optometrists,year_11,0
251411,Optometrists,year_10_and_below,0.2
251412,Orthoptists,post_graduate_graduate_diploma_or_graduate_certificate,50.4
251412,Orthoptists,bachelor_degree,38.7
251412,Orthoptists,advanced_diploma_diploma,8
251412,Orthoptists,certificate_iii_iv,0.8
251412,Orthoptists,year_12,0.3
251412,Orthoptists,year_11,0
251412,Orthoptists,year_10_and_below,0
251511,Hospital Pharmacists,post_graduate_graduate_diploma_or_graduate_certificate,35.8
251511,Hospital Pharmacists,bachelor_degree,60.4
251511,Hospital Pharmacists,advanced_diploma_diploma,0.4
251511,Hospital Pharmacists,certificate_iii_iv,0.2
251511,Hospital Pharmacists,year_12,1
251511,Hospital Pharmacists,year_11,0.1
251511,Hospital Pharmacists,year_10_and_below,0
251512,Industrial Pharmacists,post_graduate_graduate_diploma_or_graduate_certificate,50.4
251512,Industrial Pharmacists,bachelor_degree,45.5
251512,Industrial Pharmacists,advanced_diploma_diploma,1.1
251512,Industrial Pharmacists,certificate_iii_iv,0.6
251512,Industrial Pharmacists,year_12,1.9
251512,Industrial Pharmacists,year_11,0
251512,Industrial Pharmacists,year_10_and_below,0
251513,Retail Pharmacists,post_graduate_graduate_diploma_or_graduate_certificate,18.3
251513,Retail Pharmacists,bachelor_degree,73.5
251513,Retail Pharmacists,advanced_diploma_diploma,0.6
251513,Retail Pharmacists,certificate_iii_iv,1
251513,Retail Pharmacists,year_12,4.2
251513,Retail Pharmacists,year_11,0.2
251513,Retail Pharmacists,year_10_and_below,0.5
251911,Health Promotion Officers,post_graduate_graduate_diploma_or_graduate_certificate,38.7
251911,Health Promotion Officers,bachelor_degree,36.4
251911,Health Promotion Officers,advanced_diploma_diploma,10.3
251911,Health Promotion Officers,certificate_iii_iv,6.5
251911,Health Promotion Officers,year_12,3.8
251911,Health Promotion Officers,year_11,0.7
251911,Health Promotion Officers,year_10_and_below,1.3
251912,Orthotists and Prosthetists,post_graduate_graduate_diploma_or_graduate_certificate,40
251912,Orthotists and Prosthetists,bachelor_degree,42.6
251912,Orthotists and Prosthetists,advanced_diploma_diploma,8.7
251912,Orthotists and Prosthetists,certificate_iii_iv,3.6
251912,Orthotists and Prosthetists,year_12,1.4
251912,Orthotists and Prosthetists,year_11,1.3
251912,Orthotists and Prosthetists,year_10_and_below,1.4
251999,Genetic Counsellors (and Other Health Professionals not covered elsewhere),post_graduate_graduate_diploma_or_graduate_certificate,40.1
251999,Genetic Counsellors (and Other Health Professionals not covered elsewhere),bachelor_degree,34.7
251999,Genetic Counsellors (and Other Health Professionals not covered elsewhere),advanced_diploma_diploma,8.2
251999,Genetic Counsellors (and Other Health Professionals not covered elsewhere),certificate_iii_iv,4.3
251999,Genetic Counsellors (and Other Health Professionals not covered elsewhere),year_12,8.5
251999,Genetic Counsellors (and Other Health Professionals not covered elsewhere),year_11,0.4
251999,Genetic Counsellors (and Other Health Professionals not covered elsewhere),year_10_and_below,1.3
252111,Chiropractors,post_graduate_graduate_diploma_or_graduate_certificate,54.2
252111,Chiropractors,bachelor_degree,42.2
252111,Chiropractors,advanced_diploma_diploma,1.4
252111,Chiropractors,certificate_iii_iv,0
252111,Chiropractors,year_12,0.4
252111,Chiropractors,year_11,0
252111,Chiropractors,year_10_and_below,0.2
252112,Osteopaths,post_graduate_graduate_diploma_or_graduate_certificate,62.8
252112,Osteopaths,bachelor_degree,33
252112,Osteopaths,advanced_diploma_diploma,2.2
252112,Osteopaths,certificate_iii_iv,0
252112,Osteopaths,year_12,0.2
252112,Osteopaths,year_11,0
252112,Osteopaths,year_10_and_below,0
252211,Acupuncturists,post_graduate_graduate_diploma_or_graduate_certificate,22.7
252211,Acupuncturists,bachelor_degree,59
252211,Acupuncturists,advanced_diploma_diploma,11.9
252211,Acupuncturists,certificate_iii_iv,0
252211,Acupuncturists,year_12,1.5
252211,Acupuncturists,year_11,0
252211,Acupuncturists,year_10_and_below,0.2
252212,Homoeopaths,post_graduate_graduate_diploma_or_graduate_certificate,15
252212,Homoeopaths,bachelor_degree,37.5
252212,Homoeopaths,advanced_diploma_diploma,42.5
252212,Homoeopaths,certificate_iii_iv,0
252212,Homoeopaths,year_12,0
252212,Homoeopaths,year_11,0
252212,Homoeopaths,year_10_and_below,0
252213,Naturopaths,post_graduate_graduate_diploma_or_graduate_certificate,8.2
252213,Naturopaths,bachelor_degree,53.6
252213,Naturopaths,advanced_diploma_diploma,31.7
252213,Naturopaths,certificate_iii_iv,1
252213,Naturopaths,year_12,1.2
252213,Naturopaths,year_11,0.2
252213,Naturopaths,year_10_and_below,0.6
252214,Chinese Medicine Practitioners,post_graduate_graduate_diploma_or_graduate_certificate,25.8
252214,Chinese Medicine Practitioners,bachelor_degree,60.2
252214,Chinese Medicine Practitioners,advanced_diploma_diploma,8.4
252214,Chinese Medicine Practitioners,certificate_iii_iv,0
252214,Chinese Medicine Practitioners,year_12,1.9
252214,Chinese Medicine Practitioners,year_11,0
252214,Chinese Medicine Practitioners,year_10_and_below,0.7
252299,"Music, Dance, Drama, Play, Hypnotic, and Related Therapists",post_graduate_graduate_diploma_or_graduate_certificate,45.3
252299,"Music, Dance, Drama, Play, Hypnotic, and Related Therapists",bachelor_degree,23.7
252299,"Music, Dance, Drama, Play, Hypnotic, and Related Therapists",advanced_diploma_diploma,19.6
252299,"Music, Dance, Drama, Play, Hypnotic, and Related Therapists",certificate_iii_iv,4.1
252299,"Music, Dance, Drama, Play, Hypnotic, and Related Therapists",year_12,2.4
252299,"Music, Dance, Drama, Play, Hypnotic, and Related Therapists",year_11,0.7
252299,"Music, Dance, Drama, Play, Hypnotic, and Related Therapists",year_10_and_below,1.1
252311,Dental Specialists (including Orthodontists),post_graduate_graduate_diploma_or_graduate_certificate,79.4
252311,Dental Specialists (including Orthodontists),bachelor_degree,10.7
252311,Dental Specialists (including Orthodontists),advanced_diploma_diploma,2.1
252311,Dental Specialists (including Orthodontists),certificate_iii_iv,2.9
252311,Dental Specialists (including Orthodontists),year_12,1
252311,Dental Specialists (including Orthodontists),year_11,0
252311,Dental Specialists (including Orthodontists),year_10_and_below,0
252312,Dentists,post_graduate_graduate_diploma_or_graduate_certificate,25.4
252312,Dentists,bachelor_degree,70
252312,Dentists,advanced_diploma_diploma,0.8
252312,Dentists,certificate_iii_iv,0.5
252312,Dentists,year_12,1
252312,Dentists,year_11,0.1
252312,Dentists,year_10_and_below,0.2
252711,Audiologists,post_graduate_graduate_diploma_or_graduate_certificate,87.6
252711,Audiologists,bachelor_degree,8.3
252711,Audiologists,advanced_diploma_diploma,1.7
252711,Audiologists,certificate_iii_iv,0.8
252711,Audiologists,year_12,0.8
252711,Audiologists,year_11,0.2
252711,Audiologists,year_10_and_below,0.4
252712,Speech Pathologists,post_graduate_graduate_diploma_or_graduate_certificate,33.9
252712,Speech Pathologists,bachelor_degree,64.3
252712,Speech Pathologists,advanced_diploma_diploma,0.3
252712,Speech Pathologists,certificate_iii_iv,0.1
252712,Speech Pathologists,year_12,0.6
252712,Speech Pathologists,year_11,0
252712,Speech Pathologists,year_10_and_below,0
253111,General Practitioners,post_graduate_graduate_diploma_or_graduate_certificate,38
253111,General Practitioners,bachelor_degree,58.1
253111,General Practitioners,advanced_diploma_diploma,0.6
253111,General Practitioners,certificate_iii_iv,0.3
253111,General Practitioners,year_12,0.4
253111,General Practitioners,year_11,0
253111,General Practitioners,year_10_and_below,0.1
253112,Resident Medical Officers,post_graduate_graduate_diploma_or_graduate_certificate,45.4
253112,Resident Medical Officers,bachelor_degree,52
253112,Resident Medical Officers,advanced_diploma_diploma,0.4
253112,Resident Medical Officers,certificate_iii_iv,0.2
253112,Resident Medical Officers,year_12,0.6
253112,Resident Medical Officers,year_11,0
253112,Resident Medical Officers,year_10_and_below,0
253311,Specialist Physicians (General Medicine),post_graduate_graduate_diploma_or_graduate_certificate,60
253311,Specialist Physicians (General Medicine),bachelor_degree,36.4
253311,Specialist Physicians (General Medicine),advanced_diploma_diploma,0.6
253311,Specialist Physicians (General Medicine),certificate_iii_iv,0
253311,Specialist Physicians (General Medicine),year_12,0
253311,Specialist Physicians (General Medicine),year_11,0
253311,Specialist Physicians (General Medicine),year_10_and_below,0
253312,Cardiologists,post_graduate_graduate_diploma_or_graduate_certificate,50.6
253312,Cardiologists,bachelor_degree,44.1
253312,Cardiologists,advanced_diploma_diploma,0.7
253312,Cardiologists,certificate_iii_iv,0.3
253312,Cardiologists,year_12,0.9
253312,Cardiologists,year_11,0
253312,Cardiologists,year_10_and_below,0.4
253313,Clinical Haematologists,post_graduate_graduate_diploma_or_graduate_certificate,47.3
253313,Clinical Haematologists,bachelor_degree,46.7
253313,Clinical Haematologists,advanced_diploma_diploma,0
253313,Clinical Haematologists,certificate_iii_iv,0
253313,Clinical Haematologists,year_12,0
253313,Clinical Haematologists,year_11,0
253313,Clinical Haematologists,year_10_and_below,0
253314,Medical Oncologists,post_graduate_graduate_diploma_or_graduate_certificate,49.7
253314,Medical Oncologists,bachelor_degree,47.1
253314,Medical Oncologists,advanced_diploma_diploma,0.3
253314,Medical Oncologists,certificate_iii_iv,0
253314,Medical Oncologists,year_12,0
253314,Medical Oncologists,year_11,0
253314,Medical Oncologists,year_10_and_below,0
253315,Endocrinologists,post_graduate_graduate_diploma_or_graduate_certificate,52
253315,Endocrinologists,bachelor_degree,42.5
253315,Endocrinologists,advanced_diploma_diploma,0
253315,Endocrinologists,certificate_iii_iv,0
253315,Endocrinologists,year_12,0
253315,Endocrinologists,year_11,0
253315,Endocrinologists,year_10_and_below,0
253316,Gastroenterologists,post_graduate_graduate_diploma_or_graduate_certificate,51.1
253316,Gastroenterologists,bachelor_degree,43.9
253316,Gastroenterologists,advanced_diploma_diploma,0
253316,Gastroenterologists,certificate_iii_iv,0
253316,Gastroenterologists,year_12,0
253316,Gastroenterologists,year_11,0
253316,Gastroenterologists,year_10_and_below,0
253317,Intensive Care Specialists,post_graduate_graduate_diploma_or_graduate_certificate,46.2
253317,Intensive Care Specialists,bachelor_degree,48.8
253317,Intensive Care Specialists,advanced_diploma_diploma,1.1
253317,Intensive Care Specialists,certificate_iii_iv,0
253317,Intensive Care Specialists,year_12,0
253317,Intensive Care Specialists,year_11,0
253317,Intensive Care Specialists,year_10_and_below,0
253318,Neurologists,post_graduate_graduate_diploma_or_graduate_certificate,54.5
253318,Neurologists,bachelor_degree,41.5
253318,Neurologists,advanced_diploma_diploma,0
253318,Neurologists,certificate_iii_iv,0
253318,Neurologists,year_12,0
253318,Neurologists,year_11,0
253318,Neurologists,year_10_and_below,0
253321,Paediatricians,post_graduate_graduate_diploma_or_graduate_certificate,52
253321,Paediatricians,bachelor_degree,45.1
253321,Paediatricians,advanced_diploma_diploma,0.5
253321,Paediatricians,certificate_iii_iv,0
253321,Paediatricians,year_12,0.2
253321,Paediatricians,year_11,0
253321,Paediatricians,year_10_and_below,0
253322,Renal Medicine Specialists,post_graduate_graduate_diploma_or_graduate_certificate,59.8
253322,Renal Medicine Specialists,bachelor_degree,40.2
253322,Renal Medicine Specialists,advanced_diploma_diploma,0
253322,Renal Medicine Specialists,certificate_iii_iv,0
253322,Renal Medicine Specialists,year_12,0
253322,Renal Medicine Specialists,year_11,0
253322,Renal Medicine Specialists,year_10_and_below,0
253323,Rheumatologists,post_graduate_graduate_diploma_or_graduate_certificate,52.6
253323,Rheumatologists,bachelor_degree,43
253323,Rheumatologists,advanced_diploma_diploma,0
253323,Rheumatologists,certificate_iii_iv,0
253323,Rheumatologists,year_12,0
253323,Rheumatologists,year_11,0
253323,Rheumatologists,year_10_and_below,0
253324,Thoracic Medicine Specialists,post_graduate_graduate_diploma_or_graduate_certificate,46
253324,Thoracic Medicine Specialists,bachelor_degree,50.6
253324,Thoracic Medicine Specialists,advanced_diploma_diploma,0.9
253324,Thoracic Medicine Specialists,certificate_iii_iv,0
253324,Thoracic Medicine Specialists,year_12,0
253324,Thoracic Medicine Specialists,year_11,0
253324,Thoracic Medicine Specialists,year_10_and_below,0
253399,Other Specialist Physicians,post_graduate_graduate_diploma_or_graduate_certificate,49.1
253399,Other Specialist Physicians,bachelor_degree,45
253399,Other Specialist Physicians,advanced_diploma_diploma,1
253399,Other Specialist Physicians,certificate_iii_iv,0.6
253399,Other Specialist Physicians,year_12,0.6
253399,Other Specialist Physicians,year_11,0.3
253399,Other Specialist Physicians,year_10_and_below,0.2
253511,Surgeons (General),post_graduate_graduate_diploma_or_graduate_certificate,57.8
253511,Surgeons (General),bachelor_degree,40.5
253511,Surgeons (General),advanced_diploma_diploma,0
253511,Surgeons (General),certificate_iii_iv,0.5
253511,Surgeons (General),year_12,0
253511,Surgeons (General),year_11,0
253511,Surgeons (General),year_10_and_below,0
253512,Cardiothoracic Surgeons,post_graduate_graduate_diploma_or_graduate_certificate,62
253512,Cardiothoracic Surgeons,bachelor_degree,37.4
253512,Cardiothoracic Surgeons,advanced_diploma_diploma,0
253512,Cardiothoracic Surgeons,certificate_iii_iv,0
253512,Cardiothoracic Surgeons,year_12,0
253512,Cardiothoracic Surgeons,year_11,0
253512,Cardiothoracic Surgeons,year_10_and_below,0
253513,Neurosurgeons,post_graduate_graduate_diploma_or_graduate_certificate,54.2
253513,Neurosurgeons,bachelor_degree,42.6
253513,Neurosurgeons,advanced_diploma_diploma,0
253513,Neurosurgeons,certificate_iii_iv,1.1
253513,Neurosurgeons,year_12,0
253513,Neurosurgeons,year_11,0
253513,Neurosurgeons,year_10_and_below,0
253514,Orthopaedic Surgeons,post_graduate_graduate_diploma_or_graduate_certificate,48.7
253514,Orthopaedic Surgeons,bachelor_degree,48.2
253514,Orthopaedic Surgeons,advanced_diploma_diploma,0.4
253514,Orthopaedic Surgeons,certificate_iii_iv,0.2
253514,Orthopaedic Surgeons,year_12,0.3
253514,Orthopaedic Surgeons,year_11,0
253514,Orthopaedic Surgeons,year_10_and_below,0
253515,"Ear, Nose and Throat Specialists",post_graduate_graduate_diploma_or_graduate_certificate,51.8
253515,"Ear, Nose and Throat Specialists",bachelor_degree,43.7
253515,"Ear, Nose and Throat Specialists",advanced_diploma_diploma,0
253515,"Ear, Nose and Throat Specialists",certificate_iii_iv,0
253515,"Ear, Nose and Throat Specialists",year_12,1.4
253515,"Ear, Nose and Throat Specialists",year_11,0
253515,"Ear, Nose and Throat Specialists",year_10_and_below,0.8
253516,Paediatric Surgeons,post_graduate_graduate_diploma_or_graduate_certificate,59.2
253516,Paediatric Surgeons,bachelor_degree,33.6
253516,Paediatric Surgeons,advanced_diploma_diploma,0
253516,Paediatric Surgeons,certificate_iii_iv,0
253516,Paediatric Surgeons,year_12,0
253516,Paediatric Surgeons,year_11,0
253516,Paediatric Surgeons,year_10_and_below,0
253517,Plastic and Reconstructive Surgeons,post_graduate_graduate_diploma_or_graduate_certificate,52.3
253517,Plastic and Reconstructive Surgeons,bachelor_degree,40.3
253517,Plastic and Reconstructive Surgeons,advanced_diploma_diploma,2.1
253517,Plastic and Reconstructive Surgeons,certificate_iii_iv,0.8
253517,Plastic and Reconstructive Surgeons,year_12,2.1
253517,Plastic and Reconstructive Surgeons,year_11,0
253517,Plastic and Reconstructive Surgeons,year_10_and_below,0
253518,Urologists,post_graduate_graduate_diploma_or_graduate_certificate,49.9
253518,Urologists,bachelor_degree,46.5
253518,Urologists,advanced_diploma_diploma,0
253518,Urologists,certificate_iii_iv,0
253518,Urologists,year_12,0
253518,Urologists,year_11,0
253518,Urologists,year_10_and_below,0
253521,Vascular Surgeons,post_graduate_graduate_diploma_or_graduate_certificate,62.3
253521,Vascular Surgeons,bachelor_degree,36.1
253521,Vascular Surgeons,advanced_diploma_diploma,0
253521,Vascular Surgeons,certificate_iii_iv,0
253521,Vascular Surgeons,year_12,0
253521,Vascular Surgeons,year_11,0
253521,Vascular Surgeons,year_10_and_below,0
253911,Dermatologists,post_graduate_graduate_diploma_or_graduate_certificate,56.5
253911,Dermatologists,bachelor_degree,35.6
253911,Dermatologists,advanced_diploma_diploma,3.9
253911,Dermatologists,certificate_iii_iv,0.4
253911,Dermatologists,year_12,0.9
253911,Dermatologists,year_11,0
253911,Dermatologists,year_10_and_below,0
253912,Emergency Medicine Specialists,post_graduate_graduate_diploma_or_graduate_certificate,35.7
253912,Emergency Medicine Specialists,bachelor_degree,61.1
253912,Emergency Medicine Specialists,advanced_diploma_diploma,0.4
253912,Emergency Medicine Specialists,certificate_iii_iv,0.1
253912,Emergency Medicine Specialists,year_12,0.1
253912,Emergency Medicine Specialists,year_11,0
253912,Emergency Medicine Specialists,year_10_and_below,0
253913,Obstetricians and Gynaecologists,post_graduate_graduate_diploma_or_graduate_certificate,52.2
253913,Obstetricians and Gynaecologists,bachelor_degree,44.5
253913,Obstetricians and Gynaecologists,advanced_diploma_diploma,0.4
253913,Obstetricians and Gynaecologists,certificate_iii_iv,0
253913,Obstetricians and Gynaecologists,year_12,0.2
253913,Obstetricians and Gynaecologists,year_11,0
253913,Obstetricians and Gynaecologists,year_10_and_below,0
253914,Eye Specialists,post_graduate_graduate_diploma_or_graduate_certificate,60.9
253914,Eye Specialists,bachelor_degree,31.4
253914,Eye Specialists,advanced_diploma_diploma,1.3
253914,Eye Specialists,certificate_iii_iv,0.7
253914,Eye Specialists,year_12,1.5
253914,Eye Specialists,year_11,0
253914,Eye Specialists,year_10_and_below,0
253915,Pathologists,post_graduate_graduate_diploma_or_graduate_certificate,31.7
253915,Pathologists,bachelor_degree,38.3
253915,Pathologists,advanced_diploma_diploma,6.5
253915,Pathologists,certificate_iii_iv,8.8
253915,Pathologists,year_12,5.2
253915,Pathologists,year_11,0.6
253915,Pathologists,year_10_and_below,2.4
253917,Diagnostic and Interventional Radiologists,post_graduate_graduate_diploma_or_graduate_certificate,48.2
253917,Diagnostic and Interventional Radiologists,bachelor_degree,46
253917,Diagnostic and Interventional Radiologists,advanced_diploma_diploma,1.3
253917,Diagnostic and Interventional Radiologists,certificate_iii_iv,0.5
253917,Diagnostic and Interventional Radiologists,year_12,1
253917,Diagnostic and Interventional Radiologists,year_11,0.1
253917,Diagnostic and Interventional Radiologists,year_10_and_below,0.2
253918,Radiation Oncologists,post_graduate_graduate_diploma_or_graduate_certificate,45.2
253918,Radiation Oncologists,bachelor_degree,50.5
253918,Radiation Oncologists,advanced_diploma_diploma,1.5
253918,Radiation Oncologists,certificate_iii_iv,0
253918,Radiation Oncologists,year_12,0
253918,Radiation Oncologists,year_11,0
253918,Radiation Oncologists,year_10_and_below,0
253999,Medical Practitioners (not covered elsewhere),post_graduate_graduate_diploma_or_graduate_certificate,43.1
253999,Medical Practitioners (not covered elsewhere),bachelor_degree,47
253999,Medical Practitioners (not covered elsewhere),advanced_diploma_diploma,2.9
253999,Medical Practitioners (not covered elsewhere),certificate_iii_iv,1.5
253999,Medical Practitioners (not covered elsewhere),year_12,2.2
253999,Medical Practitioners (not covered elsewhere),year_11,0.3
253999,Medical Practitioners (not covered elsewhere),year_10_and_below,0.6
254211,Nurse Educators,post_graduate_graduate_diploma_or_graduate_certificate,56.2
254211,Nurse Educators,bachelor_degree,35.8
254211,Nurse Educators,advanced_diploma_diploma,5.3
254211,Nurse Educators,certificate_iii_iv,0.7
254211,Nurse Educators,year_12,0.3
254211,Nurse Educators,year_11,0.1
254211,Nurse Educators,year_10_and_below,0.1
254212,Nurse Researchers,post_graduate_graduate_diploma_or_graduate_certificate,47.2
254212,Nurse Researchers,bachelor_degree,43.7
254212,Nurse Researchers,advanced_diploma_diploma,7.3
254212,Nurse Researchers,certificate_iii_iv,0.2
254212,Nurse Researchers,year_12,0.2
254212,Nurse Researchers,year_11,0
254212,Nurse Researchers,year_10_and_below,0
254411,Nurse Practitioners,post_graduate_graduate_diploma_or_graduate_certificate,68.1
254411,Nurse Practitioners,bachelor_degree,16.6
254411,Nurse Practitioners,advanced_diploma_diploma,5.8
254411,Nurse Practitioners,certificate_iii_iv,1.6
254411,Nurse Practitioners,year_12,2.9
254411,Nurse Practitioners,year_11,0.2
254411,Nurse Practitioners,year_10_and_below,0.5
254412,Registered Nurses (Aged Care),post_graduate_graduate_diploma_or_graduate_certificate,10
254412,Registered Nurses (Aged Care),bachelor_degree,53.2
254412,Registered Nurses (Aged Care),advanced_diploma_diploma,11.8
254412,Registered Nurses (Aged Care),certificate_iii_iv,13.1
254412,Registered Nurses (Aged Care),year_12,3.5
254412,Registered Nurses (Aged Care),year_11,0.6
254412,Registered Nurses (Aged Care),year_10_and_below,2.6
254413,Registered Nurses (Child and Family Health),post_graduate_graduate_diploma_or_graduate_certificate,41.6
254413,Registered Nurses (Child and Family Health),bachelor_degree,45.8
254413,Registered Nurses (Child and Family Health),advanced_diploma_diploma,8.8
254413,Registered Nurses (Child and Family Health),certificate_iii_iv,0.5
254413,Registered Nurses (Child and Family Health),year_12,0.5
254413,Registered Nurses (Child and Family Health),year_11,0
254413,Registered Nurses (Child and Family Health),year_10_and_below,0.1
254414,Registered Nurses (Community Health),post_graduate_graduate_diploma_or_graduate_certificate,23.5
254414,Registered Nurses (Community Health),bachelor_degree,61.6
254414,Registered Nurses (Community Health),advanced_diploma_diploma,10.3
254414,Registered Nurses (Community Health),certificate_iii_iv,1.2
254414,Registered Nurses (Community Health),year_12,0.7
254414,Registered Nurses (Community Health),year_11,0.1
254414,Registered Nurses (Community Health),year_10_and_below,0.2
254415,Registered Nurses (Critical Care and Emergency),post_graduate_graduate_diploma_or_graduate_certificate,29.3
254415,Registered Nurses (Critical Care and Emergency),bachelor_degree,62.4
254415,Registered Nurses (Critical Care and Emergency),advanced_diploma_diploma,5.7
254415,Registered Nurses (Critical Care and Emergency),certificate_iii_iv,0.2
254415,Registered Nurses (Critical Care and Emergency),year_12,0.3
254415,Registered Nurses (Critical Care and Emergency),year_11,0
254415,Registered Nurses (Critical Care and Emergency),year_10_and_below,0
254417,Registered Nurses (Disability and Rehabilitation),post_graduate_graduate_diploma_or_graduate_certificate,12.1
254417,Registered Nurses (Disability and Rehabilitation),bachelor_degree,71.5
254417,Registered Nurses (Disability and Rehabilitation),advanced_diploma_diploma,10
254417,Registered Nurses (Disability and Rehabilitation),certificate_iii_iv,2.6
254417,Registered Nurses (Disability and Rehabilitation),year_12,1
254417,Registered Nurses (Disability and Rehabilitation),year_11,0.1
254417,Registered Nurses (Disability and Rehabilitation),year_10_and_below,0.3
254418,Registered Nurses (Medical),post_graduate_graduate_diploma_or_graduate_certificate,18.3
254418,Registered Nurses (Medical),bachelor_degree,72.5
254418,Registered Nurses (Medical),advanced_diploma_diploma,6.5
254418,Registered Nurses (Medical),certificate_iii_iv,0.2
254418,Registered Nurses (Medical),year_12,0.4
254418,Registered Nurses (Medical),year_11,0
254418,Registered Nurses (Medical),year_10_and_below,0
254421,Registered Nurses (Medical Practice),post_graduate_graduate_diploma_or_graduate_certificate,12.3
254421,Registered Nurses (Medical Practice),bachelor_degree,67.5
254421,Registered Nurses (Medical Practice),advanced_diploma_diploma,14.8
254421,Registered Nurses (Medical Practice),certificate_iii_iv,2
254421,Registered Nurses (Medical Practice),year_12,0.7
254421,Registered Nurses (Medical Practice),year_11,0.1
254421,Registered Nurses (Medical Practice),year_10_and_below,0.2
254422,Registered Nurses (Mental Health),post_graduate_graduate_diploma_or_graduate_certificate,32.4
254422,Registered Nurses (Mental Health),bachelor_degree,54.4
254422,Registered Nurses (Mental Health),advanced_diploma_diploma,9.5
254422,Registered Nurses (Mental Health),certificate_iii_iv,0.5
254422,Registered Nurses (Mental Health),year_12,0.5
254422,Registered Nurses (Mental Health),year_11,0
254422,Registered Nurses (Mental Health),year_10_and_below,0.2
254423,Registered Nurses (Perioperative),post_graduate_graduate_diploma_or_graduate_certificate,18.9
254423,Registered Nurses (Perioperative),bachelor_degree,68.2
254423,Registered Nurses (Perioperative),advanced_diploma_diploma,9.6
254423,Registered Nurses (Perioperative),certificate_iii_iv,0.6
254423,Registered Nurses (Perioperative),year_12,0.5
254423,Registered Nurses (Perioperative),year_11,0
254423,Registered Nurses (Perioperative),year_10_and_below,0.1
254424,Registered Nurses (Surgical),post_graduate_graduate_diploma_or_graduate_certificate,12.8
254424,Registered Nurses (Surgical),bachelor_degree,78.3
254424,Registered Nurses (Surgical),advanced_diploma_diploma,6.6
254424,Registered Nurses (Surgical),certificate_iii_iv,0.3
254424,Registered Nurses (Surgical),year_12,0.3
254424,Registered Nurses (Surgical),year_11,0
254424,Registered Nurses (Surgical),year_10_and_below,0
254425,Registered Nurses (Paediatrics),post_graduate_graduate_diploma_or_graduate_certificate,24.1
254425,Registered Nurses (Paediatrics),bachelor_degree,67.1
254425,Registered Nurses (Paediatrics),advanced_diploma_diploma,6.5
254425,Registered Nurses (Paediatrics),certificate_iii_iv,0.2
254425,Registered Nurses (Paediatrics),year_12,0.5
254425,Registered Nurses (Paediatrics),year_11,0
254425,Registered Nurses (Paediatrics),year_10_and_below,0
254499,Registered Nurses (not covered elsewhere),post_graduate_graduate_diploma_or_graduate_certificate,15.7
254499,Registered Nurses (not covered elsewhere),bachelor_degree,71.6
254499,Registered Nurses (not covered elsewhere),advanced_diploma_diploma,8.3
254499,Registered Nurses (not covered elsewhere),certificate_iii_iv,0.6
254499,Registered Nurses (not covered elsewhere),year_12,1.2
254499,Registered Nurses (not covered elsewhere),year_11,0.1
254499,Registered Nurses (not covered elsewhere),year_10_and_below,0.1
261111,ICT Business Analysts,post_graduate_graduate_diploma_or_graduate_certificate,31.7
261111,ICT Business Analysts,bachelor_degree,47.7
261111,ICT Business Analysts,advanced_diploma_diploma,7.5
261111,ICT Business Analysts,certificate_iii_iv,2.9
261111,ICT Business Analysts,year_12,6.5
261111,ICT Business Analysts,year_11,0.7
261111,ICT Business Analysts,year_10_and_below,0.7
261112,Systems Analysts,post_graduate_graduate_diploma_or_graduate_certificate,26
261112,Systems Analysts,bachelor_degree,46.9
261112,Systems Analysts,advanced_diploma_diploma,9.5
261112,Systems Analysts,certificate_iii_iv,5
261112,Systems Analysts,year_12,7.8
261112,Systems Analysts,year_11,0.9
261112,Systems Analysts,year_10_and_below,1
261211,Game and Multimedia Developers,post_graduate_graduate_diploma_or_graduate_certificate,13.9
261211,Game and Multimedia Developers,bachelor_degree,52.9
261211,Game and Multimedia Developers,advanced_diploma_diploma,16.3
261211,Game and Multimedia Developers,certificate_iii_iv,4.4
261211,Game and Multimedia Developers,year_12,9.2
261211,Game and Multimedia Developers,year_11,0.3
261211,Game and Multimedia Developers,year_10_and_below,1.2
261212,Web Developers,post_graduate_graduate_diploma_or_graduate_certificate,21.1
261212,Web Developers,bachelor_degree,47.3
261212,Web Developers,advanced_diploma_diploma,12
261212,Web Developers,certificate_iii_iv,5
261212,Web Developers,year_12,9.9
261212,Web Developers,year_11,0.8
261212,Web Developers,year_10_and_below,1.2
261311,Analyst Programmers,post_graduate_graduate_diploma_or_graduate_certificate,26.4
261311,Analyst Programmers,bachelor_degree,55.8
261311,Analyst Programmers,advanced_diploma_diploma,7.2
261311,Analyst Programmers,certificate_iii_iv,2
261311,Analyst Programmers,year_12,5.3
261311,Analyst Programmers,year_11,0.3
261311,Analyst Programmers,year_10_and_below,0.4
261312,Developer Programmers,post_graduate_graduate_diploma_or_graduate_certificate,25.5
261312,Developer Programmers,bachelor_degree,54.9
261312,Developer Programmers,advanced_diploma_diploma,6.1
261312,Developer Programmers,certificate_iii_iv,2.7
261312,Developer Programmers,year_12,7.3
261312,Developer Programmers,year_11,0.5
261312,Developer Programmers,year_10_and_below,0.8
261313,Software Engineers,post_graduate_graduate_diploma_or_graduate_certificate,29
261313,Software Engineers,bachelor_degree,58.3
261313,Software Engineers,advanced_diploma_diploma,3.8
261313,Software Engineers,certificate_iii_iv,1.5
261313,Software Engineers,year_12,4.9
261313,Software Engineers,year_11,0.3
261313,Software Engineers,year_10_and_below,0.3
261314,Software Testers,post_graduate_graduate_diploma_or_graduate_certificate,28.4
261314,Software Testers,bachelor_degree,53.2
261314,Software Testers,advanced_diploma_diploma,5.3
261314,Software Testers,certificate_iii_iv,3
261314,Software Testers,year_12,6
261314,Software Testers,year_11,0.6
261314,Software Testers,year_10_and_below,0.7
261399,Other Software and Applications Programmers,post_graduate_graduate_diploma_or_graduate_certificate,24
261399,Other Software and Applications Programmers,bachelor_degree,53.5
261399,Other Software and Applications Programmers,advanced_diploma_diploma,6.3
261399,Other Software and Applications Programmers,certificate_iii_iv,4.1
261399,Other Software and Applications Programmers,year_12,7.2
261399,Other Software and Applications Programmers,year_11,0.9
261399,Other Software and Applications Programmers,year_10_and_below,1.2
262111,Database Administrators,post_graduate_graduate_diploma_or_graduate_certificate,23.6
262111,Database Administrators,bachelor_degree,41.2
262111,Database Administrators,advanced_diploma_diploma,10.9
262111,Database Administrators,certificate_iii_iv,7.3
262111,Database Administrators,year_12,10.2
262111,Database Administrators,year_11,1.3
262111,Database Administrators,year_10_and_below,2
262112,ICT Security Specialists,post_graduate_graduate_diploma_or_graduate_certificate,26.8
262112,ICT Security Specialists,bachelor_degree,41.5
262112,ICT Security Specialists,advanced_diploma_diploma,9.6
262112,ICT Security Specialists,certificate_iii_iv,6.2
262112,ICT Security Specialists,year_12,8.7
262112,ICT Security Specialists,year_11,0.9
262112,ICT Security Specialists,year_10_and_below,1.1
262113,Systems Administrators,post_graduate_graduate_diploma_or_graduate_certificate,15.8
262113,Systems Administrators,bachelor_degree,35
262113,Systems Administrators,advanced_diploma_diploma,17.6
262113,Systems Administrators,certificate_iii_iv,12
262113,Systems Administrators,year_12,12.1
262113,Systems Administrators,year_11,1.6
262113,Systems Administrators,year_10_and_below,1.8
263111,Computer Network and Systems Engineers,post_graduate_graduate_diploma_or_graduate_certificate,21.8
263111,Computer Network and Systems Engineers,bachelor_degree,40.4
263111,Computer Network and Systems Engineers,advanced_diploma_diploma,14.8
263111,Computer Network and Systems Engineers,certificate_iii_iv,7.4
263111,Computer Network and Systems Engineers,year_12,8.7
263111,Computer Network and Systems Engineers,year_11,0.9
263111,Computer Network and Systems Engineers,year_10_and_below,0.9
263112,Network Administrators,post_graduate_graduate_diploma_or_graduate_certificate,17.2
263112,Network Administrators,bachelor_degree,32.7
263112,Network Administrators,advanced_diploma_diploma,18.6
263112,Network Administrators,certificate_iii_iv,12
263112,Network Administrators,year_12,11.5
263112,Network Administrators,year_11,1.6
263112,Network Administrators,year_10_and_below,1.9
263113,Network Analysts,post_graduate_graduate_diploma_or_graduate_certificate,23.9
263113,Network Analysts,bachelor_degree,44.1
263113,Network Analysts,advanced_diploma_diploma,12.2
263113,Network Analysts,certificate_iii_iv,5.7
263113,Network Analysts,year_12,7.9
263113,Network Analysts,year_11,0.4
263113,Network Analysts,year_10_and_below,1.2
263211,ICT Quality Assurance Engineers,post_graduate_graduate_diploma_or_graduate_certificate,32.3
263211,ICT Quality Assurance Engineers,bachelor_degree,46.4
263211,ICT Quality Assurance Engineers,advanced_diploma_diploma,7.7
263211,ICT Quality Assurance Engineers,certificate_iii_iv,5.3
263211,ICT Quality Assurance Engineers,year_12,5.4
263211,ICT Quality Assurance Engineers,year_11,0.3
263211,ICT Quality Assurance Engineers,year_10_and_below,0.3
263212,ICT Support Engineers,post_graduate_graduate_diploma_or_graduate_certificate,21.5
263212,ICT Support Engineers,bachelor_degree,42
263212,ICT Support Engineers,advanced_diploma_diploma,13.3
263212,ICT Support Engineers,certificate_iii_iv,8.4
263212,ICT Support Engineers,year_12,9.6
263212,ICT Support Engineers,year_11,0.8
263212,ICT Support Engineers,year_10_and_below,1.1
263213,ICT Systems Test Engineers,post_graduate_graduate_diploma_or_graduate_certificate,25.1
263213,ICT Systems Test Engineers,bachelor_degree,48.5
263213,ICT Systems Test Engineers,advanced_diploma_diploma,6.8
263213,ICT Systems Test Engineers,certificate_iii_iv,6.3
263213,ICT Systems Test Engineers,year_12,8.4
263213,ICT Systems Test Engineers,year_11,0.8
263213,ICT Systems Test Engineers,year_10_and_below,1.7
263299,Other ICT Support and Test Engineers,post_graduate_graduate_diploma_or_graduate_certificate,19.2
263299,Other ICT Support and Test Engineers,bachelor_degree,60.3
263299,Other ICT Support and Test Engineers,advanced_diploma_diploma,11.6
263299,Other ICT Support and Test Engineers,certificate_iii_iv,2.5
263299,Other ICT Support and Test Engineers,year_12,4.1
263299,Other ICT Support and Test Engineers,year_11,0.2
263299,Other ICT Support and Test Engineers,year_10_and_below,0.1
263311,Telecommunications Engineers,post_graduate_graduate_diploma_or_graduate_certificate,27.2
263311,Telecommunications Engineers,bachelor_degree,44.6
263311,Telecommunications Engineers,advanced_diploma_diploma,10.8
263311,Telecommunications Engineers,certificate_iii_iv,9.2
263311,Telecommunications Engineers,year_12,4.2
263311,Telecommunications Engineers,year_11,0.4
263311,Telecommunications Engineers,year_10_and_below,0.8
263312,Telecommunications Network Engineers,post_graduate_graduate_diploma_or_graduate_certificate,26
263312,Telecommunications Network Engineers,bachelor_degree,44
263312,Telecommunications Network Engineers,advanced_diploma_diploma,11.9
263312,Telecommunications Network Engineers,certificate_iii_iv,7.4
263312,Telecommunications Network Engineers,year_12,6.2
263312,Telecommunications Network Engineers,year_11,0.5
263312,Telecommunications Network Engineers,year_10_and_below,0.8
271211,Judges,post_graduate_graduate_diploma_or_graduate_certificate,27.8
271211,Judges,bachelor_degree,64.2
271211,Judges,advanced_diploma_diploma,1.3
271211,Judges,certificate_iii_iv,1.2
271211,Judges,year_12,1.3
271211,Judges,year_11,0
271211,Judges,year_10_and_below,0
271212,Magistrates,post_graduate_graduate_diploma_or_graduate_certificate,23.3
271212,Magistrates,bachelor_degree,72.1
271212,Magistrates,advanced_diploma_diploma,0.7
271212,Magistrates,certificate_iii_iv,0
271212,Magistrates,year_12,0.6
271212,Magistrates,year_11,0
271212,Magistrates,year_10_and_below,0
271213,Tribunal Members,post_graduate_graduate_diploma_or_graduate_certificate,44.9
271213,Tribunal Members,bachelor_degree,45.4
271213,Tribunal Members,advanced_diploma_diploma,3
271213,Tribunal Members,certificate_iii_iv,1.4
271213,Tribunal Members,year_12,1.8
271213,Tribunal Members,year_11,0.5
271213,Tribunal Members,year_10_and_below,0.6
271214,Intellectual Property Lawyers,post_graduate_graduate_diploma_or_graduate_certificate,70.9
271214,Intellectual Property Lawyers,bachelor_degree,25.7
271214,Intellectual Property Lawyers,advanced_diploma_diploma,1.1
271214,Intellectual Property Lawyers,certificate_iii_iv,0
271214,Intellectual Property Lawyers,year_12,0.7
271214,Intellectual Property Lawyers,year_11,0
271214,Intellectual Property Lawyers,year_10_and_below,0
271299,Judicial and Other Legal Professionals (not covered elsewhere),post_graduate_graduate_diploma_or_graduate_certificate,35
271299,Judicial and Other Legal Professionals (not covered elsewhere),bachelor_degree,47.9
271299,Judicial and Other Legal Professionals (not covered elsewhere),advanced_diploma_diploma,4.5
271299,Judicial and Other Legal Professionals (not covered elsewhere),certificate_iii_iv,3.4
271299,Judicial and Other Legal Professionals (not covered elsewhere),year_12,6
271299,Judicial and Other Legal Professionals (not covered elsewhere),year_11,0.5
271299,Judicial and Other Legal Professionals (not covered elsewhere),year_10_and_below,1.1
272111,Careers Counsellors,post_graduate_graduate_diploma_or_graduate_certificate,43.7
272111,Careers Counsellors,bachelor_degree,25.5
272111,Careers Counsellors,advanced_diploma_diploma,11.5
272111,Careers Counsellors,certificate_iii_iv,10.6
272111,Careers Counsellors,year_12,4.9
272111,Careers Counsellors,year_11,0.7
272111,Careers Counsellors,year_10_and_below,1.1
272112,Drug and Alcohol Counsellors,post_graduate_graduate_diploma_or_graduate_certificate,20.6
272112,Drug and Alcohol Counsellors,bachelor_degree,29.5
272112,Drug and Alcohol Counsellors,advanced_diploma_diploma,25.3
272112,Drug and Alcohol Counsellors,certificate_iii_iv,14.3
272112,Drug and Alcohol Counsellors,year_12,3.7
272112,Drug and Alcohol Counsellors,year_11,1.4
272112,Drug and Alcohol Counsellors,year_10_and_below,3
272113,Family and Marriage Counsellors,post_graduate_graduate_diploma_or_graduate_certificate,52.1
272113,Family and Marriage Counsellors,bachelor_degree,33.9
272113,Family and Marriage Counsellors,advanced_diploma_diploma,9.4
272113,Family and Marriage Counsellors,certificate_iii_iv,1.3
272113,Family and Marriage Counsellors,year_12,1.4
272113,Family and Marriage Counsellors,year_11,0.2
272113,Family and Marriage Counsellors,year_10_and_below,0
272114,Rehabilitation Counsellors,post_graduate_graduate_diploma_or_graduate_certificate,43
272114,Rehabilitation Counsellors,bachelor_degree,44.9
272114,Rehabilitation Counsellors,advanced_diploma_diploma,4.7
272114,Rehabilitation Counsellors,certificate_iii_iv,2.9
272114,Rehabilitation Counsellors,year_12,1.6
272114,Rehabilitation Counsellors,year_11,0.4
272114,Rehabilitation Counsellors,year_10_and_below,0.7
272115,Student Counsellors,post_graduate_graduate_diploma_or_graduate_certificate,42.1
272115,Student Counsellors,bachelor_degree,33.7
272115,Student Counsellors,advanced_diploma_diploma,9.8
272115,Student Counsellors,certificate_iii_iv,5
272115,Student Counsellors,year_12,6.9
272115,Student Counsellors,year_11,0.5
272115,Student Counsellors,year_10_and_below,0.8
272199,Other Counsellors and Life Coaches,post_graduate_graduate_diploma_or_graduate_certificate,29.2
272199,Other Counsellors and Life Coaches,bachelor_degree,35.8
272199,Other Counsellors and Life Coaches,advanced_diploma_diploma,13.9
272199,Other Counsellors and Life Coaches,certificate_iii_iv,8.6
272199,Other Counsellors and Life Coaches,year_12,7
272199,Other Counsellors and Life Coaches,year_11,0.9
272199,Other Counsellors and Life Coaches,year_10_and_below,1.8
272311,Clinical Psychologists,post_graduate_graduate_diploma_or_graduate_certificate,80.5
272311,Clinical Psychologists,bachelor_degree,17.8
272311,Clinical Psychologists,advanced_diploma_diploma,0.7
272311,Clinical Psychologists,certificate_iii_iv,0
272311,Clinical Psychologists,year_12,0.2
272311,Clinical Psychologists,year_11,0
272311,Clinical Psychologists,year_10_and_below,0
272312,Educational Psychologists,post_graduate_graduate_diploma_or_graduate_certificate,81.1
272312,Educational Psychologists,bachelor_degree,17.4
272312,Educational Psychologists,advanced_diploma_diploma,0.9
272312,Educational Psychologists,certificate_iii_iv,0.1
272312,Educational Psychologists,year_12,0.1
272312,Educational Psychologists,year_11,0
272312,Educational Psychologists,year_10_and_below,0
272313,Organisational Psychologists,post_graduate_graduate_diploma_or_graduate_certificate,79.2
272313,Organisational Psychologists,bachelor_degree,18.3
272313,Organisational Psychologists,advanced_diploma_diploma,1.8
272313,Organisational Psychologists,certificate_iii_iv,0
272313,Organisational Psychologists,year_12,0
272313,Organisational Psychologists,year_11,0
272313,Organisational Psychologists,year_10_and_below,0
272314,Psychotherapists,post_graduate_graduate_diploma_or_graduate_certificate,57
272314,Psychotherapists,bachelor_degree,29.7
272314,Psychotherapists,advanced_diploma_diploma,6.8
272314,Psychotherapists,certificate_iii_iv,1.4
272314,Psychotherapists,year_12,3.2
272314,Psychotherapists,year_11,0.1
272314,Psychotherapists,year_10_and_below,0.2
272399,Other Psychologists,post_graduate_graduate_diploma_or_graduate_certificate,69.9
272399,Other Psychologists,bachelor_degree,26.9
272399,Other Psychologists,advanced_diploma_diploma,1.1
272399,Other Psychologists,certificate_iii_iv,1
272399,Other Psychologists,year_12,0.8
272399,Other Psychologists,year_11,0
272399,Other Psychologists,year_10_and_below,0
272411,Historians,post_graduate_graduate_diploma_or_graduate_certificate,60
272411,Historians,bachelor_degree,19.9
272411,Historians,advanced_diploma_diploma,7.4
272411,Historians,certificate_iii_iv,2.7
272411,Historians,year_12,4.3
272411,Historians,year_11,1.6
272411,Historians,year_10_and_below,2.1
272412,Interpreters,post_graduate_graduate_diploma_or_graduate_certificate,24.7
272412,Interpreters,bachelor_degree,28.2
272412,Interpreters,advanced_diploma_diploma,25.4
272412,Interpreters,certificate_iii_iv,6.3
272412,Interpreters,year_12,6.4
272412,Interpreters,year_11,0.9
272412,Interpreters,year_10_and_below,2.3
272413,Translators,post_graduate_graduate_diploma_or_graduate_certificate,48.7
272413,Translators,bachelor_degree,33.6
272413,Translators,advanced_diploma_diploma,7.6
272413,Translators,certificate_iii_iv,2.3
272413,Translators,year_12,4.7
272413,Translators,year_11,0.2
272413,Translators,year_10_and_below,0.8
272414,Archaeologists,post_graduate_graduate_diploma_or_graduate_certificate,44.1
272414,Archaeologists,bachelor_degree,49.5
272414,Archaeologists,advanced_diploma_diploma,0.5
272414,Archaeologists,certificate_iii_iv,0.8
272414,Archaeologists,year_12,3.5
272414,Archaeologists,year_11,0
272414,Archaeologists,year_10_and_below,0.4
272499,Other Social Professionals,post_graduate_graduate_diploma_or_graduate_certificate,47.6
272499,Other Social Professionals,bachelor_degree,29.6
272499,Other Social Professionals,advanced_diploma_diploma,3.7
272499,Other Social Professionals,certificate_iii_iv,4.4
272499,Other Social Professionals,year_12,7.1
272499,Other Social Professionals,year_11,1.8
272499,Other Social Professionals,year_10_and_below,4
272611,Community Arts Workers,post_graduate_graduate_diploma_or_graduate_certificate,32
272611,Community Arts Workers,bachelor_degree,34.4
272611,Community Arts Workers,advanced_diploma_diploma,13.3
272611,Community Arts Workers,certificate_iii_iv,7.3
272611,Community Arts Workers,year_12,5.2
272611,Community Arts Workers,year_11,0.9
272611,Community Arts Workers,year_10_and_below,4.3
272612,Recreation Officers,post_graduate_graduate_diploma_or_graduate_certificate,9.7
272612,Recreation Officers,bachelor_degree,25.4
272612,Recreation Officers,advanced_diploma_diploma,15.7
272612,Recreation Officers,certificate_iii_iv,19.4
272612,Recreation Officers,year_12,15.4
272612,Recreation Officers,year_11,3.4
272612,Recreation Officers,year_10_and_below,6.1
272613,Welfare Workers,post_graduate_graduate_diploma_or_graduate_certificate,19.2
272613,Welfare Workers,bachelor_degree,39.2
272613,Welfare Workers,advanced_diploma_diploma,19.4
272613,Welfare Workers,certificate_iii_iv,11.6
272613,Welfare Workers,year_12,4.7
272613,Welfare Workers,year_11,1.1
272613,Welfare Workers,year_10_and_below,2.3
311211,Anaesthetic Technicians,post_graduate_graduate_diploma_or_graduate_certificate,17.8
311211,Anaesthetic Technicians,bachelor_degree,18.1
311211,Anaesthetic Technicians,advanced_diploma_diploma,45.3
311211,Anaesthetic Technicians,certificate_iii_iv,9.4
311211,Anaesthetic Technicians,year_12,1.2
311211,Anaesthetic Technicians,year_11,0
311211,Anaesthetic Technicians,year_10_and_below,0
311212,Cardiac Technicians,post_graduate_graduate_diploma_or_graduate_certificate,24.9
311212,Cardiac Technicians,bachelor_degree,54.8
311212,Cardiac Technicians,advanced_diploma_diploma,7.4
311212,Cardiac Technicians,certificate_iii_iv,2.2
311212,Cardiac Technicians,year_12,6.3
311212,Cardiac Technicians,year_11,0.7
311212,Cardiac Technicians,year_10_and_below,1
311213,Medical Laboratory Technicians,post_graduate_graduate_diploma_or_graduate_certificate,10.7
311213,Medical Laboratory Technicians,bachelor_degree,39.1
311213,Medical Laboratory Technicians,advanced_diploma_diploma,19.4
311213,Medical Laboratory Technicians,certificate_iii_iv,9
311213,Medical Laboratory Technicians,year_12,13.1
311213,Medical Laboratory Technicians,year_11,1.3
311213,Medical Laboratory Technicians,year_10_and_below,2.5
311214,Operating Theatre Technicians,post_graduate_graduate_diploma_or_graduate_certificate,4
311214,Operating Theatre Technicians,bachelor_degree,14.5
311214,Operating Theatre Technicians,advanced_diploma_diploma,12.3
311214,Operating Theatre Technicians,certificate_iii_iv,47.2
311214,Operating Theatre Technicians,year_12,8.2
311214,Operating Theatre Technicians,year_11,2.9
311214,Operating Theatre Technicians,year_10_and_below,4.4
311215,Pharmacy Technicians,post_graduate_graduate_diploma_or_graduate_certificate,5.7
311215,Pharmacy Technicians,bachelor_degree,16.5
311215,Pharmacy Technicians,advanced_diploma_diploma,8
311215,Pharmacy Technicians,certificate_iii_iv,33.5
311215,Pharmacy Technicians,year_12,18.3
311215,Pharmacy Technicians,year_11,3.5
311215,Pharmacy Technicians,year_10_and_below,6.7
311216,Pathology Collectors,post_graduate_graduate_diploma_or_graduate_certificate,5.2
311216,Pathology Collectors,bachelor_degree,19.4
311216,Pathology Collectors,advanced_diploma_diploma,16.3
311216,Pathology Collectors,certificate_iii_iv,38.1
311216,Pathology Collectors,year_12,8.9
311216,Pathology Collectors,year_11,1.7
311216,Pathology Collectors,year_10_and_below,4.2
311299,Other Medical Technicians,post_graduate_graduate_diploma_or_graduate_certificate,9.8
311299,Other Medical Technicians,bachelor_degree,28.6
311299,Other Medical Technicians,advanced_diploma_diploma,19.2
311299,Other Medical Technicians,certificate_iii_iv,16.5
311299,Other Medical Technicians,year_12,12.6
311299,Other Medical Technicians,year_11,2.5
311299,Other Medical Technicians,year_10_and_below,4.1
311311,Fisheries Officers,post_graduate_graduate_diploma_or_graduate_certificate,6.5
311311,Fisheries Officers,bachelor_degree,43.3
311311,Fisheries Officers,advanced_diploma_diploma,24.5
311311,Fisheries Officers,certificate_iii_iv,14.8
311311,Fisheries Officers,year_12,5.1
311311,Fisheries Officers,year_11,1.9
311311,Fisheries Officers,year_10_and_below,1.5
311312,Meat Inspectors,post_graduate_graduate_diploma_or_graduate_certificate,3.6
311312,Meat Inspectors,bachelor_degree,10.3
311312,Meat Inspectors,advanced_diploma_diploma,8.3
311312,Meat Inspectors,certificate_iii_iv,49.8
311312,Meat Inspectors,year_12,9.5
311312,Meat Inspectors,year_11,2.6
311312,Meat Inspectors,year_10_and_below,5.9
311313,Quarantine Officers,post_graduate_graduate_diploma_or_graduate_certificate,9.1
311313,Quarantine Officers,bachelor_degree,26.1
311313,Quarantine Officers,advanced_diploma_diploma,16.8
311313,Quarantine Officers,certificate_iii_iv,20.4
311313,Quarantine Officers,year_12,13.1
311313,Quarantine Officers,year_11,3.7
311313,Quarantine Officers,year_10_and_below,5.2
311399,Other Primary Products Inspectors,post_graduate_graduate_diploma_or_graduate_certificate,13.8
311399,Other Primary Products Inspectors,bachelor_degree,33.5
311399,Other Primary Products Inspectors,advanced_diploma_diploma,12.6
311399,Other Primary Products Inspectors,certificate_iii_iv,14.3
311399,Other Primary Products Inspectors,year_12,11.4
311399,Other Primary Products Inspectors,year_11,3.2
311399,Other Primary Products Inspectors,year_10_and_below,7.5
311411,Chemistry Technicians,post_graduate_graduate_diploma_or_graduate_certificate,14.8
311411,Chemistry Technicians,bachelor_degree,35.7
311411,Chemistry Technicians,advanced_diploma_diploma,11.4
311411,Chemistry Technicians,certificate_iii_iv,13.5
311411,Chemistry Technicians,year_12,12.8
311411,Chemistry Technicians,year_11,2.6
311411,Chemistry Technicians,year_10_and_below,5.1
311412,Earth Science Technicians,post_graduate_graduate_diploma_or_graduate_certificate,7.5
311412,Earth Science Technicians,bachelor_degree,20.5
311412,Earth Science Technicians,advanced_diploma_diploma,13.1
311412,Earth Science Technicians,certificate_iii_iv,24.1
311412,Earth Science Technicians,year_12,20.1
311412,Earth Science Technicians,year_11,4.4
311412,Earth Science Technicians,year_10_and_below,6.7
311413,Life Science Technicians,post_graduate_graduate_diploma_or_graduate_certificate,12.7
311413,Life Science Technicians,bachelor_degree,41
311413,Life Science Technicians,advanced_diploma_diploma,20.6
311413,Life Science Technicians,certificate_iii_iv,10.8
311413,Life Science Technicians,year_12,7.4
311413,Life Science Technicians,year_11,1.1
311413,Life Science Technicians,year_10_and_below,2.6
311414,School Laboratory Technicians,post_graduate_graduate_diploma_or_graduate_certificate,17.8
311414,School Laboratory Technicians,bachelor_degree,36.4
311414,School Laboratory Technicians,advanced_diploma_diploma,19
311414,School Laboratory Technicians,certificate_iii_iv,12.3
311414,School Laboratory Technicians,year_12,6.8
311414,School Laboratory Technicians,year_11,0.9
311414,School Laboratory Technicians,year_10_and_below,2.9
311415,Hydrographers,post_graduate_graduate_diploma_or_graduate_certificate,6.6
311415,Hydrographers,bachelor_degree,32.8
311415,Hydrographers,advanced_diploma_diploma,20.2
311415,Hydrographers,certificate_iii_iv,20.2
311415,Hydrographers,year_12,11.2
311415,Hydrographers,year_11,1.9
311415,Hydrographers,year_10_and_below,3.1
311499,Other Science Technicians,post_graduate_graduate_diploma_or_graduate_certificate,10.9
311499,Other Science Technicians,bachelor_degree,26.2
311499,Other Science Technicians,advanced_diploma_diploma,16.3
311499,Other Science Technicians,certificate_iii_iv,24.7
311499,Other Science Technicians,year_12,11.3
311499,Other Science Technicians,year_11,2.3
311499,Other Science Technicians,year_10_and_below,4.3
312111,Architectural Draftspersons,post_graduate_graduate_diploma_or_graduate_certificate,14.2
312111,Architectural Draftspersons,bachelor_degree,28.7
312111,Architectural Draftspersons,advanced_diploma_diploma,33.8
312111,Architectural Draftspersons,certificate_iii_iv,9.5
312111,Architectural Draftspersons,year_12,6.5
312111,Architectural Draftspersons,year_11,1
312111,Architectural Draftspersons,year_10_and_below,1.1
312112,Building Associates,post_graduate_graduate_diploma_or_graduate_certificate,2.6
312112,Building Associates,bachelor_degree,8.8
312112,Building Associates,advanced_diploma_diploma,13.7
312112,Building Associates,certificate_iii_iv,53.7
312112,Building Associates,year_12,8.2
312112,Building Associates,year_11,2.5
312112,Building Associates,year_10_and_below,7.3
312113,Building Inspectors,post_graduate_graduate_diploma_or_graduate_certificate,12.3
312113,Building Inspectors,bachelor_degree,23.5
312113,Building Inspectors,advanced_diploma_diploma,27.8
312113,Building Inspectors,certificate_iii_iv,23.3
312113,Building Inspectors,year_12,5.2
312113,Building Inspectors,year_11,0.9
312113,Building Inspectors,year_10_and_below,2.2
312114,Construction Estimators,post_graduate_graduate_diploma_or_graduate_certificate,9.6
312114,Construction Estimators,bachelor_degree,29.7
312114,Construction Estimators,advanced_diploma_diploma,14.5
312114,Construction Estimators,certificate_iii_iv,25.9
312114,Construction Estimators,year_12,11.9
312114,Construction Estimators,year_11,2
312114,Construction Estimators,year_10_and_below,3.3
312115,Plumbing Inspectors,post_graduate_graduate_diploma_or_graduate_certificate,2.3
312115,Plumbing Inspectors,bachelor_degree,2.6
312115,Plumbing Inspectors,advanced_diploma_diploma,10.3
312115,Plumbing Inspectors,certificate_iii_iv,77.1
312115,Plumbing Inspectors,year_12,1.1
312115,Plumbing Inspectors,year_11,0
312115,Plumbing Inspectors,year_10_and_below,1.1
312116,Surveying and Spatial Science Technicians,post_graduate_graduate_diploma_or_graduate_certificate,7.9
312116,Surveying and Spatial Science Technicians,bachelor_degree,21.9
312116,Surveying and Spatial Science Technicians,advanced_diploma_diploma,27.8
312116,Surveying and Spatial Science Technicians,certificate_iii_iv,18.4
312116,Surveying and Spatial Science Technicians,year_12,15.3
312116,Surveying and Spatial Science Technicians,year_11,2.1
312116,Surveying and Spatial Science Technicians,year_10_and_below,2.4
312199,"Other Architectural, Building and Surveying Technicians",post_graduate_graduate_diploma_or_graduate_certificate,13.9
312199,"Other Architectural, Building and Surveying Technicians",bachelor_degree,25.3
312199,"Other Architectural, Building and Surveying Technicians",advanced_diploma_diploma,20.5
312199,"Other Architectural, Building and Surveying Technicians",certificate_iii_iv,19.2
312199,"Other Architectural, Building and Surveying Technicians",year_12,10.9
312199,"Other Architectural, Building and Surveying Technicians",year_11,2.1
312199,"Other Architectural, Building and Surveying Technicians",year_10_and_below,4
312211,Civil Engineering Draftspersons,post_graduate_graduate_diploma_or_graduate_certificate,5.7
312211,Civil Engineering Draftspersons,bachelor_degree,21.1
312211,Civil Engineering Draftspersons,advanced_diploma_diploma,41.6
312211,Civil Engineering Draftspersons,certificate_iii_iv,13.7
312211,Civil Engineering Draftspersons,year_12,11.7
312211,Civil Engineering Draftspersons,year_11,1.4
312211,Civil Engineering Draftspersons,year_10_and_below,1.2
312212,Civil Engineering Technicians,post_graduate_graduate_diploma_or_graduate_certificate,6
312212,Civil Engineering Technicians,bachelor_degree,16.1
312212,Civil Engineering Technicians,advanced_diploma_diploma,21.3
312212,Civil Engineering Technicians,certificate_iii_iv,28.3
312212,Civil Engineering Technicians,year_12,14.8
312212,Civil Engineering Technicians,year_11,2.9
312212,Civil Engineering Technicians,year_10_and_below,5.4
312311,Electrical Engineering Draftspersons,post_graduate_graduate_diploma_or_graduate_certificate,5.6
312311,Electrical Engineering Draftspersons,bachelor_degree,19.5
312311,Electrical Engineering Draftspersons,advanced_diploma_diploma,32.4
312311,Electrical Engineering Draftspersons,certificate_iii_iv,28.6
312311,Electrical Engineering Draftspersons,year_12,7.9
312311,Electrical Engineering Draftspersons,year_11,1.3
312311,Electrical Engineering Draftspersons,year_10_and_below,1.3
312312,Electrical Engineering Technicians,post_graduate_graduate_diploma_or_graduate_certificate,3.5
312312,Electrical Engineering Technicians,bachelor_degree,9.9
312312,Electrical Engineering Technicians,advanced_diploma_diploma,19.7
312312,Electrical Engineering Technicians,certificate_iii_iv,54.5
312312,Electrical Engineering Technicians,year_12,6.6
312312,Electrical Engineering Technicians,year_11,1.2
312312,Electrical Engineering Technicians,year_10_and_below,2.3
312411,Electronic Engineering Draftspersons,post_graduate_graduate_diploma_or_graduate_certificate,12.1
312411,Electronic Engineering Draftspersons,bachelor_degree,25.7
312411,Electronic Engineering Draftspersons,advanced_diploma_diploma,16.4
312411,Electronic Engineering Draftspersons,certificate_iii_iv,19.3
312411,Electronic Engineering Draftspersons,year_12,16.4
312411,Electronic Engineering Draftspersons,year_11,0
312411,Electronic Engineering Draftspersons,year_10_and_below,6.4
312412,Electronic Engineering Technicians,post_graduate_graduate_diploma_or_graduate_certificate,5.4
312412,Electronic Engineering Technicians,bachelor_degree,15.7
312412,Electronic Engineering Technicians,advanced_diploma_diploma,26.4
312412,Electronic Engineering Technicians,certificate_iii_iv,35.9
312412,Electronic Engineering Technicians,year_12,9.5
312412,Electronic Engineering Technicians,year_11,1.5
312412,Electronic Engineering Technicians,year_10_and_below,2.2
312511,Mechanical Engineering Draftspersons,post_graduate_graduate_diploma_or_graduate_certificate,5.7
312511,Mechanical Engineering Draftspersons,bachelor_degree,18.9
312511,Mechanical Engineering Draftspersons,advanced_diploma_diploma,35.5
312511,Mechanical Engineering Draftspersons,certificate_iii_iv,25.1
312511,Mechanical Engineering Draftspersons,year_12,8.6
312511,Mechanical Engineering Draftspersons,year_11,1.1
312511,Mechanical Engineering Draftspersons,year_10_and_below,1.2
312512,Mechanical Engineering Technicians,post_graduate_graduate_diploma_or_graduate_certificate,5.2
312512,Mechanical Engineering Technicians,bachelor_degree,13.1
312512,Mechanical Engineering Technicians,advanced_diploma_diploma,15.2
312512,Mechanical Engineering Technicians,certificate_iii_iv,51.5
312512,Mechanical Engineering Technicians,year_12,6.8
312512,Mechanical Engineering Technicians,year_11,2.3
312512,Mechanical Engineering Technicians,year_10_and_below,4
312911,Maintenance Planners,post_graduate_graduate_diploma_or_graduate_certificate,5.8
312911,Maintenance Planners,bachelor_degree,11.4
312911,Maintenance Planners,advanced_diploma_diploma,15.8
312911,Maintenance Planners,certificate_iii_iv,54.1
312911,Maintenance Planners,year_12,6.4
312911,Maintenance Planners,year_11,1.5
312911,Maintenance Planners,year_10_and_below,2.8
312912,Metallurgical and Materials Technicians,post_graduate_graduate_diploma_or_graduate_certificate,5.7
312912,Metallurgical and Materials Technicians,bachelor_degree,16.5
312912,Metallurgical and Materials Technicians,advanced_diploma_diploma,14.7
312912,Metallurgical and Materials Technicians,certificate_iii_iv,27
312912,Metallurgical and Materials Technicians,year_12,18.6
312912,Metallurgical and Materials Technicians,year_11,3.4
312912,Metallurgical and Materials Technicians,year_10_and_below,6.2
312913,Mine Deputies,post_graduate_graduate_diploma_or_graduate_certificate,1.8
312913,Mine Deputies,bachelor_degree,5.6
312913,Mine Deputies,advanced_diploma_diploma,12
312913,Mine Deputies,certificate_iii_iv,48.7
312913,Mine Deputies,year_12,10.5
312913,Mine Deputies,year_11,4.1
312913,Mine Deputies,year_10_and_below,12.7
312999,Building and Engineering Technicians (not covered elsewhere),post_graduate_graduate_diploma_or_graduate_certificate,7.5
312999,Building and Engineering Technicians (not covered elsewhere),bachelor_degree,16
312999,Building and Engineering Technicians (not covered elsewhere),advanced_diploma_diploma,20.6
312999,Building and Engineering Technicians (not covered elsewhere),certificate_iii_iv,41.5
312999,Building and Engineering Technicians (not covered elsewhere),year_12,6.6
312999,Building and Engineering Technicians (not covered elsewhere),year_11,1.5
312999,Building and Engineering Technicians (not covered elsewhere),year_10_and_below,3.2
313111,Hardware Technicians,post_graduate_graduate_diploma_or_graduate_certificate,8.7
313111,Hardware Technicians,bachelor_degree,25
313111,Hardware Technicians,advanced_diploma_diploma,16
313111,Hardware Technicians,certificate_iii_iv,17.1
313111,Hardware Technicians,year_12,19.4
313111,Hardware Technicians,year_11,3.9
313111,Hardware Technicians,year_10_and_below,3.2
313112,ICT Customer Support Officers,post_graduate_graduate_diploma_or_graduate_certificate,13.8
313112,ICT Customer Support Officers,bachelor_degree,31.6
313112,ICT Customer Support Officers,advanced_diploma_diploma,16.6
313112,ICT Customer Support Officers,certificate_iii_iv,13.6
313112,ICT Customer Support Officers,year_12,15.9
313112,ICT Customer Support Officers,year_11,1.8
313112,ICT Customer Support Officers,year_10_and_below,2.4
313113,Web Administrators,post_graduate_graduate_diploma_or_graduate_certificate,16.8
313113,Web Administrators,bachelor_degree,43.7
313113,Web Administrators,advanced_diploma_diploma,12.3
313113,Web Administrators,certificate_iii_iv,7.2
313113,Web Administrators,year_12,12.9
313113,Web Administrators,year_11,2
313113,Web Administrators,year_10_and_below,2.6
313199,Other ICT Support Technicians,post_graduate_graduate_diploma_or_graduate_certificate,9.5
313199,Other ICT Support Technicians,bachelor_degree,23.9
313199,Other ICT Support Technicians,advanced_diploma_diploma,14.9
313199,Other ICT Support Technicians,certificate_iii_iv,17.5
313199,Other ICT Support Technicians,year_12,22.4
313199,Other ICT Support Technicians,year_11,3.1
313199,Other ICT Support Technicians,year_10_and_below,5.1
313211,Radiocommunications Technicians,post_graduate_graduate_diploma_or_graduate_certificate,4.2
313211,Radiocommunications Technicians,bachelor_degree,10.2
313211,Radiocommunications Technicians,advanced_diploma_diploma,22.1
313211,Radiocommunications Technicians,certificate_iii_iv,44.8
313211,Radiocommunications Technicians,year_12,10.2
313211,Radiocommunications Technicians,year_11,1.8
313211,Radiocommunications Technicians,year_10_and_below,3.5
313212,Telecommunications Field Engineers,post_graduate_graduate_diploma_or_graduate_certificate,9.4
313212,Telecommunications Field Engineers,bachelor_degree,16
313212,Telecommunications Field Engineers,advanced_diploma_diploma,17.3
313212,Telecommunications Field Engineers,certificate_iii_iv,37.2
313212,Telecommunications Field Engineers,year_12,8.1
313212,Telecommunications Field Engineers,year_11,1.9
313212,Telecommunications Field Engineers,year_10_and_below,4.9
313213,Telecommunications Network Planners,post_graduate_graduate_diploma_or_graduate_certificate,20.9
313213,Telecommunications Network Planners,bachelor_degree,37.7
313213,Telecommunications Network Planners,advanced_diploma_diploma,17.9
313213,Telecommunications Network Planners,certificate_iii_iv,14.6
313213,Telecommunications Network Planners,year_12,4.6
313213,Telecommunications Network Planners,year_11,0.6
313213,Telecommunications Network Planners,year_10_and_below,1.1
313214,Telecommunications Technical Officers and Technologists,post_graduate_graduate_diploma_or_graduate_certificate,6.7
313214,Telecommunications Technical Officers and Technologists,bachelor_degree,18.2
313214,Telecommunications Technical Officers and Technologists,advanced_diploma_diploma,33.6
313214,Telecommunications Technical Officers and Technologists,certificate_iii_iv,24.4
313214,Telecommunications Technical Officers and Technologists,year_12,8
313214,Telecommunications Technical Officers and Technologists,year_11,1.4
313214,Telecommunications Technical Officers and Technologists,year_10_and_below,2.6
321211,Motor Mechanics (General),post_graduate_graduate_diploma_or_graduate_certificate,0.7
321211,Motor Mechanics (General),bachelor_degree,2.6
321211,Motor Mechanics (General),advanced_diploma_diploma,6.1
321211,Motor Mechanics (General),certificate_iii_iv,68.5
321211,Motor Mechanics (General),year_12,9.4
321211,Motor Mechanics (General),year_11,3.2
321211,Motor Mechanics (General),year_10_and_below,6.9
321212,Diesel Motor Mechanics,post_graduate_graduate_diploma_or_graduate_certificate,0.2
321212,Diesel Motor Mechanics,bachelor_degree,1.2
321212,Diesel Motor Mechanics,advanced_diploma_diploma,2.9
321212,Diesel Motor Mechanics,certificate_iii_iv,72
321212,Diesel Motor Mechanics,year_12,8.9
321212,Diesel Motor Mechanics,year_11,4.9
321212,Diesel Motor Mechanics,year_10_and_below,8
321213,Motorcycle Mechanics,post_graduate_graduate_diploma_or_graduate_certificate,0.8
321213,Motorcycle Mechanics,bachelor_degree,2.1
321213,Motorcycle Mechanics,advanced_diploma_diploma,2.9
321213,Motorcycle Mechanics,certificate_iii_iv,68.3
321213,Motorcycle Mechanics,year_12,9.3
321213,Motorcycle Mechanics,year_11,4.7
321213,Motorcycle Mechanics,year_10_and_below,9.4
321214,Small Engine Mechanics,post_graduate_graduate_diploma_or_graduate_certificate,0.2
321214,Small Engine Mechanics,bachelor_degree,1.5
321214,Small Engine Mechanics,advanced_diploma_diploma,2.5
321214,Small Engine Mechanics,certificate_iii_iv,60.2
321214,Small Engine Mechanics,year_12,10.4
321214,Small Engine Mechanics,year_11,4.4
321214,Small Engine Mechanics,year_10_and_below,16.9
322111,Blacksmiths,post_graduate_graduate_diploma_or_graduate_certificate,1.2
322111,Blacksmiths,bachelor_degree,7.4
322111,Blacksmiths,advanced_diploma_diploma,4.5
322111,Blacksmiths,certificate_iii_iv,44
322111,Blacksmiths,year_12,15.6
322111,Blacksmiths,year_11,4.9
322111,Blacksmiths,year_10_and_below,18.1
322112,Electroplaters,post_graduate_graduate_diploma_or_graduate_certificate,1.3
322112,Electroplaters,bachelor_degree,5.8
322112,Electroplaters,advanced_diploma_diploma,4.3
322112,Electroplaters,certificate_iii_iv,29.1
322112,Electroplaters,year_12,22.4
322112,Electroplaters,year_11,7.1
322112,Electroplaters,year_10_and_below,24.4
322113,Farriers,post_graduate_graduate_diploma_or_graduate_certificate,0.3
322113,Farriers,bachelor_degree,3.3
322113,Farriers,advanced_diploma_diploma,5
322113,Farriers,certificate_iii_iv,61
322113,Farriers,year_12,8.2
322113,Farriers,year_11,3.1
322113,Farriers,year_10_and_below,15
322114,Metal Casting Trades Workers,post_graduate_graduate_diploma_or_graduate_certificate,0
322114,Metal Casting Trades Workers,bachelor_degree,4.1
322114,Metal Casting Trades Workers,advanced_diploma_diploma,3.6
322114,Metal Casting Trades Workers,certificate_iii_iv,56.8
322114,Metal Casting Trades Workers,year_12,8.9
322114,Metal Casting Trades Workers,year_11,6.5
322114,Metal Casting Trades Workers,year_10_and_below,16
322115,Metal Polishers,post_graduate_graduate_diploma_or_graduate_certificate,0
322115,Metal Polishers,bachelor_degree,5.5
322115,Metal Polishers,advanced_diploma_diploma,4.3
322115,Metal Polishers,certificate_iii_iv,18
322115,Metal Polishers,year_12,20.9
322115,Metal Polishers,year_11,8.7
322115,Metal Polishers,year_10_and_below,36.2
322311,Metal Fabricators,post_graduate_graduate_diploma_or_graduate_certificate,0.3
322311,Metal Fabricators,bachelor_degree,1.8
322311,Metal Fabricators,advanced_diploma_diploma,2.8
322311,Metal Fabricators,certificate_iii_iv,72.7
322311,Metal Fabricators,year_12,8.9
322311,Metal Fabricators,year_11,3.5
322311,Metal Fabricators,year_10_and_below,8
322312,Pressure Welders,post_graduate_graduate_diploma_or_graduate_certificate,2.5
322312,Pressure Welders,bachelor_degree,5
322312,Pressure Welders,advanced_diploma_diploma,4.2
322312,Pressure Welders,certificate_iii_iv,73.9
322312,Pressure Welders,year_12,3.4
322312,Pressure Welders,year_11,0
322312,Pressure Welders,year_10_and_below,0
322313,Welders (First Class),post_graduate_graduate_diploma_or_graduate_certificate,0.6
322313,Welders (First Class),bachelor_degree,2.8
322313,Welders (First Class),advanced_diploma_diploma,4.4
322313,Welders (First Class),certificate_iii_iv,51.9
322313,Welders (First Class),year_12,13.2
322313,Welders (First Class),year_11,4.7
322313,Welders (First Class),year_10_and_below,16.9
323111,Aircraft Maintenance Engineers (Avionics),post_graduate_graduate_diploma_or_graduate_certificate,1.9
323111,Aircraft Maintenance Engineers (Avionics),bachelor_degree,7.5
323111,Aircraft Maintenance Engineers (Avionics),advanced_diploma_diploma,16.8
323111,Aircraft Maintenance Engineers (Avionics),certificate_iii_iv,62.1
323111,Aircraft Maintenance Engineers (Avionics),year_12,9.2
323111,Aircraft Maintenance Engineers (Avionics),year_11,0.6
323111,Aircraft Maintenance Engineers (Avionics),year_10_and_below,0.4
323112,Aircraft Maintenance Engineers (Mechanical),post_graduate_graduate_diploma_or_graduate_certificate,1.9
323112,Aircraft Maintenance Engineers (Mechanical),bachelor_degree,5
323112,Aircraft Maintenance Engineers (Mechanical),advanced_diploma_diploma,12.1
323112,Aircraft Maintenance Engineers (Mechanical),certificate_iii_iv,63.9
323112,Aircraft Maintenance Engineers (Mechanical),year_12,13.5
323112,Aircraft Maintenance Engineers (Mechanical),year_11,1.4
323112,Aircraft Maintenance Engineers (Mechanical),year_10_and_below,0.6
323113,Aircraft Maintenance Engineers (Structures),post_graduate_graduate_diploma_or_graduate_certificate,2.8
323113,Aircraft Maintenance Engineers (Structures),bachelor_degree,15
323113,Aircraft Maintenance Engineers (Structures),advanced_diploma_diploma,9.1
323113,Aircraft Maintenance Engineers (Structures),certificate_iii_iv,64.2
323113,Aircraft Maintenance Engineers (Structures),year_12,4.7
323113,Aircraft Maintenance Engineers (Structures),year_11,2
323113,Aircraft Maintenance Engineers (Structures),year_10_and_below,2
323211,Fitters (General),post_graduate_graduate_diploma_or_graduate_certificate,0.5
323211,Fitters (General),bachelor_degree,2.1
323211,Fitters (General),advanced_diploma_diploma,5.2
323211,Fitters (General),certificate_iii_iv,76.4
323211,Fitters (General),year_12,7
323211,Fitters (General),year_11,2.2
323211,Fitters (General),year_10_and_below,4.7
323212,Fitter and Turners,post_graduate_graduate_diploma_or_graduate_certificate,0.2
323212,Fitter and Turners,bachelor_degree,0.9
323212,Fitter and Turners,advanced_diploma_diploma,4.2
323212,Fitter and Turners,certificate_iii_iv,76.4
323212,Fitter and Turners,year_12,10.4
323212,Fitter and Turners,year_11,2.5
323212,Fitter and Turners,year_10_and_below,3.9
323213,Fitter-Welders,post_graduate_graduate_diploma_or_graduate_certificate,0
323213,Fitter-Welders,bachelor_degree,1.5
323213,Fitter-Welders,advanced_diploma_diploma,2.8
323213,Fitter-Welders,certificate_iii_iv,77.3
323213,Fitter-Welders,year_12,6.1
323213,Fitter-Welders,year_11,2.8
323213,Fitter-Welders,year_10_and_below,7
323214,Metal Machinists (First Class),post_graduate_graduate_diploma_or_graduate_certificate,1.6
323214,Metal Machinists (First Class),bachelor_degree,6
323214,Metal Machinists (First Class),advanced_diploma_diploma,10.3
323214,Metal Machinists (First Class),certificate_iii_iv,59.5
323214,Metal Machinists (First Class),year_12,8.7
323214,Metal Machinists (First Class),year_11,3.2
323214,Metal Machinists (First Class),year_10_and_below,7.7
323215,"Textile, Clothing and Footwear Mechanics",post_graduate_graduate_diploma_or_graduate_certificate,1.2
323215,"Textile, Clothing and Footwear Mechanics",bachelor_degree,4.4
323215,"Textile, Clothing and Footwear Mechanics",advanced_diploma_diploma,10
323215,"Textile, Clothing and Footwear Mechanics",certificate_iii_iv,51
323215,"Textile, Clothing and Footwear Mechanics",year_12,12.4
323215,"Textile, Clothing and Footwear Mechanics",year_11,3.2
323215,"Textile, Clothing and Footwear Mechanics",year_10_and_below,12.7
323299,Other Metal Fitters and Machinists,post_graduate_graduate_diploma_or_graduate_certificate,0.6
323299,Other Metal Fitters and Machinists,bachelor_degree,3.1
323299,Other Metal Fitters and Machinists,advanced_diploma_diploma,4.2
323299,Other Metal Fitters and Machinists,certificate_iii_iv,68.9
323299,Other Metal Fitters and Machinists,year_12,8.6
323299,Other Metal Fitters and Machinists,year_11,4.3
323299,Other Metal Fitters and Machinists,year_10_and_below,7.8
323311,Engravers,post_graduate_graduate_diploma_or_graduate_certificate,2.8
323311,Engravers,bachelor_degree,9.6
323311,Engravers,advanced_diploma_diploma,10.9
323311,Engravers,certificate_iii_iv,25.4
323311,Engravers,year_12,22.8
323311,Engravers,year_11,7
323311,Engravers,year_10_and_below,16
323312,Gunsmiths,post_graduate_graduate_diploma_or_graduate_certificate,0
323312,Gunsmiths,bachelor_degree,6.9
323312,Gunsmiths,advanced_diploma_diploma,11
323312,Gunsmiths,certificate_iii_iv,64.2
323312,Gunsmiths,year_12,6.9
323312,Gunsmiths,year_11,3.5
323312,Gunsmiths,year_10_and_below,4.6
323313,Locksmiths,post_graduate_graduate_diploma_or_graduate_certificate,1
323313,Locksmiths,bachelor_degree,2.8
323313,Locksmiths,advanced_diploma_diploma,3.3
323313,Locksmiths,certificate_iii_iv,68.3
323313,Locksmiths,year_12,11.6
323313,Locksmiths,year_11,4
323313,Locksmiths,year_10_and_below,6.1
323314,Precision Instrument Makers and Repairers,post_graduate_graduate_diploma_or_graduate_certificate,6
323314,Precision Instrument Makers and Repairers,bachelor_degree,16.7
323314,Precision Instrument Makers and Repairers,advanced_diploma_diploma,15.9
323314,Precision Instrument Makers and Repairers,certificate_iii_iv,39.3
323314,Precision Instrument Makers and Repairers,year_12,11
323314,Precision Instrument Makers and Repairers,year_11,2.4
323314,Precision Instrument Makers and Repairers,year_10_and_below,5.9
323315,Saw Doctors,post_graduate_graduate_diploma_or_graduate_certificate,1
323315,Saw Doctors,bachelor_degree,0
323315,Saw Doctors,advanced_diploma_diploma,1.4
323315,Saw Doctors,certificate_iii_iv,62.1
323315,Saw Doctors,year_12,7.9
323315,Saw Doctors,year_11,4.5
323315,Saw Doctors,year_10_and_below,19.3
323316,Watch and Clock Makers and Repairers,post_graduate_graduate_diploma_or_graduate_certificate,2.3
323316,Watch and Clock Makers and Repairers,bachelor_degree,7.7
323316,Watch and Clock Makers and Repairers,advanced_diploma_diploma,4.8
323316,Watch and Clock Makers and Repairers,certificate_iii_iv,56.8
323316,Watch and Clock Makers and Repairers,year_12,12.3
323316,Watch and Clock Makers and Repairers,year_11,1.9
323316,Watch and Clock Makers and Repairers,year_10_and_below,7.3
323411,Engineering Patternmakers,post_graduate_graduate_diploma_or_graduate_certificate,0
323411,Engineering Patternmakers,bachelor_degree,4.6
323411,Engineering Patternmakers,advanced_diploma_diploma,9.8
323411,Engineering Patternmakers,certificate_iii_iv,71.3
323411,Engineering Patternmakers,year_12,6.9
323411,Engineering Patternmakers,year_11,0
323411,Engineering Patternmakers,year_10_and_below,8
323412,Toolmakers,post_graduate_graduate_diploma_or_graduate_certificate,1
323412,Toolmakers,bachelor_degree,3.5
323412,Toolmakers,advanced_diploma_diploma,17.7
323412,Toolmakers,certificate_iii_iv,58.3
323412,Toolmakers,year_12,6.6
323412,Toolmakers,year_11,2.2
323412,Toolmakers,year_10_and_below,6.6
324211,Vehicle Body Builders,post_graduate_graduate_diploma_or_graduate_certificate,0.7
324211,Vehicle Body Builders,bachelor_degree,2.4
324211,Vehicle Body Builders,advanced_diploma_diploma,4
324211,Vehicle Body Builders,certificate_iii_iv,49.5
324211,Vehicle Body Builders,year_12,14.7
324211,Vehicle Body Builders,year_11,5.6
324211,Vehicle Body Builders,year_10_and_below,19
324212,Vehicle Trimmers,post_graduate_graduate_diploma_or_graduate_certificate,0.2
324212,Vehicle Trimmers,bachelor_degree,1.5
324212,Vehicle Trimmers,advanced_diploma_diploma,3.6
324212,Vehicle Trimmers,certificate_iii_iv,66.3
324212,Vehicle Trimmers,year_12,8.6
324212,Vehicle Trimmers,year_11,4.4
324212,Vehicle Trimmers,year_10_and_below,13.1
331111,Bricklayers,post_graduate_graduate_diploma_or_graduate_certificate,0.3
331111,Bricklayers,bachelor_degree,1.3
331111,Bricklayers,advanced_diploma_diploma,2.6
331111,Bricklayers,certificate_iii_iv,63.2
331111,Bricklayers,year_12,9.1
331111,Bricklayers,year_11,4.4
331111,Bricklayers,year_10_and_below,15.4
331112,Stonemasons,post_graduate_graduate_diploma_or_graduate_certificate,0.7
331112,Stonemasons,bachelor_degree,4.3
331112,Stonemasons,advanced_diploma_diploma,4.7
331112,Stonemasons,certificate_iii_iv,40.4
331112,Stonemasons,year_12,21.8
331112,Stonemasons,year_11,6.4
331112,Stonemasons,year_10_and_below,17.2
331212,Carpenters,post_graduate_graduate_diploma_or_graduate_certificate,0.5
331212,Carpenters,bachelor_degree,2.8
331212,Carpenters,advanced_diploma_diploma,3.6
331212,Carpenters,certificate_iii_iv,67.2
331212,Carpenters,year_12,12.7
331212,Carpenters,year_11,4
331212,Carpenters,year_10_and_below,7.3
331213,Joiners,post_graduate_graduate_diploma_or_graduate_certificate,1.1
331213,Joiners,bachelor_degree,4.8
331213,Joiners,advanced_diploma_diploma,4.3
331213,Joiners,certificate_iii_iv,62.6
331213,Joiners,year_12,12.8
331213,Joiners,year_11,4
331213,Joiners,year_10_and_below,8.4
333211,Fibrous Plasterers,post_graduate_graduate_diploma_or_graduate_certificate,0.7
333211,Fibrous Plasterers,bachelor_degree,2.5
333211,Fibrous Plasterers,advanced_diploma_diploma,3.9
333211,Fibrous Plasterers,certificate_iii_iv,47.8
333211,Fibrous Plasterers,year_12,17.1
333211,Fibrous Plasterers,year_11,5.7
333211,Fibrous Plasterers,year_10_and_below,18.5
333212,Solid Plasterers,post_graduate_graduate_diploma_or_graduate_certificate,0.4
333212,Solid Plasterers,bachelor_degree,3
333212,Solid Plasterers,advanced_diploma_diploma,3.7
333212,Solid Plasterers,certificate_iii_iv,42
333212,Solid Plasterers,year_12,16.5
333212,Solid Plasterers,year_11,5.3
333212,Solid Plasterers,year_10_and_below,20.6
334111,Plumbers (General),post_graduate_graduate_diploma_or_graduate_certificate,0.2
334111,Plumbers (General),bachelor_degree,1.1
334111,Plumbers (General),advanced_diploma_diploma,2.5
334111,Plumbers (General),certificate_iii_iv,73.9
334111,Plumbers (General),year_12,10.5
334111,Plumbers (General),year_11,4.1
334111,Plumbers (General),year_10_and_below,6.3
334112,Airconditioning and Mechanical Services Plumbers,post_graduate_graduate_diploma_or_graduate_certificate,0.2
334112,Airconditioning and Mechanical Services Plumbers,bachelor_degree,1.2
334112,Airconditioning and Mechanical Services Plumbers,advanced_diploma_diploma,3
334112,Airconditioning and Mechanical Services Plumbers,certificate_iii_iv,73
334112,Airconditioning and Mechanical Services Plumbers,year_12,12.8
334112,Airconditioning and Mechanical Services Plumbers,year_11,4.2
334112,Airconditioning and Mechanical Services Plumbers,year_10_and_below,4.5
334113,Drainers,post_graduate_graduate_diploma_or_graduate_certificate,0.2
334113,Drainers,bachelor_degree,1.2
334113,Drainers,advanced_diploma_diploma,2.4
334113,Drainers,certificate_iii_iv,69.9
334113,Drainers,year_12,11.2
334113,Drainers,year_11,4.8
334113,Drainers,year_10_and_below,8.5
334114,Gasfitters,post_graduate_graduate_diploma_or_graduate_certificate,0.4
334114,Gasfitters,bachelor_degree,2.1
334114,Gasfitters,advanced_diploma_diploma,3.5
334114,Gasfitters,certificate_iii_iv,80.7
334114,Gasfitters,year_12,5.9
334114,Gasfitters,year_11,2.3
334114,Gasfitters,year_10_and_below,4.1
334115,Roof Plumbers,post_graduate_graduate_diploma_or_graduate_certificate,0.2
334115,Roof Plumbers,bachelor_degree,1.1
334115,Roof Plumbers,advanced_diploma_diploma,2
334115,Roof Plumbers,certificate_iii_iv,61.8
334115,Roof Plumbers,year_12,13
334115,Roof Plumbers,year_11,6.1
334115,Roof Plumbers,year_10_and_below,14.2
341111,Electricians (General),post_graduate_graduate_diploma_or_graduate_certificate,0.6
341111,Electricians (General),bachelor_degree,2.7
341111,Electricians (General),advanced_diploma_diploma,5.4
341111,Electricians (General),certificate_iii_iv,73
341111,Electricians (General),year_12,12.3
341111,Electricians (General),year_11,2.3
341111,Electricians (General),year_10_and_below,2.6
341112,Electricians (Special Class),post_graduate_graduate_diploma_or_graduate_certificate,0
341112,Electricians (Special Class),bachelor_degree,0
341112,Electricians (Special Class),advanced_diploma_diploma,17.5
341112,Electricians (Special Class),certificate_iii_iv,66.7
341112,Electricians (Special Class),year_12,8.8
341112,Electricians (Special Class),year_11,0
341112,Electricians (Special Class),year_10_and_below,0
341113,Lift Mechanics,post_graduate_graduate_diploma_or_graduate_certificate,0.7
341113,Lift Mechanics,bachelor_degree,3.8
341113,Lift Mechanics,advanced_diploma_diploma,6.5
341113,Lift Mechanics,certificate_iii_iv,73.7
341113,Lift Mechanics,year_12,8.5
341113,Lift Mechanics,year_11,1.7
341113,Lift Mechanics,year_10_and_below,3.1
342211,Electrical Linesworkers,post_graduate_graduate_diploma_or_graduate_certificate,0.2
342211,Electrical Linesworkers,bachelor_degree,2.1
342211,Electrical Linesworkers,advanced_diploma_diploma,4.1
342211,Electrical Linesworkers,certificate_iii_iv,82
342211,Electrical Linesworkers,year_12,6.1
342211,Electrical Linesworkers,year_11,1.3
342211,Electrical Linesworkers,year_10_and_below,2.9
342212,Technical Cable Jointers,post_graduate_graduate_diploma_or_graduate_certificate,0.5
342212,Technical Cable Jointers,bachelor_degree,2.4
342212,Technical Cable Jointers,advanced_diploma_diploma,4.2
342212,Technical Cable Jointers,certificate_iii_iv,74.6
342212,Technical Cable Jointers,year_12,11.4
342212,Technical Cable Jointers,year_11,2.6
342212,Technical Cable Jointers,year_10_and_below,2.8
342311,Business Machine Mechanics,post_graduate_graduate_diploma_or_graduate_certificate,2.6
342311,Business Machine Mechanics,bachelor_degree,10.4
342311,Business Machine Mechanics,advanced_diploma_diploma,16.7
342311,Business Machine Mechanics,certificate_iii_iv,37.9
342311,Business Machine Mechanics,year_12,17.2
342311,Business Machine Mechanics,year_11,4.1
342311,Business Machine Mechanics,year_10_and_below,5.9
342312,Communications Operators,post_graduate_graduate_diploma_or_graduate_certificate,3.3
342312,Communications Operators,bachelor_degree,9.2
342312,Communications Operators,advanced_diploma_diploma,11.8
342312,Communications Operators,certificate_iii_iv,24.8
342312,Communications Operators,year_12,40.2
342312,Communications Operators,year_11,3.2
342312,Communications Operators,year_10_and_below,4.8
342313,Electronic Equipment Trades Workers,post_graduate_graduate_diploma_or_graduate_certificate,3.5
342313,Electronic Equipment Trades Workers,bachelor_degree,13.7
342313,Electronic Equipment Trades Workers,advanced_diploma_diploma,14.6
342313,Electronic Equipment Trades Workers,certificate_iii_iv,35.2
342313,Electronic Equipment Trades Workers,year_12,17.9
342313,Electronic Equipment Trades Workers,year_11,3.4
342313,Electronic Equipment Trades Workers,year_10_and_below,5.8
342314,Electronic Instrument Trades Workers (General),post_graduate_graduate_diploma_or_graduate_certificate,3.2
342314,Electronic Instrument Trades Workers (General),bachelor_degree,8.1
342314,Electronic Instrument Trades Workers (General),advanced_diploma_diploma,22.3
342314,Electronic Instrument Trades Workers (General),certificate_iii_iv,54
342314,Electronic Instrument Trades Workers (General),year_12,8.2
342314,Electronic Instrument Trades Workers (General),year_11,1.3
342314,Electronic Instrument Trades Workers (General),year_10_and_below,1.3
342315,Electronic Instrument Trades Workers (Special Class),post_graduate_graduate_diploma_or_graduate_certificate,2.8
342315,Electronic Instrument Trades Workers (Special Class),bachelor_degree,9
342315,Electronic Instrument Trades Workers (Special Class),advanced_diploma_diploma,20.9
342315,Electronic Instrument Trades Workers (Special Class),certificate_iii_iv,57.6
342315,Electronic Instrument Trades Workers (Special Class),year_12,4.5
342315,Electronic Instrument Trades Workers (Special Class),year_11,1.7
342315,Electronic Instrument Trades Workers (Special Class),year_10_and_below,0
342411,Cablers (Data and Telecommunications),post_graduate_graduate_diploma_or_graduate_certificate,2.4
342411,Cablers (Data and Telecommunications),bachelor_degree,7
342411,Cablers (Data and Telecommunications),advanced_diploma_diploma,7.5
342411,Cablers (Data and Telecommunications),certificate_iii_iv,45.4
342411,Cablers (Data and Telecommunications),year_12,17.1
342411,Cablers (Data and Telecommunications),year_11,4.9
342411,Cablers (Data and Telecommunications),year_10_and_below,11.7
342412,Telecommunications Cable Jointers,post_graduate_graduate_diploma_or_graduate_certificate,2.6
342412,Telecommunications Cable Jointers,bachelor_degree,6.1
342412,Telecommunications Cable Jointers,advanced_diploma_diploma,5.9
342412,Telecommunications Cable Jointers,certificate_iii_iv,46.7
342412,Telecommunications Cable Jointers,year_12,16.4
342412,Telecommunications Cable Jointers,year_11,6.6
342412,Telecommunications Cable Jointers,year_10_and_below,11.8
342413,Telecommunications Linesworkers,post_graduate_graduate_diploma_or_graduate_certificate,4
342413,Telecommunications Linesworkers,bachelor_degree,8.8
342413,Telecommunications Linesworkers,advanced_diploma_diploma,8.4
342413,Telecommunications Linesworkers,certificate_iii_iv,40.4
342413,Telecommunications Linesworkers,year_12,17.1
342413,Telecommunications Linesworkers,year_11,5.8
342413,Telecommunications Linesworkers,year_10_and_below,11.7
342414,Telecommunications Technicians,post_graduate_graduate_diploma_or_graduate_certificate,5
342414,Telecommunications Technicians,bachelor_degree,13.1
342414,Telecommunications Technicians,advanced_diploma_diploma,14.9
342414,Telecommunications Technicians,certificate_iii_iv,42.9
342414,Telecommunications Technicians,year_12,13
342414,Telecommunications Technicians,year_11,2.7
342414,Telecommunications Technicians,year_10_and_below,4.9
351111,Bakers,post_graduate_graduate_diploma_or_graduate_certificate,3.5
351111,Bakers,bachelor_degree,9.6
351111,Bakers,advanced_diploma_diploma,7.8
351111,Bakers,certificate_iii_iv,38.1
351111,Bakers,year_12,19
351111,Bakers,year_11,4.5
351111,Bakers,year_10_and_below,12.6
351112,Pastrycooks,post_graduate_graduate_diploma_or_graduate_certificate,3.5
351112,Pastrycooks,bachelor_degree,15.7
351112,Pastrycooks,advanced_diploma_diploma,17
351112,Pastrycooks,certificate_iii_iv,37.4
351112,Pastrycooks,year_12,12.6
351112,Pastrycooks,year_11,2.5
351112,Pastrycooks,year_10_and_below,7.2
361111,Dog Handlers and Trainers,post_graduate_graduate_diploma_or_graduate_certificate,5.6
361111,Dog Handlers and Trainers,bachelor_degree,18.3
361111,Dog Handlers and Trainers,advanced_diploma_diploma,13.5
361111,Dog Handlers and Trainers,certificate_iii_iv,29.3
361111,Dog Handlers and Trainers,year_12,14.6
361111,Dog Handlers and Trainers,year_11,3.4
361111,Dog Handlers and Trainers,year_10_and_below,8.9
361112,Horse Trainers,post_graduate_graduate_diploma_or_graduate_certificate,1.6
361112,Horse Trainers,bachelor_degree,7.7
361112,Horse Trainers,advanced_diploma_diploma,8.7
361112,Horse Trainers,certificate_iii_iv,21.8
361112,Horse Trainers,year_12,21.4
361112,Horse Trainers,year_11,6.6
361112,Horse Trainers,year_10_and_below,26.3
361113,Pet Groomers,post_graduate_graduate_diploma_or_graduate_certificate,1.8
361113,Pet Groomers,bachelor_degree,8.2
361113,Pet Groomers,advanced_diploma_diploma,10.1
361113,Pet Groomers,certificate_iii_iv,25
361113,Pet Groomers,year_12,23.6
361113,Pet Groomers,year_11,6.6
361113,Pet Groomers,year_10_and_below,16.2
361114,Zookeepers,post_graduate_graduate_diploma_or_graduate_certificate,5.4
361114,Zookeepers,bachelor_degree,35.1
361114,Zookeepers,advanced_diploma_diploma,7
361114,Zookeepers,certificate_iii_iv,27.2
361114,Zookeepers,year_12,11.8
361114,Zookeepers,year_11,1.5
361114,Zookeepers,year_10_and_below,4.1
361115,Kennel Hands,post_graduate_graduate_diploma_or_graduate_certificate,0.8
361115,Kennel Hands,bachelor_degree,8.8
361115,Kennel Hands,advanced_diploma_diploma,4.8
361115,Kennel Hands,certificate_iii_iv,21.7
361115,Kennel Hands,year_12,28.5
361115,Kennel Hands,year_11,9.6
361115,Kennel Hands,year_10_and_below,20.7
361199,Other Animal Attendants and Trainers,post_graduate_graduate_diploma_or_graduate_certificate,3.1
361199,Other Animal Attendants and Trainers,bachelor_degree,14.8
361199,Other Animal Attendants and Trainers,advanced_diploma_diploma,10.4
361199,Other Animal Attendants and Trainers,certificate_iii_iv,22.6
361199,Other Animal Attendants and Trainers,year_12,24.4
361199,Other Animal Attendants and Trainers,year_11,5.6
361199,Other Animal Attendants and Trainers,year_10_and_below,13.4
362211,Gardeners (General),post_graduate_graduate_diploma_or_graduate_certificate,2
362211,Gardeners (General),bachelor_degree,7.8
362211,Gardeners (General),advanced_diploma_diploma,10.6
362211,Gardeners (General),certificate_iii_iv,32.8
362211,Gardeners (General),year_12,17.6
362211,Gardeners (General),year_11,6.4
362211,Gardeners (General),year_10_and_below,18
362212,Arborists,post_graduate_graduate_diploma_or_graduate_certificate,2.2
362212,Arborists,bachelor_degree,5.3
362212,Arborists,advanced_diploma_diploma,15.3
362212,Arborists,certificate_iii_iv,47.1
362212,Arborists,year_12,11.2
362212,Arborists,year_11,4.3
362212,Arborists,year_10_and_below,10.9
362213,Landscape Gardeners,post_graduate_graduate_diploma_or_graduate_certificate,1.2
362213,Landscape Gardeners,bachelor_degree,6.3
362213,Landscape Gardeners,advanced_diploma_diploma,8.5
362213,Landscape Gardeners,certificate_iii_iv,41.3
362213,Landscape Gardeners,year_12,21.1
362213,Landscape Gardeners,year_11,6
362213,Landscape Gardeners,year_10_and_below,12.3
392111,Print Finishers,post_graduate_graduate_diploma_or_graduate_certificate,1.1
392111,Print Finishers,bachelor_degree,7.1
392111,Print Finishers,advanced_diploma_diploma,6.8
392111,Print Finishers,certificate_iii_iv,44.7
392111,Print Finishers,year_12,16.9
392111,Print Finishers,year_11,6.1
392111,Print Finishers,year_10_and_below,14.3
392112,Screen Printers,post_graduate_graduate_diploma_or_graduate_certificate,1.3
392112,Screen Printers,bachelor_degree,9.6
392112,Screen Printers,advanced_diploma_diploma,9.4
392112,Screen Printers,certificate_iii_iv,29.6
392112,Screen Printers,year_12,23.1
392112,Screen Printers,year_11,6.1
392112,Screen Printers,year_10_and_below,16.4
392311,Printing Machinists,post_graduate_graduate_diploma_or_graduate_certificate,1.4
392311,Printing Machinists,bachelor_degree,6.5
392311,Printing Machinists,advanced_diploma_diploma,7.7
392311,Printing Machinists,certificate_iii_iv,57.4
392311,Printing Machinists,year_12,13.2
392311,Printing Machinists,year_11,3.7
392311,Printing Machinists,year_10_and_below,7.3
392312,Small Offset Printers,post_graduate_graduate_diploma_or_graduate_certificate,1.5
392312,Small Offset Printers,bachelor_degree,13
392312,Small Offset Printers,advanced_diploma_diploma,9.3
392312,Small Offset Printers,certificate_iii_iv,38.7
392312,Small Offset Printers,year_12,14.9
392312,Small Offset Printers,year_11,7.4
392312,Small Offset Printers,year_10_and_below,11.2
393111,Canvas Goods Fabricators,post_graduate_graduate_diploma_or_graduate_certificate,1.9
393111,Canvas Goods Fabricators,bachelor_degree,4.6
393111,Canvas Goods Fabricators,advanced_diploma_diploma,5.4
393111,Canvas Goods Fabricators,certificate_iii_iv,27.8
393111,Canvas Goods Fabricators,year_12,20.8
393111,Canvas Goods Fabricators,year_11,8.6
393111,Canvas Goods Fabricators,year_10_and_below,30
393112,Leather Goods Makers,post_graduate_graduate_diploma_or_graduate_certificate,3.1
393112,Leather Goods Makers,bachelor_degree,8.6
393112,Leather Goods Makers,advanced_diploma_diploma,9.4
393112,Leather Goods Makers,certificate_iii_iv,30.1
393112,Leather Goods Makers,year_12,16.1
393112,Leather Goods Makers,year_11,3.6
393112,Leather Goods Makers,year_10_and_below,20.5
393113,Sail Makers,post_graduate_graduate_diploma_or_graduate_certificate,1.5
393113,Sail Makers,bachelor_degree,3.5
393113,Sail Makers,advanced_diploma_diploma,7
393113,Sail Makers,certificate_iii_iv,46.8
393113,Sail Makers,year_12,22.4
393113,Sail Makers,year_11,5
393113,Sail Makers,year_10_and_below,12.4
393114,Shoemakers,post_graduate_graduate_diploma_or_graduate_certificate,2.5
393114,Shoemakers,bachelor_degree,6.4
393114,Shoemakers,advanced_diploma_diploma,6.3
393114,Shoemakers,certificate_iii_iv,26.8
393114,Shoemakers,year_12,22.4
393114,Shoemakers,year_11,6.4
393114,Shoemakers,year_10_and_below,21.7
393211,Apparel Cutters,post_graduate_graduate_diploma_or_graduate_certificate,0.8
393211,Apparel Cutters,bachelor_degree,7.3
393211,Apparel Cutters,advanced_diploma_diploma,11
393211,Apparel Cutters,certificate_iii_iv,14.6
393211,Apparel Cutters,year_12,24.5
393211,Apparel Cutters,year_11,7.6
393211,Apparel Cutters,year_10_and_below,25.6
393212,Clothing Patternmakers,post_graduate_graduate_diploma_or_graduate_certificate,1.2
393212,Clothing Patternmakers,bachelor_degree,22.9
393212,Clothing Patternmakers,advanced_diploma_diploma,39.3
393212,Clothing Patternmakers,certificate_iii_iv,15
393212,Clothing Patternmakers,year_12,7.3
393212,Clothing Patternmakers,year_11,0.9
393212,Clothing Patternmakers,year_10_and_below,5
393213,Dressmakers and Tailors,post_graduate_graduate_diploma_or_graduate_certificate,3
393213,Dressmakers and Tailors,bachelor_degree,14.8
393213,Dressmakers and Tailors,advanced_diploma_diploma,14.6
393213,Dressmakers and Tailors,certificate_iii_iv,13
393213,Dressmakers and Tailors,year_12,21.8
393213,Dressmakers and Tailors,year_11,3.9
393213,Dressmakers and Tailors,year_10_and_below,21.4
393299,Other Clothing Trades Workers,post_graduate_graduate_diploma_or_graduate_certificate,6.7
393299,Other Clothing Trades Workers,bachelor_degree,15.2
393299,Other Clothing Trades Workers,advanced_diploma_diploma,16.4
393299,Other Clothing Trades Workers,certificate_iii_iv,20.6
393299,Other Clothing Trades Workers,year_12,12.1
393299,Other Clothing Trades Workers,year_11,5.5
393299,Other Clothing Trades Workers,year_10_and_below,15.2
394211,Furniture Finishers,post_graduate_graduate_diploma_or_graduate_certificate,1.2
394211,Furniture Finishers,bachelor_degree,2.8
394211,Furniture Finishers,advanced_diploma_diploma,4
394211,Furniture Finishers,certificate_iii_iv,56.7
394211,Furniture Finishers,year_12,16
394211,Furniture Finishers,year_11,3.9
394211,Furniture Finishers,year_10_and_below,14.2
394212,Picture Framers,post_graduate_graduate_diploma_or_graduate_certificate,4.3
394212,Picture Framers,bachelor_degree,19.7
394212,Picture Framers,advanced_diploma_diploma,11.8
394212,Picture Framers,certificate_iii_iv,19.1
394212,Picture Framers,year_12,22.3
394212,Picture Framers,year_11,6
394212,Picture Framers,year_10_and_below,13
394213,Wood Machinists,post_graduate_graduate_diploma_or_graduate_certificate,1.2
394213,Wood Machinists,bachelor_degree,1.7
394213,Wood Machinists,advanced_diploma_diploma,2.9
394213,Wood Machinists,certificate_iii_iv,62.9
394213,Wood Machinists,year_12,10.1
394213,Wood Machinists,year_11,5.1
394213,Wood Machinists,year_10_and_below,13.7
394214,Wood Turners,post_graduate_graduate_diploma_or_graduate_certificate,0
394214,Wood Turners,bachelor_degree,4.8
394214,Wood Turners,advanced_diploma_diploma,9.6
394214,Wood Turners,certificate_iii_iv,34.9
394214,Wood Turners,year_12,22.9
394214,Wood Turners,year_11,4.8
394214,Wood Turners,year_10_and_below,14.5
394299,Other Wood Machinists and Wood Trades Workers,post_graduate_graduate_diploma_or_graduate_certificate,2.6
394299,Other Wood Machinists and Wood Trades Workers,bachelor_degree,15.2
394299,Other Wood Machinists and Wood Trades Workers,advanced_diploma_diploma,5.3
394299,Other Wood Machinists and Wood Trades Workers,certificate_iii_iv,37.7
394299,Other Wood Machinists and Wood Trades Workers,year_12,11.9
394299,Other Wood Machinists and Wood Trades Workers,year_11,4
394299,Other Wood Machinists and Wood Trades Workers,year_10_and_below,11.3
399111,Boat Builders and Repairers,post_graduate_graduate_diploma_or_graduate_certificate,0.9
399111,Boat Builders and Repairers,bachelor_degree,4.6
399111,Boat Builders and Repairers,advanced_diploma_diploma,5
399111,Boat Builders and Repairers,certificate_iii_iv,50.7
399111,Boat Builders and Repairers,year_12,15.3
399111,Boat Builders and Repairers,year_11,5.4
399111,Boat Builders and Repairers,year_10_and_below,13.2
399112,Shipwrights,post_graduate_graduate_diploma_or_graduate_certificate,0.7
399112,Shipwrights,bachelor_degree,5.7
399112,Shipwrights,advanced_diploma_diploma,4.8
399112,Shipwrights,certificate_iii_iv,61.7
399112,Shipwrights,year_12,11
399112,Shipwrights,year_11,3.5
399112,Shipwrights,year_10_and_below,6.9
399211,Chemical Plant Operators,post_graduate_graduate_diploma_or_graduate_certificate,1.6
399211,Chemical Plant Operators,bachelor_degree,9
399211,Chemical Plant Operators,advanced_diploma_diploma,8.4
399211,Chemical Plant Operators,certificate_iii_iv,38.2
399211,Chemical Plant Operators,year_12,17.6
399211,Chemical Plant Operators,year_11,5
399211,Chemical Plant Operators,year_10_and_below,15.5
399212,Gas and Petroleum Operators,post_graduate_graduate_diploma_or_graduate_certificate,2
399212,Gas and Petroleum Operators,bachelor_degree,8.3
399212,Gas and Petroleum Operators,advanced_diploma_diploma,13.4
399212,Gas and Petroleum Operators,certificate_iii_iv,56.2
399212,Gas and Petroleum Operators,year_12,7.9
399212,Gas and Petroleum Operators,year_11,2.7
399212,Gas and Petroleum Operators,year_10_and_below,6.1
399213,Power Generation Plant Operators,post_graduate_graduate_diploma_or_graduate_certificate,1.7
399213,Power Generation Plant Operators,bachelor_degree,5.5
399213,Power Generation Plant Operators,advanced_diploma_diploma,19.6
399213,Power Generation Plant Operators,certificate_iii_iv,63
399213,Power Generation Plant Operators,year_12,3
399213,Power Generation Plant Operators,year_11,0.8
399213,Power Generation Plant Operators,year_10_and_below,4
399311,Gallery and Museum Technicians,post_graduate_graduate_diploma_or_graduate_certificate,20.1
399311,Gallery and Museum Technicians,bachelor_degree,31.9
399311,Gallery and Museum Technicians,advanced_diploma_diploma,8.8
399311,Gallery and Museum Technicians,certificate_iii_iv,11.7
399311,Gallery and Museum Technicians,year_12,12.1
399311,Gallery and Museum Technicians,year_11,5.1
399311,Gallery and Museum Technicians,year_10_and_below,8.1
399312,Library Technicians,post_graduate_graduate_diploma_or_graduate_certificate,12.8
399312,Library Technicians,bachelor_degree,21.2
399312,Library Technicians,advanced_diploma_diploma,33.5
399312,Library Technicians,certificate_iii_iv,11.8
399312,Library Technicians,year_12,9.2
399312,Library Technicians,year_11,3.5
399312,Library Technicians,year_10_and_below,3.8
399511,Broadcast Transmitter Operators,post_graduate_graduate_diploma_or_graduate_certificate,3
399511,Broadcast Transmitter Operators,bachelor_degree,32.9
399511,Broadcast Transmitter Operators,advanced_diploma_diploma,19.5
399511,Broadcast Transmitter Operators,certificate_iii_iv,12.1
399511,Broadcast Transmitter Operators,year_12,22.5
399511,Broadcast Transmitter Operators,year_11,1.6
399511,Broadcast Transmitter Operators,year_10_and_below,3
399512,"Camera Operators (Film, Television or Video)",post_graduate_graduate_diploma_or_graduate_certificate,4.6
399512,"Camera Operators (Film, Television or Video)",bachelor_degree,31.4
399512,"Camera Operators (Film, Television or Video)",advanced_diploma_diploma,15.2
399512,"Camera Operators (Film, Television or Video)",certificate_iii_iv,10.2
399512,"Camera Operators (Film, Television or Video)",year_12,26
399512,"Camera Operators (Film, Television or Video)",year_11,3.5
399512,"Camera Operators (Film, Television or Video)",year_10_and_below,5.5
399513,Light Technicians,post_graduate_graduate_diploma_or_graduate_certificate,4.6
399513,Light Technicians,bachelor_degree,23.3
399513,Light Technicians,advanced_diploma_diploma,21.1
399513,Light Technicians,certificate_iii_iv,20.3
399513,Light Technicians,year_12,19.1
399513,Light Technicians,year_11,3.2
399513,Light Technicians,year_10_and_below,5.4
399514,Make Up Artists,post_graduate_graduate_diploma_or_graduate_certificate,2.2
399514,Make Up Artists,bachelor_degree,13.3
399514,Make Up Artists,advanced_diploma_diploma,37.8
399514,Make Up Artists,certificate_iii_iv,22.2
399514,Make Up Artists,year_12,14.8
399514,Make Up Artists,year_11,2
399514,Make Up Artists,year_10_and_below,2.4
399515,Musical Instrument Makers and Repairers,post_graduate_graduate_diploma_or_graduate_certificate,7.2
399515,Musical Instrument Makers and Repairers,bachelor_degree,16.4
399515,Musical Instrument Makers and Repairers,advanced_diploma_diploma,15.6
399515,Musical Instrument Makers and Repairers,certificate_iii_iv,28.1
399515,Musical Instrument Makers and Repairers,year_12,18.3
399515,Musical Instrument Makers and Repairers,year_11,2.8
399515,Musical Instrument Makers and Repairers,year_10_and_below,7.3
399516,Sound Technicians,post_graduate_graduate_diploma_or_graduate_certificate,4.7
399516,Sound Technicians,bachelor_degree,30.2
399516,Sound Technicians,advanced_diploma_diploma,23
399516,Sound Technicians,certificate_iii_iv,12.9
399516,Sound Technicians,year_12,18.2
399516,Sound Technicians,year_11,2.8
399516,Sound Technicians,year_10_and_below,4
399517,Television Equipment Operators,post_graduate_graduate_diploma_or_graduate_certificate,3.2
399517,Television Equipment Operators,bachelor_degree,31.2
399517,Television Equipment Operators,advanced_diploma_diploma,16.1
399517,Television Equipment Operators,certificate_iii_iv,6.5
399517,Television Equipment Operators,year_12,19.4
399517,Television Equipment Operators,year_11,6.5
399517,Television Equipment Operators,year_10_and_below,7.5
399599,Other Performing Arts Technicians,post_graduate_graduate_diploma_or_graduate_certificate,5.5
399599,Other Performing Arts Technicians,bachelor_degree,30.3
399599,Other Performing Arts Technicians,advanced_diploma_diploma,18.9
399599,Other Performing Arts Technicians,certificate_iii_iv,15.8
399599,Other Performing Arts Technicians,year_12,18.4
399599,Other Performing Arts Technicians,year_11,3.2
399599,Other Performing Arts Technicians,year_10_and_below,4
399911,Divers,post_graduate_graduate_diploma_or_graduate_certificate,2.8
399911,Divers,bachelor_degree,11.2
399911,Divers,advanced_diploma_diploma,13.9
399911,Divers,certificate_iii_iv,33
399911,Divers,year_12,15.7
399911,Divers,year_11,3.4
399911,Divers,year_10_and_below,6.6
399912,Interior Decorators,post_graduate_graduate_diploma_or_graduate_certificate,3.9
399912,Interior Decorators,bachelor_degree,22.4
399912,Interior Decorators,advanced_diploma_diploma,28.7
399912,Interior Decorators,certificate_iii_iv,10.9
399912,Interior Decorators,year_12,18.9
399912,Interior Decorators,year_11,3.4
399912,Interior Decorators,year_10_and_below,5.3
399913,Optical Dispensers,post_graduate_graduate_diploma_or_graduate_certificate,2.7
399913,Optical Dispensers,bachelor_degree,16.8
399913,Optical Dispensers,advanced_diploma_diploma,12.9
399913,Optical Dispensers,certificate_iii_iv,28.5
399913,Optical Dispensers,year_12,25
399913,Optical Dispensers,year_11,3.4
399913,Optical Dispensers,year_10_and_below,5
399914,Optical Mechanics,post_graduate_graduate_diploma_or_graduate_certificate,4
399914,Optical Mechanics,bachelor_degree,11
399914,Optical Mechanics,advanced_diploma_diploma,12.2
399914,Optical Mechanics,certificate_iii_iv,38.2
399914,Optical Mechanics,year_12,16.7
399914,Optical Mechanics,year_11,2.7
399914,Optical Mechanics,year_10_and_below,7.5
399915,Photographer's Assistants,post_graduate_graduate_diploma_or_graduate_certificate,5.6
399915,Photographer's Assistants,bachelor_degree,32
399915,Photographer's Assistants,advanced_diploma_diploma,23
399915,Photographer's Assistants,certificate_iii_iv,10.7
399915,Photographer's Assistants,year_12,19
399915,Photographer's Assistants,year_11,2.9
399915,Photographer's Assistants,year_10_and_below,4.4
399916,Plastics Technicians,post_graduate_graduate_diploma_or_graduate_certificate,1.4
399916,Plastics Technicians,bachelor_degree,8.1
399916,Plastics Technicians,advanced_diploma_diploma,6.2
399916,Plastics Technicians,certificate_iii_iv,39.2
399916,Plastics Technicians,year_12,12
399916,Plastics Technicians,year_11,4.8
399916,Plastics Technicians,year_10_and_below,22.5
399917,Wool Classers,post_graduate_graduate_diploma_or_graduate_certificate,1.3
399917,Wool Classers,bachelor_degree,3.7
399917,Wool Classers,advanced_diploma_diploma,9.7
399917,Wool Classers,certificate_iii_iv,51.9
399917,Wool Classers,year_12,8.8
399917,Wool Classers,year_11,3.4
399917,Wool Classers,year_10_and_below,9.9
399918,Fire Protection Equipment Technicians,post_graduate_graduate_diploma_or_graduate_certificate,4.3
399918,Fire Protection Equipment Technicians,bachelor_degree,6
399918,Fire Protection Equipment Technicians,advanced_diploma_diploma,7.3
399918,Fire Protection Equipment Technicians,certificate_iii_iv,47.5
399918,Fire Protection Equipment Technicians,year_12,16
399918,Fire Protection Equipment Technicians,year_11,4.3
399918,Fire Protection Equipment Technicians,year_10_and_below,9
399999,Technicians and Trades Workers (not covered elsewhere),post_graduate_graduate_diploma_or_graduate_certificate,4.4
399999,Technicians and Trades Workers (not covered elsewhere),bachelor_degree,15.2
399999,Technicians and Trades Workers (not covered elsewhere),advanced_diploma_diploma,15.1
399999,Technicians and Trades Workers (not covered elsewhere),certificate_iii_iv,30.7
399999,Technicians and Trades Workers (not covered elsewhere),year_12,17
399999,Technicians and Trades Workers (not covered elsewhere),year_11,3.8
399999,Technicians and Trades Workers (not covered elsewhere),year_10_and_below,8.9
411111,Ambulance Officers,post_graduate_graduate_diploma_or_graduate_certificate,8
411111,Ambulance Officers,bachelor_degree,57.5
411111,Ambulance Officers,advanced_diploma_diploma,20.7
411111,Ambulance Officers,certificate_iii_iv,6.1
411111,Ambulance Officers,year_12,2.4
411111,Ambulance Officers,year_11,0.5
411111,Ambulance Officers,year_10_and_below,1.2
411112,Intensive Care Ambulance Paramedics,post_graduate_graduate_diploma_or_graduate_certificate,26.2
411112,Intensive Care Ambulance Paramedics,bachelor_degree,47.5
411112,Intensive Care Ambulance Paramedics,advanced_diploma_diploma,19.2
411112,Intensive Care Ambulance Paramedics,certificate_iii_iv,0.7
411112,Intensive Care Ambulance Paramedics,year_12,0.7
411112,Intensive Care Ambulance Paramedics,year_11,0
411112,Intensive Care Ambulance Paramedics,year_10_and_below,0.2
411211,Dental Hygienists,post_graduate_graduate_diploma_or_graduate_certificate,1.6
411211,Dental Hygienists,bachelor_degree,40.4
411211,Dental Hygienists,advanced_diploma_diploma,53.6
411211,Dental Hygienists,certificate_iii_iv,0.7
411211,Dental Hygienists,year_12,0.9
411211,Dental Hygienists,year_11,0.4
411211,Dental Hygienists,year_10_and_below,0
411212,Dental Prosthetists,post_graduate_graduate_diploma_or_graduate_certificate,3.9
411212,Dental Prosthetists,bachelor_degree,9.2
411212,Dental Prosthetists,advanced_diploma_diploma,69.4
411212,Dental Prosthetists,certificate_iii_iv,8.3
411212,Dental Prosthetists,year_12,0.3
411212,Dental Prosthetists,year_11,0
411212,Dental Prosthetists,year_10_and_below,0
411213,Dental Technicians,post_graduate_graduate_diploma_or_graduate_certificate,2.3
411213,Dental Technicians,bachelor_degree,15.7
411213,Dental Technicians,advanced_diploma_diploma,43.5
411213,Dental Technicians,certificate_iii_iv,22.2
411213,Dental Technicians,year_12,8.4
411213,Dental Technicians,year_11,0.9
411213,Dental Technicians,year_10_and_below,1.6
411214,Dental Therapists,post_graduate_graduate_diploma_or_graduate_certificate,5.3
411214,Dental Therapists,bachelor_degree,71.1
411214,Dental Therapists,advanced_diploma_diploma,15.7
411214,Dental Therapists,certificate_iii_iv,0.4
411214,Dental Therapists,year_12,0.4
411214,Dental Therapists,year_11,0
411214,Dental Therapists,year_10_and_below,0
411411,Enrolled Nurses,post_graduate_graduate_diploma_or_graduate_certificate,1.9
411411,Enrolled Nurses,bachelor_degree,7.9
411411,Enrolled Nurses,advanced_diploma_diploma,70.9
411411,Enrolled Nurses,certificate_iii_iv,12.9
411411,Enrolled Nurses,year_12,1.9
411411,Enrolled Nurses,year_11,0.4
411411,Enrolled Nurses,year_10_and_below,0.8
411412,Mothercraft Nurses,post_graduate_graduate_diploma_or_graduate_certificate,7.9
411412,Mothercraft Nurses,bachelor_degree,13.4
411412,Mothercraft Nurses,advanced_diploma_diploma,41.7
411412,Mothercraft Nurses,certificate_iii_iv,9.4
411412,Mothercraft Nurses,year_12,3.1
411412,Mothercraft Nurses,year_11,0
411412,Mothercraft Nurses,year_10_and_below,0
411711,Community Workers,post_graduate_graduate_diploma_or_graduate_certificate,13.6
411711,Community Workers,bachelor_degree,25.3
411711,Community Workers,advanced_diploma_diploma,23.8
411711,Community Workers,certificate_iii_iv,19.9
411711,Community Workers,year_12,7.7
411711,Community Workers,year_11,2
411711,Community Workers,year_10_and_below,3.9
411712,Disabilities Services Officers,post_graduate_graduate_diploma_or_graduate_certificate,13.1
411712,Disabilities Services Officers,bachelor_degree,27.7
411712,Disabilities Services Officers,advanced_diploma_diploma,22.4
411712,Disabilities Services Officers,certificate_iii_iv,21.1
411712,Disabilities Services Officers,year_12,8.4
411712,Disabilities Services Officers,year_11,1.6
411712,Disabilities Services Officers,year_10_and_below,2.9
411713,Family Support Workers,post_graduate_graduate_diploma_or_graduate_certificate,12.6
411713,Family Support Workers,bachelor_degree,28.5
411713,Family Support Workers,advanced_diploma_diploma,27
411713,Family Support Workers,certificate_iii_iv,12.9
411713,Family Support Workers,year_12,7.8
411713,Family Support Workers,year_11,2.5
411713,Family Support Workers,year_10_and_below,5
411714,Parole and Probation Officers,post_graduate_graduate_diploma_or_graduate_certificate,10.5
411714,Parole and Probation Officers,bachelor_degree,40.4
411714,Parole and Probation Officers,advanced_diploma_diploma,17.2
411714,Parole and Probation Officers,certificate_iii_iv,19.4
411714,Parole and Probation Officers,year_12,6.2
411714,Parole and Probation Officers,year_11,1.7
411714,Parole and Probation Officers,year_10_and_below,2.3
411715,Residential Care Officers,post_graduate_graduate_diploma_or_graduate_certificate,6.7
411715,Residential Care Officers,bachelor_degree,18.4
411715,Residential Care Officers,advanced_diploma_diploma,31
411715,Residential Care Officers,certificate_iii_iv,29.6
411715,Residential Care Officers,year_12,6
411715,Residential Care Officers,year_11,1.4
411715,Residential Care Officers,year_10_and_below,3.6
411716,Youth Workers,post_graduate_graduate_diploma_or_graduate_certificate,7.3
411716,Youth Workers,bachelor_degree,23.7
411716,Youth Workers,advanced_diploma_diploma,26.2
411716,Youth Workers,certificate_iii_iv,22.6
411716,Youth Workers,year_12,11.3
411716,Youth Workers,year_11,1.9
411716,Youth Workers,year_10_and_below,3.6
421111,Child Care Workers,post_graduate_graduate_diploma_or_graduate_certificate,18.9
421111,Child Care Workers,bachelor_degree,13.4
421111,Child Care Workers,advanced_diploma_diploma,28.8
421111,Child Care Workers,certificate_iii_iv,23.1
421111,Child Care Workers,year_12,8.3
421111,Child Care Workers,year_11,1.3
421111,Child Care Workers,year_10_and_below,2.2
421112,Family Day Care Workers,post_graduate_graduate_diploma_or_graduate_certificate,14.5
421112,Family Day Care Workers,bachelor_degree,15
421112,Family Day Care Workers,advanced_diploma_diploma,30.7
421112,Family Day Care Workers,certificate_iii_iv,25.1
421112,Family Day Care Workers,year_12,4.6
421112,Family Day Care Workers,year_11,0.7
421112,Family Day Care Workers,year_10_and_below,3.6
421113,Nannies,post_graduate_graduate_diploma_or_graduate_certificate,4.5
421113,Nannies,bachelor_degree,14.7
421113,Nannies,advanced_diploma_diploma,14.2
421113,Nannies,certificate_iii_iv,15.3
421113,Nannies,year_12,34
421113,Nannies,year_11,4.3
421113,Nannies,year_10_and_below,7.9
421114,Out of School Hours Care Workers,post_graduate_graduate_diploma_or_graduate_certificate,7.8
421114,Out of School Hours Care Workers,bachelor_degree,13.1
421114,Out of School Hours Care Workers,advanced_diploma_diploma,14.1
421114,Out of School Hours Care Workers,certificate_iii_iv,16.1
421114,Out of School Hours Care Workers,year_12,41.4
421114,Out of School Hours Care Workers,year_11,2.2
421114,Out of School Hours Care Workers,year_10_and_below,2.8
422111,Aboriginal and Torres Strait Islander Education Workers,post_graduate_graduate_diploma_or_graduate_certificate,5.1
422111,Aboriginal and Torres Strait Islander Education Workers,bachelor_degree,8.2
422111,Aboriginal and Torres Strait Islander Education Workers,advanced_diploma_diploma,11
422111,Aboriginal and Torres Strait Islander Education Workers,certificate_iii_iv,29.8
422111,Aboriginal and Torres Strait Islander Education Workers,year_12,18.4
422111,Aboriginal and Torres Strait Islander Education Workers,year_11,6.8
422111,Aboriginal and Torres Strait Islander Education Workers,year_10_and_below,14.5
422112,Integration Aides,post_graduate_graduate_diploma_or_graduate_certificate,6.6
422112,Integration Aides,bachelor_degree,12.5
422112,Integration Aides,advanced_diploma_diploma,15.2
422112,Integration Aides,certificate_iii_iv,40
422112,Integration Aides,year_12,12
422112,Integration Aides,year_11,2.9
422112,Integration Aides,year_10_and_below,5
422115,Preschool Aides,post_graduate_graduate_diploma_or_graduate_certificate,13.8
422115,Preschool Aides,bachelor_degree,12.3
422115,Preschool Aides,advanced_diploma_diploma,25.7
422115,Preschool Aides,certificate_iii_iv,32.4
422115,Preschool Aides,year_12,6.8
422115,Preschool Aides,year_11,1.8
422115,Preschool Aides,year_10_and_below,2.4
422116,Teachers' Aides,post_graduate_graduate_diploma_or_graduate_certificate,6.7
422116,Teachers' Aides,bachelor_degree,13.3
422116,Teachers' Aides,advanced_diploma_diploma,14.7
422116,Teachers' Aides,certificate_iii_iv,35.6
422116,Teachers' Aides,year_12,15
422116,Teachers' Aides,year_11,2.8
422116,Teachers' Aides,year_10_and_below,6.1
423311,Hospital orderlies,post_graduate_graduate_diploma_or_graduate_certificate,3
423311,Hospital orderlies,bachelor_degree,10.9
423311,Hospital orderlies,advanced_diploma_diploma,8.5
423311,Hospital orderlies,certificate_iii_iv,28
423311,Hospital orderlies,year_12,21
423311,Hospital orderlies,year_11,5
423311,Hospital orderlies,year_10_and_below,17.2
423312,Nursing Support Workers,post_graduate_graduate_diploma_or_graduate_certificate,6.1
423312,Nursing Support Workers,bachelor_degree,16.9
423312,Nursing Support Workers,advanced_diploma_diploma,15.5
423312,Nursing Support Workers,certificate_iii_iv,36.1
423312,Nursing Support Workers,year_12,13.8
423312,Nursing Support Workers,year_11,1
423312,Nursing Support Workers,year_10_and_below,3.8
423313,Personal Care Assistants,post_graduate_graduate_diploma_or_graduate_certificate,6.2
423313,Personal Care Assistants,bachelor_degree,14.6
423313,Personal Care Assistants,advanced_diploma_diploma,12.9
423313,Personal Care Assistants,certificate_iii_iv,39.4
423313,Personal Care Assistants,year_12,10.2
423313,Personal Care Assistants,year_11,2.3
423313,Personal Care Assistants,year_10_and_below,6.7
423314,Therapy Aides,post_graduate_graduate_diploma_or_graduate_certificate,4.8
423314,Therapy Aides,bachelor_degree,20.6
423314,Therapy Aides,advanced_diploma_diploma,14.3
423314,Therapy Aides,certificate_iii_iv,32.7
423314,Therapy Aides,year_12,18.4
423314,Therapy Aides,year_11,1.8
423314,Therapy Aides,year_10_and_below,3.1
423411,Child and Youth Residential Care Assistants,post_graduate_graduate_diploma_or_graduate_certificate,5.7
423411,Child and Youth Residential Care Assistants,bachelor_degree,18
423411,Child and Youth Residential Care Assistants,advanced_diploma_diploma,28.7
423411,Child and Youth Residential Care Assistants,certificate_iii_iv,26.7
423411,Child and Youth Residential Care Assistants,year_12,10.2
423411,Child and Youth Residential Care Assistants,year_11,3.2
423411,Child and Youth Residential Care Assistants,year_10_and_below,3.9
423412,Hostel Parents,post_graduate_graduate_diploma_or_graduate_certificate,8
423412,Hostel Parents,bachelor_degree,21.3
423412,Hostel Parents,advanced_diploma_diploma,12.5
423412,Hostel Parents,certificate_iii_iv,17.8
423412,Hostel Parents,year_12,29.5
423412,Hostel Parents,year_11,2.8
423412,Hostel Parents,year_10_and_below,5.1
423413,Refuge Workers,post_graduate_graduate_diploma_or_graduate_certificate,9.5
423413,Refuge Workers,bachelor_degree,26
423413,Refuge Workers,advanced_diploma_diploma,18.9
423413,Refuge Workers,certificate_iii_iv,18.9
423413,Refuge Workers,year_12,9.8
423413,Refuge Workers,year_11,3
423413,Refuge Workers,year_10_and_below,10.1
431111,Bar Attendants,post_graduate_graduate_diploma_or_graduate_certificate,1.6
431111,Bar Attendants,bachelor_degree,10.7
431111,Bar Attendants,advanced_diploma_diploma,7.9
431111,Bar Attendants,certificate_iii_iv,15.3
431111,Bar Attendants,year_12,46.1
431111,Bar Attendants,year_11,5.4
431111,Bar Attendants,year_10_and_below,9.5
431112,Baristas,post_graduate_graduate_diploma_or_graduate_certificate,2.8
431112,Baristas,bachelor_degree,13.7
431112,Baristas,advanced_diploma_diploma,9.7
431112,Baristas,certificate_iii_iv,14
431112,Baristas,year_12,39.4
431112,Baristas,year_11,6.7
431112,Baristas,year_10_and_below,10.1
431911,Bar Usefuls and Bussers,post_graduate_graduate_diploma_or_graduate_certificate,2.3
431911,Bar Usefuls and Bussers,bachelor_degree,7.6
431911,Bar Usefuls and Bussers,advanced_diploma_diploma,7.1
431911,Bar Usefuls and Bussers,certificate_iii_iv,11.1
431911,Bar Usefuls and Bussers,year_12,44.5
431911,Bar Usefuls and Bussers,year_11,8.3
431911,Bar Usefuls and Bussers,year_10_and_below,16.7
431912,Doorpersons and Luggage Porters,post_graduate_graduate_diploma_or_graduate_certificate,5
431912,Doorpersons and Luggage Porters,bachelor_degree,16.1
431912,Doorpersons and Luggage Porters,advanced_diploma_diploma,12.3
431912,Doorpersons and Luggage Porters,certificate_iii_iv,17.2
431912,Doorpersons and Luggage Porters,year_12,29.2
431912,Doorpersons and Luggage Porters,year_11,4.9
431912,Doorpersons and Luggage Porters,year_10_and_below,12.1
431999,Hospitality Workers (not covered elsewhere),post_graduate_graduate_diploma_or_graduate_certificate,3.4
431999,Hospitality Workers (not covered elsewhere),bachelor_degree,11.9
431999,Hospitality Workers (not covered elsewhere),advanced_diploma_diploma,8.1
431999,Hospitality Workers (not covered elsewhere),certificate_iii_iv,10.9
431999,Hospitality Workers (not covered elsewhere),year_12,27.6
431999,Hospitality Workers (not covered elsewhere),year_11,11.3
431999,Hospitality Workers (not covered elsewhere),year_10_and_below,23
441211,Emergency Service Workers,post_graduate_graduate_diploma_or_graduate_certificate,6.3
441211,Emergency Service Workers,bachelor_degree,14.8
441211,Emergency Service Workers,advanced_diploma_diploma,26.9
441211,Emergency Service Workers,certificate_iii_iv,35.2
441211,Emergency Service Workers,year_12,8.7
441211,Emergency Service Workers,year_11,1.4
441211,Emergency Service Workers,year_10_and_below,3.7
441212,Fire Fighters,post_graduate_graduate_diploma_or_graduate_certificate,5.2
441212,Fire Fighters,bachelor_degree,15.8
441212,Fire Fighters,advanced_diploma_diploma,18.9
441212,Fire Fighters,certificate_iii_iv,39.5
441212,Fire Fighters,year_12,10.1
441212,Fire Fighters,year_11,1.8
441212,Fire Fighters,year_10_and_below,2.8
441311,Detectives,post_graduate_graduate_diploma_or_graduate_certificate,6.4
441311,Detectives,bachelor_degree,29.7
441311,Detectives,advanced_diploma_diploma,48.9
441311,Detectives,certificate_iii_iv,3.6
441311,Detectives,year_12,6.7
441311,Detectives,year_11,0.8
441311,Detectives,year_10_and_below,0.6
441312,Police Officers,post_graduate_graduate_diploma_or_graduate_certificate,6.5
441312,Police Officers,bachelor_degree,23.9
441312,Police Officers,advanced_diploma_diploma,42.6
441312,Police Officers,certificate_iii_iv,8.3
441312,Police Officers,year_12,12.2
441312,Police Officers,year_11,1.4
441312,Police Officers,year_10_and_below,1.3
442211,"Alarm, Security and Surveillance Monitors",post_graduate_graduate_diploma_or_graduate_certificate,5.7
442211,"Alarm, Security and Surveillance Monitors",bachelor_degree,14.7
442211,"Alarm, Security and Surveillance Monitors",advanced_diploma_diploma,14.5
442211,"Alarm, Security and Surveillance Monitors",certificate_iii_iv,27
442211,"Alarm, Security and Surveillance Monitors",year_12,21.7
442211,"Alarm, Security and Surveillance Monitors",year_11,4.1
442211,"Alarm, Security and Surveillance Monitors",year_10_and_below,7.4
442212,Armoured Car Escorts,post_graduate_graduate_diploma_or_graduate_certificate,0.8
442212,Armoured Car Escorts,bachelor_degree,4
442212,Armoured Car Escorts,advanced_diploma_diploma,8.8
442212,Armoured Car Escorts,certificate_iii_iv,41.5
442212,Armoured Car Escorts,year_12,20.2
442212,Armoured Car Escorts,year_11,5
442212,Armoured Car Escorts,year_10_and_below,14.4
442213,Crowd Controllers,post_graduate_graduate_diploma_or_graduate_certificate,6.7
442213,Crowd Controllers,bachelor_degree,9
442213,Crowd Controllers,advanced_diploma_diploma,10.1
442213,Crowd Controllers,certificate_iii_iv,24.8
442213,Crowd Controllers,year_12,27.6
442213,Crowd Controllers,year_11,5.4
442213,Crowd Controllers,year_10_and_below,7.5
442214,Private Investigators,post_graduate_graduate_diploma_or_graduate_certificate,8.9
442214,Private Investigators,bachelor_degree,19.6
442214,Private Investigators,advanced_diploma_diploma,19.8
442214,Private Investigators,certificate_iii_iv,25.4
442214,Private Investigators,year_12,12.5
442214,Private Investigators,year_11,2.3
442214,Private Investigators,year_10_and_below,6
442215,Retail Loss Prevention Officers,post_graduate_graduate_diploma_or_graduate_certificate,3.7
442215,Retail Loss Prevention Officers,bachelor_degree,9.3
442215,Retail Loss Prevention Officers,advanced_diploma_diploma,11.2
442215,Retail Loss Prevention Officers,certificate_iii_iv,15.8
442215,Retail Loss Prevention Officers,year_12,25.6
442215,Retail Loss Prevention Officers,year_11,10
442215,Retail Loss Prevention Officers,year_10_and_below,20.1
442216,Security Consultants,post_graduate_graduate_diploma_or_graduate_certificate,18
442216,Security Consultants,bachelor_degree,26.6
442216,Security Consultants,advanced_diploma_diploma,21.8
442216,Security Consultants,certificate_iii_iv,15.7
442216,Security Consultants,year_12,8.5
442216,Security Consultants,year_11,2.5
442216,Security Consultants,year_10_and_below,2.4
442217,Security Officers,post_graduate_graduate_diploma_or_graduate_certificate,7.5
442217,Security Officers,bachelor_degree,12.9
442217,Security Officers,advanced_diploma_diploma,12
442217,Security Officers,certificate_iii_iv,24.1
442217,Security Officers,year_12,20.2
442217,Security Officers,year_11,4.6
442217,Security Officers,year_10_and_below,11.1
442299,Other Security Workers,post_graduate_graduate_diploma_or_graduate_certificate,5.9
442299,Other Security Workers,bachelor_degree,21.2
442299,Other Security Workers,advanced_diploma_diploma,15.7
442299,Other Security Workers,certificate_iii_iv,15.9
442299,Other Security Workers,year_12,26.5
442299,Other Security Workers,year_11,4.1
442299,Other Security Workers,year_10_and_below,6
451311,Funeral Directors,post_graduate_graduate_diploma_or_graduate_certificate,3.7
451311,Funeral Directors,bachelor_degree,10.3
451311,Funeral Directors,advanced_diploma_diploma,13.9
451311,Funeral Directors,certificate_iii_iv,21.9
451311,Funeral Directors,year_12,20.4
451311,Funeral Directors,year_11,7.7
451311,Funeral Directors,year_10_and_below,16.1
451399,Funeral Workers (Other),post_graduate_graduate_diploma_or_graduate_certificate,2.6
451399,Funeral Workers (Other),bachelor_degree,8.3
451399,Funeral Workers (Other),advanced_diploma_diploma,14
451399,Funeral Workers (Other),certificate_iii_iv,27.4
451399,Funeral Workers (Other),year_12,17.4
451399,Funeral Workers (Other),year_11,6.4
451399,Funeral Workers (Other),year_10_and_below,15.8
451411,Gallery and Museum Guides,post_graduate_graduate_diploma_or_graduate_certificate,19.4
451411,Gallery and Museum Guides,bachelor_degree,39.1
451411,Gallery and Museum Guides,advanced_diploma_diploma,10.3
451411,Gallery and Museum Guides,certificate_iii_iv,7.7
451411,Gallery and Museum Guides,year_12,15.7
451411,Gallery and Museum Guides,year_11,1.4
451411,Gallery and Museum Guides,year_10_and_below,2.7
451412,Tour Guides,post_graduate_graduate_diploma_or_graduate_certificate,10.5
451412,Tour Guides,bachelor_degree,25.5
451412,Tour Guides,advanced_diploma_diploma,13.2
451412,Tour Guides,certificate_iii_iv,18.8
451412,Tour Guides,year_12,16.8
451412,Tour Guides,year_11,3.5
451412,Tour Guides,year_10_and_below,7.1
451511,Natural Remedy Consultants,post_graduate_graduate_diploma_or_graduate_certificate,4.5
451511,Natural Remedy Consultants,bachelor_degree,17.1
451511,Natural Remedy Consultants,advanced_diploma_diploma,26.9
451511,Natural Remedy Consultants,certificate_iii_iv,7.5
451511,Natural Remedy Consultants,year_12,17.9
451511,Natural Remedy Consultants,year_11,1.9
451511,Natural Remedy Consultants,year_10_and_below,11.5
451512,Weight Loss Consultants,post_graduate_graduate_diploma_or_graduate_certificate,5.8
451512,Weight Loss Consultants,bachelor_degree,14.2
451512,Weight Loss Consultants,advanced_diploma_diploma,14.9
451512,Weight Loss Consultants,certificate_iii_iv,15.2
451512,Weight Loss Consultants,year_12,19.4
451512,Weight Loss Consultants,year_11,5.8
451512,Weight Loss Consultants,year_10_and_below,17.5
451513,Herbalists (Western),post_graduate_graduate_diploma_or_graduate_certificate,11.8
451513,Herbalists (Western),bachelor_degree,35.9
451513,Herbalists (Western),advanced_diploma_diploma,35.9
451513,Herbalists (Western),certificate_iii_iv,0
451513,Herbalists (Western),year_12,2
451513,Herbalists (Western),year_11,4.6
451513,Herbalists (Western),year_10_and_below,0
451611,Tourist Information Officers,post_graduate_graduate_diploma_or_graduate_certificate,7.9
451611,Tourist Information Officers,bachelor_degree,22.8
451611,Tourist Information Officers,advanced_diploma_diploma,17.5
451611,Tourist Information Officers,certificate_iii_iv,19.6
451611,Tourist Information Officers,year_12,16.1
451611,Tourist Information Officers,year_11,3.4
451611,Tourist Information Officers,year_10_and_below,7.4
451612,Travel Consultants,post_graduate_graduate_diploma_or_graduate_certificate,4.2
451612,Travel Consultants,bachelor_degree,21.2
451612,Travel Consultants,advanced_diploma_diploma,24.3
451612,Travel Consultants,certificate_iii_iv,19.4
451612,Travel Consultants,year_12,17.2
451612,Travel Consultants,year_11,2.2
451612,Travel Consultants,year_10_and_below,4.1
451711,Flight Attendants,post_graduate_graduate_diploma_or_graduate_certificate,2.4
451711,Flight Attendants,bachelor_degree,14.8
451711,Flight Attendants,advanced_diploma_diploma,16.8
451711,Flight Attendants,certificate_iii_iv,20.7
451711,Flight Attendants,year_12,33.1
451711,Flight Attendants,year_11,3.2
451711,Flight Attendants,year_10_and_below,3.5
451799,Other Travel Attendants,post_graduate_graduate_diploma_or_graduate_certificate,1.5
451799,Other Travel Attendants,bachelor_degree,11.2
451799,Other Travel Attendants,advanced_diploma_diploma,12.1
451799,Other Travel Attendants,certificate_iii_iv,21.1
451799,Other Travel Attendants,year_12,30.6
451799,Other Travel Attendants,year_11,6.9
451799,Other Travel Attendants,year_10_and_below,11.6
451811,Civil Celebrants,post_graduate_graduate_diploma_or_graduate_certificate,13.9
451811,Civil Celebrants,bachelor_degree,26.1
451811,Civil Celebrants,advanced_diploma_diploma,18.4
451811,Civil Celebrants,certificate_iii_iv,21.1
451811,Civil Celebrants,year_12,7.6
451811,Civil Celebrants,year_11,2.9
451811,Civil Celebrants,year_10_and_below,5
451812,Hair and Beauty Salon Assistants,post_graduate_graduate_diploma_or_graduate_certificate,1.4
451812,Hair and Beauty Salon Assistants,bachelor_degree,4.7
451812,Hair and Beauty Salon Assistants,advanced_diploma_diploma,6.8
451812,Hair and Beauty Salon Assistants,certificate_iii_iv,13.1
451812,Hair and Beauty Salon Assistants,year_12,25.2
451812,Hair and Beauty Salon Assistants,year_11,14.3
451812,Hair and Beauty Salon Assistants,year_10_and_below,30.9
451814,Body Artists,post_graduate_graduate_diploma_or_graduate_certificate,1.3
451814,Body Artists,bachelor_degree,11.1
451814,Body Artists,advanced_diploma_diploma,13.7
451814,Body Artists,certificate_iii_iv,23
451814,Body Artists,year_12,27.5
451814,Body Artists,year_11,5.9
451814,Body Artists,year_10_and_below,11.4
451815,First Aid Trainers,post_graduate_graduate_diploma_or_graduate_certificate,9.4
451815,First Aid Trainers,bachelor_degree,24
451815,First Aid Trainers,advanced_diploma_diploma,21.5
451815,First Aid Trainers,certificate_iii_iv,27.6
451815,First Aid Trainers,year_12,11
451815,First Aid Trainers,year_11,0.8
451815,First Aid Trainers,year_10_and_below,1.2
451816,Religious Assistants,post_graduate_graduate_diploma_or_graduate_certificate,25.5
451816,Religious Assistants,bachelor_degree,34.6
451816,Religious Assistants,advanced_diploma_diploma,15.4
451816,Religious Assistants,certificate_iii_iv,8.6
451816,Religious Assistants,year_12,9.3
451816,Religious Assistants,year_11,0.6
451816,Religious Assistants,year_10_and_below,2.4
451899,Personal Service Workers (not covered elsewhere),post_graduate_graduate_diploma_or_graduate_certificate,6.3
451899,Personal Service Workers (not covered elsewhere),bachelor_degree,18.3
451899,Personal Service Workers (not covered elsewhere),advanced_diploma_diploma,14.4
451899,Personal Service Workers (not covered elsewhere),certificate_iii_iv,16.8
451899,Personal Service Workers (not covered elsewhere),year_12,21.8
451899,Personal Service Workers (not covered elsewhere),year_11,5
451899,Personal Service Workers (not covered elsewhere),year_10_and_below,12
452212,Fishing Guides,post_graduate_graduate_diploma_or_graduate_certificate,4.4
452212,Fishing Guides,bachelor_degree,6.2
452212,Fishing Guides,advanced_diploma_diploma,6.2
452212,Fishing Guides,certificate_iii_iv,35.4
452212,Fishing Guides,year_12,23.9
452212,Fishing Guides,year_11,3.5
452212,Fishing Guides,year_10_and_below,14.2
452215,Outdoor Adventure Instructors,post_graduate_graduate_diploma_or_graduate_certificate,11.8
452215,Outdoor Adventure Instructors,bachelor_degree,28.5
452215,Outdoor Adventure Instructors,advanced_diploma_diploma,9
452215,Outdoor Adventure Instructors,certificate_iii_iv,22
452215,Outdoor Adventure Instructors,year_12,21.2
452215,Outdoor Adventure Instructors,year_11,2.1
452215,Outdoor Adventure Instructors,year_10_and_below,3
452216,Trekking Guides,post_graduate_graduate_diploma_or_graduate_certificate,5.8
452216,Trekking Guides,bachelor_degree,42.3
452216,Trekking Guides,advanced_diploma_diploma,0
452216,Trekking Guides,certificate_iii_iv,21.2
452216,Trekking Guides,year_12,11.5
452216,Trekking Guides,year_11,0
452216,Trekking Guides,year_10_and_below,0
452299,Other Outdoor Adventure Guides,post_graduate_graduate_diploma_or_graduate_certificate,4.3
452299,Other Outdoor Adventure Guides,bachelor_degree,17.4
452299,Other Outdoor Adventure Guides,advanced_diploma_diploma,12.6
452299,Other Outdoor Adventure Guides,certificate_iii_iv,27.7
452299,Other Outdoor Adventure Guides,year_12,22
452299,Other Outdoor Adventure Guides,year_11,4.9
452299,Other Outdoor Adventure Guides,year_10_and_below,5.7
452311,"Scuba, Snorkelling and Dive instructors",post_graduate_graduate_diploma_or_graduate_certificate,8.6
452311,"Scuba, Snorkelling and Dive instructors",bachelor_degree,26.1
452311,"Scuba, Snorkelling and Dive instructors",advanced_diploma_diploma,16.4
452311,"Scuba, Snorkelling and Dive instructors",certificate_iii_iv,21.4
452311,"Scuba, Snorkelling and Dive instructors",year_12,16.2
452311,"Scuba, Snorkelling and Dive instructors",year_11,1.9
452311,"Scuba, Snorkelling and Dive instructors",year_10_and_below,2.7
452312,Gymnastics Coaches and Instructors,post_graduate_graduate_diploma_or_graduate_certificate,2.1
452312,Gymnastics Coaches and Instructors,bachelor_degree,11.4
452312,Gymnastics Coaches and Instructors,advanced_diploma_diploma,5.8
452312,Gymnastics Coaches and Instructors,certificate_iii_iv,8.9
452312,Gymnastics Coaches and Instructors,year_12,34.2
452312,Gymnastics Coaches and Instructors,year_11,10.4
452312,Gymnastics Coaches and Instructors,year_10_and_below,22.2
452313,Horse Riding Coaches and Instructors,post_graduate_graduate_diploma_or_graduate_certificate,5.3
452313,Horse Riding Coaches and Instructors,bachelor_degree,16.5
452313,Horse Riding Coaches and Instructors,advanced_diploma_diploma,14.8
452313,Horse Riding Coaches and Instructors,certificate_iii_iv,16
452313,Horse Riding Coaches and Instructors,year_12,23.3
452313,Horse Riding Coaches and Instructors,year_11,4.1
452313,Horse Riding Coaches and Instructors,year_10_and_below,10.6
452314,Snowsport Instructors,post_graduate_graduate_diploma_or_graduate_certificate,7.2
452314,Snowsport Instructors,bachelor_degree,26.3
452314,Snowsport Instructors,advanced_diploma_diploma,6.1
452314,Snowsport Instructors,certificate_iii_iv,14.1
452314,Snowsport Instructors,year_12,37.6
452314,Snowsport Instructors,year_11,2.7
452314,Snowsport Instructors,year_10_and_below,1.2
452315,Swimming Coaches and Instructors,post_graduate_graduate_diploma_or_graduate_certificate,3
452315,Swimming Coaches and Instructors,bachelor_degree,12.4
452315,Swimming Coaches and Instructors,advanced_diploma_diploma,7.9
452315,Swimming Coaches and Instructors,certificate_iii_iv,12.8
452315,Swimming Coaches and Instructors,year_12,42.8
452315,Swimming Coaches and Instructors,year_11,7.7
452315,Swimming Coaches and Instructors,year_10_and_below,6.8
452316,Tennis Coaches,post_graduate_graduate_diploma_or_graduate_certificate,4.2
452316,Tennis Coaches,bachelor_degree,17.4
452316,Tennis Coaches,advanced_diploma_diploma,8.2
452316,Tennis Coaches,certificate_iii_iv,9.5
452316,Tennis Coaches,year_12,34.7
452316,Tennis Coaches,year_11,6.7
452316,Tennis Coaches,year_10_and_below,10.5
452317,Other Sports Coaches and Instructors,post_graduate_graduate_diploma_or_graduate_certificate,5.6
452317,Other Sports Coaches and Instructors,bachelor_degree,17.8
452317,Other Sports Coaches and Instructors,advanced_diploma_diploma,9.2
452317,Other Sports Coaches and Instructors,certificate_iii_iv,10.6
452317,Other Sports Coaches and Instructors,year_12,35
452317,Other Sports Coaches and Instructors,year_11,6.3
452317,Other Sports Coaches and Instructors,year_10_and_below,10.7
452318,Dog and Horse Racing Officials,post_graduate_graduate_diploma_or_graduate_certificate,3.1
452318,Dog and Horse Racing Officials,bachelor_degree,15.8
452318,Dog and Horse Racing Officials,advanced_diploma_diploma,13.8
452318,Dog and Horse Racing Officials,certificate_iii_iv,22.9
452318,Dog and Horse Racing Officials,year_12,22
452318,Dog and Horse Racing Officials,year_11,3.5
452318,Dog and Horse Racing Officials,year_10_and_below,16.6
452321,Sports Development Officers,post_graduate_graduate_diploma_or_graduate_certificate,9.7
452321,Sports Development Officers,bachelor_degree,36.8
452321,Sports Development Officers,advanced_diploma_diploma,11.7
452321,Sports Development Officers,certificate_iii_iv,13.7
452321,Sports Development Officers,year_12,20.9
452321,Sports Development Officers,year_11,1.4
452321,Sports Development Officers,year_10_and_below,2.4
452322,Sports Umpires,post_graduate_graduate_diploma_or_graduate_certificate,0.7
452322,Sports Umpires,bachelor_degree,2.4
452322,Sports Umpires,advanced_diploma_diploma,1.4
452322,Sports Umpires,certificate_iii_iv,3.7
452322,Sports Umpires,year_12,16.5
452322,Sports Umpires,year_11,17.1
452322,Sports Umpires,year_10_and_below,57.2
452323,Other Sports Officials,post_graduate_graduate_diploma_or_graduate_certificate,4.2
452323,Other Sports Officials,bachelor_degree,13.4
452323,Other Sports Officials,advanced_diploma_diploma,7.7
452323,Other Sports Officials,certificate_iii_iv,8.5
452323,Other Sports Officials,year_12,22.5
452323,Other Sports Officials,year_11,9.9
452323,Other Sports Officials,year_10_and_below,26.8
452411,"Footballers (Soccer, Rugby and AFL)",post_graduate_graduate_diploma_or_graduate_certificate,0.9
452411,"Footballers (Soccer, Rugby and AFL)",bachelor_degree,8
452411,"Footballers (Soccer, Rugby and AFL)",advanced_diploma_diploma,9
452411,"Footballers (Soccer, Rugby and AFL)",certificate_iii_iv,10.6
452411,"Footballers (Soccer, Rugby and AFL)",year_12,58.9
452411,"Footballers (Soccer, Rugby and AFL)",year_11,5.8
452411,"Footballers (Soccer, Rugby and AFL)",year_10_and_below,4.7
452412,Golfers,post_graduate_graduate_diploma_or_graduate_certificate,0.8
452412,Golfers,bachelor_degree,10.9
452412,Golfers,advanced_diploma_diploma,29.5
452412,Golfers,certificate_iii_iv,12.2
452412,Golfers,year_12,19
452412,Golfers,year_11,1.7
452412,Golfers,year_10_and_below,3.4
452413,Jockeys,post_graduate_graduate_diploma_or_graduate_certificate,0.8
452413,Jockeys,bachelor_degree,2.1
452413,Jockeys,advanced_diploma_diploma,1.5
452413,Jockeys,certificate_iii_iv,50.4
452413,Jockeys,year_12,14.3
452413,Jockeys,year_11,4.1
452413,Jockeys,year_10_and_below,19.9
452414,Lifeguards,post_graduate_graduate_diploma_or_graduate_certificate,1.5
452414,Lifeguards,bachelor_degree,9.6
452414,Lifeguards,advanced_diploma_diploma,4.9
452414,Lifeguards,certificate_iii_iv,14.1
452414,Lifeguards,year_12,49.4
452414,Lifeguards,year_11,9.8
452414,Lifeguards,year_10_and_below,6.7
452499,Other Sportspersons,post_graduate_graduate_diploma_or_graduate_certificate,3.2
452499,Other Sportspersons,bachelor_degree,17.3
452499,Other Sportspersons,advanced_diploma_diploma,5.9
452499,Other Sportspersons,certificate_iii_iv,11.6
452499,Other Sportspersons,year_12,44.5
452499,Other Sportspersons,year_11,4.5
452499,Other Sportspersons,year_10_and_below,8.5
511111,Contract Administrators,post_graduate_graduate_diploma_or_graduate_certificate,16.5
511111,Contract Administrators,bachelor_degree,35.7
511111,Contract Administrators,advanced_diploma_diploma,16
511111,Contract Administrators,certificate_iii_iv,13.3
511111,Contract Administrators,year_12,11
511111,Contract Administrators,year_11,1.8
511111,Contract Administrators,year_10_and_below,3
511112,Program and Project Administrators,post_graduate_graduate_diploma_or_graduate_certificate,20.5
511112,Program and Project Administrators,bachelor_degree,31.4
511112,Program and Project Administrators,advanced_diploma_diploma,15.1
511112,Program and Project Administrators,certificate_iii_iv,14.1
511112,Program and Project Administrators,year_12,10.7
511112,Program and Project Administrators,year_11,1.8
511112,Program and Project Administrators,year_10_and_below,3
512211,Health Practice Managers,post_graduate_graduate_diploma_or_graduate_certificate,10.6
512211,Health Practice Managers,bachelor_degree,23.2
512211,Health Practice Managers,advanced_diploma_diploma,20.1
512211,Health Practice Managers,certificate_iii_iv,16
512211,Health Practice Managers,year_12,14.2
512211,Health Practice Managers,year_11,3.5
512211,Health Practice Managers,year_10_and_below,6.2
512299,Other Practice Managers,post_graduate_graduate_diploma_or_graduate_certificate,12.8
512299,Other Practice Managers,bachelor_degree,29.2
512299,Other Practice Managers,advanced_diploma_diploma,18.9
512299,Other Practice Managers,certificate_iii_iv,14.2
512299,Other Practice Managers,year_12,13.3
512299,Other Practice Managers,year_11,2.9
512299,Other Practice Managers,year_10_and_below,4.2
521211,Secretaries (General),post_graduate_graduate_diploma_or_graduate_certificate,5.4
521211,Secretaries (General),bachelor_degree,12.9
521211,Secretaries (General),advanced_diploma_diploma,13.5
521211,Secretaries (General),certificate_iii_iv,11.8
521211,Secretaries (General),year_12,19.4
521211,Secretaries (General),year_11,6.5
521211,Secretaries (General),year_10_and_below,20.5
521212,Legal Secretaries,post_graduate_graduate_diploma_or_graduate_certificate,3.7
521212,Legal Secretaries,bachelor_degree,11.1
521212,Legal Secretaries,advanced_diploma_diploma,15
521212,Legal Secretaries,certificate_iii_iv,16.3
521212,Legal Secretaries,year_12,27.9
521212,Legal Secretaries,year_11,5.7
521212,Legal Secretaries,year_10_and_below,11.2
532111,Data Entry Operators,post_graduate_graduate_diploma_or_graduate_certificate,5
532111,Data Entry Operators,bachelor_degree,15.2
532111,Data Entry Operators,advanced_diploma_diploma,12.6
532111,Data Entry Operators,certificate_iii_iv,17.7
532111,Data Entry Operators,year_12,26.5
532111,Data Entry Operators,year_11,6.2
532111,Data Entry Operators,year_10_and_below,11.8
532112,Machine Shorthand Reporters,post_graduate_graduate_diploma_or_graduate_certificate,10.6
532112,Machine Shorthand Reporters,bachelor_degree,30
532112,Machine Shorthand Reporters,advanced_diploma_diploma,14.3
532112,Machine Shorthand Reporters,certificate_iii_iv,9
532112,Machine Shorthand Reporters,year_12,16.2
532112,Machine Shorthand Reporters,year_11,3.9
532112,Machine Shorthand Reporters,year_10_and_below,7.5
532113,Typists,post_graduate_graduate_diploma_or_graduate_certificate,3.5
532113,Typists,bachelor_degree,11.9
532113,Typists,advanced_diploma_diploma,13.8
532113,Typists,certificate_iii_iv,13.3
532113,Typists,year_12,21.7
532113,Typists,year_11,8.6
532113,Typists,year_10_and_below,16.5
541111,Call Centre or Contact Centre Team Leaders,post_graduate_graduate_diploma_or_graduate_certificate,5.5
541111,Call Centre or Contact Centre Team Leaders,bachelor_degree,19.5
541111,Call Centre or Contact Centre Team Leaders,advanced_diploma_diploma,15.4
541111,Call Centre or Contact Centre Team Leaders,certificate_iii_iv,18.1
541111,Call Centre or Contact Centre Team Leaders,year_12,26.3
541111,Call Centre or Contact Centre Team Leaders,year_11,4.5
541111,Call Centre or Contact Centre Team Leaders,year_10_and_below,6.2
541112,Call Centre or Contact Centre Operators,post_graduate_graduate_diploma_or_graduate_certificate,5.4
541112,Call Centre or Contact Centre Operators,bachelor_degree,16.7
541112,Call Centre or Contact Centre Operators,advanced_diploma_diploma,12.7
541112,Call Centre or Contact Centre Operators,certificate_iii_iv,18.2
541112,Call Centre or Contact Centre Operators,year_12,30
541112,Call Centre or Contact Centre Operators,year_11,5.2
541112,Call Centre or Contact Centre Operators,year_10_and_below,7.7
542111,Receptionists (General),post_graduate_graduate_diploma_or_graduate_certificate,2.6
542111,Receptionists (General),bachelor_degree,10.8
542111,Receptionists (General),advanced_diploma_diploma,12.2
542111,Receptionists (General),certificate_iii_iv,20.4
542111,Receptionists (General),year_12,29.2
542111,Receptionists (General),year_11,6.7
542111,Receptionists (General),year_10_and_below,12.2
542112,Admissions Clerks,post_graduate_graduate_diploma_or_graduate_certificate,3.6
542112,Admissions Clerks,bachelor_degree,12.6
542112,Admissions Clerks,advanced_diploma_diploma,14.5
542112,Admissions Clerks,certificate_iii_iv,20.3
542112,Admissions Clerks,year_12,23.7
542112,Admissions Clerks,year_11,7.1
542112,Admissions Clerks,year_10_and_below,11.6
542113,Hotel and Motel Receptionists,post_graduate_graduate_diploma_or_graduate_certificate,7.1
542113,Hotel and Motel Receptionists,bachelor_degree,20.6
542113,Hotel and Motel Receptionists,advanced_diploma_diploma,14.3
542113,Hotel and Motel Receptionists,certificate_iii_iv,16.7
542113,Hotel and Motel Receptionists,year_12,23.2
542113,Hotel and Motel Receptionists,year_11,4.5
542113,Hotel and Motel Receptionists,year_10_and_below,9.3
542114,Medical Receptionists,post_graduate_graduate_diploma_or_graduate_certificate,3
542114,Medical Receptionists,bachelor_degree,13.5
542114,Medical Receptionists,advanced_diploma_diploma,13.2
542114,Medical Receptionists,certificate_iii_iv,18
542114,Medical Receptionists,year_12,28.6
542114,Medical Receptionists,year_11,6.2
542114,Medical Receptionists,year_10_and_below,10.9
551111,Accounts Clerks,post_graduate_graduate_diploma_or_graduate_certificate,8.7
551111,Accounts Clerks,bachelor_degree,20.7
551111,Accounts Clerks,advanced_diploma_diploma,15
551111,Accounts Clerks,certificate_iii_iv,16.1
551111,Accounts Clerks,year_12,19.6
551111,Accounts Clerks,year_11,5.2
551111,Accounts Clerks,year_10_and_below,9.5
551112,Cost Clerks,post_graduate_graduate_diploma_or_graduate_certificate,8.5
551112,Cost Clerks,bachelor_degree,23.5
551112,Cost Clerks,advanced_diploma_diploma,12.6
551112,Cost Clerks,certificate_iii_iv,31.4
551112,Cost Clerks,year_12,13.3
551112,Cost Clerks,year_11,2.5
551112,Cost Clerks,year_10_and_below,5
552311,Bookmakers,post_graduate_graduate_diploma_or_graduate_certificate,6
552311,Bookmakers,bachelor_degree,32.1
552311,Bookmakers,advanced_diploma_diploma,6.5
552311,Bookmakers,certificate_iii_iv,7.2
552311,Bookmakers,year_12,35.6
552311,Bookmakers,year_11,2.3
552311,Bookmakers,year_10_and_below,5.8
552312,Insurance Consultants,post_graduate_graduate_diploma_or_graduate_certificate,8.5
552312,Insurance Consultants,bachelor_degree,23
552312,Insurance Consultants,advanced_diploma_diploma,15.5
552312,Insurance Consultants,certificate_iii_iv,15.5
552312,Insurance Consultants,year_12,23.4
552312,Insurance Consultants,year_11,3.4
552312,Insurance Consultants,year_10_and_below,5.5
552313,Money Market Clerks,post_graduate_graduate_diploma_or_graduate_certificate,15.8
552313,Money Market Clerks,bachelor_degree,41.1
552313,Money Market Clerks,advanced_diploma_diploma,12.8
552313,Money Market Clerks,certificate_iii_iv,7
552313,Money Market Clerks,year_12,13.9
552313,Money Market Clerks,year_11,2.8
552313,Money Market Clerks,year_10_and_below,3.3
552314,Statistical Clerks,post_graduate_graduate_diploma_or_graduate_certificate,18.8
552314,Statistical Clerks,bachelor_degree,32
552314,Statistical Clerks,advanced_diploma_diploma,10.2
552314,Statistical Clerks,certificate_iii_iv,14.1
552314,Statistical Clerks,year_12,20.3
552314,Statistical Clerks,year_11,0
552314,Statistical Clerks,year_10_and_below,3.9
561111,Betting Agency Counter Clerks,post_graduate_graduate_diploma_or_graduate_certificate,2.5
561111,Betting Agency Counter Clerks,bachelor_degree,12.9
561111,Betting Agency Counter Clerks,advanced_diploma_diploma,5.9
561111,Betting Agency Counter Clerks,certificate_iii_iv,12.4
561111,Betting Agency Counter Clerks,year_12,28.1
561111,Betting Agency Counter Clerks,year_11,10.1
561111,Betting Agency Counter Clerks,year_10_and_below,23.3
561113,Telephone Betting Clerks,post_graduate_graduate_diploma_or_graduate_certificate,4.1
561113,Telephone Betting Clerks,bachelor_degree,11.3
561113,Telephone Betting Clerks,advanced_diploma_diploma,7.2
561113,Telephone Betting Clerks,certificate_iii_iv,12.4
561113,Telephone Betting Clerks,year_12,39.7
561113,Telephone Betting Clerks,year_11,9.3
561113,Telephone Betting Clerks,year_10_and_below,13.4
561199,Other Betting Clerks,post_graduate_graduate_diploma_or_graduate_certificate,0
561199,Other Betting Clerks,bachelor_degree,6.1
561199,Other Betting Clerks,advanced_diploma_diploma,6.1
561199,Other Betting Clerks,certificate_iii_iv,18.8
561199,Other Betting Clerks,year_12,19.9
561199,Other Betting Clerks,year_11,5.5
561199,Other Betting Clerks,year_10_and_below,37
561211,Couriers,post_graduate_graduate_diploma_or_graduate_certificate,5.4
561211,Couriers,bachelor_degree,12.4
561211,Couriers,advanced_diploma_diploma,11
561211,Couriers,certificate_iii_iv,16.5
561211,Couriers,year_12,24.8
561211,Couriers,year_11,6.6
561211,Couriers,year_10_and_below,18.3
561212,Postal Delivery Officers,post_graduate_graduate_diploma_or_graduate_certificate,2.9
561212,Postal Delivery Officers,bachelor_degree,8.6
561212,Postal Delivery Officers,advanced_diploma_diploma,8.5
561212,Postal Delivery Officers,certificate_iii_iv,21.6
561212,Postal Delivery Officers,year_12,23.5
561212,Postal Delivery Officers,year_11,8.2
561212,Postal Delivery Officers,year_10_and_below,21.8
561411,Mail Clerks,post_graduate_graduate_diploma_or_graduate_certificate,4.1
561411,Mail Clerks,bachelor_degree,13.8
561411,Mail Clerks,advanced_diploma_diploma,10.4
561411,Mail Clerks,certificate_iii_iv,12.5
561411,Mail Clerks,year_12,29.7
561411,Mail Clerks,year_11,6.2
561411,Mail Clerks,year_10_and_below,17.7
561412,Postal Sorting Officers,post_graduate_graduate_diploma_or_graduate_certificate,4.2
561412,Postal Sorting Officers,bachelor_degree,14.2
561412,Postal Sorting Officers,advanced_diploma_diploma,9.5
561412,Postal Sorting Officers,certificate_iii_iv,12.3
561412,Postal Sorting Officers,year_12,30.1
561412,Postal Sorting Officers,year_11,7
561412,Postal Sorting Officers,year_10_and_below,16.7
561911,Classified Advertising Clerks,post_graduate_graduate_diploma_or_graduate_certificate,6.3
561911,Classified Advertising Clerks,bachelor_degree,17
561911,Classified Advertising Clerks,advanced_diploma_diploma,11.6
561911,Classified Advertising Clerks,certificate_iii_iv,21.4
561911,Classified Advertising Clerks,year_12,25
561911,Classified Advertising Clerks,year_11,2.7
561911,Classified Advertising Clerks,year_10_and_below,7.1
561912,Meter Readers,post_graduate_graduate_diploma_or_graduate_certificate,2.7
561912,Meter Readers,bachelor_degree,11.1
561912,Meter Readers,advanced_diploma_diploma,9.3
561912,Meter Readers,certificate_iii_iv,24.6
561912,Meter Readers,year_12,28
561912,Meter Readers,year_11,6.7
561912,Meter Readers,year_10_and_below,14
561913,Parking Inspectors,post_graduate_graduate_diploma_or_graduate_certificate,6
561913,Parking Inspectors,bachelor_degree,14
561913,Parking Inspectors,advanced_diploma_diploma,14.9
561913,Parking Inspectors,certificate_iii_iv,26.5
561913,Parking Inspectors,year_12,19.4
561913,Parking Inspectors,year_11,5.8
561913,Parking Inspectors,year_10_and_below,10.2
561999,Clerical and Office Support Workers (not covered elsewhere),post_graduate_graduate_diploma_or_graduate_certificate,9
561999,Clerical and Office Support Workers (not covered elsewhere),bachelor_degree,15.7
561999,Clerical and Office Support Workers (not covered elsewhere),advanced_diploma_diploma,11.1
561999,Clerical and Office Support Workers (not covered elsewhere),certificate_iii_iv,17.1
561999,Clerical and Office Support Workers (not covered elsewhere),year_12,25.9
561999,Clerical and Office Support Workers (not covered elsewhere),year_11,5.5
561999,Clerical and Office Support Workers (not covered elsewhere),year_10_and_below,11.7
591112,Production Clerks,post_graduate_graduate_diploma_or_graduate_certificate,7.7
591112,Production Clerks,bachelor_degree,20
591112,Production Clerks,advanced_diploma_diploma,14.1
591112,Production Clerks,certificate_iii_iv,19.5
591112,Production Clerks,year_12,21.6
591112,Production Clerks,year_11,5
591112,Production Clerks,year_10_and_below,8.3
591113,Purchasing Officers,post_graduate_graduate_diploma_or_graduate_certificate,9.2
591113,Purchasing Officers,bachelor_degree,21.6
591113,Purchasing Officers,advanced_diploma_diploma,15.1
591113,Purchasing Officers,certificate_iii_iv,17.2
591113,Purchasing Officers,year_12,19.3
591113,Purchasing Officers,year_11,4.8
591113,Purchasing Officers,year_10_and_below,8.5
591115,Stock Clerks,post_graduate_graduate_diploma_or_graduate_certificate,7.1
591115,Stock Clerks,bachelor_degree,16.6
591115,Stock Clerks,advanced_diploma_diploma,11.7
591115,Stock Clerks,certificate_iii_iv,18
591115,Stock Clerks,year_12,25.6
591115,Stock Clerks,year_11,5.9
591115,Stock Clerks,year_10_and_below,11
591116,Warehouse Administrators,post_graduate_graduate_diploma_or_graduate_certificate,4.7
591116,Warehouse Administrators,bachelor_degree,11.6
591116,Warehouse Administrators,advanced_diploma_diploma,12.2
591116,Warehouse Administrators,certificate_iii_iv,20.3
591116,Warehouse Administrators,year_12,26.3
591116,Warehouse Administrators,year_11,6.2
591116,Warehouse Administrators,year_10_and_below,14.3
591117,Order Clerks,post_graduate_graduate_diploma_or_graduate_certificate,5
591117,Order Clerks,bachelor_degree,16.9
591117,Order Clerks,advanced_diploma_diploma,12.7
591117,Order Clerks,certificate_iii_iv,18.7
591117,Order Clerks,year_12,25.2
591117,Order Clerks,year_11,6.1
591117,Order Clerks,year_10_and_below,10.9
591211,Despatching and Receiving Clerks,post_graduate_graduate_diploma_or_graduate_certificate,4.7
591211,Despatching and Receiving Clerks,bachelor_degree,12.4
591211,Despatching and Receiving Clerks,advanced_diploma_diploma,11.5
591211,Despatching and Receiving Clerks,certificate_iii_iv,22.2
591211,Despatching and Receiving Clerks,year_12,24.9
591211,Despatching and Receiving Clerks,year_11,6.3
591211,Despatching and Receiving Clerks,year_10_and_below,13.6
591212,Import-Export Clerks,post_graduate_graduate_diploma_or_graduate_certificate,9.9
591212,Import-Export Clerks,bachelor_degree,20
591212,Import-Export Clerks,advanced_diploma_diploma,18.7
591212,Import-Export Clerks,certificate_iii_iv,13.1
591212,Import-Export Clerks,year_12,20.2
591212,Import-Export Clerks,year_11,3.4
591212,Import-Export Clerks,year_10_and_below,5.5
599111,Conveyancers,post_graduate_graduate_diploma_or_graduate_certificate,7.7
599111,Conveyancers,bachelor_degree,16.2
599111,Conveyancers,advanced_diploma_diploma,27.3
599111,Conveyancers,certificate_iii_iv,10
599111,Conveyancers,year_12,18.8
599111,Conveyancers,year_11,4.2
599111,Conveyancers,year_10_and_below,6.4
599112,Legal Executives,post_graduate_graduate_diploma_or_graduate_certificate,8.6
599112,Legal Executives,bachelor_degree,30.2
599112,Legal Executives,advanced_diploma_diploma,9.9
599112,Legal Executives,certificate_iii_iv,7.8
599112,Legal Executives,year_12,34.2
599112,Legal Executives,year_11,2
599112,Legal Executives,year_10_and_below,3.6
599211,Clerks of Court,post_graduate_graduate_diploma_or_graduate_certificate,8.8
599211,Clerks of Court,bachelor_degree,34.1
599211,Clerks of Court,advanced_diploma_diploma,13
599211,Clerks of Court,certificate_iii_iv,13.1
599211,Clerks of Court,year_12,21.3
599211,Clerks of Court,year_11,2.3
599211,Clerks of Court,year_10_and_below,3
599212,Court Bailiffs and Sheriffs,post_graduate_graduate_diploma_or_graduate_certificate,2.5
599212,Court Bailiffs and Sheriffs,bachelor_degree,12
599212,Court Bailiffs and Sheriffs,advanced_diploma_diploma,17.2
599212,Court Bailiffs and Sheriffs,certificate_iii_iv,33.1
599212,Court Bailiffs and Sheriffs,year_12,15.9
599212,Court Bailiffs and Sheriffs,year_11,5.3
599212,Court Bailiffs and Sheriffs,year_10_and_below,8.8
599213,Court Orderlies,post_graduate_graduate_diploma_or_graduate_certificate,7.6
599213,Court Orderlies,bachelor_degree,27.1
599213,Court Orderlies,advanced_diploma_diploma,12.1
599213,Court Orderlies,certificate_iii_iv,14.8
599213,Court Orderlies,year_12,23.1
599213,Court Orderlies,year_11,2.9
599213,Court Orderlies,year_10_and_below,7.3
599214,Law Clerks,post_graduate_graduate_diploma_or_graduate_certificate,7.8
599214,Law Clerks,bachelor_degree,25.7
599214,Law Clerks,advanced_diploma_diploma,11.1
599214,Law Clerks,certificate_iii_iv,9.8
599214,Law Clerks,year_12,33.9
599214,Law Clerks,year_11,3.3
599214,Law Clerks,year_10_and_below,4.4
599215,Trust Officers,post_graduate_graduate_diploma_or_graduate_certificate,11.2
599215,Trust Officers,bachelor_degree,25.5
599215,Trust Officers,advanced_diploma_diploma,14.2
599215,Trust Officers,certificate_iii_iv,14.2
599215,Trust Officers,year_12,18.3
599215,Trust Officers,year_11,5.2
599215,Trust Officers,year_10_and_below,5.4
599511,Customs Officers,post_graduate_graduate_diploma_or_graduate_certificate,7
599511,Customs Officers,bachelor_degree,24.3
599511,Customs Officers,advanced_diploma_diploma,16.9
599511,Customs Officers,certificate_iii_iv,19.8
599511,Customs Officers,year_12,21.4
599511,Customs Officers,year_11,2.9
599511,Customs Officers,year_10_and_below,2.9
599512,Immigration Officers,post_graduate_graduate_diploma_or_graduate_certificate,12
599512,Immigration Officers,bachelor_degree,29.2
599512,Immigration Officers,advanced_diploma_diploma,15.5
599512,Immigration Officers,certificate_iii_iv,19.4
599512,Immigration Officers,year_12,16.2
599512,Immigration Officers,year_11,1.7
599512,Immigration Officers,year_10_and_below,2.8
599513,Motor Vehicle Licence Examiners,post_graduate_graduate_diploma_or_graduate_certificate,6
599513,Motor Vehicle Licence Examiners,bachelor_degree,12.9
599513,Motor Vehicle Licence Examiners,advanced_diploma_diploma,14.4
599513,Motor Vehicle Licence Examiners,certificate_iii_iv,25.3
599513,Motor Vehicle Licence Examiners,year_12,22
599513,Motor Vehicle Licence Examiners,year_11,5
599513,Motor Vehicle Licence Examiners,year_10_and_below,10.3
599514,Noxious Weeds and Pest Inspectors,post_graduate_graduate_diploma_or_graduate_certificate,10.1
599514,Noxious Weeds and Pest Inspectors,bachelor_degree,27.9
599514,Noxious Weeds and Pest Inspectors,advanced_diploma_diploma,14.7
599514,Noxious Weeds and Pest Inspectors,certificate_iii_iv,20.5
599514,Noxious Weeds and Pest Inspectors,year_12,12
599514,Noxious Weeds and Pest Inspectors,year_11,2.8
599514,Noxious Weeds and Pest Inspectors,year_10_and_below,5.4
599515,Social Security Assessors,post_graduate_graduate_diploma_or_graduate_certificate,7.8
599515,Social Security Assessors,bachelor_degree,19
599515,Social Security Assessors,advanced_diploma_diploma,15.1
599515,Social Security Assessors,certificate_iii_iv,20.1
599515,Social Security Assessors,year_12,22.9
599515,Social Security Assessors,year_11,4.4
599515,Social Security Assessors,year_10_and_below,7
599516,Taxation Inspectors,post_graduate_graduate_diploma_or_graduate_certificate,30.6
599516,Taxation Inspectors,bachelor_degree,44.7
599516,Taxation Inspectors,advanced_diploma_diploma,7
599516,Taxation Inspectors,certificate_iii_iv,5.8
599516,Taxation Inspectors,year_12,7.2
599516,Taxation Inspectors,year_11,1.2
599516,Taxation Inspectors,year_10_and_below,1.8
599517,Train Examiners,post_graduate_graduate_diploma_or_graduate_certificate,0
599517,Train Examiners,bachelor_degree,4.9
599517,Train Examiners,advanced_diploma_diploma,6.9
599517,Train Examiners,certificate_iii_iv,46.5
599517,Train Examiners,year_12,13.9
599517,Train Examiners,year_11,4.9
599517,Train Examiners,year_10_and_below,13.2
599518,Transport Operations Inspectors,post_graduate_graduate_diploma_or_graduate_certificate,6.8
599518,Transport Operations Inspectors,bachelor_degree,15
599518,Transport Operations Inspectors,advanced_diploma_diploma,16.6
599518,Transport Operations Inspectors,certificate_iii_iv,32
599518,Transport Operations Inspectors,year_12,14.6
599518,Transport Operations Inspectors,year_11,4.1
599518,Transport Operations Inspectors,year_10_and_below,6.5
599521,Water Inspectors,post_graduate_graduate_diploma_or_graduate_certificate,11.2
599521,Water Inspectors,bachelor_degree,28.4
599521,Water Inspectors,advanced_diploma_diploma,12.3
599521,Water Inspectors,certificate_iii_iv,23.5
599521,Water Inspectors,year_12,11.6
599521,Water Inspectors,year_11,3.5
599521,Water Inspectors,year_10_and_below,6.3
599599,Other Inspectors and Regulatory Officers,post_graduate_graduate_diploma_or_graduate_certificate,10.9
599599,Other Inspectors and Regulatory Officers,bachelor_degree,22.6
599599,Other Inspectors and Regulatory Officers,advanced_diploma_diploma,16.7
599599,Other Inspectors and Regulatory Officers,certificate_iii_iv,24.6
599599,Other Inspectors and Regulatory Officers,year_12,12.7
599599,Other Inspectors and Regulatory Officers,year_11,2.7
599599,Other Inspectors and Regulatory Officers,year_10_and_below,6.1
599611,Insurance Investigators,post_graduate_graduate_diploma_or_graduate_certificate,8.4
599611,Insurance Investigators,bachelor_degree,22
599611,Insurance Investigators,advanced_diploma_diploma,21
599611,Insurance Investigators,certificate_iii_iv,19.1
599611,Insurance Investigators,year_12,16.3
599611,Insurance Investigators,year_11,1.7
599611,Insurance Investigators,year_10_and_below,6.7
599612,Insurance Loss Adjusters,post_graduate_graduate_diploma_or_graduate_certificate,4.9
599612,Insurance Loss Adjusters,bachelor_degree,17.4
599612,Insurance Loss Adjusters,advanced_diploma_diploma,16
599612,Insurance Loss Adjusters,certificate_iii_iv,40.5
599612,Insurance Loss Adjusters,year_12,12
599612,Insurance Loss Adjusters,year_11,1.9
599612,Insurance Loss Adjusters,year_10_and_below,3.2
599613,Insurance Risk Surveyors,post_graduate_graduate_diploma_or_graduate_certificate,29.7
599613,Insurance Risk Surveyors,bachelor_degree,39.9
599613,Insurance Risk Surveyors,advanced_diploma_diploma,12.4
599613,Insurance Risk Surveyors,certificate_iii_iv,5
599613,Insurance Risk Surveyors,year_12,7.8
599613,Insurance Risk Surveyors,year_11,0.7
599613,Insurance Risk Surveyors,year_10_and_below,0.9
599912,"Production Assistants (Film, Television, Radio or Stage)",post_graduate_graduate_diploma_or_graduate_certificate,7.4
599912,"Production Assistants (Film, Television, Radio or Stage)",bachelor_degree,50.7
599912,"Production Assistants (Film, Television, Radio or Stage)",advanced_diploma_diploma,14.6
599912,"Production Assistants (Film, Television, Radio or Stage)",certificate_iii_iv,6.3
599912,"Production Assistants (Film, Television, Radio or Stage)",year_12,15.3
599912,"Production Assistants (Film, Television, Radio or Stage)",year_11,1.2
599912,"Production Assistants (Film, Television, Radio or Stage)",year_10_and_below,2.2
599913,Proof Readers,post_graduate_graduate_diploma_or_graduate_certificate,26.8
599913,Proof Readers,bachelor_degree,28.3
599913,Proof Readers,advanced_diploma_diploma,9.9
599913,Proof Readers,certificate_iii_iv,9.2
599913,Proof Readers,year_12,14
599913,Proof Readers,year_11,2.9
599913,Proof Readers,year_10_and_below,5.9
599914,Radio Despatchers,post_graduate_graduate_diploma_or_graduate_certificate,4
599914,Radio Despatchers,bachelor_degree,17.3
599914,Radio Despatchers,advanced_diploma_diploma,19.1
599914,Radio Despatchers,certificate_iii_iv,28.3
599914,Radio Despatchers,year_12,17.8
599914,Radio Despatchers,year_11,3.2
599914,Radio Despatchers,year_10_and_below,5.8
599915,Clinical Coders,post_graduate_graduate_diploma_or_graduate_certificate,9.9
599915,Clinical Coders,bachelor_degree,29.1
599915,Clinical Coders,advanced_diploma_diploma,17.1
599915,Clinical Coders,certificate_iii_iv,17.3
599915,Clinical Coders,year_12,6.4
599915,Clinical Coders,year_11,1.4
599915,Clinical Coders,year_10_and_below,2.5
599916,Facilities Administrators,post_graduate_graduate_diploma_or_graduate_certificate,6
599916,Facilities Administrators,bachelor_degree,16.3
599916,Facilities Administrators,advanced_diploma_diploma,18.8
599916,Facilities Administrators,certificate_iii_iv,30.1
599916,Facilities Administrators,year_12,14.2
599916,Facilities Administrators,year_11,3.1
599916,Facilities Administrators,year_10_and_below,7.8
599999,Clerical and Administrative Workers (not covered elsewhere),post_graduate_graduate_diploma_or_graduate_certificate,13.7
599999,Clerical and Administrative Workers (not covered elsewhere),bachelor_degree,35.4
599999,Clerical and Administrative Workers (not covered elsewhere),advanced_diploma_diploma,10.9
599999,Clerical and Administrative Workers (not covered elsewhere),certificate_iii_iv,9.9
599999,Clerical and Administrative Workers (not covered elsewhere),year_12,21.3
599999,Clerical and Administrative Workers (not covered elsewhere),year_11,1.8
599999,Clerical and Administrative Workers (not covered elsewhere),year_10_and_below,3.8
611111,Auctioneers,post_graduate_graduate_diploma_or_graduate_certificate,2.5
611111,Auctioneers,bachelor_degree,15.2
611111,Auctioneers,advanced_diploma_diploma,13.2
611111,Auctioneers,certificate_iii_iv,18.7
611111,Auctioneers,year_12,26.1
611111,Auctioneers,year_11,4.1
611111,Auctioneers,year_10_and_below,11.5
611112,Stock and Station Agents,post_graduate_graduate_diploma_or_graduate_certificate,1
611112,Stock and Station Agents,bachelor_degree,8.6
611112,Stock and Station Agents,advanced_diploma_diploma,12.7
611112,Stock and Station Agents,certificate_iii_iv,20
611112,Stock and Station Agents,year_12,23.5
611112,Stock and Station Agents,year_11,8.1
611112,Stock and Station Agents,year_10_and_below,15.8
611311,Sales Representatives (Building and Plumbing Supplies),post_graduate_graduate_diploma_or_graduate_certificate,2.7
611311,Sales Representatives (Building and Plumbing Supplies),bachelor_degree,10.3
611311,Sales Representatives (Building and Plumbing Supplies),advanced_diploma_diploma,12.3
611311,Sales Representatives (Building and Plumbing Supplies),certificate_iii_iv,25.6
611311,Sales Representatives (Building and Plumbing Supplies),year_12,25.5
611311,Sales Representatives (Building and Plumbing Supplies),year_11,6.4
611311,Sales Representatives (Building and Plumbing Supplies),year_10_and_below,12.4
611312,Sales Representatives (Business Services),post_graduate_graduate_diploma_or_graduate_certificate,7.1
611312,Sales Representatives (Business Services),bachelor_degree,28.4
611312,Sales Representatives (Business Services),advanced_diploma_diploma,13.5
611312,Sales Representatives (Business Services),certificate_iii_iv,13.2
611312,Sales Representatives (Business Services),year_12,22.7
611312,Sales Representatives (Business Services),year_11,4.1
611312,Sales Representatives (Business Services),year_10_and_below,6.7
611313,Sales Representatives (Motor Vehicle Parts and Accessories),post_graduate_graduate_diploma_or_graduate_certificate,2.5
611313,Sales Representatives (Motor Vehicle Parts and Accessories),bachelor_degree,8.1
611313,Sales Representatives (Motor Vehicle Parts and Accessories),advanced_diploma_diploma,9.7
611313,Sales Representatives (Motor Vehicle Parts and Accessories),certificate_iii_iv,31.1
611313,Sales Representatives (Motor Vehicle Parts and Accessories),year_12,22
611313,Sales Representatives (Motor Vehicle Parts and Accessories),year_11,7.6
611313,Sales Representatives (Motor Vehicle Parts and Accessories),year_10_and_below,14.4
611314,Sales Representatives (Personal and Household Goods),post_graduate_graduate_diploma_or_graduate_certificate,4.9
611314,Sales Representatives (Personal and Household Goods),bachelor_degree,19.4
611314,Sales Representatives (Personal and Household Goods),advanced_diploma_diploma,13
611314,Sales Representatives (Personal and Household Goods),certificate_iii_iv,16.6
611314,Sales Representatives (Personal and Household Goods),year_12,25
611314,Sales Representatives (Personal and Household Goods),year_11,5.5
611314,Sales Representatives (Personal and Household Goods),year_10_and_below,10.8
611399,Other Sales Representatives,post_graduate_graduate_diploma_or_graduate_certificate,7.4
611399,Other Sales Representatives,bachelor_degree,21.4
611399,Other Sales Representatives,advanced_diploma_diploma,14.5
611399,Other Sales Representatives,certificate_iii_iv,18.3
611399,Other Sales Representatives,year_12,21.7
611399,Other Sales Representatives,year_11,4.2
611399,Other Sales Representatives,year_10_and_below,7.8
612111,Business Brokers,post_graduate_graduate_diploma_or_graduate_certificate,15.4
612111,Business Brokers,bachelor_degree,28.3
612111,Business Brokers,advanced_diploma_diploma,18.3
612111,Business Brokers,certificate_iii_iv,14.2
612111,Business Brokers,year_12,11
612111,Business Brokers,year_11,2.2
612111,Business Brokers,year_10_and_below,3.8
612112,Property Managers,post_graduate_graduate_diploma_or_graduate_certificate,8.2
612112,Property Managers,bachelor_degree,19.7
612112,Property Managers,advanced_diploma_diploma,16.9
612112,Property Managers,certificate_iii_iv,21.2
612112,Property Managers,year_12,15.5
612112,Property Managers,year_11,2.8
612112,Property Managers,year_10_and_below,5.8
612113,Real Estate Agency Principals,post_graduate_graduate_diploma_or_graduate_certificate,10.5
612113,Real Estate Agency Principals,bachelor_degree,22.9
612113,Real Estate Agency Principals,advanced_diploma_diploma,22.3
612113,Real Estate Agency Principals,certificate_iii_iv,19.5
612113,Real Estate Agency Principals,year_12,10.5
612113,Real Estate Agency Principals,year_11,1.5
612113,Real Estate Agency Principals,year_10_and_below,3.7
612114,Real Estate Agents,post_graduate_graduate_diploma_or_graduate_certificate,6.3
612114,Real Estate Agents,bachelor_degree,18.9
612114,Real Estate Agents,advanced_diploma_diploma,19.7
612114,Real Estate Agents,certificate_iii_iv,23.7
612114,Real Estate Agents,year_12,15.2
612114,Real Estate Agents,year_11,1.9
612114,Real Estate Agents,year_10_and_below,3.7
612115,Real Estate Representatives,post_graduate_graduate_diploma_or_graduate_certificate,7
612115,Real Estate Representatives,bachelor_degree,19.4
612115,Real Estate Representatives,advanced_diploma_diploma,16.7
612115,Real Estate Representatives,certificate_iii_iv,20.2
612115,Real Estate Representatives,year_12,18.2
612115,Real Estate Representatives,year_11,3
612115,Real Estate Representatives,year_10_and_below,5.1
621311,Motor Vehicle and Caravan Salespersons,post_graduate_graduate_diploma_or_graduate_certificate,2.5
621311,Motor Vehicle and Caravan Salespersons,bachelor_degree,9.1
621311,Motor Vehicle and Caravan Salespersons,advanced_diploma_diploma,9.8
621311,Motor Vehicle and Caravan Salespersons,certificate_iii_iv,22.8
621311,Motor Vehicle and Caravan Salespersons,year_12,30.5
621311,Motor Vehicle and Caravan Salespersons,year_11,6.6
621311,Motor Vehicle and Caravan Salespersons,year_10_and_below,13.5
621312,Motor Vehicle Parts Interpreters,post_graduate_graduate_diploma_or_graduate_certificate,1.1
621312,Motor Vehicle Parts Interpreters,bachelor_degree,4.3
621312,Motor Vehicle Parts Interpreters,advanced_diploma_diploma,6.3
621312,Motor Vehicle Parts Interpreters,certificate_iii_iv,33.5
621312,Motor Vehicle Parts Interpreters,year_12,26.8
621312,Motor Vehicle Parts Interpreters,year_11,8.2
621312,Motor Vehicle Parts Interpreters,year_10_and_below,16.2
621711,Cash Van Salespersons,post_graduate_graduate_diploma_or_graduate_certificate,2.5
621711,Cash Van Salespersons,bachelor_degree,8.6
621711,Cash Van Salespersons,advanced_diploma_diploma,8.8
621711,Cash Van Salespersons,certificate_iii_iv,22.5
621711,Cash Van Salespersons,year_12,22.6
621711,Cash Van Salespersons,year_11,6.9
621711,Cash Van Salespersons,year_10_and_below,22.9
621712,Door-to-door Salespersons,post_graduate_graduate_diploma_or_graduate_certificate,10.5
621712,Door-to-door Salespersons,bachelor_degree,25.8
621712,Door-to-door Salespersons,advanced_diploma_diploma,12
621712,Door-to-door Salespersons,certificate_iii_iv,12.9
621712,Door-to-door Salespersons,year_12,22.7
621712,Door-to-door Salespersons,year_11,3.7
621712,Door-to-door Salespersons,year_10_and_below,7.4
621713,Street Vendors,post_graduate_graduate_diploma_or_graduate_certificate,5.6
621713,Street Vendors,bachelor_degree,15.5
621713,Street Vendors,advanced_diploma_diploma,12.2
621713,Street Vendors,certificate_iii_iv,14.1
621713,Street Vendors,year_12,20.7
621713,Street Vendors,year_11,6.1
621713,Street Vendors,year_10_and_below,21
621911,Materials Recyclers,post_graduate_graduate_diploma_or_graduate_certificate,1.5
621911,Materials Recyclers,bachelor_degree,4.2
621911,Materials Recyclers,advanced_diploma_diploma,3.6
621911,Materials Recyclers,certificate_iii_iv,19.9
621911,Materials Recyclers,year_12,21.6
621911,Materials Recyclers,year_11,7.4
621911,Materials Recyclers,year_10_and_below,32.4
621912,Rental Salespersons,post_graduate_graduate_diploma_or_graduate_certificate,4.2
621912,Rental Salespersons,bachelor_degree,11.9
621912,Rental Salespersons,advanced_diploma_diploma,11.9
621912,Rental Salespersons,certificate_iii_iv,20
621912,Rental Salespersons,year_12,29.2
621912,Rental Salespersons,year_11,5.9
621912,Rental Salespersons,year_10_and_below,12
621999,Sales Assistants and Salespersons (not covered elsewhere),post_graduate_graduate_diploma_or_graduate_certificate,3.5
621999,Sales Assistants and Salespersons (not covered elsewhere),bachelor_degree,13.7
621999,Sales Assistants and Salespersons (not covered elsewhere),advanced_diploma_diploma,11.7
621999,Sales Assistants and Salespersons (not covered elsewhere),certificate_iii_iv,21.9
621999,Sales Assistants and Salespersons (not covered elsewhere),year_12,23.4
621999,Sales Assistants and Salespersons (not covered elsewhere),year_11,6.7
621999,Sales Assistants and Salespersons (not covered elsewhere),year_10_and_below,14.5
631111,Checkout Operators,post_graduate_graduate_diploma_or_graduate_certificate,3.4
631111,Checkout Operators,bachelor_degree,7.3
631111,Checkout Operators,advanced_diploma_diploma,5.3
631111,Checkout Operators,certificate_iii_iv,9.4
631111,Checkout Operators,year_12,32.6
631111,Checkout Operators,year_11,13.3
631111,Checkout Operators,year_10_and_below,25.7
631112,Cashiers,post_graduate_graduate_diploma_or_graduate_certificate,4.6
631112,Cashiers,bachelor_degree,13.4
631112,Cashiers,advanced_diploma_diploma,8.8
631112,Cashiers,certificate_iii_iv,7.9
631112,Cashiers,year_12,31.5
631112,Cashiers,year_11,9.5
631112,Cashiers,year_10_and_below,18.8
639111,Models,post_graduate_graduate_diploma_or_graduate_certificate,6.9
639111,Models,bachelor_degree,20.6
639111,Models,advanced_diploma_diploma,12.3
639111,Models,certificate_iii_iv,10
639111,Models,year_12,34.2
639111,Models,year_11,6.1
639111,Models,year_10_and_below,6.9
639112,Sales Demonstrators,post_graduate_graduate_diploma_or_graduate_certificate,2.7
639112,Sales Demonstrators,bachelor_degree,9.6
639112,Sales Demonstrators,advanced_diploma_diploma,10.9
639112,Sales Demonstrators,certificate_iii_iv,16.6
639112,Sales Demonstrators,year_12,26
639112,Sales Demonstrators,year_11,8.4
639112,Sales Demonstrators,year_10_and_below,20.9
639211,Retail Buyers,post_graduate_graduate_diploma_or_graduate_certificate,7.3
639211,Retail Buyers,bachelor_degree,38.3
639211,Retail Buyers,advanced_diploma_diploma,15
639211,Retail Buyers,certificate_iii_iv,8.6
639211,Retail Buyers,year_12,19.2
639211,Retail Buyers,year_11,2.7
639211,Retail Buyers,year_10_and_below,5.2
639212,Wool Buyers,post_graduate_graduate_diploma_or_graduate_certificate,0
639212,Wool Buyers,bachelor_degree,8.3
639212,Wool Buyers,advanced_diploma_diploma,11.9
639212,Wool Buyers,certificate_iii_iv,31.6
639212,Wool Buyers,year_12,17.1
639212,Wool Buyers,year_11,6.7
639212,Wool Buyers,year_10_and_below,16.1
639411,Ticket Sellers,post_graduate_graduate_diploma_or_graduate_certificate,4.5
639411,Ticket Sellers,bachelor_degree,17.2
639411,Ticket Sellers,advanced_diploma_diploma,13.7
639411,Ticket Sellers,certificate_iii_iv,14.2
639411,Ticket Sellers,year_12,29.2
639411,Ticket Sellers,year_11,5.8
639411,Ticket Sellers,year_10_and_below,10.7
639412,Transport Conductors,post_graduate_graduate_diploma_or_graduate_certificate,3.9
639412,Transport Conductors,bachelor_degree,11.3
639412,Transport Conductors,advanced_diploma_diploma,10.4
639412,Transport Conductors,certificate_iii_iv,24.1
639412,Transport Conductors,year_12,24.1
639412,Transport Conductors,year_11,8.9
639412,Transport Conductors,year_10_and_below,10.7
711111,Clay Products Machine Operators,post_graduate_graduate_diploma_or_graduate_certificate,1.7
711111,Clay Products Machine Operators,bachelor_degree,4.2
711111,Clay Products Machine Operators,advanced_diploma_diploma,4.3
711111,Clay Products Machine Operators,certificate_iii_iv,20.9
711111,Clay Products Machine Operators,year_12,25.7
711111,Clay Products Machine Operators,year_11,7
711111,Clay Products Machine Operators,year_10_and_below,30.4
711112,Concrete Products Machine Operators,post_graduate_graduate_diploma_or_graduate_certificate,0.7
711112,Concrete Products Machine Operators,bachelor_degree,3
711112,Concrete Products Machine Operators,advanced_diploma_diploma,5.4
711112,Concrete Products Machine Operators,certificate_iii_iv,27.9
711112,Concrete Products Machine Operators,year_12,22.4
711112,Concrete Products Machine Operators,year_11,8.9
711112,Concrete Products Machine Operators,year_10_and_below,29.2
711113,Glass Production Machine Operators,post_graduate_graduate_diploma_or_graduate_certificate,2.2
711113,Glass Production Machine Operators,bachelor_degree,7.1
711113,Glass Production Machine Operators,advanced_diploma_diploma,5.8
711113,Glass Production Machine Operators,certificate_iii_iv,27.4
711113,Glass Production Machine Operators,year_12,23.6
711113,Glass Production Machine Operators,year_11,8.1
711113,Glass Production Machine Operators,year_10_and_below,19.5
711114,Stone Processing Machine Operators,post_graduate_graduate_diploma_or_graduate_certificate,2.1
711114,Stone Processing Machine Operators,bachelor_degree,6
711114,Stone Processing Machine Operators,advanced_diploma_diploma,6.7
711114,Stone Processing Machine Operators,certificate_iii_iv,28.5
711114,Stone Processing Machine Operators,year_12,29.6
711114,Stone Processing Machine Operators,year_11,4.9
711114,Stone Processing Machine Operators,year_10_and_below,22.2
711199,"Other Clay, Concrete, Glass and Stone Processing Machine Operators",post_graduate_graduate_diploma_or_graduate_certificate,0
711199,"Other Clay, Concrete, Glass and Stone Processing Machine Operators",bachelor_degree,8.7
711199,"Other Clay, Concrete, Glass and Stone Processing Machine Operators",advanced_diploma_diploma,6.8
711199,"Other Clay, Concrete, Glass and Stone Processing Machine Operators",certificate_iii_iv,17.9
711199,"Other Clay, Concrete, Glass and Stone Processing Machine Operators",year_12,26.6
711199,"Other Clay, Concrete, Glass and Stone Processing Machine Operators",year_11,7.2
711199,"Other Clay, Concrete, Glass and Stone Processing Machine Operators",year_10_and_below,26.6
711311,Paper Products Machine Operators,post_graduate_graduate_diploma_or_graduate_certificate,1.6
711311,Paper Products Machine Operators,bachelor_degree,6.4
711311,Paper Products Machine Operators,advanced_diploma_diploma,7
711311,Paper Products Machine Operators,certificate_iii_iv,20.3
711311,Paper Products Machine Operators,year_12,27.7
711311,Paper Products Machine Operators,year_11,8.3
711311,Paper Products Machine Operators,year_10_and_below,22.5
711313,Sawmilling Operators,post_graduate_graduate_diploma_or_graduate_certificate,0.6
711313,Sawmilling Operators,bachelor_degree,2.4
711313,Sawmilling Operators,advanced_diploma_diploma,2.1
711313,Sawmilling Operators,certificate_iii_iv,23.8
711313,Sawmilling Operators,year_12,18.9
711313,Sawmilling Operators,year_11,9.8
711313,Sawmilling Operators,year_10_and_below,36.4
711314,Other Wood Processing Machine Operators,post_graduate_graduate_diploma_or_graduate_certificate,0.9
711314,Other Wood Processing Machine Operators,bachelor_degree,3.6
711314,Other Wood Processing Machine Operators,advanced_diploma_diploma,4.3
711314,Other Wood Processing Machine Operators,certificate_iii_iv,24.1
711314,Other Wood Processing Machine Operators,year_12,22.4
711314,Other Wood Processing Machine Operators,year_11,8.4
711314,Other Wood Processing Machine Operators,year_10_and_below,30.8
711511,Plastic Cablemaking Machine Operators,post_graduate_graduate_diploma_or_graduate_certificate,0
711511,Plastic Cablemaking Machine Operators,bachelor_degree,8.9
711511,Plastic Cablemaking Machine Operators,advanced_diploma_diploma,7.1
711511,Plastic Cablemaking Machine Operators,certificate_iii_iv,26.8
711511,Plastic Cablemaking Machine Operators,year_12,19.6
711511,Plastic Cablemaking Machine Operators,year_11,8.9
711511,Plastic Cablemaking Machine Operators,year_10_and_below,21.4
711512,Plastic Compounding and Reclamation Machine Operators,post_graduate_graduate_diploma_or_graduate_certificate,5.1
711512,Plastic Compounding and Reclamation Machine Operators,bachelor_degree,6.8
711512,Plastic Compounding and Reclamation Machine Operators,advanced_diploma_diploma,0
711512,Plastic Compounding and Reclamation Machine Operators,certificate_iii_iv,35.6
711512,Plastic Compounding and Reclamation Machine Operators,year_12,16.9
711512,Plastic Compounding and Reclamation Machine Operators,year_11,6.8
711512,Plastic Compounding and Reclamation Machine Operators,year_10_and_below,13.6
711513,Plastics Fabricators and Welders,post_graduate_graduate_diploma_or_graduate_certificate,0.4
711513,Plastics Fabricators and Welders,bachelor_degree,2.8
711513,Plastics Fabricators and Welders,advanced_diploma_diploma,4
711513,Plastics Fabricators and Welders,certificate_iii_iv,38.4
711513,Plastics Fabricators and Welders,year_12,19.8
711513,Plastics Fabricators and Welders,year_11,6.9
711513,Plastics Fabricators and Welders,year_10_and_below,20.2
711514,Plastics Production Machine Operators (General),post_graduate_graduate_diploma_or_graduate_certificate,1.9
711514,Plastics Production Machine Operators (General),bachelor_degree,7
711514,Plastics Production Machine Operators (General),advanced_diploma_diploma,7.2
711514,Plastics Production Machine Operators (General),certificate_iii_iv,22.6
711514,Plastics Production Machine Operators (General),year_12,25.1
711514,Plastics Production Machine Operators (General),year_11,6.3
711514,Plastics Production Machine Operators (General),year_10_and_below,22.9
711515,Reinforced Plastic and Composite Production Workers,post_graduate_graduate_diploma_or_graduate_certificate,0.5
711515,Reinforced Plastic and Composite Production Workers,bachelor_degree,2.4
711515,Reinforced Plastic and Composite Production Workers,advanced_diploma_diploma,4.5
711515,Reinforced Plastic and Composite Production Workers,certificate_iii_iv,26
711515,Reinforced Plastic and Composite Production Workers,year_12,19
711515,Reinforced Plastic and Composite Production Workers,year_11,11.1
711515,Reinforced Plastic and Composite Production Workers,year_10_and_below,31.7
711516,Rubber Production Machine Operators,post_graduate_graduate_diploma_or_graduate_certificate,0.3
711516,Rubber Production Machine Operators,bachelor_degree,2.7
711516,Rubber Production Machine Operators,advanced_diploma_diploma,4.3
711516,Rubber Production Machine Operators,certificate_iii_iv,39.5
711516,Rubber Production Machine Operators,year_12,20.5
711516,Rubber Production Machine Operators,year_11,7.5
711516,Rubber Production Machine Operators,year_10_and_below,21.1
711599,Other Plastics and Rubber Production Machine Operators,post_graduate_graduate_diploma_or_graduate_certificate,2.7
711599,Other Plastics and Rubber Production Machine Operators,bachelor_degree,4.1
711599,Other Plastics and Rubber Production Machine Operators,advanced_diploma_diploma,4.7
711599,Other Plastics and Rubber Production Machine Operators,certificate_iii_iv,19.6
711599,Other Plastics and Rubber Production Machine Operators,year_12,30.4
711599,Other Plastics and Rubber Production Machine Operators,year_11,6.1
711599,Other Plastics and Rubber Production Machine Operators,year_10_and_below,25
711711,Footwear Production Machine Operators,post_graduate_graduate_diploma_or_graduate_certificate,0
711711,Footwear Production Machine Operators,bachelor_degree,5.9
711711,Footwear Production Machine Operators,advanced_diploma_diploma,7.4
711711,Footwear Production Machine Operators,certificate_iii_iv,15.4
711711,Footwear Production Machine Operators,year_12,25.7
711711,Footwear Production Machine Operators,year_11,8.1
711711,Footwear Production Machine Operators,year_10_and_below,39.7
711712,Hide and Skin Processing Machine Operators,post_graduate_graduate_diploma_or_graduate_certificate,0
711712,Hide and Skin Processing Machine Operators,bachelor_degree,3.9
711712,Hide and Skin Processing Machine Operators,advanced_diploma_diploma,9.7
711712,Hide and Skin Processing Machine Operators,certificate_iii_iv,24.5
711712,Hide and Skin Processing Machine Operators,year_12,26.5
711712,Hide and Skin Processing Machine Operators,year_11,5.8
711712,Hide and Skin Processing Machine Operators,year_10_and_below,25.8
711713,Knitting Machine Operators,post_graduate_graduate_diploma_or_graduate_certificate,9.3
711713,Knitting Machine Operators,bachelor_degree,16.7
711713,Knitting Machine Operators,advanced_diploma_diploma,11.1
711713,Knitting Machine Operators,certificate_iii_iv,20.4
711713,Knitting Machine Operators,year_12,18.5
711713,Knitting Machine Operators,year_11,7.4
711713,Knitting Machine Operators,year_10_and_below,11.1
711714,Textile Dyeing and Finishing Machine Operators,post_graduate_graduate_diploma_or_graduate_certificate,5.3
711714,Textile Dyeing and Finishing Machine Operators,bachelor_degree,14.9
711714,Textile Dyeing and Finishing Machine Operators,advanced_diploma_diploma,12.8
711714,Textile Dyeing and Finishing Machine Operators,certificate_iii_iv,17
711714,Textile Dyeing and Finishing Machine Operators,year_12,16
711714,Textile Dyeing and Finishing Machine Operators,year_11,9.6
711714,Textile Dyeing and Finishing Machine Operators,year_10_and_below,14.9
711715,Weaving Machine Operators,post_graduate_graduate_diploma_or_graduate_certificate,2.7
711715,Weaving Machine Operators,bachelor_degree,11.3
711715,Weaving Machine Operators,advanced_diploma_diploma,7.2
711715,Weaving Machine Operators,certificate_iii_iv,10
711715,Weaving Machine Operators,year_12,20.4
711715,Weaving Machine Operators,year_11,9.5
711715,Weaving Machine Operators,year_10_and_below,31.7
711716,Yarn Carding and Spinning Machine Operators,post_graduate_graduate_diploma_or_graduate_certificate,0
711716,Yarn Carding and Spinning Machine Operators,bachelor_degree,12.1
711716,Yarn Carding and Spinning Machine Operators,advanced_diploma_diploma,7
711716,Yarn Carding and Spinning Machine Operators,certificate_iii_iv,28.8
711716,Yarn Carding and Spinning Machine Operators,year_12,18.1
711716,Yarn Carding and Spinning Machine Operators,year_11,5.6
711716,Yarn Carding and Spinning Machine Operators,year_10_and_below,20.5
711799,Other Textile and Footwear Production Machine Operators,post_graduate_graduate_diploma_or_graduate_certificate,3.1
711799,Other Textile and Footwear Production Machine Operators,bachelor_degree,6.1
711799,Other Textile and Footwear Production Machine Operators,advanced_diploma_diploma,6.4
711799,Other Textile and Footwear Production Machine Operators,certificate_iii_iv,16.3
711799,Other Textile and Footwear Production Machine Operators,year_12,27.2
711799,Other Textile and Footwear Production Machine Operators,year_11,5.6
711799,Other Textile and Footwear Production Machine Operators,year_10_and_below,26
711911,Chemical Production Machine Operators,post_graduate_graduate_diploma_or_graduate_certificate,5.9
711911,Chemical Production Machine Operators,bachelor_degree,16.5
711911,Chemical Production Machine Operators,advanced_diploma_diploma,10.9
711911,Chemical Production Machine Operators,certificate_iii_iv,19.1
711911,Chemical Production Machine Operators,year_12,22.5
711911,Chemical Production Machine Operators,year_11,5.2
711911,Chemical Production Machine Operators,year_10_and_below,14.5
711912,Motion Picture Projectionists,post_graduate_graduate_diploma_or_graduate_certificate,3
711912,Motion Picture Projectionists,bachelor_degree,17.2
711912,Motion Picture Projectionists,advanced_diploma_diploma,9.1
711912,Motion Picture Projectionists,certificate_iii_iv,15.2
711912,Motion Picture Projectionists,year_12,30.3
711912,Motion Picture Projectionists,year_11,6.1
711912,Motion Picture Projectionists,year_10_and_below,14.1
711913,Sand Blasters,post_graduate_graduate_diploma_or_graduate_certificate,0.4
711913,Sand Blasters,bachelor_degree,2.2
711913,Sand Blasters,advanced_diploma_diploma,2.2
711913,Sand Blasters,certificate_iii_iv,28.3
711913,Sand Blasters,year_12,19.6
711913,Sand Blasters,year_11,7.3
711913,Sand Blasters,year_10_and_below,36
711914,Sterilisation Technicians,post_graduate_graduate_diploma_or_graduate_certificate,4.6
711914,Sterilisation Technicians,bachelor_degree,16.8
711914,Sterilisation Technicians,advanced_diploma_diploma,10.5
711914,Sterilisation Technicians,certificate_iii_iv,38.8
711914,Sterilisation Technicians,year_12,8.7
711914,Sterilisation Technicians,year_11,2.3
711914,Sterilisation Technicians,year_10_and_below,7.6
711999,Machine Operators (not covered elsewhere),post_graduate_graduate_diploma_or_graduate_certificate,2.1
711999,Machine Operators (not covered elsewhere),bachelor_degree,8
711999,Machine Operators (not covered elsewhere),advanced_diploma_diploma,7.3
711999,Machine Operators (not covered elsewhere),certificate_iii_iv,24.3
711999,Machine Operators (not covered elsewhere),year_12,26.9
711999,Machine Operators (not covered elsewhere),year_11,6.7
711999,Machine Operators (not covered elsewhere),year_10_and_below,19.4
712211,Drillers,post_graduate_graduate_diploma_or_graduate_certificate,0.7
712211,Drillers,bachelor_degree,2.8
712211,Drillers,advanced_diploma_diploma,6.5
712211,Drillers,certificate_iii_iv,40.8
712211,Drillers,year_12,17.9
712211,Drillers,year_11,6.8
712211,Drillers,year_10_and_below,18.1
712212,Miners,post_graduate_graduate_diploma_or_graduate_certificate,0.5
712212,Miners,bachelor_degree,2.4
712212,Miners,advanced_diploma_diploma,4.7
712212,Miners,certificate_iii_iv,37.1
712212,Miners,year_12,19.4
712212,Miners,year_11,7.3
712212,Miners,year_10_and_below,24.4
712213,Shot Firers,post_graduate_graduate_diploma_or_graduate_certificate,1.1
712213,Shot Firers,bachelor_degree,3.1
712213,Shot Firers,advanced_diploma_diploma,5.9
712213,Shot Firers,certificate_iii_iv,39.6
712213,Shot Firers,year_12,22.3
712213,Shot Firers,year_11,7.2
712213,Shot Firers,year_10_and_below,14.8
712911,Boiler and Engine Operators,post_graduate_graduate_diploma_or_graduate_certificate,0
712911,Boiler and Engine Operators,bachelor_degree,2.8
712911,Boiler and Engine Operators,advanced_diploma_diploma,5
712911,Boiler and Engine Operators,certificate_iii_iv,45.6
712911,Boiler and Engine Operators,year_12,13.1
712911,Boiler and Engine Operators,year_11,6.6
712911,Boiler and Engine Operators,year_10_and_below,17.3
712912,Bulk Materials Handling Plant Operators,post_graduate_graduate_diploma_or_graduate_certificate,1
712912,Bulk Materials Handling Plant Operators,bachelor_degree,3.8
712912,Bulk Materials Handling Plant Operators,advanced_diploma_diploma,4.2
712912,Bulk Materials Handling Plant Operators,certificate_iii_iv,29
712912,Bulk Materials Handling Plant Operators,year_12,22.1
712912,Bulk Materials Handling Plant Operators,year_11,8
712912,Bulk Materials Handling Plant Operators,year_10_and_below,27.6
712913,Cement Production Plant Operators,post_graduate_graduate_diploma_or_graduate_certificate,0
712913,Cement Production Plant Operators,bachelor_degree,4.5
712913,Cement Production Plant Operators,advanced_diploma_diploma,4.8
712913,Cement Production Plant Operators,certificate_iii_iv,40.8
712913,Cement Production Plant Operators,year_12,14.1
712913,Cement Production Plant Operators,year_11,5.1
712913,Cement Production Plant Operators,year_10_and_below,25.7
712914,Concrete Batching Plant Operators,post_graduate_graduate_diploma_or_graduate_certificate,1.1
712914,Concrete Batching Plant Operators,bachelor_degree,2.4
712914,Concrete Batching Plant Operators,advanced_diploma_diploma,4.3
712914,Concrete Batching Plant Operators,certificate_iii_iv,30.7
712914,Concrete Batching Plant Operators,year_12,22.5
712914,Concrete Batching Plant Operators,year_11,8.9
712914,Concrete Batching Plant Operators,year_10_and_below,27
712915,Concrete Pump Operators,post_graduate_graduate_diploma_or_graduate_certificate,0.2
712915,Concrete Pump Operators,bachelor_degree,1
712915,Concrete Pump Operators,advanced_diploma_diploma,2.9
712915,Concrete Pump Operators,certificate_iii_iv,29
712915,Concrete Pump Operators,year_12,21.8
712915,Concrete Pump Operators,year_11,9
712915,Concrete Pump Operators,year_10_and_below,32.6
712916,Paper and Pulp Mill Operators,post_graduate_graduate_diploma_or_graduate_certificate,1.8
712916,Paper and Pulp Mill Operators,bachelor_degree,4.8
712916,Paper and Pulp Mill Operators,advanced_diploma_diploma,5.4
712916,Paper and Pulp Mill Operators,certificate_iii_iv,28.5
712916,Paper and Pulp Mill Operators,year_12,22.5
712916,Paper and Pulp Mill Operators,year_11,8.8
712916,Paper and Pulp Mill Operators,year_10_and_below,25
712917,Railway Signal Operators,post_graduate_graduate_diploma_or_graduate_certificate,2.2
712917,Railway Signal Operators,bachelor_degree,5.1
712917,Railway Signal Operators,advanced_diploma_diploma,7.4
712917,Railway Signal Operators,certificate_iii_iv,34.7
712917,Railway Signal Operators,year_12,20.8
712917,Railway Signal Operators,year_11,6.5
712917,Railway Signal Operators,year_10_and_below,19.5
712918,Train Controllers,post_graduate_graduate_diploma_or_graduate_certificate,2.9
712918,Train Controllers,bachelor_degree,12.6
712918,Train Controllers,advanced_diploma_diploma,11.4
712918,Train Controllers,certificate_iii_iv,35.2
712918,Train Controllers,year_12,14.8
712918,Train Controllers,year_11,5.5
712918,Train Controllers,year_10_and_below,13.5
712921,Waste Water and Water Plant Operators,post_graduate_graduate_diploma_or_graduate_certificate,3.1
712921,Waste Water and Water Plant Operators,bachelor_degree,8
712921,Waste Water and Water Plant Operators,advanced_diploma_diploma,8.2
712921,Waste Water and Water Plant Operators,certificate_iii_iv,54.4
712921,Waste Water and Water Plant Operators,year_12,9
712921,Waste Water and Water Plant Operators,year_11,3.4
712921,Waste Water and Water Plant Operators,year_10_and_below,10.2
712922,Weighbridge Operators,post_graduate_graduate_diploma_or_graduate_certificate,1.2
712922,Weighbridge Operators,bachelor_degree,4.4
712922,Weighbridge Operators,advanced_diploma_diploma,8
712922,Weighbridge Operators,certificate_iii_iv,24.2
712922,Weighbridge Operators,year_12,25.3
712922,Weighbridge Operators,year_11,8.4
712922,Weighbridge Operators,year_10_and_below,24.7
712999,Stationary Plant Operators (not covered elsewhere),post_graduate_graduate_diploma_or_graduate_certificate,1.8
712999,Stationary Plant Operators (not covered elsewhere),bachelor_degree,5.7
712999,Stationary Plant Operators (not covered elsewhere),advanced_diploma_diploma,5.3
712999,Stationary Plant Operators (not covered elsewhere),certificate_iii_iv,35.1
712999,Stationary Plant Operators (not covered elsewhere),year_12,18.1
712999,Stationary Plant Operators (not covered elsewhere),year_11,7.7
712999,Stationary Plant Operators (not covered elsewhere),year_10_and_below,21.5
721111,Agricultural and Horticultural Mobile Plant Operators,post_graduate_graduate_diploma_or_graduate_certificate,0.8
721111,Agricultural and Horticultural Mobile Plant Operators,bachelor_degree,3.9
721111,Agricultural and Horticultural Mobile Plant Operators,advanced_diploma_diploma,4.7
721111,Agricultural and Horticultural Mobile Plant Operators,certificate_iii_iv,27.6
721111,Agricultural and Horticultural Mobile Plant Operators,year_12,19.1
721111,Agricultural and Horticultural Mobile Plant Operators,year_11,7.9
721111,Agricultural and Horticultural Mobile Plant Operators,year_10_and_below,31.1
721112,Logging Plant Operators,post_graduate_graduate_diploma_or_graduate_certificate,0
721112,Logging Plant Operators,bachelor_degree,0.7
721112,Logging Plant Operators,advanced_diploma_diploma,1.5
721112,Logging Plant Operators,certificate_iii_iv,31.3
721112,Logging Plant Operators,year_12,11.7
721112,Logging Plant Operators,year_11,11
721112,Logging Plant Operators,year_10_and_below,38.3
721211,Earthmoving Plant Operators (General),post_graduate_graduate_diploma_or_graduate_certificate,0.6
721211,Earthmoving Plant Operators (General),bachelor_degree,2.7
721211,Earthmoving Plant Operators (General),advanced_diploma_diploma,5.5
721211,Earthmoving Plant Operators (General),certificate_iii_iv,40.8
721211,Earthmoving Plant Operators (General),year_12,12.8
721211,Earthmoving Plant Operators (General),year_11,6.3
721211,Earthmoving Plant Operators (General),year_10_and_below,27.2
721212,Backhoe Operators,post_graduate_graduate_diploma_or_graduate_certificate,0
721212,Backhoe Operators,bachelor_degree,0
721212,Backhoe Operators,advanced_diploma_diploma,0.7
721212,Backhoe Operators,certificate_iii_iv,30.4
721212,Backhoe Operators,year_12,10.9
721212,Backhoe Operators,year_11,5.3
721212,Backhoe Operators,year_10_and_below,47.3
721213,Bulldozer Operators,post_graduate_graduate_diploma_or_graduate_certificate,0.2
721213,Bulldozer Operators,bachelor_degree,1.1
721213,Bulldozer Operators,advanced_diploma_diploma,2
721213,Bulldozer Operators,certificate_iii_iv,28.6
721213,Bulldozer Operators,year_12,14.4
721213,Bulldozer Operators,year_11,6.5
721213,Bulldozer Operators,year_10_and_below,42.7
721214,Excavator Operators,post_graduate_graduate_diploma_or_graduate_certificate,0.1
721214,Excavator Operators,bachelor_degree,1.1
721214,Excavator Operators,advanced_diploma_diploma,2.7
721214,Excavator Operators,certificate_iii_iv,35.8
721214,Excavator Operators,year_12,14.2
721214,Excavator Operators,year_11,7.1
721214,Excavator Operators,year_10_and_below,33.8
721215,Grader Operators,post_graduate_graduate_diploma_or_graduate_certificate,0
721215,Grader Operators,bachelor_degree,0.5
721215,Grader Operators,advanced_diploma_diploma,1.7
721215,Grader Operators,certificate_iii_iv,30.4
721215,Grader Operators,year_12,11.3
721215,Grader Operators,year_11,8.7
721215,Grader Operators,year_10_and_below,42
721216,Loader Operators,post_graduate_graduate_diploma_or_graduate_certificate,0.3
721216,Loader Operators,bachelor_degree,1.5
721216,Loader Operators,advanced_diploma_diploma,2.5
721216,Loader Operators,certificate_iii_iv,28.5
721216,Loader Operators,year_12,15.7
721216,Loader Operators,year_11,9.6
721216,Loader Operators,year_10_and_below,37.5
721911,Aircraft Baggage Handlers and Airline Ground Crews,post_graduate_graduate_diploma_or_graduate_certificate,2.2
721911,Aircraft Baggage Handlers and Airline Ground Crews,bachelor_degree,9.9
721911,Aircraft Baggage Handlers and Airline Ground Crews,advanced_diploma_diploma,10.9
721911,Aircraft Baggage Handlers and Airline Ground Crews,certificate_iii_iv,20.8
721911,Aircraft Baggage Handlers and Airline Ground Crews,year_12,37.8
721911,Aircraft Baggage Handlers and Airline Ground Crews,year_11,5.2
721911,Aircraft Baggage Handlers and Airline Ground Crews,year_10_and_below,9.6
721912,Linemarkers,post_graduate_graduate_diploma_or_graduate_certificate,0.4
721912,Linemarkers,bachelor_degree,1.5
721912,Linemarkers,advanced_diploma_diploma,3.9
721912,Linemarkers,certificate_iii_iv,32.5
721912,Linemarkers,year_12,24.4
721912,Linemarkers,year_11,8.9
721912,Linemarkers,year_10_and_below,24.2
721913,Paving Plant Operators,post_graduate_graduate_diploma_or_graduate_certificate,0
721913,Paving Plant Operators,bachelor_degree,2
721913,Paving Plant Operators,advanced_diploma_diploma,3.6
721913,Paving Plant Operators,certificate_iii_iv,32.4
721913,Paving Plant Operators,year_12,17.2
721913,Paving Plant Operators,year_11,8
721913,Paving Plant Operators,year_10_and_below,32
721914,Railway Track Plant Operators,post_graduate_graduate_diploma_or_graduate_certificate,1.8
721914,Railway Track Plant Operators,bachelor_degree,3.1
721914,Railway Track Plant Operators,advanced_diploma_diploma,5.7
721914,Railway Track Plant Operators,certificate_iii_iv,37.8
721914,Railway Track Plant Operators,year_12,16.7
721914,Railway Track Plant Operators,year_11,8
721914,Railway Track Plant Operators,year_10_and_below,24.4
721915,Road Roller Operators,post_graduate_graduate_diploma_or_graduate_certificate,0
721915,Road Roller Operators,bachelor_degree,0.5
721915,Road Roller Operators,advanced_diploma_diploma,2.5
721915,Road Roller Operators,certificate_iii_iv,24.3
721915,Road Roller Operators,year_12,19.2
721915,Road Roller Operators,year_11,6.4
721915,Road Roller Operators,year_10_and_below,42.9
721916,Streetsweeper Operators,post_graduate_graduate_diploma_or_graduate_certificate,0
721916,Streetsweeper Operators,bachelor_degree,2.3
721916,Streetsweeper Operators,advanced_diploma_diploma,4.3
721916,Streetsweeper Operators,certificate_iii_iv,28.1
721916,Streetsweeper Operators,year_12,15.4
721916,Streetsweeper Operators,year_11,6.6
721916,Streetsweeper Operators,year_10_and_below,39.4
721999,Mobile Plant Operators (not covered elsewhere),post_graduate_graduate_diploma_or_graduate_certificate,0.2
721999,Mobile Plant Operators (not covered elsewhere),bachelor_degree,3.3
721999,Mobile Plant Operators (not covered elsewhere),advanced_diploma_diploma,5
721999,Mobile Plant Operators (not covered elsewhere),certificate_iii_iv,36.2
721999,Mobile Plant Operators (not covered elsewhere),year_12,23.4
721999,Mobile Plant Operators (not covered elsewhere),year_11,8.3
721999,Mobile Plant Operators (not covered elsewhere),year_10_and_below,19.4
731111,Chauffeurs,post_graduate_graduate_diploma_or_graduate_certificate,5
731111,Chauffeurs,bachelor_degree,13.3
731111,Chauffeurs,advanced_diploma_diploma,12.8
731111,Chauffeurs,certificate_iii_iv,19.7
731111,Chauffeurs,year_12,21
731111,Chauffeurs,year_11,5.8
731111,Chauffeurs,year_10_and_below,16.6
731112,Taxi Drivers,post_graduate_graduate_diploma_or_graduate_certificate,8.7
731112,Taxi Drivers,bachelor_degree,17
731112,Taxi Drivers,advanced_diploma_diploma,15.8
731112,Taxi Drivers,certificate_iii_iv,12.3
731112,Taxi Drivers,year_12,20.9
731112,Taxi Drivers,year_11,3.4
731112,Taxi Drivers,year_10_and_below,14.8
731199,Other Automobile Drivers,post_graduate_graduate_diploma_or_graduate_certificate,14.4
731199,Other Automobile Drivers,bachelor_degree,20.8
731199,Other Automobile Drivers,advanced_diploma_diploma,15.3
731199,Other Automobile Drivers,certificate_iii_iv,11.4
731199,Other Automobile Drivers,year_12,19.1
731199,Other Automobile Drivers,year_11,2.6
731199,Other Automobile Drivers,year_10_and_below,9.9
731211,Bus Drivers,post_graduate_graduate_diploma_or_graduate_certificate,4.1
731211,Bus Drivers,bachelor_degree,10.6
731211,Bus Drivers,advanced_diploma_diploma,11.9
731211,Bus Drivers,certificate_iii_iv,25.7
731211,Bus Drivers,year_12,15.2
731211,Bus Drivers,year_11,5.2
731211,Bus Drivers,year_10_and_below,21.1
731212,Charter and Tour Bus Drivers,post_graduate_graduate_diploma_or_graduate_certificate,2.9
731212,Charter and Tour Bus Drivers,bachelor_degree,8.9
731212,Charter and Tour Bus Drivers,advanced_diploma_diploma,11.2
731212,Charter and Tour Bus Drivers,certificate_iii_iv,27.6
731212,Charter and Tour Bus Drivers,year_12,13.4
731212,Charter and Tour Bus Drivers,year_11,5.5
731212,Charter and Tour Bus Drivers,year_10_and_below,23.9
731213,Passenger Coach Drivers,post_graduate_graduate_diploma_or_graduate_certificate,2.6
731213,Passenger Coach Drivers,bachelor_degree,5.9
731213,Passenger Coach Drivers,advanced_diploma_diploma,8.2
731213,Passenger Coach Drivers,certificate_iii_iv,33
731213,Passenger Coach Drivers,year_12,12.8
731213,Passenger Coach Drivers,year_11,6.8
731213,Passenger Coach Drivers,year_10_and_below,24.6
731311,Train Drivers,post_graduate_graduate_diploma_or_graduate_certificate,2.5
731311,Train Drivers,bachelor_degree,7.1
731311,Train Drivers,advanced_diploma_diploma,6.6
731311,Train Drivers,certificate_iii_iv,43
731311,Train Drivers,year_12,13.7
731311,Train Drivers,year_11,4.7
731311,Train Drivers,year_10_and_below,14.6
731312,Tram Drivers,post_graduate_graduate_diploma_or_graduate_certificate,5.8
731312,Tram Drivers,bachelor_degree,17.9
731312,Tram Drivers,advanced_diploma_diploma,14.1
731312,Tram Drivers,certificate_iii_iv,19.2
731312,Tram Drivers,year_12,23.2
731312,Tram Drivers,year_11,6.5
731312,Tram Drivers,year_10_and_below,9.5
733111,Truck Drivers (General),post_graduate_graduate_diploma_or_graduate_certificate,1.3
733111,Truck Drivers (General),bachelor_degree,3.6
733111,Truck Drivers (General),advanced_diploma_diploma,6
733111,Truck Drivers (General),certificate_iii_iv,24.8
733111,Truck Drivers (General),year_12,16.9
733111,Truck Drivers (General),year_11,7.7
733111,Truck Drivers (General),year_10_and_below,34.6
733112,Aircraft Refuellers,post_graduate_graduate_diploma_or_graduate_certificate,0.4
733112,Aircraft Refuellers,bachelor_degree,4.1
733112,Aircraft Refuellers,advanced_diploma_diploma,10.3
733112,Aircraft Refuellers,certificate_iii_iv,37.5
733112,Aircraft Refuellers,year_12,21.8
733112,Aircraft Refuellers,year_11,5.9
733112,Aircraft Refuellers,year_10_and_below,15.8
733113,Furniture Removalist Drivers,post_graduate_graduate_diploma_or_graduate_certificate,1.9
733113,Furniture Removalist Drivers,bachelor_degree,9
733113,Furniture Removalist Drivers,advanced_diploma_diploma,6
733113,Furniture Removalist Drivers,certificate_iii_iv,14
733113,Furniture Removalist Drivers,year_12,28.7
733113,Furniture Removalist Drivers,year_11,8.9
733113,Furniture Removalist Drivers,year_10_and_below,26.2
733114,Tanker Drivers,post_graduate_graduate_diploma_or_graduate_certificate,0.3
733114,Tanker Drivers,bachelor_degree,1.5
733114,Tanker Drivers,advanced_diploma_diploma,4.5
733114,Tanker Drivers,certificate_iii_iv,32.5
733114,Tanker Drivers,year_12,14
733114,Tanker Drivers,year_11,7.8
733114,Tanker Drivers,year_10_and_below,35.2
733115,Tow Truck Drivers,post_graduate_graduate_diploma_or_graduate_certificate,0.9
733115,Tow Truck Drivers,bachelor_degree,2.4
733115,Tow Truck Drivers,advanced_diploma_diploma,5.3
733115,Tow Truck Drivers,certificate_iii_iv,34.6
733115,Tow Truck Drivers,year_12,14.7
733115,Tow Truck Drivers,year_11,7.6
733115,Tow Truck Drivers,year_10_and_below,30.5
811411,Commercial Housekeepers,post_graduate_graduate_diploma_or_graduate_certificate,4.3
811411,Commercial Housekeepers,bachelor_degree,12.3
811411,Commercial Housekeepers,advanced_diploma_diploma,8
811411,Commercial Housekeepers,certificate_iii_iv,14.7
811411,Commercial Housekeepers,year_12,21.6
811411,Commercial Housekeepers,year_11,6.6
811411,Commercial Housekeepers,year_10_and_below,25.9
811412,Domestic Housekeepers,post_graduate_graduate_diploma_or_graduate_certificate,3.1
811412,Domestic Housekeepers,bachelor_degree,11
811412,Domestic Housekeepers,advanced_diploma_diploma,8.9
811412,Domestic Housekeepers,certificate_iii_iv,15.8
811412,Domestic Housekeepers,year_12,20
811412,Domestic Housekeepers,year_11,6.6
811412,Domestic Housekeepers,year_10_and_below,25
811511,Laundry Workers (General),post_graduate_graduate_diploma_or_graduate_certificate,2.7
811511,Laundry Workers (General),bachelor_degree,8.5
811511,Laundry Workers (General),advanced_diploma_diploma,5.9
811511,Laundry Workers (General),certificate_iii_iv,13
811511,Laundry Workers (General),year_12,23.7
811511,Laundry Workers (General),year_11,6.5
811511,Laundry Workers (General),year_10_and_below,32.1
811512,Drycleaners,post_graduate_graduate_diploma_or_graduate_certificate,2.8
811512,Drycleaners,bachelor_degree,10.1
811512,Drycleaners,advanced_diploma_diploma,8.7
811512,Drycleaners,certificate_iii_iv,15.6
811512,Drycleaners,year_12,25.6
811512,Drycleaners,year_11,6.5
811512,Drycleaners,year_10_and_below,22.6
811513,Ironers and Pressers,post_graduate_graduate_diploma_or_graduate_certificate,3
811513,Ironers and Pressers,bachelor_degree,6
811513,Ironers and Pressers,advanced_diploma_diploma,7.5
811513,Ironers and Pressers,certificate_iii_iv,15.7
811513,Ironers and Pressers,year_12,21.9
811513,Ironers and Pressers,year_11,6.4
811513,Ironers and Pressers,year_10_and_below,30.4
811611,Carpet Cleaners,post_graduate_graduate_diploma_or_graduate_certificate,2.2
811611,Carpet Cleaners,bachelor_degree,7.3
811611,Carpet Cleaners,advanced_diploma_diploma,7.5
811611,Carpet Cleaners,certificate_iii_iv,23.4
811611,Carpet Cleaners,year_12,23.5
811611,Carpet Cleaners,year_11,7.1
811611,Carpet Cleaners,year_10_and_below,21.3
811612,Window Cleaners,post_graduate_graduate_diploma_or_graduate_certificate,1.8
811612,Window Cleaners,bachelor_degree,9.3
811612,Window Cleaners,advanced_diploma_diploma,7.8
811612,Window Cleaners,certificate_iii_iv,23.4
811612,Window Cleaners,year_12,23.3
811612,Window Cleaners,year_11,8.4
811612,Window Cleaners,year_10_and_below,20.9
811699,Cleaners (not covered elsewhere),post_graduate_graduate_diploma_or_graduate_certificate,1.1
811699,Cleaners (not covered elsewhere),bachelor_degree,5.3
811699,Cleaners (not covered elsewhere),advanced_diploma_diploma,5.9
811699,Cleaners (not covered elsewhere),certificate_iii_iv,25.5
811699,Cleaners (not covered elsewhere),year_12,25.3
811699,Cleaners (not covered elsewhere),year_11,7.4
811699,Cleaners (not covered elsewhere),year_10_and_below,24.5
821111,Builder's Labourers,post_graduate_graduate_diploma_or_graduate_certificate,1.1
821111,Builder's Labourers,bachelor_degree,5.7
821111,Builder's Labourers,advanced_diploma_diploma,5.2
821111,Builder's Labourers,certificate_iii_iv,28.1
821111,Builder's Labourers,year_12,25.9
821111,Builder's Labourers,year_11,7.8
821111,Builder's Labourers,year_10_and_below,21.7
821112,"Drainage, Sewerage and Stormwater Labourers",post_graduate_graduate_diploma_or_graduate_certificate,1.4
821112,"Drainage, Sewerage and Stormwater Labourers",bachelor_degree,4.1
821112,"Drainage, Sewerage and Stormwater Labourers",advanced_diploma_diploma,4.9
821112,"Drainage, Sewerage and Stormwater Labourers",certificate_iii_iv,45.6
821112,"Drainage, Sewerage and Stormwater Labourers",year_12,13.8
821112,"Drainage, Sewerage and Stormwater Labourers",year_11,6.1
821112,"Drainage, Sewerage and Stormwater Labourers",year_10_and_below,20.2
821113,Earthmoving Labourers,post_graduate_graduate_diploma_or_graduate_certificate,0.3
821113,Earthmoving Labourers,bachelor_degree,2.3
821113,Earthmoving Labourers,advanced_diploma_diploma,3.4
821113,Earthmoving Labourers,certificate_iii_iv,30.4
821113,Earthmoving Labourers,year_12,22
821113,Earthmoving Labourers,year_11,8.3
821113,Earthmoving Labourers,year_10_and_below,28.5
821114,Plumber's Assistants,post_graduate_graduate_diploma_or_graduate_certificate,0.5
821114,Plumber's Assistants,bachelor_degree,3.4
821114,Plumber's Assistants,advanced_diploma_diploma,5.2
821114,Plumber's Assistants,certificate_iii_iv,26.6
821114,Plumber's Assistants,year_12,26.5
821114,Plumber's Assistants,year_11,9
821114,Plumber's Assistants,year_10_and_below,25.6
821411,Building Insulation Installers,post_graduate_graduate_diploma_or_graduate_certificate,1.2
821411,Building Insulation Installers,bachelor_degree,5.4
821411,Building Insulation Installers,advanced_diploma_diploma,6.4
821411,Building Insulation Installers,certificate_iii_iv,26.8
821411,Building Insulation Installers,year_12,23.5
821411,Building Insulation Installers,year_11,7
821411,Building Insulation Installers,year_10_and_below,18.3
821412,Home Improvement Installers,post_graduate_graduate_diploma_or_graduate_certificate,0.8
821412,Home Improvement Installers,bachelor_degree,3.8
821412,Home Improvement Installers,advanced_diploma_diploma,4.7
821412,Home Improvement Installers,certificate_iii_iv,39.6
821412,Home Improvement Installers,year_12,20.6
821412,Home Improvement Installers,year_11,7.1
821412,Home Improvement Installers,year_10_and_below,19.4
821711,Construction Riggers,post_graduate_graduate_diploma_or_graduate_certificate,0.6
821711,Construction Riggers,bachelor_degree,4.1
821711,Construction Riggers,advanced_diploma_diploma,4.9
821711,Construction Riggers,certificate_iii_iv,41.9
821711,Construction Riggers,year_12,18.9
821711,Construction Riggers,year_11,6.9
821711,Construction Riggers,year_10_and_below,17.2
821712,Scaffolders,post_graduate_graduate_diploma_or_graduate_certificate,0.5
821712,Scaffolders,bachelor_degree,2.3
821712,Scaffolders,advanced_diploma_diploma,3
821712,Scaffolders,certificate_iii_iv,34.5
821712,Scaffolders,year_12,23.8
821712,Scaffolders,year_11,9.3
821712,Scaffolders,year_10_and_below,21
821713,Steel Fixers,post_graduate_graduate_diploma_or_graduate_certificate,1
821713,Steel Fixers,bachelor_degree,7.3
821713,Steel Fixers,advanced_diploma_diploma,4.1
821713,Steel Fixers,certificate_iii_iv,21.8
821713,Steel Fixers,year_12,23.6
821713,Steel Fixers,year_11,9.7
821713,Steel Fixers,year_10_and_below,27.8
821714,Structural Steel Erectors,post_graduate_graduate_diploma_or_graduate_certificate,0
821714,Structural Steel Erectors,bachelor_degree,2.6
821714,Structural Steel Erectors,advanced_diploma_diploma,2.3
821714,Structural Steel Erectors,certificate_iii_iv,40.5
821714,Structural Steel Erectors,year_12,18.3
821714,Structural Steel Erectors,year_11,10.2
821714,Structural Steel Erectors,year_10_and_below,23
821911,Crane Chasers,post_graduate_graduate_diploma_or_graduate_certificate,0.4
821911,Crane Chasers,bachelor_degree,2.8
821911,Crane Chasers,advanced_diploma_diploma,3.5
821911,Crane Chasers,certificate_iii_iv,39.9
821911,Crane Chasers,year_12,20
821911,Crane Chasers,year_11,6.7
821911,Crane Chasers,year_10_and_below,17.8
821912,Driller's Assistants,post_graduate_graduate_diploma_or_graduate_certificate,0.9
821912,Driller's Assistants,bachelor_degree,3.1
821912,Driller's Assistants,advanced_diploma_diploma,4.6
821912,Driller's Assistants,certificate_iii_iv,42.3
821912,Driller's Assistants,year_12,25.3
821912,Driller's Assistants,year_11,6.9
821912,Driller's Assistants,year_10_and_below,13.1
821913,Laggers,post_graduate_graduate_diploma_or_graduate_certificate,0
821913,Laggers,bachelor_degree,5
821913,Laggers,advanced_diploma_diploma,5.3
821913,Laggers,certificate_iii_iv,22.7
821913,Laggers,year_12,26.1
821913,Laggers,year_11,6.1
821913,Laggers,year_10_and_below,26.4
821914,Mining Support Workers,post_graduate_graduate_diploma_or_graduate_certificate,0.8
821914,Mining Support Workers,bachelor_degree,3.5
821914,Mining Support Workers,advanced_diploma_diploma,3.7
821914,Mining Support Workers,certificate_iii_iv,28.1
821914,Mining Support Workers,year_12,26.3
821914,Mining Support Workers,year_11,8.4
821914,Mining Support Workers,year_10_and_below,24.5
821915,Surveyor's Assistants,post_graduate_graduate_diploma_or_graduate_certificate,6.3
821915,Surveyor's Assistants,bachelor_degree,14.7
821915,Surveyor's Assistants,advanced_diploma_diploma,10.6
821915,Surveyor's Assistants,certificate_iii_iv,19.9
821915,Surveyor's Assistants,year_12,32.3
821915,Surveyor's Assistants,year_11,3.3
821915,Surveyor's Assistants,year_10_and_below,9.8
831111,Baking Factory Workers,post_graduate_graduate_diploma_or_graduate_certificate,6.5
831111,Baking Factory Workers,bachelor_degree,12.4
831111,Baking Factory Workers,advanced_diploma_diploma,8.6
831111,Baking Factory Workers,certificate_iii_iv,12.7
831111,Baking Factory Workers,year_12,27.3
831111,Baking Factory Workers,year_11,5.4
831111,Baking Factory Workers,year_10_and_below,20.4
831112,Brewery Workers,post_graduate_graduate_diploma_or_graduate_certificate,8.7
831112,Brewery Workers,bachelor_degree,23.3
831112,Brewery Workers,advanced_diploma_diploma,9.5
831112,Brewery Workers,certificate_iii_iv,23.7
831112,Brewery Workers,year_12,20
831112,Brewery Workers,year_11,3
831112,Brewery Workers,year_10_and_below,7.3
831113,Confectionery Makers,post_graduate_graduate_diploma_or_graduate_certificate,4.7
831113,Confectionery Makers,bachelor_degree,12.6
831113,Confectionery Makers,advanced_diploma_diploma,10.9
831113,Confectionery Makers,certificate_iii_iv,16.8
831113,Confectionery Makers,year_12,23.8
831113,Confectionery Makers,year_11,7.8
831113,Confectionery Makers,year_10_and_below,17.4
831114,Dairy Products Makers,post_graduate_graduate_diploma_or_graduate_certificate,3.2
831114,Dairy Products Makers,bachelor_degree,9.2
831114,Dairy Products Makers,advanced_diploma_diploma,7
831114,Dairy Products Makers,certificate_iii_iv,22.4
831114,Dairy Products Makers,year_12,25
831114,Dairy Products Makers,year_11,8.8
831114,Dairy Products Makers,year_10_and_below,19.2
831115,Fruit and Vegetable Factory Workers,post_graduate_graduate_diploma_or_graduate_certificate,3.3
831115,Fruit and Vegetable Factory Workers,bachelor_degree,7.6
831115,Fruit and Vegetable Factory Workers,advanced_diploma_diploma,5.9
831115,Fruit and Vegetable Factory Workers,certificate_iii_iv,12.9
831115,Fruit and Vegetable Factory Workers,year_12,28.1
831115,Fruit and Vegetable Factory Workers,year_11,7.8
831115,Fruit and Vegetable Factory Workers,year_10_and_below,27.1
831116,Grain Mill Workers,post_graduate_graduate_diploma_or_graduate_certificate,1.3
831116,Grain Mill Workers,bachelor_degree,7.7
831116,Grain Mill Workers,advanced_diploma_diploma,4.2
831116,Grain Mill Workers,certificate_iii_iv,25.8
831116,Grain Mill Workers,year_12,21.1
831116,Grain Mill Workers,year_11,6.7
831116,Grain Mill Workers,year_10_and_below,28.2
831117,Sugar Mill Workers,post_graduate_graduate_diploma_or_graduate_certificate,0
831117,Sugar Mill Workers,bachelor_degree,3.8
831117,Sugar Mill Workers,advanced_diploma_diploma,2.3
831117,Sugar Mill Workers,certificate_iii_iv,35.7
831117,Sugar Mill Workers,year_12,19.7
831117,Sugar Mill Workers,year_11,6.3
831117,Sugar Mill Workers,year_10_and_below,28.8
831118,Winery Cellar Hands,post_graduate_graduate_diploma_or_graduate_certificate,2.8
831118,Winery Cellar Hands,bachelor_degree,8.1
831118,Winery Cellar Hands,advanced_diploma_diploma,4.9
831118,Winery Cellar Hands,certificate_iii_iv,27.7
831118,Winery Cellar Hands,year_12,27.4
831118,Winery Cellar Hands,year_11,9.3
831118,Winery Cellar Hands,year_10_and_below,15.2
831199,Other Food and Drink Factory Workers,post_graduate_graduate_diploma_or_graduate_certificate,3.7
831199,Other Food and Drink Factory Workers,bachelor_degree,11.7
831199,Other Food and Drink Factory Workers,advanced_diploma_diploma,8.3
831199,Other Food and Drink Factory Workers,certificate_iii_iv,17.2
831199,Other Food and Drink Factory Workers,year_12,27.2
831199,Other Food and Drink Factory Workers,year_11,6.8
831199,Other Food and Drink Factory Workers,year_10_and_below,19.3
831211,Meat Boners and Slicers,post_graduate_graduate_diploma_or_graduate_certificate,0.9
831211,Meat Boners and Slicers,bachelor_degree,6.2
831211,Meat Boners and Slicers,advanced_diploma_diploma,3.8
831211,Meat Boners and Slicers,certificate_iii_iv,16.7
831211,Meat Boners and Slicers,year_12,30.9
831211,Meat Boners and Slicers,year_11,5.8
831211,Meat Boners and Slicers,year_10_and_below,25
831212,Slaughterers,post_graduate_graduate_diploma_or_graduate_certificate,0.8
831212,Slaughterers,bachelor_degree,5.5
831212,Slaughterers,advanced_diploma_diploma,2.1
831212,Slaughterers,certificate_iii_iv,21.8
831212,Slaughterers,year_12,24.4
831212,Slaughterers,year_11,6.5
831212,Slaughterers,year_10_and_below,28.2
831311,Meat Process Workers,post_graduate_graduate_diploma_or_graduate_certificate,2.2
831311,Meat Process Workers,bachelor_degree,7.4
831311,Meat Process Workers,advanced_diploma_diploma,5
831311,Meat Process Workers,certificate_iii_iv,14.6
831311,Meat Process Workers,year_12,29.1
831311,Meat Process Workers,year_11,6.8
831311,Meat Process Workers,year_10_and_below,25.5
831312,Poultry Process Workers,post_graduate_graduate_diploma_or_graduate_certificate,2.7
831312,Poultry Process Workers,bachelor_degree,9.1
831312,Poultry Process Workers,advanced_diploma_diploma,5.8
831312,Poultry Process Workers,certificate_iii_iv,11.2
831312,Poultry Process Workers,year_12,27.9
831312,Poultry Process Workers,year_11,6.5
831312,Poultry Process Workers,year_10_and_below,26.9
831313,Seafood Process Workers,post_graduate_graduate_diploma_or_graduate_certificate,4.6
831313,Seafood Process Workers,bachelor_degree,10.9
831313,Seafood Process Workers,advanced_diploma_diploma,5
831313,Seafood Process Workers,certificate_iii_iv,13.2
831313,Seafood Process Workers,year_12,22.5
831313,Seafood Process Workers,year_11,6.8
831313,Seafood Process Workers,year_10_and_below,30.4
832111,Chocolate Packers,post_graduate_graduate_diploma_or_graduate_certificate,4.4
832111,Chocolate Packers,bachelor_degree,11.9
832111,Chocolate Packers,advanced_diploma_diploma,6.3
832111,Chocolate Packers,certificate_iii_iv,8.2
832111,Chocolate Packers,year_12,31.6
832111,Chocolate Packers,year_11,7.7
832111,Chocolate Packers,year_10_and_below,20.9
832112,Container Fillers,post_graduate_graduate_diploma_or_graduate_certificate,3.3
832112,Container Fillers,bachelor_degree,9.8
832112,Container Fillers,advanced_diploma_diploma,6.3
832112,Container Fillers,certificate_iii_iv,16.5
832112,Container Fillers,year_12,28.4
832112,Container Fillers,year_11,9.7
832112,Container Fillers,year_10_and_below,20.7
832113,Fruit and Vegetable Packers,post_graduate_graduate_diploma_or_graduate_certificate,3.3
832113,Fruit and Vegetable Packers,bachelor_degree,15.3
832113,Fruit and Vegetable Packers,advanced_diploma_diploma,7.2
832113,Fruit and Vegetable Packers,certificate_iii_iv,7.4
832113,Fruit and Vegetable Packers,year_12,29.9
832113,Fruit and Vegetable Packers,year_11,5.4
832113,Fruit and Vegetable Packers,year_10_and_below,21
832114,Meat Packers,post_graduate_graduate_diploma_or_graduate_certificate,2.6
832114,Meat Packers,bachelor_degree,11
832114,Meat Packers,advanced_diploma_diploma,5.2
832114,Meat Packers,certificate_iii_iv,10
832114,Meat Packers,year_12,30
832114,Meat Packers,year_11,6.2
832114,Meat Packers,year_10_and_below,24.9
832115,Seafood Packers,post_graduate_graduate_diploma_or_graduate_certificate,5.9
832115,Seafood Packers,bachelor_degree,17.8
832115,Seafood Packers,advanced_diploma_diploma,8.4
832115,Seafood Packers,certificate_iii_iv,9.1
832115,Seafood Packers,year_12,26.5
832115,Seafood Packers,year_11,5
832115,Seafood Packers,year_10_and_below,20.3
832199,Other Packers,post_graduate_graduate_diploma_or_graduate_certificate,3.8
832199,Other Packers,bachelor_degree,10.1
832199,Other Packers,advanced_diploma_diploma,7.1
832199,Other Packers,certificate_iii_iv,11.2
832199,Other Packers,year_12,32.2
832199,Other Packers,year_11,6.7
832199,Other Packers,year_10_and_below,22.7
839211,Plastics Factory Workers,post_graduate_graduate_diploma_or_graduate_certificate,2.4
839211,Plastics Factory Workers,bachelor_degree,6.1
839211,Plastics Factory Workers,advanced_diploma_diploma,6
839211,Plastics Factory Workers,certificate_iii_iv,14.6
839211,Plastics Factory Workers,year_12,27.9
839211,Plastics Factory Workers,year_11,8.1
839211,Plastics Factory Workers,year_10_and_below,27.2
839212,Rubber Factory Workers,post_graduate_graduate_diploma_or_graduate_certificate,1.1
839212,Rubber Factory Workers,bachelor_degree,3.1
839212,Rubber Factory Workers,advanced_diploma_diploma,4.2
839212,Rubber Factory Workers,certificate_iii_iv,11.5
839212,Rubber Factory Workers,year_12,28.7
839212,Rubber Factory Workers,year_11,6.1
839212,Rubber Factory Workers,year_10_and_below,37.5
839311,Product Examiners,post_graduate_graduate_diploma_or_graduate_certificate,10.8
839311,Product Examiners,bachelor_degree,23
839311,Product Examiners,advanced_diploma_diploma,13
839311,Product Examiners,certificate_iii_iv,20.7
839311,Product Examiners,year_12,15.3
839311,Product Examiners,year_11,4.1
839311,Product Examiners,year_10_and_below,8.2
839312,Product Graders,post_graduate_graduate_diploma_or_graduate_certificate,4.1
839312,Product Graders,bachelor_degree,12.2
839312,Product Graders,advanced_diploma_diploma,6.4
839312,Product Graders,certificate_iii_iv,14.2
839312,Product Graders,year_12,22.5
839312,Product Graders,year_11,7.3
839312,Product Graders,year_10_and_below,25.4
839313,Product Testers,post_graduate_graduate_diploma_or_graduate_certificate,7.9
839313,Product Testers,bachelor_degree,20.3
839313,Product Testers,advanced_diploma_diploma,9.5
839313,Product Testers,certificate_iii_iv,24.1
839313,Product Testers,year_12,19.5
839313,Product Testers,year_11,4.3
839313,Product Testers,year_10_and_below,10.2
839411,Paper and Pulp Mill Workers,post_graduate_graduate_diploma_or_graduate_certificate,1.2
839411,Paper and Pulp Mill Workers,bachelor_degree,3.9
839411,Paper and Pulp Mill Workers,advanced_diploma_diploma,3.5
839411,Paper and Pulp Mill Workers,certificate_iii_iv,24.7
839411,Paper and Pulp Mill Workers,year_12,25.3
839411,Paper and Pulp Mill Workers,year_11,9.9
839411,Paper and Pulp Mill Workers,year_10_and_below,24.9
839412,Sawmill and Timber Yard Workers,post_graduate_graduate_diploma_or_graduate_certificate,0.8
839412,Sawmill and Timber Yard Workers,bachelor_degree,2
839412,Sawmill and Timber Yard Workers,advanced_diploma_diploma,2.7
839412,Sawmill and Timber Yard Workers,certificate_iii_iv,17.6
839412,Sawmill and Timber Yard Workers,year_12,26.2
839412,Sawmill and Timber Yard Workers,year_11,8.8
839412,Sawmill and Timber Yard Workers,year_10_and_below,36.6
839413,Wood and Wood Products Factory Workers,post_graduate_graduate_diploma_or_graduate_certificate,1.2
839413,Wood and Wood Products Factory Workers,bachelor_degree,3.8
839413,Wood and Wood Products Factory Workers,advanced_diploma_diploma,3.6
839413,Wood and Wood Products Factory Workers,certificate_iii_iv,17.7
839413,Wood and Wood Products Factory Workers,year_12,30.5
839413,Wood and Wood Products Factory Workers,year_11,9
839413,Wood and Wood Products Factory Workers,year_10_and_below,27.4
839911,Cement and Concrete Plant Workers,post_graduate_graduate_diploma_or_graduate_certificate,1
839911,Cement and Concrete Plant Workers,bachelor_degree,3.7
839911,Cement and Concrete Plant Workers,advanced_diploma_diploma,2.5
839911,Cement and Concrete Plant Workers,certificate_iii_iv,22.9
839911,Cement and Concrete Plant Workers,year_12,25
839911,Cement and Concrete Plant Workers,year_11,10.8
839911,Cement and Concrete Plant Workers,year_10_and_below,30.1
839912,Chemical Plant Workers,post_graduate_graduate_diploma_or_graduate_certificate,6
839912,Chemical Plant Workers,bachelor_degree,16.8
839912,Chemical Plant Workers,advanced_diploma_diploma,7.6
839912,Chemical Plant Workers,certificate_iii_iv,14.9
839912,Chemical Plant Workers,year_12,25.5
839912,Chemical Plant Workers,year_11,5
839912,Chemical Plant Workers,year_10_and_below,19
839913,Clay Processing Factory Workers,post_graduate_graduate_diploma_or_graduate_certificate,0
839913,Clay Processing Factory Workers,bachelor_degree,10.4
839913,Clay Processing Factory Workers,advanced_diploma_diploma,1.6
839913,Clay Processing Factory Workers,certificate_iii_iv,17.6
839913,Clay Processing Factory Workers,year_12,27.5
839913,Clay Processing Factory Workers,year_11,11.5
839913,Clay Processing Factory Workers,year_10_and_below,31.3
839914,Fabric and Textile Factory Workers,post_graduate_graduate_diploma_or_graduate_certificate,2.2
839914,Fabric and Textile Factory Workers,bachelor_degree,9.3
839914,Fabric and Textile Factory Workers,advanced_diploma_diploma,7.5
839914,Fabric and Textile Factory Workers,certificate_iii_iv,11.1
839914,Fabric and Textile Factory Workers,year_12,30.8
839914,Fabric and Textile Factory Workers,year_11,6
839914,Fabric and Textile Factory Workers,year_10_and_below,24.3
839915,Footwear Factory Workers,post_graduate_graduate_diploma_or_graduate_certificate,0
839915,Footwear Factory Workers,bachelor_degree,2.2
839915,Footwear Factory Workers,advanced_diploma_diploma,2.9
839915,Footwear Factory Workers,certificate_iii_iv,13
839915,Footwear Factory Workers,year_12,33.3
839915,Footwear Factory Workers,year_11,8
839915,Footwear Factory Workers,year_10_and_below,31.2
839916,Glass Processing Workers,post_graduate_graduate_diploma_or_graduate_certificate,1.6
839916,Glass Processing Workers,bachelor_degree,4
839916,Glass Processing Workers,advanced_diploma_diploma,3.4
839916,Glass Processing Workers,certificate_iii_iv,22.3
839916,Glass Processing Workers,year_12,29.6
839916,Glass Processing Workers,year_11,9.8
839916,Glass Processing Workers,year_10_and_below,24
839917,Hide and Skin Processing Workers,post_graduate_graduate_diploma_or_graduate_certificate,0
839917,Hide and Skin Processing Workers,bachelor_degree,1.8
839917,Hide and Skin Processing Workers,advanced_diploma_diploma,4.7
839917,Hide and Skin Processing Workers,certificate_iii_iv,16.4
839917,Hide and Skin Processing Workers,year_12,23.4
839917,Hide and Skin Processing Workers,year_11,9.9
839917,Hide and Skin Processing Workers,year_10_and_below,39.8
839918,Recycling Workers,post_graduate_graduate_diploma_or_graduate_certificate,1.3
839918,Recycling Workers,bachelor_degree,4.1
839918,Recycling Workers,advanced_diploma_diploma,2.8
839918,Recycling Workers,certificate_iii_iv,16.1
839918,Recycling Workers,year_12,27.7
839918,Recycling Workers,year_11,9.3
839918,Recycling Workers,year_10_and_below,32.6
839999,Factory Process Workers (not covered elsewhere),post_graduate_graduate_diploma_or_graduate_certificate,1.3
839999,Factory Process Workers (not covered elsewhere),bachelor_degree,4.8
839999,Factory Process Workers (not covered elsewhere),advanced_diploma_diploma,4.1
839999,Factory Process Workers (not covered elsewhere),certificate_iii_iv,12.1
839999,Factory Process Workers (not covered elsewhere),year_12,31.3
839999,Factory Process Workers (not covered elsewhere),year_11,5.8
839999,Factory Process Workers (not covered elsewhere),year_10_and_below,31.4
841211,Fruit and Nut Farm Workers,post_graduate_graduate_diploma_or_graduate_certificate,2.2
841211,Fruit and Nut Farm Workers,bachelor_degree,8.2
841211,Fruit and Nut Farm Workers,advanced_diploma_diploma,4.9
841211,Fruit and Nut Farm Workers,certificate_iii_iv,14.1
841211,Fruit and Nut Farm Workers,year_12,25.7
841211,Fruit and Nut Farm Workers,year_11,7.4
841211,Fruit and Nut Farm Workers,year_10_and_below,29.1
841212,Fruit and Nut Pickers,post_graduate_graduate_diploma_or_graduate_certificate,1.3
841212,Fruit and Nut Pickers,bachelor_degree,10.2
841212,Fruit and Nut Pickers,advanced_diploma_diploma,5.4
841212,Fruit and Nut Pickers,certificate_iii_iv,7.5
841212,Fruit and Nut Pickers,year_12,32.7
841212,Fruit and Nut Pickers,year_11,5.3
841212,Fruit and Nut Pickers,year_10_and_below,23.1
841213,"Grain, Oilseed and Pasture Farm Workers",post_graduate_graduate_diploma_or_graduate_certificate,1.3
841213,"Grain, Oilseed and Pasture Farm Workers",bachelor_degree,5.9
841213,"Grain, Oilseed and Pasture Farm Workers",advanced_diploma_diploma,4.5
841213,"Grain, Oilseed and Pasture Farm Workers",certificate_iii_iv,25.8
841213,"Grain, Oilseed and Pasture Farm Workers",year_12,22.4
841213,"Grain, Oilseed and Pasture Farm Workers",year_11,8.2
841213,"Grain, Oilseed and Pasture Farm Workers",year_10_and_below,28
841214,Vegetable Farm Workers,post_graduate_graduate_diploma_or_graduate_certificate,2.6
841214,Vegetable Farm Workers,bachelor_degree,9.5
841214,Vegetable Farm Workers,advanced_diploma_diploma,5.8
841214,Vegetable Farm Workers,certificate_iii_iv,9.8
841214,Vegetable Farm Workers,year_12,26.2
841214,Vegetable Farm Workers,year_11,6.3
841214,Vegetable Farm Workers,year_10_and_below,29.1
841215,Vegetable Pickers,post_graduate_graduate_diploma_or_graduate_certificate,2.8
841215,Vegetable Pickers,bachelor_degree,10.1
841215,Vegetable Pickers,advanced_diploma_diploma,6
841215,Vegetable Pickers,certificate_iii_iv,6.9
841215,Vegetable Pickers,year_12,24.9
841215,Vegetable Pickers,year_11,4.6
841215,Vegetable Pickers,year_10_and_below,26
841216,Vineyard Workers,post_graduate_graduate_diploma_or_graduate_certificate,2.6
841216,Vineyard Workers,bachelor_degree,7.5
841216,Vineyard Workers,advanced_diploma_diploma,5.6
841216,Vineyard Workers,certificate_iii_iv,15.8
841216,Vineyard Workers,year_12,21.5
841216,Vineyard Workers,year_11,9.4
841216,Vineyard Workers,year_10_and_below,27.4
841217,Mushroom Pickers,post_graduate_graduate_diploma_or_graduate_certificate,4.5
841217,Mushroom Pickers,bachelor_degree,12.5
841217,Mushroom Pickers,advanced_diploma_diploma,6.4
841217,Mushroom Pickers,certificate_iii_iv,6.6
841217,Mushroom Pickers,year_12,28.8
841217,Mushroom Pickers,year_11,3.7
841217,Mushroom Pickers,year_10_and_below,25.3
841299,Other Crop Farm Workers,post_graduate_graduate_diploma_or_graduate_certificate,1.5
841299,Other Crop Farm Workers,bachelor_degree,7.8
841299,Other Crop Farm Workers,advanced_diploma_diploma,5.3
841299,Other Crop Farm Workers,certificate_iii_iv,17.8
841299,Other Crop Farm Workers,year_12,22.3
841299,Other Crop Farm Workers,year_11,7.7
841299,Other Crop Farm Workers,year_10_and_below,30.8
841311,Forestry Workers,post_graduate_graduate_diploma_or_graduate_certificate,2.2
841311,Forestry Workers,bachelor_degree,9.8
841311,Forestry Workers,advanced_diploma_diploma,7
841311,Forestry Workers,certificate_iii_iv,22.6
841311,Forestry Workers,year_12,22.5
841311,Forestry Workers,year_11,7.4
841311,Forestry Workers,year_10_and_below,22.2
841312,Logging Assistants,post_graduate_graduate_diploma_or_graduate_certificate,0
841312,Logging Assistants,bachelor_degree,1.5
841312,Logging Assistants,advanced_diploma_diploma,5.2
841312,Logging Assistants,certificate_iii_iv,23.7
841312,Logging Assistants,year_12,14.4
841312,Logging Assistants,year_11,6.7
841312,Logging Assistants,year_10_and_below,45.9
841313,Tree Fallers,post_graduate_graduate_diploma_or_graduate_certificate,1
841313,Tree Fallers,bachelor_degree,1.2
841313,Tree Fallers,advanced_diploma_diploma,2.7
841313,Tree Fallers,certificate_iii_iv,29.4
841313,Tree Fallers,year_12,13.4
841313,Tree Fallers,year_11,8
841313,Tree Fallers,year_10_and_below,40.4
841411,Garden Labourers,post_graduate_graduate_diploma_or_graduate_certificate,0.8
841411,Garden Labourers,bachelor_degree,4.3
841411,Garden Labourers,advanced_diploma_diploma,6
841411,Garden Labourers,certificate_iii_iv,30
841411,Garden Labourers,year_12,20.9
841411,Garden Labourers,year_11,7.3
841411,Garden Labourers,year_10_and_below,26
841412,Nursery Hands (Horticulture),post_graduate_graduate_diploma_or_graduate_certificate,2
841412,Nursery Hands (Horticulture),bachelor_degree,9.5
841412,Nursery Hands (Horticulture),advanced_diploma_diploma,8.1
841412,Nursery Hands (Horticulture),certificate_iii_iv,21.7
841412,Nursery Hands (Horticulture),year_12,24.2
841412,Nursery Hands (Horticulture),year_11,6.8
841412,Nursery Hands (Horticulture),year_10_and_below,21.8
841511,Beef Cattle Farm Workers,post_graduate_graduate_diploma_or_graduate_certificate,1
841511,Beef Cattle Farm Workers,bachelor_degree,6.3
841511,Beef Cattle Farm Workers,advanced_diploma_diploma,5.5
841511,Beef Cattle Farm Workers,certificate_iii_iv,23.3
841511,Beef Cattle Farm Workers,year_12,23
841511,Beef Cattle Farm Workers,year_11,6
841511,Beef Cattle Farm Workers,year_10_and_below,29.4
841512,Dairy Cattle Farm Workers,post_graduate_graduate_diploma_or_graduate_certificate,1.8
841512,Dairy Cattle Farm Workers,bachelor_degree,8
841512,Dairy Cattle Farm Workers,advanced_diploma_diploma,4.8
841512,Dairy Cattle Farm Workers,certificate_iii_iv,22.1
841512,Dairy Cattle Farm Workers,year_12,19.7
841512,Dairy Cattle Farm Workers,year_11,10.2
841512,Dairy Cattle Farm Workers,year_10_and_below,28.1
841513,Mixed Livestock Farm Workers,post_graduate_graduate_diploma_or_graduate_certificate,1.3
841513,Mixed Livestock Farm Workers,bachelor_degree,6.9
841513,Mixed Livestock Farm Workers,advanced_diploma_diploma,7.3
841513,Mixed Livestock Farm Workers,certificate_iii_iv,23.1
841513,Mixed Livestock Farm Workers,year_12,20.6
841513,Mixed Livestock Farm Workers,year_11,7.6
841513,Mixed Livestock Farm Workers,year_10_and_below,28.8
841514,Poultry Farm Workers,post_graduate_graduate_diploma_or_graduate_certificate,1.8
841514,Poultry Farm Workers,bachelor_degree,6.9
841514,Poultry Farm Workers,advanced_diploma_diploma,4.5
841514,Poultry Farm Workers,certificate_iii_iv,15.4
841514,Poultry Farm Workers,year_12,23
841514,Poultry Farm Workers,year_11,7.6
841514,Poultry Farm Workers,year_10_and_below,33.3
841515,Sheep Farm Workers,post_graduate_graduate_diploma_or_graduate_certificate,1.6
841515,Sheep Farm Workers,bachelor_degree,7
841515,Sheep Farm Workers,advanced_diploma_diploma,6.2
841515,Sheep Farm Workers,certificate_iii_iv,23.8
841515,Sheep Farm Workers,year_12,19.9
841515,Sheep Farm Workers,year_11,8.8
841515,Sheep Farm Workers,year_10_and_below,27.7
841516,Stablehands,post_graduate_graduate_diploma_or_graduate_certificate,1.1
841516,Stablehands,bachelor_degree,6
841516,Stablehands,advanced_diploma_diploma,6.7
841516,Stablehands,certificate_iii_iv,19.6
841516,Stablehands,year_12,29.5
841516,Stablehands,year_11,8.4
841516,Stablehands,year_10_and_below,23.3
841517,Wool Handlers,post_graduate_graduate_diploma_or_graduate_certificate,0
841517,Wool Handlers,bachelor_degree,2.7
841517,Wool Handlers,advanced_diploma_diploma,3.2
841517,Wool Handlers,certificate_iii_iv,18.2
841517,Wool Handlers,year_12,23.8
841517,Wool Handlers,year_11,11.7
841517,Wool Handlers,year_10_and_below,34.3
841599,Other Livestock Farm Workers,post_graduate_graduate_diploma_or_graduate_certificate,1.2
841599,Other Livestock Farm Workers,bachelor_degree,19
841599,Other Livestock Farm Workers,advanced_diploma_diploma,5
841599,Other Livestock Farm Workers,certificate_iii_iv,19.7
841599,Other Livestock Farm Workers,year_12,17.1
841599,Other Livestock Farm Workers,year_11,7.7
841599,Other Livestock Farm Workers,year_10_and_below,25
841911,Hunter-Trappers,post_graduate_graduate_diploma_or_graduate_certificate,3.1
841911,Hunter-Trappers,bachelor_degree,4.7
841911,Hunter-Trappers,advanced_diploma_diploma,3.1
841911,Hunter-Trappers,certificate_iii_iv,33.7
841911,Hunter-Trappers,year_12,14.7
841911,Hunter-Trappers,year_11,4.7
841911,Hunter-Trappers,year_10_and_below,34.5
841913,Pest Controllers,post_graduate_graduate_diploma_or_graduate_certificate,2
841913,Pest Controllers,bachelor_degree,5.4
841913,Pest Controllers,advanced_diploma_diploma,7.4
841913,Pest Controllers,certificate_iii_iv,32.3
841913,Pest Controllers,year_12,13.1
841913,Pest Controllers,year_11,3.9
841913,Pest Controllers,year_10_and_below,12.1
841999,"Farm, Forestry and Garden Workers (not covered elsewhere)",post_graduate_graduate_diploma_or_graduate_certificate,3.4
841999,"Farm, Forestry and Garden Workers (not covered elsewhere)",bachelor_degree,15
841999,"Farm, Forestry and Garden Workers (not covered elsewhere)",advanced_diploma_diploma,10.7
841999,"Farm, Forestry and Garden Workers (not covered elsewhere)",certificate_iii_iv,30.6
841999,"Farm, Forestry and Garden Workers (not covered elsewhere)",year_12,15.3
841999,"Farm, Forestry and Garden Workers (not covered elsewhere)",year_11,5
841999,"Farm, Forestry and Garden Workers (not covered elsewhere)",year_10_and_below,15.7
851211,Pastrycook's Assistants,post_graduate_graduate_diploma_or_graduate_certificate,2.6
851211,Pastrycook's Assistants,bachelor_degree,7.6
851211,Pastrycook's Assistants,advanced_diploma_diploma,5.2
851211,Pastrycook's Assistants,certificate_iii_iv,12.9
851211,Pastrycook's Assistants,year_12,32.4
851211,Pastrycook's Assistants,year_11,10.5
851211,Pastrycook's Assistants,year_10_and_below,24.6
851299,Other Food Trades Assistants,post_graduate_graduate_diploma_or_graduate_certificate,2.3
851299,Other Food Trades Assistants,bachelor_degree,9
851299,Other Food Trades Assistants,advanced_diploma_diploma,6.6
851299,Other Food Trades Assistants,certificate_iii_iv,15.1
851299,Other Food Trades Assistants,year_12,24.9
851299,Other Food Trades Assistants,year_11,10.4
851299,Other Food Trades Assistants,year_10_and_below,27.4
891111,Freight Handlers (Rail or Road),post_graduate_graduate_diploma_or_graduate_certificate,1.6
891111,Freight Handlers (Rail or Road),bachelor_degree,6.7
891111,Freight Handlers (Rail or Road),advanced_diploma_diploma,6.1
891111,Freight Handlers (Rail or Road),certificate_iii_iv,17.5
891111,Freight Handlers (Rail or Road),year_12,34.1
891111,Freight Handlers (Rail or Road),year_11,8.1
891111,Freight Handlers (Rail or Road),year_10_and_below,21.6
891112,Truck Driver's Offsiders,post_graduate_graduate_diploma_or_graduate_certificate,1.9
891112,Truck Driver's Offsiders,bachelor_degree,6.3
891112,Truck Driver's Offsiders,advanced_diploma_diploma,5.1
891112,Truck Driver's Offsiders,certificate_iii_iv,15.8
891112,Truck Driver's Offsiders,year_12,32.1
891112,Truck Driver's Offsiders,year_11,10.9
891112,Truck Driver's Offsiders,year_10_and_below,23.6
891113,Waterside Workers,post_graduate_graduate_diploma_or_graduate_certificate,0.7
891113,Waterside Workers,bachelor_degree,3.7
891113,Waterside Workers,advanced_diploma_diploma,5.7
891113,Waterside Workers,certificate_iii_iv,37.2
891113,Waterside Workers,year_12,20.4
891113,Waterside Workers,year_11,6.8
891113,Waterside Workers,year_10_and_below,20.2
899211,Deck Hands,post_graduate_graduate_diploma_or_graduate_certificate,1.4
899211,Deck Hands,bachelor_degree,8.2
899211,Deck Hands,advanced_diploma_diploma,9.8
899211,Deck Hands,certificate_iii_iv,31.7
899211,Deck Hands,year_12,19.1
899211,Deck Hands,year_11,3.8
899211,Deck Hands,year_10_and_below,12.3
899212,Fishing Hands,post_graduate_graduate_diploma_or_graduate_certificate,1
899212,Fishing Hands,bachelor_degree,3.4
899212,Fishing Hands,advanced_diploma_diploma,3.8
899212,Fishing Hands,certificate_iii_iv,26.1
899212,Fishing Hands,year_12,13.7
899212,Fishing Hands,year_11,7.5
899212,Fishing Hands,year_10_and_below,31
899411,Motor Vehicle Parts and Accessories Fitters (General),post_graduate_graduate_diploma_or_graduate_certificate,0.6
899411,Motor Vehicle Parts and Accessories Fitters (General),bachelor_degree,3
899411,Motor Vehicle Parts and Accessories Fitters (General),advanced_diploma_diploma,5
899411,Motor Vehicle Parts and Accessories Fitters (General),certificate_iii_iv,41.1
899411,Motor Vehicle Parts and Accessories Fitters (General),year_12,21.1
899411,Motor Vehicle Parts and Accessories Fitters (General),year_11,6.7
899411,Motor Vehicle Parts and Accessories Fitters (General),year_10_and_below,19.1
899412,Autoglaziers,post_graduate_graduate_diploma_or_graduate_certificate,0.4
899412,Autoglaziers,bachelor_degree,2
899412,Autoglaziers,advanced_diploma_diploma,3.3
899412,Autoglaziers,certificate_iii_iv,37.5
899412,Autoglaziers,year_12,22.1
899412,Autoglaziers,year_11,8.2
899412,Autoglaziers,year_10_and_below,23.4
899413,Exhaust and Muffler Repairers,post_graduate_graduate_diploma_or_graduate_certificate,1.6
899413,Exhaust and Muffler Repairers,bachelor_degree,0
899413,Exhaust and Muffler Repairers,advanced_diploma_diploma,1.6
899413,Exhaust and Muffler Repairers,certificate_iii_iv,45.4
899413,Exhaust and Muffler Repairers,year_12,12.6
899413,Exhaust and Muffler Repairers,year_11,6.6
899413,Exhaust and Muffler Repairers,year_10_and_below,30.6
899414,Radiator Repairers,post_graduate_graduate_diploma_or_graduate_certificate,0
899414,Radiator Repairers,bachelor_degree,2.1
899414,Radiator Repairers,advanced_diploma_diploma,3.3
899414,Radiator Repairers,certificate_iii_iv,32.9
899414,Radiator Repairers,year_12,12.9
899414,Radiator Repairers,year_11,8.8
899414,Radiator Repairers,year_10_and_below,37.1
899415,Tyre Fitters,post_graduate_graduate_diploma_or_graduate_certificate,0.3
899415,Tyre Fitters,bachelor_degree,1.6
899415,Tyre Fitters,advanced_diploma_diploma,2.1
899415,Tyre Fitters,certificate_iii_iv,24.2
899415,Tyre Fitters,year_12,21.9
899415,Tyre Fitters,year_11,10.3
899415,Tyre Fitters,year_10_and_below,32.7
899511,Printer's Assistants,post_graduate_graduate_diploma_or_graduate_certificate,3
899511,Printer's Assistants,bachelor_degree,10.6
899511,Printer's Assistants,advanced_diploma_diploma,7.3
899511,Printer's Assistants,certificate_iii_iv,19.7
899511,Printer's Assistants,year_12,27
899511,Printer's Assistants,year_11,6.6
899511,Printer's Assistants,year_10_and_below,20.6
899512,Printing Table Workers,post_graduate_graduate_diploma_or_graduate_certificate,1.7
899512,Printing Table Workers,bachelor_degree,7.3
899512,Printing Table Workers,advanced_diploma_diploma,4
899512,Printing Table Workers,certificate_iii_iv,18.3
899512,Printing Table Workers,year_12,29.1
899512,Printing Table Workers,year_11,7.1
899512,Printing Table Workers,year_10_and_below,26.5
899911,Bicycle Mechanics,post_graduate_graduate_diploma_or_graduate_certificate,2.4
899911,Bicycle Mechanics,bachelor_degree,13.8
899911,Bicycle Mechanics,advanced_diploma_diploma,8.5
899911,Bicycle Mechanics,certificate_iii_iv,27.4
899911,Bicycle Mechanics,year_12,26.3
899911,Bicycle Mechanics,year_11,6.4
899911,Bicycle Mechanics,year_10_and_below,13.2
899912,Car Park Attendants,post_graduate_graduate_diploma_or_graduate_certificate,6.1
899912,Car Park Attendants,bachelor_degree,17.5
899912,Car Park Attendants,advanced_diploma_diploma,11.6
899912,Car Park Attendants,certificate_iii_iv,13.8
899912,Car Park Attendants,year_12,28
899912,Car Park Attendants,year_11,5.4
899912,Car Park Attendants,year_10_and_below,13.6
899913,Crossing Supervisors,post_graduate_graduate_diploma_or_graduate_certificate,3.7
899913,Crossing Supervisors,bachelor_degree,7.5
899913,Crossing Supervisors,advanced_diploma_diploma,8.6
899913,Crossing Supervisors,certificate_iii_iv,17.1
899913,Crossing Supervisors,year_12,15
899913,Crossing Supervisors,year_11,7.2
899913,Crossing Supervisors,year_10_and_below,32.9
899914,Electrical and Telecommunications Trades Assistants,post_graduate_graduate_diploma_or_graduate_certificate,1.5
899914,Electrical and Telecommunications Trades Assistants,bachelor_degree,6.4
899914,Electrical and Telecommunications Trades Assistants,advanced_diploma_diploma,4.8
899914,Electrical and Telecommunications Trades Assistants,certificate_iii_iv,27.4
899914,Electrical and Telecommunications Trades Assistants,year_12,28.6
899914,Electrical and Telecommunications Trades Assistants,year_11,7.8
899914,Electrical and Telecommunications Trades Assistants,year_10_and_below,19.3
899915,Leaflet and Newspaper Deliverers,post_graduate_graduate_diploma_or_graduate_certificate,4.2
899915,Leaflet and Newspaper Deliverers,bachelor_degree,9.7
899915,Leaflet and Newspaper Deliverers,advanced_diploma_diploma,6.5
899915,Leaflet and Newspaper Deliverers,certificate_iii_iv,13.3
899915,Leaflet and Newspaper Deliverers,year_12,19.1
899915,Leaflet and Newspaper Deliverers,year_11,9.3
899915,Leaflet and Newspaper Deliverers,year_10_and_below,32.5
899916,Mechanic's Assistants,post_graduate_graduate_diploma_or_graduate_certificate,0.6
899916,Mechanic's Assistants,bachelor_degree,3.5
899916,Mechanic's Assistants,advanced_diploma_diploma,5
899916,Mechanic's Assistants,certificate_iii_iv,25.9
899916,Mechanic's Assistants,year_12,24.3
899916,Mechanic's Assistants,year_11,11.1
899916,Mechanic's Assistants,year_10_and_below,26.5
899917,Railways Assistants,post_graduate_graduate_diploma_or_graduate_certificate,6.6
899917,Railways Assistants,bachelor_degree,13.7
899917,Railways Assistants,advanced_diploma_diploma,11.6
899917,Railways Assistants,certificate_iii_iv,25.1
899917,Railways Assistants,year_12,20.7
899917,Railways Assistants,year_11,4.1
899917,Railways Assistants,year_10_and_below,13.7
899918,Sign Erectors,post_graduate_graduate_diploma_or_graduate_certificate,0.2
899918,Sign Erectors,bachelor_degree,4.7
899918,Sign Erectors,advanced_diploma_diploma,7.2
899918,Sign Erectors,certificate_iii_iv,37.7
899918,Sign Erectors,year_12,22.6
899918,Sign Erectors,year_11,7.1
899918,Sign Erectors,year_10_and_below,17.3
899921,Ticket Collectors and Ushers,post_graduate_graduate_diploma_or_graduate_certificate,4.6
899921,Ticket Collectors and Ushers,bachelor_degree,17.7
899921,Ticket Collectors and Ushers,advanced_diploma_diploma,7.8
899921,Ticket Collectors and Ushers,certificate_iii_iv,12.6
899921,Ticket Collectors and Ushers,year_12,31.3
899921,Ticket Collectors and Ushers,year_11,8.2
899921,Ticket Collectors and Ushers,year_10_and_below,14.8
899922,Trolley Collectors,post_graduate_graduate_diploma_or_graduate_certificate,3.8
899922,Trolley Collectors,bachelor_degree,7.1
899922,Trolley Collectors,advanced_diploma_diploma,6.6
899922,Trolley Collectors,certificate_iii_iv,10.7
899922,Trolley Collectors,year_12,34.1
899922,Trolley Collectors,year_11,9.9
899922,Trolley Collectors,year_10_and_below,21.8
899923,Road Traffic Controllers,post_graduate_graduate_diploma_or_graduate_certificate,1.4
899923,Road Traffic Controllers,bachelor_degree,5.4
899923,Road Traffic Controllers,advanced_diploma_diploma,7.6
899923,Road Traffic Controllers,certificate_iii_iv,24.5
899923,Road Traffic Controllers,year_12,22.2
899923,Road Traffic Controllers,year_11,7.7
899923,Road Traffic Controllers,year_10_and_below,23.6
899999,Labourers (not covered elsewhere),post_graduate_graduate_diploma_or_graduate_certificate,1.3
899999,Labourers (not covered elsewhere),bachelor_degree,5.5
899999,Labourers (not covered elsewhere),advanced_diploma_diploma,6.1
899999,Labourers (not covered elsewhere),certificate_iii_iv,27
899999,Labourers (not covered elsewhere),year_12,24.9
899999,Labourers (not covered elsewhere),year_11,8.2
899999,Labourers (not covered elsewhere),year_10_and_below,22.5
