onet_soc_code,title,element_id,element_name,scale_id,scale_name,category,category_description,share_pct,date,domain_source,data_source
11-1011.00,Chief Executives,3.A.1,Related Work Experience,RW,Related Work Experience (Categories 1-11),11,Over 10 years,68.24,08/2023,Incumbent,O*NET
11-1011.00,Chief Executives,3.A.2,On-Site or In-Plant Training,PT,On-Site Or In-Plant Training (Categories 1-9),5,"Over 6 months, up to and including 1 year",16.79,08/2023,Incumbent,O*NET
11-1011.00,Chief Executives,3.A.3,On-the-Job Training,OJ,On-The-Job Training (Categories 1-9),4,"Over 3 months, up to and including 6 months",13.38,08/2023,Incumbent,O*NET
11-1011.03,Chief Sustainability Officers,3.A.1,Related Work Experience,RW,Related Work Experience (Categories 1-11),8,"Over 4 years, up to and including 6 years",40.74,08/2021,Occupational Expert,O*NET
11-1011.03,Chief Sustainability Officers,3.A.2,On-Site or In-Plant Training,PT,On-Site Or In-Plant Training (Categories 1-9),1,,40.74,08/2021,Occupational Expert,O*NET
11-1011.03,Chief Sustainability Officers,3.A.3,On-the-Job Training,OJ,On-The-Job Training (Categories 1-9),1,None or short demonstration,25.93,08/2021,Occupational Expert,O*NET
11-1021.00,General and Operations Managers,3.A.1,Related Work Experience,RW,Related Work Experience (Categories 1-11),8,"Over 4 years, up to and including 6 years",24.23,08/2023,Incumbent,O*NET
11-1021.00,General and Operations Managers,3.A.2,On-Site or In-Plant Training,PT,On-Site Or In-Plant Training (Categories 1-9),7,"Over 2 years, up to and including 4 years",25.62,08/2023,Incumbent,O*NET
11-1021.00,General and Operations Managers,3.A.3,On-the-Job Training,OJ,On-The-Job Training (Categories 1-9),7,"Over 2 years, up to and including 4 years",26.08,08/2023,Incumbent,O*NET
11-2011.00,Advertising and Promotions Managers,3.A.1,Related Work Experience,RW,Related Work Experience (Categories 1-11),7,"Over 2 years, up to and including 4 years",37.57,08/2026,Incumbent,O*NET
11-2011.00,Advertising and Promotions Managers,3.A.2,On-Site or In-Plant Training,PT,On-Site Or In-Plant Training (Categories 1-9),3,"Over 1 month, up to and including 3 months",33.06,08/2026,Incumbent,O*NET
11-2011.00,Advertising and Promotions Managers,3.A.3,On-the-Job Training,OJ,On-The-Job Training (Categories 1-9),4,"Over 3 months, up to and including 6 months",33.27,08/2026,Incumbent,O*NET
11-2021.00,Marketing Managers,3.A.1,Related Work Experience,RW,Related Work Experience (Categories 1-11),6,"Over 1 year, up to and including 2 years",27.28,08/2026,Incumbent,O*NET
11-2021.00,Marketing Managers,3.A.2,On-Site or In-Plant Training,PT,On-Site Or In-Plant Training (Categories 1-9),3,"Over 1 month, up to and including 3 months",43.34,08/2026,Incumbent,O*NET
11-2021.00,Marketing Managers,3.A.3,On-the-Job Training,OJ,On-The-Job Training (Categories 1-9),2,"Anything beyond short demonstration, up to and including 1 month",17.86,08/2026,Incumbent,O*NET
11-2022.00,Sales Managers,3.A.1,Related Work Experience,RW,Related Work Experience (Categories 1-11),8,"Over 4 years, up to and including 6 years",38.1,08/2025,Occupational Expert,O*NET
11-2022.00,Sales Managers,3.A.2,On-Site or In-Plant Training,PT,On-Site Or In-Plant Training (Categories 1-9),2,Up to and including 1 month,30.0,08/2025,Occupational Expert,O*NET
11-2022.00,Sales Managers,3.A.3,On-the-Job Training,OJ,On-The-Job Training (Categories 1-9),2,"Anything beyond short demonstration, up to and including 1 month",28.57,08/2025,Occupational Expert,O*NET
11-2032.00,Public Relations Managers,3.A.1,Related Work Experience,RW,Related Work Experience (Categories 1-11),8,"Over 4 years, up to and including 6 years",44.44,08/2026,Occupational Expert,O*NET
11-2032.00,Public Relations Managers,3.A.2,On-Site or In-Plant Training,PT,On-Site Or In-Plant Training (Categories 1-9),1,,31.43,08/2026,Occupational Expert,O*NET
11-2032.00,Public Relations Managers,3.A.3,On-the-Job Training,OJ,On-The-Job Training (Categories 1-9),2,"Anything beyond short demonstration, up to and including 1 month",22.22,08/2026,Occupational Expert,O*NET
11-2033.00,Fundraising Managers,3.A.1,Related Work Experience,RW,Related Work Experience (Categories 1-11),11,Over 10 years,25.56,08/2025,Incumbent,O*NET
11-2033.00,Fundraising Managers,3.A.2,On-Site or In-Plant Training,PT,On-Site Or In-Plant Training (Categories 1-9),2,Up to and including 1 month,45.3,08/2025,Incumbent,O*NET
11-2033.00,Fundraising Managers,3.A.3,On-the-Job Training,OJ,On-The-Job Training (Categories 1-9),5,"Over 6 months, up to and including 1 year",16.02,08/2025,Incumbent,O*NET
11-3012.00,Administrative Services Managers,3.A.1,Related Work Experience,RW,Related Work Experience (Categories 1-11),7,"Over 2 years, up to and including 4 years",31.24,07/2017,Incumbent,O*NET
11-3012.00,Administrative Services Managers,3.A.2,On-Site or In-Plant Training,PT,On-Site Or In-Plant Training (Categories 1-9),3,"Over 1 month, up to and including 3 months",34.62,07/2017,Incumbent,O*NET
11-3012.00,Administrative Services Managers,3.A.3,On-the-Job Training,OJ,On-The-Job Training (Categories 1-9),3,"Over 1 month, up to and including 3 months",48.28,07/2017,Incumbent,O*NET
11-3013.00,Facilities Managers,3.A.1,Related Work Experience,RW,Related Work Experience (Categories 1-11),7,"Over 2 years, up to and including 4 years",49.01,08/2024,Incumbent,O*NET
11-3013.00,Facilities Managers,3.A.2,On-Site or In-Plant Training,PT,On-Site Or In-Plant Training (Categories 1-9),3,"Over 1 month, up to and including 3 months",26.16,08/2024,Incumbent,O*NET
11-3013.00,Facilities Managers,3.A.3,On-the-Job Training,OJ,On-The-Job Training (Categories 1-9),3,"Over 1 month, up to and including 3 months",24.48,08/2024,Incumbent,O*NET
11-3013.01,Security Managers,3.A.1,Related Work Experience,RW,Related Work Experience (Categories 1-11),8,"Over 4 years, up to and including 6 years",45.0,08/2025,Occupational Expert,O*NET
11-3013.01,Security Managers,3.A.2,On-Site or In-Plant Training,PT,On-Site Or In-Plant Training (Categories 1-9),2,Up to and including 1 month,25.0,08/2025,Occupational Expert,O*NET
11-3013.01,Security Managers,3.A.3,On-the-Job Training,OJ,On-The-Job Training (Categories 1-9),3,"Over 1 month, up to and including 3 months",20.0,08/2025,Occupational Expert,O*NET
11-3021.00,Computer and Information Systems Managers,3.A.1,Related Work Experience,RW,Related Work Experience (Categories 1-11),9,"Over 6 years, up to and including 8 years",40.02,07/2016,Incumbent,O*NET
11-3021.00,Computer and Information Systems Managers,3.A.2,On-Site or In-Plant Training,PT,On-Site Or In-Plant Training (Categories 1-9),2,Up to and including 1 month,31.64,07/2016,Incumbent,O*NET
11-3021.00,Computer and Information Systems Managers,3.A.3,On-the-Job Training,OJ,On-The-Job Training (Categories 1-9),5,"Over 6 months, up to and including 1 year",32.63,07/2016,Incumbent,O*NET
11-3031.00,Financial Managers,3.A.1,Related Work Experience,RW,Related Work Experience (Categories 1-11),8,"Over 4 years, up to and including 6 years",41.91,08/2022,Incumbent,O*NET
11-3031.00,Financial Managers,3.A.2,On-Site or In-Plant Training,PT,On-Site Or In-Plant Training (Categories 1-9),1,,34.21,08/2022,Incumbent,O*NET
11-3031.00,Financial Managers,3.A.3,On-the-Job Training,OJ,On-The-Job Training (Categories 1-9),4,"Over 3 months, up to and including 6 months",39.56,08/2022,Incumbent,O*NET
11-3031.01,Treasurers and Controllers,3.A.1,Related Work Experience,RW,Related Work Experience (Categories 1-11),11,Over 10 years,48.0,08/2026,Occupational Expert,O*NET
11-3031.01,Treasurers and Controllers,3.A.2,On-Site or In-Plant Training,PT,On-Site Or In-Plant Training (Categories 1-9),1,,20.0,08/2026,Occupational Expert,O*NET
11-3031.01,Treasurers and Controllers,3.A.3,On-the-Job Training,OJ,On-The-Job Training (Categories 1-9),2,"Anything beyond short demonstration, up to and including 1 month",21.74,08/2026,Occupational Expert,O*NET
11-3031.03,Investment Fund Managers,3.A.1,Related Work Experience,RW,Related Work Experience (Categories 1-11),10,"Over 8 years, up to and including 10 years",28.36,07/2014,Incumbent,O*NET
11-3031.03,Investment Fund Managers,3.A.2,On-Site or In-Plant Training,PT,On-Site Or In-Plant Training (Categories 1-9),1,,27.75,07/2014,Incumbent,O*NET
11-3031.03,Investment Fund Managers,3.A.3,On-the-Job Training,OJ,On-The-Job Training (Categories 1-9),5,"Over 6 months, up to and including 1 year",28.63,07/2014,Incumbent,O*NET
11-3051.00,Industrial Production Managers,3.A.1,Related Work Experience,RW,Related Work Experience (Categories 1-11),6,"Over 1 year, up to and including 2 years",28.44,08/2021,Incumbent,O*NET
11-3051.00,Industrial Production Managers,3.A.2,On-Site or In-Plant Training,PT,On-Site Or In-Plant Training (Categories 1-9),3,"Over 1 month, up to and including 3 months",17.3,08/2021,Incumbent,O*NET
11-3051.00,Industrial Production Managers,3.A.3,On-the-Job Training,OJ,On-The-Job Training (Categories 1-9),5,"Over 6 months, up to and including 1 year",26.73,08/2021,Incumbent,O*NET
11-3051.01,Quality Control Systems Managers,3.A.1,Related Work Experience,RW,Related Work Experience (Categories 1-11),8,"Over 4 years, up to and including 6 years",41.89,08/2022,Incumbent,O*NET
11-3051.01,Quality Control Systems Managers,3.A.2,On-Site or In-Plant Training,PT,On-Site Or In-Plant Training (Categories 1-9),2,Up to and including 1 month,32.71,08/2022,Incumbent,O*NET
11-3051.01,Quality Control Systems Managers,3.A.3,On-the-Job Training,OJ,On-The-Job Training (Categories 1-9),3,"Over 1 month, up to and including 3 months",36.81,08/2022,Incumbent,O*NET
11-3051.02,Geothermal Production Managers,3.A.1,Related Work Experience,RW,Related Work Experience (Categories 1-11),11,Over 10 years,41.82,07/2011,Incumbent,O*NET
11-3051.02,Geothermal Production Managers,3.A.2,On-Site or In-Plant Training,PT,On-Site Or In-Plant Training (Categories 1-9),8,"Over 4 years, up to and including 10 years",30.16,07/2011,Incumbent,O*NET
11-3051.02,Geothermal Production Managers,3.A.3,On-the-Job Training,OJ,On-The-Job Training (Categories 1-9),5,"Over 6 months, up to and including 1 year",30.54,07/2011,Incumbent,O*NET
11-3051.03,Biofuels Production Managers,3.A.1,Related Work Experience,RW,Related Work Experience (Categories 1-11),7,"Over 2 years, up to and including 4 years",34.62,07/2016,Incumbent,O*NET
11-3051.03,Biofuels Production Managers,3.A.2,On-Site or In-Plant Training,PT,On-Site Or In-Plant Training (Categories 1-9),5,"Over 6 months, up to and including 1 year",37.32,07/2016,Incumbent,O*NET
11-3051.03,Biofuels Production Managers,3.A.3,On-the-Job Training,OJ,On-The-Job Training (Categories 1-9),5,"Over 6 months, up to and including 1 year",26.25,07/2016,Incumbent,O*NET
11-3051.04,Biomass Power Plant Managers,3.A.1,Related Work Experience,RW,Related Work Experience (Categories 1-11),11,Over 10 years,40.89,08/2020,Incumbent,O*NET
11-3051.04,Biomass Power Plant Managers,3.A.2,On-Site or In-Plant Training,PT,On-Site Or In-Plant Training (Categories 1-9),4,"Over 3 months, up to and including 6 months",28.49,08/2020,Incumbent,O*NET
11-3051.04,Biomass Power Plant Managers,3.A.3,On-the-Job Training,OJ,On-The-Job Training (Categories 1-9),5,"Over 6 months, up to and including 1 year",23.72,08/2020,Incumbent,O*NET
11-3051.06,Hydroelectric Production Managers,3.A.1,Related Work Experience,RW,Related Work Experience (Categories 1-11),8,"Over 4 years, up to and including 6 years",29.66,07/2016,Incumbent,O*NET
11-3051.06,Hydroelectric Production Managers,3.A.2,On-Site or In-Plant Training,PT,On-Site Or In-Plant Training (Categories 1-9),7,"Over 2 years, up to and including 4 years",26.46,07/2016,Incumbent,O*NET
11-3051.06,Hydroelectric Production Managers,3.A.3,On-the-Job Training,OJ,On-The-Job Training (Categories 1-9),4,"Over 3 months, up to and including 6 months",18.56,07/2016,Incumbent,O*NET
11-3061.00,Purchasing Managers,3.A.1,Related Work Experience,RW,Related Work Experience (Categories 1-11),7,"Over 2 years, up to and including 4 years",31.58,08/2023,Occupational Expert,O*NET
11-3061.00,Purchasing Managers,3.A.2,On-Site or In-Plant Training,PT,On-Site Or In-Plant Training (Categories 1-9),2,Up to and including 1 month,21.05,08/2023,Occupational Expert,O*NET
11-3061.00,Purchasing Managers,3.A.3,On-the-Job Training,OJ,On-The-Job Training (Categories 1-9),5,"Over 6 months, up to and including 1 year",21.05,08/2023,Occupational Expert,O*NET
11-3071.04,Supply Chain Managers,3.A.1,Related Work Experience,RW,Related Work Experience (Categories 1-11),11,Over 10 years,33.33,07/2017,Occupational Expert,O*NET
11-3071.04,Supply Chain Managers,3.A.2,On-Site or In-Plant Training,PT,On-Site Or In-Plant Training (Categories 1-9),3,"Over 1 month, up to and including 3 months",23.81,07/2017,Occupational Expert,O*NET
11-3071.04,Supply Chain Managers,3.A.3,On-the-Job Training,OJ,On-The-Job Training (Categories 1-9),3,"Over 1 month, up to and including 3 months",23.81,07/2017,Occupational Expert,O*NET
11-3111.00,Compensation and Benefits Managers,3.A.1,Related Work Experience,RW,Related Work Experience (Categories 1-11),8,"Over 4 years, up to and including 6 years",52.38,08/2023,Occupational Expert,O*NET
11-3111.00,Compensation and Benefits Managers,3.A.2,On-Site or In-Plant Training,PT,On-Site Or In-Plant Training (Categories 1-9),1,,23.81,08/2023,Occupational Expert,O*NET
11-3111.00,Compensation and Benefits Managers,3.A.3,On-the-Job Training,OJ,On-The-Job Training (Categories 1-9),3,"Over 1 month, up to and including 3 months",28.57,08/2023,Occupational Expert,O*NET
11-3121.00,Human Resources Managers,3.A.1,Related Work Experience,RW,Related Work Experience (Categories 1-11),8,"Over 4 years, up to and including 6 years",63.64,08/2025,Occupational Expert,O*NET
11-3121.00,Human Resources Managers,3.A.2,On-Site or In-Plant Training,PT,On-Site Or In-Plant Training (Categories 1-9),2,Up to and including 1 month,40.91,08/2025,Occupational Expert,O*NET
11-3121.00,Human Resources Managers,3.A.3,On-the-Job Training,OJ,On-The-Job Training (Categories 1-9),2,"Anything beyond short demonstration, up to and including 1 month",22.73,08/2025,Occupational Expert,O*NET
11-3131.00,Training and Development Managers,3.A.1,Related Work Experience,RW,Related Work Experience (Categories 1-11),8,"Over 4 years, up to and including 6 years",50.0,08/2024,Occupational Expert,O*NET
11-3131.00,Training and Development Managers,3.A.2,On-Site or In-Plant Training,PT,On-Site Or In-Plant Training (Categories 1-9),2,Up to and including 1 month,32.14,08/2024,Occupational Expert,O*NET
11-3131.00,Training and Development Managers,3.A.3,On-the-Job Training,OJ,On-The-Job Training (Categories 1-9),2,"Anything beyond short demonstration, up to and including 1 month",28.57,08/2024,Occupational Expert,O*NET
11-9021.00,Construction Managers,3.A.1,Related Work Experience,RW,Related Work Experience (Categories 1-11),8,"Over 4 years, up to and including 6 years",20.0,08/2025,Occupational Expert,O*NET
11-9021.00,Construction Managers,3.A.2,On-Site or In-Plant Training,PT,On-Site Or In-Plant Training (Categories 1-9),8,"Over 4 years, up to and including 10 years",30.0,08/2025,Occupational Expert,O*NET
11-9021.00,Construction Managers,3.A.3,On-the-Job Training,OJ,On-The-Job Training (Categories 1-9),8,"Over 4 years, up to and including 10 years",25.0,08/2025,Occupational Expert,O*NET
11-9031.00,"Education and Childcare Administrators, Preschool and Daycare",3.A.1,Related Work Experience,RW,Related Work Experience (Categories 1-11),6,"Over 1 year, up to and including 2 years",33.33,08/2026,Occupational Expert,O*NET
11-9031.00,"Education and Childcare Administrators, Preschool and Daycare",3.A.2,On-Site or In-Plant Training,PT,On-Site Or In-Plant Training (Categories 1-9),2,Up to and including 1 month,31.25,08/2026,Occupational Expert,O*NET
11-9031.00,"Education and Childcare Administrators, Preschool and Daycare",3.A.3,On-the-Job Training,OJ,On-The-Job Training (Categories 1-9),2,"Anything beyond short demonstration, up to and including 1 month",25.0,08/2026,Occupational Expert,O*NET
11-9032.00,"Education Administrators, Kindergarten through Secondary",3.A.1,Related Work Experience,RW,Related Work Experience (Categories 1-11),7,"Over 2 years, up to and including 4 years",36.02,08/2026,Incumbent,O*NET
11-9032.00,"Education Administrators, Kindergarten through Secondary",3.A.2,On-Site or In-Plant Training,PT,On-Site Or In-Plant Training (Categories 1-9),2,Up to and including 1 month,52.14,08/2026,Incumbent,O*NET
11-9032.00,"Education Administrators, Kindergarten through Secondary",3.A.3,On-the-Job Training,OJ,On-The-Job Training (Categories 1-9),1,None or short demonstration,32.57,08/2026,Incumbent,O*NET
11-9033.00,"Education Administrators, Postsecondary",3.A.1,Related Work Experience,RW,Related Work Experience (Categories 1-11),8,"Over 4 years, up to and including 6 years",33.56,08/2018,Incumbent,O*NET
11-9033.00,"Education Administrators, Postsecondary",3.A.2,On-Site or In-Plant Training,PT,On-Site Or In-Plant Training (Categories 1-9),1,,32.56,08/2018,Incumbent,O*NET
11-9033.00,"Education Administrators, Postsecondary",3.A.3,On-the-Job Training,OJ,On-The-Job Training (Categories 1-9),4,"Over 3 months, up to and including 6 months",25.65,08/2018,Incumbent,O*NET
11-9041.00,Architectural and Engineering Managers,3.A.1,Related Work Experience,RW,Related Work Experience (Categories 1-11),11,Over 10 years,36.1,08/2020,Incumbent,O*NET
11-9041.00,Architectural and Engineering Managers,3.A.2,On-Site or In-Plant Training,PT,On-Site Or In-Plant Training (Categories 1-9),7,"Over 2 years, up to and including 4 years",20.15,08/2020,Incumbent,O*NET
11-9041.00,Architectural and Engineering Managers,3.A.3,On-the-Job Training,OJ,On-The-Job Training (Categories 1-9),5,"Over 6 months, up to and including 1 year",23.03,08/2020,Incumbent,O*NET
11-9041.01,Biofuels/Biodiesel Technology and Product Development Managers,3.A.1,Related Work Experience,RW,Related Work Experience (Categories 1-11),7,"Over 2 years, up to and including 4 years",54.02,07/2014,Incumbent,O*NET
11-9041.01,Biofuels/Biodiesel Technology and Product Development Managers,3.A.2,On-Site or In-Plant Training,PT,On-Site Or In-Plant Training (Categories 1-9),3,"Over 1 month, up to and including 3 months",26.16,07/2014,Incumbent,O*NET
11-9041.01,Biofuels/Biodiesel Technology and Product Development Managers,3.A.3,On-the-Job Training,OJ,On-The-Job Training (Categories 1-9),4,"Over 3 months, up to and including 6 months",32.9,07/2014,Incumbent,O*NET
11-9051.00,Food Service Managers,3.A.1,Related Work Experience,RW,Related Work Experience (Categories 1-11),6,"Over 1 year, up to and including 2 years",19.81,08/2025,Incumbent,O*NET
11-9051.00,Food Service Managers,3.A.2,On-Site or In-Plant Training,PT,On-Site Or In-Plant Training (Categories 1-9),3,"Over 1 month, up to and including 3 months",40.45,08/2025,Incumbent,O*NET
11-9051.00,Food Service Managers,3.A.3,On-the-Job Training,OJ,On-The-Job Training (Categories 1-9),3,"Over 1 month, up to and including 3 months",45.77,08/2025,Incumbent,O*NET
11-9071.00,Gambling Managers,3.A.1,Related Work Experience,RW,Related Work Experience (Categories 1-11),7,"Over 2 years, up to and including 4 years",33.55,08/2023,Incumbent,O*NET
11-9071.00,Gambling Managers,3.A.2,On-Site or In-Plant Training,PT,On-Site Or In-Plant Training (Categories 1-9),3,"Over 1 month, up to and including 3 months",31.43,08/2023,Incumbent,O*NET
11-9071.00,Gambling Managers,3.A.3,On-the-Job Training,OJ,On-The-Job Training (Categories 1-9),2,"Anything beyond short demonstration, up to and including 1 month",30.1,08/2023,Incumbent,O*NET
11-9072.00,"Entertainment and Recreation Managers, Except Gambling",3.A.1,Related Work Experience,RW,Related Work Experience (Categories 1-11),7,"Over 2 years, up to and including 4 years",24.69,08/2026,Incumbent,O*NET
11-9072.00,"Entertainment and Recreation Managers, Except Gambling",3.A.2,On-Site or In-Plant Training,PT,On-Site Or In-Plant Training (Categories 1-9),2,Up to and including 1 month,58.38,08/2026,Incumbent,O*NET
11-9072.00,"Entertainment and Recreation Managers, Except Gambling",3.A.3,On-the-Job Training,OJ,On-The-Job Training (Categories 1-9),2,"Anything beyond short demonstration, up to and including 1 month",43.35,08/2026,Incumbent,O*NET
11-9081.00,Lodging Managers,3.A.1,Related Work Experience,RW,Related Work Experience (Categories 1-11),6,"Over 1 year, up to and including 2 years",19.08,07/2017,Incumbent,O*NET
11-9081.00,Lodging Managers,3.A.2,On-Site or In-Plant Training,PT,On-Site Or In-Plant Training (Categories 1-9),3,"Over 1 month, up to and including 3 months",35.85,07/2017,Incumbent,O*NET
11-9081.00,Lodging Managers,3.A.3,On-the-Job Training,OJ,On-The-Job Training (Categories 1-9),5,"Over 6 months, up to and including 1 year",17.93,07/2017,Incumbent,O*NET
11-9111.00,Medical and Health Services Managers,3.A.1,Related Work Experience,RW,Related Work Experience (Categories 1-11),8,"Over 4 years, up to and including 6 years",37.04,08/2022,Occupational Expert,O*NET
11-9111.00,Medical and Health Services Managers,3.A.2,On-Site or In-Plant Training,PT,On-Site Or In-Plant Training (Categories 1-9),6,"Over 1 year, up to and including 2 years",25.93,08/2022,Occupational Expert,O*NET
11-9111.00,Medical and Health Services Managers,3.A.3,On-the-Job Training,OJ,On-The-Job Training (Categories 1-9),5,"Over 6 months, up to and including 1 year",33.33,08/2022,Occupational Expert,O*NET
11-9121.00,Natural Sciences Managers,3.A.1,Related Work Experience,RW,Related Work Experience (Categories 1-11),7,"Over 2 years, up to and including 4 years",25.71,08/2021,Incumbent,O*NET
11-9121.00,Natural Sciences Managers,3.A.2,On-Site or In-Plant Training,PT,On-Site Or In-Plant Training (Categories 1-9),2,Up to and including 1 month,36.79,08/2021,Incumbent,O*NET
11-9121.00,Natural Sciences Managers,3.A.3,On-the-Job Training,OJ,On-The-Job Training (Categories 1-9),6,"Over 1 year, up to and including 2 years",25.24,08/2021,Incumbent,O*NET
11-9121.01,Clinical Research Coordinators,3.A.1,Related Work Experience,RW,Related Work Experience (Categories 1-11),6,"Over 1 year, up to and including 2 years",33.58,08/2021,Incumbent,O*NET
11-9121.01,Clinical Research Coordinators,3.A.2,On-Site or In-Plant Training,PT,On-Site Or In-Plant Training (Categories 1-9),4,"Over 3 months, up to and including 6 months",27.27,08/2021,Incumbent,O*NET
11-9121.01,Clinical Research Coordinators,3.A.3,On-the-Job Training,OJ,On-The-Job Training (Categories 1-9),5,"Over 6 months, up to and including 1 year",41.96,08/2021,Incumbent,O*NET
11-9121.02,Water Resource Specialists,3.A.1,Related Work Experience,RW,Related Work Experience (Categories 1-11),1,,18.18,08/2020,Occupational Expert,O*NET
11-9121.02,Water Resource Specialists,3.A.2,On-Site or In-Plant Training,PT,On-Site Or In-Plant Training (Categories 1-9),1,,40.91,08/2020,Occupational Expert,O*NET
11-9121.02,Water Resource Specialists,3.A.3,On-the-Job Training,OJ,On-The-Job Training (Categories 1-9),1,None or short demonstration,18.18,08/2020,Occupational Expert,O*NET
11-9131.00,Postmasters and Mail Superintendents,3.A.1,Related Work Experience,RW,Related Work Experience (Categories 1-11),1,,27.12,07/2016,Incumbent,O*NET
11-9131.00,Postmasters and Mail Superintendents,3.A.2,On-Site or In-Plant Training,PT,On-Site Or In-Plant Training (Categories 1-9),4,"Over 3 months, up to and including 6 months",26.46,07/2016,Incumbent,O*NET
11-9131.00,Postmasters and Mail Superintendents,3.A.3,On-the-Job Training,OJ,On-The-Job Training (Categories 1-9),3,"Over 1 month, up to and including 3 months",27.11,07/2016,Incumbent,O*NET
11-9141.00,"Property, Real Estate, and Community Association Managers",3.A.1,Related Work Experience,RW,Related Work Experience (Categories 1-11),7,"Over 2 years, up to and including 4 years",44.44,08/2026,Occupational Expert,O*NET
11-9141.00,"Property, Real Estate, and Community Association Managers",3.A.2,On-Site or In-Plant Training,PT,On-Site Or In-Plant Training (Categories 1-9),7,"Over 2 years, up to and including 4 years",25.93,08/2026,Occupational Expert,O*NET
11-9141.00,"Property, Real Estate, and Community Association Managers",3.A.3,On-the-Job Training,OJ,On-The-Job Training (Categories 1-9),2,"Anything beyond short demonstration, up to and including 1 month",19.23,08/2026,Occupational Expert,O*NET
11-9151.00,Social and Community Service Managers,3.A.1,Related Work Experience,RW,Related Work Experience (Categories 1-11),8,"Over 4 years, up to and including 6 years",26.13,08/2018,Incumbent,O*NET
11-9151.00,Social and Community Service Managers,3.A.2,On-Site or In-Plant Training,PT,On-Site Or In-Plant Training (Categories 1-9),3,"Over 1 month, up to and including 3 months",39.94,08/2018,Incumbent,O*NET
11-9151.00,Social and Community Service Managers,3.A.3,On-the-Job Training,OJ,On-The-Job Training (Categories 1-9),5,"Over 6 months, up to and including 1 year",33.58,08/2018,Incumbent,O*NET
11-9161.00,Emergency Management Directors,3.A.1,Related Work Experience,RW,Related Work Experience (Categories 1-11),8,"Over 4 years, up to and including 6 years",50.0,08/2023,Occupational Expert,O*NET
11-9161.00,Emergency Management Directors,3.A.2,On-Site or In-Plant Training,PT,On-Site Or In-Plant Training (Categories 1-9),2,Up to and including 1 month,18.18,08/2023,Occupational Expert,O*NET
11-9161.00,Emergency Management Directors,3.A.3,On-the-Job Training,OJ,On-The-Job Training (Categories 1-9),2,"Anything beyond short demonstration, up to and including 1 month",22.73,08/2023,Occupational Expert,O*NET
11-9171.00,Funeral Home Managers,3.A.1,Related Work Experience,RW,Related Work Experience (Categories 1-11),7,"Over 2 years, up to and including 4 years",28.64,08/2024,Incumbent,O*NET
11-9171.00,Funeral Home Managers,3.A.2,On-Site or In-Plant Training,PT,On-Site Or In-Plant Training (Categories 1-9),5,"Over 6 months, up to and including 1 year",34.59,08/2024,Incumbent,O*NET
11-9171.00,Funeral Home Managers,3.A.3,On-the-Job Training,OJ,On-The-Job Training (Categories 1-9),4,"Over 3 months, up to and including 6 months",30.61,08/2024,Incumbent,O*NET
11-9179.01,Fitness and Wellness Coordinators,3.A.1,Related Work Experience,RW,Related Work Experience (Categories 1-11),7,"Over 2 years, up to and including 4 years",46.15,08/2022,Occupational Expert,O*NET
11-9179.01,Fitness and Wellness Coordinators,3.A.2,On-Site or In-Plant Training,PT,On-Site Or In-Plant Training (Categories 1-9),2,Up to and including 1 month,38.46,08/2022,Occupational Expert,O*NET
11-9179.01,Fitness and Wellness Coordinators,3.A.3,On-the-Job Training,OJ,On-The-Job Training (Categories 1-9),2,"Anything beyond short demonstration, up to and including 1 month",38.46,08/2022,Occupational Expert,O*NET
11-9179.02,Spa Managers,3.A.1,Related Work Experience,RW,Related Work Experience (Categories 1-11),7,"Over 2 years, up to and including 4 years",26.45,08/2026,Incumbent,O*NET
11-9179.02,Spa Managers,3.A.2,On-Site or In-Plant Training,PT,On-Site Or In-Plant Training (Categories 1-9),5,"Over 6 months, up to and including 1 year",18.06,08/2026,Incumbent,O*NET
11-9179.02,Spa Managers,3.A.3,On-the-Job Training,OJ,On-The-Job Training (Categories 1-9),3,"Over 1 month, up to and including 3 months",12.63,08/2026,Incumbent,O*NET
11-9199.01,Regulatory Affairs Managers,3.A.1,Related Work Experience,RW,Related Work Experience (Categories 1-11),7,"Over 2 years, up to and including 4 years",34.78,08/2024,Occupational Expert,O*NET
11-9199.01,Regulatory Affairs Managers,3.A.2,On-Site or In-Plant Training,PT,On-Site Or In-Plant Training (Categories 1-9),3,"Over 1 month, up to and including 3 months",30.43,08/2024,Occupational Expert,O*NET
11-9199.01,Regulatory Affairs Managers,3.A.3,On-the-Job Training,OJ,On-The-Job Training (Categories 1-9),5,"Over 6 months, up to and including 1 year",27.27,08/2024,Occupational Expert,O*NET
11-9199.02,Compliance Managers,3.A.1,Related Work Experience,RW,Related Work Experience (Categories 1-11),7,"Over 2 years, up to and including 4 years",42.56,08/2019,Incumbent,O*NET
11-9199.02,Compliance Managers,3.A.2,On-Site or In-Plant Training,PT,On-Site Or In-Plant Training (Categories 1-9),6,"Over 1 year, up to and including 2 years",30.86,08/2019,Incumbent,O*NET
11-9199.02,Compliance Managers,3.A.3,On-the-Job Training,OJ,On-The-Job Training (Categories 1-9),3,"Over 1 month, up to and including 3 months",27.04,08/2019,Incumbent,O*NET
11-9199.08,Loss Prevention Managers,3.A.1,Related Work Experience,RW,Related Work Experience (Categories 1-11),8,"Over 4 years, up to and including 6 years",31.82,08/2019,Occupational Expert,O*NET
11-9199.08,Loss Prevention Managers,3.A.2,On-Site or In-Plant Training,PT,On-Site Or In-Plant Training (Categories 1-9),2,Up to and including 1 month,28.57,08/2019,Occupational Expert,O*NET
11-9199.08,Loss Prevention Managers,3.A.3,On-the-Job Training,OJ,On-The-Job Training (Categories 1-9),3,"Over 1 month, up to and including 3 months",31.82,08/2019,Occupational Expert,O*NET
11-9199.09,Wind Energy Operations Managers,3.A.1,Related Work Experience,RW,Related Work Experience (Categories 1-11),8,"Over 4 years, up to and including 6 years",38.8,08/2021,Incumbent,O*NET
11-9199.09,Wind Energy Operations Managers,3.A.2,On-Site or In-Plant Training,PT,On-Site Or In-Plant Training (Categories 1-9),5,"Over 6 months, up to and including 1 year",45.51,08/2021,Incumbent,O*NET
11-9199.09,Wind Energy Operations Managers,3.A.3,On-the-Job Training,OJ,On-The-Job Training (Categories 1-9),5,"Over 6 months, up to and including 1 year",37.79,08/2021,Incumbent,O*NET
11-9199.10,Wind Energy Development Managers,3.A.1,Related Work Experience,RW,Related Work Experience (Categories 1-11),8,"Over 4 years, up to and including 6 years",33.56,07/2016,Incumbent,O*NET
11-9199.10,Wind Energy Development Managers,3.A.2,On-Site or In-Plant Training,PT,On-Site Or In-Plant Training (Categories 1-9),3,"Over 1 month, up to and including 3 months",27.85,07/2016,Incumbent,O*NET
11-9199.10,Wind Energy Development Managers,3.A.3,On-the-Job Training,OJ,On-The-Job Training (Categories 1-9),3,"Over 1 month, up to and including 3 months",22.58,07/2016,Incumbent,O*NET
11-9199.11,Brownfield Redevelopment Specialists and Site Managers,3.A.1,Related Work Experience,RW,Related Work Experience (Categories 1-11),7,"Over 2 years, up to and including 4 years",31.82,08/2021,Occupational Expert,O*NET
11-9199.11,Brownfield Redevelopment Specialists and Site Managers,3.A.2,On-Site or In-Plant Training,PT,On-Site Or In-Plant Training (Categories 1-9),1,,36.36,08/2021,Occupational Expert,O*NET
11-9199.11,Brownfield Redevelopment Specialists and Site Managers,3.A.3,On-the-Job Training,OJ,On-The-Job Training (Categories 1-9),6,"Over 1 year, up to and including 2 years",27.27,08/2021,Occupational Expert,O*NET
13-1011.00,"Agents and Business Managers of Artists, Performers, and Athletes",3.A.1,Related Work Experience,RW,Related Work Experience (Categories 1-11),6,"Over 1 year, up to and including 2 years",36.61,08/2020,Incumbent,O*NET
13-1011.00,"Agents and Business Managers of Artists, Performers, and Athletes",3.A.2,On-Site or In-Plant Training,PT,On-Site Or In-Plant Training (Categories 1-9),2,Up to and including 1 month,33.1,08/2020,Incumbent,O*NET
13-1011.00,"Agents and Business Managers of Artists, Performers, and Athletes",3.A.3,On-the-Job Training,OJ,On-The-Job Training (Categories 1-9),3,"Over 1 month, up to and including 3 months",34.44,08/2020,Incumbent,O*NET
13-1021.00,"Buyers and Purchasing Agents, Farm Products",3.A.1,Related Work Experience,RW,Related Work Experience (Categories 1-11),6,"Over 1 year, up to and including 2 years",34.19,08/2026,Incumbent,O*NET
13-1021.00,"Buyers and Purchasing Agents, Farm Products",3.A.2,On-Site or In-Plant Training,PT,On-Site Or In-Plant Training (Categories 1-9),5,"Over 6 months, up to and including 1 year",44.33,08/2026,Incumbent,O*NET
13-1021.00,"Buyers and Purchasing Agents, Farm Products",3.A.3,On-the-Job Training,OJ,On-The-Job Training (Categories 1-9),4,"Over 3 months, up to and including 6 months",42.96,08/2026,Incumbent,O*NET
13-1022.00,"Wholesale and Retail Buyers, Except Farm Products",3.A.1,Related Work Experience,RW,Related Work Experience (Categories 1-11),1,,9.12,08/2026,Incumbent,O*NET
13-1022.00,"Wholesale and Retail Buyers, Except Farm Products",3.A.2,On-Site or In-Plant Training,PT,On-Site Or In-Plant Training (Categories 1-9),6,"Over 1 year, up to and including 2 years",30.01,08/2026,Incumbent,O*NET
13-1022.00,"Wholesale and Retail Buyers, Except Farm Products",3.A.3,On-the-Job Training,OJ,On-The-Job Training (Categories 1-9),7,"Over 2 years, up to and including 4 years",8.53,08/2026,Incumbent,O*NET
13-1023.00,"Purchasing Agents, Except Wholesale, Retail, and Farm Products",3.A.1,Related Work Experience,RW,Related Work Experience (Categories 1-11),7,"Over 2 years, up to and including 4 years",35.0,08/2025,Occupational Expert,O*NET
13-1023.00,"Purchasing Agents, Except Wholesale, Retail, and Farm Products",3.A.2,On-Site or In-Plant Training,PT,On-Site Or In-Plant Training (Categories 1-9),6,"Over 1 year, up to and including 2 years",30.0,08/2025,Occupational Expert,O*NET
13-1023.00,"Purchasing Agents, Except Wholesale, Retail, and Farm Products",3.A.3,On-the-Job Training,OJ,On-The-Job Training (Categories 1-9),5,"Over 6 months, up to and including 1 year",30.0,08/2025,Occupational Expert,O*NET
13-1031.00,"Claims Adjusters, Examiners, and Investigators",3.A.1,Related Work Experience,RW,Related Work Experience (Categories 1-11),7,"Over 2 years, up to and including 4 years",21.75,08/2022,Incumbent,O*NET
13-1031.00,"Claims Adjusters, Examiners, and Investigators",3.A.2,On-Site or In-Plant Training,PT,On-Site Or In-Plant Training (Categories 1-9),5,"Over 6 months, up to and including 1 year",19.63,08/2022,Incumbent,O*NET
13-1031.00,"Claims Adjusters, Examiners, and Investigators",3.A.3,On-the-Job Training,OJ,On-The-Job Training (Categories 1-9),5,"Over 6 months, up to and including 1 year",36.97,08/2022,Incumbent,O*NET
13-1032.00,"Insurance Appraisers, Auto Damage",3.A.1,Related Work Experience,RW,Related Work Experience (Categories 1-11),7,"Over 2 years, up to and including 4 years",36.05,07/2016,Incumbent,O*NET
13-1032.00,"Insurance Appraisers, Auto Damage",3.A.2,On-Site or In-Plant Training,PT,On-Site Or In-Plant Training (Categories 1-9),2,Up to and including 1 month,66.46,07/2016,Incumbent,O*NET
13-1032.00,"Insurance Appraisers, Auto Damage",3.A.3,On-the-Job Training,OJ,On-The-Job Training (Categories 1-9),2,"Anything beyond short demonstration, up to and including 1 month",50.52,07/2016,Incumbent,O*NET
13-1041.01,Environmental Compliance Inspectors,3.A.1,Related Work Experience,RW,Related Work Experience (Categories 1-11),1,,25.0,08/2021,Occupational Expert,O*NET
13-1041.01,Environmental Compliance Inspectors,3.A.2,On-Site or In-Plant Training,PT,On-Site Or In-Plant Training (Categories 1-9),2,Up to and including 1 month,30.0,08/2021,Occupational Expert,O*NET
13-1041.01,Environmental Compliance Inspectors,3.A.3,On-the-Job Training,OJ,On-The-Job Training (Categories 1-9),5,"Over 6 months, up to and including 1 year",40.0,08/2021,Occupational Expert,O*NET
13-1041.03,Equal Opportunity Representatives and Officers,3.A.1,Related Work Experience,RW,Related Work Experience (Categories 1-11),7,"Over 2 years, up to and including 4 years",43.94,07/2015,Incumbent,O*NET
13-1041.03,Equal Opportunity Representatives and Officers,3.A.2,On-Site or In-Plant Training,PT,On-Site Or In-Plant Training (Categories 1-9),3,"Over 1 month, up to and including 3 months",21.73,07/2015,Incumbent,O*NET
13-1041.03,Equal Opportunity Representatives and Officers,3.A.3,On-the-Job Training,OJ,On-The-Job Training (Categories 1-9),4,"Over 3 months, up to and including 6 months",25.96,07/2015,Incumbent,O*NET
13-1041.04,Government Property Inspectors and Investigators,3.A.1,Related Work Experience,RW,Related Work Experience (Categories 1-11),5,"Over 6 months, up to and including 1 year",38.5,07/2016,Incumbent,O*NET
13-1041.04,Government Property Inspectors and Investigators,3.A.2,On-Site or In-Plant Training,PT,On-Site Or In-Plant Training (Categories 1-9),5,"Over 6 months, up to and including 1 year",43.33,07/2016,Incumbent,O*NET
13-1041.04,Government Property Inspectors and Investigators,3.A.3,On-the-Job Training,OJ,On-The-Job Training (Categories 1-9),5,"Over 6 months, up to and including 1 year",44.35,07/2016,Incumbent,O*NET
13-1041.06,Coroners,3.A.1,Related Work Experience,RW,Related Work Experience (Categories 1-11),7,"Over 2 years, up to and including 4 years",25.0,08/2024,Occupational Expert,O*NET
13-1041.06,Coroners,3.A.2,On-Site or In-Plant Training,PT,On-Site Or In-Plant Training (Categories 1-9),5,"Over 6 months, up to and including 1 year",30.0,08/2024,Occupational Expert,O*NET
13-1041.06,Coroners,3.A.3,On-the-Job Training,OJ,On-The-Job Training (Categories 1-9),5,"Over 6 months, up to and including 1 year",35.0,08/2024,Occupational Expert,O*NET
13-1041.07,Regulatory Affairs Specialists,3.A.1,Related Work Experience,RW,Related Work Experience (Categories 1-11),7,"Over 2 years, up to and including 4 years",44.44,08/2026,Occupational Expert,O*NET
13-1041.07,Regulatory Affairs Specialists,3.A.2,On-Site or In-Plant Training,PT,On-Site Or In-Plant Training (Categories 1-9),4,"Over 3 months, up to and including 6 months",22.22,08/2026,Occupational Expert,O*NET
13-1041.07,Regulatory Affairs Specialists,3.A.3,On-the-Job Training,OJ,On-The-Job Training (Categories 1-9),4,"Over 3 months, up to and including 6 months",22.22,08/2026,Occupational Expert,O*NET
13-1041.08,Customs Brokers,3.A.1,Related Work Experience,RW,Related Work Experience (Categories 1-11),7,"Over 2 years, up to and including 4 years",30.0,08/2026,Occupational Expert,O*NET
13-1041.08,Customs Brokers,3.A.2,On-Site or In-Plant Training,PT,On-Site Or In-Plant Training (Categories 1-9),4,"Over 3 months, up to and including 6 months",25.0,08/2026,Occupational Expert,O*NET
13-1041.08,Customs Brokers,3.A.3,On-the-Job Training,OJ,On-The-Job Training (Categories 1-9),5,"Over 6 months, up to and including 1 year",30.0,08/2026,Occupational Expert,O*NET
13-1051.00,Cost Estimators,3.A.1,Related Work Experience,RW,Related Work Experience (Categories 1-11),7,"Over 2 years, up to and including 4 years",50.0,08/2023,Occupational Expert,O*NET
13-1051.00,Cost Estimators,3.A.2,On-Site or In-Plant Training,PT,On-Site Or In-Plant Training (Categories 1-9),5,"Over 6 months, up to and including 1 year",22.73,08/2023,Occupational Expert,O*NET
13-1051.00,Cost Estimators,3.A.3,On-the-Job Training,OJ,On-The-Job Training (Categories 1-9),6,"Over 1 year, up to and including 2 years",36.36,08/2023,Occupational Expert,O*NET
13-1071.00,Human Resources Specialists,3.A.1,Related Work Experience,RW,Related Work Experience (Categories 1-11),8,"Over 4 years, up to and including 6 years",50.88,08/2019,Incumbent,O*NET
13-1071.00,Human Resources Specialists,3.A.2,On-Site or In-Plant Training,PT,On-Site Or In-Plant Training (Categories 1-9),1,,32.29,08/2019,Incumbent,O*NET
13-1071.00,Human Resources Specialists,3.A.3,On-the-Job Training,OJ,On-The-Job Training (Categories 1-9),5,"Over 6 months, up to and including 1 year",50.13,08/2019,Incumbent,O*NET
13-1074.00,Farm Labor Contractors,3.A.1,Related Work Experience,RW,Related Work Experience (Categories 1-11),6,"Over 1 year, up to and including 2 years",24.02,08/2026,Incumbent,O*NET
13-1074.00,Farm Labor Contractors,3.A.2,On-Site or In-Plant Training,PT,On-Site Or In-Plant Training (Categories 1-9),5,"Over 6 months, up to and including 1 year",24.02,08/2026,Incumbent,O*NET
13-1074.00,Farm Labor Contractors,3.A.3,On-the-Job Training,OJ,On-The-Job Training (Categories 1-9),2,"Anything beyond short demonstration, up to and including 1 month",30.4,08/2026,Incumbent,O*NET
13-1075.00,Labor Relations Specialists,3.A.1,Related Work Experience,RW,Related Work Experience (Categories 1-11),6,"Over 1 year, up to and including 2 years",33.33,08/2023,Occupational Expert,O*NET
13-1075.00,Labor Relations Specialists,3.A.2,On-Site or In-Plant Training,PT,On-Site Or In-Plant Training (Categories 1-9),5,"Over 6 months, up to and including 1 year",23.81,08/2023,Occupational Expert,O*NET
13-1075.00,Labor Relations Specialists,3.A.3,On-the-Job Training,OJ,On-The-Job Training (Categories 1-9),5,"Over 6 months, up to and including 1 year",42.86,08/2023,Occupational Expert,O*NET
13-1081.00,Logisticians,3.A.1,Related Work Experience,RW,Related Work Experience (Categories 1-11),8,"Over 4 years, up to and including 6 years",33.33,07/2016,Occupational Expert,O*NET
13-1081.00,Logisticians,3.A.2,On-Site or In-Plant Training,PT,On-Site Or In-Plant Training (Categories 1-9),2,Up to and including 1 month,25.0,07/2016,Occupational Expert,O*NET
13-1081.00,Logisticians,3.A.3,On-the-Job Training,OJ,On-The-Job Training (Categories 1-9),3,"Over 1 month, up to and including 3 months",37.5,07/2016,Occupational Expert,O*NET
13-1081.01,Logistics Engineers,3.A.1,Related Work Experience,RW,Related Work Experience (Categories 1-11),7,"Over 2 years, up to and including 4 years",30.43,08/2025,Occupational Expert,O*NET
13-1081.01,Logistics Engineers,3.A.2,On-Site or In-Plant Training,PT,On-Site Or In-Plant Training (Categories 1-9),3,"Over 1 month, up to and including 3 months",39.13,08/2025,Occupational Expert,O*NET
13-1081.01,Logistics Engineers,3.A.3,On-the-Job Training,OJ,On-The-Job Training (Categories 1-9),3,"Over 1 month, up to and including 3 months",34.78,08/2025,Occupational Expert,O*NET
13-1081.02,Logistics Analysts,3.A.1,Related Work Experience,RW,Related Work Experience (Categories 1-11),8,"Over 4 years, up to and including 6 years",38.1,08/2020,Occupational Expert,O*NET
13-1081.02,Logistics Analysts,3.A.2,On-Site or In-Plant Training,PT,On-Site Or In-Plant Training (Categories 1-9),2,Up to and including 1 month,36.36,08/2020,Occupational Expert,O*NET
13-1081.02,Logistics Analysts,3.A.3,On-the-Job Training,OJ,On-The-Job Training (Categories 1-9),4,"Over 3 months, up to and including 6 months",27.27,08/2020,Occupational Expert,O*NET
13-1082.00,Project Management Specialists,3.A.1,Related Work Experience,RW,Related Work Experience (Categories 1-11),7,"Over 2 years, up to and including 4 years",33.33,08/2026,Occupational Expert,O*NET
13-1082.00,Project Management Specialists,3.A.2,On-Site or In-Plant Training,PT,On-Site Or In-Plant Training (Categories 1-9),3,"Over 1 month, up to and including 3 months",27.27,08/2026,Occupational Expert,O*NET
13-1082.00,Project Management Specialists,3.A.3,On-the-Job Training,OJ,On-The-Job Training (Categories 1-9),4,"Over 3 months, up to and including 6 months",27.27,08/2026,Occupational Expert,O*NET
13-1111.00,Management Analysts,3.A.1,Related Work Experience,RW,Related Work Experience (Categories 1-11),7,"Over 2 years, up to and including 4 years",45.0,08/2022,Occupational Expert,O*NET
13-1111.00,Management Analysts,3.A.2,On-Site or In-Plant Training,PT,On-Site Or In-Plant Training (Categories 1-9),4,"Over 3 months, up to and including 6 months",28.57,08/2022,Occupational Expert,O*NET
13-1111.00,Management Analysts,3.A.3,On-the-Job Training,OJ,On-The-Job Training (Categories 1-9),5,"Over 6 months, up to and including 1 year",35.0,08/2022,Occupational Expert,O*NET
13-1121.00,"Meeting, Convention, and Event Planners",3.A.1,Related Work Experience,RW,Related Work Experience (Categories 1-11),6,"Over 1 year, up to and including 2 years",51.71,07/2016,Incumbent,O*NET
13-1121.00,"Meeting, Convention, and Event Planners",3.A.2,On-Site or In-Plant Training,PT,On-Site Or In-Plant Training (Categories 1-9),2,Up to and including 1 month,13.42,07/2016,Incumbent,O*NET
13-1121.00,"Meeting, Convention, and Event Planners",3.A.3,On-the-Job Training,OJ,On-The-Job Training (Categories 1-9),5,"Over 6 months, up to and including 1 year",21.03,07/2016,Incumbent,O*NET
13-1131.00,Fundraisers,3.A.1,Related Work Experience,RW,Related Work Experience (Categories 1-11),7,"Over 2 years, up to and including 4 years",42.86,08/2021,Occupational Expert,O*NET
13-1131.00,Fundraisers,3.A.2,On-Site or In-Plant Training,PT,On-Site Or In-Plant Training (Categories 1-9),1,,33.33,08/2021,Occupational Expert,O*NET
13-1131.00,Fundraisers,3.A.3,On-the-Job Training,OJ,On-The-Job Training (Categories 1-9),5,"Over 6 months, up to and including 1 year",33.33,08/2021,Occupational Expert,O*NET
13-1141.00,"Compensation, Benefits, and Job Analysis Specialists",3.A.1,Related Work Experience,RW,Related Work Experience (Categories 1-11),7,"Over 2 years, up to and including 4 years",42.86,08/2024,Occupational Expert,O*NET
13-1141.00,"Compensation, Benefits, and Job Analysis Specialists",3.A.2,On-Site or In-Plant Training,PT,On-Site Or In-Plant Training (Categories 1-9),4,"Over 3 months, up to and including 6 months",33.33,08/2024,Occupational Expert,O*NET
13-1141.00,"Compensation, Benefits, and Job Analysis Specialists",3.A.3,On-the-Job Training,OJ,On-The-Job Training (Categories 1-9),4,"Over 3 months, up to and including 6 months",28.57,08/2024,Occupational Expert,O*NET
13-1151.00,Training and Development Specialists,3.A.1,Related Work Experience,RW,Related Work Experience (Categories 1-11),7,"Over 2 years, up to and including 4 years",43.48,08/2022,Occupational Expert,O*NET
13-1151.00,Training and Development Specialists,3.A.2,On-Site or In-Plant Training,PT,On-Site Or In-Plant Training (Categories 1-9),3,"Over 1 month, up to and including 3 months",36.36,08/2022,Occupational Expert,O*NET
13-1151.00,Training and Development Specialists,3.A.3,On-the-Job Training,OJ,On-The-Job Training (Categories 1-9),5,"Over 6 months, up to and including 1 year",30.43,08/2022,Occupational Expert,O*NET
13-1161.00,Market Research Analysts and Marketing Specialists,3.A.1,Related Work Experience,RW,Related Work Experience (Categories 1-11),7,"Over 2 years, up to and including 4 years",40.0,08/2026,Occupational Expert,O*NET
13-1161.00,Market Research Analysts and Marketing Specialists,3.A.2,On-Site or In-Plant Training,PT,On-Site Or In-Plant Training (Categories 1-9),1,,42.11,08/2026,Occupational Expert,O*NET
13-1161.00,Market Research Analysts and Marketing Specialists,3.A.3,On-the-Job Training,OJ,On-The-Job Training (Categories 1-9),4,"Over 3 months, up to and including 6 months",33.33,08/2026,Occupational Expert,O*NET
13-1161.01,Search Marketing Strategists,3.A.1,Related Work Experience,RW,Related Work Experience (Categories 1-11),6,"Over 1 year, up to and including 2 years",39.13,08/2021,Occupational Expert,O*NET
13-1161.01,Search Marketing Strategists,3.A.2,On-Site or In-Plant Training,PT,On-Site Or In-Plant Training (Categories 1-9),2,Up to and including 1 month,30.43,08/2021,Occupational Expert,O*NET
13-1161.01,Search Marketing Strategists,3.A.3,On-the-Job Training,OJ,On-The-Job Training (Categories 1-9),3,"Over 1 month, up to and including 3 months",30.43,08/2021,Occupational Expert,O*NET
13-1199.04,Business Continuity Planners,3.A.1,Related Work Experience,RW,Related Work Experience (Categories 1-11),7,"Over 2 years, up to and including 4 years",26.09,08/2025,Occupational Expert,O*NET
13-1199.04,Business Continuity Planners,3.A.2,On-Site or In-Plant Training,PT,On-Site Or In-Plant Training (Categories 1-9),2,Up to and including 1 month,34.78,08/2025,Occupational Expert,O*NET
13-1199.04,Business Continuity Planners,3.A.3,On-the-Job Training,OJ,On-The-Job Training (Categories 1-9),5,"Over 6 months, up to and including 1 year",33.33,08/2025,Occupational Expert,O*NET
13-1199.05,Sustainability Specialists,3.A.1,Related Work Experience,RW,Related Work Experience (Categories 1-11),7,"Over 2 years, up to and including 4 years",52.17,08/2020,Occupational Expert,O*NET
13-1199.05,Sustainability Specialists,3.A.2,On-Site or In-Plant Training,PT,On-Site Or In-Plant Training (Categories 1-9),1,,30.43,08/2020,Occupational Expert,O*NET
13-1199.05,Sustainability Specialists,3.A.3,On-the-Job Training,OJ,On-The-Job Training (Categories 1-9),2,"Anything beyond short demonstration, up to and including 1 month",21.74,08/2020,Occupational Expert,O*NET
13-1199.06,Online Merchants,3.A.1,Related Work Experience,RW,Related Work Experience (Categories 1-11),7,"Over 2 years, up to and including 4 years",26.1,07/2014,Incumbent,O*NET
13-1199.06,Online Merchants,3.A.2,On-Site or In-Plant Training,PT,On-Site Or In-Plant Training (Categories 1-9),4,"Over 3 months, up to and including 6 months",26.49,07/2014,Incumbent,O*NET
13-1199.06,Online Merchants,3.A.3,On-the-Job Training,OJ,On-The-Job Training (Categories 1-9),4,"Over 3 months, up to and including 6 months",40.29,07/2014,Incumbent,O*NET
13-1199.07,Security Management Specialists,3.A.1,Related Work Experience,RW,Related Work Experience (Categories 1-11),8,"Over 4 years, up to and including 6 years",30.0,08/2025,Occupational Expert,O*NET
13-1199.07,Security Management Specialists,3.A.2,On-Site or In-Plant Training,PT,On-Site Or In-Plant Training (Categories 1-9),2,Up to and including 1 month,30.0,08/2025,Occupational Expert,O*NET
13-1199.07,Security Management Specialists,3.A.3,On-the-Job Training,OJ,On-The-Job Training (Categories 1-9),2,"Anything beyond short demonstration, up to and including 1 month",35.0,08/2025,Occupational Expert,O*NET
13-2011.00,Accountants and Auditors,3.A.1,Related Work Experience,RW,Related Work Experience (Categories 1-11),1,,34.48,08/2026,Occupational Expert,O*NET
13-2011.00,Accountants and Auditors,3.A.2,On-Site or In-Plant Training,PT,On-Site Or In-Plant Training (Categories 1-9),2,Up to and including 1 month,31.03,08/2026,Occupational Expert,O*NET
13-2011.00,Accountants and Auditors,3.A.3,On-the-Job Training,OJ,On-The-Job Training (Categories 1-9),3,"Over 1 month, up to and including 3 months",24.14,08/2026,Occupational Expert,O*NET
13-2022.00,Appraisers of Personal and Business Property,3.A.1,Related Work Experience,RW,Related Work Experience (Categories 1-11),8,"Over 4 years, up to and including 6 years",39.13,08/2025,Occupational Expert,O*NET
13-2022.00,Appraisers of Personal and Business Property,3.A.2,On-Site or In-Plant Training,PT,On-Site Or In-Plant Training (Categories 1-9),7,"Over 2 years, up to and including 4 years",43.48,08/2025,Occupational Expert,O*NET
13-2022.00,Appraisers of Personal and Business Property,3.A.3,On-the-Job Training,OJ,On-The-Job Training (Categories 1-9),7,"Over 2 years, up to and including 4 years",52.17,08/2025,Occupational Expert,O*NET
13-2023.00,Appraisers and Assessors of Real Estate,3.A.1,Related Work Experience,RW,Related Work Experience (Categories 1-11),6,"Over 1 year, up to and including 2 years",33.33,08/2025,Occupational Expert,O*NET
13-2023.00,Appraisers and Assessors of Real Estate,3.A.2,On-Site or In-Plant Training,PT,On-Site Or In-Plant Training (Categories 1-9),6,"Over 1 year, up to and including 2 years",41.67,08/2025,Occupational Expert,O*NET
13-2023.00,Appraisers and Assessors of Real Estate,3.A.3,On-the-Job Training,OJ,On-The-Job Training (Categories 1-9),6,"Over 1 year, up to and including 2 years",41.67,08/2025,Occupational Expert,O*NET
13-2031.00,Budget Analysts,3.A.1,Related Work Experience,RW,Related Work Experience (Categories 1-11),6,"Over 1 year, up to and including 2 years",45.64,08/2024,Incumbent,O*NET
13-2031.00,Budget Analysts,3.A.2,On-Site or In-Plant Training,PT,On-Site Or In-Plant Training (Categories 1-9),4,"Over 3 months, up to and including 6 months",33.96,08/2024,Incumbent,O*NET
13-2031.00,Budget Analysts,3.A.3,On-the-Job Training,OJ,On-The-Job Training (Categories 1-9),6,"Over 1 year, up to and including 2 years",43.41,08/2024,Incumbent,O*NET
13-2041.00,Credit Analysts,3.A.1,Related Work Experience,RW,Related Work Experience (Categories 1-11),6,"Over 1 year, up to and including 2 years",30.0,08/2020,Occupational Expert,O*NET
13-2041.00,Credit Analysts,3.A.2,On-Site or In-Plant Training,PT,On-Site Or In-Plant Training (Categories 1-9),1,,30.0,08/2020,Occupational Expert,O*NET
13-2041.00,Credit Analysts,3.A.3,On-the-Job Training,OJ,On-The-Job Training (Categories 1-9),3,"Over 1 month, up to and including 3 months",35.0,08/2020,Occupational Expert,O*NET
13-2052.00,Personal Financial Advisors,3.A.1,Related Work Experience,RW,Related Work Experience (Categories 1-11),7,"Over 2 years, up to and including 4 years",34.62,08/2024,Occupational Expert,O*NET
13-2052.00,Personal Financial Advisors,3.A.2,On-Site or In-Plant Training,PT,On-Site Or In-Plant Training (Categories 1-9),1,,23.08,08/2024,Occupational Expert,O*NET
13-2052.00,Personal Financial Advisors,3.A.3,On-the-Job Training,OJ,On-The-Job Training (Categories 1-9),5,"Over 6 months, up to and including 1 year",46.15,08/2024,Occupational Expert,O*NET
13-2053.00,Insurance Underwriters,3.A.1,Related Work Experience,RW,Related Work Experience (Categories 1-11),1,,40.0,08/2018,Occupational Expert,O*NET
13-2053.00,Insurance Underwriters,3.A.2,On-Site or In-Plant Training,PT,On-Site Or In-Plant Training (Categories 1-9),5,"Over 6 months, up to and including 1 year",30.0,08/2018,Occupational Expert,O*NET
13-2053.00,Insurance Underwriters,3.A.3,On-the-Job Training,OJ,On-The-Job Training (Categories 1-9),4,"Over 3 months, up to and including 6 months",36.67,08/2018,Occupational Expert,O*NET
13-2061.00,Financial Examiners,3.A.1,Related Work Experience,RW,Related Work Experience (Categories 1-11),1,,39.13,08/2020,Occupational Expert,O*NET
13-2061.00,Financial Examiners,3.A.2,On-Site or In-Plant Training,PT,On-Site Or In-Plant Training (Categories 1-9),7,"Over 2 years, up to and including 4 years",47.83,08/2020,Occupational Expert,O*NET
13-2061.00,Financial Examiners,3.A.3,On-the-Job Training,OJ,On-The-Job Training (Categories 1-9),7,"Over 2 years, up to and including 4 years",52.17,08/2020,Occupational Expert,O*NET
13-2071.00,Credit Counselors,3.A.1,Related Work Experience,RW,Related Work Experience (Categories 1-11),7,"Over 2 years, up to and including 4 years",31.03,08/2026,Occupational Expert,O*NET
13-2071.00,Credit Counselors,3.A.2,On-Site or In-Plant Training,PT,On-Site Or In-Plant Training (Categories 1-9),3,"Over 1 month, up to and including 3 months",33.33,08/2026,Occupational Expert,O*NET
13-2071.00,Credit Counselors,3.A.3,On-the-Job Training,OJ,On-The-Job Training (Categories 1-9),3,"Over 1 month, up to and including 3 months",33.33,08/2026,Occupational Expert,O*NET
13-2072.00,Loan Officers,3.A.1,Related Work Experience,RW,Related Work Experience (Categories 1-11),8,"Over 4 years, up to and including 6 years",40.47,08/2020,Incumbent,O*NET
13-2072.00,Loan Officers,3.A.2,On-Site or In-Plant Training,PT,On-Site Or In-Plant Training (Categories 1-9),1,,18.84,08/2020,Incumbent,O*NET
13-2072.00,Loan Officers,3.A.3,On-the-Job Training,OJ,On-The-Job Training (Categories 1-9),5,"Over 6 months, up to and including 1 year",32.37,08/2020,Incumbent,O*NET
13-2081.00,"Tax Examiners and Collectors, and Revenue Agents",3.A.1,Related Work Experience,RW,Related Work Experience (Categories 1-11),6,"Over 1 year, up to and including 2 years",40.81,08/2022,Incumbent,O*NET
13-2081.00,"Tax Examiners and Collectors, and Revenue Agents",3.A.2,On-Site or In-Plant Training,PT,On-Site Or In-Plant Training (Categories 1-9),4,"Over 3 months, up to and including 6 months",25.88,08/2022,Incumbent,O*NET
13-2081.00,"Tax Examiners and Collectors, and Revenue Agents",3.A.3,On-the-Job Training,OJ,On-The-Job Training (Categories 1-9),4,"Over 3 months, up to and including 6 months",34.81,08/2022,Incumbent,O*NET
13-2082.00,Tax Preparers,3.A.1,Related Work Experience,RW,Related Work Experience (Categories 1-11),1,,28.57,08/2025,Occupational Expert,O*NET
13-2082.00,Tax Preparers,3.A.2,On-Site or In-Plant Training,PT,On-Site Or In-Plant Training (Categories 1-9),3,"Over 1 month, up to and including 3 months",23.81,08/2025,Occupational Expert,O*NET
13-2082.00,Tax Preparers,3.A.3,On-the-Job Training,OJ,On-The-Job Training (Categories 1-9),6,"Over 1 year, up to and including 2 years",38.1,08/2025,Occupational Expert,O*NET
13-2099.01,Financial Quantitative Analysts,3.A.1,Related Work Experience,RW,Related Work Experience (Categories 1-11),7,"Over 2 years, up to and including 4 years",35.0,08/2023,Occupational Expert,O*NET
13-2099.01,Financial Quantitative Analysts,3.A.2,On-Site or In-Plant Training,PT,On-Site Or In-Plant Training (Categories 1-9),1,,30.0,08/2023,Occupational Expert,O*NET
13-2099.01,Financial Quantitative Analysts,3.A.3,On-the-Job Training,OJ,On-The-Job Training (Categories 1-9),5,"Over 6 months, up to and including 1 year",30.0,08/2023,Occupational Expert,O*NET
13-2099.04,"Fraud Examiners, Investigators and Analysts",3.A.1,Related Work Experience,RW,Related Work Experience (Categories 1-11),7,"Over 2 years, up to and including 4 years",33.33,08/2026,Occupational Expert,O*NET
13-2099.04,"Fraud Examiners, Investigators and Analysts",3.A.2,On-Site or In-Plant Training,PT,On-Site Or In-Plant Training (Categories 1-9),2,Up to and including 1 month,29.17,08/2026,Occupational Expert,O*NET
13-2099.04,"Fraud Examiners, Investigators and Analysts",3.A.3,On-the-Job Training,OJ,On-The-Job Training (Categories 1-9),3,"Over 1 month, up to and including 3 months",20.83,08/2026,Occupational Expert,O*NET
15-1211.00,Computer Systems Analysts,3.A.1,Related Work Experience,RW,Related Work Experience (Categories 1-11),8,"Over 4 years, up to and including 6 years",30.81,08/2023,Incumbent,O*NET
15-1211.00,Computer Systems Analysts,3.A.2,On-Site or In-Plant Training,PT,On-Site Or In-Plant Training (Categories 1-9),4,"Over 3 months, up to and including 6 months",24.39,08/2023,Incumbent,O*NET
15-1211.00,Computer Systems Analysts,3.A.3,On-the-Job Training,OJ,On-The-Job Training (Categories 1-9),3,"Over 1 month, up to and including 3 months",23.89,08/2023,Incumbent,O*NET
15-1211.01,Health Informatics Specialists,3.A.1,Related Work Experience,RW,Related Work Experience (Categories 1-11),7,"Over 2 years, up to and including 4 years",40.0,08/2024,Occupational Expert,O*NET
15-1211.01,Health Informatics Specialists,3.A.2,On-Site or In-Plant Training,PT,On-Site Or In-Plant Training (Categories 1-9),5,"Over 6 months, up to and including 1 year",23.81,08/2024,Occupational Expert,O*NET
15-1211.01,Health Informatics Specialists,3.A.3,On-the-Job Training,OJ,On-The-Job Training (Categories 1-9),2,"Anything beyond short demonstration, up to and including 1 month",23.81,08/2024,Occupational Expert,O*NET
15-1212.00,Information Security Analysts,3.A.1,Related Work Experience,RW,Related Work Experience (Categories 1-11),7,"Over 2 years, up to and including 4 years",24.07,08/2018,Incumbent,O*NET
15-1212.00,Information Security Analysts,3.A.2,On-Site or In-Plant Training,PT,On-Site Or In-Plant Training (Categories 1-9),1,,22.65,08/2018,Incumbent,O*NET
15-1212.00,Information Security Analysts,3.A.3,On-the-Job Training,OJ,On-The-Job Training (Categories 1-9),5,"Over 6 months, up to and including 1 year",27.36,08/2018,Incumbent,O*NET
15-1221.00,Computer and Information Research Scientists,3.A.1,Related Work Experience,RW,Related Work Experience (Categories 1-11),8,"Over 4 years, up to and including 6 years",21.07,08/2019,Incumbent,O*NET
15-1221.00,Computer and Information Research Scientists,3.A.2,On-Site or In-Plant Training,PT,On-Site Or In-Plant Training (Categories 1-9),2,Up to and including 1 month,26.62,08/2019,Incumbent,O*NET
15-1221.00,Computer and Information Research Scientists,3.A.3,On-the-Job Training,OJ,On-The-Job Training (Categories 1-9),4,"Over 3 months, up to and including 6 months",28.1,08/2019,Incumbent,O*NET
15-1231.00,Computer Network Support Specialists,3.A.1,Related Work Experience,RW,Related Work Experience (Categories 1-11),8,"Over 4 years, up to and including 6 years",30.7,07/2014,Incumbent,O*NET
15-1231.00,Computer Network Support Specialists,3.A.2,On-Site or In-Plant Training,PT,On-Site Or In-Plant Training (Categories 1-9),5,"Over 6 months, up to and including 1 year",25.25,07/2014,Incumbent,O*NET
15-1231.00,Computer Network Support Specialists,3.A.3,On-the-Job Training,OJ,On-The-Job Training (Categories 1-9),5,"Over 6 months, up to and including 1 year",44.71,07/2014,Incumbent,O*NET
15-1232.00,Computer User Support Specialists,3.A.1,Related Work Experience,RW,Related Work Experience (Categories 1-11),8,"Over 4 years, up to and including 6 years",13.52,08/2023,Incumbent,O*NET
15-1232.00,Computer User Support Specialists,3.A.2,On-Site or In-Plant Training,PT,On-Site Or In-Plant Training (Categories 1-9),5,"Over 6 months, up to and including 1 year",19.31,08/2023,Incumbent,O*NET
15-1232.00,Computer User Support Specialists,3.A.3,On-the-Job Training,OJ,On-The-Job Training (Categories 1-9),5,"Over 6 months, up to and including 1 year",20.71,08/2023,Incumbent,O*NET
15-1241.00,Computer Network Architects,3.A.1,Related Work Experience,RW,Related Work Experience (Categories 1-11),7,"Over 2 years, up to and including 4 years",35.0,08/2024,Occupational Expert,O*NET
15-1241.00,Computer Network Architects,3.A.2,On-Site or In-Plant Training,PT,On-Site Or In-Plant Training (Categories 1-9),4,"Over 3 months, up to and including 6 months",25.0,08/2024,Occupational Expert,O*NET
15-1241.00,Computer Network Architects,3.A.3,On-the-Job Training,OJ,On-The-Job Training (Categories 1-9),3,"Over 1 month, up to and including 3 months",26.32,08/2024,Occupational Expert,O*NET
15-1241.01,Telecommunications Engineering Specialists,3.A.1,Related Work Experience,RW,Related Work Experience (Categories 1-11),7,"Over 2 years, up to and including 4 years",38.71,08/2026,Occupational Expert,O*NET
15-1241.01,Telecommunications Engineering Specialists,3.A.2,On-Site or In-Plant Training,PT,On-Site Or In-Plant Training (Categories 1-9),6,"Over 1 year, up to and including 2 years",25.81,08/2026,Occupational Expert,O*NET
15-1241.01,Telecommunications Engineering Specialists,3.A.3,On-the-Job Training,OJ,On-The-Job Training (Categories 1-9),5,"Over 6 months, up to and including 1 year",25.81,08/2026,Occupational Expert,O*NET
15-1242.00,Database Administrators,3.A.1,Related Work Experience,RW,Related Work Experience (Categories 1-11),6,"Over 1 year, up to and including 2 years",11.16,08/2023,Incumbent,O*NET
15-1242.00,Database Administrators,3.A.2,On-Site or In-Plant Training,PT,On-Site Or In-Plant Training (Categories 1-9),7,"Over 2 years, up to and including 4 years",13.6,08/2023,Incumbent,O*NET
15-1242.00,Database Administrators,3.A.3,On-the-Job Training,OJ,On-The-Job Training (Categories 1-9),5,"Over 6 months, up to and including 1 year",19.5,08/2023,Incumbent,O*NET
15-1243.00,Database Architects,3.A.1,Related Work Experience,RW,Related Work Experience (Categories 1-11),8,"Over 4 years, up to and including 6 years",33.33,08/2023,Occupational Expert,O*NET
15-1243.00,Database Architects,3.A.2,On-Site or In-Plant Training,PT,On-Site Or In-Plant Training (Categories 1-9),1,,33.33,08/2023,Occupational Expert,O*NET
15-1243.00,Database Architects,3.A.3,On-the-Job Training,OJ,On-The-Job Training (Categories 1-9),2,"Anything beyond short demonstration, up to and including 1 month",28.57,08/2023,Occupational Expert,O*NET
15-1243.01,Data Warehousing Specialists,3.A.1,Related Work Experience,RW,Related Work Experience (Categories 1-11),7,"Over 2 years, up to and including 4 years",43.48,08/2018,Occupational Expert,O*NET
15-1243.01,Data Warehousing Specialists,3.A.2,On-Site or In-Plant Training,PT,On-Site Or In-Plant Training (Categories 1-9),1,,26.09,08/2018,Occupational Expert,O*NET
15-1243.01,Data Warehousing Specialists,3.A.3,On-the-Job Training,OJ,On-The-Job Training (Categories 1-9),3,"Over 1 month, up to and including 3 months",21.74,08/2018,Occupational Expert,O*NET
15-1244.00,Network and Computer Systems Administrators,3.A.1,Related Work Experience,RW,Related Work Experience (Categories 1-11),7,"Over 2 years, up to and including 4 years",43.33,08/2026,Occupational Expert,O*NET
15-1244.00,Network and Computer Systems Administrators,3.A.2,On-Site or In-Plant Training,PT,On-Site Or In-Plant Training (Categories 1-9),3,"Over 1 month, up to and including 3 months",26.67,08/2026,Occupational Expert,O*NET
15-1244.00,Network and Computer Systems Administrators,3.A.3,On-the-Job Training,OJ,On-The-Job Training (Categories 1-9),3,"Over 1 month, up to and including 3 months",20.0,08/2026,Occupational Expert,O*NET
15-1251.00,Computer Programmers,3.A.1,Related Work Experience,RW,Related Work Experience (Categories 1-11),8,"Over 4 years, up to and including 6 years",12.91,08/2018,Incumbent,O*NET
15-1251.00,Computer Programmers,3.A.2,On-Site or In-Plant Training,PT,On-Site Or In-Plant Training (Categories 1-9),2,Up to and including 1 month,9.92,08/2018,Incumbent,O*NET
15-1251.00,Computer Programmers,3.A.3,On-the-Job Training,OJ,On-The-Job Training (Categories 1-9),2,"Anything beyond short demonstration, up to and including 1 month",10.51,08/2018,Incumbent,O*NET
15-1252.00,Software Developers,3.A.1,Related Work Experience,RW,Related Work Experience (Categories 1-11),9,"Over 6 years, up to and including 8 years",43.91,08/2025,Incumbent,O*NET
15-1252.00,Software Developers,3.A.2,On-Site or In-Plant Training,PT,On-Site Or In-Plant Training (Categories 1-9),1,,43.02,08/2025,Incumbent,O*NET
15-1252.00,Software Developers,3.A.3,On-the-Job Training,OJ,On-The-Job Training (Categories 1-9),4,"Over 3 months, up to and including 6 months",24.81,08/2025,Incumbent,O*NET
15-1253.00,Software Quality Assurance Analysts and Testers,3.A.1,Related Work Experience,RW,Related Work Experience (Categories 1-11),5,"Over 6 months, up to and including 1 year",29.41,08/2022,Occupational Expert,O*NET
15-1253.00,Software Quality Assurance Analysts and Testers,3.A.2,On-Site or In-Plant Training,PT,On-Site Or In-Plant Training (Categories 1-9),1,,23.53,08/2022,Occupational Expert,O*NET
15-1253.00,Software Quality Assurance Analysts and Testers,3.A.3,On-the-Job Training,OJ,On-The-Job Training (Categories 1-9),5,"Over 6 months, up to and including 1 year",23.53,08/2022,Occupational Expert,O*NET
15-1254.00,Web Developers,3.A.1,Related Work Experience,RW,Related Work Experience (Categories 1-11),6,"Over 1 year, up to and including 2 years",29.17,07/2017,Occupational Expert,O*NET
15-1254.00,Web Developers,3.A.2,On-Site or In-Plant Training,PT,On-Site Or In-Plant Training (Categories 1-9),1,,41.67,07/2017,Occupational Expert,O*NET
15-1254.00,Web Developers,3.A.3,On-the-Job Training,OJ,On-The-Job Training (Categories 1-9),2,"Anything beyond short demonstration, up to and including 1 month",29.17,07/2017,Occupational Expert,O*NET
15-1255.00,Web and Digital Interface Designers,3.A.1,Related Work Experience,RW,Related Work Experience (Categories 1-11),7,"Over 2 years, up to and including 4 years",18.1,08/2026,Incumbent,O*NET
15-1255.00,Web and Digital Interface Designers,3.A.2,On-Site or In-Plant Training,PT,On-Site Or In-Plant Training (Categories 1-9),5,"Over 6 months, up to and including 1 year",29.17,08/2026,Incumbent,O*NET
15-1255.00,Web and Digital Interface Designers,3.A.3,On-the-Job Training,OJ,On-The-Job Training (Categories 1-9),6,"Over 1 year, up to and including 2 years",40.24,08/2026,Incumbent,O*NET
15-1255.01,Video Game Designers,3.A.1,Related Work Experience,RW,Related Work Experience (Categories 1-11),7,"Over 2 years, up to and including 4 years",30.0,08/2022,Occupational Expert,O*NET
15-1255.01,Video Game Designers,3.A.2,On-Site or In-Plant Training,PT,On-Site Or In-Plant Training (Categories 1-9),1,,45.0,08/2022,Occupational Expert,O*NET
15-1255.01,Video Game Designers,3.A.3,On-the-Job Training,OJ,On-The-Job Training (Categories 1-9),3,"Over 1 month, up to and including 3 months",30.0,08/2022,Occupational Expert,O*NET
15-1299.01,Web Administrators,3.A.1,Related Work Experience,RW,Related Work Experience (Categories 1-11),7,"Over 2 years, up to and including 4 years",40.0,08/2018,Occupational Expert,O*NET
15-1299.01,Web Administrators,3.A.2,On-Site or In-Plant Training,PT,On-Site Or In-Plant Training (Categories 1-9),1,,30.0,08/2018,Occupational Expert,O*NET
15-1299.01,Web Administrators,3.A.3,On-the-Job Training,OJ,On-The-Job Training (Categories 1-9),2,"Anything beyond short demonstration, up to and including 1 month",35.0,08/2018,Occupational Expert,O*NET
15-1299.02,Geographic Information Systems Technologists and Technicians,3.A.1,Related Work Experience,RW,Related Work Experience (Categories 1-11),6,"Over 1 year, up to and including 2 years",39.72,08/2026,Incumbent,O*NET
15-1299.02,Geographic Information Systems Technologists and Technicians,3.A.2,On-Site or In-Plant Training,PT,On-Site Or In-Plant Training (Categories 1-9),2,Up to and including 1 month,44.42,08/2026,Incumbent,O*NET
15-1299.02,Geographic Information Systems Technologists and Technicians,3.A.3,On-the-Job Training,OJ,On-The-Job Training (Categories 1-9),2,"Anything beyond short demonstration, up to and including 1 month",38.84,08/2026,Incumbent,O*NET
15-1299.03,Document Management Specialists,3.A.1,Related Work Experience,RW,Related Work Experience (Categories 1-11),8,"Over 4 years, up to and including 6 years",35.0,08/2021,Occupational Expert,O*NET
15-1299.03,Document Management Specialists,3.A.2,On-Site or In-Plant Training,PT,On-Site Or In-Plant Training (Categories 1-9),3,"Over 1 month, up to and including 3 months",31.58,08/2021,Occupational Expert,O*NET
15-1299.03,Document Management Specialists,3.A.3,On-the-Job Training,OJ,On-The-Job Training (Categories 1-9),4,"Over 3 months, up to and including 6 months",30.0,08/2021,Occupational Expert,O*NET
15-1299.04,Penetration Testers,3.A.1,Related Work Experience,RW,Related Work Experience (Categories 1-11),7,"Over 2 years, up to and including 4 years",45.0,08/2026,Occupational Expert,O*NET
15-1299.04,Penetration Testers,3.A.2,On-Site or In-Plant Training,PT,On-Site Or In-Plant Training (Categories 1-9),3,"Over 1 month, up to and including 3 months",35.0,08/2026,Occupational Expert,O*NET
15-1299.04,Penetration Testers,3.A.3,On-the-Job Training,OJ,On-The-Job Training (Categories 1-9),3,"Over 1 month, up to and including 3 months",35.0,08/2026,Occupational Expert,O*NET
15-1299.05,Information Security Engineers,3.A.1,Related Work Experience,RW,Related Work Experience (Categories 1-11),8,"Over 4 years, up to and including 6 years",42.11,08/2025,Occupational Expert,O*NET
15-1299.05,Information Security Engineers,3.A.2,On-Site or In-Plant Training,PT,On-Site Or In-Plant Training (Categories 1-9),1,,26.32,08/2025,Occupational Expert,O*NET
15-1299.05,Information Security Engineers,3.A.3,On-the-Job Training,OJ,On-The-Job Training (Categories 1-9),4,"Over 3 months, up to and including 6 months",31.58,08/2025,Occupational Expert,O*NET
15-1299.06,Digital Forensics Analysts,3.A.1,Related Work Experience,RW,Related Work Experience (Categories 1-11),6,"Over 1 year, up to and including 2 years",44.44,08/2026,Occupational Expert,O*NET
15-1299.06,Digital Forensics Analysts,3.A.2,On-Site or In-Plant Training,PT,On-Site Or In-Plant Training (Categories 1-9),5,"Over 6 months, up to and including 1 year",25.93,08/2026,Occupational Expert,O*NET
15-1299.06,Digital Forensics Analysts,3.A.3,On-the-Job Training,OJ,On-The-Job Training (Categories 1-9),5,"Over 6 months, up to and including 1 year",33.33,08/2026,Occupational Expert,O*NET
15-1299.07,Blockchain Engineers,3.A.1,Related Work Experience,RW,Related Work Experience (Categories 1-11),8,"Over 4 years, up to and including 6 years",37.5,08/2026,Occupational Expert,O*NET
15-1299.07,Blockchain Engineers,3.A.2,On-Site or In-Plant Training,PT,On-Site Or In-Plant Training (Categories 1-9),5,"Over 6 months, up to and including 1 year",31.25,08/2026,Occupational Expert,O*NET
15-1299.07,Blockchain Engineers,3.A.3,On-the-Job Training,OJ,On-The-Job Training (Categories 1-9),3,"Over 1 month, up to and including 3 months",25.0,08/2026,Occupational Expert,O*NET
15-1299.08,Computer Systems Engineers/Architects,3.A.1,Related Work Experience,RW,Related Work Experience (Categories 1-11),6,"Over 1 year, up to and including 2 years",27.27,08/2024,Occupational Expert,O*NET
15-1299.08,Computer Systems Engineers/Architects,3.A.2,On-Site or In-Plant Training,PT,On-Site Or In-Plant Training (Categories 1-9),4,"Over 3 months, up to and including 6 months",31.82,08/2024,Occupational Expert,O*NET
15-1299.08,Computer Systems Engineers/Architects,3.A.3,On-the-Job Training,OJ,On-The-Job Training (Categories 1-9),4,"Over 3 months, up to and including 6 months",27.27,08/2024,Occupational Expert,O*NET
15-1299.09,Information Technology Project Managers,3.A.1,Related Work Experience,RW,Related Work Experience (Categories 1-11),7,"Over 2 years, up to and including 4 years",38.1,08/2019,Occupational Expert,O*NET
15-1299.09,Information Technology Project Managers,3.A.2,On-Site or In-Plant Training,PT,On-Site Or In-Plant Training (Categories 1-9),5,"Over 6 months, up to and including 1 year",33.33,08/2019,Occupational Expert,O*NET
15-1299.09,Information Technology Project Managers,3.A.3,On-the-Job Training,OJ,On-The-Job Training (Categories 1-9),2,"Anything beyond short demonstration, up to and including 1 month",30.0,08/2019,Occupational Expert,O*NET
15-2011.00,Actuaries,3.A.1,Related Work Experience,RW,Related Work Experience (Categories 1-11),1,,44.12,08/2026,Occupational Expert,O*NET
15-2011.00,Actuaries,3.A.2,On-Site or In-Plant Training,PT,On-Site Or In-Plant Training (Categories 1-9),1,,50.0,08/2026,Occupational Expert,O*NET
15-2011.00,Actuaries,3.A.3,On-the-Job Training,OJ,On-The-Job Training (Categories 1-9),5,"Over 6 months, up to and including 1 year",20.59,08/2026,Occupational Expert,O*NET
15-2021.00,Mathematicians,3.A.1,Related Work Experience,RW,Related Work Experience (Categories 1-11),7,"Over 2 years, up to and including 4 years",30.0,08/2025,Occupational Expert,O*NET
15-2021.00,Mathematicians,3.A.2,On-Site or In-Plant Training,PT,On-Site Or In-Plant Training (Categories 1-9),1,,45.0,08/2025,Occupational Expert,O*NET
15-2021.00,Mathematicians,3.A.3,On-the-Job Training,OJ,On-The-Job Training (Categories 1-9),1,None or short demonstration,35.0,08/2025,Occupational Expert,O*NET
15-2031.00,Operations Research Analysts,3.A.1,Related Work Experience,RW,Related Work Experience (Categories 1-11),6,"Over 1 year, up to and including 2 years",30.0,08/2024,Occupational Expert,O*NET
15-2031.00,Operations Research Analysts,3.A.2,On-Site or In-Plant Training,PT,On-Site Or In-Plant Training (Categories 1-9),2,Up to and including 1 month,28.57,08/2024,Occupational Expert,O*NET
15-2031.00,Operations Research Analysts,3.A.3,On-the-Job Training,OJ,On-The-Job Training (Categories 1-9),3,"Over 1 month, up to and including 3 months",33.33,08/2024,Occupational Expert,O*NET
15-2041.00,Statisticians,3.A.1,Related Work Experience,RW,Related Work Experience (Categories 1-11),1,,28.57,08/2024,Occupational Expert,O*NET
15-2041.00,Statisticians,3.A.2,On-Site or In-Plant Training,PT,On-Site Or In-Plant Training (Categories 1-9),1,,38.1,08/2024,Occupational Expert,O*NET
15-2041.00,Statisticians,3.A.3,On-the-Job Training,OJ,On-The-Job Training (Categories 1-9),4,"Over 3 months, up to and including 6 months",30.0,08/2024,Occupational Expert,O*NET
15-2041.01,Biostatisticians,3.A.1,Related Work Experience,RW,Related Work Experience (Categories 1-11),6,"Over 1 year, up to and including 2 years",20.83,08/2021,Occupational Expert,O*NET
15-2041.01,Biostatisticians,3.A.2,On-Site or In-Plant Training,PT,On-Site Or In-Plant Training (Categories 1-9),4,"Over 3 months, up to and including 6 months",25.0,08/2021,Occupational Expert,O*NET
15-2041.01,Biostatisticians,3.A.3,On-the-Job Training,OJ,On-The-Job Training (Categories 1-9),4,"Over 3 months, up to and including 6 months",33.33,08/2021,Occupational Expert,O*NET
15-2051.00,Data Scientists,3.A.1,Related Work Experience,RW,Related Work Experience (Categories 1-11),1,,28.0,08/2026,Occupational Expert,O*NET
15-2051.00,Data Scientists,3.A.2,On-Site or In-Plant Training,PT,On-Site Or In-Plant Training (Categories 1-9),1,,44.0,08/2026,Occupational Expert,O*NET
15-2051.00,Data Scientists,3.A.3,On-the-Job Training,OJ,On-The-Job Training (Categories 1-9),3,"Over 1 month, up to and including 3 months",29.17,08/2026,Occupational Expert,O*NET
15-2051.01,Business Intelligence Analysts,3.A.1,Related Work Experience,RW,Related Work Experience (Categories 1-11),7,"Over 2 years, up to and including 4 years",36.36,08/2024,Occupational Expert,O*NET
15-2051.01,Business Intelligence Analysts,3.A.2,On-Site or In-Plant Training,PT,On-Site Or In-Plant Training (Categories 1-9),1,,27.27,08/2024,Occupational Expert,O*NET
15-2051.01,Business Intelligence Analysts,3.A.3,On-the-Job Training,OJ,On-The-Job Training (Categories 1-9),5,"Over 6 months, up to and including 1 year",31.82,08/2024,Occupational Expert,O*NET
15-2051.02,Clinical Data Managers,3.A.1,Related Work Experience,RW,Related Work Experience (Categories 1-11),7,"Over 2 years, up to and including 4 years",35.0,07/2016,Occupational Expert,O*NET
15-2051.02,Clinical Data Managers,3.A.2,On-Site or In-Plant Training,PT,On-Site Or In-Plant Training (Categories 1-9),3,"Over 1 month, up to and including 3 months",35.0,07/2016,Occupational Expert,O*NET
15-2051.02,Clinical Data Managers,3.A.3,On-the-Job Training,OJ,On-The-Job Training (Categories 1-9),3,"Over 1 month, up to and including 3 months",45.0,07/2016,Occupational Expert,O*NET
15-2099.01,Bioinformatics Technicians,3.A.1,Related Work Experience,RW,Related Work Experience (Categories 1-11),8,"Over 4 years, up to and including 6 years",35.2,07/2014,Incumbent,O*NET
15-2099.01,Bioinformatics Technicians,3.A.2,On-Site or In-Plant Training,PT,On-Site Or In-Plant Training (Categories 1-9),1,,36.31,07/2014,Incumbent,O*NET
15-2099.01,Bioinformatics Technicians,3.A.3,On-the-Job Training,OJ,On-The-Job Training (Categories 1-9),4,"Over 3 months, up to and including 6 months",21.04,07/2014,Incumbent,O*NET
17-1011.00,"Architects, Except Landscape and Naval",3.A.1,Related Work Experience,RW,Related Work Experience (Categories 1-11),9,"Over 6 years, up to and including 8 years",21.74,08/2026,Occupational Expert,O*NET
17-1011.00,"Architects, Except Landscape and Naval",3.A.2,On-Site or In-Plant Training,PT,On-Site Or In-Plant Training (Categories 1-9),1,,21.74,08/2026,Occupational Expert,O*NET
17-1011.00,"Architects, Except Landscape and Naval",3.A.3,On-the-Job Training,OJ,On-The-Job Training (Categories 1-9),5,"Over 6 months, up to and including 1 year",34.78,08/2026,Occupational Expert,O*NET
17-1012.00,Landscape Architects,3.A.1,Related Work Experience,RW,Related Work Experience (Categories 1-11),7,"Over 2 years, up to and including 4 years",36.84,08/2025,Occupational Expert,O*NET
17-1012.00,Landscape Architects,3.A.2,On-Site or In-Plant Training,PT,On-Site Or In-Plant Training (Categories 1-9),1,,36.84,08/2025,Occupational Expert,O*NET
17-1012.00,Landscape Architects,3.A.3,On-the-Job Training,OJ,On-The-Job Training (Categories 1-9),7,"Over 2 years, up to and including 4 years",35.0,08/2025,Occupational Expert,O*NET
17-1021.00,Cartographers and Photogrammetrists,3.A.1,Related Work Experience,RW,Related Work Experience (Categories 1-11),7,"Over 2 years, up to and including 4 years",25.26,08/2018,Incumbent,O*NET
17-1021.00,Cartographers and Photogrammetrists,3.A.2,On-Site or In-Plant Training,PT,On-Site Or In-Plant Training (Categories 1-9),1,,24.9,08/2018,Incumbent,O*NET
17-1021.00,Cartographers and Photogrammetrists,3.A.3,On-the-Job Training,OJ,On-The-Job Training (Categories 1-9),2,"Anything beyond short demonstration, up to and including 1 month",36.05,08/2018,Incumbent,O*NET
17-1022.00,Surveyors,3.A.1,Related Work Experience,RW,Related Work Experience (Categories 1-11),8,"Over 4 years, up to and including 6 years",25.0,08/2023,Occupational Expert,O*NET
17-1022.00,Surveyors,3.A.2,On-Site or In-Plant Training,PT,On-Site Or In-Plant Training (Categories 1-9),2,Up to and including 1 month,25.0,08/2023,Occupational Expert,O*NET
17-1022.00,Surveyors,3.A.3,On-the-Job Training,OJ,On-The-Job Training (Categories 1-9),5,"Over 6 months, up to and including 1 year",20.0,08/2023,Occupational Expert,O*NET
17-1022.01,Geodetic Surveyors,3.A.1,Related Work Experience,RW,Related Work Experience (Categories 1-11),6,"Over 1 year, up to and including 2 years",29.63,08/2022,Occupational Expert,O*NET
17-1022.01,Geodetic Surveyors,3.A.2,On-Site or In-Plant Training,PT,On-Site Or In-Plant Training (Categories 1-9),2,Up to and including 1 month,25.93,08/2022,Occupational Expert,O*NET
17-1022.01,Geodetic Surveyors,3.A.3,On-the-Job Training,OJ,On-The-Job Training (Categories 1-9),4,"Over 3 months, up to and including 6 months",25.93,08/2022,Occupational Expert,O*NET
17-2011.00,Aerospace Engineers,3.A.1,Related Work Experience,RW,Related Work Experience (Categories 1-11),6,"Over 1 year, up to and including 2 years",26.23,08/2026,Incumbent,O*NET
17-2011.00,Aerospace Engineers,3.A.2,On-Site or In-Plant Training,PT,On-Site Or In-Plant Training (Categories 1-9),1,,20.2,08/2026,Incumbent,O*NET
17-2011.00,Aerospace Engineers,3.A.3,On-the-Job Training,OJ,On-The-Job Training (Categories 1-9),2,"Anything beyond short demonstration, up to and including 1 month",32.36,08/2026,Incumbent,O*NET
17-2021.00,Agricultural Engineers,3.A.1,Related Work Experience,RW,Related Work Experience (Categories 1-11),6,"Over 1 year, up to and including 2 years",30.0,08/2024,Occupational Expert,O*NET
17-2021.00,Agricultural Engineers,3.A.2,On-Site or In-Plant Training,PT,On-Site Or In-Plant Training (Categories 1-9),6,"Over 1 year, up to and including 2 years",30.0,08/2024,Occupational Expert,O*NET
17-2021.00,Agricultural Engineers,3.A.3,On-the-Job Training,OJ,On-The-Job Training (Categories 1-9),6,"Over 1 year, up to and including 2 years",35.0,08/2024,Occupational Expert,O*NET
17-2031.00,Bioengineers and Biomedical Engineers,3.A.1,Related Work Experience,RW,Related Work Experience (Categories 1-11),1,,26.09,08/2024,Occupational Expert,O*NET
17-2031.00,Bioengineers and Biomedical Engineers,3.A.2,On-Site or In-Plant Training,PT,On-Site Or In-Plant Training (Categories 1-9),4,"Over 3 months, up to and including 6 months",26.09,08/2024,Occupational Expert,O*NET
17-2031.00,Bioengineers and Biomedical Engineers,3.A.3,On-the-Job Training,OJ,On-The-Job Training (Categories 1-9),4,"Over 3 months, up to and including 6 months",21.74,08/2024,Occupational Expert,O*NET
17-2041.00,Chemical Engineers,3.A.1,Related Work Experience,RW,Related Work Experience (Categories 1-11),1,,30.43,08/2025,Occupational Expert,O*NET
17-2041.00,Chemical Engineers,3.A.2,On-Site or In-Plant Training,PT,On-Site Or In-Plant Training (Categories 1-9),3,"Over 1 month, up to and including 3 months",39.13,08/2025,Occupational Expert,O*NET
17-2041.00,Chemical Engineers,3.A.3,On-the-Job Training,OJ,On-The-Job Training (Categories 1-9),3,"Over 1 month, up to and including 3 months",26.09,08/2025,Occupational Expert,O*NET
17-2051.00,Civil Engineers,3.A.1,Related Work Experience,RW,Related Work Experience (Categories 1-11),8,"Over 4 years, up to and including 6 years",28.57,08/2021,Occupational Expert,O*NET
17-2051.00,Civil Engineers,3.A.2,On-Site or In-Plant Training,PT,On-Site Or In-Plant Training (Categories 1-9),1,,42.86,08/2021,Occupational Expert,O*NET
17-2051.00,Civil Engineers,3.A.3,On-the-Job Training,OJ,On-The-Job Training (Categories 1-9),5,"Over 6 months, up to and including 1 year",19.05,08/2021,Occupational Expert,O*NET
17-2051.01,Transportation Engineers,3.A.1,Related Work Experience,RW,Related Work Experience (Categories 1-11),1,,36.36,08/2023,Occupational Expert,O*NET
17-2051.01,Transportation Engineers,3.A.2,On-Site or In-Plant Training,PT,On-Site Or In-Plant Training (Categories 1-9),1,,31.82,08/2023,Occupational Expert,O*NET
17-2051.01,Transportation Engineers,3.A.3,On-the-Job Training,OJ,On-The-Job Training (Categories 1-9),5,"Over 6 months, up to and including 1 year",27.27,08/2023,Occupational Expert,O*NET
17-2051.02,Water/Wastewater Engineers,3.A.1,Related Work Experience,RW,Related Work Experience (Categories 1-11),5,"Over 6 months, up to and including 1 year",22.73,08/2020,Occupational Expert,O*NET
17-2051.02,Water/Wastewater Engineers,3.A.2,On-Site or In-Plant Training,PT,On-Site Or In-Plant Training (Categories 1-9),1,,34.78,08/2020,Occupational Expert,O*NET
17-2051.02,Water/Wastewater Engineers,3.A.3,On-the-Job Training,OJ,On-The-Job Training (Categories 1-9),5,"Over 6 months, up to and including 1 year",21.74,08/2020,Occupational Expert,O*NET
17-2061.00,Computer Hardware Engineers,3.A.1,Related Work Experience,RW,Related Work Experience (Categories 1-11),6,"Over 1 year, up to and including 2 years",27.59,08/2021,Occupational Expert,O*NET
17-2061.00,Computer Hardware Engineers,3.A.2,On-Site or In-Plant Training,PT,On-Site Or In-Plant Training (Categories 1-9),5,"Over 6 months, up to and including 1 year",20.69,08/2021,Occupational Expert,O*NET
17-2061.00,Computer Hardware Engineers,3.A.3,On-the-Job Training,OJ,On-The-Job Training (Categories 1-9),5,"Over 6 months, up to and including 1 year",27.59,08/2021,Occupational Expert,O*NET
17-2071.00,Electrical Engineers,3.A.1,Related Work Experience,RW,Related Work Experience (Categories 1-11),8,"Over 4 years, up to and including 6 years",30.21,08/2023,Incumbent,O*NET
17-2071.00,Electrical Engineers,3.A.2,On-Site or In-Plant Training,PT,On-Site Or In-Plant Training (Categories 1-9),7,"Over 2 years, up to and including 4 years",29.89,08/2023,Incumbent,O*NET
17-2071.00,Electrical Engineers,3.A.3,On-the-Job Training,OJ,On-The-Job Training (Categories 1-9),6,"Over 1 year, up to and including 2 years",32.75,08/2023,Incumbent,O*NET
17-2072.00,"Electronics Engineers, Except Computer",3.A.1,Related Work Experience,RW,Related Work Experience (Categories 1-11),8,"Over 4 years, up to and including 6 years",33.82,08/2022,Incumbent,O*NET
17-2072.00,"Electronics Engineers, Except Computer",3.A.2,On-Site or In-Plant Training,PT,On-Site Or In-Plant Training (Categories 1-9),3,"Over 1 month, up to and including 3 months",23.68,08/2022,Incumbent,O*NET
17-2072.00,"Electronics Engineers, Except Computer",3.A.3,On-the-Job Training,OJ,On-The-Job Training (Categories 1-9),3,"Over 1 month, up to and including 3 months",25.45,08/2022,Incumbent,O*NET
17-2072.01,Radio Frequency Identification Device Specialists,3.A.1,Related Work Experience,RW,Related Work Experience (Categories 1-11),7,"Over 2 years, up to and including 4 years",25.56,07/2015,Incumbent,O*NET
17-2072.01,Radio Frequency Identification Device Specialists,3.A.2,On-Site or In-Plant Training,PT,On-Site Or In-Plant Training (Categories 1-9),6,"Over 1 year, up to and including 2 years",29.26,07/2015,Incumbent,O*NET
17-2072.01,Radio Frequency Identification Device Specialists,3.A.3,On-the-Job Training,OJ,On-The-Job Training (Categories 1-9),5,"Over 6 months, up to and including 1 year",32.5,07/2015,Incumbent,O*NET
17-2081.00,Environmental Engineers,3.A.1,Related Work Experience,RW,Related Work Experience (Categories 1-11),1,,42.86,08/2024,Occupational Expert,O*NET
17-2081.00,Environmental Engineers,3.A.2,On-Site or In-Plant Training,PT,On-Site Or In-Plant Training (Categories 1-9),1,,38.1,08/2024,Occupational Expert,O*NET
17-2081.00,Environmental Engineers,3.A.3,On-the-Job Training,OJ,On-The-Job Training (Categories 1-9),1,None or short demonstration,19.05,08/2024,Occupational Expert,O*NET
17-2111.02,Fire-Prevention and Protection Engineers,3.A.1,Related Work Experience,RW,Related Work Experience (Categories 1-11),1,,30.77,08/2025,Occupational Expert,O*NET
17-2111.02,Fire-Prevention and Protection Engineers,3.A.2,On-Site or In-Plant Training,PT,On-Site Or In-Plant Training (Categories 1-9),1,,34.62,08/2025,Occupational Expert,O*NET
17-2111.02,Fire-Prevention and Protection Engineers,3.A.3,On-the-Job Training,OJ,On-The-Job Training (Categories 1-9),7,"Over 2 years, up to and including 4 years",30.77,08/2025,Occupational Expert,O*NET
17-2112.00,Industrial Engineers,3.A.1,Related Work Experience,RW,Related Work Experience (Categories 1-11),7,"Over 2 years, up to and including 4 years",42.46,08/2020,Incumbent,O*NET
17-2112.00,Industrial Engineers,3.A.2,On-Site or In-Plant Training,PT,On-Site Or In-Plant Training (Categories 1-9),3,"Over 1 month, up to and including 3 months",25.94,08/2020,Incumbent,O*NET
17-2112.00,Industrial Engineers,3.A.3,On-the-Job Training,OJ,On-The-Job Training (Categories 1-9),5,"Over 6 months, up to and including 1 year",29.72,08/2020,Incumbent,O*NET
17-2112.01,Human Factors Engineers and Ergonomists,3.A.1,Related Work Experience,RW,Related Work Experience (Categories 1-11),1,,25.0,08/2024,Occupational Expert,O*NET
17-2112.01,Human Factors Engineers and Ergonomists,3.A.2,On-Site or In-Plant Training,PT,On-Site Or In-Plant Training (Categories 1-9),1,,25.0,08/2024,Occupational Expert,O*NET
17-2112.01,Human Factors Engineers and Ergonomists,3.A.3,On-the-Job Training,OJ,On-The-Job Training (Categories 1-9),5,"Over 6 months, up to and including 1 year",30.0,08/2024,Occupational Expert,O*NET
17-2112.02,Validation Engineers,3.A.1,Related Work Experience,RW,Related Work Experience (Categories 1-11),7,"Over 2 years, up to and including 4 years",50.0,08/2018,Occupational Expert,O*NET
17-2112.02,Validation Engineers,3.A.2,On-Site or In-Plant Training,PT,On-Site Or In-Plant Training (Categories 1-9),2,Up to and including 1 month,30.0,08/2018,Occupational Expert,O*NET
17-2112.02,Validation Engineers,3.A.3,On-the-Job Training,OJ,On-The-Job Training (Categories 1-9),5,"Over 6 months, up to and including 1 year",35.0,08/2018,Occupational Expert,O*NET
17-2112.03,Manufacturing Engineers,3.A.1,Related Work Experience,RW,Related Work Experience (Categories 1-11),6,"Over 1 year, up to and including 2 years",30.77,07/2017,Occupational Expert,O*NET
17-2112.03,Manufacturing Engineers,3.A.2,On-Site or In-Plant Training,PT,On-Site Or In-Plant Training (Categories 1-9),3,"Over 1 month, up to and including 3 months",23.08,07/2017,Occupational Expert,O*NET
17-2112.03,Manufacturing Engineers,3.A.3,On-the-Job Training,OJ,On-The-Job Training (Categories 1-9),2,"Anything beyond short demonstration, up to and including 1 month",26.92,07/2017,Occupational Expert,O*NET
17-2121.00,Marine Engineers and Naval Architects,3.A.1,Related Work Experience,RW,Related Work Experience (Categories 1-11),8,"Over 4 years, up to and including 6 years",31.58,08/2025,Occupational Expert,O*NET
17-2121.00,Marine Engineers and Naval Architects,3.A.2,On-Site or In-Plant Training,PT,On-Site Or In-Plant Training (Categories 1-9),5,"Over 6 months, up to and including 1 year",26.32,08/2025,Occupational Expert,O*NET
17-2121.00,Marine Engineers and Naval Architects,3.A.3,On-the-Job Training,OJ,On-The-Job Training (Categories 1-9),5,"Over 6 months, up to and including 1 year",36.84,08/2025,Occupational Expert,O*NET
17-2131.00,Materials Engineers,3.A.1,Related Work Experience,RW,Related Work Experience (Categories 1-11),1,,32.0,08/2026,Occupational Expert,O*NET
17-2131.00,Materials Engineers,3.A.2,On-Site or In-Plant Training,PT,On-Site Or In-Plant Training (Categories 1-9),3,"Over 1 month, up to and including 3 months",20.0,08/2026,Occupational Expert,O*NET
17-2131.00,Materials Engineers,3.A.3,On-the-Job Training,OJ,On-The-Job Training (Categories 1-9),5,"Over 6 months, up to and including 1 year",28.0,08/2026,Occupational Expert,O*NET
17-2141.00,Mechanical Engineers,3.A.1,Related Work Experience,RW,Related Work Experience (Categories 1-11),6,"Over 1 year, up to and including 2 years",24.47,08/2024,Incumbent,O*NET
17-2141.00,Mechanical Engineers,3.A.2,On-Site or In-Plant Training,PT,On-Site Or In-Plant Training (Categories 1-9),5,"Over 6 months, up to and including 1 year",26.12,08/2024,Incumbent,O*NET
17-2141.00,Mechanical Engineers,3.A.3,On-the-Job Training,OJ,On-The-Job Training (Categories 1-9),5,"Over 6 months, up to and including 1 year",36.8,08/2024,Incumbent,O*NET
17-2141.01,Fuel Cell Engineers,3.A.1,Related Work Experience,RW,Related Work Experience (Categories 1-11),5,"Over 6 months, up to and including 1 year",22.73,08/2022,Occupational Expert,O*NET
17-2141.01,Fuel Cell Engineers,3.A.2,On-Site or In-Plant Training,PT,On-Site Or In-Plant Training (Categories 1-9),3,"Over 1 month, up to and including 3 months",36.36,08/2022,Occupational Expert,O*NET
17-2141.01,Fuel Cell Engineers,3.A.3,On-the-Job Training,OJ,On-The-Job Training (Categories 1-9),3,"Over 1 month, up to and including 3 months",36.36,08/2022,Occupational Expert,O*NET
17-2141.02,Automotive Engineers,3.A.1,Related Work Experience,RW,Related Work Experience (Categories 1-11),1,,23.81,08/2022,Occupational Expert,O*NET
17-2141.02,Automotive Engineers,3.A.2,On-Site or In-Plant Training,PT,On-Site Or In-Plant Training (Categories 1-9),4,"Over 3 months, up to and including 6 months",23.81,08/2022,Occupational Expert,O*NET
17-2141.02,Automotive Engineers,3.A.3,On-the-Job Training,OJ,On-The-Job Training (Categories 1-9),4,"Over 3 months, up to and including 6 months",42.86,08/2022,Occupational Expert,O*NET
17-2151.00,"Mining and Geological Engineers, Including Mining Safety Engineers",3.A.1,Related Work Experience,RW,Related Work Experience (Categories 1-11),6,"Over 1 year, up to and including 2 years",25.59,08/2018,Incumbent,O*NET
17-2151.00,"Mining and Geological Engineers, Including Mining Safety Engineers",3.A.2,On-Site or In-Plant Training,PT,On-Site Or In-Plant Training (Categories 1-9),2,Up to and including 1 month,34.78,08/2018,Incumbent,O*NET
17-2151.00,"Mining and Geological Engineers, Including Mining Safety Engineers",3.A.3,On-the-Job Training,OJ,On-The-Job Training (Categories 1-9),7,"Over 2 years, up to and including 4 years",36.89,08/2018,Incumbent,O*NET
17-2161.00,Nuclear Engineers,3.A.1,Related Work Experience,RW,Related Work Experience (Categories 1-11),7,"Over 2 years, up to and including 4 years",42.86,08/2024,Occupational Expert,O*NET
17-2161.00,Nuclear Engineers,3.A.2,On-Site or In-Plant Training,PT,On-Site Or In-Plant Training (Categories 1-9),6,"Over 1 year, up to and including 2 years",38.1,08/2024,Occupational Expert,O*NET
17-2161.00,Nuclear Engineers,3.A.3,On-the-Job Training,OJ,On-The-Job Training (Categories 1-9),5,"Over 6 months, up to and including 1 year",47.62,08/2024,Occupational Expert,O*NET
17-2171.00,Petroleum Engineers,3.A.1,Related Work Experience,RW,Related Work Experience (Categories 1-11),9,"Over 6 years, up to and including 8 years",21.23,08/2020,Incumbent,O*NET
17-2171.00,Petroleum Engineers,3.A.2,On-Site or In-Plant Training,PT,On-Site Or In-Plant Training (Categories 1-9),4,"Over 3 months, up to and including 6 months",32.07,08/2020,Incumbent,O*NET
17-2171.00,Petroleum Engineers,3.A.3,On-the-Job Training,OJ,On-The-Job Training (Categories 1-9),5,"Over 6 months, up to and including 1 year",26.03,08/2020,Incumbent,O*NET
17-2199.03,"Energy Engineers, Except Wind and Solar",3.A.1,Related Work Experience,RW,Related Work Experience (Categories 1-11),6,"Over 1 year, up to and including 2 years",25.0,08/2026,Occupational Expert,O*NET
17-2199.03,"Energy Engineers, Except Wind and Solar",3.A.2,On-Site or In-Plant Training,PT,On-Site Or In-Plant Training (Categories 1-9),3,"Over 1 month, up to and including 3 months",25.0,08/2026,Occupational Expert,O*NET
17-2199.03,"Energy Engineers, Except Wind and Solar",3.A.3,On-the-Job Training,OJ,On-The-Job Training (Categories 1-9),5,"Over 6 months, up to and including 1 year",45.0,08/2026,Occupational Expert,O*NET
17-2199.05,Mechatronics Engineers,3.A.1,Related Work Experience,RW,Related Work Experience (Categories 1-11),7,"Over 2 years, up to and including 4 years",29.14,08/2022,Incumbent,O*NET
17-2199.05,Mechatronics Engineers,3.A.2,On-Site or In-Plant Training,PT,On-Site Or In-Plant Training (Categories 1-9),3,"Over 1 month, up to and including 3 months",32.67,08/2022,Incumbent,O*NET
17-2199.05,Mechatronics Engineers,3.A.3,On-the-Job Training,OJ,On-The-Job Training (Categories 1-9),3,"Over 1 month, up to and including 3 months",59.2,08/2022,Incumbent,O*NET
17-2199.06,Microsystems Engineers,3.A.1,Related Work Experience,RW,Related Work Experience (Categories 1-11),6,"Over 1 year, up to and including 2 years",38.55,07/2016,Incumbent,O*NET
17-2199.06,Microsystems Engineers,3.A.2,On-Site or In-Plant Training,PT,On-Site Or In-Plant Training (Categories 1-9),5,"Over 6 months, up to and including 1 year",21.32,07/2016,Incumbent,O*NET
17-2199.06,Microsystems Engineers,3.A.3,On-the-Job Training,OJ,On-The-Job Training (Categories 1-9),5,"Over 6 months, up to and including 1 year",64.04,07/2016,Incumbent,O*NET
17-2199.07,Photonics Engineers,3.A.1,Related Work Experience,RW,Related Work Experience (Categories 1-11),7,"Over 2 years, up to and including 4 years",30.43,08/2018,Occupational Expert,O*NET
17-2199.07,Photonics Engineers,3.A.2,On-Site or In-Plant Training,PT,On-Site Or In-Plant Training (Categories 1-9),2,Up to and including 1 month,30.43,08/2018,Occupational Expert,O*NET
17-2199.07,Photonics Engineers,3.A.3,On-the-Job Training,OJ,On-The-Job Training (Categories 1-9),5,"Over 6 months, up to and including 1 year",43.48,08/2018,Occupational Expert,O*NET
17-2199.08,Robotics Engineers,3.A.1,Related Work Experience,RW,Related Work Experience (Categories 1-11),7,"Over 2 years, up to and including 4 years",33.33,08/2018,Occupational Expert,O*NET
17-2199.08,Robotics Engineers,3.A.2,On-Site or In-Plant Training,PT,On-Site Or In-Plant Training (Categories 1-9),3,"Over 1 month, up to and including 3 months",26.67,08/2018,Occupational Expert,O*NET
17-2199.08,Robotics Engineers,3.A.3,On-the-Job Training,OJ,On-The-Job Training (Categories 1-9),3,"Over 1 month, up to and including 3 months",26.67,08/2018,Occupational Expert,O*NET
17-2199.09,Nanosystems Engineers,3.A.1,Related Work Experience,RW,Related Work Experience (Categories 1-11),7,"Over 2 years, up to and including 4 years",38.1,08/2023,Occupational Expert,O*NET
17-2199.09,Nanosystems Engineers,3.A.2,On-Site or In-Plant Training,PT,On-Site Or In-Plant Training (Categories 1-9),2,Up to and including 1 month,19.05,08/2023,Occupational Expert,O*NET
17-2199.09,Nanosystems Engineers,3.A.3,On-the-Job Training,OJ,On-The-Job Training (Categories 1-9),4,"Over 3 months, up to and including 6 months",33.33,08/2023,Occupational Expert,O*NET
17-2199.10,Wind Energy Engineers,3.A.1,Related Work Experience,RW,Related Work Experience (Categories 1-11),10,"Over 8 years, up to and including 10 years",25.9,07/2012,Incumbent,O*NET
17-2199.10,Wind Energy Engineers,3.A.2,On-Site or In-Plant Training,PT,On-Site Or In-Plant Training (Categories 1-9),4,"Over 3 months, up to and including 6 months",31.79,07/2012,Incumbent,O*NET
17-2199.10,Wind Energy Engineers,3.A.3,On-the-Job Training,OJ,On-The-Job Training (Categories 1-9),3,"Over 1 month, up to and including 3 months",36.99,07/2012,Incumbent,O*NET
17-2199.11,Solar Energy Systems Engineers,3.A.1,Related Work Experience,RW,Related Work Experience (Categories 1-11),7,"Over 2 years, up to and including 4 years",39.29,08/2023,Occupational Expert,O*NET
17-2199.11,Solar Energy Systems Engineers,3.A.2,On-Site or In-Plant Training,PT,On-Site Or In-Plant Training (Categories 1-9),4,"Over 3 months, up to and including 6 months",25.0,08/2023,Occupational Expert,O*NET
17-2199.11,Solar Energy Systems Engineers,3.A.3,On-the-Job Training,OJ,On-The-Job Training (Categories 1-9),4,"Over 3 months, up to and including 6 months",32.14,08/2023,Occupational Expert,O*NET
17-3011.00,Architectural and Civil Drafters,3.A.1,Related Work Experience,RW,Related Work Experience (Categories 1-11),6,"Over 1 year, up to and including 2 years",24.93,08/2026,Incumbent,O*NET
17-3011.00,Architectural and Civil Drafters,3.A.2,On-Site or In-Plant Training,PT,On-Site Or In-Plant Training (Categories 1-9),2,Up to and including 1 month,36.49,08/2026,Incumbent,O*NET
17-3011.00,Architectural and Civil Drafters,3.A.3,On-the-Job Training,OJ,On-The-Job Training (Categories 1-9),2,"Anything beyond short demonstration, up to and including 1 month",25.38,08/2026,Incumbent,O*NET
17-3012.00,Electrical and Electronics Drafters,3.A.1,Related Work Experience,RW,Related Work Experience (Categories 1-11),7,"Over 2 years, up to and including 4 years",23.99,08/2022,Incumbent,O*NET
17-3012.00,Electrical and Electronics Drafters,3.A.2,On-Site or In-Plant Training,PT,On-Site Or In-Plant Training (Categories 1-9),5,"Over 6 months, up to and including 1 year",18.51,08/2022,Incumbent,O*NET
17-3012.00,Electrical and Electronics Drafters,3.A.3,On-the-Job Training,OJ,On-The-Job Training (Categories 1-9),4,"Over 3 months, up to and including 6 months",22.13,08/2022,Incumbent,O*NET
17-3013.00,Mechanical Drafters,3.A.1,Related Work Experience,RW,Related Work Experience (Categories 1-11),8,"Over 4 years, up to and including 6 years",29.64,08/2026,Incumbent,O*NET
17-3013.00,Mechanical Drafters,3.A.2,On-Site or In-Plant Training,PT,On-Site Or In-Plant Training (Categories 1-9),2,Up to and including 1 month,38.22,08/2026,Incumbent,O*NET
17-3013.00,Mechanical Drafters,3.A.3,On-the-Job Training,OJ,On-The-Job Training (Categories 1-9),3,"Over 1 month, up to and including 3 months",24.45,08/2026,Incumbent,O*NET
17-3021.00,Aerospace Engineering and Operations Technologists and Technicians,3.A.1,Related Work Experience,RW,Related Work Experience (Categories 1-11),6,"Over 1 year, up to and including 2 years",36.11,08/2019,Incumbent,O*NET
17-3021.00,Aerospace Engineering and Operations Technologists and Technicians,3.A.2,On-Site or In-Plant Training,PT,On-Site Or In-Plant Training (Categories 1-9),2,Up to and including 1 month,45.81,08/2019,Incumbent,O*NET
17-3021.00,Aerospace Engineering and Operations Technologists and Technicians,3.A.3,On-the-Job Training,OJ,On-The-Job Training (Categories 1-9),5,"Over 6 months, up to and including 1 year",35.06,08/2019,Incumbent,O*NET
17-3022.00,Civil Engineering Technologists and Technicians,3.A.1,Related Work Experience,RW,Related Work Experience (Categories 1-11),10,"Over 8 years, up to and including 10 years",31.27,07/2017,Incumbent,O*NET
17-3022.00,Civil Engineering Technologists and Technicians,3.A.2,On-Site or In-Plant Training,PT,On-Site Or In-Plant Training (Categories 1-9),2,Up to and including 1 month,42.78,07/2017,Incumbent,O*NET
17-3022.00,Civil Engineering Technologists and Technicians,3.A.3,On-the-Job Training,OJ,On-The-Job Training (Categories 1-9),6,"Over 1 year, up to and including 2 years",23.42,07/2017,Incumbent,O*NET
17-3023.00,Electrical and Electronic Engineering Technologists and Technicians,3.A.1,Related Work Experience,RW,Related Work Experience (Categories 1-11),7,"Over 2 years, up to and including 4 years",58.01,08/2026,Incumbent,O*NET
17-3023.00,Electrical and Electronic Engineering Technologists and Technicians,3.A.2,On-Site or In-Plant Training,PT,On-Site Or In-Plant Training (Categories 1-9),3,"Over 1 month, up to and including 3 months",37.51,08/2026,Incumbent,O*NET
17-3023.00,Electrical and Electronic Engineering Technologists and Technicians,3.A.3,On-the-Job Training,OJ,On-The-Job Training (Categories 1-9),5,"Over 6 months, up to and including 1 year",22.93,08/2026,Incumbent,O*NET
17-3024.00,Electro-Mechanical and Mechatronics Technologists and Technicians,3.A.1,Related Work Experience,RW,Related Work Experience (Categories 1-11),6,"Over 1 year, up to and including 2 years",31.51,08/2022,Incumbent,O*NET
17-3024.00,Electro-Mechanical and Mechatronics Technologists and Technicians,3.A.2,On-Site or In-Plant Training,PT,On-Site Or In-Plant Training (Categories 1-9),2,Up to and including 1 month,27.75,08/2022,Incumbent,O*NET
17-3024.00,Electro-Mechanical and Mechatronics Technologists and Technicians,3.A.3,On-the-Job Training,OJ,On-The-Job Training (Categories 1-9),5,"Over 6 months, up to and including 1 year",27.55,08/2022,Incumbent,O*NET
17-3024.01,Robotics Technicians,3.A.1,Related Work Experience,RW,Related Work Experience (Categories 1-11),7,"Over 2 years, up to and including 4 years",54.55,08/2018,Occupational Expert,O*NET
17-3024.01,Robotics Technicians,3.A.2,On-Site or In-Plant Training,PT,On-Site Or In-Plant Training (Categories 1-9),3,"Over 1 month, up to and including 3 months",18.18,08/2018,Occupational Expert,O*NET
17-3024.01,Robotics Technicians,3.A.3,On-the-Job Training,OJ,On-The-Job Training (Categories 1-9),6,"Over 1 year, up to and including 2 years",45.45,08/2018,Occupational Expert,O*NET
17-3025.00,Environmental Engineering Technologists and Technicians,3.A.1,Related Work Experience,RW,Related Work Experience (Categories 1-11),7,"Over 2 years, up to and including 4 years",24.19,07/2014,Incumbent,O*NET
17-3025.00,Environmental Engineering Technologists and Technicians,3.A.2,On-Site or In-Plant Training,PT,On-Site Or In-Plant Training (Categories 1-9),2,Up to and including 1 month,22.5,07/2014,Incumbent,O*NET
17-3025.00,Environmental Engineering Technologists and Technicians,3.A.3,On-the-Job Training,OJ,On-The-Job Training (Categories 1-9),4,"Over 3 months, up to and including 6 months",31.4,07/2014,Incumbent,O*NET
17-3026.00,Industrial Engineering Technologists and Technicians,3.A.1,Related Work Experience,RW,Related Work Experience (Categories 1-11),8,"Over 4 years, up to and including 6 years",32.7,08/2026,Incumbent,O*NET
17-3026.00,Industrial Engineering Technologists and Technicians,3.A.2,On-Site or In-Plant Training,PT,On-Site Or In-Plant Training (Categories 1-9),2,Up to and including 1 month,33.24,08/2026,Incumbent,O*NET
17-3026.00,Industrial Engineering Technologists and Technicians,3.A.3,On-the-Job Training,OJ,On-The-Job Training (Categories 1-9),3,"Over 1 month, up to and including 3 months",29.92,08/2026,Incumbent,O*NET
17-3026.01,Nanotechnology Engineering Technologists and Technicians,3.A.1,Related Work Experience,RW,Related Work Experience (Categories 1-11),7,"Over 2 years, up to and including 4 years",25.0,08/2025,Occupational Expert,O*NET
17-3026.01,Nanotechnology Engineering Technologists and Technicians,3.A.2,On-Site or In-Plant Training,PT,On-Site Or In-Plant Training (Categories 1-9),2,Up to and including 1 month,25.0,08/2025,Occupational Expert,O*NET
17-3026.01,Nanotechnology Engineering Technologists and Technicians,3.A.3,On-the-Job Training,OJ,On-The-Job Training (Categories 1-9),5,"Over 6 months, up to and including 1 year",35.0,08/2025,Occupational Expert,O*NET
17-3027.00,Mechanical Engineering Technologists and Technicians,3.A.1,Related Work Experience,RW,Related Work Experience (Categories 1-11),8,"Over 4 years, up to and including 6 years",33.85,08/2022,Incumbent,O*NET
17-3027.00,Mechanical Engineering Technologists and Technicians,3.A.2,On-Site or In-Plant Training,PT,On-Site Or In-Plant Training (Categories 1-9),2,Up to and including 1 month,28.75,08/2022,Incumbent,O*NET
17-3027.00,Mechanical Engineering Technologists and Technicians,3.A.3,On-the-Job Training,OJ,On-The-Job Training (Categories 1-9),5,"Over 6 months, up to and including 1 year",34.58,08/2022,Incumbent,O*NET
17-3027.01,Automotive Engineering Technicians,3.A.1,Related Work Experience,RW,Related Work Experience (Categories 1-11),6,"Over 1 year, up to and including 2 years",29.63,07/2016,Occupational Expert,O*NET
17-3027.01,Automotive Engineering Technicians,3.A.2,On-Site or In-Plant Training,PT,On-Site Or In-Plant Training (Categories 1-9),5,"Over 6 months, up to and including 1 year",25.93,07/2016,Occupational Expert,O*NET
17-3027.01,Automotive Engineering Technicians,3.A.3,On-the-Job Training,OJ,On-The-Job Training (Categories 1-9),5,"Over 6 months, up to and including 1 year",37.04,07/2016,Occupational Expert,O*NET
17-3029.01,Non-Destructive Testing Specialists,3.A.1,Related Work Experience,RW,Related Work Experience (Categories 1-11),1,,36.36,08/2023,Occupational Expert,O*NET
17-3029.01,Non-Destructive Testing Specialists,3.A.2,On-Site or In-Plant Training,PT,On-Site Or In-Plant Training (Categories 1-9),4,"Over 3 months, up to and including 6 months",27.27,08/2023,Occupational Expert,O*NET
17-3029.01,Non-Destructive Testing Specialists,3.A.3,On-the-Job Training,OJ,On-The-Job Training (Categories 1-9),6,"Over 1 year, up to and including 2 years",40.91,08/2023,Occupational Expert,O*NET
17-3029.08,Photonics Technicians,3.A.1,Related Work Experience,RW,Related Work Experience (Categories 1-11),6,"Over 1 year, up to and including 2 years",27.27,08/2024,Occupational Expert,O*NET
17-3029.08,Photonics Technicians,3.A.2,On-Site or In-Plant Training,PT,On-Site Or In-Plant Training (Categories 1-9),3,"Over 1 month, up to and including 3 months",31.82,08/2024,Occupational Expert,O*NET
17-3029.08,Photonics Technicians,3.A.3,On-the-Job Training,OJ,On-The-Job Training (Categories 1-9),5,"Over 6 months, up to and including 1 year",40.91,08/2024,Occupational Expert,O*NET
17-3031.00,Surveying and Mapping Technicians,3.A.1,Related Work Experience,RW,Related Work Experience (Categories 1-11),8,"Over 4 years, up to and including 6 years",21.48,08/2026,Incumbent,O*NET
17-3031.00,Surveying and Mapping Technicians,3.A.2,On-Site or In-Plant Training,PT,On-Site Or In-Plant Training (Categories 1-9),4,"Over 3 months, up to and including 6 months",40.09,08/2026,Incumbent,O*NET
17-3031.00,Surveying and Mapping Technicians,3.A.3,On-the-Job Training,OJ,On-The-Job Training (Categories 1-9),5,"Over 6 months, up to and including 1 year",26.26,08/2026,Incumbent,O*NET
19-1011.00,Animal Scientists,3.A.1,Related Work Experience,RW,Related Work Experience (Categories 1-11),7,"Over 2 years, up to and including 4 years",30.43,08/2022,Occupational Expert,O*NET
19-1011.00,Animal Scientists,3.A.2,On-Site or In-Plant Training,PT,On-Site Or In-Plant Training (Categories 1-9),2,Up to and including 1 month,30.43,08/2022,Occupational Expert,O*NET
19-1011.00,Animal Scientists,3.A.3,On-the-Job Training,OJ,On-The-Job Training (Categories 1-9),5,"Over 6 months, up to and including 1 year",26.09,08/2022,Occupational Expert,O*NET
19-1012.00,Food Scientists and Technologists,3.A.1,Related Work Experience,RW,Related Work Experience (Categories 1-11),1,,31.82,08/2025,Occupational Expert,O*NET
19-1012.00,Food Scientists and Technologists,3.A.2,On-Site or In-Plant Training,PT,On-Site Or In-Plant Training (Categories 1-9),2,Up to and including 1 month,22.73,08/2025,Occupational Expert,O*NET
19-1012.00,Food Scientists and Technologists,3.A.3,On-the-Job Training,OJ,On-The-Job Training (Categories 1-9),4,"Over 3 months, up to and including 6 months",36.36,08/2025,Occupational Expert,O*NET
19-1013.00,Soil and Plant Scientists,3.A.1,Related Work Experience,RW,Related Work Experience (Categories 1-11),6,"Over 1 year, up to and including 2 years",28.57,08/2021,Occupational Expert,O*NET
19-1013.00,Soil and Plant Scientists,3.A.2,On-Site or In-Plant Training,PT,On-Site Or In-Plant Training (Categories 1-9),2,Up to and including 1 month,28.57,08/2021,Occupational Expert,O*NET
19-1013.00,Soil and Plant Scientists,3.A.3,On-the-Job Training,OJ,On-The-Job Training (Categories 1-9),5,"Over 6 months, up to and including 1 year",28.57,08/2021,Occupational Expert,O*NET
19-1021.00,Biochemists and Biophysicists,3.A.1,Related Work Experience,RW,Related Work Experience (Categories 1-11),8,"Over 4 years, up to and including 6 years",40.0,08/2020,Occupational Expert,O*NET
19-1021.00,Biochemists and Biophysicists,3.A.2,On-Site or In-Plant Training,PT,On-Site Or In-Plant Training (Categories 1-9),4,"Over 3 months, up to and including 6 months",25.0,08/2020,Occupational Expert,O*NET
19-1021.00,Biochemists and Biophysicists,3.A.3,On-the-Job Training,OJ,On-The-Job Training (Categories 1-9),4,"Over 3 months, up to and including 6 months",45.0,08/2020,Occupational Expert,O*NET
19-1022.00,Microbiologists,3.A.1,Related Work Experience,RW,Related Work Experience (Categories 1-11),5,"Over 6 months, up to and including 1 year",36.36,08/2024,Occupational Expert,O*NET
19-1022.00,Microbiologists,3.A.2,On-Site or In-Plant Training,PT,On-Site Or In-Plant Training (Categories 1-9),3,"Over 1 month, up to and including 3 months",40.91,08/2024,Occupational Expert,O*NET
19-1022.00,Microbiologists,3.A.3,On-the-Job Training,OJ,On-The-Job Training (Categories 1-9),3,"Over 1 month, up to and including 3 months",45.45,08/2024,Occupational Expert,O*NET
19-1023.00,Zoologists and Wildlife Biologists,3.A.1,Related Work Experience,RW,Related Work Experience (Categories 1-11),7,"Over 2 years, up to and including 4 years",37.93,08/2026,Occupational Expert,O*NET
19-1023.00,Zoologists and Wildlife Biologists,3.A.2,On-Site or In-Plant Training,PT,On-Site Or In-Plant Training (Categories 1-9),3,"Over 1 month, up to and including 3 months",48.28,08/2026,Occupational Expert,O*NET
19-1023.00,Zoologists and Wildlife Biologists,3.A.3,On-the-Job Training,OJ,On-The-Job Training (Categories 1-9),5,"Over 6 months, up to and including 1 year",37.93,08/2026,Occupational Expert,O*NET
19-1029.01,Bioinformatics Scientists,3.A.1,Related Work Experience,RW,Related Work Experience (Categories 1-11),7,"Over 2 years, up to and including 4 years",45.35,08/2026,Incumbent,O*NET
19-1029.01,Bioinformatics Scientists,3.A.2,On-Site or In-Plant Training,PT,On-Site Or In-Plant Training (Categories 1-9),5,"Over 6 months, up to and including 1 year",6.5,08/2026,Incumbent,O*NET
19-1029.01,Bioinformatics Scientists,3.A.3,On-the-Job Training,OJ,On-The-Job Training (Categories 1-9),3,"Over 1 month, up to and including 3 months",31.81,08/2026,Incumbent,O*NET
19-1029.02,Molecular and Cellular Biologists,3.A.1,Related Work Experience,RW,Related Work Experience (Categories 1-11),5,"Over 6 months, up to and including 1 year",30.77,08/2021,Occupational Expert,O*NET
19-1029.02,Molecular and Cellular Biologists,3.A.2,On-Site or In-Plant Training,PT,On-Site Or In-Plant Training (Categories 1-9),5,"Over 6 months, up to and including 1 year",26.92,08/2021,Occupational Expert,O*NET
19-1029.02,Molecular and Cellular Biologists,3.A.3,On-the-Job Training,OJ,On-The-Job Training (Categories 1-9),5,"Over 6 months, up to and including 1 year",30.77,08/2021,Occupational Expert,O*NET
19-1029.03,Geneticists,3.A.1,Related Work Experience,RW,Related Work Experience (Categories 1-11),6,"Over 1 year, up to and including 2 years",41.67,08/2021,Occupational Expert,O*NET
19-1029.03,Geneticists,3.A.2,On-Site or In-Plant Training,PT,On-Site Or In-Plant Training (Categories 1-9),1,,24.0,08/2021,Occupational Expert,O*NET
19-1029.03,Geneticists,3.A.3,On-the-Job Training,OJ,On-The-Job Training (Categories 1-9),5,"Over 6 months, up to and including 1 year",36.0,08/2021,Occupational Expert,O*NET
19-1029.04,Biologists,3.A.1,Related Work Experience,RW,Related Work Experience (Categories 1-11),8,"Over 4 years, up to and including 6 years",62.97,08/2025,Incumbent,O*NET
19-1029.04,Biologists,3.A.2,On-Site or In-Plant Training,PT,On-Site Or In-Plant Training (Categories 1-9),2,Up to and including 1 month,22.88,08/2025,Incumbent,O*NET
19-1029.04,Biologists,3.A.3,On-the-Job Training,OJ,On-The-Job Training (Categories 1-9),2,"Anything beyond short demonstration, up to and including 1 month",49.71,08/2025,Incumbent,O*NET
19-1031.00,Conservation Scientists,3.A.1,Related Work Experience,RW,Related Work Experience (Categories 1-11),6,"Over 1 year, up to and including 2 years",21.74,08/2022,Occupational Expert,O*NET
19-1031.00,Conservation Scientists,3.A.2,On-Site or In-Plant Training,PT,On-Site Or In-Plant Training (Categories 1-9),4,"Over 3 months, up to and including 6 months",26.09,08/2022,Occupational Expert,O*NET
19-1031.00,Conservation Scientists,3.A.3,On-the-Job Training,OJ,On-The-Job Training (Categories 1-9),5,"Over 6 months, up to and including 1 year",22.73,08/2022,Occupational Expert,O*NET
19-1031.02,Range Managers,3.A.1,Related Work Experience,RW,Related Work Experience (Categories 1-11),8,"Over 4 years, up to and including 6 years",25.0,08/2026,Occupational Expert,O*NET
19-1031.02,Range Managers,3.A.2,On-Site or In-Plant Training,PT,On-Site Or In-Plant Training (Categories 1-9),5,"Over 6 months, up to and including 1 year",25.0,08/2026,Occupational Expert,O*NET
19-1031.02,Range Managers,3.A.3,On-the-Job Training,OJ,On-The-Job Training (Categories 1-9),5,"Over 6 months, up to and including 1 year",29.17,08/2026,Occupational Expert,O*NET
19-1031.03,Park Naturalists,3.A.1,Related Work Experience,RW,Related Work Experience (Categories 1-11),7,"Over 2 years, up to and including 4 years",48.15,08/2026,Occupational Expert,O*NET
19-1031.03,Park Naturalists,3.A.2,On-Site or In-Plant Training,PT,On-Site Or In-Plant Training (Categories 1-9),2,Up to and including 1 month,50.0,08/2026,Occupational Expert,O*NET
19-1031.03,Park Naturalists,3.A.3,On-the-Job Training,OJ,On-The-Job Training (Categories 1-9),2,"Anything beyond short demonstration, up to and including 1 month",40.74,08/2026,Occupational Expert,O*NET
19-1032.00,Foresters,3.A.1,Related Work Experience,RW,Related Work Experience (Categories 1-11),6,"Over 1 year, up to and including 2 years",30.61,08/2026,Occupational Expert,O*NET
19-1032.00,Foresters,3.A.2,On-Site or In-Plant Training,PT,On-Site Or In-Plant Training (Categories 1-9),2,Up to and including 1 month,22.45,08/2026,Occupational Expert,O*NET
19-1032.00,Foresters,3.A.3,On-the-Job Training,OJ,On-The-Job Training (Categories 1-9),5,"Over 6 months, up to and including 1 year",26.53,08/2026,Occupational Expert,O*NET
19-1041.00,Epidemiologists,3.A.1,Related Work Experience,RW,Related Work Experience (Categories 1-11),6,"Over 1 year, up to and including 2 years",47.06,08/2023,Occupational Expert,O*NET
19-1041.00,Epidemiologists,3.A.2,On-Site or In-Plant Training,PT,On-Site Or In-Plant Training (Categories 1-9),1,,35.29,08/2023,Occupational Expert,O*NET
19-1041.00,Epidemiologists,3.A.3,On-the-Job Training,OJ,On-The-Job Training (Categories 1-9),6,"Over 1 year, up to and including 2 years",23.53,08/2023,Occupational Expert,O*NET
19-1042.00,"Medical Scientists, Except Epidemiologists",3.A.1,Related Work Experience,RW,Related Work Experience (Categories 1-11),7,"Over 2 years, up to and including 4 years",31.05,08/2021,Incumbent,O*NET
19-1042.00,"Medical Scientists, Except Epidemiologists",3.A.2,On-Site or In-Plant Training,PT,On-Site Or In-Plant Training (Categories 1-9),3,"Over 1 month, up to and including 3 months",15.2,08/2021,Incumbent,O*NET
19-1042.00,"Medical Scientists, Except Epidemiologists",3.A.3,On-the-Job Training,OJ,On-The-Job Training (Categories 1-9),4,"Over 3 months, up to and including 6 months",14.15,08/2021,Incumbent,O*NET
19-2011.00,Astronomers,3.A.1,Related Work Experience,RW,Related Work Experience (Categories 1-11),7,"Over 2 years, up to and including 4 years",43.48,08/2024,Occupational Expert,O*NET
19-2011.00,Astronomers,3.A.2,On-Site or In-Plant Training,PT,On-Site Or In-Plant Training (Categories 1-9),1,,56.52,08/2024,Occupational Expert,O*NET
19-2011.00,Astronomers,3.A.3,On-the-Job Training,OJ,On-The-Job Training (Categories 1-9),2,"Anything beyond short demonstration, up to and including 1 month",30.43,08/2024,Occupational Expert,O*NET
19-2012.00,Physicists,3.A.1,Related Work Experience,RW,Related Work Experience (Categories 1-11),7,"Over 2 years, up to and including 4 years",36.67,08/2026,Occupational Expert,O*NET
19-2012.00,Physicists,3.A.2,On-Site or In-Plant Training,PT,On-Site Or In-Plant Training (Categories 1-9),1,,31.03,08/2026,Occupational Expert,O*NET
19-2012.00,Physicists,3.A.3,On-the-Job Training,OJ,On-The-Job Training (Categories 1-9),5,"Over 6 months, up to and including 1 year",24.14,08/2026,Occupational Expert,O*NET
19-2021.00,Atmospheric and Space Scientists,3.A.1,Related Work Experience,RW,Related Work Experience (Categories 1-11),6,"Over 1 year, up to and including 2 years",30.0,08/2024,Occupational Expert,O*NET
19-2021.00,Atmospheric and Space Scientists,3.A.2,On-Site or In-Plant Training,PT,On-Site Or In-Plant Training (Categories 1-9),1,,30.0,08/2024,Occupational Expert,O*NET
19-2021.00,Atmospheric and Space Scientists,3.A.3,On-the-Job Training,OJ,On-The-Job Training (Categories 1-9),5,"Over 6 months, up to and including 1 year",30.0,08/2024,Occupational Expert,O*NET
19-2031.00,Chemists,3.A.1,Related Work Experience,RW,Related Work Experience (Categories 1-11),8,"Over 4 years, up to and including 6 years",37.28,08/2023,Incumbent,O*NET
19-2031.00,Chemists,3.A.2,On-Site or In-Plant Training,PT,On-Site Or In-Plant Training (Categories 1-9),3,"Over 1 month, up to and including 3 months",38.14,08/2023,Incumbent,O*NET
19-2031.00,Chemists,3.A.3,On-the-Job Training,OJ,On-The-Job Training (Categories 1-9),3,"Over 1 month, up to and including 3 months",37.06,08/2023,Incumbent,O*NET
19-2032.00,Materials Scientists,3.A.1,Related Work Experience,RW,Related Work Experience (Categories 1-11),1,,23.81,08/2024,Occupational Expert,O*NET
19-2032.00,Materials Scientists,3.A.2,On-Site or In-Plant Training,PT,On-Site Or In-Plant Training (Categories 1-9),2,Up to and including 1 month,38.1,08/2024,Occupational Expert,O*NET
19-2032.00,Materials Scientists,3.A.3,On-the-Job Training,OJ,On-The-Job Training (Categories 1-9),2,"Anything beyond short demonstration, up to and including 1 month",19.05,08/2024,Occupational Expert,O*NET
19-2041.00,"Environmental Scientists and Specialists, Including Health",3.A.1,Related Work Experience,RW,Related Work Experience (Categories 1-11),6,"Over 1 year, up to and including 2 years",27.37,08/2023,Incumbent,O*NET
19-2041.00,"Environmental Scientists and Specialists, Including Health",3.A.2,On-Site or In-Plant Training,PT,On-Site Or In-Plant Training (Categories 1-9),6,"Over 1 year, up to and including 2 years",32.01,08/2023,Incumbent,O*NET
19-2041.00,"Environmental Scientists and Specialists, Including Health",3.A.3,On-the-Job Training,OJ,On-The-Job Training (Categories 1-9),6,"Over 1 year, up to and including 2 years",34.53,08/2023,Incumbent,O*NET
19-2041.01,Climate Change Policy Analysts,3.A.1,Related Work Experience,RW,Related Work Experience (Categories 1-11),7,"Over 2 years, up to and including 4 years",39.13,08/2021,Occupational Expert,O*NET
19-2041.01,Climate Change Policy Analysts,3.A.2,On-Site or In-Plant Training,PT,On-Site Or In-Plant Training (Categories 1-9),1,,43.48,08/2021,Occupational Expert,O*NET
19-2041.01,Climate Change Policy Analysts,3.A.3,On-the-Job Training,OJ,On-The-Job Training (Categories 1-9),5,"Over 6 months, up to and including 1 year",26.09,08/2021,Occupational Expert,O*NET
19-2041.02,Environmental Restoration Planners,3.A.1,Related Work Experience,RW,Related Work Experience (Categories 1-11),7,"Over 2 years, up to and including 4 years",45.45,08/2021,Occupational Expert,O*NET
19-2041.02,Environmental Restoration Planners,3.A.2,On-Site or In-Plant Training,PT,On-Site Or In-Plant Training (Categories 1-9),1,,27.27,08/2021,Occupational Expert,O*NET
19-2041.02,Environmental Restoration Planners,3.A.3,On-the-Job Training,OJ,On-The-Job Training (Categories 1-9),7,"Over 2 years, up to and including 4 years",27.27,08/2021,Occupational Expert,O*NET
19-2041.03,Industrial Ecologists,3.A.1,Related Work Experience,RW,Related Work Experience (Categories 1-11),6,"Over 1 year, up to and including 2 years",39.13,08/2021,Occupational Expert,O*NET
19-2041.03,Industrial Ecologists,3.A.2,On-Site or In-Plant Training,PT,On-Site Or In-Plant Training (Categories 1-9),1,,31.82,08/2021,Occupational Expert,O*NET
19-2041.03,Industrial Ecologists,3.A.3,On-the-Job Training,OJ,On-The-Job Training (Categories 1-9),3,"Over 1 month, up to and including 3 months",26.09,08/2021,Occupational Expert,O*NET
19-2042.00,"Geoscientists, Except Hydrologists and Geographers",3.A.1,Related Work Experience,RW,Related Work Experience (Categories 1-11),1,,33.33,08/2026,Occupational Expert,O*NET
19-2042.00,"Geoscientists, Except Hydrologists and Geographers",3.A.2,On-Site or In-Plant Training,PT,On-Site Or In-Plant Training (Categories 1-9),2,Up to and including 1 month,18.52,08/2026,Occupational Expert,O*NET
19-2042.00,"Geoscientists, Except Hydrologists and Geographers",3.A.3,On-the-Job Training,OJ,On-The-Job Training (Categories 1-9),5,"Over 6 months, up to and including 1 year",25.93,08/2026,Occupational Expert,O*NET
19-2043.00,Hydrologists,3.A.1,Related Work Experience,RW,Related Work Experience (Categories 1-11),5,"Over 6 months, up to and including 1 year",33.33,08/2026,Occupational Expert,O*NET
19-2043.00,Hydrologists,3.A.2,On-Site or In-Plant Training,PT,On-Site Or In-Plant Training (Categories 1-9),4,"Over 3 months, up to and including 6 months",18.18,08/2026,Occupational Expert,O*NET
19-2043.00,Hydrologists,3.A.3,On-the-Job Training,OJ,On-The-Job Training (Categories 1-9),4,"Over 3 months, up to and including 6 months",27.27,08/2026,Occupational Expert,O*NET
19-2099.01,Remote Sensing Scientists and Technologists,3.A.1,Related Work Experience,RW,Related Work Experience (Categories 1-11),7,"Over 2 years, up to and including 4 years",32.0,08/2023,Occupational Expert,O*NET
19-2099.01,Remote Sensing Scientists and Technologists,3.A.2,On-Site or In-Plant Training,PT,On-Site Or In-Plant Training (Categories 1-9),5,"Over 6 months, up to and including 1 year",28.0,08/2023,Occupational Expert,O*NET
19-2099.01,Remote Sensing Scientists and Technologists,3.A.3,On-the-Job Training,OJ,On-The-Job Training (Categories 1-9),5,"Over 6 months, up to and including 1 year",32.0,08/2023,Occupational Expert,O*NET
19-3011.00,Economists,3.A.1,Related Work Experience,RW,Related Work Experience (Categories 1-11),1,,29.17,08/2024,Occupational Expert,O*NET
19-3011.00,Economists,3.A.2,On-Site or In-Plant Training,PT,On-Site Or In-Plant Training (Categories 1-9),1,,50.0,08/2024,Occupational Expert,O*NET
19-3011.00,Economists,3.A.3,On-the-Job Training,OJ,On-The-Job Training (Categories 1-9),2,"Anything beyond short demonstration, up to and including 1 month",33.33,08/2024,Occupational Expert,O*NET
19-3011.01,Environmental Economists,3.A.1,Related Work Experience,RW,Related Work Experience (Categories 1-11),1,,40.74,08/2020,Occupational Expert,O*NET
19-3011.01,Environmental Economists,3.A.2,On-Site or In-Plant Training,PT,On-Site Or In-Plant Training (Categories 1-9),1,,77.78,08/2020,Occupational Expert,O*NET
19-3011.01,Environmental Economists,3.A.3,On-the-Job Training,OJ,On-The-Job Training (Categories 1-9),1,None or short demonstration,55.56,08/2020,Occupational Expert,O*NET
19-3022.00,Survey Researchers,3.A.1,Related Work Experience,RW,Related Work Experience (Categories 1-11),6,"Over 1 year, up to and including 2 years",40.0,08/2025,Occupational Expert,O*NET
19-3022.00,Survey Researchers,3.A.2,On-Site or In-Plant Training,PT,On-Site Or In-Plant Training (Categories 1-9),1,,26.92,08/2025,Occupational Expert,O*NET
19-3022.00,Survey Researchers,3.A.3,On-the-Job Training,OJ,On-The-Job Training (Categories 1-9),5,"Over 6 months, up to and including 1 year",23.08,08/2025,Occupational Expert,O*NET
19-3032.00,Industrial-Organizational Psychologists,3.A.1,Related Work Experience,RW,Related Work Experience (Categories 1-11),7,"Over 2 years, up to and including 4 years",26.92,08/2023,Occupational Expert,O*NET
19-3032.00,Industrial-Organizational Psychologists,3.A.2,On-Site or In-Plant Training,PT,On-Site Or In-Plant Training (Categories 1-9),1,,42.31,08/2023,Occupational Expert,O*NET
19-3032.00,Industrial-Organizational Psychologists,3.A.3,On-the-Job Training,OJ,On-The-Job Training (Categories 1-9),2,"Anything beyond short demonstration, up to and including 1 month",26.92,08/2023,Occupational Expert,O*NET
19-3033.00,Clinical and Counseling Psychologists,3.A.1,Related Work Experience,RW,Related Work Experience (Categories 1-11),7,"Over 2 years, up to and including 4 years",40.0,08/2024,Occupational Expert,O*NET
19-3033.00,Clinical and Counseling Psychologists,3.A.2,On-Site or In-Plant Training,PT,On-Site Or In-Plant Training (Categories 1-9),1,,20.0,08/2024,Occupational Expert,O*NET
19-3033.00,Clinical and Counseling Psychologists,3.A.3,On-the-Job Training,OJ,On-The-Job Training (Categories 1-9),5,"Over 6 months, up to and including 1 year",24.0,08/2024,Occupational Expert,O*NET
19-3034.00,School Psychologists,3.A.1,Related Work Experience,RW,Related Work Experience (Categories 1-11),6,"Over 1 year, up to and including 2 years",42.31,08/2026,Occupational Expert,O*NET
19-3034.00,School Psychologists,3.A.2,On-Site or In-Plant Training,PT,On-Site Or In-Plant Training (Categories 1-9),1,,30.77,08/2026,Occupational Expert,O*NET
19-3034.00,School Psychologists,3.A.3,On-the-Job Training,OJ,On-The-Job Training (Categories 1-9),5,"Over 6 months, up to and including 1 year",50.0,08/2026,Occupational Expert,O*NET
19-3039.02,Neuropsychologists,3.A.1,Related Work Experience,RW,Related Work Experience (Categories 1-11),7,"Over 2 years, up to and including 4 years",36.0,08/2024,Occupational Expert,O*NET
19-3039.02,Neuropsychologists,3.A.2,On-Site or In-Plant Training,PT,On-Site Or In-Plant Training (Categories 1-9),1,,20.0,08/2024,Occupational Expert,O*NET
19-3039.02,Neuropsychologists,3.A.3,On-the-Job Training,OJ,On-The-Job Training (Categories 1-9),1,None or short demonstration,20.0,08/2024,Occupational Expert,O*NET
19-3039.03,Clinical Neuropsychologists,3.A.1,Related Work Experience,RW,Related Work Experience (Categories 1-11),7,"Over 2 years, up to and including 4 years",58.33,08/2024,Occupational Expert,O*NET
19-3039.03,Clinical Neuropsychologists,3.A.2,On-Site or In-Plant Training,PT,On-Site Or In-Plant Training (Categories 1-9),1,,37.5,08/2024,Occupational Expert,O*NET
19-3039.03,Clinical Neuropsychologists,3.A.3,On-the-Job Training,OJ,On-The-Job Training (Categories 1-9),2,"Anything beyond short demonstration, up to and including 1 month",37.5,08/2024,Occupational Expert,O*NET
19-3041.00,Sociologists,3.A.1,Related Work Experience,RW,Related Work Experience (Categories 1-11),1,,42.11,08/2023,Occupational Expert,O*NET
19-3041.00,Sociologists,3.A.2,On-Site or In-Plant Training,PT,On-Site Or In-Plant Training (Categories 1-9),1,,42.11,08/2023,Occupational Expert,O*NET
19-3041.00,Sociologists,3.A.3,On-the-Job Training,OJ,On-The-Job Training (Categories 1-9),8,"Over 4 years, up to and including 10 years",36.84,08/2023,Occupational Expert,O*NET
19-3051.00,Urban and Regional Planners,3.A.1,Related Work Experience,RW,Related Work Experience (Categories 1-11),6,"Over 1 year, up to and including 2 years",40.0,08/2021,Occupational Expert,O*NET
19-3051.00,Urban and Regional Planners,3.A.2,On-Site or In-Plant Training,PT,On-Site Or In-Plant Training (Categories 1-9),1,,52.0,08/2021,Occupational Expert,O*NET
19-3051.00,Urban and Regional Planners,3.A.3,On-the-Job Training,OJ,On-The-Job Training (Categories 1-9),1,None or short demonstration,24.0,08/2021,Occupational Expert,O*NET
19-3091.00,Anthropologists and Archeologists,3.A.1,Related Work Experience,RW,Related Work Experience (Categories 1-11),7,"Over 2 years, up to and including 4 years",35.0,08/2024,Occupational Expert,O*NET
19-3091.00,Anthropologists and Archeologists,3.A.2,On-Site or In-Plant Training,PT,On-Site Or In-Plant Training (Categories 1-9),6,"Over 1 year, up to and including 2 years",30.0,08/2024,Occupational Expert,O*NET
19-3091.00,Anthropologists and Archeologists,3.A.3,On-the-Job Training,OJ,On-The-Job Training (Categories 1-9),1,None or short demonstration,20.0,08/2024,Occupational Expert,O*NET
19-3092.00,Geographers,3.A.1,Related Work Experience,RW,Related Work Experience (Categories 1-11),6,"Over 1 year, up to and including 2 years",35.0,08/2023,Occupational Expert,O*NET
19-3092.00,Geographers,3.A.2,On-Site or In-Plant Training,PT,On-Site Or In-Plant Training (Categories 1-9),2,Up to and including 1 month,30.0,08/2023,Occupational Expert,O*NET
19-3092.00,Geographers,3.A.3,On-the-Job Training,OJ,On-The-Job Training (Categories 1-9),2,"Anything beyond short demonstration, up to and including 1 month",25.0,08/2023,Occupational Expert,O*NET
19-3093.00,Historians,3.A.1,Related Work Experience,RW,Related Work Experience (Categories 1-11),7,"Over 2 years, up to and including 4 years",31.18,08/2025,Incumbent,O*NET
19-3093.00,Historians,3.A.2,On-Site or In-Plant Training,PT,On-Site Or In-Plant Training (Categories 1-9),1,,15.44,08/2025,Incumbent,O*NET
19-3093.00,Historians,3.A.3,On-the-Job Training,OJ,On-The-Job Training (Categories 1-9),2,"Anything beyond short demonstration, up to and including 1 month",49.64,08/2025,Incumbent,O*NET
19-3094.00,Political Scientists,3.A.1,Related Work Experience,RW,Related Work Experience (Categories 1-11),5,"Over 6 months, up to and including 1 year",28.0,08/2022,Occupational Expert,O*NET
19-3094.00,Political Scientists,3.A.2,On-Site or In-Plant Training,PT,On-Site Or In-Plant Training (Categories 1-9),1,,42.31,08/2022,Occupational Expert,O*NET
19-3094.00,Political Scientists,3.A.3,On-the-Job Training,OJ,On-The-Job Training (Categories 1-9),1,None or short demonstration,60.0,08/2022,Occupational Expert,O*NET
19-3099.01,Transportation Planners,3.A.1,Related Work Experience,RW,Related Work Experience (Categories 1-11),7,"Over 2 years, up to and including 4 years",35.0,08/2023,Occupational Expert,O*NET
19-3099.01,Transportation Planners,3.A.2,On-Site or In-Plant Training,PT,On-Site Or In-Plant Training (Categories 1-9),1,,45.0,08/2023,Occupational Expert,O*NET
19-3099.01,Transportation Planners,3.A.3,On-the-Job Training,OJ,On-The-Job Training (Categories 1-9),4,"Over 3 months, up to and including 6 months",25.0,08/2023,Occupational Expert,O*NET
19-4012.00,Agricultural Technicians,3.A.1,Related Work Experience,RW,Related Work Experience (Categories 1-11),7,"Over 2 years, up to and including 4 years",35.84,08/2024,Incumbent,O*NET
19-4012.00,Agricultural Technicians,3.A.2,On-Site or In-Plant Training,PT,On-Site Or In-Plant Training (Categories 1-9),3,"Over 1 month, up to and including 3 months",27.5,08/2024,Incumbent,O*NET
19-4012.00,Agricultural Technicians,3.A.3,On-the-Job Training,OJ,On-The-Job Training (Categories 1-9),5,"Over 6 months, up to and including 1 year",33.58,08/2024,Incumbent,O*NET
19-4012.01,Precision Agriculture Technicians,3.A.1,Related Work Experience,RW,Related Work Experience (Categories 1-11),7,"Over 2 years, up to and including 4 years",34.78,08/2023,Occupational Expert,O*NET
19-4012.01,Precision Agriculture Technicians,3.A.2,On-Site or In-Plant Training,PT,On-Site Or In-Plant Training (Categories 1-9),5,"Over 6 months, up to and including 1 year",30.43,08/2023,Occupational Expert,O*NET
19-4012.01,Precision Agriculture Technicians,3.A.3,On-the-Job Training,OJ,On-The-Job Training (Categories 1-9),5,"Over 6 months, up to and including 1 year",34.78,08/2023,Occupational Expert,O*NET
19-4013.00,Food Science Technicians,3.A.1,Related Work Experience,RW,Related Work Experience (Categories 1-11),5,"Over 6 months, up to and including 1 year",36.91,08/2023,Incumbent,O*NET
19-4013.00,Food Science Technicians,3.A.2,On-Site or In-Plant Training,PT,On-Site Or In-Plant Training (Categories 1-9),2,Up to and including 1 month,36.89,08/2023,Incumbent,O*NET
19-4013.00,Food Science Technicians,3.A.3,On-the-Job Training,OJ,On-The-Job Training (Categories 1-9),3,"Over 1 month, up to and including 3 months",44.12,08/2023,Incumbent,O*NET
19-4021.00,Biological Technicians,3.A.1,Related Work Experience,RW,Related Work Experience (Categories 1-11),6,"Over 1 year, up to and including 2 years",34.42,08/2026,Incumbent,O*NET
19-4021.00,Biological Technicians,3.A.2,On-Site or In-Plant Training,PT,On-Site Or In-Plant Training (Categories 1-9),2,Up to and including 1 month,44.09,08/2026,Incumbent,O*NET
19-4021.00,Biological Technicians,3.A.3,On-the-Job Training,OJ,On-The-Job Training (Categories 1-9),2,"Anything beyond short demonstration, up to and including 1 month",29.93,08/2026,Incumbent,O*NET
19-4031.00,Chemical Technicians,3.A.1,Related Work Experience,RW,Related Work Experience (Categories 1-11),6,"Over 1 year, up to and including 2 years",33.85,08/2021,Incumbent,O*NET
19-4031.00,Chemical Technicians,3.A.2,On-Site or In-Plant Training,PT,On-Site Or In-Plant Training (Categories 1-9),3,"Over 1 month, up to and including 3 months",15.52,08/2021,Incumbent,O*NET
19-4031.00,Chemical Technicians,3.A.3,On-the-Job Training,OJ,On-The-Job Training (Categories 1-9),4,"Over 3 months, up to and including 6 months",25.56,08/2021,Incumbent,O*NET
19-4042.00,"Environmental Science and Protection Technicians, Including Health",3.A.1,Related Work Experience,RW,Related Work Experience (Categories 1-11),1,,31.82,08/2023,Occupational Expert,O*NET
19-4042.00,"Environmental Science and Protection Technicians, Including Health",3.A.2,On-Site or In-Plant Training,PT,On-Site Or In-Plant Training (Categories 1-9),1,,31.82,08/2023,Occupational Expert,O*NET
19-4042.00,"Environmental Science and Protection Technicians, Including Health",3.A.3,On-the-Job Training,OJ,On-The-Job Training (Categories 1-9),5,"Over 6 months, up to and including 1 year",36.36,08/2023,Occupational Expert,O*NET
19-4051.02,Nuclear Monitoring Technicians,3.A.1,Related Work Experience,RW,Related Work Experience (Categories 1-11),6,"Over 1 year, up to and including 2 years",32.82,07/2014,Incumbent,O*NET
19-4051.02,Nuclear Monitoring Technicians,3.A.2,On-Site or In-Plant Training,PT,On-Site Or In-Plant Training (Categories 1-9),6,"Over 1 year, up to and including 2 years",42.43,07/2014,Incumbent,O*NET
19-4051.02,Nuclear Monitoring Technicians,3.A.3,On-the-Job Training,OJ,On-The-Job Training (Categories 1-9),6,"Over 1 year, up to and including 2 years",36.48,07/2014,Incumbent,O*NET
19-4061.00,Social Science Research Assistants,3.A.1,Related Work Experience,RW,Related Work Experience (Categories 1-11),5,"Over 6 months, up to and including 1 year",22.95,08/2019,Incumbent,O*NET
19-4061.00,Social Science Research Assistants,3.A.2,On-Site or In-Plant Training,PT,On-Site Or In-Plant Training (Categories 1-9),2,Up to and including 1 month,40.35,08/2019,Incumbent,O*NET
19-4061.00,Social Science Research Assistants,3.A.3,On-the-Job Training,OJ,On-The-Job Training (Categories 1-9),2,"Anything beyond short demonstration, up to and including 1 month",40.28,08/2019,Incumbent,O*NET
19-4071.00,Forest and Conservation Technicians,3.A.1,Related Work Experience,RW,Related Work Experience (Categories 1-11),5,"Over 6 months, up to and including 1 year",25.19,08/2018,Incumbent,O*NET
19-4071.00,Forest and Conservation Technicians,3.A.2,On-Site or In-Plant Training,PT,On-Site Or In-Plant Training (Categories 1-9),5,"Over 6 months, up to and including 1 year",25.32,08/2018,Incumbent,O*NET
19-4071.00,Forest and Conservation Technicians,3.A.3,On-the-Job Training,OJ,On-The-Job Training (Categories 1-9),5,"Over 6 months, up to and including 1 year",26.03,08/2018,Incumbent,O*NET
19-4092.00,Forensic Science Technicians,3.A.1,Related Work Experience,RW,Related Work Experience (Categories 1-11),6,"Over 1 year, up to and including 2 years",38.21,08/2023,Incumbent,O*NET
19-4092.00,Forensic Science Technicians,3.A.2,On-Site or In-Plant Training,PT,On-Site Or In-Plant Training (Categories 1-9),5,"Over 6 months, up to and including 1 year",21.31,08/2023,Incumbent,O*NET
19-4092.00,Forensic Science Technicians,3.A.3,On-the-Job Training,OJ,On-The-Job Training (Categories 1-9),6,"Over 1 year, up to and including 2 years",16.22,08/2023,Incumbent,O*NET
19-4099.01,Quality Control Analysts,3.A.1,Related Work Experience,RW,Related Work Experience (Categories 1-11),1,,33.7,08/2020,Incumbent,O*NET
19-4099.01,Quality Control Analysts,3.A.2,On-Site or In-Plant Training,PT,On-Site Or In-Plant Training (Categories 1-9),2,Up to and including 1 month,29.72,08/2020,Incumbent,O*NET
19-4099.01,Quality Control Analysts,3.A.3,On-the-Job Training,OJ,On-The-Job Training (Categories 1-9),3,"Over 1 month, up to and including 3 months",33.92,08/2020,Incumbent,O*NET
19-4099.03,Remote Sensing Technicians,3.A.1,Related Work Experience,RW,Related Work Experience (Categories 1-11),8,"Over 4 years, up to and including 6 years",23.5,07/2012,Incumbent,O*NET
19-4099.03,Remote Sensing Technicians,3.A.2,On-Site or In-Plant Training,PT,On-Site Or In-Plant Training (Categories 1-9),5,"Over 6 months, up to and including 1 year",33.33,07/2012,Incumbent,O*NET
19-4099.03,Remote Sensing Technicians,3.A.3,On-the-Job Training,OJ,On-The-Job Training (Categories 1-9),4,"Over 3 months, up to and including 6 months",37.95,07/2012,Incumbent,O*NET
19-5011.00,Occupational Health and Safety Specialists,3.A.1,Related Work Experience,RW,Related Work Experience (Categories 1-11),6,"Over 1 year, up to and including 2 years",30.43,08/2024,Occupational Expert,O*NET
19-5011.00,Occupational Health and Safety Specialists,3.A.2,On-Site or In-Plant Training,PT,On-Site Or In-Plant Training (Categories 1-9),4,"Over 3 months, up to and including 6 months",21.74,08/2024,Occupational Expert,O*NET
19-5011.00,Occupational Health and Safety Specialists,3.A.3,On-the-Job Training,OJ,On-The-Job Training (Categories 1-9),7,"Over 2 years, up to and including 4 years",21.74,08/2024,Occupational Expert,O*NET
19-5012.00,Occupational Health and Safety Technicians,3.A.1,Related Work Experience,RW,Related Work Experience (Categories 1-11),6,"Over 1 year, up to and including 2 years",38.1,08/2024,Occupational Expert,O*NET
19-5012.00,Occupational Health and Safety Technicians,3.A.2,On-Site or In-Plant Training,PT,On-Site Or In-Plant Training (Categories 1-9),4,"Over 3 months, up to and including 6 months",23.81,08/2024,Occupational Expert,O*NET
19-5012.00,Occupational Health and Safety Technicians,3.A.3,On-the-Job Training,OJ,On-The-Job Training (Categories 1-9),5,"Over 6 months, up to and including 1 year",55.0,08/2024,Occupational Expert,O*NET
21-1011.00,Substance Abuse and Behavioral Disorder Counselors,3.A.1,Related Work Experience,RW,Related Work Experience (Categories 1-11),5,"Over 6 months, up to and including 1 year",33.33,08/2026,Occupational Expert,O*NET
21-1011.00,Substance Abuse and Behavioral Disorder Counselors,3.A.2,On-Site or In-Plant Training,PT,On-Site Or In-Plant Training (Categories 1-9),2,Up to and including 1 month,33.33,08/2026,Occupational Expert,O*NET
21-1011.00,Substance Abuse and Behavioral Disorder Counselors,3.A.3,On-the-Job Training,OJ,On-The-Job Training (Categories 1-9),3,"Over 1 month, up to and including 3 months",29.17,08/2026,Occupational Expert,O*NET
21-1012.00,"Educational, Guidance, and Career Counselors and Advisors",3.A.1,Related Work Experience,RW,Related Work Experience (Categories 1-11),6,"Over 1 year, up to and including 2 years",38.41,08/2024,Incumbent,O*NET
21-1012.00,"Educational, Guidance, and Career Counselors and Advisors",3.A.2,On-Site or In-Plant Training,PT,On-Site Or In-Plant Training (Categories 1-9),3,"Over 1 month, up to and including 3 months",20.78,08/2024,Incumbent,O*NET
21-1012.00,"Educational, Guidance, and Career Counselors and Advisors",3.A.3,On-the-Job Training,OJ,On-The-Job Training (Categories 1-9),4,"Over 3 months, up to and including 6 months",40.9,08/2024,Incumbent,O*NET
21-1013.00,Marriage and Family Therapists,3.A.1,Related Work Experience,RW,Related Work Experience (Categories 1-11),7,"Over 2 years, up to and including 4 years",43.33,08/2026,Occupational Expert,O*NET
21-1013.00,Marriage and Family Therapists,3.A.2,On-Site or In-Plant Training,PT,On-Site Or In-Plant Training (Categories 1-9),7,"Over 2 years, up to and including 4 years",33.33,08/2026,Occupational Expert,O*NET
21-1013.00,Marriage and Family Therapists,3.A.3,On-the-Job Training,OJ,On-The-Job Training (Categories 1-9),7,"Over 2 years, up to and including 4 years",33.33,08/2026,Occupational Expert,O*NET
21-1014.00,Mental Health Counselors,3.A.1,Related Work Experience,RW,Related Work Experience (Categories 1-11),7,"Over 2 years, up to and including 4 years",35.71,08/2025,Occupational Expert,O*NET
21-1014.00,Mental Health Counselors,3.A.2,On-Site or In-Plant Training,PT,On-Site Or In-Plant Training (Categories 1-9),2,Up to and including 1 month,28.57,08/2025,Occupational Expert,O*NET
21-1014.00,Mental Health Counselors,3.A.3,On-the-Job Training,OJ,On-The-Job Training (Categories 1-9),3,"Over 1 month, up to and including 3 months",25.0,08/2025,Occupational Expert,O*NET
21-1015.00,Rehabilitation Counselors,3.A.1,Related Work Experience,RW,Related Work Experience (Categories 1-11),6,"Over 1 year, up to and including 2 years",29.41,08/2026,Occupational Expert,O*NET
21-1015.00,Rehabilitation Counselors,3.A.2,On-Site or In-Plant Training,PT,On-Site Or In-Plant Training (Categories 1-9),6,"Over 1 year, up to and including 2 years",23.53,08/2026,Occupational Expert,O*NET
21-1015.00,Rehabilitation Counselors,3.A.3,On-the-Job Training,OJ,On-The-Job Training (Categories 1-9),6,"Over 1 year, up to and including 2 years",35.29,08/2026,Occupational Expert,O*NET
21-1021.00,"Child, Family, and School Social Workers",3.A.1,Related Work Experience,RW,Related Work Experience (Categories 1-11),7,"Over 2 years, up to and including 4 years",32.37,08/2018,Incumbent,O*NET
21-1021.00,"Child, Family, and School Social Workers",3.A.2,On-Site or In-Plant Training,PT,On-Site Or In-Plant Training (Categories 1-9),2,Up to and including 1 month,24.99,08/2018,Incumbent,O*NET
21-1021.00,"Child, Family, and School Social Workers",3.A.3,On-the-Job Training,OJ,On-The-Job Training (Categories 1-9),4,"Over 3 months, up to and including 6 months",22.98,08/2018,Incumbent,O*NET
21-1022.00,Healthcare Social Workers,3.A.1,Related Work Experience,RW,Related Work Experience (Categories 1-11),6,"Over 1 year, up to and including 2 years",53.85,08/2021,Occupational Expert,O*NET
21-1022.00,Healthcare Social Workers,3.A.2,On-Site or In-Plant Training,PT,On-Site Or In-Plant Training (Categories 1-9),2,Up to and including 1 month,34.62,08/2021,Occupational Expert,O*NET
21-1022.00,Healthcare Social Workers,3.A.3,On-the-Job Training,OJ,On-The-Job Training (Categories 1-9),3,"Over 1 month, up to and including 3 months",30.77,08/2021,Occupational Expert,O*NET
21-1023.00,Mental Health and Substance Abuse Social Workers,3.A.1,Related Work Experience,RW,Related Work Experience (Categories 1-11),7,"Over 2 years, up to and including 4 years",23.09,08/2021,Incumbent,O*NET
21-1023.00,Mental Health and Substance Abuse Social Workers,3.A.2,On-Site or In-Plant Training,PT,On-Site Or In-Plant Training (Categories 1-9),2,Up to and including 1 month,48.36,08/2021,Incumbent,O*NET
21-1023.00,Mental Health and Substance Abuse Social Workers,3.A.3,On-the-Job Training,OJ,On-The-Job Training (Categories 1-9),5,"Over 6 months, up to and including 1 year",36.96,08/2021,Incumbent,O*NET
21-1091.00,Health Education Specialists,3.A.1,Related Work Experience,RW,Related Work Experience (Categories 1-11),7,"Over 2 years, up to and including 4 years",41.57,08/2019,Incumbent,O*NET
21-1091.00,Health Education Specialists,3.A.2,On-Site or In-Plant Training,PT,On-Site Or In-Plant Training (Categories 1-9),2,Up to and including 1 month,64.31,08/2019,Incumbent,O*NET
21-1091.00,Health Education Specialists,3.A.3,On-the-Job Training,OJ,On-The-Job Training (Categories 1-9),3,"Over 1 month, up to and including 3 months",56.62,08/2019,Incumbent,O*NET
21-1092.00,Probation Officers and Correctional Treatment Specialists,3.A.1,Related Work Experience,RW,Related Work Experience (Categories 1-11),7,"Over 2 years, up to and including 4 years",28.92,08/2020,Incumbent,O*NET
21-1092.00,Probation Officers and Correctional Treatment Specialists,3.A.2,On-Site or In-Plant Training,PT,On-Site Or In-Plant Training (Categories 1-9),5,"Over 6 months, up to and including 1 year",26.94,08/2020,Incumbent,O*NET
21-1092.00,Probation Officers and Correctional Treatment Specialists,3.A.3,On-the-Job Training,OJ,On-The-Job Training (Categories 1-9),5,"Over 6 months, up to and including 1 year",36.38,08/2020,Incumbent,O*NET
21-1093.00,Social and Human Service Assistants,3.A.1,Related Work Experience,RW,Related Work Experience (Categories 1-11),5,"Over 6 months, up to and including 1 year",33.77,08/2020,Incumbent,O*NET
21-1093.00,Social and Human Service Assistants,3.A.2,On-Site or In-Plant Training,PT,On-Site Or In-Plant Training (Categories 1-9),3,"Over 1 month, up to and including 3 months",37.69,08/2020,Incumbent,O*NET
21-1093.00,Social and Human Service Assistants,3.A.3,On-the-Job Training,OJ,On-The-Job Training (Categories 1-9),3,"Over 1 month, up to and including 3 months",42.14,08/2020,Incumbent,O*NET
21-1094.00,Community Health Workers,3.A.1,Related Work Experience,RW,Related Work Experience (Categories 1-11),6,"Over 1 year, up to and including 2 years",30.67,08/2026,Incumbent,O*NET
21-1094.00,Community Health Workers,3.A.2,On-Site or In-Plant Training,PT,On-Site Or In-Plant Training (Categories 1-9),2,Up to and including 1 month,36.16,08/2026,Incumbent,O*NET
21-1094.00,Community Health Workers,3.A.3,On-the-Job Training,OJ,On-The-Job Training (Categories 1-9),5,"Over 6 months, up to and including 1 year",31.78,08/2026,Incumbent,O*NET
21-2011.00,Clergy,3.A.1,Related Work Experience,RW,Related Work Experience (Categories 1-11),5,"Over 6 months, up to and including 1 year",47.43,08/2023,Incumbent,O*NET
21-2011.00,Clergy,3.A.2,On-Site or In-Plant Training,PT,On-Site Or In-Plant Training (Categories 1-9),6,"Over 1 year, up to and including 2 years",26.01,08/2023,Incumbent,O*NET
21-2011.00,Clergy,3.A.3,On-the-Job Training,OJ,On-The-Job Training (Categories 1-9),3,"Over 1 month, up to and including 3 months",30.8,08/2023,Incumbent,O*NET
21-2021.00,"Directors, Religious Activities and Education",3.A.1,Related Work Experience,RW,Related Work Experience (Categories 1-11),6,"Over 1 year, up to and including 2 years",37.87,08/2023,Incumbent,O*NET
21-2021.00,"Directors, Religious Activities and Education",3.A.2,On-Site or In-Plant Training,PT,On-Site Or In-Plant Training (Categories 1-9),4,"Over 3 months, up to and including 6 months",30.05,08/2023,Incumbent,O*NET
21-2021.00,"Directors, Religious Activities and Education",3.A.3,On-the-Job Training,OJ,On-The-Job Training (Categories 1-9),5,"Over 6 months, up to and including 1 year",51.88,08/2023,Incumbent,O*NET
23-1011.00,Lawyers,3.A.1,Related Work Experience,RW,Related Work Experience (Categories 1-11),7,"Over 2 years, up to and including 4 years",32.7,08/2024,Incumbent,O*NET
23-1011.00,Lawyers,3.A.2,On-Site or In-Plant Training,PT,On-Site Or In-Plant Training (Categories 1-9),5,"Over 6 months, up to and including 1 year",21.57,08/2024,Incumbent,O*NET
23-1011.00,Lawyers,3.A.3,On-the-Job Training,OJ,On-The-Job Training (Categories 1-9),5,"Over 6 months, up to and including 1 year",23.22,08/2024,Incumbent,O*NET
23-1012.00,Judicial Law Clerks,3.A.1,Related Work Experience,RW,Related Work Experience (Categories 1-11),1,,32.94,08/2021,Incumbent,O*NET
23-1012.00,Judicial Law Clerks,3.A.2,On-Site or In-Plant Training,PT,On-Site Or In-Plant Training (Categories 1-9),1,,72.38,08/2021,Incumbent,O*NET
23-1012.00,Judicial Law Clerks,3.A.3,On-the-Job Training,OJ,On-The-Job Training (Categories 1-9),2,"Anything beyond short demonstration, up to and including 1 month",62.07,08/2021,Incumbent,O*NET
23-1021.00,"Administrative Law Judges, Adjudicators, and Hearing Officers",3.A.1,Related Work Experience,RW,Related Work Experience (Categories 1-11),8,"Over 4 years, up to and including 6 years",42.86,08/2026,Occupational Expert,O*NET
23-1021.00,"Administrative Law Judges, Adjudicators, and Hearing Officers",3.A.2,On-Site or In-Plant Training,PT,On-Site Or In-Plant Training (Categories 1-9),2,Up to and including 1 month,25.71,08/2026,Occupational Expert,O*NET
23-1021.00,"Administrative Law Judges, Adjudicators, and Hearing Officers",3.A.3,On-the-Job Training,OJ,On-The-Job Training (Categories 1-9),5,"Over 6 months, up to and including 1 year",22.86,08/2026,Occupational Expert,O*NET
23-1022.00,"Arbitrators, Mediators, and Conciliators",3.A.1,Related Work Experience,RW,Related Work Experience (Categories 1-11),11,Over 10 years,47.37,08/2024,Occupational Expert,O*NET
23-1022.00,"Arbitrators, Mediators, and Conciliators",3.A.2,On-Site or In-Plant Training,PT,On-Site Or In-Plant Training (Categories 1-9),1,,26.32,08/2024,Occupational Expert,O*NET
23-1022.00,"Arbitrators, Mediators, and Conciliators",3.A.3,On-the-Job Training,OJ,On-The-Job Training (Categories 1-9),6,"Over 1 year, up to and including 2 years",31.58,08/2024,Occupational Expert,O*NET
23-1023.00,"Judges, Magistrate Judges, and Magistrates",3.A.1,Related Work Experience,RW,Related Work Experience (Categories 1-11),10,"Over 8 years, up to and including 10 years",31.17,08/2020,Incumbent,O*NET
23-1023.00,"Judges, Magistrate Judges, and Magistrates",3.A.2,On-Site or In-Plant Training,PT,On-Site Or In-Plant Training (Categories 1-9),1,,45.72,08/2020,Incumbent,O*NET
23-1023.00,"Judges, Magistrate Judges, and Magistrates",3.A.3,On-the-Job Training,OJ,On-The-Job Training (Categories 1-9),1,None or short demonstration,36.14,08/2020,Incumbent,O*NET
23-2011.00,Paralegals and Legal Assistants,3.A.1,Related Work Experience,RW,Related Work Experience (Categories 1-11),7,"Over 2 years, up to and including 4 years",26.68,08/2024,Incumbent,O*NET
23-2011.00,Paralegals and Legal Assistants,3.A.2,On-Site or In-Plant Training,PT,On-Site Or In-Plant Training (Categories 1-9),2,Up to and including 1 month,31.99,08/2024,Incumbent,O*NET
23-2011.00,Paralegals and Legal Assistants,3.A.3,On-the-Job Training,OJ,On-The-Job Training (Categories 1-9),4,"Over 3 months, up to and including 6 months",35.66,08/2024,Incumbent,O*NET
23-2093.00,"Title Examiners, Abstractors, and Searchers",3.A.1,Related Work Experience,RW,Related Work Experience (Categories 1-11),1,,26.98,08/2026,Incumbent,O*NET
23-2093.00,"Title Examiners, Abstractors, and Searchers",3.A.2,On-Site or In-Plant Training,PT,On-Site Or In-Plant Training (Categories 1-9),4,"Over 3 months, up to and including 6 months",24.4,08/2026,Incumbent,O*NET
23-2093.00,"Title Examiners, Abstractors, and Searchers",3.A.3,On-the-Job Training,OJ,On-The-Job Training (Categories 1-9),5,"Over 6 months, up to and including 1 year",42.22,08/2026,Incumbent,O*NET
25-1011.00,"Business Teachers, Postsecondary",3.A.1,Related Work Experience,RW,Related Work Experience (Categories 1-11),1,,32.45,08/2019,Incumbent,O*NET
25-1011.00,"Business Teachers, Postsecondary",3.A.2,On-Site or In-Plant Training,PT,On-Site Or In-Plant Training (Categories 1-9),1,,44.79,08/2019,Incumbent,O*NET
25-1011.00,"Business Teachers, Postsecondary",3.A.3,On-the-Job Training,OJ,On-The-Job Training (Categories 1-9),1,None or short demonstration,46.72,08/2019,Incumbent,O*NET
25-1021.00,"Computer Science Teachers, Postsecondary",3.A.1,Related Work Experience,RW,Related Work Experience (Categories 1-11),7,"Over 2 years, up to and including 4 years",32.46,08/2019,Incumbent,O*NET
25-1021.00,"Computer Science Teachers, Postsecondary",3.A.2,On-Site or In-Plant Training,PT,On-Site Or In-Plant Training (Categories 1-9),1,,33.3,08/2019,Incumbent,O*NET
25-1021.00,"Computer Science Teachers, Postsecondary",3.A.3,On-the-Job Training,OJ,On-The-Job Training (Categories 1-9),2,"Anything beyond short demonstration, up to and including 1 month",29.43,08/2019,Incumbent,O*NET
25-1022.00,"Mathematical Science Teachers, Postsecondary",3.A.1,Related Work Experience,RW,Related Work Experience (Categories 1-11),7,"Over 2 years, up to and including 4 years",31.84,08/2019,Incumbent,O*NET
25-1022.00,"Mathematical Science Teachers, Postsecondary",3.A.2,On-Site or In-Plant Training,PT,On-Site Or In-Plant Training (Categories 1-9),1,,44.71,08/2019,Incumbent,O*NET
25-1022.00,"Mathematical Science Teachers, Postsecondary",3.A.3,On-the-Job Training,OJ,On-The-Job Training (Categories 1-9),1,None or short demonstration,48.72,08/2019,Incumbent,O*NET
25-1031.00,"Architecture Teachers, Postsecondary",3.A.1,Related Work Experience,RW,Related Work Experience (Categories 1-11),7,"Over 2 years, up to and including 4 years",38.3,08/2019,Incumbent,O*NET
25-1031.00,"Architecture Teachers, Postsecondary",3.A.2,On-Site or In-Plant Training,PT,On-Site Or In-Plant Training (Categories 1-9),7,"Over 2 years, up to and including 4 years",32.94,08/2019,Incumbent,O*NET
25-1031.00,"Architecture Teachers, Postsecondary",3.A.3,On-the-Job Training,OJ,On-The-Job Training (Categories 1-9),1,None or short demonstration,22.56,08/2019,Incumbent,O*NET
25-1032.00,"Engineering Teachers, Postsecondary",3.A.1,Related Work Experience,RW,Related Work Experience (Categories 1-11),8,"Over 4 years, up to and including 6 years",5.9,08/2019,Incumbent,O*NET
25-1032.00,"Engineering Teachers, Postsecondary",3.A.2,On-Site or In-Plant Training,PT,On-Site Or In-Plant Training (Categories 1-9),1,,2.26,08/2019,Incumbent,O*NET
25-1032.00,"Engineering Teachers, Postsecondary",3.A.3,On-the-Job Training,OJ,On-The-Job Training (Categories 1-9),5,"Over 6 months, up to and including 1 year",22.11,08/2019,Incumbent,O*NET
25-1041.00,"Agricultural Sciences Teachers, Postsecondary",3.A.1,Related Work Experience,RW,Related Work Experience (Categories 1-11),7,"Over 2 years, up to and including 4 years",67.48,08/2019,Incumbent,O*NET
25-1041.00,"Agricultural Sciences Teachers, Postsecondary",3.A.2,On-Site or In-Plant Training,PT,On-Site Or In-Plant Training (Categories 1-9),2,Up to and including 1 month,36.26,08/2019,Incumbent,O*NET
25-1041.00,"Agricultural Sciences Teachers, Postsecondary",3.A.3,On-the-Job Training,OJ,On-The-Job Training (Categories 1-9),5,"Over 6 months, up to and including 1 year",24.83,08/2019,Incumbent,O*NET
25-1042.00,"Biological Science Teachers, Postsecondary",3.A.1,Related Work Experience,RW,Related Work Experience (Categories 1-11),7,"Over 2 years, up to and including 4 years",28.36,08/2019,Incumbent,O*NET
25-1042.00,"Biological Science Teachers, Postsecondary",3.A.2,On-Site or In-Plant Training,PT,On-Site Or In-Plant Training (Categories 1-9),1,,74.47,08/2019,Incumbent,O*NET
25-1042.00,"Biological Science Teachers, Postsecondary",3.A.3,On-the-Job Training,OJ,On-The-Job Training (Categories 1-9),1,None or short demonstration,80.06,08/2019,Incumbent,O*NET
25-1043.00,"Forestry and Conservation Science Teachers, Postsecondary",3.A.1,Related Work Experience,RW,Related Work Experience (Categories 1-11),7,"Over 2 years, up to and including 4 years",32.4,08/2020,Incumbent,O*NET
25-1043.00,"Forestry and Conservation Science Teachers, Postsecondary",3.A.2,On-Site or In-Plant Training,PT,On-Site Or In-Plant Training (Categories 1-9),1,,52.54,08/2020,Incumbent,O*NET
25-1043.00,"Forestry and Conservation Science Teachers, Postsecondary",3.A.3,On-the-Job Training,OJ,On-The-Job Training (Categories 1-9),1,None or short demonstration,36.11,08/2020,Incumbent,O*NET
25-1051.00,"Atmospheric, Earth, Marine, and Space Sciences Teachers, Postsecondary",3.A.1,Related Work Experience,RW,Related Work Experience (Categories 1-11),6,"Over 1 year, up to and including 2 years",35.6,08/2019,Incumbent,O*NET
25-1051.00,"Atmospheric, Earth, Marine, and Space Sciences Teachers, Postsecondary",3.A.2,On-Site or In-Plant Training,PT,On-Site Or In-Plant Training (Categories 1-9),1,,31.66,08/2019,Incumbent,O*NET
25-1051.00,"Atmospheric, Earth, Marine, and Space Sciences Teachers, Postsecondary",3.A.3,On-the-Job Training,OJ,On-The-Job Training (Categories 1-9),1,None or short demonstration,37.61,08/2019,Incumbent,O*NET
25-1052.00,"Chemistry Teachers, Postsecondary",3.A.1,Related Work Experience,RW,Related Work Experience (Categories 1-11),8,"Over 4 years, up to and including 6 years",22.81,08/2019,Incumbent,O*NET
25-1052.00,"Chemistry Teachers, Postsecondary",3.A.2,On-Site or In-Plant Training,PT,On-Site Or In-Plant Training (Categories 1-9),1,,37.46,08/2019,Incumbent,O*NET
25-1052.00,"Chemistry Teachers, Postsecondary",3.A.3,On-the-Job Training,OJ,On-The-Job Training (Categories 1-9),1,None or short demonstration,42.17,08/2019,Incumbent,O*NET
25-1053.00,"Environmental Science Teachers, Postsecondary",3.A.1,Related Work Experience,RW,Related Work Experience (Categories 1-11),7,"Over 2 years, up to and including 4 years",26.63,08/2019,Incumbent,O*NET
25-1053.00,"Environmental Science Teachers, Postsecondary",3.A.2,On-Site or In-Plant Training,PT,On-Site Or In-Plant Training (Categories 1-9),2,Up to and including 1 month,29.28,08/2019,Incumbent,O*NET
25-1053.00,"Environmental Science Teachers, Postsecondary",3.A.3,On-the-Job Training,OJ,On-The-Job Training (Categories 1-9),2,"Anything beyond short demonstration, up to and including 1 month",20.97,08/2019,Incumbent,O*NET
25-1054.00,"Physics Teachers, Postsecondary",3.A.1,Related Work Experience,RW,Related Work Experience (Categories 1-11),6,"Over 1 year, up to and including 2 years",52.01,08/2019,Incumbent,O*NET
25-1054.00,"Physics Teachers, Postsecondary",3.A.2,On-Site or In-Plant Training,PT,On-Site Or In-Plant Training (Categories 1-9),1,,48.79,08/2019,Incumbent,O*NET
25-1054.00,"Physics Teachers, Postsecondary",3.A.3,On-the-Job Training,OJ,On-The-Job Training (Categories 1-9),1,None or short demonstration,44.59,08/2019,Incumbent,O*NET
25-1061.00,"Anthropology and Archeology Teachers, Postsecondary",3.A.1,Related Work Experience,RW,Related Work Experience (Categories 1-11),6,"Over 1 year, up to and including 2 years",27.27,08/2025,Occupational Expert,O*NET
25-1061.00,"Anthropology and Archeology Teachers, Postsecondary",3.A.2,On-Site or In-Plant Training,PT,On-Site Or In-Plant Training (Categories 1-9),1,,31.82,08/2025,Occupational Expert,O*NET
25-1061.00,"Anthropology and Archeology Teachers, Postsecondary",3.A.3,On-the-Job Training,OJ,On-The-Job Training (Categories 1-9),1,None or short demonstration,22.73,08/2025,Occupational Expert,O*NET
25-1062.00,"Area, Ethnic, and Cultural Studies Teachers, Postsecondary",3.A.1,Related Work Experience,RW,Related Work Experience (Categories 1-11),6,"Over 1 year, up to and including 2 years",42.49,08/2019,Incumbent,O*NET
25-1062.00,"Area, Ethnic, and Cultural Studies Teachers, Postsecondary",3.A.2,On-Site or In-Plant Training,PT,On-Site Or In-Plant Training (Categories 1-9),1,,36.53,08/2019,Incumbent,O*NET
25-1062.00,"Area, Ethnic, and Cultural Studies Teachers, Postsecondary",3.A.3,On-the-Job Training,OJ,On-The-Job Training (Categories 1-9),1,None or short demonstration,23.29,08/2019,Incumbent,O*NET
25-1063.00,"Economics Teachers, Postsecondary",3.A.1,Related Work Experience,RW,Related Work Experience (Categories 1-11),1,,37.19,08/2019,Incumbent,O*NET
25-1063.00,"Economics Teachers, Postsecondary",3.A.2,On-Site or In-Plant Training,PT,On-Site Or In-Plant Training (Categories 1-9),1,,78.13,08/2019,Incumbent,O*NET
25-1063.00,"Economics Teachers, Postsecondary",3.A.3,On-the-Job Training,OJ,On-The-Job Training (Categories 1-9),1,None or short demonstration,59.93,08/2019,Incumbent,O*NET
25-1064.00,"Geography Teachers, Postsecondary",3.A.1,Related Work Experience,RW,Related Work Experience (Categories 1-11),8,"Over 4 years, up to and including 6 years",33.79,08/2019,Incumbent,O*NET
25-1064.00,"Geography Teachers, Postsecondary",3.A.2,On-Site or In-Plant Training,PT,On-Site Or In-Plant Training (Categories 1-9),1,,59.3,08/2019,Incumbent,O*NET
25-1064.00,"Geography Teachers, Postsecondary",3.A.3,On-the-Job Training,OJ,On-The-Job Training (Categories 1-9),1,None or short demonstration,51.15,08/2019,Incumbent,O*NET
25-1065.00,"Political Science Teachers, Postsecondary",3.A.1,Related Work Experience,RW,Related Work Experience (Categories 1-11),6,"Over 1 year, up to and including 2 years",33.46,08/2019,Incumbent,O*NET
25-1065.00,"Political Science Teachers, Postsecondary",3.A.2,On-Site or In-Plant Training,PT,On-Site Or In-Plant Training (Categories 1-9),1,,59.75,08/2019,Incumbent,O*NET
25-1065.00,"Political Science Teachers, Postsecondary",3.A.3,On-the-Job Training,OJ,On-The-Job Training (Categories 1-9),2,"Anything beyond short demonstration, up to and including 1 month",23.81,08/2019,Incumbent,O*NET
25-1066.00,"Psychology Teachers, Postsecondary",3.A.1,Related Work Experience,RW,Related Work Experience (Categories 1-11),6,"Over 1 year, up to and including 2 years",37.68,08/2019,Incumbent,O*NET
25-1066.00,"Psychology Teachers, Postsecondary",3.A.2,On-Site or In-Plant Training,PT,On-Site Or In-Plant Training (Categories 1-9),1,,44.7,08/2019,Incumbent,O*NET
25-1066.00,"Psychology Teachers, Postsecondary",3.A.3,On-the-Job Training,OJ,On-The-Job Training (Categories 1-9),2,"Anything beyond short demonstration, up to and including 1 month",32.14,08/2019,Incumbent,O*NET
25-1067.00,"Sociology Teachers, Postsecondary",3.A.1,Related Work Experience,RW,Related Work Experience (Categories 1-11),7,"Over 2 years, up to and including 4 years",37.2,08/2019,Incumbent,O*NET
25-1067.00,"Sociology Teachers, Postsecondary",3.A.2,On-Site or In-Plant Training,PT,On-Site Or In-Plant Training (Categories 1-9),2,Up to and including 1 month,30.44,08/2019,Incumbent,O*NET
25-1067.00,"Sociology Teachers, Postsecondary",3.A.3,On-the-Job Training,OJ,On-The-Job Training (Categories 1-9),1,None or short demonstration,28.56,08/2019,Incumbent,O*NET
25-1071.00,"Health Specialties Teachers, Postsecondary",3.A.1,Related Work Experience,RW,Related Work Experience (Categories 1-11),7,"Over 2 years, up to and including 4 years",30.08,08/2019,Incumbent,O*NET
25-1071.00,"Health Specialties Teachers, Postsecondary",3.A.2,On-Site or In-Plant Training,PT,On-Site Or In-Plant Training (Categories 1-9),1,,37.4,08/2019,Incumbent,O*NET
25-1071.00,"Health Specialties Teachers, Postsecondary",3.A.3,On-the-Job Training,OJ,On-The-Job Training (Categories 1-9),5,"Over 6 months, up to and including 1 year",30.86,08/2019,Incumbent,O*NET
25-1072.00,"Nursing Instructors and Teachers, Postsecondary",3.A.1,Related Work Experience,RW,Related Work Experience (Categories 1-11),7,"Over 2 years, up to and including 4 years",62.03,08/2019,Incumbent,O*NET
25-1072.00,"Nursing Instructors and Teachers, Postsecondary",3.A.2,On-Site or In-Plant Training,PT,On-Site Or In-Plant Training (Categories 1-9),1,,28.75,08/2019,Incumbent,O*NET
25-1072.00,"Nursing Instructors and Teachers, Postsecondary",3.A.3,On-the-Job Training,OJ,On-The-Job Training (Categories 1-9),6,"Over 1 year, up to and including 2 years",19.33,08/2019,Incumbent,O*NET
25-1081.00,"Education Teachers, Postsecondary",3.A.1,Related Work Experience,RW,Related Work Experience (Categories 1-11),1,,32.05,08/2019,Incumbent,O*NET
25-1081.00,"Education Teachers, Postsecondary",3.A.2,On-Site or In-Plant Training,PT,On-Site Or In-Plant Training (Categories 1-9),2,Up to and including 1 month,13.44,08/2019,Incumbent,O*NET
25-1081.00,"Education Teachers, Postsecondary",3.A.3,On-the-Job Training,OJ,On-The-Job Training (Categories 1-9),1,None or short demonstration,32.84,08/2019,Incumbent,O*NET
25-1082.00,"Library Science Teachers, Postsecondary",3.A.1,Related Work Experience,RW,Related Work Experience (Categories 1-11),8,"Over 4 years, up to and including 6 years",27.03,08/2019,Incumbent,O*NET
25-1082.00,"Library Science Teachers, Postsecondary",3.A.2,On-Site or In-Plant Training,PT,On-Site Or In-Plant Training (Categories 1-9),1,,43.69,08/2019,Incumbent,O*NET
25-1082.00,"Library Science Teachers, Postsecondary",3.A.3,On-the-Job Training,OJ,On-The-Job Training (Categories 1-9),1,None or short demonstration,32.96,08/2019,Incumbent,O*NET
25-1111.00,"Criminal Justice and Law Enforcement Teachers, Postsecondary",3.A.1,Related Work Experience,RW,Related Work Experience (Categories 1-11),7,"Over 2 years, up to and including 4 years",39.44,08/2019,Incumbent,O*NET
25-1111.00,"Criminal Justice and Law Enforcement Teachers, Postsecondary",3.A.2,On-Site or In-Plant Training,PT,On-Site Or In-Plant Training (Categories 1-9),1,,47.87,08/2019,Incumbent,O*NET
25-1111.00,"Criminal Justice and Law Enforcement Teachers, Postsecondary",3.A.3,On-the-Job Training,OJ,On-The-Job Training (Categories 1-9),1,None or short demonstration,42.46,08/2019,Incumbent,O*NET
25-1112.00,"Law Teachers, Postsecondary",3.A.1,Related Work Experience,RW,Related Work Experience (Categories 1-11),7,"Over 2 years, up to and including 4 years",67.86,08/2026,Occupational Expert,O*NET
25-1112.00,"Law Teachers, Postsecondary",3.A.2,On-Site or In-Plant Training,PT,On-Site Or In-Plant Training (Categories 1-9),1,,60.71,08/2026,Occupational Expert,O*NET
25-1112.00,"Law Teachers, Postsecondary",3.A.3,On-the-Job Training,OJ,On-The-Job Training (Categories 1-9),1,None or short demonstration,57.14,08/2026,Occupational Expert,O*NET
25-1113.00,"Social Work Teachers, Postsecondary",3.A.1,Related Work Experience,RW,Related Work Experience (Categories 1-11),8,"Over 4 years, up to and including 6 years",22.72,08/2021,Incumbent,O*NET
25-1113.00,"Social Work Teachers, Postsecondary",3.A.2,On-Site or In-Plant Training,PT,On-Site Or In-Plant Training (Categories 1-9),1,,32.6,08/2021,Incumbent,O*NET
25-1113.00,"Social Work Teachers, Postsecondary",3.A.3,On-the-Job Training,OJ,On-The-Job Training (Categories 1-9),1,None or short demonstration,36.13,08/2021,Incumbent,O*NET
25-1121.00,"Art, Drama, and Music Teachers, Postsecondary",3.A.1,Related Work Experience,RW,Related Work Experience (Categories 1-11),6,"Over 1 year, up to and including 2 years",28.03,08/2019,Incumbent,O*NET
25-1121.00,"Art, Drama, and Music Teachers, Postsecondary",3.A.2,On-Site or In-Plant Training,PT,On-Site Or In-Plant Training (Categories 1-9),1,,32.53,08/2019,Incumbent,O*NET
25-1121.00,"Art, Drama, and Music Teachers, Postsecondary",3.A.3,On-the-Job Training,OJ,On-The-Job Training (Categories 1-9),1,None or short demonstration,30.66,08/2019,Incumbent,O*NET
25-1122.00,"Communications Teachers, Postsecondary",3.A.1,Related Work Experience,RW,Related Work Experience (Categories 1-11),7,"Over 2 years, up to and including 4 years",33.33,08/2026,Occupational Expert,O*NET
25-1122.00,"Communications Teachers, Postsecondary",3.A.2,On-Site or In-Plant Training,PT,On-Site Or In-Plant Training (Categories 1-9),2,Up to and including 1 month,33.33,08/2026,Occupational Expert,O*NET
25-1122.00,"Communications Teachers, Postsecondary",3.A.3,On-the-Job Training,OJ,On-The-Job Training (Categories 1-9),2,"Anything beyond short demonstration, up to and including 1 month",41.67,08/2026,Occupational Expert,O*NET
25-1123.00,"English Language and Literature Teachers, Postsecondary",3.A.1,Related Work Experience,RW,Related Work Experience (Categories 1-11),8,"Over 4 years, up to and including 6 years",26.73,08/2019,Incumbent,O*NET
25-1123.00,"English Language and Literature Teachers, Postsecondary",3.A.2,On-Site or In-Plant Training,PT,On-Site Or In-Plant Training (Categories 1-9),2,Up to and including 1 month,43.84,08/2019,Incumbent,O*NET
25-1123.00,"English Language and Literature Teachers, Postsecondary",3.A.3,On-the-Job Training,OJ,On-The-Job Training (Categories 1-9),1,None or short demonstration,34.59,08/2019,Incumbent,O*NET
25-1124.00,"Foreign Language and Literature Teachers, Postsecondary",3.A.1,Related Work Experience,RW,Related Work Experience (Categories 1-11),6,"Over 1 year, up to and including 2 years",31.92,08/2019,Incumbent,O*NET
25-1124.00,"Foreign Language and Literature Teachers, Postsecondary",3.A.2,On-Site or In-Plant Training,PT,On-Site Or In-Plant Training (Categories 1-9),1,,39.4,08/2019,Incumbent,O*NET
25-1124.00,"Foreign Language and Literature Teachers, Postsecondary",3.A.3,On-the-Job Training,OJ,On-The-Job Training (Categories 1-9),1,None or short demonstration,24.74,08/2019,Incumbent,O*NET
25-1125.00,"History Teachers, Postsecondary",3.A.1,Related Work Experience,RW,Related Work Experience (Categories 1-11),6,"Over 1 year, up to and including 2 years",29.13,08/2019,Incumbent,O*NET
25-1125.00,"History Teachers, Postsecondary",3.A.2,On-Site or In-Plant Training,PT,On-Site Or In-Plant Training (Categories 1-9),1,,42.72,08/2019,Incumbent,O*NET
25-1125.00,"History Teachers, Postsecondary",3.A.3,On-the-Job Training,OJ,On-The-Job Training (Categories 1-9),1,None or short demonstration,43.42,08/2019,Incumbent,O*NET
25-1126.00,"Philosophy and Religion Teachers, Postsecondary",3.A.1,Related Work Experience,RW,Related Work Experience (Categories 1-11),7,"Over 2 years, up to and including 4 years",29.59,08/2019,Incumbent,O*NET
25-1126.00,"Philosophy and Religion Teachers, Postsecondary",3.A.2,On-Site or In-Plant Training,PT,On-Site Or In-Plant Training (Categories 1-9),1,,51.27,08/2019,Incumbent,O*NET
25-1126.00,"Philosophy and Religion Teachers, Postsecondary",3.A.3,On-the-Job Training,OJ,On-The-Job Training (Categories 1-9),1,None or short demonstration,63.21,08/2019,Incumbent,O*NET
25-1192.00,"Family and Consumer Sciences Teachers, Postsecondary",3.A.1,Related Work Experience,RW,Related Work Experience (Categories 1-11),8,"Over 4 years, up to and including 6 years",30.87,08/2019,Incumbent,O*NET
25-1192.00,"Family and Consumer Sciences Teachers, Postsecondary",3.A.2,On-Site or In-Plant Training,PT,On-Site Or In-Plant Training (Categories 1-9),1,,35.29,08/2019,Incumbent,O*NET
25-1192.00,"Family and Consumer Sciences Teachers, Postsecondary",3.A.3,On-the-Job Training,OJ,On-The-Job Training (Categories 1-9),1,None or short demonstration,28.11,08/2019,Incumbent,O*NET
25-1193.00,"Recreation and Fitness Studies Teachers, Postsecondary",3.A.1,Related Work Experience,RW,Related Work Experience (Categories 1-11),9,"Over 6 years, up to and including 8 years",27.88,08/2019,Incumbent,O*NET
25-1193.00,"Recreation and Fitness Studies Teachers, Postsecondary",3.A.2,On-Site or In-Plant Training,PT,On-Site Or In-Plant Training (Categories 1-9),5,"Over 6 months, up to and including 1 year",30.19,08/2019,Incumbent,O*NET
25-1193.00,"Recreation and Fitness Studies Teachers, Postsecondary",3.A.3,On-the-Job Training,OJ,On-The-Job Training (Categories 1-9),2,"Anything beyond short demonstration, up to and including 1 month",39.12,08/2019,Incumbent,O*NET
25-1194.00,"Career/Technical Education Teachers, Postsecondary",3.A.1,Related Work Experience,RW,Related Work Experience (Categories 1-11),7,"Over 2 years, up to and including 4 years",33.43,08/2019,Incumbent,O*NET
25-1194.00,"Career/Technical Education Teachers, Postsecondary",3.A.2,On-Site or In-Plant Training,PT,On-Site Or In-Plant Training (Categories 1-9),2,Up to and including 1 month,42.0,08/2019,Incumbent,O*NET
25-1194.00,"Career/Technical Education Teachers, Postsecondary",3.A.3,On-the-Job Training,OJ,On-The-Job Training (Categories 1-9),2,"Anything beyond short demonstration, up to and including 1 month",33.38,08/2019,Incumbent,O*NET
25-2011.00,"Preschool Teachers, Except Special Education",3.A.1,Related Work Experience,RW,Related Work Experience (Categories 1-11),6,"Over 1 year, up to and including 2 years",32.55,08/2019,Incumbent,O*NET
25-2011.00,"Preschool Teachers, Except Special Education",3.A.2,On-Site or In-Plant Training,PT,On-Site Or In-Plant Training (Categories 1-9),1,,39.25,08/2019,Incumbent,O*NET
25-2011.00,"Preschool Teachers, Except Special Education",3.A.3,On-the-Job Training,OJ,On-The-Job Training (Categories 1-9),2,"Anything beyond short demonstration, up to and including 1 month",34.86,08/2019,Incumbent,O*NET
25-2012.00,"Kindergarten Teachers, Except Special Education",3.A.1,Related Work Experience,RW,Related Work Experience (Categories 1-11),1,,32.48,08/2018,Incumbent,O*NET
25-2012.00,"Kindergarten Teachers, Except Special Education",3.A.2,On-Site or In-Plant Training,PT,On-Site Or In-Plant Training (Categories 1-9),5,"Over 6 months, up to and including 1 year",28.46,08/2018,Incumbent,O*NET
25-2012.00,"Kindergarten Teachers, Except Special Education",3.A.3,On-the-Job Training,OJ,On-The-Job Training (Categories 1-9),5,"Over 6 months, up to and including 1 year",33.6,08/2018,Incumbent,O*NET
25-2021.00,"Elementary School Teachers, Except Special Education",3.A.1,Related Work Experience,RW,Related Work Experience (Categories 1-11),1,,32.81,08/2024,Incumbent,O*NET
25-2021.00,"Elementary School Teachers, Except Special Education",3.A.2,On-Site or In-Plant Training,PT,On-Site Or In-Plant Training (Categories 1-9),1,,23.26,08/2024,Incumbent,O*NET
25-2021.00,"Elementary School Teachers, Except Special Education",3.A.3,On-the-Job Training,OJ,On-The-Job Training (Categories 1-9),5,"Over 6 months, up to and including 1 year",26.71,08/2024,Incumbent,O*NET
25-2022.00,"Middle School Teachers, Except Special and Career/Technical Education",3.A.1,Related Work Experience,RW,Related Work Experience (Categories 1-11),7,"Over 2 years, up to and including 4 years",22.12,08/2024,Incumbent,O*NET
25-2022.00,"Middle School Teachers, Except Special and Career/Technical Education",3.A.2,On-Site or In-Plant Training,PT,On-Site Or In-Plant Training (Categories 1-9),1,,42.49,08/2024,Incumbent,O*NET
25-2022.00,"Middle School Teachers, Except Special and Career/Technical Education",3.A.3,On-the-Job Training,OJ,On-The-Job Training (Categories 1-9),1,None or short demonstration,34.29,08/2024,Incumbent,O*NET
25-2023.00,"Career/Technical Education Teachers, Middle School",3.A.1,Related Work Experience,RW,Related Work Experience (Categories 1-11),6,"Over 1 year, up to and including 2 years",20.0,08/2026,Incumbent,O*NET
25-2023.00,"Career/Technical Education Teachers, Middle School",3.A.2,On-Site or In-Plant Training,PT,On-Site Or In-Plant Training (Categories 1-9),2,Up to and including 1 month,51.51,08/2026,Incumbent,O*NET
25-2023.00,"Career/Technical Education Teachers, Middle School",3.A.3,On-the-Job Training,OJ,On-The-Job Training (Categories 1-9),1,None or short demonstration,34.78,08/2026,Incumbent,O*NET
25-2031.00,"Secondary School Teachers, Except Special and Career/Technical Education",3.A.1,Related Work Experience,RW,Related Work Experience (Categories 1-11),1,,50.24,08/2025,Incumbent,O*NET
25-2031.00,"Secondary School Teachers, Except Special and Career/Technical Education",3.A.2,On-Site or In-Plant Training,PT,On-Site Or In-Plant Training (Categories 1-9),2,Up to and including 1 month,30.83,08/2025,Incumbent,O*NET
25-2031.00,"Secondary School Teachers, Except Special and Career/Technical Education",3.A.3,On-the-Job Training,OJ,On-The-Job Training (Categories 1-9),3,"Over 1 month, up to and including 3 months",38.33,08/2025,Incumbent,O*NET
25-2032.00,"Career/Technical Education Teachers, Secondary School",3.A.1,Related Work Experience,RW,Related Work Experience (Categories 1-11),7,"Over 2 years, up to and including 4 years",22.0,08/2025,Incumbent,O*NET
25-2032.00,"Career/Technical Education Teachers, Secondary School",3.A.2,On-Site or In-Plant Training,PT,On-Site Or In-Plant Training (Categories 1-9),2,Up to and including 1 month,28.4,08/2025,Incumbent,O*NET
25-2032.00,"Career/Technical Education Teachers, Secondary School",3.A.3,On-the-Job Training,OJ,On-The-Job Training (Categories 1-9),5,"Over 6 months, up to and including 1 year",19.71,08/2025,Incumbent,O*NET
25-2051.00,"Special Education Teachers, Preschool",3.A.1,Related Work Experience,RW,Related Work Experience (Categories 1-11),1,,38.59,08/2026,Incumbent,O*NET
25-2051.00,"Special Education Teachers, Preschool",3.A.2,On-Site or In-Plant Training,PT,On-Site Or In-Plant Training (Categories 1-9),2,Up to and including 1 month,23.86,08/2026,Incumbent,O*NET
25-2051.00,"Special Education Teachers, Preschool",3.A.3,On-the-Job Training,OJ,On-The-Job Training (Categories 1-9),5,"Over 6 months, up to and including 1 year",34.1,08/2026,Incumbent,O*NET
25-2055.00,"Special Education Teachers, Kindergarten",3.A.1,Related Work Experience,RW,Related Work Experience (Categories 1-11),6,"Over 1 year, up to and including 2 years",32.87,08/2026,Incumbent,O*NET
25-2055.00,"Special Education Teachers, Kindergarten",3.A.2,On-Site or In-Plant Training,PT,On-Site Or In-Plant Training (Categories 1-9),2,Up to and including 1 month,23.45,08/2026,Incumbent,O*NET
25-2055.00,"Special Education Teachers, Kindergarten",3.A.3,On-the-Job Training,OJ,On-The-Job Training (Categories 1-9),5,"Over 6 months, up to and including 1 year",40.1,08/2026,Incumbent,O*NET
25-2056.00,"Special Education Teachers, Elementary School",3.A.1,Related Work Experience,RW,Related Work Experience (Categories 1-11),5,"Over 6 months, up to and including 1 year",33.27,08/2025,Incumbent,O*NET
25-2056.00,"Special Education Teachers, Elementary School",3.A.2,On-Site or In-Plant Training,PT,On-Site Or In-Plant Training (Categories 1-9),2,Up to and including 1 month,27.37,08/2025,Incumbent,O*NET
25-2056.00,"Special Education Teachers, Elementary School",3.A.3,On-the-Job Training,OJ,On-The-Job Training (Categories 1-9),5,"Over 6 months, up to and including 1 year",35.17,08/2025,Incumbent,O*NET
25-2057.00,"Special Education Teachers, Middle School",3.A.1,Related Work Experience,RW,Related Work Experience (Categories 1-11),5,"Over 6 months, up to and including 1 year",42.04,08/2026,Incumbent,O*NET
25-2057.00,"Special Education Teachers, Middle School",3.A.2,On-Site or In-Plant Training,PT,On-Site Or In-Plant Training (Categories 1-9),5,"Over 6 months, up to and including 1 year",44.28,08/2026,Incumbent,O*NET
25-2057.00,"Special Education Teachers, Middle School",3.A.3,On-the-Job Training,OJ,On-The-Job Training (Categories 1-9),5,"Over 6 months, up to and including 1 year",63.08,08/2026,Incumbent,O*NET
25-2058.00,"Special Education Teachers, Secondary School",3.A.1,Related Work Experience,RW,Related Work Experience (Categories 1-11),5,"Over 6 months, up to and including 1 year",31.87,08/2025,Incumbent,O*NET
25-2058.00,"Special Education Teachers, Secondary School",3.A.2,On-Site or In-Plant Training,PT,On-Site Or In-Plant Training (Categories 1-9),5,"Over 6 months, up to and including 1 year",43.32,08/2025,Incumbent,O*NET
25-2058.00,"Special Education Teachers, Secondary School",3.A.3,On-the-Job Training,OJ,On-The-Job Training (Categories 1-9),2,"Anything beyond short demonstration, up to and including 1 month",30.18,08/2025,Incumbent,O*NET
25-2059.01,Adapted Physical Education Specialists,3.A.1,Related Work Experience,RW,Related Work Experience (Categories 1-11),6,"Over 1 year, up to and including 2 years",31.82,08/2026,Occupational Expert,O*NET
25-2059.01,Adapted Physical Education Specialists,3.A.2,On-Site or In-Plant Training,PT,On-Site Or In-Plant Training (Categories 1-9),1,,27.27,08/2026,Occupational Expert,O*NET
25-2059.01,Adapted Physical Education Specialists,3.A.3,On-the-Job Training,OJ,On-The-Job Training (Categories 1-9),1,None or short demonstration,27.27,08/2026,Occupational Expert,O*NET
25-3011.00,"Adult Basic Education, Adult Secondary Education, and English as a Second Language Instructors",3.A.1,Related Work Experience,RW,Related Work Experience (Categories 1-11),7,"Over 2 years, up to and including 4 years",34.22,08/2018,Incumbent,O*NET
25-3011.00,"Adult Basic Education, Adult Secondary Education, and English as a Second Language Instructors",3.A.2,On-Site or In-Plant Training,PT,On-Site Or In-Plant Training (Categories 1-9),3,"Over 1 month, up to and including 3 months",27.15,08/2018,Incumbent,O*NET
25-3011.00,"Adult Basic Education, Adult Secondary Education, and English as a Second Language Instructors",3.A.3,On-the-Job Training,OJ,On-The-Job Training (Categories 1-9),3,"Over 1 month, up to and including 3 months",53.02,08/2018,Incumbent,O*NET
25-3021.00,Self-Enrichment Teachers,3.A.1,Related Work Experience,RW,Related Work Experience (Categories 1-11),6,"Over 1 year, up to and including 2 years",48.54,08/2019,Incumbent,O*NET
25-3021.00,Self-Enrichment Teachers,3.A.2,On-Site or In-Plant Training,PT,On-Site Or In-Plant Training (Categories 1-9),6,"Over 1 year, up to and including 2 years",26.81,08/2019,Incumbent,O*NET
25-3021.00,Self-Enrichment Teachers,3.A.3,On-the-Job Training,OJ,On-The-Job Training (Categories 1-9),4,"Over 3 months, up to and including 6 months",47.39,08/2019,Incumbent,O*NET
25-3031.00,"Substitute Teachers, Short-Term",3.A.1,Related Work Experience,RW,Related Work Experience (Categories 1-11),1,,40.25,08/2025,Incumbent,O*NET
25-3031.00,"Substitute Teachers, Short-Term",3.A.2,On-Site or In-Plant Training,PT,On-Site Or In-Plant Training (Categories 1-9),1,,42.8,08/2025,Incumbent,O*NET
25-3031.00,"Substitute Teachers, Short-Term",3.A.3,On-the-Job Training,OJ,On-The-Job Training (Categories 1-9),1,None or short demonstration,68.82,08/2025,Incumbent,O*NET
25-3041.00,Tutors,3.A.1,Related Work Experience,RW,Related Work Experience (Categories 1-11),1,,36.36,08/2022,Occupational Expert,O*NET
25-3041.00,Tutors,3.A.2,On-Site or In-Plant Training,PT,On-Site Or In-Plant Training (Categories 1-9),2,Up to and including 1 month,66.67,08/2022,Occupational Expert,O*NET
25-3041.00,Tutors,3.A.3,On-the-Job Training,OJ,On-The-Job Training (Categories 1-9),2,"Anything beyond short demonstration, up to and including 1 month",54.55,08/2022,Occupational Expert,O*NET
25-4011.00,Archivists,3.A.1,Related Work Experience,RW,Related Work Experience (Categories 1-11),5,"Over 6 months, up to and including 1 year",35.48,08/2024,Occupational Expert,O*NET
25-4011.00,Archivists,3.A.2,On-Site or In-Plant Training,PT,On-Site Or In-Plant Training (Categories 1-9),5,"Over 6 months, up to and including 1 year",32.26,08/2024,Occupational Expert,O*NET
25-4011.00,Archivists,3.A.3,On-the-Job Training,OJ,On-The-Job Training (Categories 1-9),5,"Over 6 months, up to and including 1 year",25.81,08/2024,Occupational Expert,O*NET
25-4012.00,Curators,3.A.1,Related Work Experience,RW,Related Work Experience (Categories 1-11),8,"Over 4 years, up to and including 6 years",32.03,08/2018,Incumbent,O*NET
25-4012.00,Curators,3.A.2,On-Site or In-Plant Training,PT,On-Site Or In-Plant Training (Categories 1-9),1,,31.83,08/2018,Incumbent,O*NET
25-4012.00,Curators,3.A.3,On-the-Job Training,OJ,On-The-Job Training (Categories 1-9),5,"Over 6 months, up to and including 1 year",42.16,08/2018,Incumbent,O*NET
25-4013.00,Museum Technicians and Conservators,3.A.1,Related Work Experience,RW,Related Work Experience (Categories 1-11),7,"Over 2 years, up to and including 4 years",60.0,08/2026,Occupational Expert,O*NET
25-4013.00,Museum Technicians and Conservators,3.A.2,On-Site or In-Plant Training,PT,On-Site Or In-Plant Training (Categories 1-9),1,,36.0,08/2026,Occupational Expert,O*NET
25-4013.00,Museum Technicians and Conservators,3.A.3,On-the-Job Training,OJ,On-The-Job Training (Categories 1-9),6,"Over 1 year, up to and including 2 years",20.0,08/2026,Occupational Expert,O*NET
25-4022.00,Librarians and Media Collections Specialists,3.A.1,Related Work Experience,RW,Related Work Experience (Categories 1-11),6,"Over 1 year, up to and including 2 years",25.93,08/2026,Occupational Expert,O*NET
25-4022.00,Librarians and Media Collections Specialists,3.A.2,On-Site or In-Plant Training,PT,On-Site Or In-Plant Training (Categories 1-9),1,,37.04,08/2026,Occupational Expert,O*NET
25-4022.00,Librarians and Media Collections Specialists,3.A.3,On-the-Job Training,OJ,On-The-Job Training (Categories 1-9),2,"Anything beyond short demonstration, up to and including 1 month",22.22,08/2026,Occupational Expert,O*NET
25-4031.00,Library Technicians,3.A.1,Related Work Experience,RW,Related Work Experience (Categories 1-11),5,"Over 6 months, up to and including 1 year",34.88,07/2017,Incumbent,O*NET
25-4031.00,Library Technicians,3.A.2,On-Site or In-Plant Training,PT,On-Site Or In-Plant Training (Categories 1-9),1,,27.84,07/2017,Incumbent,O*NET
25-4031.00,Library Technicians,3.A.3,On-the-Job Training,OJ,On-The-Job Training (Categories 1-9),3,"Over 1 month, up to and including 3 months",35.65,07/2017,Incumbent,O*NET
25-9021.00,Farm and Home Management Educators,3.A.1,Related Work Experience,RW,Related Work Experience (Categories 1-11),1,,33.33,08/2022,Occupational Expert,O*NET
25-9021.00,Farm and Home Management Educators,3.A.2,On-Site or In-Plant Training,PT,On-Site Or In-Plant Training (Categories 1-9),2,Up to and including 1 month,37.04,08/2022,Occupational Expert,O*NET
25-9021.00,Farm and Home Management Educators,3.A.3,On-the-Job Training,OJ,On-The-Job Training (Categories 1-9),2,"Anything beyond short demonstration, up to and including 1 month",29.63,08/2022,Occupational Expert,O*NET
25-9031.00,Instructional Coordinators,3.A.1,Related Work Experience,RW,Related Work Experience (Categories 1-11),7,"Over 2 years, up to and including 4 years",32.44,08/2018,Incumbent,O*NET
25-9031.00,Instructional Coordinators,3.A.2,On-Site or In-Plant Training,PT,On-Site Or In-Plant Training (Categories 1-9),1,,39.52,08/2018,Incumbent,O*NET
25-9031.00,Instructional Coordinators,3.A.3,On-the-Job Training,OJ,On-The-Job Training (Categories 1-9),7,"Over 2 years, up to and including 4 years",21.87,08/2018,Incumbent,O*NET
25-9042.00,"Teaching Assistants, Preschool, Elementary, Middle, and Secondary School, Except Special Education",3.A.1,Related Work Experience,RW,Related Work Experience (Categories 1-11),6,"Over 1 year, up to and including 2 years",40.93,08/2024,Incumbent,O*NET
25-9042.00,"Teaching Assistants, Preschool, Elementary, Middle, and Secondary School, Except Special Education",3.A.2,On-Site or In-Plant Training,PT,On-Site Or In-Plant Training (Categories 1-9),4,"Over 3 months, up to and including 6 months",1.35,08/2024,Incumbent,O*NET
25-9042.00,"Teaching Assistants, Preschool, Elementary, Middle, and Secondary School, Except Special Education",3.A.3,On-the-Job Training,OJ,On-The-Job Training (Categories 1-9),2,"Anything beyond short demonstration, up to and including 1 month",90.4,08/2024,Incumbent,O*NET
25-9043.00,"Teaching Assistants, Special Education",3.A.1,Related Work Experience,RW,Related Work Experience (Categories 1-11),5,"Over 6 months, up to and including 1 year",26.86,08/2025,Incumbent,O*NET
25-9043.00,"Teaching Assistants, Special Education",3.A.2,On-Site or In-Plant Training,PT,On-Site Or In-Plant Training (Categories 1-9),6,"Over 1 year, up to and including 2 years",3.55,08/2025,Incumbent,O*NET
25-9043.00,"Teaching Assistants, Special Education",3.A.3,On-the-Job Training,OJ,On-The-Job Training (Categories 1-9),2,"Anything beyond short demonstration, up to and including 1 month",35.24,08/2025,Incumbent,O*NET
25-9044.00,"Teaching Assistants, Postsecondary",3.A.1,Related Work Experience,RW,Related Work Experience (Categories 1-11),1,,32.69,07/2016,Incumbent,O*NET
25-9044.00,"Teaching Assistants, Postsecondary",3.A.2,On-Site or In-Plant Training,PT,On-Site Or In-Plant Training (Categories 1-9),1,,29.6,07/2016,Incumbent,O*NET
25-9044.00,"Teaching Assistants, Postsecondary",3.A.3,On-the-Job Training,OJ,On-The-Job Training (Categories 1-9),2,"Anything beyond short demonstration, up to and including 1 month",32.51,07/2016,Incumbent,O*NET
27-1011.00,Art Directors,3.A.1,Related Work Experience,RW,Related Work Experience (Categories 1-11),8,"Over 4 years, up to and including 6 years",54.99,08/2023,Incumbent,O*NET
27-1011.00,Art Directors,3.A.2,On-Site or In-Plant Training,PT,On-Site Or In-Plant Training (Categories 1-9),5,"Over 6 months, up to and including 1 year",21.7,08/2023,Incumbent,O*NET
27-1011.00,Art Directors,3.A.3,On-the-Job Training,OJ,On-The-Job Training (Categories 1-9),3,"Over 1 month, up to and including 3 months",28.95,08/2023,Incumbent,O*NET
27-1012.00,Craft Artists,3.A.1,Related Work Experience,RW,Related Work Experience (Categories 1-11),6,"Over 1 year, up to and including 2 years",30.43,08/2025,Occupational Expert,O*NET
27-1012.00,Craft Artists,3.A.2,On-Site or In-Plant Training,PT,On-Site Or In-Plant Training (Categories 1-9),1,,26.09,08/2025,Occupational Expert,O*NET
27-1012.00,Craft Artists,3.A.3,On-the-Job Training,OJ,On-The-Job Training (Categories 1-9),2,"Anything beyond short demonstration, up to and including 1 month",26.09,08/2025,Occupational Expert,O*NET
27-1013.00,"Fine Artists, Including Painters, Sculptors, and Illustrators",3.A.1,Related Work Experience,RW,Related Work Experience (Categories 1-11),8,"Over 4 years, up to and including 6 years",27.02,07/2017,Incumbent,O*NET
27-1013.00,"Fine Artists, Including Painters, Sculptors, and Illustrators",3.A.2,On-Site or In-Plant Training,PT,On-Site Or In-Plant Training (Categories 1-9),3,"Over 1 month, up to and including 3 months",25.8,07/2017,Incumbent,O*NET
27-1013.00,"Fine Artists, Including Painters, Sculptors, and Illustrators",3.A.3,On-the-Job Training,OJ,On-The-Job Training (Categories 1-9),4,"Over 3 months, up to and including 6 months",14.89,07/2017,Incumbent,O*NET
27-1014.00,Special Effects Artists and Animators,3.A.1,Related Work Experience,RW,Related Work Experience (Categories 1-11),6,"Over 1 year, up to and including 2 years",53.52,08/2019,Incumbent,O*NET
27-1014.00,Special Effects Artists and Animators,3.A.2,On-Site or In-Plant Training,PT,On-Site Or In-Plant Training (Categories 1-9),7,"Over 2 years, up to and including 4 years",5.79,08/2019,Incumbent,O*NET
27-1014.00,Special Effects Artists and Animators,3.A.3,On-the-Job Training,OJ,On-The-Job Training (Categories 1-9),6,"Over 1 year, up to and including 2 years",5.93,08/2019,Incumbent,O*NET
27-1021.00,Commercial and Industrial Designers,3.A.1,Related Work Experience,RW,Related Work Experience (Categories 1-11),7,"Over 2 years, up to and including 4 years",42.3,08/2019,Incumbent,O*NET
27-1021.00,Commercial and Industrial Designers,3.A.2,On-Site or In-Plant Training,PT,On-Site Or In-Plant Training (Categories 1-9),1,,29.04,08/2019,Incumbent,O*NET
27-1021.00,Commercial and Industrial Designers,3.A.3,On-the-Job Training,OJ,On-The-Job Training (Categories 1-9),3,"Over 1 month, up to and including 3 months",29.46,08/2019,Incumbent,O*NET
27-1022.00,Fashion Designers,3.A.1,Related Work Experience,RW,Related Work Experience (Categories 1-11),8,"Over 4 years, up to and including 6 years",25.74,08/2024,Incumbent,O*NET
27-1022.00,Fashion Designers,3.A.2,On-Site or In-Plant Training,PT,On-Site Or In-Plant Training (Categories 1-9),2,Up to and including 1 month,22.23,08/2024,Incumbent,O*NET
27-1022.00,Fashion Designers,3.A.3,On-the-Job Training,OJ,On-The-Job Training (Categories 1-9),3,"Over 1 month, up to and including 3 months",22.26,08/2024,Incumbent,O*NET
27-1023.00,Floral Designers,3.A.1,Related Work Experience,RW,Related Work Experience (Categories 1-11),6,"Over 1 year, up to and including 2 years",31.82,08/2026,Occupational Expert,O*NET
27-1023.00,Floral Designers,3.A.2,On-Site or In-Plant Training,PT,On-Site Or In-Plant Training (Categories 1-9),2,Up to and including 1 month,23.81,08/2026,Occupational Expert,O*NET
27-1023.00,Floral Designers,3.A.3,On-the-Job Training,OJ,On-The-Job Training (Categories 1-9),6,"Over 1 year, up to and including 2 years",25.0,08/2026,Occupational Expert,O*NET
27-1024.00,Graphic Designers,3.A.1,Related Work Experience,RW,Related Work Experience (Categories 1-11),7,"Over 2 years, up to and including 4 years",30.0,08/2023,Occupational Expert,O*NET
27-1024.00,Graphic Designers,3.A.2,On-Site or In-Plant Training,PT,On-Site Or In-Plant Training (Categories 1-9),1,,21.05,08/2023,Occupational Expert,O*NET
27-1024.00,Graphic Designers,3.A.3,On-the-Job Training,OJ,On-The-Job Training (Categories 1-9),2,"Anything beyond short demonstration, up to and including 1 month",25.0,08/2023,Occupational Expert,O*NET
27-1025.00,Interior Designers,3.A.1,Related Work Experience,RW,Related Work Experience (Categories 1-11),7,"Over 2 years, up to and including 4 years",36.0,08/2024,Occupational Expert,O*NET
27-1025.00,Interior Designers,3.A.2,On-Site or In-Plant Training,PT,On-Site Or In-Plant Training (Categories 1-9),1,,33.33,08/2024,Occupational Expert,O*NET
27-1025.00,Interior Designers,3.A.3,On-the-Job Training,OJ,On-The-Job Training (Categories 1-9),6,"Over 1 year, up to and including 2 years",24.0,08/2024,Occupational Expert,O*NET
27-1026.00,Merchandise Displayers and Window Trimmers,3.A.1,Related Work Experience,RW,Related Work Experience (Categories 1-11),1,,40.96,07/2015,Incumbent,O*NET
27-1026.00,Merchandise Displayers and Window Trimmers,3.A.2,On-Site or In-Plant Training,PT,On-Site Or In-Plant Training (Categories 1-9),2,Up to and including 1 month,52.11,07/2015,Incumbent,O*NET
27-1026.00,Merchandise Displayers and Window Trimmers,3.A.3,On-the-Job Training,OJ,On-The-Job Training (Categories 1-9),2,"Anything beyond short demonstration, up to and including 1 month",49.63,07/2015,Incumbent,O*NET
27-1027.00,Set and Exhibit Designers,3.A.1,Related Work Experience,RW,Related Work Experience (Categories 1-11),7,"Over 2 years, up to and including 4 years",42.86,08/2021,Occupational Expert,O*NET
27-1027.00,Set and Exhibit Designers,3.A.2,On-Site or In-Plant Training,PT,On-Site Or In-Plant Training (Categories 1-9),1,,38.1,08/2021,Occupational Expert,O*NET
27-1027.00,Set and Exhibit Designers,3.A.3,On-the-Job Training,OJ,On-The-Job Training (Categories 1-9),1,None or short demonstration,33.33,08/2021,Occupational Expert,O*NET
27-2011.00,Actors,3.A.1,Related Work Experience,RW,Related Work Experience (Categories 1-11),1,,52.94,08/2026,Occupational Expert,O*NET
27-2011.00,Actors,3.A.2,On-Site or In-Plant Training,PT,On-Site Or In-Plant Training (Categories 1-9),1,,58.82,08/2026,Occupational Expert,O*NET
27-2011.00,Actors,3.A.3,On-the-Job Training,OJ,On-The-Job Training (Categories 1-9),1,None or short demonstration,51.52,08/2026,Occupational Expert,O*NET
27-2012.00,Producers and Directors,3.A.1,Related Work Experience,RW,Related Work Experience (Categories 1-11),6,"Over 1 year, up to and including 2 years",23.78,08/2022,Incumbent,O*NET
27-2012.00,Producers and Directors,3.A.2,On-Site or In-Plant Training,PT,On-Site Or In-Plant Training (Categories 1-9),3,"Over 1 month, up to and including 3 months",26.62,08/2022,Incumbent,O*NET
27-2012.00,Producers and Directors,3.A.3,On-the-Job Training,OJ,On-The-Job Training (Categories 1-9),2,"Anything beyond short demonstration, up to and including 1 month",29.32,08/2022,Incumbent,O*NET
27-2012.03,Media Programming Directors,3.A.1,Related Work Experience,RW,Related Work Experience (Categories 1-11),6,"Over 1 year, up to and including 2 years",36.89,08/2023,Incumbent,O*NET
27-2012.03,Media Programming Directors,3.A.2,On-Site or In-Plant Training,PT,On-Site Or In-Plant Training (Categories 1-9),4,"Over 3 months, up to and including 6 months",33.81,08/2023,Incumbent,O*NET
27-2012.03,Media Programming Directors,3.A.3,On-the-Job Training,OJ,On-The-Job Training (Categories 1-9),3,"Over 1 month, up to and including 3 months",28.04,08/2023,Incumbent,O*NET
27-2012.04,Talent Directors,3.A.1,Related Work Experience,RW,Related Work Experience (Categories 1-11),8,"Over 4 years, up to and including 6 years",32.37,08/2019,Incumbent,O*NET
27-2012.04,Talent Directors,3.A.2,On-Site or In-Plant Training,PT,On-Site Or In-Plant Training (Categories 1-9),1,,28.68,08/2019,Incumbent,O*NET
27-2012.04,Talent Directors,3.A.3,On-the-Job Training,OJ,On-The-Job Training (Categories 1-9),5,"Over 6 months, up to and including 1 year",31.37,08/2019,Incumbent,O*NET
27-2012.05,Media Technical Directors/Managers,3.A.1,Related Work Experience,RW,Related Work Experience (Categories 1-11),8,"Over 4 years, up to and including 6 years",4.8,08/2019,Incumbent,O*NET
27-2012.05,Media Technical Directors/Managers,3.A.2,On-Site or In-Plant Training,PT,On-Site Or In-Plant Training (Categories 1-9),3,"Over 1 month, up to and including 3 months",40.02,08/2019,Incumbent,O*NET
27-2012.05,Media Technical Directors/Managers,3.A.3,On-the-Job Training,OJ,On-The-Job Training (Categories 1-9),2,"Anything beyond short demonstration, up to and including 1 month",6.1,08/2019,Incumbent,O*NET
27-2021.00,Athletes and Sports Competitors,3.A.1,Related Work Experience,RW,Related Work Experience (Categories 1-11),8,"Over 4 years, up to and including 6 years",26.74,07/2016,Incumbent,O*NET
27-2021.00,Athletes and Sports Competitors,3.A.2,On-Site or In-Plant Training,PT,On-Site Or In-Plant Training (Categories 1-9),1,,59.52,07/2016,Incumbent,O*NET
27-2021.00,Athletes and Sports Competitors,3.A.3,On-the-Job Training,OJ,On-The-Job Training (Categories 1-9),1,None or short demonstration,24.38,07/2016,Incumbent,O*NET
27-2022.00,Coaches and Scouts,3.A.1,Related Work Experience,RW,Related Work Experience (Categories 1-11),8,"Over 4 years, up to and including 6 years",22.91,08/2019,Incumbent,O*NET
27-2022.00,Coaches and Scouts,3.A.2,On-Site or In-Plant Training,PT,On-Site Or In-Plant Training (Categories 1-9),1,,28.92,08/2019,Incumbent,O*NET
27-2022.00,Coaches and Scouts,3.A.3,On-the-Job Training,OJ,On-The-Job Training (Categories 1-9),2,"Anything beyond short demonstration, up to and including 1 month",37.0,08/2019,Incumbent,O*NET
27-2023.00,"Umpires, Referees, and Other Sports Officials",3.A.1,Related Work Experience,RW,Related Work Experience (Categories 1-11),1,,38.1,08/2021,Occupational Expert,O*NET
27-2023.00,"Umpires, Referees, and Other Sports Officials",3.A.2,On-Site or In-Plant Training,PT,On-Site Or In-Plant Training (Categories 1-9),4,"Over 3 months, up to and including 6 months",23.81,08/2021,Occupational Expert,O*NET
27-2023.00,"Umpires, Referees, and Other Sports Officials",3.A.3,On-the-Job Training,OJ,On-The-Job Training (Categories 1-9),2,"Anything beyond short demonstration, up to and including 1 month",28.57,08/2021,Occupational Expert,O*NET
27-2031.00,Dancers,3.A.1,Related Work Experience,RW,Related Work Experience (Categories 1-11),1,,40.38,08/2019,Incumbent,O*NET
27-2031.00,Dancers,3.A.2,On-Site or In-Plant Training,PT,On-Site Or In-Plant Training (Categories 1-9),1,,53.7,08/2019,Incumbent,O*NET
27-2031.00,Dancers,3.A.3,On-the-Job Training,OJ,On-The-Job Training (Categories 1-9),1,None or short demonstration,39.74,08/2019,Incumbent,O*NET
27-2032.00,Choreographers,3.A.1,Related Work Experience,RW,Related Work Experience (Categories 1-11),7,"Over 2 years, up to and including 4 years",28.57,08/2024,Occupational Expert,O*NET
27-2032.00,Choreographers,3.A.2,On-Site or In-Plant Training,PT,On-Site Or In-Plant Training (Categories 1-9),1,,33.33,08/2024,Occupational Expert,O*NET
27-2032.00,Choreographers,3.A.3,On-the-Job Training,OJ,On-The-Job Training (Categories 1-9),1,None or short demonstration,42.86,08/2024,Occupational Expert,O*NET
27-2041.00,Music Directors and Composers,3.A.1,Related Work Experience,RW,Related Work Experience (Categories 1-11),8,"Over 4 years, up to and including 6 years",31.19,08/2022,Incumbent,O*NET
27-2041.00,Music Directors and Composers,3.A.2,On-Site or In-Plant Training,PT,On-Site Or In-Plant Training (Categories 1-9),1,,32.33,08/2022,Incumbent,O*NET
27-2041.00,Music Directors and Composers,3.A.3,On-the-Job Training,OJ,On-The-Job Training (Categories 1-9),3,"Over 1 month, up to and including 3 months",25.18,08/2022,Incumbent,O*NET
27-2042.00,Musicians and Singers,3.A.1,Related Work Experience,RW,Related Work Experience (Categories 1-11),7,"Over 2 years, up to and including 4 years",42.09,08/2026,Incumbent,O*NET
27-2042.00,Musicians and Singers,3.A.2,On-Site or In-Plant Training,PT,On-Site Or In-Plant Training (Categories 1-9),1,,58.69,08/2026,Incumbent,O*NET
27-2042.00,Musicians and Singers,3.A.3,On-the-Job Training,OJ,On-The-Job Training (Categories 1-9),1,None or short demonstration,25.25,08/2026,Incumbent,O*NET
27-2091.00,"Disc Jockeys, Except Radio",3.A.1,Related Work Experience,RW,Related Work Experience (Categories 1-11),5,"Over 6 months, up to and including 1 year",44.0,08/2026,Occupational Expert,O*NET
27-2091.00,"Disc Jockeys, Except Radio",3.A.2,On-Site or In-Plant Training,PT,On-Site Or In-Plant Training (Categories 1-9),2,Up to and including 1 month,32.0,08/2026,Occupational Expert,O*NET
27-2091.00,"Disc Jockeys, Except Radio",3.A.3,On-the-Job Training,OJ,On-The-Job Training (Categories 1-9),5,"Over 6 months, up to and including 1 year",32.0,08/2026,Occupational Expert,O*NET
27-3011.00,Broadcast Announcers and Radio Disc Jockeys,3.A.1,Related Work Experience,RW,Related Work Experience (Categories 1-11),6,"Over 1 year, up to and including 2 years",18.18,08/2025,Incumbent,O*NET
27-3011.00,Broadcast Announcers and Radio Disc Jockeys,3.A.2,On-Site or In-Plant Training,PT,On-Site Or In-Plant Training (Categories 1-9),2,Up to and including 1 month,55.1,08/2025,Incumbent,O*NET
27-3011.00,Broadcast Announcers and Radio Disc Jockeys,3.A.3,On-the-Job Training,OJ,On-The-Job Training (Categories 1-9),2,"Anything beyond short demonstration, up to and including 1 month",30.71,08/2025,Incumbent,O*NET
27-3023.00,"News Analysts, Reporters, and Journalists",3.A.1,Related Work Experience,RW,Related Work Experience (Categories 1-11),6,"Over 1 year, up to and including 2 years",27.62,08/2026,Incumbent,O*NET
27-3023.00,"News Analysts, Reporters, and Journalists",3.A.2,On-Site or In-Plant Training,PT,On-Site Or In-Plant Training (Categories 1-9),1,,33.69,08/2026,Incumbent,O*NET
27-3023.00,"News Analysts, Reporters, and Journalists",3.A.3,On-the-Job Training,OJ,On-The-Job Training (Categories 1-9),3,"Over 1 month, up to and including 3 months",36.36,08/2026,Incumbent,O*NET
27-3031.00,Public Relations Specialists,3.A.1,Related Work Experience,RW,Related Work Experience (Categories 1-11),7,"Over 2 years, up to and including 4 years",31.82,08/2022,Occupational Expert,O*NET
27-3031.00,Public Relations Specialists,3.A.2,On-Site or In-Plant Training,PT,On-Site Or In-Plant Training (Categories 1-9),1,,50.0,08/2022,Occupational Expert,O*NET
27-3031.00,Public Relations Specialists,3.A.3,On-the-Job Training,OJ,On-The-Job Training (Categories 1-9),3,"Over 1 month, up to and including 3 months",27.27,08/2022,Occupational Expert,O*NET
27-3041.00,Editors,3.A.1,Related Work Experience,RW,Related Work Experience (Categories 1-11),5,"Over 6 months, up to and including 1 year",30.1,08/2026,Incumbent,O*NET
27-3041.00,Editors,3.A.2,On-Site or In-Plant Training,PT,On-Site Or In-Plant Training (Categories 1-9),2,Up to and including 1 month,27.3,08/2026,Incumbent,O*NET
27-3041.00,Editors,3.A.3,On-the-Job Training,OJ,On-The-Job Training (Categories 1-9),2,"Anything beyond short demonstration, up to and including 1 month",34.6,08/2026,Incumbent,O*NET
27-3042.00,Technical Writers,3.A.1,Related Work Experience,RW,Related Work Experience (Categories 1-11),6,"Over 1 year, up to and including 2 years",38.73,07/2012,Incumbent,O*NET
27-3042.00,Technical Writers,3.A.2,On-Site or In-Plant Training,PT,On-Site Or In-Plant Training (Categories 1-9),5,"Over 6 months, up to and including 1 year",31.18,07/2012,Incumbent,O*NET
27-3042.00,Technical Writers,3.A.3,On-the-Job Training,OJ,On-The-Job Training (Categories 1-9),5,"Over 6 months, up to and including 1 year",42.34,07/2012,Incumbent,O*NET
27-3043.00,Writers and Authors,3.A.1,Related Work Experience,RW,Related Work Experience (Categories 1-11),6,"Over 1 year, up to and including 2 years",57.89,08/2026,Occupational Expert,O*NET
27-3043.00,Writers and Authors,3.A.2,On-Site or In-Plant Training,PT,On-Site Or In-Plant Training (Categories 1-9),1,,36.84,08/2026,Occupational Expert,O*NET
27-3043.00,Writers and Authors,3.A.3,On-the-Job Training,OJ,On-The-Job Training (Categories 1-9),2,"Anything beyond short demonstration, up to and including 1 month",42.11,08/2026,Occupational Expert,O*NET
27-3043.05,"Poets, Lyricists and Creative Writers",3.A.1,Related Work Experience,RW,Related Work Experience (Categories 1-11),6,"Over 1 year, up to and including 2 years",23.81,08/2024,Occupational Expert,O*NET
27-3043.05,"Poets, Lyricists and Creative Writers",3.A.2,On-Site or In-Plant Training,PT,On-Site Or In-Plant Training (Categories 1-9),1,,76.19,08/2024,Occupational Expert,O*NET
27-3043.05,"Poets, Lyricists and Creative Writers",3.A.3,On-the-Job Training,OJ,On-The-Job Training (Categories 1-9),1,None or short demonstration,42.86,08/2024,Occupational Expert,O*NET
27-3091.00,Interpreters and Translators,3.A.1,Related Work Experience,RW,Related Work Experience (Categories 1-11),7,"Over 2 years, up to and including 4 years",26.95,08/2021,Incumbent,O*NET
27-3091.00,Interpreters and Translators,3.A.2,On-Site or In-Plant Training,PT,On-Site Or In-Plant Training (Categories 1-9),2,Up to and including 1 month,57.97,08/2021,Incumbent,O*NET
27-3091.00,Interpreters and Translators,3.A.3,On-the-Job Training,OJ,On-The-Job Training (Categories 1-9),2,"Anything beyond short demonstration, up to and including 1 month",35.6,08/2021,Incumbent,O*NET
27-3092.00,Court Reporters and Simultaneous Captioners,3.A.1,Related Work Experience,RW,Related Work Experience (Categories 1-11),1,,39.13,08/2026,Occupational Expert,O*NET
27-3092.00,Court Reporters and Simultaneous Captioners,3.A.2,On-Site or In-Plant Training,PT,On-Site Or In-Plant Training (Categories 1-9),2,Up to and including 1 month,34.78,08/2026,Occupational Expert,O*NET
27-3092.00,Court Reporters and Simultaneous Captioners,3.A.3,On-the-Job Training,OJ,On-The-Job Training (Categories 1-9),2,"Anything beyond short demonstration, up to and including 1 month",30.43,08/2026,Occupational Expert,O*NET
27-4011.00,Audio and Video Technicians,3.A.1,Related Work Experience,RW,Related Work Experience (Categories 1-11),6,"Over 1 year, up to and including 2 years",36.52,08/2018,Incumbent,O*NET
27-4011.00,Audio and Video Technicians,3.A.2,On-Site or In-Plant Training,PT,On-Site Or In-Plant Training (Categories 1-9),4,"Over 3 months, up to and including 6 months",35.49,08/2018,Incumbent,O*NET
27-4011.00,Audio and Video Technicians,3.A.3,On-the-Job Training,OJ,On-The-Job Training (Categories 1-9),4,"Over 3 months, up to and including 6 months",44.19,08/2018,Incumbent,O*NET
27-4012.00,Broadcast Technicians,3.A.1,Related Work Experience,RW,Related Work Experience (Categories 1-11),7,"Over 2 years, up to and including 4 years",41.46,08/2026,Incumbent,O*NET
27-4012.00,Broadcast Technicians,3.A.2,On-Site or In-Plant Training,PT,On-Site Or In-Plant Training (Categories 1-9),6,"Over 1 year, up to and including 2 years",37.04,08/2026,Incumbent,O*NET
27-4012.00,Broadcast Technicians,3.A.3,On-the-Job Training,OJ,On-The-Job Training (Categories 1-9),5,"Over 6 months, up to and including 1 year",42.27,08/2026,Incumbent,O*NET
27-4014.00,Sound Engineering Technicians,3.A.1,Related Work Experience,RW,Related Work Experience (Categories 1-11),6,"Over 1 year, up to and including 2 years",60.0,08/2025,Occupational Expert,O*NET
27-4014.00,Sound Engineering Technicians,3.A.2,On-Site or In-Plant Training,PT,On-Site Or In-Plant Training (Categories 1-9),5,"Over 6 months, up to and including 1 year",24.0,08/2025,Occupational Expert,O*NET
27-4014.00,Sound Engineering Technicians,3.A.3,On-the-Job Training,OJ,On-The-Job Training (Categories 1-9),3,"Over 1 month, up to and including 3 months",20.0,08/2025,Occupational Expert,O*NET
27-4021.00,Photographers,3.A.1,Related Work Experience,RW,Related Work Experience (Categories 1-11),6,"Over 1 year, up to and including 2 years",45.45,08/2021,Occupational Expert,O*NET
27-4021.00,Photographers,3.A.2,On-Site or In-Plant Training,PT,On-Site Or In-Plant Training (Categories 1-9),3,"Over 1 month, up to and including 3 months",45.45,08/2021,Occupational Expert,O*NET
27-4021.00,Photographers,3.A.3,On-the-Job Training,OJ,On-The-Job Training (Categories 1-9),4,"Over 3 months, up to and including 6 months",27.27,08/2021,Occupational Expert,O*NET
27-4031.00,"Camera Operators, Television, Video, and Film",3.A.1,Related Work Experience,RW,Related Work Experience (Categories 1-11),1,,30.01,08/2019,Incumbent,O*NET
27-4031.00,"Camera Operators, Television, Video, and Film",3.A.2,On-Site or In-Plant Training,PT,On-Site Or In-Plant Training (Categories 1-9),4,"Over 3 months, up to and including 6 months",6.5,08/2019,Incumbent,O*NET
27-4031.00,"Camera Operators, Television, Video, and Film",3.A.3,On-the-Job Training,OJ,On-The-Job Training (Categories 1-9),2,"Anything beyond short demonstration, up to and including 1 month",72.96,08/2019,Incumbent,O*NET
27-4032.00,Film and Video Editors,3.A.1,Related Work Experience,RW,Related Work Experience (Categories 1-11),8,"Over 4 years, up to and including 6 years",33.77,08/2020,Incumbent,O*NET
27-4032.00,Film and Video Editors,3.A.2,On-Site or In-Plant Training,PT,On-Site Or In-Plant Training (Categories 1-9),3,"Over 1 month, up to and including 3 months",29.43,08/2020,Incumbent,O*NET
27-4032.00,Film and Video Editors,3.A.3,On-the-Job Training,OJ,On-The-Job Training (Categories 1-9),3,"Over 1 month, up to and including 3 months",55.97,08/2020,Incumbent,O*NET
29-1011.00,Chiropractors,3.A.1,Related Work Experience,RW,Related Work Experience (Categories 1-11),7,"Over 2 years, up to and including 4 years",29.21,08/2026,Incumbent,O*NET
29-1011.00,Chiropractors,3.A.2,On-Site or In-Plant Training,PT,On-Site Or In-Plant Training (Categories 1-9),4,"Over 3 months, up to and including 6 months",22.64,08/2026,Incumbent,O*NET
29-1011.00,Chiropractors,3.A.3,On-the-Job Training,OJ,On-The-Job Training (Categories 1-9),5,"Over 6 months, up to and including 1 year",25.84,08/2026,Incumbent,O*NET
29-1021.00,"Dentists, General",3.A.1,Related Work Experience,RW,Related Work Experience (Categories 1-11),8,"Over 4 years, up to and including 6 years",12.7,08/2026,Incumbent,O*NET
29-1021.00,"Dentists, General",3.A.2,On-Site or In-Plant Training,PT,On-Site Or In-Plant Training (Categories 1-9),2,Up to and including 1 month,19.5,08/2026,Incumbent,O*NET
29-1021.00,"Dentists, General",3.A.3,On-the-Job Training,OJ,On-The-Job Training (Categories 1-9),3,"Over 1 month, up to and including 3 months",23.62,08/2026,Incumbent,O*NET
29-1022.00,Oral and Maxillofacial Surgeons,3.A.1,Related Work Experience,RW,Related Work Experience (Categories 1-11),1,,37.04,08/2026,Occupational Expert,O*NET
29-1022.00,Oral and Maxillofacial Surgeons,3.A.2,On-Site or In-Plant Training,PT,On-Site Or In-Plant Training (Categories 1-9),1,,37.04,08/2026,Occupational Expert,O*NET
29-1022.00,Oral and Maxillofacial Surgeons,3.A.3,On-the-Job Training,OJ,On-The-Job Training (Categories 1-9),1,None or short demonstration,40.74,08/2026,Occupational Expert,O*NET
29-1023.00,Orthodontists,3.A.1,Related Work Experience,RW,Related Work Experience (Categories 1-11),6,"Over 1 year, up to and including 2 years",43.85,08/2023,Incumbent,O*NET
29-1023.00,Orthodontists,3.A.2,On-Site or In-Plant Training,PT,On-Site Or In-Plant Training (Categories 1-9),6,"Over 1 year, up to and including 2 years",35.48,08/2023,Incumbent,O*NET
29-1023.00,Orthodontists,3.A.3,On-the-Job Training,OJ,On-The-Job Training (Categories 1-9),6,"Over 1 year, up to and including 2 years",29.87,08/2023,Incumbent,O*NET
29-1024.00,Prosthodontists,3.A.1,Related Work Experience,RW,Related Work Experience (Categories 1-11),6,"Over 1 year, up to and including 2 years",34.64,08/2024,Incumbent,O*NET
29-1024.00,Prosthodontists,3.A.2,On-Site or In-Plant Training,PT,On-Site Or In-Plant Training (Categories 1-9),1,,22.98,08/2024,Incumbent,O*NET
29-1024.00,Prosthodontists,3.A.3,On-the-Job Training,OJ,On-The-Job Training (Categories 1-9),7,"Over 2 years, up to and including 4 years",27.14,08/2024,Incumbent,O*NET
29-1031.00,Dietitians and Nutritionists,3.A.1,Related Work Experience,RW,Related Work Experience (Categories 1-11),6,"Over 1 year, up to and including 2 years",40.0,08/2021,Occupational Expert,O*NET
29-1031.00,Dietitians and Nutritionists,3.A.2,On-Site or In-Plant Training,PT,On-Site Or In-Plant Training (Categories 1-9),2,Up to and including 1 month,46.67,08/2021,Occupational Expert,O*NET
29-1031.00,Dietitians and Nutritionists,3.A.3,On-the-Job Training,OJ,On-The-Job Training (Categories 1-9),2,"Anything beyond short demonstration, up to and including 1 month",46.67,08/2021,Occupational Expert,O*NET
29-1041.00,Optometrists,3.A.1,Related Work Experience,RW,Related Work Experience (Categories 1-11),1,,52.38,08/2021,Occupational Expert,O*NET
29-1041.00,Optometrists,3.A.2,On-Site or In-Plant Training,PT,On-Site Or In-Plant Training (Categories 1-9),1,,38.1,08/2021,Occupational Expert,O*NET
29-1041.00,Optometrists,3.A.3,On-the-Job Training,OJ,On-The-Job Training (Categories 1-9),2,"Anything beyond short demonstration, up to and including 1 month",52.38,08/2021,Occupational Expert,O*NET
29-1051.00,Pharmacists,3.A.1,Related Work Experience,RW,Related Work Experience (Categories 1-11),5,"Over 6 months, up to and including 1 year",25.0,08/2026,Occupational Expert,O*NET
29-1051.00,Pharmacists,3.A.2,On-Site or In-Plant Training,PT,On-Site Or In-Plant Training (Categories 1-9),2,Up to and including 1 month,32.14,08/2026,Occupational Expert,O*NET
29-1051.00,Pharmacists,3.A.3,On-the-Job Training,OJ,On-The-Job Training (Categories 1-9),3,"Over 1 month, up to and including 3 months",39.29,08/2026,Occupational Expert,O*NET
29-1071.00,Physician Assistants,3.A.1,Related Work Experience,RW,Related Work Experience (Categories 1-11),1,,35.14,08/2021,Occupational Expert,O*NET
29-1071.00,Physician Assistants,3.A.2,On-Site or In-Plant Training,PT,On-Site Or In-Plant Training (Categories 1-9),2,Up to and including 1 month,29.73,08/2021,Occupational Expert,O*NET
29-1071.00,Physician Assistants,3.A.3,On-the-Job Training,OJ,On-The-Job Training (Categories 1-9),3,"Over 1 month, up to and including 3 months",27.03,08/2021,Occupational Expert,O*NET
29-1071.01,Anesthesiologist Assistants,3.A.1,Related Work Experience,RW,Related Work Experience (Categories 1-11),1,,62.96,08/2026,Occupational Expert,O*NET
29-1071.01,Anesthesiologist Assistants,3.A.2,On-Site or In-Plant Training,PT,On-Site Or In-Plant Training (Categories 1-9),1,,40.74,08/2026,Occupational Expert,O*NET
29-1071.01,Anesthesiologist Assistants,3.A.3,On-the-Job Training,OJ,On-The-Job Training (Categories 1-9),2,"Anything beyond short demonstration, up to and including 1 month",40.74,08/2026,Occupational Expert,O*NET
29-1081.00,Podiatrists,3.A.1,Related Work Experience,RW,Related Work Experience (Categories 1-11),7,"Over 2 years, up to and including 4 years",55.66,08/2022,Incumbent,O*NET
29-1081.00,Podiatrists,3.A.2,On-Site or In-Plant Training,PT,On-Site Or In-Plant Training (Categories 1-9),7,"Over 2 years, up to and including 4 years",37.85,08/2022,Incumbent,O*NET
29-1081.00,Podiatrists,3.A.3,On-the-Job Training,OJ,On-The-Job Training (Categories 1-9),7,"Over 2 years, up to and including 4 years",47.17,08/2022,Incumbent,O*NET
29-1122.00,Occupational Therapists,3.A.1,Related Work Experience,RW,Related Work Experience (Categories 1-11),5,"Over 6 months, up to and including 1 year",36.36,08/2021,Occupational Expert,O*NET
29-1122.00,Occupational Therapists,3.A.2,On-Site or In-Plant Training,PT,On-Site Or In-Plant Training (Categories 1-9),1,,27.27,08/2021,Occupational Expert,O*NET
29-1122.00,Occupational Therapists,3.A.3,On-the-Job Training,OJ,On-The-Job Training (Categories 1-9),3,"Over 1 month, up to and including 3 months",40.91,08/2021,Occupational Expert,O*NET
29-1122.01,"Low Vision Therapists, Orientation and Mobility Specialists, and Vision Rehabilitation Therapists",3.A.1,Related Work Experience,RW,Related Work Experience (Categories 1-11),1,,34.78,08/2021,Occupational Expert,O*NET
29-1122.01,"Low Vision Therapists, Orientation and Mobility Specialists, and Vision Rehabilitation Therapists",3.A.2,On-Site or In-Plant Training,PT,On-Site Or In-Plant Training (Categories 1-9),1,,34.78,08/2021,Occupational Expert,O*NET
29-1122.01,"Low Vision Therapists, Orientation and Mobility Specialists, and Vision Rehabilitation Therapists",3.A.3,On-the-Job Training,OJ,On-The-Job Training (Categories 1-9),4,"Over 3 months, up to and including 6 months",30.43,08/2021,Occupational Expert,O*NET
29-1123.00,Physical Therapists,3.A.1,Related Work Experience,RW,Related Work Experience (Categories 1-11),1,,30.39,08/2020,Incumbent,O*NET
29-1123.00,Physical Therapists,3.A.2,On-Site or In-Plant Training,PT,On-Site Or In-Plant Training (Categories 1-9),1,,49.72,08/2020,Incumbent,O*NET
29-1123.00,Physical Therapists,3.A.3,On-the-Job Training,OJ,On-The-Job Training (Categories 1-9),2,"Anything beyond short demonstration, up to and including 1 month",42.35,08/2020,Incumbent,O*NET
29-1124.00,Radiation Therapists,3.A.1,Related Work Experience,RW,Related Work Experience (Categories 1-11),6,"Over 1 year, up to and including 2 years",32.92,07/2013,Incumbent,O*NET
29-1124.00,Radiation Therapists,3.A.2,On-Site or In-Plant Training,PT,On-Site Or In-Plant Training (Categories 1-9),6,"Over 1 year, up to and including 2 years",24.4,07/2013,Incumbent,O*NET
29-1124.00,Radiation Therapists,3.A.3,On-the-Job Training,OJ,On-The-Job Training (Categories 1-9),6,"Over 1 year, up to and including 2 years",27.78,07/2013,Incumbent,O*NET
29-1125.00,Recreational Therapists,3.A.1,Related Work Experience,RW,Related Work Experience (Categories 1-11),5,"Over 6 months, up to and including 1 year",34.21,08/2022,Occupational Expert,O*NET
29-1125.00,Recreational Therapists,3.A.2,On-Site or In-Plant Training,PT,On-Site Or In-Plant Training (Categories 1-9),2,Up to and including 1 month,39.47,08/2022,Occupational Expert,O*NET
29-1125.00,Recreational Therapists,3.A.3,On-the-Job Training,OJ,On-The-Job Training (Categories 1-9),3,"Over 1 month, up to and including 3 months",28.95,08/2022,Occupational Expert,O*NET
29-1126.00,Respiratory Therapists,3.A.1,Related Work Experience,RW,Related Work Experience (Categories 1-11),3,"Over 1 month, up to and including 3 months",17.42,08/2026,Incumbent,O*NET
29-1126.00,Respiratory Therapists,3.A.2,On-Site or In-Plant Training,PT,On-Site Or In-Plant Training (Categories 1-9),2,Up to and including 1 month,44.94,08/2026,Incumbent,O*NET
29-1126.00,Respiratory Therapists,3.A.3,On-the-Job Training,OJ,On-The-Job Training (Categories 1-9),3,"Over 1 month, up to and including 3 months",68.88,08/2026,Incumbent,O*NET
29-1127.00,Speech-Language Pathologists,3.A.1,Related Work Experience,RW,Related Work Experience (Categories 1-11),6,"Over 1 year, up to and including 2 years",72.83,08/2022,Incumbent,O*NET
29-1127.00,Speech-Language Pathologists,3.A.2,On-Site or In-Plant Training,PT,On-Site Or In-Plant Training (Categories 1-9),3,"Over 1 month, up to and including 3 months",27.64,08/2022,Incumbent,O*NET
29-1127.00,Speech-Language Pathologists,3.A.3,On-the-Job Training,OJ,On-The-Job Training (Categories 1-9),2,"Anything beyond short demonstration, up to and including 1 month",31.56,08/2022,Incumbent,O*NET
29-1128.00,Exercise Physiologists,3.A.1,Related Work Experience,RW,Related Work Experience (Categories 1-11),6,"Over 1 year, up to and including 2 years",32.0,08/2026,Occupational Expert,O*NET
29-1128.00,Exercise Physiologists,3.A.2,On-Site or In-Plant Training,PT,On-Site Or In-Plant Training (Categories 1-9),2,Up to and including 1 month,36.0,08/2026,Occupational Expert,O*NET
29-1128.00,Exercise Physiologists,3.A.3,On-the-Job Training,OJ,On-The-Job Training (Categories 1-9),4,"Over 3 months, up to and including 6 months",36.0,08/2026,Occupational Expert,O*NET
29-1129.01,Art Therapists,3.A.1,Related Work Experience,RW,Related Work Experience (Categories 1-11),6,"Over 1 year, up to and including 2 years",40.0,08/2026,Occupational Expert,O*NET
29-1129.01,Art Therapists,3.A.2,On-Site or In-Plant Training,PT,On-Site Or In-Plant Training (Categories 1-9),2,Up to and including 1 month,31.43,08/2026,Occupational Expert,O*NET
29-1129.01,Art Therapists,3.A.3,On-the-Job Training,OJ,On-The-Job Training (Categories 1-9),2,"Anything beyond short demonstration, up to and including 1 month",31.43,08/2026,Occupational Expert,O*NET
29-1129.02,Music Therapists,3.A.1,Related Work Experience,RW,Related Work Experience (Categories 1-11),5,"Over 6 months, up to and including 1 year",38.46,08/2021,Occupational Expert,O*NET
29-1129.02,Music Therapists,3.A.2,On-Site or In-Plant Training,PT,On-Site Or In-Plant Training (Categories 1-9),2,Up to and including 1 month,50.0,08/2021,Occupational Expert,O*NET
29-1129.02,Music Therapists,3.A.3,On-the-Job Training,OJ,On-The-Job Training (Categories 1-9),2,"Anything beyond short demonstration, up to and including 1 month",42.31,08/2021,Occupational Expert,O*NET
29-1131.00,Veterinarians,3.A.1,Related Work Experience,RW,Related Work Experience (Categories 1-11),6,"Over 1 year, up to and including 2 years",25.85,08/2020,Incumbent,O*NET
29-1131.00,Veterinarians,3.A.2,On-Site or In-Plant Training,PT,On-Site Or In-Plant Training (Categories 1-9),8,"Over 4 years, up to and including 10 years",21.11,08/2020,Incumbent,O*NET
29-1131.00,Veterinarians,3.A.3,On-the-Job Training,OJ,On-The-Job Training (Categories 1-9),5,"Over 6 months, up to and including 1 year",28.6,08/2020,Incumbent,O*NET
29-1141.00,Registered Nurses,3.A.1,Related Work Experience,RW,Related Work Experience (Categories 1-11),6,"Over 1 year, up to and including 2 years",34.47,08/2021,Incumbent,O*NET
29-1141.00,Registered Nurses,3.A.2,On-Site or In-Plant Training,PT,On-Site Or In-Plant Training (Categories 1-9),2,Up to and including 1 month,32.79,08/2021,Incumbent,O*NET
29-1141.00,Registered Nurses,3.A.3,On-the-Job Training,OJ,On-The-Job Training (Categories 1-9),4,"Over 3 months, up to and including 6 months",34.4,08/2021,Incumbent,O*NET
29-1141.01,Acute Care Nurses,3.A.1,Related Work Experience,RW,Related Work Experience (Categories 1-11),1,,33.33,08/2025,Occupational Expert,O*NET
29-1141.01,Acute Care Nurses,3.A.2,On-Site or In-Plant Training,PT,On-Site Or In-Plant Training (Categories 1-9),4,"Over 3 months, up to and including 6 months",33.33,08/2025,Occupational Expert,O*NET
29-1141.01,Acute Care Nurses,3.A.3,On-the-Job Training,OJ,On-The-Job Training (Categories 1-9),3,"Over 1 month, up to and including 3 months",52.38,08/2025,Occupational Expert,O*NET
29-1141.02,Advanced Practice Psychiatric Nurses,3.A.1,Related Work Experience,RW,Related Work Experience (Categories 1-11),6,"Over 1 year, up to and including 2 years",40.91,08/2023,Occupational Expert,O*NET
29-1141.02,Advanced Practice Psychiatric Nurses,3.A.2,On-Site or In-Plant Training,PT,On-Site Or In-Plant Training (Categories 1-9),2,Up to and including 1 month,38.1,08/2023,Occupational Expert,O*NET
29-1141.02,Advanced Practice Psychiatric Nurses,3.A.3,On-the-Job Training,OJ,On-The-Job Training (Categories 1-9),5,"Over 6 months, up to and including 1 year",31.82,08/2023,Occupational Expert,O*NET
29-1141.03,Critical Care Nurses,3.A.1,Related Work Experience,RW,Related Work Experience (Categories 1-11),1,,32.14,08/2021,Occupational Expert,O*NET
29-1141.03,Critical Care Nurses,3.A.2,On-Site or In-Plant Training,PT,On-Site Or In-Plant Training (Categories 1-9),4,"Over 3 months, up to and including 6 months",39.29,08/2021,Occupational Expert,O*NET
29-1141.03,Critical Care Nurses,3.A.3,On-the-Job Training,OJ,On-The-Job Training (Categories 1-9),4,"Over 3 months, up to and including 6 months",64.29,08/2021,Occupational Expert,O*NET
29-1141.04,Clinical Nurse Specialists,3.A.1,Related Work Experience,RW,Related Work Experience (Categories 1-11),8,"Over 4 years, up to and including 6 years",47.62,08/2025,Occupational Expert,O*NET
29-1141.04,Clinical Nurse Specialists,3.A.2,On-Site or In-Plant Training,PT,On-Site Or In-Plant Training (Categories 1-9),2,Up to and including 1 month,28.57,08/2025,Occupational Expert,O*NET
29-1141.04,Clinical Nurse Specialists,3.A.3,On-the-Job Training,OJ,On-The-Job Training (Categories 1-9),3,"Over 1 month, up to and including 3 months",28.57,08/2025,Occupational Expert,O*NET
29-1151.00,Nurse Anesthetists,3.A.1,Related Work Experience,RW,Related Work Experience (Categories 1-11),7,"Over 2 years, up to and including 4 years",37.04,08/2021,Occupational Expert,O*NET
29-1151.00,Nurse Anesthetists,3.A.2,On-Site or In-Plant Training,PT,On-Site Or In-Plant Training (Categories 1-9),2,Up to and including 1 month,44.44,08/2021,Occupational Expert,O*NET
29-1151.00,Nurse Anesthetists,3.A.3,On-the-Job Training,OJ,On-The-Job Training (Categories 1-9),2,"Anything beyond short demonstration, up to and including 1 month",33.33,08/2021,Occupational Expert,O*NET
29-1161.00,Nurse Midwives,3.A.1,Related Work Experience,RW,Related Work Experience (Categories 1-11),1,,42.42,08/2021,Occupational Expert,O*NET
29-1161.00,Nurse Midwives,3.A.2,On-Site or In-Plant Training,PT,On-Site Or In-Plant Training (Categories 1-9),3,"Over 1 month, up to and including 3 months",36.36,08/2021,Occupational Expert,O*NET
29-1161.00,Nurse Midwives,3.A.3,On-the-Job Training,OJ,On-The-Job Training (Categories 1-9),3,"Over 1 month, up to and including 3 months",36.36,08/2021,Occupational Expert,O*NET
29-1171.00,Nurse Practitioners,3.A.1,Related Work Experience,RW,Related Work Experience (Categories 1-11),6,"Over 1 year, up to and including 2 years",34.78,08/2021,Occupational Expert,O*NET
29-1171.00,Nurse Practitioners,3.A.2,On-Site or In-Plant Training,PT,On-Site Or In-Plant Training (Categories 1-9),4,"Over 3 months, up to and including 6 months",30.43,08/2021,Occupational Expert,O*NET
29-1171.00,Nurse Practitioners,3.A.3,On-the-Job Training,OJ,On-The-Job Training (Categories 1-9),4,"Over 3 months, up to and including 6 months",26.09,08/2021,Occupational Expert,O*NET
29-1181.00,Audiologists,3.A.1,Related Work Experience,RW,Related Work Experience (Categories 1-11),6,"Over 1 year, up to and including 2 years",33.33,08/2021,Occupational Expert,O*NET
29-1181.00,Audiologists,3.A.2,On-Site or In-Plant Training,PT,On-Site Or In-Plant Training (Categories 1-9),1,,31.82,08/2021,Occupational Expert,O*NET
29-1181.00,Audiologists,3.A.3,On-the-Job Training,OJ,On-The-Job Training (Categories 1-9),2,"Anything beyond short demonstration, up to and including 1 month",31.82,08/2021,Occupational Expert,O*NET
29-1211.00,Anesthesiologists,3.A.1,Related Work Experience,RW,Related Work Experience (Categories 1-11),11,Over 10 years,34.72,08/2026,Incumbent,O*NET
29-1211.00,Anesthesiologists,3.A.2,On-Site or In-Plant Training,PT,On-Site Or In-Plant Training (Categories 1-9),1,,34.01,08/2026,Incumbent,O*NET
29-1211.00,Anesthesiologists,3.A.3,On-the-Job Training,OJ,On-The-Job Training (Categories 1-9),1,None or short demonstration,16.46,08/2026,Incumbent,O*NET
29-1213.00,Dermatologists,3.A.1,Related Work Experience,RW,Related Work Experience (Categories 1-11),7,"Over 2 years, up to and including 4 years",44.9,08/2021,Incumbent,O*NET
29-1213.00,Dermatologists,3.A.2,On-Site or In-Plant Training,PT,On-Site Or In-Plant Training (Categories 1-9),1,,27.08,08/2021,Incumbent,O*NET
29-1213.00,Dermatologists,3.A.3,On-the-Job Training,OJ,On-The-Job Training (Categories 1-9),2,"Anything beyond short demonstration, up to and including 1 month",25.11,08/2021,Incumbent,O*NET
29-1214.00,Emergency Medicine Physicians,3.A.1,Related Work Experience,RW,Related Work Experience (Categories 1-11),7,"Over 2 years, up to and including 4 years",51.72,08/2025,Occupational Expert,O*NET
29-1214.00,Emergency Medicine Physicians,3.A.2,On-Site or In-Plant Training,PT,On-Site Or In-Plant Training (Categories 1-9),2,Up to and including 1 month,48.28,08/2025,Occupational Expert,O*NET
29-1214.00,Emergency Medicine Physicians,3.A.3,On-the-Job Training,OJ,On-The-Job Training (Categories 1-9),2,"Anything beyond short demonstration, up to and including 1 month",41.38,08/2025,Occupational Expert,O*NET
29-1215.00,Family Medicine Physicians,3.A.1,Related Work Experience,RW,Related Work Experience (Categories 1-11),7,"Over 2 years, up to and including 4 years",69.93,08/2020,Incumbent,O*NET
29-1215.00,Family Medicine Physicians,3.A.2,On-Site or In-Plant Training,PT,On-Site Or In-Plant Training (Categories 1-9),2,Up to and including 1 month,30.38,08/2020,Incumbent,O*NET
29-1215.00,Family Medicine Physicians,3.A.3,On-the-Job Training,OJ,On-The-Job Training (Categories 1-9),2,"Anything beyond short demonstration, up to and including 1 month",27.29,08/2020,Incumbent,O*NET
29-1216.00,General Internal Medicine Physicians,3.A.1,Related Work Experience,RW,Related Work Experience (Categories 1-11),8,"Over 4 years, up to and including 6 years",33.17,08/2021,Incumbent,O*NET
29-1216.00,General Internal Medicine Physicians,3.A.2,On-Site or In-Plant Training,PT,On-Site Or In-Plant Training (Categories 1-9),2,Up to and including 1 month,44.1,08/2021,Incumbent,O*NET
29-1216.00,General Internal Medicine Physicians,3.A.3,On-the-Job Training,OJ,On-The-Job Training (Categories 1-9),2,"Anything beyond short demonstration, up to and including 1 month",36.25,08/2021,Incumbent,O*NET
29-1217.00,Neurologists,3.A.1,Related Work Experience,RW,Related Work Experience (Categories 1-11),8,"Over 4 years, up to and including 6 years",27.56,07/2012,Incumbent,O*NET
29-1217.00,Neurologists,3.A.2,On-Site or In-Plant Training,PT,On-Site Or In-Plant Training (Categories 1-9),1,,24.88,07/2012,Incumbent,O*NET
29-1217.00,Neurologists,3.A.3,On-the-Job Training,OJ,On-The-Job Training (Categories 1-9),1,None or short demonstration,20.75,07/2012,Incumbent,O*NET
29-1218.00,Obstetricians and Gynecologists,3.A.1,Related Work Experience,RW,Related Work Experience (Categories 1-11),8,"Over 4 years, up to and including 6 years",61.32,08/2023,Incumbent,O*NET
29-1218.00,Obstetricians and Gynecologists,3.A.2,On-Site or In-Plant Training,PT,On-Site Or In-Plant Training (Categories 1-9),2,Up to and including 1 month,34.3,08/2023,Incumbent,O*NET
29-1218.00,Obstetricians and Gynecologists,3.A.3,On-the-Job Training,OJ,On-The-Job Training (Categories 1-9),2,"Anything beyond short demonstration, up to and including 1 month",27.44,08/2023,Incumbent,O*NET
29-1221.00,"Pediatricians, General",3.A.1,Related Work Experience,RW,Related Work Experience (Categories 1-11),7,"Over 2 years, up to and including 4 years",79.76,08/2020,Incumbent,O*NET
29-1221.00,"Pediatricians, General",3.A.2,On-Site or In-Plant Training,PT,On-Site Or In-Plant Training (Categories 1-9),2,Up to and including 1 month,68.56,08/2020,Incumbent,O*NET
29-1221.00,"Pediatricians, General",3.A.3,On-the-Job Training,OJ,On-The-Job Training (Categories 1-9),2,"Anything beyond short demonstration, up to and including 1 month",31.52,08/2020,Incumbent,O*NET
29-1222.00,"Physicians, Pathologists",3.A.1,Related Work Experience,RW,Related Work Experience (Categories 1-11),8,"Over 4 years, up to and including 6 years",47.02,08/2020,Incumbent,O*NET
29-1222.00,"Physicians, Pathologists",3.A.2,On-Site or In-Plant Training,PT,On-Site Or In-Plant Training (Categories 1-9),4,"Over 3 months, up to and including 6 months",32.06,08/2020,Incumbent,O*NET
29-1222.00,"Physicians, Pathologists",3.A.3,On-the-Job Training,OJ,On-The-Job Training (Categories 1-9),3,"Over 1 month, up to and including 3 months",31.01,08/2020,Incumbent,O*NET
29-1223.00,Psychiatrists,3.A.1,Related Work Experience,RW,Related Work Experience (Categories 1-11),8,"Over 4 years, up to and including 6 years",58.35,08/2026,Incumbent,O*NET
29-1223.00,Psychiatrists,3.A.2,On-Site or In-Plant Training,PT,On-Site Or In-Plant Training (Categories 1-9),2,Up to and including 1 month,43.86,08/2026,Incumbent,O*NET
29-1223.00,Psychiatrists,3.A.3,On-the-Job Training,OJ,On-The-Job Training (Categories 1-9),2,"Anything beyond short demonstration, up to and including 1 month",29.36,08/2026,Incumbent,O*NET
29-1224.00,Radiologists,3.A.1,Related Work Experience,RW,Related Work Experience (Categories 1-11),8,"Over 4 years, up to and including 6 years",65.8,08/2023,Incumbent,O*NET
29-1224.00,Radiologists,3.A.2,On-Site or In-Plant Training,PT,On-Site Or In-Plant Training (Categories 1-9),2,Up to and including 1 month,31.41,08/2023,Incumbent,O*NET
29-1224.00,Radiologists,3.A.3,On-the-Job Training,OJ,On-The-Job Training (Categories 1-9),8,"Over 4 years, up to and including 10 years",35.3,08/2023,Incumbent,O*NET
29-1229.01,Allergists and Immunologists,3.A.1,Related Work Experience,RW,Related Work Experience (Categories 1-11),8,"Over 4 years, up to and including 6 years",40.45,08/2022,Incumbent,O*NET
29-1229.01,Allergists and Immunologists,3.A.2,On-Site or In-Plant Training,PT,On-Site Or In-Plant Training (Categories 1-9),1,,34.55,08/2022,Incumbent,O*NET
29-1229.01,Allergists and Immunologists,3.A.3,On-the-Job Training,OJ,On-The-Job Training (Categories 1-9),4,"Over 3 months, up to and including 6 months",31.49,08/2022,Incumbent,O*NET
29-1229.02,Hospitalists,3.A.1,Related Work Experience,RW,Related Work Experience (Categories 1-11),7,"Over 2 years, up to and including 4 years",40.0,08/2021,Occupational Expert,O*NET
29-1229.02,Hospitalists,3.A.2,On-Site or In-Plant Training,PT,On-Site Or In-Plant Training (Categories 1-9),2,Up to and including 1 month,40.0,08/2021,Occupational Expert,O*NET
29-1229.02,Hospitalists,3.A.3,On-the-Job Training,OJ,On-The-Job Training (Categories 1-9),3,"Over 1 month, up to and including 3 months",40.0,08/2021,Occupational Expert,O*NET
29-1229.03,Urologists,3.A.1,Related Work Experience,RW,Related Work Experience (Categories 1-11),8,"Over 4 years, up to and including 6 years",35.0,08/2023,Incumbent,O*NET
29-1229.03,Urologists,3.A.2,On-Site or In-Plant Training,PT,On-Site Or In-Plant Training (Categories 1-9),1,,16.44,08/2023,Incumbent,O*NET
29-1229.03,Urologists,3.A.3,On-the-Job Training,OJ,On-The-Job Training (Categories 1-9),2,"Anything beyond short demonstration, up to and including 1 month",13.75,08/2023,Incumbent,O*NET
29-1229.04,Physical Medicine and Rehabilitation Physicians,3.A.1,Related Work Experience,RW,Related Work Experience (Categories 1-11),7,"Over 2 years, up to and including 4 years",36.0,08/2026,Occupational Expert,O*NET
29-1229.04,Physical Medicine and Rehabilitation Physicians,3.A.2,On-Site or In-Plant Training,PT,On-Site Or In-Plant Training (Categories 1-9),1,,24.0,08/2026,Occupational Expert,O*NET
29-1229.04,Physical Medicine and Rehabilitation Physicians,3.A.3,On-the-Job Training,OJ,On-The-Job Training (Categories 1-9),7,"Over 2 years, up to and including 4 years",37.5,08/2026,Occupational Expert,O*NET
29-1229.05,Preventive Medicine Physicians,3.A.1,Related Work Experience,RW,Related Work Experience (Categories 1-11),7,"Over 2 years, up to and including 4 years",31.58,08/2023,Occupational Expert,O*NET
29-1229.05,Preventive Medicine Physicians,3.A.2,On-Site or In-Plant Training,PT,On-Site Or In-Plant Training (Categories 1-9),6,"Over 1 year, up to and including 2 years",26.32,08/2023,Occupational Expert,O*NET
29-1229.05,Preventive Medicine Physicians,3.A.3,On-the-Job Training,OJ,On-The-Job Training (Categories 1-9),1,None or short demonstration,21.05,08/2023,Occupational Expert,O*NET
29-1229.06,Sports Medicine Physicians,3.A.1,Related Work Experience,RW,Related Work Experience (Categories 1-11),7,"Over 2 years, up to and including 4 years",28.12,08/2026,Occupational Expert,O*NET
29-1229.06,Sports Medicine Physicians,3.A.2,On-Site or In-Plant Training,PT,On-Site Or In-Plant Training (Categories 1-9),1,,25.0,08/2026,Occupational Expert,O*NET
29-1229.06,Sports Medicine Physicians,3.A.3,On-the-Job Training,OJ,On-The-Job Training (Categories 1-9),1,None or short demonstration,21.88,08/2026,Occupational Expert,O*NET
29-1241.00,"Ophthalmologists, Except Pediatric",3.A.1,Related Work Experience,RW,Related Work Experience (Categories 1-11),8,"Over 4 years, up to and including 6 years",29.56,08/2022,Incumbent,O*NET
29-1241.00,"Ophthalmologists, Except Pediatric",3.A.2,On-Site or In-Plant Training,PT,On-Site Or In-Plant Training (Categories 1-9),3,"Over 1 month, up to and including 3 months",24.16,08/2022,Incumbent,O*NET
29-1241.00,"Ophthalmologists, Except Pediatric",3.A.3,On-the-Job Training,OJ,On-The-Job Training (Categories 1-9),6,"Over 1 year, up to and including 2 years",35.75,08/2022,Incumbent,O*NET
29-1291.00,Acupuncturists,3.A.1,Related Work Experience,RW,Related Work Experience (Categories 1-11),6,"Over 1 year, up to and including 2 years",44.83,08/2025,Occupational Expert,O*NET
29-1291.00,Acupuncturists,3.A.2,On-Site or In-Plant Training,PT,On-Site Or In-Plant Training (Categories 1-9),2,Up to and including 1 month,34.48,08/2025,Occupational Expert,O*NET
29-1291.00,Acupuncturists,3.A.3,On-the-Job Training,OJ,On-The-Job Training (Categories 1-9),2,"Anything beyond short demonstration, up to and including 1 month",27.59,08/2025,Occupational Expert,O*NET
29-1292.00,Dental Hygienists,3.A.1,Related Work Experience,RW,Related Work Experience (Categories 1-11),1,,49.11,08/2021,Incumbent,O*NET
29-1292.00,Dental Hygienists,3.A.2,On-Site or In-Plant Training,PT,On-Site Or In-Plant Training (Categories 1-9),1,,56.8,08/2021,Incumbent,O*NET
29-1292.00,Dental Hygienists,3.A.3,On-the-Job Training,OJ,On-The-Job Training (Categories 1-9),1,None or short demonstration,81.01,08/2021,Incumbent,O*NET
29-1299.01,Naturopathic Physicians,3.A.1,Related Work Experience,RW,Related Work Experience (Categories 1-11),1,,37.5,08/2021,Occupational Expert,O*NET
29-1299.01,Naturopathic Physicians,3.A.2,On-Site or In-Plant Training,PT,On-Site Or In-Plant Training (Categories 1-9),1,,56.0,08/2021,Occupational Expert,O*NET
29-1299.01,Naturopathic Physicians,3.A.3,On-the-Job Training,OJ,On-The-Job Training (Categories 1-9),1,None or short demonstration,32.0,08/2021,Occupational Expert,O*NET
29-1299.02,Orthoptists,3.A.1,Related Work Experience,RW,Related Work Experience (Categories 1-11),1,,40.62,08/2026,Occupational Expert,O*NET
29-1299.02,Orthoptists,3.A.2,On-Site or In-Plant Training,PT,On-Site Or In-Plant Training (Categories 1-9),1,,33.33,08/2026,Occupational Expert,O*NET
29-1299.02,Orthoptists,3.A.3,On-the-Job Training,OJ,On-The-Job Training (Categories 1-9),1,None or short demonstration,27.27,08/2026,Occupational Expert,O*NET
29-2011.00,Medical and Clinical Laboratory Technologists,3.A.1,Related Work Experience,RW,Related Work Experience (Categories 1-11),1,,27.03,08/2025,Incumbent,O*NET
29-2011.00,Medical and Clinical Laboratory Technologists,3.A.2,On-Site or In-Plant Training,PT,On-Site Or In-Plant Training (Categories 1-9),3,"Over 1 month, up to and including 3 months",26.47,08/2025,Incumbent,O*NET
29-2011.00,Medical and Clinical Laboratory Technologists,3.A.3,On-the-Job Training,OJ,On-The-Job Training (Categories 1-9),4,"Over 3 months, up to and including 6 months",33.74,08/2025,Incumbent,O*NET
29-2011.01,Cytogenetic Technologists,3.A.1,Related Work Experience,RW,Related Work Experience (Categories 1-11),1,,65.0,08/2026,Occupational Expert,O*NET
29-2011.01,Cytogenetic Technologists,3.A.2,On-Site or In-Plant Training,PT,On-Site Or In-Plant Training (Categories 1-9),6,"Over 1 year, up to and including 2 years",35.0,08/2026,Occupational Expert,O*NET
29-2011.01,Cytogenetic Technologists,3.A.3,On-the-Job Training,OJ,On-The-Job Training (Categories 1-9),5,"Over 6 months, up to and including 1 year",40.0,08/2026,Occupational Expert,O*NET
29-2011.02,Cytotechnologists,3.A.1,Related Work Experience,RW,Related Work Experience (Categories 1-11),1,,45.45,08/2021,Occupational Expert,O*NET
29-2011.02,Cytotechnologists,3.A.2,On-Site or In-Plant Training,PT,On-Site Or In-Plant Training (Categories 1-9),1,,31.82,08/2021,Occupational Expert,O*NET
29-2011.02,Cytotechnologists,3.A.3,On-the-Job Training,OJ,On-The-Job Training (Categories 1-9),1,None or short demonstration,27.27,08/2021,Occupational Expert,O*NET
29-2011.04,Histotechnologists,3.A.1,Related Work Experience,RW,Related Work Experience (Categories 1-11),6,"Over 1 year, up to and including 2 years",38.1,08/2024,Occupational Expert,O*NET
29-2011.04,Histotechnologists,3.A.2,On-Site or In-Plant Training,PT,On-Site Or In-Plant Training (Categories 1-9),5,"Over 6 months, up to and including 1 year",52.38,08/2024,Occupational Expert,O*NET
29-2011.04,Histotechnologists,3.A.3,On-the-Job Training,OJ,On-The-Job Training (Categories 1-9),3,"Over 1 month, up to and including 3 months",28.57,08/2024,Occupational Expert,O*NET
29-2012.00,Medical and Clinical Laboratory Technicians,3.A.1,Related Work Experience,RW,Related Work Experience (Categories 1-11),4,"Over 3 months, up to and including 6 months",30.21,08/2026,Incumbent,O*NET
29-2012.00,Medical and Clinical Laboratory Technicians,3.A.2,On-Site or In-Plant Training,PT,On-Site Or In-Plant Training (Categories 1-9),4,"Over 3 months, up to and including 6 months",31.28,08/2026,Incumbent,O*NET
29-2012.00,Medical and Clinical Laboratory Technicians,3.A.3,On-the-Job Training,OJ,On-The-Job Training (Categories 1-9),4,"Over 3 months, up to and including 6 months",52.56,08/2026,Incumbent,O*NET
29-2012.01,Histology Technicians,3.A.1,Related Work Experience,RW,Related Work Experience (Categories 1-11),1,,20.0,08/2025,Occupational Expert,O*NET
29-2012.01,Histology Technicians,3.A.2,On-Site or In-Plant Training,PT,On-Site Or In-Plant Training (Categories 1-9),5,"Over 6 months, up to and including 1 year",28.0,08/2025,Occupational Expert,O*NET
29-2012.01,Histology Technicians,3.A.3,On-the-Job Training,OJ,On-The-Job Training (Categories 1-9),4,"Over 3 months, up to and including 6 months",28.0,08/2025,Occupational Expert,O*NET
29-2031.00,Cardiovascular Technologists and Technicians,3.A.1,Related Work Experience,RW,Related Work Experience (Categories 1-11),6,"Over 1 year, up to and including 2 years",38.48,07/2014,Incumbent,O*NET
29-2031.00,Cardiovascular Technologists and Technicians,3.A.2,On-Site or In-Plant Training,PT,On-Site Or In-Plant Training (Categories 1-9),5,"Over 6 months, up to and including 1 year",22.93,07/2014,Incumbent,O*NET
29-2031.00,Cardiovascular Technologists and Technicians,3.A.3,On-the-Job Training,OJ,On-The-Job Training (Categories 1-9),3,"Over 1 month, up to and including 3 months",28.05,07/2014,Incumbent,O*NET
29-2032.00,Diagnostic Medical Sonographers,3.A.1,Related Work Experience,RW,Related Work Experience (Categories 1-11),6,"Over 1 year, up to and including 2 years",65.63,08/2026,Incumbent,O*NET
29-2032.00,Diagnostic Medical Sonographers,3.A.2,On-Site or In-Plant Training,PT,On-Site Or In-Plant Training (Categories 1-9),6,"Over 1 year, up to and including 2 years",40.09,08/2026,Incumbent,O*NET
29-2032.00,Diagnostic Medical Sonographers,3.A.3,On-the-Job Training,OJ,On-The-Job Training (Categories 1-9),7,"Over 2 years, up to and including 4 years",29.7,08/2026,Incumbent,O*NET
29-2033.00,Nuclear Medicine Technologists,3.A.1,Related Work Experience,RW,Related Work Experience (Categories 1-11),6,"Over 1 year, up to and including 2 years",34.93,07/2013,Incumbent,O*NET
29-2033.00,Nuclear Medicine Technologists,3.A.2,On-Site or In-Plant Training,PT,On-Site Or In-Plant Training (Categories 1-9),4,"Over 3 months, up to and including 6 months",20.25,07/2013,Incumbent,O*NET
29-2033.00,Nuclear Medicine Technologists,3.A.3,On-the-Job Training,OJ,On-The-Job Training (Categories 1-9),4,"Over 3 months, up to and including 6 months",26.7,07/2013,Incumbent,O*NET
29-2034.00,Radiologic Technologists and Technicians,3.A.1,Related Work Experience,RW,Related Work Experience (Categories 1-11),6,"Over 1 year, up to and including 2 years",39.29,08/2026,Occupational Expert,O*NET
29-2034.00,Radiologic Technologists and Technicians,3.A.2,On-Site or In-Plant Training,PT,On-Site Or In-Plant Training (Categories 1-9),2,Up to and including 1 month,28.57,08/2026,Occupational Expert,O*NET
29-2034.00,Radiologic Technologists and Technicians,3.A.3,On-the-Job Training,OJ,On-The-Job Training (Categories 1-9),3,"Over 1 month, up to and including 3 months",42.86,08/2026,Occupational Expert,O*NET
29-2035.00,Magnetic Resonance Imaging Technologists,3.A.1,Related Work Experience,RW,Related Work Experience (Categories 1-11),7,"Over 2 years, up to and including 4 years",26.09,08/2023,Occupational Expert,O*NET
29-2035.00,Magnetic Resonance Imaging Technologists,3.A.2,On-Site or In-Plant Training,PT,On-Site Or In-Plant Training (Categories 1-9),2,Up to and including 1 month,26.09,08/2023,Occupational Expert,O*NET
29-2035.00,Magnetic Resonance Imaging Technologists,3.A.3,On-the-Job Training,OJ,On-The-Job Training (Categories 1-9),3,"Over 1 month, up to and including 3 months",39.13,08/2023,Occupational Expert,O*NET
29-2036.00,Medical Dosimetrists,3.A.1,Related Work Experience,RW,Related Work Experience (Categories 1-11),6,"Over 1 year, up to and including 2 years",35.0,08/2024,Occupational Expert,O*NET
29-2036.00,Medical Dosimetrists,3.A.2,On-Site or In-Plant Training,PT,On-Site Or In-Plant Training (Categories 1-9),3,"Over 1 month, up to and including 3 months",30.0,08/2024,Occupational Expert,O*NET
29-2036.00,Medical Dosimetrists,3.A.3,On-the-Job Training,OJ,On-The-Job Training (Categories 1-9),2,"Anything beyond short demonstration, up to and including 1 month",20.0,08/2024,Occupational Expert,O*NET
29-2043.00,Paramedics,3.A.1,Related Work Experience,RW,Related Work Experience (Categories 1-11),1,,45.16,08/2026,Occupational Expert,O*NET
29-2043.00,Paramedics,3.A.2,On-Site or In-Plant Training,PT,On-Site Or In-Plant Training (Categories 1-9),3,"Over 1 month, up to and including 3 months",38.71,08/2026,Occupational Expert,O*NET
29-2043.00,Paramedics,3.A.3,On-the-Job Training,OJ,On-The-Job Training (Categories 1-9),5,"Over 6 months, up to and including 1 year",29.03,08/2026,Occupational Expert,O*NET
29-2051.00,Dietetic Technicians,3.A.1,Related Work Experience,RW,Related Work Experience (Categories 1-11),6,"Over 1 year, up to and including 2 years",33.62,08/2021,Incumbent,O*NET
29-2051.00,Dietetic Technicians,3.A.2,On-Site or In-Plant Training,PT,On-Site Or In-Plant Training (Categories 1-9),2,Up to and including 1 month,44.77,08/2021,Incumbent,O*NET
29-2051.00,Dietetic Technicians,3.A.3,On-the-Job Training,OJ,On-The-Job Training (Categories 1-9),2,"Anything beyond short demonstration, up to and including 1 month",34.97,08/2021,Incumbent,O*NET
29-2052.00,Pharmacy Technicians,3.A.1,Related Work Experience,RW,Related Work Experience (Categories 1-11),1,,38.71,08/2021,Incumbent,O*NET
29-2052.00,Pharmacy Technicians,3.A.2,On-Site or In-Plant Training,PT,On-Site Or In-Plant Training (Categories 1-9),2,Up to and including 1 month,31.16,08/2021,Incumbent,O*NET
29-2052.00,Pharmacy Technicians,3.A.3,On-the-Job Training,OJ,On-The-Job Training (Categories 1-9),2,"Anything beyond short demonstration, up to and including 1 month",44.52,08/2021,Incumbent,O*NET
29-2053.00,Psychiatric Technicians,3.A.1,Related Work Experience,RW,Related Work Experience (Categories 1-11),1,,41.41,08/2023,Incumbent,O*NET
29-2053.00,Psychiatric Technicians,3.A.2,On-Site or In-Plant Training,PT,On-Site Or In-Plant Training (Categories 1-9),3,"Over 1 month, up to and including 3 months",22.34,08/2023,Incumbent,O*NET
29-2053.00,Psychiatric Technicians,3.A.3,On-the-Job Training,OJ,On-The-Job Training (Categories 1-9),4,"Over 3 months, up to and including 6 months",33.01,08/2023,Incumbent,O*NET
29-2055.00,Surgical Technologists,3.A.1,Related Work Experience,RW,Related Work Experience (Categories 1-11),6,"Over 1 year, up to and including 2 years",33.27,08/2026,Incumbent,O*NET
29-2055.00,Surgical Technologists,3.A.2,On-Site or In-Plant Training,PT,On-Site Or In-Plant Training (Categories 1-9),2,Up to and including 1 month,20.88,08/2026,Incumbent,O*NET
29-2055.00,Surgical Technologists,3.A.3,On-the-Job Training,OJ,On-The-Job Training (Categories 1-9),3,"Over 1 month, up to and including 3 months",25.16,08/2026,Incumbent,O*NET
29-2056.00,Veterinary Technologists and Technicians,3.A.1,Related Work Experience,RW,Related Work Experience (Categories 1-11),5,"Over 6 months, up to and including 1 year",31.1,08/2020,Incumbent,O*NET
29-2056.00,Veterinary Technologists and Technicians,3.A.2,On-Site or In-Plant Training,PT,On-Site Or In-Plant Training (Categories 1-9),3,"Over 1 month, up to and including 3 months",41.18,08/2020,Incumbent,O*NET
29-2056.00,Veterinary Technologists and Technicians,3.A.3,On-the-Job Training,OJ,On-The-Job Training (Categories 1-9),3,"Over 1 month, up to and including 3 months",42.3,08/2020,Incumbent,O*NET
29-2057.00,Ophthalmic Medical Technicians,3.A.1,Related Work Experience,RW,Related Work Experience (Categories 1-11),6,"Over 1 year, up to and including 2 years",40.91,08/2020,Occupational Expert,O*NET
29-2057.00,Ophthalmic Medical Technicians,3.A.2,On-Site or In-Plant Training,PT,On-Site Or In-Plant Training (Categories 1-9),1,,31.82,08/2020,Occupational Expert,O*NET
29-2057.00,Ophthalmic Medical Technicians,3.A.3,On-the-Job Training,OJ,On-The-Job Training (Categories 1-9),4,"Over 3 months, up to and including 6 months",31.82,08/2020,Occupational Expert,O*NET
29-2061.00,Licensed Practical and Licensed Vocational Nurses,3.A.1,Related Work Experience,RW,Related Work Experience (Categories 1-11),6,"Over 1 year, up to and including 2 years",34.5,08/2021,Incumbent,O*NET
29-2061.00,Licensed Practical and Licensed Vocational Nurses,3.A.2,On-Site or In-Plant Training,PT,On-Site Or In-Plant Training (Categories 1-9),2,Up to and including 1 month,40.28,08/2021,Incumbent,O*NET
29-2061.00,Licensed Practical and Licensed Vocational Nurses,3.A.3,On-the-Job Training,OJ,On-The-Job Training (Categories 1-9),2,"Anything beyond short demonstration, up to and including 1 month",40.07,08/2021,Incumbent,O*NET
29-2072.00,Medical Records Specialists,3.A.1,Related Work Experience,RW,Related Work Experience (Categories 1-11),1,,20.34,08/2026,Incumbent,O*NET
29-2072.00,Medical Records Specialists,3.A.2,On-Site or In-Plant Training,PT,On-Site Or In-Plant Training (Categories 1-9),3,"Over 1 month, up to and including 3 months",36.15,08/2026,Incumbent,O*NET
29-2072.00,Medical Records Specialists,3.A.3,On-the-Job Training,OJ,On-The-Job Training (Categories 1-9),2,"Anything beyond short demonstration, up to and including 1 month",41.14,08/2026,Incumbent,O*NET
29-2081.00,"Opticians, Dispensing",3.A.1,Related Work Experience,RW,Related Work Experience (Categories 1-11),1,,37.5,08/2022,Occupational Expert,O*NET
29-2081.00,"Opticians, Dispensing",3.A.2,On-Site or In-Plant Training,PT,On-Site Or In-Plant Training (Categories 1-9),7,"Over 2 years, up to and including 4 years",33.33,08/2022,Occupational Expert,O*NET
29-2081.00,"Opticians, Dispensing",3.A.3,On-the-Job Training,OJ,On-The-Job Training (Categories 1-9),7,"Over 2 years, up to and including 4 years",37.5,08/2022,Occupational Expert,O*NET
29-2091.00,Orthotists and Prosthetists,3.A.1,Related Work Experience,RW,Related Work Experience (Categories 1-11),6,"Over 1 year, up to and including 2 years",52.38,08/2024,Occupational Expert,O*NET
29-2091.00,Orthotists and Prosthetists,3.A.2,On-Site or In-Plant Training,PT,On-Site Or In-Plant Training (Categories 1-9),6,"Over 1 year, up to and including 2 years",26.32,08/2024,Occupational Expert,O*NET
29-2091.00,Orthotists and Prosthetists,3.A.3,On-the-Job Training,OJ,On-The-Job Training (Categories 1-9),6,"Over 1 year, up to and including 2 years",42.86,08/2024,Occupational Expert,O*NET
29-2092.00,Hearing Aid Specialists,3.A.1,Related Work Experience,RW,Related Work Experience (Categories 1-11),6,"Over 1 year, up to and including 2 years",39.87,08/2020,Incumbent,O*NET
29-2092.00,Hearing Aid Specialists,3.A.2,On-Site or In-Plant Training,PT,On-Site Or In-Plant Training (Categories 1-9),4,"Over 3 months, up to and including 6 months",41.01,08/2020,Incumbent,O*NET
29-2092.00,Hearing Aid Specialists,3.A.3,On-the-Job Training,OJ,On-The-Job Training (Categories 1-9),4,"Over 3 months, up to and including 6 months",37.96,08/2020,Incumbent,O*NET
29-2099.01,Neurodiagnostic Technologists,3.A.1,Related Work Experience,RW,Related Work Experience (Categories 1-11),6,"Over 1 year, up to and including 2 years",38.71,08/2022,Occupational Expert,O*NET
29-2099.01,Neurodiagnostic Technologists,3.A.2,On-Site or In-Plant Training,PT,On-Site Or In-Plant Training (Categories 1-9),5,"Over 6 months, up to and including 1 year",25.81,08/2022,Occupational Expert,O*NET
29-2099.01,Neurodiagnostic Technologists,3.A.3,On-the-Job Training,OJ,On-The-Job Training (Categories 1-9),6,"Over 1 year, up to and including 2 years",25.81,08/2022,Occupational Expert,O*NET
29-2099.05,Ophthalmic Medical Technologists,3.A.1,Related Work Experience,RW,Related Work Experience (Categories 1-11),6,"Over 1 year, up to and including 2 years",25.0,08/2020,Occupational Expert,O*NET
29-2099.05,Ophthalmic Medical Technologists,3.A.2,On-Site or In-Plant Training,PT,On-Site Or In-Plant Training (Categories 1-9),1,,20.0,08/2020,Occupational Expert,O*NET
29-2099.05,Ophthalmic Medical Technologists,3.A.3,On-the-Job Training,OJ,On-The-Job Training (Categories 1-9),3,"Over 1 month, up to and including 3 months",25.0,08/2020,Occupational Expert,O*NET
29-2099.08,Patient Representatives,3.A.1,Related Work Experience,RW,Related Work Experience (Categories 1-11),6,"Over 1 year, up to and including 2 years",38.46,08/2026,Occupational Expert,O*NET
29-2099.08,Patient Representatives,3.A.2,On-Site or In-Plant Training,PT,On-Site Or In-Plant Training (Categories 1-9),2,Up to and including 1 month,30.77,08/2026,Occupational Expert,O*NET
29-2099.08,Patient Representatives,3.A.3,On-the-Job Training,OJ,On-The-Job Training (Categories 1-9),4,"Over 3 months, up to and including 6 months",38.46,08/2026,Occupational Expert,O*NET
29-9091.00,Athletic Trainers,3.A.1,Related Work Experience,RW,Related Work Experience (Categories 1-11),7,"Over 2 years, up to and including 4 years",43.2,08/2021,Incumbent,O*NET
29-9091.00,Athletic Trainers,3.A.2,On-Site or In-Plant Training,PT,On-Site Or In-Plant Training (Categories 1-9),2,Up to and including 1 month,51.41,08/2021,Incumbent,O*NET
29-9091.00,Athletic Trainers,3.A.3,On-the-Job Training,OJ,On-The-Job Training (Categories 1-9),1,None or short demonstration,44.59,08/2021,Incumbent,O*NET
29-9092.00,Genetic Counselors,3.A.1,Related Work Experience,RW,Related Work Experience (Categories 1-11),1,,57.14,08/2026,Occupational Expert,O*NET
29-9092.00,Genetic Counselors,3.A.2,On-Site or In-Plant Training,PT,On-Site Or In-Plant Training (Categories 1-9),2,Up to and including 1 month,33.33,08/2026,Occupational Expert,O*NET
29-9092.00,Genetic Counselors,3.A.3,On-the-Job Training,OJ,On-The-Job Training (Categories 1-9),3,"Over 1 month, up to and including 3 months",33.33,08/2026,Occupational Expert,O*NET
29-9093.00,Surgical Assistants,3.A.1,Related Work Experience,RW,Related Work Experience (Categories 1-11),7,"Over 2 years, up to and including 4 years",12.69,08/2026,Incumbent,O*NET
29-9093.00,Surgical Assistants,3.A.2,On-Site or In-Plant Training,PT,On-Site Or In-Plant Training (Categories 1-9),5,"Over 6 months, up to and including 1 year",64.55,08/2026,Incumbent,O*NET
29-9093.00,Surgical Assistants,3.A.3,On-the-Job Training,OJ,On-The-Job Training (Categories 1-9),5,"Over 6 months, up to and including 1 year",53.16,08/2026,Incumbent,O*NET
29-9099.01,Midwives,3.A.1,Related Work Experience,RW,Related Work Experience (Categories 1-11),7,"Over 2 years, up to and including 4 years",38.5,08/2021,Incumbent,O*NET
29-9099.01,Midwives,3.A.2,On-Site or In-Plant Training,PT,On-Site Or In-Plant Training (Categories 1-9),3,"Over 1 month, up to and including 3 months",26.27,08/2021,Incumbent,O*NET
29-9099.01,Midwives,3.A.3,On-the-Job Training,OJ,On-The-Job Training (Categories 1-9),4,"Over 3 months, up to and including 6 months",37.63,08/2021,Incumbent,O*NET
31-1121.00,Home Health Aides,3.A.1,Related Work Experience,RW,Related Work Experience (Categories 1-11),5,"Over 6 months, up to and including 1 year",28.13,08/2026,Incumbent,O*NET
31-1121.00,Home Health Aides,3.A.2,On-Site or In-Plant Training,PT,On-Site Or In-Plant Training (Categories 1-9),2,Up to and including 1 month,84.87,08/2026,Incumbent,O*NET
31-1121.00,Home Health Aides,3.A.3,On-the-Job Training,OJ,On-The-Job Training (Categories 1-9),1,None or short demonstration,10.23,08/2026,Incumbent,O*NET
31-1122.00,Personal Care Aides,3.A.1,Related Work Experience,RW,Related Work Experience (Categories 1-11),5,"Over 6 months, up to and including 1 year",25.38,08/2023,Incumbent,O*NET
31-1122.00,Personal Care Aides,3.A.2,On-Site or In-Plant Training,PT,On-Site Or In-Plant Training (Categories 1-9),2,Up to and including 1 month,62.09,08/2023,Incumbent,O*NET
31-1122.00,Personal Care Aides,3.A.3,On-the-Job Training,OJ,On-The-Job Training (Categories 1-9),5,"Over 6 months, up to and including 1 year",23.52,08/2023,Incumbent,O*NET
31-1131.00,Nursing Assistants,3.A.1,Related Work Experience,RW,Related Work Experience (Categories 1-11),1,,26.73,08/2020,Incumbent,O*NET
31-1131.00,Nursing Assistants,3.A.2,On-Site or In-Plant Training,PT,On-Site Or In-Plant Training (Categories 1-9),2,Up to and including 1 month,61.66,08/2020,Incumbent,O*NET
31-1131.00,Nursing Assistants,3.A.3,On-the-Job Training,OJ,On-The-Job Training (Categories 1-9),2,"Anything beyond short demonstration, up to and including 1 month",60.29,08/2020,Incumbent,O*NET
31-1132.00,Orderlies,3.A.1,Related Work Experience,RW,Related Work Experience (Categories 1-11),1,,58.03,07/2016,Incumbent,O*NET
31-1132.00,Orderlies,3.A.2,On-Site or In-Plant Training,PT,On-Site Or In-Plant Training (Categories 1-9),2,Up to and including 1 month,59.83,07/2016,Incumbent,O*NET
31-1132.00,Orderlies,3.A.3,On-the-Job Training,OJ,On-The-Job Training (Categories 1-9),2,"Anything beyond short demonstration, up to and including 1 month",63.85,07/2016,Incumbent,O*NET
31-1133.00,Psychiatric Aides,3.A.1,Related Work Experience,RW,Related Work Experience (Categories 1-11),5,"Over 6 months, up to and including 1 year",22.75,08/2023,Incumbent,O*NET
31-1133.00,Psychiatric Aides,3.A.2,On-Site or In-Plant Training,PT,On-Site Or In-Plant Training (Categories 1-9),3,"Over 1 month, up to and including 3 months",42.04,08/2023,Incumbent,O*NET
31-1133.00,Psychiatric Aides,3.A.3,On-the-Job Training,OJ,On-The-Job Training (Categories 1-9),3,"Over 1 month, up to and including 3 months",34.23,08/2023,Incumbent,O*NET
31-2011.00,Occupational Therapy Assistants,3.A.1,Related Work Experience,RW,Related Work Experience (Categories 1-11),5,"Over 6 months, up to and including 1 year",38.69,08/2022,Incumbent,O*NET
31-2011.00,Occupational Therapy Assistants,3.A.2,On-Site or In-Plant Training,PT,On-Site Or In-Plant Training (Categories 1-9),1,,25.52,08/2022,Incumbent,O*NET
31-2011.00,Occupational Therapy Assistants,3.A.3,On-the-Job Training,OJ,On-The-Job Training (Categories 1-9),1,None or short demonstration,25.52,08/2022,Incumbent,O*NET
31-2012.00,Occupational Therapy Aides,3.A.1,Related Work Experience,RW,Related Work Experience (Categories 1-11),1,,36.76,08/2020,Incumbent,O*NET
31-2012.00,Occupational Therapy Aides,3.A.2,On-Site or In-Plant Training,PT,On-Site Or In-Plant Training (Categories 1-9),2,Up to and including 1 month,58.87,08/2020,Incumbent,O*NET
31-2012.00,Occupational Therapy Aides,3.A.3,On-the-Job Training,OJ,On-The-Job Training (Categories 1-9),2,"Anything beyond short demonstration, up to and including 1 month",46.28,08/2020,Incumbent,O*NET
31-2021.00,Physical Therapist Assistants,3.A.1,Related Work Experience,RW,Related Work Experience (Categories 1-11),1,,37.34,08/2020,Incumbent,O*NET
31-2021.00,Physical Therapist Assistants,3.A.2,On-Site or In-Plant Training,PT,On-Site Or In-Plant Training (Categories 1-9),2,Up to and including 1 month,37.25,08/2020,Incumbent,O*NET
31-2021.00,Physical Therapist Assistants,3.A.3,On-the-Job Training,OJ,On-The-Job Training (Categories 1-9),4,"Over 3 months, up to and including 6 months",25.49,08/2020,Incumbent,O*NET
31-2022.00,Physical Therapist Aides,3.A.1,Related Work Experience,RW,Related Work Experience (Categories 1-11),5,"Over 6 months, up to and including 1 year",39.94,08/2023,Incumbent,O*NET
31-2022.00,Physical Therapist Aides,3.A.2,On-Site or In-Plant Training,PT,On-Site Or In-Plant Training (Categories 1-9),2,Up to and including 1 month,62.0,08/2023,Incumbent,O*NET
31-2022.00,Physical Therapist Aides,3.A.3,On-the-Job Training,OJ,On-The-Job Training (Categories 1-9),2,"Anything beyond short demonstration, up to and including 1 month",69.51,08/2023,Incumbent,O*NET
31-9011.00,Massage Therapists,3.A.1,Related Work Experience,RW,Related Work Experience (Categories 1-11),1,,35.71,08/2026,Occupational Expert,O*NET
31-9011.00,Massage Therapists,3.A.2,On-Site or In-Plant Training,PT,On-Site Or In-Plant Training (Categories 1-9),1,,33.33,08/2026,Occupational Expert,O*NET
31-9011.00,Massage Therapists,3.A.3,On-the-Job Training,OJ,On-The-Job Training (Categories 1-9),2,"Anything beyond short demonstration, up to and including 1 month",40.74,08/2026,Occupational Expert,O*NET
31-9091.00,Dental Assistants,3.A.1,Related Work Experience,RW,Related Work Experience (Categories 1-11),6,"Over 1 year, up to and including 2 years",27.35,08/2021,Incumbent,O*NET
31-9091.00,Dental Assistants,3.A.2,On-Site or In-Plant Training,PT,On-Site Or In-Plant Training (Categories 1-9),5,"Over 6 months, up to and including 1 year",36.78,08/2021,Incumbent,O*NET
31-9091.00,Dental Assistants,3.A.3,On-the-Job Training,OJ,On-The-Job Training (Categories 1-9),5,"Over 6 months, up to and including 1 year",41.88,08/2021,Incumbent,O*NET
31-9092.00,Medical Assistants,3.A.1,Related Work Experience,RW,Related Work Experience (Categories 1-11),5,"Over 6 months, up to and including 1 year",40.69,08/2021,Incumbent,O*NET
31-9092.00,Medical Assistants,3.A.2,On-Site or In-Plant Training,PT,On-Site Or In-Plant Training (Categories 1-9),2,Up to and including 1 month,22.94,08/2021,Incumbent,O*NET
31-9092.00,Medical Assistants,3.A.3,On-the-Job Training,OJ,On-The-Job Training (Categories 1-9),3,"Over 1 month, up to and including 3 months",65.95,08/2021,Incumbent,O*NET
31-9093.00,Medical Equipment Preparers,3.A.1,Related Work Experience,RW,Related Work Experience (Categories 1-11),6,"Over 1 year, up to and including 2 years",39.16,07/2014,Incumbent,O*NET
31-9093.00,Medical Equipment Preparers,3.A.2,On-Site or In-Plant Training,PT,On-Site Or In-Plant Training (Categories 1-9),5,"Over 6 months, up to and including 1 year",25.03,07/2014,Incumbent,O*NET
31-9093.00,Medical Equipment Preparers,3.A.3,On-the-Job Training,OJ,On-The-Job Training (Categories 1-9),5,"Over 6 months, up to and including 1 year",48.48,07/2014,Incumbent,O*NET
31-9094.00,Medical Transcriptionists,3.A.1,Related Work Experience,RW,Related Work Experience (Categories 1-11),1,,32.88,08/2021,Incumbent,O*NET
31-9094.00,Medical Transcriptionists,3.A.2,On-Site or In-Plant Training,PT,On-Site Or In-Plant Training (Categories 1-9),4,"Over 3 months, up to and including 6 months",32.2,08/2021,Incumbent,O*NET
31-9094.00,Medical Transcriptionists,3.A.3,On-the-Job Training,OJ,On-The-Job Training (Categories 1-9),3,"Over 1 month, up to and including 3 months",34.01,08/2021,Incumbent,O*NET
31-9095.00,Pharmacy Aides,3.A.1,Related Work Experience,RW,Related Work Experience (Categories 1-11),6,"Over 1 year, up to and including 2 years",19.9,07/2014,Incumbent,O*NET
31-9095.00,Pharmacy Aides,3.A.2,On-Site or In-Plant Training,PT,On-Site Or In-Plant Training (Categories 1-9),3,"Over 1 month, up to and including 3 months",59.01,07/2014,Incumbent,O*NET
31-9095.00,Pharmacy Aides,3.A.3,On-the-Job Training,OJ,On-The-Job Training (Categories 1-9),3,"Over 1 month, up to and including 3 months",45.48,07/2014,Incumbent,O*NET
31-9096.00,Veterinary Assistants and Laboratory Animal Caretakers,3.A.1,Related Work Experience,RW,Related Work Experience (Categories 1-11),1,,35.18,08/2020,Incumbent,O*NET
31-9096.00,Veterinary Assistants and Laboratory Animal Caretakers,3.A.2,On-Site or In-Plant Training,PT,On-Site Or In-Plant Training (Categories 1-9),3,"Over 1 month, up to and including 3 months",21.98,08/2020,Incumbent,O*NET
31-9096.00,Veterinary Assistants and Laboratory Animal Caretakers,3.A.3,On-the-Job Training,OJ,On-The-Job Training (Categories 1-9),2,"Anything beyond short demonstration, up to and including 1 month",34.98,08/2020,Incumbent,O*NET
31-9097.00,Phlebotomists,3.A.1,Related Work Experience,RW,Related Work Experience (Categories 1-11),1,,37.5,08/2026,Occupational Expert,O*NET
31-9097.00,Phlebotomists,3.A.2,On-Site or In-Plant Training,PT,On-Site Or In-Plant Training (Categories 1-9),2,Up to and including 1 month,40.0,08/2026,Occupational Expert,O*NET
31-9097.00,Phlebotomists,3.A.3,On-the-Job Training,OJ,On-The-Job Training (Categories 1-9),3,"Over 1 month, up to and including 3 months",48.0,08/2026,Occupational Expert,O*NET
31-9099.01,Speech-Language Pathology Assistants,3.A.1,Related Work Experience,RW,Related Work Experience (Categories 1-11),4,"Over 3 months, up to and including 6 months",11.76,08/2022,Incumbent,O*NET
31-9099.01,Speech-Language Pathology Assistants,3.A.2,On-Site or In-Plant Training,PT,On-Site Or In-Plant Training (Categories 1-9),1,,32.74,08/2022,Incumbent,O*NET
31-9099.01,Speech-Language Pathology Assistants,3.A.3,On-the-Job Training,OJ,On-The-Job Training (Categories 1-9),2,"Anything beyond short demonstration, up to and including 1 month",32.53,08/2022,Incumbent,O*NET
31-9099.02,Endoscopy Technicians,3.A.1,Related Work Experience,RW,Related Work Experience (Categories 1-11),1,,50.0,08/2023,Occupational Expert,O*NET
31-9099.02,Endoscopy Technicians,3.A.2,On-Site or In-Plant Training,PT,On-Site Or In-Plant Training (Categories 1-9),3,"Over 1 month, up to and including 3 months",53.85,08/2023,Occupational Expert,O*NET
31-9099.02,Endoscopy Technicians,3.A.3,On-the-Job Training,OJ,On-The-Job Training (Categories 1-9),3,"Over 1 month, up to and including 3 months",53.85,08/2023,Occupational Expert,O*NET
33-1011.00,First-Line Supervisors of Correctional Officers,3.A.1,Related Work Experience,RW,Related Work Experience (Categories 1-11),7,"Over 2 years, up to and including 4 years",39.15,08/2020,Incumbent,O*NET
33-1011.00,First-Line Supervisors of Correctional Officers,3.A.2,On-Site or In-Plant Training,PT,On-Site Or In-Plant Training (Categories 1-9),3,"Over 1 month, up to and including 3 months",34.78,08/2020,Incumbent,O*NET
33-1011.00,First-Line Supervisors of Correctional Officers,3.A.3,On-the-Job Training,OJ,On-The-Job Training (Categories 1-9),3,"Over 1 month, up to and including 3 months",40.23,08/2020,Incumbent,O*NET
33-1012.00,First-Line Supervisors of Police and Detectives,3.A.1,Related Work Experience,RW,Related Work Experience (Categories 1-11),1,,71.55,08/2024,Incumbent,O*NET
33-1012.00,First-Line Supervisors of Police and Detectives,3.A.2,On-Site or In-Plant Training,PT,On-Site Or In-Plant Training (Categories 1-9),4,"Over 3 months, up to and including 6 months",36.55,08/2024,Incumbent,O*NET
33-1012.00,First-Line Supervisors of Police and Detectives,3.A.3,On-the-Job Training,OJ,On-The-Job Training (Categories 1-9),5,"Over 6 months, up to and including 1 year",44.53,08/2024,Incumbent,O*NET
33-1021.00,First-Line Supervisors of Firefighting and Prevention Workers,3.A.1,Related Work Experience,RW,Related Work Experience (Categories 1-11),6,"Over 1 year, up to and including 2 years",18.61,08/2026,Incumbent,O*NET
33-1021.00,First-Line Supervisors of Firefighting and Prevention Workers,3.A.2,On-Site or In-Plant Training,PT,On-Site Or In-Plant Training (Categories 1-9),6,"Over 1 year, up to and including 2 years",33.28,08/2026,Incumbent,O*NET
33-1021.00,First-Line Supervisors of Firefighting and Prevention Workers,3.A.3,On-the-Job Training,OJ,On-The-Job Training (Categories 1-9),6,"Over 1 year, up to and including 2 years",34.05,08/2026,Incumbent,O*NET
33-1091.00,First-Line Supervisors of Security Workers,3.A.1,Related Work Experience,RW,Related Work Experience (Categories 1-11),7,"Over 2 years, up to and including 4 years",33.61,08/2025,Incumbent,O*NET
33-1091.00,First-Line Supervisors of Security Workers,3.A.2,On-Site or In-Plant Training,PT,On-Site Or In-Plant Training (Categories 1-9),2,Up to and including 1 month,42.32,08/2025,Incumbent,O*NET
33-1091.00,First-Line Supervisors of Security Workers,3.A.3,On-the-Job Training,OJ,On-The-Job Training (Categories 1-9),3,"Over 1 month, up to and including 3 months",31.96,08/2025,Incumbent,O*NET
33-2011.00,Firefighters,3.A.1,Related Work Experience,RW,Related Work Experience (Categories 1-11),1,,53.56,08/2026,Incumbent,O*NET
33-2011.00,Firefighters,3.A.2,On-Site or In-Plant Training,PT,On-Site Or In-Plant Training (Categories 1-9),6,"Over 1 year, up to and including 2 years",29.08,08/2026,Incumbent,O*NET
33-2011.00,Firefighters,3.A.3,On-the-Job Training,OJ,On-The-Job Training (Categories 1-9),5,"Over 6 months, up to and including 1 year",27.34,08/2026,Incumbent,O*NET
33-2021.00,Fire Inspectors and Investigators,3.A.1,Related Work Experience,RW,Related Work Experience (Categories 1-11),6,"Over 1 year, up to and including 2 years",25.4,08/2022,Incumbent,O*NET
33-2021.00,Fire Inspectors and Investigators,3.A.2,On-Site or In-Plant Training,PT,On-Site Or In-Plant Training (Categories 1-9),5,"Over 6 months, up to and including 1 year",32.26,08/2022,Incumbent,O*NET
33-2021.00,Fire Inspectors and Investigators,3.A.3,On-the-Job Training,OJ,On-The-Job Training (Categories 1-9),5,"Over 6 months, up to and including 1 year",27.02,08/2022,Incumbent,O*NET
33-2022.00,Forest Fire Inspectors and Prevention Specialists,3.A.1,Related Work Experience,RW,Related Work Experience (Categories 1-11),7,"Over 2 years, up to and including 4 years",45.56,08/2019,Incumbent,O*NET
33-2022.00,Forest Fire Inspectors and Prevention Specialists,3.A.2,On-Site or In-Plant Training,PT,On-Site Or In-Plant Training (Categories 1-9),6,"Over 1 year, up to and including 2 years",28.39,08/2019,Incumbent,O*NET
33-2022.00,Forest Fire Inspectors and Prevention Specialists,3.A.3,On-the-Job Training,OJ,On-The-Job Training (Categories 1-9),6,"Over 1 year, up to and including 2 years",23.97,08/2019,Incumbent,O*NET
33-3011.00,Bailiffs,3.A.1,Related Work Experience,RW,Related Work Experience (Categories 1-11),1,,27.51,08/2020,Incumbent,O*NET
33-3011.00,Bailiffs,3.A.2,On-Site or In-Plant Training,PT,On-Site Or In-Plant Training (Categories 1-9),3,"Over 1 month, up to and including 3 months",28.84,08/2020,Incumbent,O*NET
33-3011.00,Bailiffs,3.A.3,On-the-Job Training,OJ,On-The-Job Training (Categories 1-9),3,"Over 1 month, up to and including 3 months",34.16,08/2020,Incumbent,O*NET
33-3012.00,Correctional Officers and Jailers,3.A.1,Related Work Experience,RW,Related Work Experience (Categories 1-11),1,,51.32,08/2023,Incumbent,O*NET
33-3012.00,Correctional Officers and Jailers,3.A.2,On-Site or In-Plant Training,PT,On-Site Or In-Plant Training (Categories 1-9),3,"Over 1 month, up to and including 3 months",43.91,08/2023,Incumbent,O*NET
33-3012.00,Correctional Officers and Jailers,3.A.3,On-the-Job Training,OJ,On-The-Job Training (Categories 1-9),3,"Over 1 month, up to and including 3 months",40.63,08/2023,Incumbent,O*NET
33-3021.00,Detectives and Criminal Investigators,3.A.1,Related Work Experience,RW,Related Work Experience (Categories 1-11),1,,32.43,08/2026,Incumbent,O*NET
33-3021.00,Detectives and Criminal Investigators,3.A.2,On-Site or In-Plant Training,PT,On-Site Or In-Plant Training (Categories 1-9),5,"Over 6 months, up to and including 1 year",28.51,08/2026,Incumbent,O*NET
33-3021.00,Detectives and Criminal Investigators,3.A.3,On-the-Job Training,OJ,On-The-Job Training (Categories 1-9),5,"Over 6 months, up to and including 1 year",35.54,08/2026,Incumbent,O*NET
33-3021.02,Police Identification and Records Officers,3.A.1,Related Work Experience,RW,Related Work Experience (Categories 1-11),7,"Over 2 years, up to and including 4 years",40.4,08/2025,Incumbent,O*NET
33-3021.02,Police Identification and Records Officers,3.A.2,On-Site or In-Plant Training,PT,On-Site Or In-Plant Training (Categories 1-9),5,"Over 6 months, up to and including 1 year",22.39,08/2025,Incumbent,O*NET
33-3021.02,Police Identification and Records Officers,3.A.3,On-the-Job Training,OJ,On-The-Job Training (Categories 1-9),5,"Over 6 months, up to and including 1 year",30.83,08/2025,Incumbent,O*NET
33-3021.06,Intelligence Analysts,3.A.1,Related Work Experience,RW,Related Work Experience (Categories 1-11),7,"Over 2 years, up to and including 4 years",30.43,08/2024,Occupational Expert,O*NET
33-3021.06,Intelligence Analysts,3.A.2,On-Site or In-Plant Training,PT,On-Site Or In-Plant Training (Categories 1-9),5,"Over 6 months, up to and including 1 year",30.43,08/2024,Occupational Expert,O*NET
33-3021.06,Intelligence Analysts,3.A.3,On-the-Job Training,OJ,On-The-Job Training (Categories 1-9),5,"Over 6 months, up to and including 1 year",34.78,08/2024,Occupational Expert,O*NET
33-3031.00,Fish and Game Wardens,3.A.1,Related Work Experience,RW,Related Work Experience (Categories 1-11),1,,48.37,08/2026,Incumbent,O*NET
33-3031.00,Fish and Game Wardens,3.A.2,On-Site or In-Plant Training,PT,On-Site Or In-Plant Training (Categories 1-9),6,"Over 1 year, up to and including 2 years",42.47,08/2026,Incumbent,O*NET
33-3031.00,Fish and Game Wardens,3.A.3,On-the-Job Training,OJ,On-The-Job Training (Categories 1-9),4,"Over 3 months, up to and including 6 months",36.7,08/2026,Incumbent,O*NET
33-3041.00,Parking Enforcement Workers,3.A.1,Related Work Experience,RW,Related Work Experience (Categories 1-11),1,,84.48,08/2026,Incumbent,O*NET
33-3041.00,Parking Enforcement Workers,3.A.2,On-Site or In-Plant Training,PT,On-Site Or In-Plant Training (Categories 1-9),2,Up to and including 1 month,53.38,08/2026,Incumbent,O*NET
33-3041.00,Parking Enforcement Workers,3.A.3,On-the-Job Training,OJ,On-The-Job Training (Categories 1-9),2,"Anything beyond short demonstration, up to and including 1 month",43.55,08/2026,Incumbent,O*NET
33-3051.00,Police and Sheriff's Patrol Officers,3.A.1,Related Work Experience,RW,Related Work Experience (Categories 1-11),1,,62.21,08/2026,Incumbent,O*NET
33-3051.00,Police and Sheriff's Patrol Officers,3.A.2,On-Site or In-Plant Training,PT,On-Site Or In-Plant Training (Categories 1-9),5,"Over 6 months, up to and including 1 year",40.11,08/2026,Incumbent,O*NET
33-3051.00,Police and Sheriff's Patrol Officers,3.A.3,On-the-Job Training,OJ,On-The-Job Training (Categories 1-9),4,"Over 3 months, up to and including 6 months",32.6,08/2026,Incumbent,O*NET
33-3051.04,Customs and Border Protection Officers,3.A.1,Related Work Experience,RW,Related Work Experience (Categories 1-11),1,,48.38,07/2012,Incumbent,O*NET
33-3051.04,Customs and Border Protection Officers,3.A.2,On-Site or In-Plant Training,PT,On-Site Or In-Plant Training (Categories 1-9),5,"Over 6 months, up to and including 1 year",32.26,07/2012,Incumbent,O*NET
33-3051.04,Customs and Border Protection Officers,3.A.3,On-the-Job Training,OJ,On-The-Job Training (Categories 1-9),3,"Over 1 month, up to and including 3 months",27.2,07/2012,Incumbent,O*NET
33-3052.00,Transit and Railroad Police,3.A.1,Related Work Experience,RW,Related Work Experience (Categories 1-11),1,,27.0,07/2017,Incumbent,O*NET
33-3052.00,Transit and Railroad Police,3.A.2,On-Site or In-Plant Training,PT,On-Site Or In-Plant Training (Categories 1-9),4,"Over 3 months, up to and including 6 months",35.6,07/2017,Incumbent,O*NET
33-3052.00,Transit and Railroad Police,3.A.3,On-the-Job Training,OJ,On-The-Job Training (Categories 1-9),5,"Over 6 months, up to and including 1 year",48.56,07/2017,Incumbent,O*NET
33-9011.00,Animal Control Workers,3.A.1,Related Work Experience,RW,Related Work Experience (Categories 1-11),6,"Over 1 year, up to and including 2 years",46.15,08/2025,Occupational Expert,O*NET
33-9011.00,Animal Control Workers,3.A.2,On-Site or In-Plant Training,PT,On-Site Or In-Plant Training (Categories 1-9),4,"Over 3 months, up to and including 6 months",30.77,08/2025,Occupational Expert,O*NET
33-9011.00,Animal Control Workers,3.A.3,On-the-Job Training,OJ,On-The-Job Training (Categories 1-9),5,"Over 6 months, up to and including 1 year",34.62,08/2025,Occupational Expert,O*NET
33-9021.00,Private Detectives and Investigators,3.A.1,Related Work Experience,RW,Related Work Experience (Categories 1-11),8,"Over 4 years, up to and including 6 years",27.12,07/2015,Incumbent,O*NET
33-9021.00,Private Detectives and Investigators,3.A.2,On-Site or In-Plant Training,PT,On-Site Or In-Plant Training (Categories 1-9),2,Up to and including 1 month,23.44,07/2015,Incumbent,O*NET
33-9021.00,Private Detectives and Investigators,3.A.3,On-the-Job Training,OJ,On-The-Job Training (Categories 1-9),2,"Anything beyond short demonstration, up to and including 1 month",24.44,07/2015,Incumbent,O*NET
33-9031.00,Gambling Surveillance Officers and Gambling Investigators,3.A.1,Related Work Experience,RW,Related Work Experience (Categories 1-11),1,,56.87,08/2019,Incumbent,O*NET
33-9031.00,Gambling Surveillance Officers and Gambling Investigators,3.A.2,On-Site or In-Plant Training,PT,On-Site Or In-Plant Training (Categories 1-9),5,"Over 6 months, up to and including 1 year",30.84,08/2019,Incumbent,O*NET
33-9031.00,Gambling Surveillance Officers and Gambling Investigators,3.A.3,On-the-Job Training,OJ,On-The-Job Training (Categories 1-9),3,"Over 1 month, up to and including 3 months",32.76,08/2019,Incumbent,O*NET
33-9032.00,Security Guards,3.A.1,Related Work Experience,RW,Related Work Experience (Categories 1-11),1,,37.22,08/2023,Incumbent,O*NET
33-9032.00,Security Guards,3.A.2,On-Site or In-Plant Training,PT,On-Site Or In-Plant Training (Categories 1-9),2,Up to and including 1 month,53.41,08/2023,Incumbent,O*NET
33-9032.00,Security Guards,3.A.3,On-the-Job Training,OJ,On-The-Job Training (Categories 1-9),2,"Anything beyond short demonstration, up to and including 1 month",61.43,08/2023,Incumbent,O*NET
33-9091.00,Crossing Guards and Flaggers,3.A.1,Related Work Experience,RW,Related Work Experience (Categories 1-11),1,,62.61,07/2016,Incumbent,O*NET
33-9091.00,Crossing Guards and Flaggers,3.A.2,On-Site or In-Plant Training,PT,On-Site Or In-Plant Training (Categories 1-9),2,Up to and including 1 month,66.8,07/2016,Incumbent,O*NET
33-9091.00,Crossing Guards and Flaggers,3.A.3,On-the-Job Training,OJ,On-The-Job Training (Categories 1-9),2,"Anything beyond short demonstration, up to and including 1 month",60.73,07/2016,Incumbent,O*NET
33-9092.00,"Lifeguards, Ski Patrol, and Other Recreational Protective Service Workers",3.A.1,Related Work Experience,RW,Related Work Experience (Categories 1-11),1,,50.2,08/2020,Incumbent,O*NET
33-9092.00,"Lifeguards, Ski Patrol, and Other Recreational Protective Service Workers",3.A.2,On-Site or In-Plant Training,PT,On-Site Or In-Plant Training (Categories 1-9),2,Up to and including 1 month,44.37,08/2020,Incumbent,O*NET
33-9092.00,"Lifeguards, Ski Patrol, and Other Recreational Protective Service Workers",3.A.3,On-the-Job Training,OJ,On-The-Job Training (Categories 1-9),2,"Anything beyond short demonstration, up to and including 1 month",45.67,08/2020,Incumbent,O*NET
33-9093.00,Transportation Security Screeners,3.A.1,Related Work Experience,RW,Related Work Experience (Categories 1-11),1,,74.07,06/2009,Occupational Expert,O*NET
33-9093.00,Transportation Security Screeners,3.A.2,On-Site or In-Plant Training,PT,On-Site Or In-Plant Training (Categories 1-9),2,Up to and including 1 month,48.15,06/2009,Occupational Expert,O*NET
33-9093.00,Transportation Security Screeners,3.A.3,On-the-Job Training,OJ,On-The-Job Training (Categories 1-9),2,"Anything beyond short demonstration, up to and including 1 month",40.74,06/2009,Occupational Expert,O*NET
33-9094.00,School Bus Monitors,3.A.1,Related Work Experience,RW,Related Work Experience (Categories 1-11),1,,32.92,08/2026,Incumbent,O*NET
33-9094.00,School Bus Monitors,3.A.2,On-Site or In-Plant Training,PT,On-Site Or In-Plant Training (Categories 1-9),2,Up to and including 1 month,58.55,08/2026,Incumbent,O*NET
33-9094.00,School Bus Monitors,3.A.3,On-the-Job Training,OJ,On-The-Job Training (Categories 1-9),2,"Anything beyond short demonstration, up to and including 1 month",34.44,08/2026,Incumbent,O*NET
33-9099.02,Retail Loss Prevention Specialists,3.A.1,Related Work Experience,RW,Related Work Experience (Categories 1-11),1,,49.49,07/2014,Incumbent,O*NET
33-9099.02,Retail Loss Prevention Specialists,3.A.2,On-Site or In-Plant Training,PT,On-Site Or In-Plant Training (Categories 1-9),2,Up to and including 1 month,52.29,07/2014,Incumbent,O*NET
33-9099.02,Retail Loss Prevention Specialists,3.A.3,On-the-Job Training,OJ,On-The-Job Training (Categories 1-9),3,"Over 1 month, up to and including 3 months",42.46,07/2014,Incumbent,O*NET
35-1011.00,Chefs and Head Cooks,3.A.1,Related Work Experience,RW,Related Work Experience (Categories 1-11),7,"Over 2 years, up to and including 4 years",37.5,08/2025,Occupational Expert,O*NET
35-1011.00,Chefs and Head Cooks,3.A.2,On-Site or In-Plant Training,PT,On-Site Or In-Plant Training (Categories 1-9),2,Up to and including 1 month,41.67,08/2025,Occupational Expert,O*NET
35-1011.00,Chefs and Head Cooks,3.A.3,On-the-Job Training,OJ,On-The-Job Training (Categories 1-9),2,"Anything beyond short demonstration, up to and including 1 month",45.83,08/2025,Occupational Expert,O*NET
35-1012.00,First-Line Supervisors of Food Preparation and Serving Workers,3.A.1,Related Work Experience,RW,Related Work Experience (Categories 1-11),1,,24.83,08/2025,Incumbent,O*NET
35-1012.00,First-Line Supervisors of Food Preparation and Serving Workers,3.A.2,On-Site or In-Plant Training,PT,On-Site Or In-Plant Training (Categories 1-9),4,"Over 3 months, up to and including 6 months",29.86,08/2025,Incumbent,O*NET
35-1012.00,First-Line Supervisors of Food Preparation and Serving Workers,3.A.3,On-the-Job Training,OJ,On-The-Job Training (Categories 1-9),2,"Anything beyond short demonstration, up to and including 1 month",43.47,08/2025,Incumbent,O*NET
35-2011.00,"Cooks, Fast Food",3.A.1,Related Work Experience,RW,Related Work Experience (Categories 1-11),1,,66.7,08/2026,Incumbent,O*NET
35-2011.00,"Cooks, Fast Food",3.A.2,On-Site or In-Plant Training,PT,On-Site Or In-Plant Training (Categories 1-9),2,Up to and including 1 month,58.76,08/2026,Incumbent,O*NET
35-2011.00,"Cooks, Fast Food",3.A.3,On-the-Job Training,OJ,On-The-Job Training (Categories 1-9),2,"Anything beyond short demonstration, up to and including 1 month",60.85,08/2026,Incumbent,O*NET
35-2012.00,"Cooks, Institution and Cafeteria",3.A.1,Related Work Experience,RW,Related Work Experience (Categories 1-11),6,"Over 1 year, up to and including 2 years",25.91,08/2019,Incumbent,O*NET
35-2012.00,"Cooks, Institution and Cafeteria",3.A.2,On-Site or In-Plant Training,PT,On-Site Or In-Plant Training (Categories 1-9),2,Up to and including 1 month,69.33,08/2019,Incumbent,O*NET
35-2012.00,"Cooks, Institution and Cafeteria",3.A.3,On-the-Job Training,OJ,On-The-Job Training (Categories 1-9),2,"Anything beyond short demonstration, up to and including 1 month",50.39,08/2019,Incumbent,O*NET
35-2013.00,"Cooks, Private Household",3.A.1,Related Work Experience,RW,Related Work Experience (Categories 1-11),7,"Over 2 years, up to and including 4 years",30.77,08/2023,Occupational Expert,O*NET
35-2013.00,"Cooks, Private Household",3.A.2,On-Site or In-Plant Training,PT,On-Site Or In-Plant Training (Categories 1-9),2,Up to and including 1 month,34.62,08/2023,Occupational Expert,O*NET
35-2013.00,"Cooks, Private Household",3.A.3,On-the-Job Training,OJ,On-The-Job Training (Categories 1-9),2,"Anything beyond short demonstration, up to and including 1 month",42.31,08/2023,Occupational Expert,O*NET
35-2014.00,"Cooks, Restaurant",3.A.1,Related Work Experience,RW,Related Work Experience (Categories 1-11),1,,37.09,08/2025,Incumbent,O*NET
35-2014.00,"Cooks, Restaurant",3.A.2,On-Site or In-Plant Training,PT,On-Site Or In-Plant Training (Categories 1-9),1,,46.35,08/2025,Incumbent,O*NET
35-2014.00,"Cooks, Restaurant",3.A.3,On-the-Job Training,OJ,On-The-Job Training (Categories 1-9),2,"Anything beyond short demonstration, up to and including 1 month",60.98,08/2025,Incumbent,O*NET
35-2015.00,"Cooks, Short Order",3.A.1,Related Work Experience,RW,Related Work Experience (Categories 1-11),4,"Over 3 months, up to and including 6 months",16.99,08/2025,Incumbent,O*NET
35-2015.00,"Cooks, Short Order",3.A.2,On-Site or In-Plant Training,PT,On-Site Or In-Plant Training (Categories 1-9),2,Up to and including 1 month,29.29,08/2025,Incumbent,O*NET
35-2015.00,"Cooks, Short Order",3.A.3,On-the-Job Training,OJ,On-The-Job Training (Categories 1-9),5,"Over 6 months, up to and including 1 year",15.89,08/2025,Incumbent,O*NET
35-2021.00,Food Preparation Workers,3.A.1,Related Work Experience,RW,Related Work Experience (Categories 1-11),1,,34.44,08/2024,Incumbent,O*NET
35-2021.00,Food Preparation Workers,3.A.2,On-Site or In-Plant Training,PT,On-Site Or In-Plant Training (Categories 1-9),2,Up to and including 1 month,35.19,08/2024,Incumbent,O*NET
35-2021.00,Food Preparation Workers,3.A.3,On-the-Job Training,OJ,On-The-Job Training (Categories 1-9),3,"Over 1 month, up to and including 3 months",37.04,08/2024,Incumbent,O*NET
35-3011.00,Bartenders,3.A.1,Related Work Experience,RW,Related Work Experience (Categories 1-11),6,"Over 1 year, up to and including 2 years",26.18,07/2017,Incumbent,O*NET
35-3011.00,Bartenders,3.A.2,On-Site or In-Plant Training,PT,On-Site Or In-Plant Training (Categories 1-9),3,"Over 1 month, up to and including 3 months",36.33,07/2017,Incumbent,O*NET
35-3011.00,Bartenders,3.A.3,On-the-Job Training,OJ,On-The-Job Training (Categories 1-9),2,"Anything beyond short demonstration, up to and including 1 month",38.19,07/2017,Incumbent,O*NET
35-3023.00,Fast Food and Counter Workers,3.A.1,Related Work Experience,RW,Related Work Experience (Categories 1-11),1,,74.25,08/2025,Incumbent,O*NET
35-3023.00,Fast Food and Counter Workers,3.A.2,On-Site or In-Plant Training,PT,On-Site Or In-Plant Training (Categories 1-9),1,,43.83,08/2025,Incumbent,O*NET
35-3023.00,Fast Food and Counter Workers,3.A.3,On-the-Job Training,OJ,On-The-Job Training (Categories 1-9),2,"Anything beyond short demonstration, up to and including 1 month",39.88,08/2025,Incumbent,O*NET
35-3023.01,Baristas,3.A.1,Related Work Experience,RW,Related Work Experience (Categories 1-11),1,,57.71,08/2026,Incumbent,O*NET
35-3023.01,Baristas,3.A.2,On-Site or In-Plant Training,PT,On-Site Or In-Plant Training (Categories 1-9),2,Up to and including 1 month,44.55,08/2026,Incumbent,O*NET
35-3023.01,Baristas,3.A.3,On-the-Job Training,OJ,On-The-Job Training (Categories 1-9),2,"Anything beyond short demonstration, up to and including 1 month",60.17,08/2026,Incumbent,O*NET
35-3031.00,Waiters and Waitresses,3.A.1,Related Work Experience,RW,Related Work Experience (Categories 1-11),1,,55.64,08/2025,Incumbent,O*NET
35-3031.00,Waiters and Waitresses,3.A.2,On-Site or In-Plant Training,PT,On-Site Or In-Plant Training (Categories 1-9),2,Up to and including 1 month,63.46,08/2025,Incumbent,O*NET
35-3031.00,Waiters and Waitresses,3.A.3,On-the-Job Training,OJ,On-The-Job Training (Categories 1-9),2,"Anything beyond short demonstration, up to and including 1 month",55.0,08/2025,Incumbent,O*NET
35-3041.00,"Food Servers, Nonrestaurant",3.A.1,Related Work Experience,RW,Related Work Experience (Categories 1-11),1,,38.23,08/2020,Incumbent,O*NET
35-3041.00,"Food Servers, Nonrestaurant",3.A.2,On-Site or In-Plant Training,PT,On-Site Or In-Plant Training (Categories 1-9),2,Up to and including 1 month,45.43,08/2020,Incumbent,O*NET
35-3041.00,"Food Servers, Nonrestaurant",3.A.3,On-the-Job Training,OJ,On-The-Job Training (Categories 1-9),2,"Anything beyond short demonstration, up to and including 1 month",54.31,08/2020,Incumbent,O*NET
35-9011.00,Dining Room and Cafeteria Attendants and Bartender Helpers,3.A.1,Related Work Experience,RW,Related Work Experience (Categories 1-11),1,,40.64,08/2021,Incumbent,O*NET
35-9011.00,Dining Room and Cafeteria Attendants and Bartender Helpers,3.A.2,On-Site or In-Plant Training,PT,On-Site Or In-Plant Training (Categories 1-9),2,Up to and including 1 month,59.1,08/2021,Incumbent,O*NET
35-9011.00,Dining Room and Cafeteria Attendants and Bartender Helpers,3.A.3,On-the-Job Training,OJ,On-The-Job Training (Categories 1-9),2,"Anything beyond short demonstration, up to and including 1 month",81.86,08/2021,Incumbent,O*NET
35-9021.00,Dishwashers,3.A.1,Related Work Experience,RW,Related Work Experience (Categories 1-11),1,,43.5,08/2025,Incumbent,O*NET
35-9021.00,Dishwashers,3.A.2,On-Site or In-Plant Training,PT,On-Site Or In-Plant Training (Categories 1-9),1,,51.07,08/2025,Incumbent,O*NET
35-9021.00,Dishwashers,3.A.3,On-the-Job Training,OJ,On-The-Job Training (Categories 1-9),2,"Anything beyond short demonstration, up to and including 1 month",40.8,08/2025,Incumbent,O*NET
35-9031.00,"Hosts and Hostesses, Restaurant, Lounge, and Coffee Shop",3.A.1,Related Work Experience,RW,Related Work Experience (Categories 1-11),1,,63.23,08/2025,Incumbent,O*NET
35-9031.00,"Hosts and Hostesses, Restaurant, Lounge, and Coffee Shop",3.A.2,On-Site or In-Plant Training,PT,On-Site Or In-Plant Training (Categories 1-9),2,Up to and including 1 month,59.93,08/2025,Incumbent,O*NET
35-9031.00,"Hosts and Hostesses, Restaurant, Lounge, and Coffee Shop",3.A.3,On-the-Job Training,OJ,On-The-Job Training (Categories 1-9),2,"Anything beyond short demonstration, up to and including 1 month",83.35,08/2025,Incumbent,O*NET
37-1011.00,First-Line Supervisors of Housekeeping and Janitorial Workers,3.A.1,Related Work Experience,RW,Related Work Experience (Categories 1-11),6,"Over 1 year, up to and including 2 years",35.56,08/2020,Incumbent,O*NET
37-1011.00,First-Line Supervisors of Housekeeping and Janitorial Workers,3.A.2,On-Site or In-Plant Training,PT,On-Site Or In-Plant Training (Categories 1-9),4,"Over 3 months, up to and including 6 months",34.03,08/2020,Incumbent,O*NET
37-1011.00,First-Line Supervisors of Housekeeping and Janitorial Workers,3.A.3,On-the-Job Training,OJ,On-The-Job Training (Categories 1-9),4,"Over 3 months, up to and including 6 months",28.1,08/2020,Incumbent,O*NET
37-1012.00,"First-Line Supervisors of Landscaping, Lawn Service, and Groundskeeping Workers",3.A.1,Related Work Experience,RW,Related Work Experience (Categories 1-11),7,"Over 2 years, up to and including 4 years",28.11,08/2021,Incumbent,O*NET
37-1012.00,"First-Line Supervisors of Landscaping, Lawn Service, and Groundskeeping Workers",3.A.2,On-Site or In-Plant Training,PT,On-Site Or In-Plant Training (Categories 1-9),2,Up to and including 1 month,35.05,08/2021,Incumbent,O*NET
37-1012.00,"First-Line Supervisors of Landscaping, Lawn Service, and Groundskeeping Workers",3.A.3,On-the-Job Training,OJ,On-The-Job Training (Categories 1-9),2,"Anything beyond short demonstration, up to and including 1 month",32.96,08/2021,Incumbent,O*NET
37-2011.00,"Janitors and Cleaners, Except Maids and Housekeeping Cleaners",3.A.1,Related Work Experience,RW,Related Work Experience (Categories 1-11),1,,19.38,08/2023,Incumbent,O*NET
37-2011.00,"Janitors and Cleaners, Except Maids and Housekeeping Cleaners",3.A.2,On-Site or In-Plant Training,PT,On-Site Or In-Plant Training (Categories 1-9),1,,14.84,08/2023,Incumbent,O*NET
37-2011.00,"Janitors and Cleaners, Except Maids and Housekeeping Cleaners",3.A.3,On-the-Job Training,OJ,On-The-Job Training (Categories 1-9),2,"Anything beyond short demonstration, up to and including 1 month",26.89,08/2023,Incumbent,O*NET
37-2012.00,Maids and Housekeeping Cleaners,3.A.1,Related Work Experience,RW,Related Work Experience (Categories 1-11),1,,48.19,08/2020,Incumbent,O*NET
37-2012.00,Maids and Housekeeping Cleaners,3.A.2,On-Site or In-Plant Training,PT,On-Site Or In-Plant Training (Categories 1-9),2,Up to and including 1 month,59.27,08/2020,Incumbent,O*NET
37-2012.00,Maids and Housekeeping Cleaners,3.A.3,On-the-Job Training,OJ,On-The-Job Training (Categories 1-9),2,"Anything beyond short demonstration, up to and including 1 month",42.27,08/2020,Incumbent,O*NET
37-2021.00,Pest Control Workers,3.A.1,Related Work Experience,RW,Related Work Experience (Categories 1-11),4,"Over 3 months, up to and including 6 months",13.04,08/2026,Incumbent,O*NET
37-2021.00,Pest Control Workers,3.A.2,On-Site or In-Plant Training,PT,On-Site Or In-Plant Training (Categories 1-9),3,"Over 1 month, up to and including 3 months",58.97,08/2026,Incumbent,O*NET
37-2021.00,Pest Control Workers,3.A.3,On-the-Job Training,OJ,On-The-Job Training (Categories 1-9),3,"Over 1 month, up to and including 3 months",49.78,08/2026,Incumbent,O*NET
37-3011.00,Landscaping and Groundskeeping Workers,3.A.1,Related Work Experience,RW,Related Work Experience (Categories 1-11),2,Up to and including 1 month,8.17,08/2026,Incumbent,O*NET
37-3011.00,Landscaping and Groundskeeping Workers,3.A.2,On-Site or In-Plant Training,PT,On-Site Or In-Plant Training (Categories 1-9),2,Up to and including 1 month,88.95,08/2026,Incumbent,O*NET
37-3011.00,Landscaping and Groundskeeping Workers,3.A.3,On-the-Job Training,OJ,On-The-Job Training (Categories 1-9),3,"Over 1 month, up to and including 3 months",32.06,08/2026,Incumbent,O*NET
37-3012.00,"Pesticide Handlers, Sprayers, and Applicators, Vegetation",3.A.1,Related Work Experience,RW,Related Work Experience (Categories 1-11),1,,43.03,08/2026,Incumbent,O*NET
37-3012.00,"Pesticide Handlers, Sprayers, and Applicators, Vegetation",3.A.2,On-Site or In-Plant Training,PT,On-Site Or In-Plant Training (Categories 1-9),4,"Over 3 months, up to and including 6 months",52.71,08/2026,Incumbent,O*NET
37-3012.00,"Pesticide Handlers, Sprayers, and Applicators, Vegetation",3.A.3,On-the-Job Training,OJ,On-The-Job Training (Categories 1-9),4,"Over 3 months, up to and including 6 months",39.52,08/2026,Incumbent,O*NET
37-3013.00,Tree Trimmers and Pruners,3.A.1,Related Work Experience,RW,Related Work Experience (Categories 1-11),1,,21.49,08/2018,Incumbent,O*NET
37-3013.00,Tree Trimmers and Pruners,3.A.2,On-Site or In-Plant Training,PT,On-Site Or In-Plant Training (Categories 1-9),4,"Over 3 months, up to and including 6 months",30.42,08/2018,Incumbent,O*NET
37-3013.00,Tree Trimmers and Pruners,3.A.3,On-the-Job Training,OJ,On-The-Job Training (Categories 1-9),5,"Over 6 months, up to and including 1 year",21.36,08/2018,Incumbent,O*NET
39-1013.00,First-Line Supervisors of Gambling Services Workers,3.A.1,Related Work Experience,RW,Related Work Experience (Categories 1-11),8,"Over 4 years, up to and including 6 years",24.18,08/2022,Incumbent,O*NET
39-1013.00,First-Line Supervisors of Gambling Services Workers,3.A.2,On-Site or In-Plant Training,PT,On-Site Or In-Plant Training (Categories 1-9),2,Up to and including 1 month,25.84,08/2022,Incumbent,O*NET
39-1013.00,First-Line Supervisors of Gambling Services Workers,3.A.3,On-the-Job Training,OJ,On-The-Job Training (Categories 1-9),2,"Anything beyond short demonstration, up to and including 1 month",26.63,08/2022,Incumbent,O*NET
39-1014.00,"First-Line Supervisors of Entertainment and Recreation Workers, Except Gambling Services",3.A.1,Related Work Experience,RW,Related Work Experience (Categories 1-11),7,"Over 2 years, up to and including 4 years",34.19,08/2026,Incumbent,O*NET
39-1014.00,"First-Line Supervisors of Entertainment and Recreation Workers, Except Gambling Services",3.A.2,On-Site or In-Plant Training,PT,On-Site Or In-Plant Training (Categories 1-9),1,,32.14,08/2026,Incumbent,O*NET
39-1014.00,"First-Line Supervisors of Entertainment and Recreation Workers, Except Gambling Services",3.A.3,On-the-Job Training,OJ,On-The-Job Training (Categories 1-9),3,"Over 1 month, up to and including 3 months",27.58,08/2026,Incumbent,O*NET
39-1022.00,First-Line Supervisors of Personal Service Workers,3.A.1,Related Work Experience,RW,Related Work Experience (Categories 1-11),7,"Over 2 years, up to and including 4 years",67.62,08/2024,Incumbent,O*NET
39-1022.00,First-Line Supervisors of Personal Service Workers,3.A.2,On-Site or In-Plant Training,PT,On-Site Or In-Plant Training (Categories 1-9),4,"Over 3 months, up to and including 6 months",11.9,08/2024,Incumbent,O*NET
39-1022.00,First-Line Supervisors of Personal Service Workers,3.A.3,On-the-Job Training,OJ,On-The-Job Training (Categories 1-9),2,"Anything beyond short demonstration, up to and including 1 month",10.43,08/2024,Incumbent,O*NET
39-2011.00,Animal Trainers,3.A.1,Related Work Experience,RW,Related Work Experience (Categories 1-11),7,"Over 2 years, up to and including 4 years",31.36,07/2014,Incumbent,O*NET
39-2011.00,Animal Trainers,3.A.2,On-Site or In-Plant Training,PT,On-Site Or In-Plant Training (Categories 1-9),3,"Over 1 month, up to and including 3 months",25.22,07/2014,Incumbent,O*NET
39-2011.00,Animal Trainers,3.A.3,On-the-Job Training,OJ,On-The-Job Training (Categories 1-9),6,"Over 1 year, up to and including 2 years",23.05,07/2014,Incumbent,O*NET
39-2021.00,Animal Caretakers,3.A.1,Related Work Experience,RW,Related Work Experience (Categories 1-11),3,"Over 1 month, up to and including 3 months",24.05,08/2019,Incumbent,O*NET
39-2021.00,Animal Caretakers,3.A.2,On-Site or In-Plant Training,PT,On-Site Or In-Plant Training (Categories 1-9),2,Up to and including 1 month,32.66,08/2019,Incumbent,O*NET
39-2021.00,Animal Caretakers,3.A.3,On-the-Job Training,OJ,On-The-Job Training (Categories 1-9),3,"Over 1 month, up to and including 3 months",56.76,08/2019,Incumbent,O*NET
39-3011.00,Gambling Dealers,3.A.1,Related Work Experience,RW,Related Work Experience (Categories 1-11),5,"Over 6 months, up to and including 1 year",37.21,08/2019,Incumbent,O*NET
39-3011.00,Gambling Dealers,3.A.2,On-Site or In-Plant Training,PT,On-Site Or In-Plant Training (Categories 1-9),2,Up to and including 1 month,42.76,08/2019,Incumbent,O*NET
39-3011.00,Gambling Dealers,3.A.3,On-the-Job Training,OJ,On-The-Job Training (Categories 1-9),2,"Anything beyond short demonstration, up to and including 1 month",37.53,08/2019,Incumbent,O*NET
39-3012.00,Gambling and Sports Book Writers and Runners,3.A.1,Related Work Experience,RW,Related Work Experience (Categories 1-11),1,,46.35,07/2014,Incumbent,O*NET
39-3012.00,Gambling and Sports Book Writers and Runners,3.A.2,On-Site or In-Plant Training,PT,On-Site Or In-Plant Training (Categories 1-9),2,Up to and including 1 month,40.61,07/2014,Incumbent,O*NET
39-3012.00,Gambling and Sports Book Writers and Runners,3.A.3,On-the-Job Training,OJ,On-The-Job Training (Categories 1-9),2,"Anything beyond short demonstration, up to and including 1 month",59.46,07/2014,Incumbent,O*NET
39-3021.00,Motion Picture Projectionists,3.A.1,Related Work Experience,RW,Related Work Experience (Categories 1-11),1,,46.04,08/2020,Incumbent,O*NET
39-3021.00,Motion Picture Projectionists,3.A.2,On-Site or In-Plant Training,PT,On-Site Or In-Plant Training (Categories 1-9),3,"Over 1 month, up to and including 3 months",36.03,08/2020,Incumbent,O*NET
39-3021.00,Motion Picture Projectionists,3.A.3,On-the-Job Training,OJ,On-The-Job Training (Categories 1-9),2,"Anything beyond short demonstration, up to and including 1 month",33.27,08/2020,Incumbent,O*NET
39-3031.00,"Ushers, Lobby Attendants, and Ticket Takers",3.A.1,Related Work Experience,RW,Related Work Experience (Categories 1-11),1,,75.32,08/2026,Incumbent,O*NET
39-3031.00,"Ushers, Lobby Attendants, and Ticket Takers",3.A.2,On-Site or In-Plant Training,PT,On-Site Or In-Plant Training (Categories 1-9),1,,46.74,08/2026,Incumbent,O*NET
39-3031.00,"Ushers, Lobby Attendants, and Ticket Takers",3.A.3,On-the-Job Training,OJ,On-The-Job Training (Categories 1-9),3,"Over 1 month, up to and including 3 months",30.7,08/2026,Incumbent,O*NET
39-3091.00,Amusement and Recreation Attendants,3.A.1,Related Work Experience,RW,Related Work Experience (Categories 1-11),1,,88.66,08/2020,Incumbent,O*NET
39-3091.00,Amusement and Recreation Attendants,3.A.2,On-Site or In-Plant Training,PT,On-Site Or In-Plant Training (Categories 1-9),3,"Over 1 month, up to and including 3 months",4.66,08/2020,Incumbent,O*NET
39-3091.00,Amusement and Recreation Attendants,3.A.3,On-the-Job Training,OJ,On-The-Job Training (Categories 1-9),3,"Over 1 month, up to and including 3 months",9.02,08/2020,Incumbent,O*NET
39-3092.00,Costume Attendants,3.A.1,Related Work Experience,RW,Related Work Experience (Categories 1-11),5,"Over 6 months, up to and including 1 year",33.88,07/2016,Incumbent,O*NET
39-3092.00,Costume Attendants,3.A.2,On-Site or In-Plant Training,PT,On-Site Or In-Plant Training (Categories 1-9),1,,29.93,07/2016,Incumbent,O*NET
39-3092.00,Costume Attendants,3.A.3,On-the-Job Training,OJ,On-The-Job Training (Categories 1-9),2,"Anything beyond short demonstration, up to and including 1 month",52.44,07/2016,Incumbent,O*NET
39-3093.00,"Locker Room, Coatroom, and Dressing Room Attendants",3.A.1,Related Work Experience,RW,Related Work Experience (Categories 1-11),6,"Over 1 year, up to and including 2 years",46.34,08/2026,Incumbent,O*NET
39-3093.00,"Locker Room, Coatroom, and Dressing Room Attendants",3.A.2,On-Site or In-Plant Training,PT,On-Site Or In-Plant Training (Categories 1-9),2,Up to and including 1 month,46.65,08/2026,Incumbent,O*NET
39-3093.00,"Locker Room, Coatroom, and Dressing Room Attendants",3.A.3,On-the-Job Training,OJ,On-The-Job Training (Categories 1-9),2,"Anything beyond short demonstration, up to and including 1 month",45.77,08/2026,Incumbent,O*NET
39-4011.00,Embalmers,3.A.1,Related Work Experience,RW,Related Work Experience (Categories 1-11),6,"Over 1 year, up to and including 2 years",53.05,08/2021,Incumbent,O*NET
39-4011.00,Embalmers,3.A.2,On-Site or In-Plant Training,PT,On-Site Or In-Plant Training (Categories 1-9),6,"Over 1 year, up to and including 2 years",27.12,08/2021,Incumbent,O*NET
39-4011.00,Embalmers,3.A.3,On-the-Job Training,OJ,On-The-Job Training (Categories 1-9),6,"Over 1 year, up to and including 2 years",36.27,08/2021,Incumbent,O*NET
39-4021.00,Funeral Attendants,3.A.1,Related Work Experience,RW,Related Work Experience (Categories 1-11),1,,54.73,08/2024,Incumbent,O*NET
39-4021.00,Funeral Attendants,3.A.2,On-Site or In-Plant Training,PT,On-Site Or In-Plant Training (Categories 1-9),2,Up to and including 1 month,33.27,08/2024,Incumbent,O*NET
39-4021.00,Funeral Attendants,3.A.3,On-the-Job Training,OJ,On-The-Job Training (Categories 1-9),2,"Anything beyond short demonstration, up to and including 1 month",36.14,08/2024,Incumbent,O*NET
39-4031.00,"Morticians, Undertakers, and Funeral Arrangers",3.A.1,Related Work Experience,RW,Related Work Experience (Categories 1-11),1,,56.04,08/2024,Incumbent,O*NET
39-4031.00,"Morticians, Undertakers, and Funeral Arrangers",3.A.2,On-Site or In-Plant Training,PT,On-Site Or In-Plant Training (Categories 1-9),5,"Over 6 months, up to and including 1 year",33.74,08/2024,Incumbent,O*NET
39-4031.00,"Morticians, Undertakers, and Funeral Arrangers",3.A.3,On-the-Job Training,OJ,On-The-Job Training (Categories 1-9),6,"Over 1 year, up to and including 2 years",26.34,08/2024,Incumbent,O*NET
39-5011.00,Barbers,3.A.1,Related Work Experience,RW,Related Work Experience (Categories 1-11),1,,54.55,08/2026,Occupational Expert,O*NET
39-5011.00,Barbers,3.A.2,On-Site or In-Plant Training,PT,On-Site Or In-Plant Training (Categories 1-9),1,,33.33,08/2026,Occupational Expert,O*NET
39-5011.00,Barbers,3.A.3,On-the-Job Training,OJ,On-The-Job Training (Categories 1-9),6,"Over 1 year, up to and including 2 years",39.39,08/2026,Occupational Expert,O*NET
39-5012.00,"Hairdressers, Hairstylists, and Cosmetologists",3.A.1,Related Work Experience,RW,Related Work Experience (Categories 1-11),1,,58.37,08/2026,Incumbent,O*NET
39-5012.00,"Hairdressers, Hairstylists, and Cosmetologists",3.A.2,On-Site or In-Plant Training,PT,On-Site Or In-Plant Training (Categories 1-9),6,"Over 1 year, up to and including 2 years",21.63,08/2026,Incumbent,O*NET
39-5012.00,"Hairdressers, Hairstylists, and Cosmetologists",3.A.3,On-the-Job Training,OJ,On-The-Job Training (Categories 1-9),3,"Over 1 month, up to and including 3 months",25.25,08/2026,Incumbent,O*NET
39-5091.00,"Makeup Artists, Theatrical and Performance",3.A.1,Related Work Experience,RW,Related Work Experience (Categories 1-11),5,"Over 6 months, up to and including 1 year",30.0,08/2025,Occupational Expert,O*NET
39-5091.00,"Makeup Artists, Theatrical and Performance",3.A.2,On-Site or In-Plant Training,PT,On-Site Or In-Plant Training (Categories 1-9),1,,42.86,08/2025,Occupational Expert,O*NET
39-5091.00,"Makeup Artists, Theatrical and Performance",3.A.3,On-the-Job Training,OJ,On-The-Job Training (Categories 1-9),1,None or short demonstration,28.57,08/2025,Occupational Expert,O*NET
39-5092.00,Manicurists and Pedicurists,3.A.1,Related Work Experience,RW,Related Work Experience (Categories 1-11),4,"Over 3 months, up to and including 6 months",18.84,07/2015,Incumbent,O*NET
39-5092.00,Manicurists and Pedicurists,3.A.2,On-Site or In-Plant Training,PT,On-Site Or In-Plant Training (Categories 1-9),2,Up to and including 1 month,30.82,07/2015,Incumbent,O*NET
39-5092.00,Manicurists and Pedicurists,3.A.3,On-the-Job Training,OJ,On-The-Job Training (Categories 1-9),2,"Anything beyond short demonstration, up to and including 1 month",31.13,07/2015,Incumbent,O*NET
39-5093.00,Shampooers,3.A.1,Related Work Experience,RW,Related Work Experience (Categories 1-11),1,,27.88,06/2008,Incumbent,O*NET
39-5093.00,Shampooers,3.A.2,On-Site or In-Plant Training,PT,On-Site Or In-Plant Training (Categories 1-9),1,,15.09,06/2008,Incumbent,O*NET
39-5093.00,Shampooers,3.A.3,On-the-Job Training,OJ,On-The-Job Training (Categories 1-9),5,"Over 6 months, up to and including 1 year",58.7,06/2008,Incumbent,O*NET
39-5094.00,Skincare Specialists,3.A.1,Related Work Experience,RW,Related Work Experience (Categories 1-11),1,,12.78,08/2025,Incumbent,O*NET
39-5094.00,Skincare Specialists,3.A.2,On-Site or In-Plant Training,PT,On-Site Or In-Plant Training (Categories 1-9),4,"Over 3 months, up to and including 6 months",38.75,08/2025,Incumbent,O*NET
39-5094.00,Skincare Specialists,3.A.3,On-the-Job Training,OJ,On-The-Job Training (Categories 1-9),4,"Over 3 months, up to and including 6 months",46.13,08/2025,Incumbent,O*NET
39-6011.00,Baggage Porters and Bellhops,3.A.1,Related Work Experience,RW,Related Work Experience (Categories 1-11),5,"Over 6 months, up to and including 1 year",28.21,08/2018,Incumbent,O*NET
39-6011.00,Baggage Porters and Bellhops,3.A.2,On-Site or In-Plant Training,PT,On-Site Or In-Plant Training (Categories 1-9),5,"Over 6 months, up to and including 1 year",12.09,08/2018,Incumbent,O*NET
39-6011.00,Baggage Porters and Bellhops,3.A.3,On-the-Job Training,OJ,On-The-Job Training (Categories 1-9),3,"Over 1 month, up to and including 3 months",24.5,08/2018,Incumbent,O*NET
39-6012.00,Concierges,3.A.1,Related Work Experience,RW,Related Work Experience (Categories 1-11),5,"Over 6 months, up to and including 1 year",31.82,08/2025,Occupational Expert,O*NET
39-6012.00,Concierges,3.A.2,On-Site or In-Plant Training,PT,On-Site Or In-Plant Training (Categories 1-9),2,Up to and including 1 month,45.45,08/2025,Occupational Expert,O*NET
39-6012.00,Concierges,3.A.3,On-the-Job Training,OJ,On-The-Job Training (Categories 1-9),2,"Anything beyond short demonstration, up to and including 1 month",45.45,08/2025,Occupational Expert,O*NET
39-7011.00,Tour Guides and Escorts,3.A.1,Related Work Experience,RW,Related Work Experience (Categories 1-11),6,"Over 1 year, up to and including 2 years",39.01,08/2020,Incumbent,O*NET
39-7011.00,Tour Guides and Escorts,3.A.2,On-Site or In-Plant Training,PT,On-Site Or In-Plant Training (Categories 1-9),2,Up to and including 1 month,28.93,08/2020,Incumbent,O*NET
39-7011.00,Tour Guides and Escorts,3.A.3,On-the-Job Training,OJ,On-The-Job Training (Categories 1-9),3,"Over 1 month, up to and including 3 months",27.82,08/2020,Incumbent,O*NET
39-7012.00,Travel Guides,3.A.1,Related Work Experience,RW,Related Work Experience (Categories 1-11),1,,42.44,08/2022,Incumbent,O*NET
39-7012.00,Travel Guides,3.A.2,On-Site or In-Plant Training,PT,On-Site Or In-Plant Training (Categories 1-9),3,"Over 1 month, up to and including 3 months",43.26,08/2022,Incumbent,O*NET
39-7012.00,Travel Guides,3.A.3,On-the-Job Training,OJ,On-The-Job Training (Categories 1-9),3,"Over 1 month, up to and including 3 months",48.35,08/2022,Incumbent,O*NET
39-9011.00,Childcare Workers,3.A.1,Related Work Experience,RW,Related Work Experience (Categories 1-11),6,"Over 1 year, up to and including 2 years",34.72,08/2018,Incumbent,O*NET
39-9011.00,Childcare Workers,3.A.2,On-Site or In-Plant Training,PT,On-Site Or In-Plant Training (Categories 1-9),2,Up to and including 1 month,33.43,08/2018,Incumbent,O*NET
39-9011.00,Childcare Workers,3.A.3,On-the-Job Training,OJ,On-The-Job Training (Categories 1-9),2,"Anything beyond short demonstration, up to and including 1 month",44.36,08/2018,Incumbent,O*NET
39-9011.01,Nannies,3.A.1,Related Work Experience,RW,Related Work Experience (Categories 1-11),6,"Over 1 year, up to and including 2 years",44.0,08/2023,Occupational Expert,O*NET
39-9011.01,Nannies,3.A.2,On-Site or In-Plant Training,PT,On-Site Or In-Plant Training (Categories 1-9),1,,40.0,08/2023,Occupational Expert,O*NET
39-9011.01,Nannies,3.A.3,On-the-Job Training,OJ,On-The-Job Training (Categories 1-9),2,"Anything beyond short demonstration, up to and including 1 month",48.0,08/2023,Occupational Expert,O*NET
39-9031.00,Exercise Trainers and Group Fitness Instructors,3.A.1,Related Work Experience,RW,Related Work Experience (Categories 1-11),6,"Over 1 year, up to and including 2 years",42.86,08/2025,Occupational Expert,O*NET
39-9031.00,Exercise Trainers and Group Fitness Instructors,3.A.2,On-Site or In-Plant Training,PT,On-Site Or In-Plant Training (Categories 1-9),2,Up to and including 1 month,38.1,08/2025,Occupational Expert,O*NET
39-9031.00,Exercise Trainers and Group Fitness Instructors,3.A.3,On-the-Job Training,OJ,On-The-Job Training (Categories 1-9),2,"Anything beyond short demonstration, up to and including 1 month",38.1,08/2025,Occupational Expert,O*NET
39-9032.00,Recreation Workers,3.A.1,Related Work Experience,RW,Related Work Experience (Categories 1-11),7,"Over 2 years, up to and including 4 years",29.84,07/2017,Incumbent,O*NET
39-9032.00,Recreation Workers,3.A.2,On-Site or In-Plant Training,PT,On-Site Or In-Plant Training (Categories 1-9),2,Up to and including 1 month,35.81,07/2017,Incumbent,O*NET
39-9032.00,Recreation Workers,3.A.3,On-the-Job Training,OJ,On-The-Job Training (Categories 1-9),3,"Over 1 month, up to and including 3 months",33.94,07/2017,Incumbent,O*NET
39-9041.00,Residential Advisors,3.A.1,Related Work Experience,RW,Related Work Experience (Categories 1-11),1,,55.66,08/2019,Incumbent,O*NET
39-9041.00,Residential Advisors,3.A.2,On-Site or In-Plant Training,PT,On-Site Or In-Plant Training (Categories 1-9),2,Up to and including 1 month,50.89,08/2019,Incumbent,O*NET
39-9041.00,Residential Advisors,3.A.3,On-the-Job Training,OJ,On-The-Job Training (Categories 1-9),2,"Anything beyond short demonstration, up to and including 1 month",47.69,08/2019,Incumbent,O*NET
41-1011.00,First-Line Supervisors of Retail Sales Workers,3.A.1,Related Work Experience,RW,Related Work Experience (Categories 1-11),8,"Over 4 years, up to and including 6 years",35.95,08/2018,Incumbent,O*NET
41-1011.00,First-Line Supervisors of Retail Sales Workers,3.A.2,On-Site or In-Plant Training,PT,On-Site Or In-Plant Training (Categories 1-9),5,"Over 6 months, up to and including 1 year",31.57,08/2018,Incumbent,O*NET
41-1011.00,First-Line Supervisors of Retail Sales Workers,3.A.3,On-the-Job Training,OJ,On-The-Job Training (Categories 1-9),5,"Over 6 months, up to and including 1 year",40.8,08/2018,Incumbent,O*NET
41-1012.00,First-Line Supervisors of Non-Retail Sales Workers,3.A.1,Related Work Experience,RW,Related Work Experience (Categories 1-11),9,"Over 6 years, up to and including 8 years",36.14,08/2020,Incumbent,O*NET
41-1012.00,First-Line Supervisors of Non-Retail Sales Workers,3.A.2,On-Site or In-Plant Training,PT,On-Site Or In-Plant Training (Categories 1-9),5,"Over 6 months, up to and including 1 year",33.38,08/2020,Incumbent,O*NET
41-1012.00,First-Line Supervisors of Non-Retail Sales Workers,3.A.3,On-the-Job Training,OJ,On-The-Job Training (Categories 1-9),4,"Over 3 months, up to and including 6 months",28.19,08/2020,Incumbent,O*NET
41-2011.00,Cashiers,3.A.1,Related Work Experience,RW,Related Work Experience (Categories 1-11),1,,41.58,08/2024,Incumbent,O*NET
41-2011.00,Cashiers,3.A.2,On-Site or In-Plant Training,PT,On-Site Or In-Plant Training (Categories 1-9),2,Up to and including 1 month,56.54,08/2024,Incumbent,O*NET
41-2011.00,Cashiers,3.A.3,On-the-Job Training,OJ,On-The-Job Training (Categories 1-9),2,"Anything beyond short demonstration, up to and including 1 month",45.59,08/2024,Incumbent,O*NET
41-2012.00,Gambling Change Persons and Booth Cashiers,3.A.1,Related Work Experience,RW,Related Work Experience (Categories 1-11),5,"Over 6 months, up to and including 1 year",45.62,08/2019,Incumbent,O*NET
41-2012.00,Gambling Change Persons and Booth Cashiers,3.A.2,On-Site or In-Plant Training,PT,On-Site Or In-Plant Training (Categories 1-9),2,Up to and including 1 month,58.45,08/2019,Incumbent,O*NET
41-2012.00,Gambling Change Persons and Booth Cashiers,3.A.3,On-the-Job Training,OJ,On-The-Job Training (Categories 1-9),2,"Anything beyond short demonstration, up to and including 1 month",73.72,08/2019,Incumbent,O*NET
41-2021.00,Counter and Rental Clerks,3.A.1,Related Work Experience,RW,Related Work Experience (Categories 1-11),1,,38.27,08/2019,Incumbent,O*NET
41-2021.00,Counter and Rental Clerks,3.A.2,On-Site or In-Plant Training,PT,On-Site Or In-Plant Training (Categories 1-9),2,Up to and including 1 month,33.59,08/2019,Incumbent,O*NET
41-2021.00,Counter and Rental Clerks,3.A.3,On-the-Job Training,OJ,On-The-Job Training (Categories 1-9),2,"Anything beyond short demonstration, up to and including 1 month",34.7,08/2019,Incumbent,O*NET
41-2022.00,Parts Salespersons,3.A.1,Related Work Experience,RW,Related Work Experience (Categories 1-11),6,"Over 1 year, up to and including 2 years",50.31,08/2023,Incumbent,O*NET
41-2022.00,Parts Salespersons,3.A.2,On-Site or In-Plant Training,PT,On-Site Or In-Plant Training (Categories 1-9),3,"Over 1 month, up to and including 3 months",30.21,08/2023,Incumbent,O*NET
41-2022.00,Parts Salespersons,3.A.3,On-the-Job Training,OJ,On-The-Job Training (Categories 1-9),3,"Over 1 month, up to and including 3 months",26.7,08/2023,Incumbent,O*NET
41-2031.00,Retail Salespersons,3.A.1,Related Work Experience,RW,Related Work Experience (Categories 1-11),1,,39.75,08/2018,Incumbent,O*NET
41-2031.00,Retail Salespersons,3.A.2,On-Site or In-Plant Training,PT,On-Site Or In-Plant Training (Categories 1-9),3,"Over 1 month, up to and including 3 months",44.22,08/2018,Incumbent,O*NET
41-2031.00,Retail Salespersons,3.A.3,On-the-Job Training,OJ,On-The-Job Training (Categories 1-9),3,"Over 1 month, up to and including 3 months",32.29,08/2018,Incumbent,O*NET
41-3011.00,Advertising Sales Agents,3.A.1,Related Work Experience,RW,Related Work Experience (Categories 1-11),6,"Over 1 year, up to and including 2 years",28.2,08/2026,Incumbent,O*NET
41-3011.00,Advertising Sales Agents,3.A.2,On-Site or In-Plant Training,PT,On-Site Or In-Plant Training (Categories 1-9),3,"Over 1 month, up to and including 3 months",44.74,08/2026,Incumbent,O*NET
41-3011.00,Advertising Sales Agents,3.A.3,On-the-Job Training,OJ,On-The-Job Training (Categories 1-9),3,"Over 1 month, up to and including 3 months",50.9,08/2026,Incumbent,O*NET
41-3021.00,Insurance Sales Agents,3.A.1,Related Work Experience,RW,Related Work Experience (Categories 1-11),1,,43.23,08/2018,Incumbent,O*NET
41-3021.00,Insurance Sales Agents,3.A.2,On-Site or In-Plant Training,PT,On-Site Or In-Plant Training (Categories 1-9),4,"Over 3 months, up to and including 6 months",29.5,08/2018,Incumbent,O*NET
41-3021.00,Insurance Sales Agents,3.A.3,On-the-Job Training,OJ,On-The-Job Training (Categories 1-9),1,None or short demonstration,22.15,08/2018,Incumbent,O*NET
41-3031.00,"Securities, Commodities, and Financial Services Sales Agents",3.A.1,Related Work Experience,RW,Related Work Experience (Categories 1-11),7,"Over 2 years, up to and including 4 years",32.48,08/2022,Incumbent,O*NET
41-3031.00,"Securities, Commodities, and Financial Services Sales Agents",3.A.2,On-Site or In-Plant Training,PT,On-Site Or In-Plant Training (Categories 1-9),4,"Over 3 months, up to and including 6 months",21.02,08/2022,Incumbent,O*NET
41-3031.00,"Securities, Commodities, and Financial Services Sales Agents",3.A.3,On-the-Job Training,OJ,On-The-Job Training (Categories 1-9),4,"Over 3 months, up to and including 6 months",22.15,08/2022,Incumbent,O*NET
41-3041.00,Travel Agents,3.A.1,Related Work Experience,RW,Related Work Experience (Categories 1-11),4,"Over 3 months, up to and including 6 months",14.36,07/2016,Incumbent,O*NET
41-3041.00,Travel Agents,3.A.2,On-Site or In-Plant Training,PT,On-Site Or In-Plant Training (Categories 1-9),3,"Over 1 month, up to and including 3 months",15.67,07/2016,Incumbent,O*NET
41-3041.00,Travel Agents,3.A.3,On-the-Job Training,OJ,On-The-Job Training (Categories 1-9),5,"Over 6 months, up to and including 1 year",18.57,07/2016,Incumbent,O*NET
41-3091.00,"Sales Representatives of Services, Except Advertising, Insurance, Financial Services, and Travel",3.A.1,Related Work Experience,RW,Related Work Experience (Categories 1-11),8,"Over 4 years, up to and including 6 years",47.15,08/2026,Incumbent,O*NET
41-3091.00,"Sales Representatives of Services, Except Advertising, Insurance, Financial Services, and Travel",3.A.2,On-Site or In-Plant Training,PT,On-Site Or In-Plant Training (Categories 1-9),1,,33.23,08/2026,Incumbent,O*NET
41-3091.00,"Sales Representatives of Services, Except Advertising, Insurance, Financial Services, and Travel",3.A.3,On-the-Job Training,OJ,On-The-Job Training (Categories 1-9),4,"Over 3 months, up to and including 6 months",55.2,08/2026,Incumbent,O*NET
41-4011.00,"Sales Representatives, Wholesale and Manufacturing, Technical and Scientific Products",3.A.1,Related Work Experience,RW,Related Work Experience (Categories 1-11),6,"Over 1 year, up to and including 2 years",33.04,07/2014,Incumbent,O*NET
41-4011.00,"Sales Representatives, Wholesale and Manufacturing, Technical and Scientific Products",3.A.2,On-Site or In-Plant Training,PT,On-Site Or In-Plant Training (Categories 1-9),2,Up to and including 1 month,53.07,07/2014,Incumbent,O*NET
41-4011.00,"Sales Representatives, Wholesale and Manufacturing, Technical and Scientific Products",3.A.3,On-the-Job Training,OJ,On-The-Job Training (Categories 1-9),3,"Over 1 month, up to and including 3 months",39.07,07/2014,Incumbent,O*NET
41-4011.07,Solar Sales Representatives and Assessors,3.A.1,Related Work Experience,RW,Related Work Experience (Categories 1-11),5,"Over 6 months, up to and including 1 year",31.45,08/2024,Incumbent,O*NET
41-4011.07,Solar Sales Representatives and Assessors,3.A.2,On-Site or In-Plant Training,PT,On-Site Or In-Plant Training (Categories 1-9),3,"Over 1 month, up to and including 3 months",29.05,08/2024,Incumbent,O*NET
41-4011.07,Solar Sales Representatives and Assessors,3.A.3,On-the-Job Training,OJ,On-The-Job Training (Categories 1-9),4,"Over 3 months, up to and including 6 months",38.07,08/2024,Incumbent,O*NET
41-4012.00,"Sales Representatives, Wholesale and Manufacturing, Except Technical and Scientific Products",3.A.1,Related Work Experience,RW,Related Work Experience (Categories 1-11),5,"Over 6 months, up to and including 1 year",12.07,08/2020,Incumbent,O*NET
41-4012.00,"Sales Representatives, Wholesale and Manufacturing, Except Technical and Scientific Products",3.A.2,On-Site or In-Plant Training,PT,On-Site Or In-Plant Training (Categories 1-9),4,"Over 3 months, up to and including 6 months",9.62,08/2020,Incumbent,O*NET
41-4012.00,"Sales Representatives, Wholesale and Manufacturing, Except Technical and Scientific Products",3.A.3,On-the-Job Training,OJ,On-The-Job Training (Categories 1-9),4,"Over 3 months, up to and including 6 months",11.5,08/2020,Incumbent,O*NET
41-9011.00,Demonstrators and Product Promoters,3.A.1,Related Work Experience,RW,Related Work Experience (Categories 1-11),2,Up to and including 1 month,20.63,07/2016,Incumbent,O*NET
41-9011.00,Demonstrators and Product Promoters,3.A.2,On-Site or In-Plant Training,PT,On-Site Or In-Plant Training (Categories 1-9),2,Up to and including 1 month,43.58,07/2016,Incumbent,O*NET
41-9011.00,Demonstrators and Product Promoters,3.A.3,On-the-Job Training,OJ,On-The-Job Training (Categories 1-9),1,None or short demonstration,42.13,07/2016,Incumbent,O*NET
41-9012.00,Models,3.A.1,Related Work Experience,RW,Related Work Experience (Categories 1-11),3,"Over 1 month, up to and including 3 months",10.87,08/2021,Incumbent,O*NET
41-9012.00,Models,3.A.2,On-Site or In-Plant Training,PT,On-Site Or In-Plant Training (Categories 1-9),1,,61.52,08/2021,Incumbent,O*NET
41-9012.00,Models,3.A.3,On-the-Job Training,OJ,On-The-Job Training (Categories 1-9),1,None or short demonstration,75.59,08/2021,Incumbent,O*NET
41-9021.00,Real Estate Brokers,3.A.1,Related Work Experience,RW,Related Work Experience (Categories 1-11),1,,46.33,08/2026,Incumbent,O*NET
41-9021.00,Real Estate Brokers,3.A.2,On-Site or In-Plant Training,PT,On-Site Or In-Plant Training (Categories 1-9),1,,40.28,08/2026,Incumbent,O*NET
41-9021.00,Real Estate Brokers,3.A.3,On-the-Job Training,OJ,On-The-Job Training (Categories 1-9),5,"Over 6 months, up to and including 1 year",34.7,08/2026,Incumbent,O*NET
41-9022.00,Real Estate Sales Agents,3.A.1,Related Work Experience,RW,Related Work Experience (Categories 1-11),1,,91.3,08/2026,Occupational Expert,O*NET
41-9022.00,Real Estate Sales Agents,3.A.2,On-Site or In-Plant Training,PT,On-Site Or In-Plant Training (Categories 1-9),1,,34.78,08/2026,Occupational Expert,O*NET
41-9022.00,Real Estate Sales Agents,3.A.3,On-the-Job Training,OJ,On-The-Job Training (Categories 1-9),3,"Over 1 month, up to and including 3 months",36.36,08/2026,Occupational Expert,O*NET
41-9031.00,Sales Engineers,3.A.1,Related Work Experience,RW,Related Work Experience (Categories 1-11),8,"Over 4 years, up to and including 6 years",57.99,08/2022,Incumbent,O*NET
41-9031.00,Sales Engineers,3.A.2,On-Site or In-Plant Training,PT,On-Site Or In-Plant Training (Categories 1-9),3,"Over 1 month, up to and including 3 months",14.32,08/2022,Incumbent,O*NET
41-9031.00,Sales Engineers,3.A.3,On-the-Job Training,OJ,On-The-Job Training (Categories 1-9),5,"Over 6 months, up to and including 1 year",51.0,08/2022,Incumbent,O*NET
41-9041.00,Telemarketers,3.A.1,Related Work Experience,RW,Related Work Experience (Categories 1-11),1,,53.06,08/2023,Incumbent,O*NET
41-9041.00,Telemarketers,3.A.2,On-Site or In-Plant Training,PT,On-Site Or In-Plant Training (Categories 1-9),2,Up to and including 1 month,49.79,08/2023,Incumbent,O*NET
41-9041.00,Telemarketers,3.A.3,On-the-Job Training,OJ,On-The-Job Training (Categories 1-9),5,"Over 6 months, up to and including 1 year",19.46,08/2023,Incumbent,O*NET
41-9091.00,"Door-to-Door Sales Workers, News and Street Vendors, and Related Workers",3.A.1,Related Work Experience,RW,Related Work Experience (Categories 1-11),1,,95.83,08/2018,Occupational Expert,O*NET
41-9091.00,"Door-to-Door Sales Workers, News and Street Vendors, and Related Workers",3.A.2,On-Site or In-Plant Training,PT,On-Site Or In-Plant Training (Categories 1-9),1,,62.5,08/2018,Occupational Expert,O*NET
41-9091.00,"Door-to-Door Sales Workers, News and Street Vendors, and Related Workers",3.A.3,On-the-Job Training,OJ,On-The-Job Training (Categories 1-9),2,"Anything beyond short demonstration, up to and including 1 month",45.83,08/2018,Occupational Expert,O*NET
43-1011.00,First-Line Supervisors of Office and Administrative Support Workers,3.A.1,Related Work Experience,RW,Related Work Experience (Categories 1-11),8,"Over 4 years, up to and including 6 years",43.79,07/2015,Incumbent,O*NET
43-1011.00,First-Line Supervisors of Office and Administrative Support Workers,3.A.2,On-Site or In-Plant Training,PT,On-Site Or In-Plant Training (Categories 1-9),2,Up to and including 1 month,27.95,07/2015,Incumbent,O*NET
43-1011.00,First-Line Supervisors of Office and Administrative Support Workers,3.A.3,On-the-Job Training,OJ,On-The-Job Training (Categories 1-9),5,"Over 6 months, up to and including 1 year",40.08,07/2015,Incumbent,O*NET
43-2011.00,"Switchboard Operators, Including Answering Service",3.A.1,Related Work Experience,RW,Related Work Experience (Categories 1-11),6,"Over 1 year, up to and including 2 years",38.93,08/2022,Incumbent,O*NET
43-2011.00,"Switchboard Operators, Including Answering Service",3.A.2,On-Site or In-Plant Training,PT,On-Site Or In-Plant Training (Categories 1-9),2,Up to and including 1 month,57.4,08/2022,Incumbent,O*NET
43-2011.00,"Switchboard Operators, Including Answering Service",3.A.3,On-the-Job Training,OJ,On-The-Job Training (Categories 1-9),4,"Over 3 months, up to and including 6 months",29.57,08/2022,Incumbent,O*NET
43-2021.00,Telephone Operators,3.A.1,Related Work Experience,RW,Related Work Experience (Categories 1-11),3,"Over 1 month, up to and including 3 months",12.66,08/2024,Incumbent,O*NET
43-2021.00,Telephone Operators,3.A.2,On-Site or In-Plant Training,PT,On-Site Or In-Plant Training (Categories 1-9),2,Up to and including 1 month,30.1,08/2024,Incumbent,O*NET
43-2021.00,Telephone Operators,3.A.3,On-the-Job Training,OJ,On-The-Job Training (Categories 1-9),3,"Over 1 month, up to and including 3 months",40.18,08/2024,Incumbent,O*NET
43-3011.00,Bill and Account Collectors,3.A.1,Related Work Experience,RW,Related Work Experience (Categories 1-11),5,"Over 6 months, up to and including 1 year",42.5,08/2018,Incumbent,O*NET
43-3011.00,Bill and Account Collectors,3.A.2,On-Site or In-Plant Training,PT,On-Site Or In-Plant Training (Categories 1-9),2,Up to and including 1 month,21.88,08/2018,Incumbent,O*NET
43-3011.00,Bill and Account Collectors,3.A.3,On-the-Job Training,OJ,On-The-Job Training (Categories 1-9),3,"Over 1 month, up to and including 3 months",61.16,08/2018,Incumbent,O*NET
43-3021.00,Billing and Posting Clerks,3.A.1,Related Work Experience,RW,Related Work Experience (Categories 1-11),6,"Over 1 year, up to and including 2 years",29.96,08/2026,Incumbent,O*NET
43-3021.00,Billing and Posting Clerks,3.A.2,On-Site or In-Plant Training,PT,On-Site Or In-Plant Training (Categories 1-9),4,"Over 3 months, up to and including 6 months",31.61,08/2026,Incumbent,O*NET
43-3021.00,Billing and Posting Clerks,3.A.3,On-the-Job Training,OJ,On-The-Job Training (Categories 1-9),3,"Over 1 month, up to and including 3 months",33.78,08/2026,Incumbent,O*NET
43-3031.00,"Bookkeeping, Accounting, and Auditing Clerks",3.A.1,Related Work Experience,RW,Related Work Experience (Categories 1-11),8,"Over 4 years, up to and including 6 years",24.0,07/2017,Incumbent,O*NET
43-3031.00,"Bookkeeping, Accounting, and Auditing Clerks",3.A.2,On-Site or In-Plant Training,PT,On-Site Or In-Plant Training (Categories 1-9),2,Up to and including 1 month,38.91,07/2017,Incumbent,O*NET
43-3031.00,"Bookkeeping, Accounting, and Auditing Clerks",3.A.3,On-the-Job Training,OJ,On-The-Job Training (Categories 1-9),3,"Over 1 month, up to and including 3 months",30.12,07/2017,Incumbent,O*NET
43-3041.00,Gambling Cage Workers,3.A.1,Related Work Experience,RW,Related Work Experience (Categories 1-11),1,,28.11,08/2023,Incumbent,O*NET
43-3041.00,Gambling Cage Workers,3.A.2,On-Site or In-Plant Training,PT,On-Site Or In-Plant Training (Categories 1-9),2,Up to and including 1 month,34.62,08/2023,Incumbent,O*NET
43-3041.00,Gambling Cage Workers,3.A.3,On-the-Job Training,OJ,On-The-Job Training (Categories 1-9),3,"Over 1 month, up to and including 3 months",39.45,08/2023,Incumbent,O*NET
43-3051.00,Payroll and Timekeeping Clerks,3.A.1,Related Work Experience,RW,Related Work Experience (Categories 1-11),6,"Over 1 year, up to and including 2 years",41.19,08/2022,Incumbent,O*NET
43-3051.00,Payroll and Timekeeping Clerks,3.A.2,On-Site or In-Plant Training,PT,On-Site Or In-Plant Training (Categories 1-9),5,"Over 6 months, up to and including 1 year",38.13,08/2022,Incumbent,O*NET
43-3051.00,Payroll and Timekeeping Clerks,3.A.3,On-the-Job Training,OJ,On-The-Job Training (Categories 1-9),5,"Over 6 months, up to and including 1 year",31.62,08/2022,Incumbent,O*NET
43-3061.00,Procurement Clerks,3.A.1,Related Work Experience,RW,Related Work Experience (Categories 1-11),6,"Over 1 year, up to and including 2 years",27.96,08/2022,Incumbent,O*NET
43-3061.00,Procurement Clerks,3.A.2,On-Site or In-Plant Training,PT,On-Site Or In-Plant Training (Categories 1-9),5,"Over 6 months, up to and including 1 year",20.68,08/2022,Incumbent,O*NET
43-3061.00,Procurement Clerks,3.A.3,On-the-Job Training,OJ,On-The-Job Training (Categories 1-9),6,"Over 1 year, up to and including 2 years",28.44,08/2022,Incumbent,O*NET
43-3071.00,Tellers,3.A.1,Related Work Experience,RW,Related Work Experience (Categories 1-11),1,,48.32,08/2018,Incumbent,O*NET
43-3071.00,Tellers,3.A.2,On-Site or In-Plant Training,PT,On-Site Or In-Plant Training (Categories 1-9),2,Up to and including 1 month,49.98,08/2018,Incumbent,O*NET
43-3071.00,Tellers,3.A.3,On-the-Job Training,OJ,On-The-Job Training (Categories 1-9),2,"Anything beyond short demonstration, up to and including 1 month",68.44,08/2018,Incumbent,O*NET
43-4011.00,Brokerage Clerks,3.A.1,Related Work Experience,RW,Related Work Experience (Categories 1-11),6,"Over 1 year, up to and including 2 years",40.64,07/2014,Incumbent,O*NET
43-4011.00,Brokerage Clerks,3.A.2,On-Site or In-Plant Training,PT,On-Site Or In-Plant Training (Categories 1-9),4,"Over 3 months, up to and including 6 months",53.58,07/2014,Incumbent,O*NET
43-4011.00,Brokerage Clerks,3.A.3,On-the-Job Training,OJ,On-The-Job Training (Categories 1-9),5,"Over 6 months, up to and including 1 year",41.82,07/2014,Incumbent,O*NET
43-4021.00,Correspondence Clerks,3.A.1,Related Work Experience,RW,Related Work Experience (Categories 1-11),7,"Over 2 years, up to and including 4 years",34.74,08/2023,Incumbent,O*NET
43-4021.00,Correspondence Clerks,3.A.2,On-Site or In-Plant Training,PT,On-Site Or In-Plant Training (Categories 1-9),6,"Over 1 year, up to and including 2 years",42.0,08/2023,Incumbent,O*NET
43-4021.00,Correspondence Clerks,3.A.3,On-the-Job Training,OJ,On-The-Job Training (Categories 1-9),3,"Over 1 month, up to and including 3 months",29.23,08/2023,Incumbent,O*NET
43-4031.00,"Court, Municipal, and License Clerks",3.A.1,Related Work Experience,RW,Related Work Experience (Categories 1-11),6,"Over 1 year, up to and including 2 years",31.9,08/2026,Incumbent,O*NET
43-4031.00,"Court, Municipal, and License Clerks",3.A.2,On-Site or In-Plant Training,PT,On-Site Or In-Plant Training (Categories 1-9),1,,19.64,08/2026,Incumbent,O*NET
43-4031.00,"Court, Municipal, and License Clerks",3.A.3,On-the-Job Training,OJ,On-The-Job Training (Categories 1-9),5,"Over 6 months, up to and including 1 year",59.18,08/2026,Incumbent,O*NET
43-4051.00,Customer Service Representatives,3.A.1,Related Work Experience,RW,Related Work Experience (Categories 1-11),5,"Over 6 months, up to and including 1 year",25.59,08/2022,Incumbent,O*NET
43-4051.00,Customer Service Representatives,3.A.2,On-Site or In-Plant Training,PT,On-Site Or In-Plant Training (Categories 1-9),2,Up to and including 1 month,34.54,08/2022,Incumbent,O*NET
43-4051.00,Customer Service Representatives,3.A.3,On-the-Job Training,OJ,On-The-Job Training (Categories 1-9),5,"Over 6 months, up to and including 1 year",42.52,08/2022,Incumbent,O*NET
43-4061.00,"Eligibility Interviewers, Government Programs",3.A.1,Related Work Experience,RW,Related Work Experience (Categories 1-11),6,"Over 1 year, up to and including 2 years",35.93,08/2023,Incumbent,O*NET
43-4061.00,"Eligibility Interviewers, Government Programs",3.A.2,On-Site or In-Plant Training,PT,On-Site Or In-Plant Training (Categories 1-9),5,"Over 6 months, up to and including 1 year",31.06,08/2023,Incumbent,O*NET
43-4061.00,"Eligibility Interviewers, Government Programs",3.A.3,On-the-Job Training,OJ,On-The-Job Training (Categories 1-9),4,"Over 3 months, up to and including 6 months",32.17,08/2023,Incumbent,O*NET
43-4071.00,File Clerks,3.A.1,Related Work Experience,RW,Related Work Experience (Categories 1-11),6,"Over 1 year, up to and including 2 years",42.28,08/2025,Incumbent,O*NET
43-4071.00,File Clerks,3.A.2,On-Site or In-Plant Training,PT,On-Site Or In-Plant Training (Categories 1-9),2,Up to and including 1 month,35.34,08/2025,Incumbent,O*NET
43-4071.00,File Clerks,3.A.3,On-the-Job Training,OJ,On-The-Job Training (Categories 1-9),3,"Over 1 month, up to and including 3 months",33.94,08/2025,Incumbent,O*NET
43-4081.00,"Hotel, Motel, and Resort Desk Clerks",3.A.1,Related Work Experience,RW,Related Work Experience (Categories 1-11),1,,51.87,07/2017,Incumbent,O*NET
43-4081.00,"Hotel, Motel, and Resort Desk Clerks",3.A.2,On-Site or In-Plant Training,PT,On-Site Or In-Plant Training (Categories 1-9),2,Up to and including 1 month,35.89,07/2017,Incumbent,O*NET
43-4081.00,"Hotel, Motel, and Resort Desk Clerks",3.A.3,On-the-Job Training,OJ,On-The-Job Training (Categories 1-9),2,"Anything beyond short demonstration, up to and including 1 month",34.49,07/2017,Incumbent,O*NET
43-4111.00,"Interviewers, Except Eligibility and Loan",3.A.1,Related Work Experience,RW,Related Work Experience (Categories 1-11),6,"Over 1 year, up to and including 2 years",44.52,08/2021,Incumbent,O*NET
43-4111.00,"Interviewers, Except Eligibility and Loan",3.A.2,On-Site or In-Plant Training,PT,On-Site Or In-Plant Training (Categories 1-9),2,Up to and including 1 month,51.09,08/2021,Incumbent,O*NET
43-4111.00,"Interviewers, Except Eligibility and Loan",3.A.3,On-the-Job Training,OJ,On-The-Job Training (Categories 1-9),3,"Over 1 month, up to and including 3 months",42.59,08/2021,Incumbent,O*NET
43-4121.00,"Library Assistants, Clerical",3.A.1,Related Work Experience,RW,Related Work Experience (Categories 1-11),1,,24.35,08/2018,Incumbent,O*NET
43-4121.00,"Library Assistants, Clerical",3.A.2,On-Site or In-Plant Training,PT,On-Site Or In-Plant Training (Categories 1-9),2,Up to and including 1 month,74.86,08/2018,Incumbent,O*NET
43-4121.00,"Library Assistants, Clerical",3.A.3,On-the-Job Training,OJ,On-The-Job Training (Categories 1-9),3,"Over 1 month, up to and including 3 months",48.77,08/2018,Incumbent,O*NET
43-4131.00,Loan Interviewers and Clerks,3.A.1,Related Work Experience,RW,Related Work Experience (Categories 1-11),7,"Over 2 years, up to and including 4 years",30.55,07/2017,Incumbent,O*NET
43-4131.00,Loan Interviewers and Clerks,3.A.2,On-Site or In-Plant Training,PT,On-Site Or In-Plant Training (Categories 1-9),2,Up to and including 1 month,25.56,07/2017,Incumbent,O*NET
43-4131.00,Loan Interviewers and Clerks,3.A.3,On-the-Job Training,OJ,On-The-Job Training (Categories 1-9),2,"Anything beyond short demonstration, up to and including 1 month",25.32,07/2017,Incumbent,O*NET
43-4141.00,New Accounts Clerks,3.A.1,Related Work Experience,RW,Related Work Experience (Categories 1-11),5,"Over 6 months, up to and including 1 year",46.38,08/2020,Incumbent,O*NET
43-4141.00,New Accounts Clerks,3.A.2,On-Site or In-Plant Training,PT,On-Site Or In-Plant Training (Categories 1-9),6,"Over 1 year, up to and including 2 years",22.95,08/2020,Incumbent,O*NET
43-4141.00,New Accounts Clerks,3.A.3,On-the-Job Training,OJ,On-The-Job Training (Categories 1-9),2,"Anything beyond short demonstration, up to and including 1 month",30.95,08/2020,Incumbent,O*NET
43-4151.00,Order Clerks,3.A.1,Related Work Experience,RW,Related Work Experience (Categories 1-11),11,Over 10 years,13.93,08/2023,Incumbent,O*NET
43-4151.00,Order Clerks,3.A.2,On-Site or In-Plant Training,PT,On-Site Or In-Plant Training (Categories 1-9),4,"Over 3 months, up to and including 6 months",28.77,08/2023,Incumbent,O*NET
43-4151.00,Order Clerks,3.A.3,On-the-Job Training,OJ,On-The-Job Training (Categories 1-9),1,None or short demonstration,17.39,08/2023,Incumbent,O*NET
43-4161.00,"Human Resources Assistants, Except Payroll and Timekeeping",3.A.1,Related Work Experience,RW,Related Work Experience (Categories 1-11),6,"Over 1 year, up to and including 2 years",33.96,07/2017,Incumbent,O*NET
43-4161.00,"Human Resources Assistants, Except Payroll and Timekeeping",3.A.2,On-Site or In-Plant Training,PT,On-Site Or In-Plant Training (Categories 1-9),2,Up to and including 1 month,47.48,07/2017,Incumbent,O*NET
43-4161.00,"Human Resources Assistants, Except Payroll and Timekeeping",3.A.3,On-the-Job Training,OJ,On-The-Job Training (Categories 1-9),3,"Over 1 month, up to and including 3 months",33.42,07/2017,Incumbent,O*NET
43-4171.00,Receptionists and Information Clerks,3.A.1,Related Work Experience,RW,Related Work Experience (Categories 1-11),6,"Over 1 year, up to and including 2 years",26.95,08/2023,Incumbent,O*NET
43-4171.00,Receptionists and Information Clerks,3.A.2,On-Site or In-Plant Training,PT,On-Site Or In-Plant Training (Categories 1-9),2,Up to and including 1 month,34.2,08/2023,Incumbent,O*NET
43-4171.00,Receptionists and Information Clerks,3.A.3,On-the-Job Training,OJ,On-The-Job Training (Categories 1-9),3,"Over 1 month, up to and including 3 months",45.1,08/2023,Incumbent,O*NET
43-4181.00,Reservation and Transportation Ticket Agents and Travel Clerks,3.A.1,Related Work Experience,RW,Related Work Experience (Categories 1-11),1,,57.77,07/2013,Incumbent,O*NET
43-4181.00,Reservation and Transportation Ticket Agents and Travel Clerks,3.A.2,On-Site or In-Plant Training,PT,On-Site Or In-Plant Training (Categories 1-9),2,Up to and including 1 month,45.0,07/2013,Incumbent,O*NET
43-4181.00,Reservation and Transportation Ticket Agents and Travel Clerks,3.A.3,On-the-Job Training,OJ,On-The-Job Training (Categories 1-9),3,"Over 1 month, up to and including 3 months",32.44,07/2013,Incumbent,O*NET
43-5011.00,Cargo and Freight Agents,3.A.1,Related Work Experience,RW,Related Work Experience (Categories 1-11),5,"Over 6 months, up to and including 1 year",20.89,08/2021,Incumbent,O*NET
43-5011.00,Cargo and Freight Agents,3.A.2,On-Site or In-Plant Training,PT,On-Site Or In-Plant Training (Categories 1-9),2,Up to and including 1 month,20.55,08/2021,Incumbent,O*NET
43-5011.00,Cargo and Freight Agents,3.A.3,On-the-Job Training,OJ,On-The-Job Training (Categories 1-9),4,"Over 3 months, up to and including 6 months",35.27,08/2021,Incumbent,O*NET
43-5011.01,Freight Forwarders,3.A.1,Related Work Experience,RW,Related Work Experience (Categories 1-11),6,"Over 1 year, up to and including 2 years",31.04,08/2024,Incumbent,O*NET
43-5011.01,Freight Forwarders,3.A.2,On-Site or In-Plant Training,PT,On-Site Or In-Plant Training (Categories 1-9),3,"Over 1 month, up to and including 3 months",38.47,08/2024,Incumbent,O*NET
43-5011.01,Freight Forwarders,3.A.3,On-the-Job Training,OJ,On-The-Job Training (Categories 1-9),3,"Over 1 month, up to and including 3 months",38.47,08/2024,Incumbent,O*NET
43-5021.00,Couriers and Messengers,3.A.1,Related Work Experience,RW,Related Work Experience (Categories 1-11),4,"Over 3 months, up to and including 6 months",30.75,08/2026,Incumbent,O*NET
43-5021.00,Couriers and Messengers,3.A.2,On-Site or In-Plant Training,PT,On-Site Or In-Plant Training (Categories 1-9),1,,46.31,08/2026,Incumbent,O*NET
43-5021.00,Couriers and Messengers,3.A.3,On-the-Job Training,OJ,On-The-Job Training (Categories 1-9),2,"Anything beyond short demonstration, up to and including 1 month",49.91,08/2026,Incumbent,O*NET
43-5031.00,Public Safety Telecommunicators,3.A.1,Related Work Experience,RW,Related Work Experience (Categories 1-11),1,,58.57,08/2023,Incumbent,O*NET
43-5031.00,Public Safety Telecommunicators,3.A.2,On-Site or In-Plant Training,PT,On-Site Or In-Plant Training (Categories 1-9),3,"Over 1 month, up to and including 3 months",26.17,08/2023,Incumbent,O*NET
43-5031.00,Public Safety Telecommunicators,3.A.3,On-the-Job Training,OJ,On-The-Job Training (Categories 1-9),4,"Over 3 months, up to and including 6 months",35.75,08/2023,Incumbent,O*NET
43-5032.00,"Dispatchers, Except Police, Fire, and Ambulance",3.A.1,Related Work Experience,RW,Related Work Experience (Categories 1-11),6,"Over 1 year, up to and including 2 years",34.37,08/2021,Incumbent,O*NET
43-5032.00,"Dispatchers, Except Police, Fire, and Ambulance",3.A.2,On-Site or In-Plant Training,PT,On-Site Or In-Plant Training (Categories 1-9),2,Up to and including 1 month,45.03,08/2021,Incumbent,O*NET
43-5032.00,"Dispatchers, Except Police, Fire, and Ambulance",3.A.3,On-the-Job Training,OJ,On-The-Job Training (Categories 1-9),3,"Over 1 month, up to and including 3 months",42.58,08/2021,Incumbent,O*NET
43-5041.00,"Meter Readers, Utilities",3.A.1,Related Work Experience,RW,Related Work Experience (Categories 1-11),1,,82.11,08/2026,Incumbent,O*NET
43-5041.00,"Meter Readers, Utilities",3.A.2,On-Site or In-Plant Training,PT,On-Site Or In-Plant Training (Categories 1-9),2,Up to and including 1 month,25.58,08/2026,Incumbent,O*NET
43-5041.00,"Meter Readers, Utilities",3.A.3,On-the-Job Training,OJ,On-The-Job Training (Categories 1-9),3,"Over 1 month, up to and including 3 months",24.09,08/2026,Incumbent,O*NET
43-5051.00,Postal Service Clerks,3.A.1,Related Work Experience,RW,Related Work Experience (Categories 1-11),1,,27.48,07/2016,Incumbent,O*NET
43-5051.00,Postal Service Clerks,3.A.2,On-Site or In-Plant Training,PT,On-Site Or In-Plant Training (Categories 1-9),2,Up to and including 1 month,50.85,07/2016,Incumbent,O*NET
43-5051.00,Postal Service Clerks,3.A.3,On-the-Job Training,OJ,On-The-Job Training (Categories 1-9),2,"Anything beyond short demonstration, up to and including 1 month",32.81,07/2016,Incumbent,O*NET
43-5052.00,Postal Service Mail Carriers,3.A.1,Related Work Experience,RW,Related Work Experience (Categories 1-11),1,,76.43,07/2016,Incumbent,O*NET
43-5052.00,Postal Service Mail Carriers,3.A.2,On-Site or In-Plant Training,PT,On-Site Or In-Plant Training (Categories 1-9),2,Up to and including 1 month,59.97,07/2016,Incumbent,O*NET
43-5052.00,Postal Service Mail Carriers,3.A.3,On-the-Job Training,OJ,On-The-Job Training (Categories 1-9),2,"Anything beyond short demonstration, up to and including 1 month",44.04,07/2016,Incumbent,O*NET
43-5053.00,"Postal Service Mail Sorters, Processors, and Processing Machine Operators",3.A.1,Related Work Experience,RW,Related Work Experience (Categories 1-11),1,,70.52,07/2016,Incumbent,O*NET
43-5053.00,"Postal Service Mail Sorters, Processors, and Processing Machine Operators",3.A.2,On-Site or In-Plant Training,PT,On-Site Or In-Plant Training (Categories 1-9),2,Up to and including 1 month,55.29,07/2016,Incumbent,O*NET
43-5053.00,"Postal Service Mail Sorters, Processors, and Processing Machine Operators",3.A.3,On-the-Job Training,OJ,On-The-Job Training (Categories 1-9),2,"Anything beyond short demonstration, up to and including 1 month",45.27,07/2016,Incumbent,O*NET
43-5061.00,"Production, Planning, and Expediting Clerks",3.A.1,Related Work Experience,RW,Related Work Experience (Categories 1-11),6,"Over 1 year, up to and including 2 years",29.59,08/2022,Incumbent,O*NET
43-5061.00,"Production, Planning, and Expediting Clerks",3.A.2,On-Site or In-Plant Training,PT,On-Site Or In-Plant Training (Categories 1-9),2,Up to and including 1 month,28.85,08/2022,Incumbent,O*NET
43-5061.00,"Production, Planning, and Expediting Clerks",3.A.3,On-the-Job Training,OJ,On-The-Job Training (Categories 1-9),5,"Over 6 months, up to and including 1 year",40.9,08/2022,Incumbent,O*NET
43-5071.00,"Shipping, Receiving, and Inventory Clerks",3.A.1,Related Work Experience,RW,Related Work Experience (Categories 1-11),5,"Over 6 months, up to and including 1 year",39.05,08/2019,Incumbent,O*NET
43-5071.00,"Shipping, Receiving, and Inventory Clerks",3.A.2,On-Site or In-Plant Training,PT,On-Site Or In-Plant Training (Categories 1-9),3,"Over 1 month, up to and including 3 months",24.32,08/2019,Incumbent,O*NET
43-5071.00,"Shipping, Receiving, and Inventory Clerks",3.A.3,On-the-Job Training,OJ,On-The-Job Training (Categories 1-9),3,"Over 1 month, up to and including 3 months",45.17,08/2019,Incumbent,O*NET
43-5111.00,"Weighers, Measurers, Checkers, and Samplers, Recordkeeping",3.A.1,Related Work Experience,RW,Related Work Experience (Categories 1-11),5,"Over 6 months, up to and including 1 year",21.1,08/2018,Incumbent,O*NET
43-5111.00,"Weighers, Measurers, Checkers, and Samplers, Recordkeeping",3.A.2,On-Site or In-Plant Training,PT,On-Site Or In-Plant Training (Categories 1-9),4,"Over 3 months, up to and including 6 months",34.68,08/2018,Incumbent,O*NET
43-5111.00,"Weighers, Measurers, Checkers, and Samplers, Recordkeeping",3.A.3,On-the-Job Training,OJ,On-The-Job Training (Categories 1-9),2,"Anything beyond short demonstration, up to and including 1 month",39.54,08/2018,Incumbent,O*NET
43-6011.00,Executive Secretaries and Executive Administrative Assistants,3.A.1,Related Work Experience,RW,Related Work Experience (Categories 1-11),7,"Over 2 years, up to and including 4 years",29.25,07/2017,Incumbent,O*NET
43-6011.00,Executive Secretaries and Executive Administrative Assistants,3.A.2,On-Site or In-Plant Training,PT,On-Site Or In-Plant Training (Categories 1-9),1,,31.35,07/2017,Incumbent,O*NET
43-6011.00,Executive Secretaries and Executive Administrative Assistants,3.A.3,On-the-Job Training,OJ,On-The-Job Training (Categories 1-9),2,"Anything beyond short demonstration, up to and including 1 month",39.47,07/2017,Incumbent,O*NET
43-6012.00,Legal Secretaries and Administrative Assistants,3.A.1,Related Work Experience,RW,Related Work Experience (Categories 1-11),8,"Over 4 years, up to and including 6 years",21.22,08/2024,Incumbent,O*NET
43-6012.00,Legal Secretaries and Administrative Assistants,3.A.2,On-Site or In-Plant Training,PT,On-Site Or In-Plant Training (Categories 1-9),3,"Over 1 month, up to and including 3 months",26.27,08/2024,Incumbent,O*NET
43-6012.00,Legal Secretaries and Administrative Assistants,3.A.3,On-the-Job Training,OJ,On-The-Job Training (Categories 1-9),4,"Over 3 months, up to and including 6 months",25.18,08/2024,Incumbent,O*NET
43-6013.00,Medical Secretaries and Administrative Assistants,3.A.1,Related Work Experience,RW,Related Work Experience (Categories 1-11),6,"Over 1 year, up to and including 2 years",57.28,08/2021,Incumbent,O*NET
43-6013.00,Medical Secretaries and Administrative Assistants,3.A.2,On-Site or In-Plant Training,PT,On-Site Or In-Plant Training (Categories 1-9),2,Up to and including 1 month,46.81,08/2021,Incumbent,O*NET
43-6013.00,Medical Secretaries and Administrative Assistants,3.A.3,On-the-Job Training,OJ,On-The-Job Training (Categories 1-9),2,"Anything beyond short demonstration, up to and including 1 month",55.34,08/2021,Incumbent,O*NET
43-6014.00,"Secretaries and Administrative Assistants, Except Legal, Medical, and Executive",3.A.1,Related Work Experience,RW,Related Work Experience (Categories 1-11),6,"Over 1 year, up to and including 2 years",44.16,08/2019,Incumbent,O*NET
43-6014.00,"Secretaries and Administrative Assistants, Except Legal, Medical, and Executive",3.A.2,On-Site or In-Plant Training,PT,On-Site Or In-Plant Training (Categories 1-9),2,Up to and including 1 month,30.62,08/2019,Incumbent,O*NET
43-6014.00,"Secretaries and Administrative Assistants, Except Legal, Medical, and Executive",3.A.3,On-the-Job Training,OJ,On-The-Job Training (Categories 1-9),2,"Anything beyond short demonstration, up to and including 1 month",46.29,08/2019,Incumbent,O*NET
43-9021.00,Data Entry Keyers,3.A.1,Related Work Experience,RW,Related Work Experience (Categories 1-11),6,"Over 1 year, up to and including 2 years",48.69,08/2018,Incumbent,O*NET
43-9021.00,Data Entry Keyers,3.A.2,On-Site or In-Plant Training,PT,On-Site Or In-Plant Training (Categories 1-9),3,"Over 1 month, up to and including 3 months",75.22,08/2018,Incumbent,O*NET
43-9021.00,Data Entry Keyers,3.A.3,On-the-Job Training,OJ,On-The-Job Training (Categories 1-9),5,"Over 6 months, up to and including 1 year",21.25,08/2018,Incumbent,O*NET
43-9022.00,Word Processors and Typists,3.A.1,Related Work Experience,RW,Related Work Experience (Categories 1-11),5,"Over 6 months, up to and including 1 year",34.47,08/2026,Incumbent,O*NET
43-9022.00,Word Processors and Typists,3.A.2,On-Site or In-Plant Training,PT,On-Site Or In-Plant Training (Categories 1-9),2,Up to and including 1 month,42.81,08/2026,Incumbent,O*NET
43-9022.00,Word Processors and Typists,3.A.3,On-the-Job Training,OJ,On-The-Job Training (Categories 1-9),4,"Over 3 months, up to and including 6 months",27.84,08/2026,Incumbent,O*NET
43-9031.00,Desktop Publishers,3.A.1,Related Work Experience,RW,Related Work Experience (Categories 1-11),5,"Over 6 months, up to and including 1 year",24.21,08/2021,Incumbent,O*NET
43-9031.00,Desktop Publishers,3.A.2,On-Site or In-Plant Training,PT,On-Site Or In-Plant Training (Categories 1-9),1,,34.69,08/2021,Incumbent,O*NET
43-9031.00,Desktop Publishers,3.A.3,On-the-Job Training,OJ,On-The-Job Training (Categories 1-9),3,"Over 1 month, up to and including 3 months",23.73,08/2021,Incumbent,O*NET
43-9041.00,Insurance Claims and Policy Processing Clerks,3.A.1,Related Work Experience,RW,Related Work Experience (Categories 1-11),6,"Over 1 year, up to and including 2 years",38.24,08/2022,Incumbent,O*NET
43-9041.00,Insurance Claims and Policy Processing Clerks,3.A.2,On-Site or In-Plant Training,PT,On-Site Or In-Plant Training (Categories 1-9),2,Up to and including 1 month,42.78,08/2022,Incumbent,O*NET
43-9041.00,Insurance Claims and Policy Processing Clerks,3.A.3,On-the-Job Training,OJ,On-The-Job Training (Categories 1-9),3,"Over 1 month, up to and including 3 months",37.59,08/2022,Incumbent,O*NET
43-9051.00,"Mail Clerks and Mail Machine Operators, Except Postal Service",3.A.1,Related Work Experience,RW,Related Work Experience (Categories 1-11),1,,93.01,07/2016,Incumbent,O*NET
43-9051.00,"Mail Clerks and Mail Machine Operators, Except Postal Service",3.A.2,On-Site or In-Plant Training,PT,On-Site Or In-Plant Training (Categories 1-9),2,Up to and including 1 month,53.74,07/2016,Incumbent,O*NET
43-9051.00,"Mail Clerks and Mail Machine Operators, Except Postal Service",3.A.3,On-the-Job Training,OJ,On-The-Job Training (Categories 1-9),5,"Over 6 months, up to and including 1 year",6.8,07/2016,Incumbent,O*NET
43-9061.00,"Office Clerks, General",3.A.1,Related Work Experience,RW,Related Work Experience (Categories 1-11),6,"Over 1 year, up to and including 2 years",30.02,08/2018,Incumbent,O*NET
43-9061.00,"Office Clerks, General",3.A.2,On-Site or In-Plant Training,PT,On-Site Or In-Plant Training (Categories 1-9),2,Up to and including 1 month,43.07,08/2018,Incumbent,O*NET
43-9061.00,"Office Clerks, General",3.A.3,On-the-Job Training,OJ,On-The-Job Training (Categories 1-9),3,"Over 1 month, up to and including 3 months",31.77,08/2018,Incumbent,O*NET
43-9071.00,"Office Machine Operators, Except Computer",3.A.1,Related Work Experience,RW,Related Work Experience (Categories 1-11),1,,36.93,07/2017,Incumbent,O*NET
43-9071.00,"Office Machine Operators, Except Computer",3.A.2,On-Site or In-Plant Training,PT,On-Site Or In-Plant Training (Categories 1-9),1,,30.39,07/2017,Incumbent,O*NET
43-9071.00,"Office Machine Operators, Except Computer",3.A.3,On-the-Job Training,OJ,On-The-Job Training (Categories 1-9),2,"Anything beyond short demonstration, up to and including 1 month",48.55,07/2017,Incumbent,O*NET
43-9081.00,Proofreaders and Copy Markers,3.A.1,Related Work Experience,RW,Related Work Experience (Categories 1-11),7,"Over 2 years, up to and including 4 years",41.34,07/2016,Incumbent,O*NET
43-9081.00,Proofreaders and Copy Markers,3.A.2,On-Site or In-Plant Training,PT,On-Site Or In-Plant Training (Categories 1-9),2,Up to and including 1 month,74.9,07/2016,Incumbent,O*NET
43-9081.00,Proofreaders and Copy Markers,3.A.3,On-the-Job Training,OJ,On-The-Job Training (Categories 1-9),2,"Anything beyond short demonstration, up to and including 1 month",75.78,07/2016,Incumbent,O*NET
43-9111.00,Statistical Assistants,3.A.1,Related Work Experience,RW,Related Work Experience (Categories 1-11),6,"Over 1 year, up to and including 2 years",51.73,08/2026,Incumbent,O*NET
43-9111.00,Statistical Assistants,3.A.2,On-Site or In-Plant Training,PT,On-Site Or In-Plant Training (Categories 1-9),1,,68.35,08/2026,Incumbent,O*NET
43-9111.00,Statistical Assistants,3.A.3,On-the-Job Training,OJ,On-The-Job Training (Categories 1-9),5,"Over 6 months, up to and including 1 year",25.17,08/2026,Incumbent,O*NET
45-1011.00,"First-Line Supervisors of Farming, Fishing, and Forestry Workers",3.A.1,Related Work Experience,RW,Related Work Experience (Categories 1-11),7,"Over 2 years, up to and including 4 years",28.27,08/2022,Incumbent,O*NET
45-1011.00,"First-Line Supervisors of Farming, Fishing, and Forestry Workers",3.A.2,On-Site or In-Plant Training,PT,On-Site Or In-Plant Training (Categories 1-9),6,"Over 1 year, up to and including 2 years",28.07,08/2022,Incumbent,O*NET
45-1011.00,"First-Line Supervisors of Farming, Fishing, and Forestry Workers",3.A.3,On-the-Job Training,OJ,On-The-Job Training (Categories 1-9),5,"Over 6 months, up to and including 1 year",21.86,08/2022,Incumbent,O*NET
45-2011.00,Agricultural Inspectors,3.A.1,Related Work Experience,RW,Related Work Experience (Categories 1-11),6,"Over 1 year, up to and including 2 years",22.71,07/2013,Incumbent,O*NET
45-2011.00,Agricultural Inspectors,3.A.2,On-Site or In-Plant Training,PT,On-Site Or In-Plant Training (Categories 1-9),2,Up to and including 1 month,26.28,07/2013,Incumbent,O*NET
45-2011.00,Agricultural Inspectors,3.A.3,On-the-Job Training,OJ,On-The-Job Training (Categories 1-9),5,"Over 6 months, up to and including 1 year",25.63,07/2013,Incumbent,O*NET
45-2021.00,Animal Breeders,3.A.1,Related Work Experience,RW,Related Work Experience (Categories 1-11),6,"Over 1 year, up to and including 2 years",47.27,08/2018,Incumbent,O*NET
45-2021.00,Animal Breeders,3.A.2,On-Site or In-Plant Training,PT,On-Site Or In-Plant Training (Categories 1-9),3,"Over 1 month, up to and including 3 months",27.56,08/2018,Incumbent,O*NET
45-2021.00,Animal Breeders,3.A.3,On-the-Job Training,OJ,On-The-Job Training (Categories 1-9),4,"Over 3 months, up to and including 6 months",52.09,08/2018,Incumbent,O*NET
45-2041.00,"Graders and Sorters, Agricultural Products",3.A.1,Related Work Experience,RW,Related Work Experience (Categories 1-11),1,,37.8,07/2017,Incumbent,O*NET
45-2041.00,"Graders and Sorters, Agricultural Products",3.A.2,On-Site or In-Plant Training,PT,On-Site Or In-Plant Training (Categories 1-9),2,Up to and including 1 month,45.18,07/2017,Incumbent,O*NET
45-2041.00,"Graders and Sorters, Agricultural Products",3.A.3,On-the-Job Training,OJ,On-The-Job Training (Categories 1-9),2,"Anything beyond short demonstration, up to and including 1 month",50.36,07/2017,Incumbent,O*NET
45-2091.00,Agricultural Equipment Operators,3.A.1,Related Work Experience,RW,Related Work Experience (Categories 1-11),1,,20.43,08/2019,Incumbent,O*NET
45-2091.00,Agricultural Equipment Operators,3.A.2,On-Site or In-Plant Training,PT,On-Site Or In-Plant Training (Categories 1-9),3,"Over 1 month, up to and including 3 months",40.26,08/2019,Incumbent,O*NET
45-2091.00,Agricultural Equipment Operators,3.A.3,On-the-Job Training,OJ,On-The-Job Training (Categories 1-9),5,"Over 6 months, up to and including 1 year",13.04,08/2019,Incumbent,O*NET
45-2092.00,"Farmworkers and Laborers, Crop, Nursery, and Greenhouse",3.A.1,Related Work Experience,RW,Related Work Experience (Categories 1-11),1,,39.06,08/2022,Incumbent,O*NET
45-2092.00,"Farmworkers and Laborers, Crop, Nursery, and Greenhouse",3.A.2,On-Site or In-Plant Training,PT,On-Site Or In-Plant Training (Categories 1-9),1,,37.94,08/2022,Incumbent,O*NET
45-2092.00,"Farmworkers and Laborers, Crop, Nursery, and Greenhouse",3.A.3,On-the-Job Training,OJ,On-The-Job Training (Categories 1-9),2,"Anything beyond short demonstration, up to and including 1 month",41.19,08/2022,Incumbent,O*NET
45-2093.00,"Farmworkers, Farm, Ranch, and Aquacultural Animals",3.A.1,Related Work Experience,RW,Related Work Experience (Categories 1-11),1,,40.2,08/2019,Incumbent,O*NET
45-2093.00,"Farmworkers, Farm, Ranch, and Aquacultural Animals",3.A.2,On-Site or In-Plant Training,PT,On-Site Or In-Plant Training (Categories 1-9),1,,34.6,08/2019,Incumbent,O*NET
45-2093.00,"Farmworkers, Farm, Ranch, and Aquacultural Animals",3.A.3,On-the-Job Training,OJ,On-The-Job Training (Categories 1-9),5,"Over 6 months, up to and including 1 year",37.27,08/2019,Incumbent,O*NET
45-3031.00,Fishing and Hunting Workers,3.A.1,Related Work Experience,RW,Related Work Experience (Categories 1-11),1,,40.0,08/2025,Occupational Expert,O*NET
45-3031.00,Fishing and Hunting Workers,3.A.2,On-Site or In-Plant Training,PT,On-Site Or In-Plant Training (Categories 1-9),1,,35.0,08/2025,Occupational Expert,O*NET
45-3031.00,Fishing and Hunting Workers,3.A.3,On-the-Job Training,OJ,On-The-Job Training (Categories 1-9),2,"Anything beyond short demonstration, up to and including 1 month",42.11,08/2025,Occupational Expert,O*NET
45-4011.00,Forest and Conservation Workers,3.A.1,Related Work Experience,RW,Related Work Experience (Categories 1-11),7,"Over 2 years, up to and including 4 years",32.2,08/2023,Incumbent,O*NET
45-4011.00,Forest and Conservation Workers,3.A.2,On-Site or In-Plant Training,PT,On-Site Or In-Plant Training (Categories 1-9),2,Up to and including 1 month,40.94,08/2023,Incumbent,O*NET
45-4011.00,Forest and Conservation Workers,3.A.3,On-the-Job Training,OJ,On-The-Job Training (Categories 1-9),2,"Anything beyond short demonstration, up to and including 1 month",29.17,08/2023,Incumbent,O*NET
45-4021.00,Fallers,3.A.1,Related Work Experience,RW,Related Work Experience (Categories 1-11),7,"Over 2 years, up to and including 4 years",11.96,08/2026,Incumbent,O*NET
45-4021.00,Fallers,3.A.2,On-Site or In-Plant Training,PT,On-Site Or In-Plant Training (Categories 1-9),1,,50.66,08/2026,Incumbent,O*NET
45-4021.00,Fallers,3.A.3,On-the-Job Training,OJ,On-The-Job Training (Categories 1-9),5,"Over 6 months, up to and including 1 year",49.48,08/2026,Incumbent,O*NET
45-4022.00,Logging Equipment Operators,3.A.1,Related Work Experience,RW,Related Work Experience (Categories 1-11),1,,32.68,07/2017,Incumbent,O*NET
45-4022.00,Logging Equipment Operators,3.A.2,On-Site or In-Plant Training,PT,On-Site Or In-Plant Training (Categories 1-9),3,"Over 1 month, up to and including 3 months",41.14,07/2017,Incumbent,O*NET
45-4022.00,Logging Equipment Operators,3.A.3,On-the-Job Training,OJ,On-The-Job Training (Categories 1-9),3,"Over 1 month, up to and including 3 months",63.07,07/2017,Incumbent,O*NET
45-4023.00,Log Graders and Scalers,3.A.1,Related Work Experience,RW,Related Work Experience (Categories 1-11),6,"Over 1 year, up to and including 2 years",26.37,07/2017,Incumbent,O*NET
45-4023.00,Log Graders and Scalers,3.A.2,On-Site or In-Plant Training,PT,On-Site Or In-Plant Training (Categories 1-9),2,Up to and including 1 month,44.46,07/2017,Incumbent,O*NET
45-4023.00,Log Graders and Scalers,3.A.3,On-the-Job Training,OJ,On-The-Job Training (Categories 1-9),3,"Over 1 month, up to and including 3 months",35.76,07/2017,Incumbent,O*NET
47-1011.00,First-Line Supervisors of Construction Trades and Extraction Workers,3.A.1,Related Work Experience,RW,Related Work Experience (Categories 1-11),11,Over 10 years,30.47,08/2020,Incumbent,O*NET
47-1011.00,First-Line Supervisors of Construction Trades and Extraction Workers,3.A.2,On-Site or In-Plant Training,PT,On-Site Or In-Plant Training (Categories 1-9),9,Over 10 years,16.96,08/2020,Incumbent,O*NET
47-1011.00,First-Line Supervisors of Construction Trades and Extraction Workers,3.A.3,On-the-Job Training,OJ,On-The-Job Training (Categories 1-9),5,"Over 6 months, up to and including 1 year",41.44,08/2020,Incumbent,O*NET
47-1011.03,Solar Energy Installation Managers,3.A.1,Related Work Experience,RW,Related Work Experience (Categories 1-11),5,"Over 6 months, up to and including 1 year",26.12,08/2024,Incumbent,O*NET
47-1011.03,Solar Energy Installation Managers,3.A.2,On-Site or In-Plant Training,PT,On-Site Or In-Plant Training (Categories 1-9),2,Up to and including 1 month,29.43,08/2024,Incumbent,O*NET
47-1011.03,Solar Energy Installation Managers,3.A.3,On-the-Job Training,OJ,On-The-Job Training (Categories 1-9),4,"Over 3 months, up to and including 6 months",39.72,08/2024,Incumbent,O*NET
47-2011.00,Boilermakers,3.A.1,Related Work Experience,RW,Related Work Experience (Categories 1-11),8,"Over 4 years, up to and including 6 years",40.43,08/2025,Incumbent,O*NET
47-2011.00,Boilermakers,3.A.2,On-Site or In-Plant Training,PT,On-Site Or In-Plant Training (Categories 1-9),1,,21.48,08/2025,Incumbent,O*NET
47-2011.00,Boilermakers,3.A.3,On-the-Job Training,OJ,On-The-Job Training (Categories 1-9),7,"Over 2 years, up to and including 4 years",38.43,08/2025,Incumbent,O*NET
47-2021.00,Brickmasons and Blockmasons,3.A.1,Related Work Experience,RW,Related Work Experience (Categories 1-11),7,"Over 2 years, up to and including 4 years",36.28,08/2018,Incumbent,O*NET
47-2021.00,Brickmasons and Blockmasons,3.A.2,On-Site or In-Plant Training,PT,On-Site Or In-Plant Training (Categories 1-9),7,"Over 2 years, up to and including 4 years",36.45,08/2018,Incumbent,O*NET
47-2021.00,Brickmasons and Blockmasons,3.A.3,On-the-Job Training,OJ,On-The-Job Training (Categories 1-9),7,"Over 2 years, up to and including 4 years",40.48,08/2018,Incumbent,O*NET
47-2022.00,Stonemasons,3.A.1,Related Work Experience,RW,Related Work Experience (Categories 1-11),8,"Over 4 years, up to and including 6 years",43.48,08/2025,Incumbent,O*NET
47-2022.00,Stonemasons,3.A.2,On-Site or In-Plant Training,PT,On-Site Or In-Plant Training (Categories 1-9),4,"Over 3 months, up to and including 6 months",17.83,08/2025,Incumbent,O*NET
47-2022.00,Stonemasons,3.A.3,On-the-Job Training,OJ,On-The-Job Training (Categories 1-9),6,"Over 1 year, up to and including 2 years",37.24,08/2025,Incumbent,O*NET
47-2031.00,Carpenters,3.A.1,Related Work Experience,RW,Related Work Experience (Categories 1-11),6,"Over 1 year, up to and including 2 years",26.85,08/2022,Incumbent,O*NET
47-2031.00,Carpenters,3.A.2,On-Site or In-Plant Training,PT,On-Site Or In-Plant Training (Categories 1-9),8,"Over 4 years, up to and including 10 years",30.92,08/2022,Incumbent,O*NET
47-2031.00,Carpenters,3.A.3,On-the-Job Training,OJ,On-The-Job Training (Categories 1-9),8,"Over 4 years, up to and including 10 years",33.03,08/2022,Incumbent,O*NET
47-2041.00,Carpet Installers,3.A.1,Related Work Experience,RW,Related Work Experience (Categories 1-11),8,"Over 4 years, up to and including 6 years",23.81,07/2011,Incumbent,O*NET
47-2041.00,Carpet Installers,3.A.2,On-Site or In-Plant Training,PT,On-Site Or In-Plant Training (Categories 1-9),1,,25.7,07/2011,Incumbent,O*NET
47-2041.00,Carpet Installers,3.A.3,On-the-Job Training,OJ,On-The-Job Training (Categories 1-9),7,"Over 2 years, up to and including 4 years",23.63,07/2011,Incumbent,O*NET
47-2042.00,"Floor Layers, Except Carpet, Wood, and Hard Tiles",3.A.1,Related Work Experience,RW,Related Work Experience (Categories 1-11),1,,51.75,12/2005,Incumbent,O*NET
47-2042.00,"Floor Layers, Except Carpet, Wood, and Hard Tiles",3.A.2,On-Site or In-Plant Training,PT,On-Site Or In-Plant Training (Categories 1-9),1,,50.68,12/2005,Incumbent,O*NET
47-2042.00,"Floor Layers, Except Carpet, Wood, and Hard Tiles",3.A.3,On-the-Job Training,OJ,On-The-Job Training (Categories 1-9),3,"Over 1 month, up to and including 3 months",14.66,12/2005,Incumbent,O*NET
47-2043.00,Floor Sanders and Finishers,3.A.1,Related Work Experience,RW,Related Work Experience (Categories 1-11),7,"Over 2 years, up to and including 4 years",26.99,08/2021,Incumbent,O*NET
47-2043.00,Floor Sanders and Finishers,3.A.2,On-Site or In-Plant Training,PT,On-Site Or In-Plant Training (Categories 1-9),1,,21.5,08/2021,Incumbent,O*NET
47-2043.00,Floor Sanders and Finishers,3.A.3,On-the-Job Training,OJ,On-The-Job Training (Categories 1-9),7,"Over 2 years, up to and including 4 years",36.82,08/2021,Incumbent,O*NET
47-2044.00,Tile and Stone Setters,3.A.1,Related Work Experience,RW,Related Work Experience (Categories 1-11),6,"Over 1 year, up to and including 2 years",34.27,08/2023,Incumbent,O*NET
47-2044.00,Tile and Stone Setters,3.A.2,On-Site or In-Plant Training,PT,On-Site Or In-Plant Training (Categories 1-9),6,"Over 1 year, up to and including 2 years",29.97,08/2023,Incumbent,O*NET
47-2044.00,Tile and Stone Setters,3.A.3,On-the-Job Training,OJ,On-The-Job Training (Categories 1-9),6,"Over 1 year, up to and including 2 years",35.78,08/2023,Incumbent,O*NET
47-2051.00,Cement Masons and Concrete Finishers,3.A.1,Related Work Experience,RW,Related Work Experience (Categories 1-11),1,,25.6,08/2018,Incumbent,O*NET
47-2051.00,Cement Masons and Concrete Finishers,3.A.2,On-Site or In-Plant Training,PT,On-Site Or In-Plant Training (Categories 1-9),1,,33.93,08/2018,Incumbent,O*NET
47-2051.00,Cement Masons and Concrete Finishers,3.A.3,On-the-Job Training,OJ,On-The-Job Training (Categories 1-9),2,"Anything beyond short demonstration, up to and including 1 month",28.75,08/2018,Incumbent,O*NET
47-2053.00,Terrazzo Workers and Finishers,3.A.1,Related Work Experience,RW,Related Work Experience (Categories 1-11),1,,49.71,07/2015,Incumbent,O*NET
47-2053.00,Terrazzo Workers and Finishers,3.A.2,On-Site or In-Plant Training,PT,On-Site Or In-Plant Training (Categories 1-9),1,,44.51,07/2015,Incumbent,O*NET
47-2053.00,Terrazzo Workers and Finishers,3.A.3,On-the-Job Training,OJ,On-The-Job Training (Categories 1-9),1,None or short demonstration,19.84,07/2015,Incumbent,O*NET
47-2061.00,Construction Laborers,3.A.1,Related Work Experience,RW,Related Work Experience (Categories 1-11),6,"Over 1 year, up to and including 2 years",15.16,08/2020,Incumbent,O*NET
47-2061.00,Construction Laborers,3.A.2,On-Site or In-Plant Training,PT,On-Site Or In-Plant Training (Categories 1-9),5,"Over 6 months, up to and including 1 year",16.54,08/2020,Incumbent,O*NET
47-2061.00,Construction Laborers,3.A.3,On-the-Job Training,OJ,On-The-Job Training (Categories 1-9),4,"Over 3 months, up to and including 6 months",57.81,08/2020,Incumbent,O*NET
47-2071.00,"Paving, Surfacing, and Tamping Equipment Operators",3.A.1,Related Work Experience,RW,Related Work Experience (Categories 1-11),6,"Over 1 year, up to and including 2 years",46.16,08/2020,Incumbent,O*NET
47-2071.00,"Paving, Surfacing, and Tamping Equipment Operators",3.A.2,On-Site or In-Plant Training,PT,On-Site Or In-Plant Training (Categories 1-9),3,"Over 1 month, up to and including 3 months",27.83,08/2020,Incumbent,O*NET
47-2071.00,"Paving, Surfacing, and Tamping Equipment Operators",3.A.3,On-the-Job Training,OJ,On-The-Job Training (Categories 1-9),6,"Over 1 year, up to and including 2 years",24.69,08/2020,Incumbent,O*NET
47-2072.00,Pile Driver Operators,3.A.1,Related Work Experience,RW,Related Work Experience (Categories 1-11),7,"Over 2 years, up to and including 4 years",38.01,08/2018,Incumbent,O*NET
47-2072.00,Pile Driver Operators,3.A.2,On-Site or In-Plant Training,PT,On-Site Or In-Plant Training (Categories 1-9),7,"Over 2 years, up to and including 4 years",23.9,08/2018,Incumbent,O*NET
47-2072.00,Pile Driver Operators,3.A.3,On-the-Job Training,OJ,On-The-Job Training (Categories 1-9),7,"Over 2 years, up to and including 4 years",21.66,08/2018,Incumbent,O*NET
47-2073.00,Operating Engineers and Other Construction Equipment Operators,3.A.1,Related Work Experience,RW,Related Work Experience (Categories 1-11),7,"Over 2 years, up to and including 4 years",36.61,08/2020,Incumbent,O*NET
47-2073.00,Operating Engineers and Other Construction Equipment Operators,3.A.2,On-Site or In-Plant Training,PT,On-Site Or In-Plant Training (Categories 1-9),3,"Over 1 month, up to and including 3 months",21.16,08/2020,Incumbent,O*NET
47-2073.00,Operating Engineers and Other Construction Equipment Operators,3.A.3,On-the-Job Training,OJ,On-The-Job Training (Categories 1-9),2,"Anything beyond short demonstration, up to and including 1 month",36.83,08/2020,Incumbent,O*NET
47-2081.00,Drywall and Ceiling Tile Installers,3.A.1,Related Work Experience,RW,Related Work Experience (Categories 1-11),6,"Over 1 year, up to and including 2 years",42.09,07/2016,Incumbent,O*NET
47-2081.00,Drywall and Ceiling Tile Installers,3.A.2,On-Site or In-Plant Training,PT,On-Site Or In-Plant Training (Categories 1-9),7,"Over 2 years, up to and including 4 years",32.13,07/2016,Incumbent,O*NET
47-2081.00,Drywall and Ceiling Tile Installers,3.A.3,On-the-Job Training,OJ,On-The-Job Training (Categories 1-9),7,"Over 2 years, up to and including 4 years",35.33,07/2016,Incumbent,O*NET
47-2082.00,Tapers,3.A.1,Related Work Experience,RW,Related Work Experience (Categories 1-11),7,"Over 2 years, up to and including 4 years",31.81,08/2026,Incumbent,O*NET
47-2082.00,Tapers,3.A.2,On-Site or In-Plant Training,PT,On-Site Or In-Plant Training (Categories 1-9),7,"Over 2 years, up to and including 4 years",26.72,08/2026,Incumbent,O*NET
47-2082.00,Tapers,3.A.3,On-the-Job Training,OJ,On-The-Job Training (Categories 1-9),5,"Over 6 months, up to and including 1 year",32.19,08/2026,Incumbent,O*NET
47-2111.00,Electricians,3.A.1,Related Work Experience,RW,Related Work Experience (Categories 1-11),5,"Over 6 months, up to and including 1 year",27.96,08/2022,Incumbent,O*NET
47-2111.00,Electricians,3.A.2,On-Site or In-Plant Training,PT,On-Site Or In-Plant Training (Categories 1-9),8,"Over 4 years, up to and including 10 years",18.88,08/2022,Incumbent,O*NET
47-2111.00,Electricians,3.A.3,On-the-Job Training,OJ,On-The-Job Training (Categories 1-9),8,"Over 4 years, up to and including 10 years",36.83,08/2022,Incumbent,O*NET
47-2121.00,Glaziers,3.A.1,Related Work Experience,RW,Related Work Experience (Categories 1-11),1,,36.27,08/2023,Incumbent,O*NET
47-2121.00,Glaziers,3.A.2,On-Site or In-Plant Training,PT,On-Site Or In-Plant Training (Categories 1-9),1,,41.47,08/2023,Incumbent,O*NET
47-2121.00,Glaziers,3.A.3,On-the-Job Training,OJ,On-The-Job Training (Categories 1-9),4,"Over 3 months, up to and including 6 months",16.46,08/2023,Incumbent,O*NET
47-2131.00,"Insulation Workers, Floor, Ceiling, and Wall",3.A.1,Related Work Experience,RW,Related Work Experience (Categories 1-11),1,,38.41,07/2015,Incumbent,O*NET
47-2131.00,"Insulation Workers, Floor, Ceiling, and Wall",3.A.2,On-Site or In-Plant Training,PT,On-Site Or In-Plant Training (Categories 1-9),2,Up to and including 1 month,25.88,07/2015,Incumbent,O*NET
47-2131.00,"Insulation Workers, Floor, Ceiling, and Wall",3.A.3,On-the-Job Training,OJ,On-The-Job Training (Categories 1-9),3,"Over 1 month, up to and including 3 months",18.37,07/2015,Incumbent,O*NET
47-2132.00,"Insulation Workers, Mechanical",3.A.1,Related Work Experience,RW,Related Work Experience (Categories 1-11),1,,81.22,08/2023,Incumbent,O*NET
47-2132.00,"Insulation Workers, Mechanical",3.A.2,On-Site or In-Plant Training,PT,On-Site Or In-Plant Training (Categories 1-9),2,Up to and including 1 month,24.34,08/2023,Incumbent,O*NET
47-2132.00,"Insulation Workers, Mechanical",3.A.3,On-the-Job Training,OJ,On-The-Job Training (Categories 1-9),6,"Over 1 year, up to and including 2 years",18.64,08/2023,Incumbent,O*NET
47-2141.00,"Painters, Construction and Maintenance",3.A.1,Related Work Experience,RW,Related Work Experience (Categories 1-11),11,Over 10 years,2.19,08/2025,Incumbent,O*NET
47-2141.00,"Painters, Construction and Maintenance",3.A.2,On-Site or In-Plant Training,PT,On-Site Or In-Plant Training (Categories 1-9),1,,46.92,08/2025,Incumbent,O*NET
47-2141.00,"Painters, Construction and Maintenance",3.A.3,On-the-Job Training,OJ,On-The-Job Training (Categories 1-9),7,"Over 2 years, up to and including 4 years",16.93,08/2025,Incumbent,O*NET
47-2142.00,Paperhangers,3.A.1,Related Work Experience,RW,Related Work Experience (Categories 1-11),1,,20.08,06/2008,Incumbent,O*NET
47-2142.00,Paperhangers,3.A.2,On-Site or In-Plant Training,PT,On-Site Or In-Plant Training (Categories 1-9),2,Up to and including 1 month,32.2,06/2008,Incumbent,O*NET
47-2142.00,Paperhangers,3.A.3,On-the-Job Training,OJ,On-The-Job Training (Categories 1-9),7,"Over 2 years, up to and including 4 years",23.9,06/2008,Incumbent,O*NET
47-2151.00,Pipelayers,3.A.1,Related Work Experience,RW,Related Work Experience (Categories 1-11),6,"Over 1 year, up to and including 2 years",18.88,08/2025,Incumbent,O*NET
47-2151.00,Pipelayers,3.A.2,On-Site or In-Plant Training,PT,On-Site Or In-Plant Training (Categories 1-9),3,"Over 1 month, up to and including 3 months",18.33,08/2025,Incumbent,O*NET
47-2151.00,Pipelayers,3.A.3,On-the-Job Training,OJ,On-The-Job Training (Categories 1-9),5,"Over 6 months, up to and including 1 year",27.57,08/2025,Incumbent,O*NET
47-2152.00,"Plumbers, Pipefitters, and Steamfitters",3.A.1,Related Work Experience,RW,Related Work Experience (Categories 1-11),8,"Over 4 years, up to and including 6 years",56.87,08/2022,Incumbent,O*NET
47-2152.00,"Plumbers, Pipefitters, and Steamfitters",3.A.2,On-Site or In-Plant Training,PT,On-Site Or In-Plant Training (Categories 1-9),8,"Over 4 years, up to and including 10 years",33.49,08/2022,Incumbent,O*NET
47-2152.00,"Plumbers, Pipefitters, and Steamfitters",3.A.3,On-the-Job Training,OJ,On-The-Job Training (Categories 1-9),8,"Over 4 years, up to and including 10 years",32.84,08/2022,Incumbent,O*NET
47-2152.04,Solar Thermal Installers and Technicians,3.A.1,Related Work Experience,RW,Related Work Experience (Categories 1-11),1,,29.22,07/2015,Incumbent,O*NET
47-2152.04,Solar Thermal Installers and Technicians,3.A.2,On-Site or In-Plant Training,PT,On-Site Or In-Plant Training (Categories 1-9),4,"Over 3 months, up to and including 6 months",37.69,07/2015,Incumbent,O*NET
47-2152.04,Solar Thermal Installers and Technicians,3.A.3,On-the-Job Training,OJ,On-The-Job Training (Categories 1-9),4,"Over 3 months, up to and including 6 months",39.51,07/2015,Incumbent,O*NET
47-2161.00,Plasterers and Stucco Masons,3.A.1,Related Work Experience,RW,Related Work Experience (Categories 1-11),1,,38.65,07/2015,Incumbent,O*NET
47-2161.00,Plasterers and Stucco Masons,3.A.2,On-Site or In-Plant Training,PT,On-Site Or In-Plant Training (Categories 1-9),1,,34.84,07/2015,Incumbent,O*NET
47-2161.00,Plasterers and Stucco Masons,3.A.3,On-the-Job Training,OJ,On-The-Job Training (Categories 1-9),2,"Anything beyond short demonstration, up to and including 1 month",29.51,07/2015,Incumbent,O*NET
47-2171.00,Reinforcing Iron and Rebar Workers,3.A.1,Related Work Experience,RW,Related Work Experience (Categories 1-11),7,"Over 2 years, up to and including 4 years",22.19,08/2026,Incumbent,O*NET
47-2171.00,Reinforcing Iron and Rebar Workers,3.A.2,On-Site or In-Plant Training,PT,On-Site Or In-Plant Training (Categories 1-9),7,"Over 2 years, up to and including 4 years",23.55,08/2026,Incumbent,O*NET
47-2171.00,Reinforcing Iron and Rebar Workers,3.A.3,On-the-Job Training,OJ,On-The-Job Training (Categories 1-9),3,"Over 1 month, up to and including 3 months",33.79,08/2026,Incumbent,O*NET
47-2181.00,Roofers,3.A.1,Related Work Experience,RW,Related Work Experience (Categories 1-11),1,,41.13,08/2026,Incumbent,O*NET
47-2181.00,Roofers,3.A.2,On-Site or In-Plant Training,PT,On-Site Or In-Plant Training (Categories 1-9),1,,29.87,08/2026,Incumbent,O*NET
47-2181.00,Roofers,3.A.3,On-the-Job Training,OJ,On-The-Job Training (Categories 1-9),3,"Over 1 month, up to and including 3 months",40.57,08/2026,Incumbent,O*NET
47-2211.00,Sheet Metal Workers,3.A.1,Related Work Experience,RW,Related Work Experience (Categories 1-11),1,,46.91,08/2023,Incumbent,O*NET
47-2211.00,Sheet Metal Workers,3.A.2,On-Site or In-Plant Training,PT,On-Site Or In-Plant Training (Categories 1-9),8,"Over 4 years, up to and including 10 years",19.29,08/2023,Incumbent,O*NET
47-2211.00,Sheet Metal Workers,3.A.3,On-the-Job Training,OJ,On-The-Job Training (Categories 1-9),7,"Over 2 years, up to and including 4 years",40.48,08/2023,Incumbent,O*NET
47-2221.00,Structural Iron and Steel Workers,3.A.1,Related Work Experience,RW,Related Work Experience (Categories 1-11),6,"Over 1 year, up to and including 2 years",24.77,08/2026,Incumbent,O*NET
47-2221.00,Structural Iron and Steel Workers,3.A.2,On-Site or In-Plant Training,PT,On-Site Or In-Plant Training (Categories 1-9),6,"Over 1 year, up to and including 2 years",23.9,08/2026,Incumbent,O*NET
47-2221.00,Structural Iron and Steel Workers,3.A.3,On-the-Job Training,OJ,On-The-Job Training (Categories 1-9),6,"Over 1 year, up to and including 2 years",30.35,08/2026,Incumbent,O*NET
47-2231.00,Solar Photovoltaic Installers,3.A.1,Related Work Experience,RW,Related Work Experience (Categories 1-11),6,"Over 1 year, up to and including 2 years",36.9,08/2024,Incumbent,O*NET
47-2231.00,Solar Photovoltaic Installers,3.A.2,On-Site or In-Plant Training,PT,On-Site Or In-Plant Training (Categories 1-9),6,"Over 1 year, up to and including 2 years",25.04,08/2024,Incumbent,O*NET
47-2231.00,Solar Photovoltaic Installers,3.A.3,On-the-Job Training,OJ,On-The-Job Training (Categories 1-9),2,"Anything beyond short demonstration, up to and including 1 month",22.06,08/2024,Incumbent,O*NET
47-3011.00,"Helpers--Brickmasons, Blockmasons, Stonemasons, and Tile and Marble Setters",3.A.1,Related Work Experience,RW,Related Work Experience (Categories 1-11),1,,42.03,07/2013,Incumbent,O*NET
47-3011.00,"Helpers--Brickmasons, Blockmasons, Stonemasons, and Tile and Marble Setters",3.A.2,On-Site or In-Plant Training,PT,On-Site Or In-Plant Training (Categories 1-9),1,,45.37,07/2013,Incumbent,O*NET
47-3011.00,"Helpers--Brickmasons, Blockmasons, Stonemasons, and Tile and Marble Setters",3.A.3,On-the-Job Training,OJ,On-The-Job Training (Categories 1-9),1,None or short demonstration,44.45,07/2013,Incumbent,O*NET
47-3012.00,Helpers--Carpenters,3.A.1,Related Work Experience,RW,Related Work Experience (Categories 1-11),6,"Over 1 year, up to and including 2 years",4.96,08/2026,Incumbent,O*NET
47-3012.00,Helpers--Carpenters,3.A.2,On-Site or In-Plant Training,PT,On-Site Or In-Plant Training (Categories 1-9),5,"Over 6 months, up to and including 1 year",19.49,08/2026,Incumbent,O*NET
47-3012.00,Helpers--Carpenters,3.A.3,On-the-Job Training,OJ,On-The-Job Training (Categories 1-9),4,"Over 3 months, up to and including 6 months",16.39,08/2026,Incumbent,O*NET
47-3013.00,Helpers--Electricians,3.A.1,Related Work Experience,RW,Related Work Experience (Categories 1-11),1,,24.66,08/2023,Incumbent,O*NET
47-3013.00,Helpers--Electricians,3.A.2,On-Site or In-Plant Training,PT,On-Site Or In-Plant Training (Categories 1-9),5,"Over 6 months, up to and including 1 year",15.89,08/2023,Incumbent,O*NET
47-3013.00,Helpers--Electricians,3.A.3,On-the-Job Training,OJ,On-The-Job Training (Categories 1-9),8,"Over 4 years, up to and including 10 years",30.34,08/2023,Incumbent,O*NET
47-3014.00,"Helpers--Painters, Paperhangers, Plasterers, and Stucco Masons",3.A.1,Related Work Experience,RW,Related Work Experience (Categories 1-11),1,,29.72,06/2007,Incumbent,O*NET
47-3014.00,"Helpers--Painters, Paperhangers, Plasterers, and Stucco Masons",3.A.2,On-Site or In-Plant Training,PT,On-Site Or In-Plant Training (Categories 1-9),1,,31.19,06/2007,Incumbent,O*NET
47-3014.00,"Helpers--Painters, Paperhangers, Plasterers, and Stucco Masons",3.A.3,On-the-Job Training,OJ,On-The-Job Training (Categories 1-9),5,"Over 6 months, up to and including 1 year",21.59,06/2007,Incumbent,O*NET
47-3015.00,"Helpers--Pipelayers, Plumbers, Pipefitters, and Steamfitters",3.A.1,Related Work Experience,RW,Related Work Experience (Categories 1-11),6,"Over 1 year, up to and including 2 years",38.41,07/2011,Incumbent,O*NET
47-3015.00,"Helpers--Pipelayers, Plumbers, Pipefitters, and Steamfitters",3.A.2,On-Site or In-Plant Training,PT,On-Site Or In-Plant Training (Categories 1-9),5,"Over 6 months, up to and including 1 year",22.26,07/2011,Incumbent,O*NET
47-3015.00,"Helpers--Pipelayers, Plumbers, Pipefitters, and Steamfitters",3.A.3,On-the-Job Training,OJ,On-The-Job Training (Categories 1-9),4,"Over 3 months, up to and including 6 months",28.05,07/2011,Incumbent,O*NET
47-3016.00,Helpers--Roofers,3.A.1,Related Work Experience,RW,Related Work Experience (Categories 1-11),1,,54.43,08/2026,Incumbent,O*NET
47-3016.00,Helpers--Roofers,3.A.2,On-Site or In-Plant Training,PT,On-Site Or In-Plant Training (Categories 1-9),2,Up to and including 1 month,31.58,08/2026,Incumbent,O*NET
47-3016.00,Helpers--Roofers,3.A.3,On-the-Job Training,OJ,On-The-Job Training (Categories 1-9),2,"Anything beyond short demonstration, up to and including 1 month",35.92,08/2026,Incumbent,O*NET
47-4011.00,Construction and Building Inspectors,3.A.1,Related Work Experience,RW,Related Work Experience (Categories 1-11),8,"Over 4 years, up to and including 6 years",32.0,08/2024,Occupational Expert,O*NET
47-4011.00,Construction and Building Inspectors,3.A.2,On-Site or In-Plant Training,PT,On-Site Or In-Plant Training (Categories 1-9),4,"Over 3 months, up to and including 6 months",20.0,08/2024,Occupational Expert,O*NET
47-4011.00,Construction and Building Inspectors,3.A.3,On-the-Job Training,OJ,On-The-Job Training (Categories 1-9),4,"Over 3 months, up to and including 6 months",24.0,08/2024,Occupational Expert,O*NET
47-4011.01,Energy Auditors,3.A.1,Related Work Experience,RW,Related Work Experience (Categories 1-11),6,"Over 1 year, up to and including 2 years",34.48,08/2022,Occupational Expert,O*NET
47-4011.01,Energy Auditors,3.A.2,On-Site or In-Plant Training,PT,On-Site Or In-Plant Training (Categories 1-9),2,Up to and including 1 month,27.59,08/2022,Occupational Expert,O*NET
47-4011.01,Energy Auditors,3.A.3,On-the-Job Training,OJ,On-The-Job Training (Categories 1-9),3,"Over 1 month, up to and including 3 months",31.03,08/2022,Occupational Expert,O*NET
47-4021.00,Elevator and Escalator Installers and Repairers,3.A.1,Related Work Experience,RW,Related Work Experience (Categories 1-11),7,"Over 2 years, up to and including 4 years",29.08,08/2023,Incumbent,O*NET
47-4021.00,Elevator and Escalator Installers and Repairers,3.A.2,On-Site or In-Plant Training,PT,On-Site Or In-Plant Training (Categories 1-9),3,"Over 1 month, up to and including 3 months",34.11,08/2023,Incumbent,O*NET
47-4021.00,Elevator and Escalator Installers and Repairers,3.A.3,On-the-Job Training,OJ,On-The-Job Training (Categories 1-9),8,"Over 4 years, up to and including 10 years",31.9,08/2023,Incumbent,O*NET
47-4031.00,Fence Erectors,3.A.1,Related Work Experience,RW,Related Work Experience (Categories 1-11),1,,31.46,08/2019,Incumbent,O*NET
47-4031.00,Fence Erectors,3.A.2,On-Site or In-Plant Training,PT,On-Site Or In-Plant Training (Categories 1-9),4,"Over 3 months, up to and including 6 months",25.66,08/2019,Incumbent,O*NET
47-4031.00,Fence Erectors,3.A.3,On-the-Job Training,OJ,On-The-Job Training (Categories 1-9),6,"Over 1 year, up to and including 2 years",25.55,08/2019,Incumbent,O*NET
47-4041.00,Hazardous Materials Removal Workers,3.A.1,Related Work Experience,RW,Related Work Experience (Categories 1-11),1,,41.57,08/2026,Incumbent,O*NET
47-4041.00,Hazardous Materials Removal Workers,3.A.2,On-Site or In-Plant Training,PT,On-Site Or In-Plant Training (Categories 1-9),2,Up to and including 1 month,46.93,08/2026,Incumbent,O*NET
47-4041.00,Hazardous Materials Removal Workers,3.A.3,On-the-Job Training,OJ,On-The-Job Training (Categories 1-9),3,"Over 1 month, up to and including 3 months",31.22,08/2026,Incumbent,O*NET
47-4051.00,Highway Maintenance Workers,3.A.1,Related Work Experience,RW,Related Work Experience (Categories 1-11),5,"Over 6 months, up to and including 1 year",41.8,07/2017,Incumbent,O*NET
47-4051.00,Highway Maintenance Workers,3.A.2,On-Site or In-Plant Training,PT,On-Site Or In-Plant Training (Categories 1-9),2,Up to and including 1 month,32.01,07/2017,Incumbent,O*NET
47-4051.00,Highway Maintenance Workers,3.A.3,On-the-Job Training,OJ,On-The-Job Training (Categories 1-9),1,None or short demonstration,16.08,07/2017,Incumbent,O*NET
47-4061.00,Rail-Track Laying and Maintenance Equipment Operators,3.A.1,Related Work Experience,RW,Related Work Experience (Categories 1-11),1,,37.98,08/2026,Incumbent,O*NET
47-4061.00,Rail-Track Laying and Maintenance Equipment Operators,3.A.2,On-Site or In-Plant Training,PT,On-Site Or In-Plant Training (Categories 1-9),5,"Over 6 months, up to and including 1 year",30.87,08/2026,Incumbent,O*NET
47-4061.00,Rail-Track Laying and Maintenance Equipment Operators,3.A.3,On-the-Job Training,OJ,On-The-Job Training (Categories 1-9),5,"Over 6 months, up to and including 1 year",57.99,08/2026,Incumbent,O*NET
47-4071.00,Septic Tank Servicers and Sewer Pipe Cleaners,3.A.1,Related Work Experience,RW,Related Work Experience (Categories 1-11),1,,34.56,07/2017,Incumbent,O*NET
47-4071.00,Septic Tank Servicers and Sewer Pipe Cleaners,3.A.2,On-Site or In-Plant Training,PT,On-Site Or In-Plant Training (Categories 1-9),2,Up to and including 1 month,40.27,07/2017,Incumbent,O*NET
47-4071.00,Septic Tank Servicers and Sewer Pipe Cleaners,3.A.3,On-the-Job Training,OJ,On-The-Job Training (Categories 1-9),2,"Anything beyond short demonstration, up to and including 1 month",42.38,07/2017,Incumbent,O*NET
47-4091.00,Segmental Pavers,3.A.1,Related Work Experience,RW,Related Work Experience (Categories 1-11),6,"Over 1 year, up to and including 2 years",40.92,06/2008,Incumbent,O*NET
47-4091.00,Segmental Pavers,3.A.2,On-Site or In-Plant Training,PT,On-Site Or In-Plant Training (Categories 1-9),5,"Over 6 months, up to and including 1 year",38.83,06/2008,Incumbent,O*NET
47-4091.00,Segmental Pavers,3.A.3,On-the-Job Training,OJ,On-The-Job Training (Categories 1-9),5,"Over 6 months, up to and including 1 year",39.0,06/2008,Incumbent,O*NET
47-4099.03,Weatherization Installers and Technicians,3.A.1,Related Work Experience,RW,Related Work Experience (Categories 1-11),6,"Over 1 year, up to and including 2 years",34.78,08/2020,Occupational Expert,O*NET
47-4099.03,Weatherization Installers and Technicians,3.A.2,On-Site or In-Plant Training,PT,On-Site Or In-Plant Training (Categories 1-9),2,Up to and including 1 month,26.09,08/2020,Occupational Expert,O*NET
47-4099.03,Weatherization Installers and Technicians,3.A.3,On-the-Job Training,OJ,On-The-Job Training (Categories 1-9),3,"Over 1 month, up to and including 3 months",26.09,08/2020,Occupational Expert,O*NET
47-5011.00,"Derrick Operators, Oil and Gas",3.A.1,Related Work Experience,RW,Related Work Experience (Categories 1-11),7,"Over 2 years, up to and including 4 years",39.4,06/2006,Incumbent,O*NET
47-5011.00,"Derrick Operators, Oil and Gas",3.A.2,On-Site or In-Plant Training,PT,On-Site Or In-Plant Training (Categories 1-9),2,Up to and including 1 month,34.29,06/2006,Incumbent,O*NET
47-5011.00,"Derrick Operators, Oil and Gas",3.A.3,On-the-Job Training,OJ,On-The-Job Training (Categories 1-9),2,"Anything beyond short demonstration, up to and including 1 month",48.56,06/2006,Incumbent,O*NET
47-5012.00,"Rotary Drill Operators, Oil and Gas",3.A.1,Related Work Experience,RW,Related Work Experience (Categories 1-11),7,"Over 2 years, up to and including 4 years",30.85,12/2005,Incumbent,O*NET
47-5012.00,"Rotary Drill Operators, Oil and Gas",3.A.2,On-Site or In-Plant Training,PT,On-Site Or In-Plant Training (Categories 1-9),2,Up to and including 1 month,29.97,12/2005,Incumbent,O*NET
47-5012.00,"Rotary Drill Operators, Oil and Gas",3.A.3,On-the-Job Training,OJ,On-The-Job Training (Categories 1-9),5,"Over 6 months, up to and including 1 year",19.97,12/2005,Incumbent,O*NET
47-5013.00,"Service Unit Operators, Oil and Gas",3.A.1,Related Work Experience,RW,Related Work Experience (Categories 1-11),6,"Over 1 year, up to and including 2 years",17.48,07/2013,Incumbent,O*NET
47-5013.00,"Service Unit Operators, Oil and Gas",3.A.2,On-Site or In-Plant Training,PT,On-Site Or In-Plant Training (Categories 1-9),2,Up to and including 1 month,63.13,07/2013,Incumbent,O*NET
47-5013.00,"Service Unit Operators, Oil and Gas",3.A.3,On-the-Job Training,OJ,On-The-Job Training (Categories 1-9),6,"Over 1 year, up to and including 2 years",24.73,07/2013,Incumbent,O*NET
47-5022.00,"Excavating and Loading Machine and Dragline Operators, Surface Mining",3.A.1,Related Work Experience,RW,Related Work Experience (Categories 1-11),7,"Over 2 years, up to and including 4 years",25.92,07/2013,Incumbent,O*NET
47-5022.00,"Excavating and Loading Machine and Dragline Operators, Surface Mining",3.A.2,On-Site or In-Plant Training,PT,On-Site Or In-Plant Training (Categories 1-9),3,"Over 1 month, up to and including 3 months",21.04,07/2013,Incumbent,O*NET
47-5022.00,"Excavating and Loading Machine and Dragline Operators, Surface Mining",3.A.3,On-the-Job Training,OJ,On-The-Job Training (Categories 1-9),2,"Anything beyond short demonstration, up to and including 1 month",25.45,07/2013,Incumbent,O*NET
47-5023.00,"Earth Drillers, Except Oil and Gas",3.A.1,Related Work Experience,RW,Related Work Experience (Categories 1-11),1,,30.29,07/2017,Incumbent,O*NET
47-5023.00,"Earth Drillers, Except Oil and Gas",3.A.2,On-Site or In-Plant Training,PT,On-Site Or In-Plant Training (Categories 1-9),2,Up to and including 1 month,22.55,07/2017,Incumbent,O*NET
47-5023.00,"Earth Drillers, Except Oil and Gas",3.A.3,On-the-Job Training,OJ,On-The-Job Training (Categories 1-9),2,"Anything beyond short demonstration, up to and including 1 month",27.6,07/2017,Incumbent,O*NET
47-5032.00,"Explosives Workers, Ordnance Handling Experts, and Blasters",3.A.1,Related Work Experience,RW,Related Work Experience (Categories 1-11),7,"Over 2 years, up to and including 4 years",45.83,06/2006,Occupational Expert,O*NET
47-5032.00,"Explosives Workers, Ordnance Handling Experts, and Blasters",3.A.2,On-Site or In-Plant Training,PT,On-Site Or In-Plant Training (Categories 1-9),2,Up to and including 1 month,41.67,06/2006,Occupational Expert,O*NET
47-5032.00,"Explosives Workers, Ordnance Handling Experts, and Blasters",3.A.3,On-the-Job Training,OJ,On-The-Job Training (Categories 1-9),7,"Over 2 years, up to and including 4 years",25.0,06/2006,Occupational Expert,O*NET
47-5041.00,Continuous Mining Machine Operators,3.A.1,Related Work Experience,RW,Related Work Experience (Categories 1-11),6,"Over 1 year, up to and including 2 years",40.95,07/2016,Incumbent,O*NET
47-5041.00,Continuous Mining Machine Operators,3.A.2,On-Site or In-Plant Training,PT,On-Site Or In-Plant Training (Categories 1-9),2,Up to and including 1 month,39.42,07/2016,Incumbent,O*NET
47-5041.00,Continuous Mining Machine Operators,3.A.3,On-the-Job Training,OJ,On-The-Job Training (Categories 1-9),5,"Over 6 months, up to and including 1 year",46.51,07/2016,Incumbent,O*NET
47-5043.00,"Roof Bolters, Mining",3.A.1,Related Work Experience,RW,Related Work Experience (Categories 1-11),5,"Over 6 months, up to and including 1 year",40.21,07/2017,Incumbent,O*NET
47-5043.00,"Roof Bolters, Mining",3.A.2,On-Site or In-Plant Training,PT,On-Site Or In-Plant Training (Categories 1-9),2,Up to and including 1 month,47.93,07/2017,Incumbent,O*NET
47-5043.00,"Roof Bolters, Mining",3.A.3,On-the-Job Training,OJ,On-The-Job Training (Categories 1-9),2,"Anything beyond short demonstration, up to and including 1 month",46.82,07/2017,Incumbent,O*NET
47-5044.00,"Loading and Moving Machine Operators, Underground Mining",3.A.1,Related Work Experience,RW,Related Work Experience (Categories 1-11),1,,25.45,08/2022,Incumbent,O*NET
47-5044.00,"Loading and Moving Machine Operators, Underground Mining",3.A.2,On-Site or In-Plant Training,PT,On-Site Or In-Plant Training (Categories 1-9),2,Up to and including 1 month,36.96,08/2022,Incumbent,O*NET
47-5044.00,"Loading and Moving Machine Operators, Underground Mining",3.A.3,On-the-Job Training,OJ,On-The-Job Training (Categories 1-9),2,"Anything beyond short demonstration, up to and including 1 month",45.31,08/2022,Incumbent,O*NET
47-5051.00,"Rock Splitters, Quarry",3.A.1,Related Work Experience,RW,Related Work Experience (Categories 1-11),2,Up to and including 1 month,28.91,06/2008,Incumbent,O*NET
47-5051.00,"Rock Splitters, Quarry",3.A.2,On-Site or In-Plant Training,PT,On-Site Or In-Plant Training (Categories 1-9),2,Up to and including 1 month,38.01,06/2008,Incumbent,O*NET
47-5051.00,"Rock Splitters, Quarry",3.A.3,On-the-Job Training,OJ,On-The-Job Training (Categories 1-9),2,"Anything beyond short demonstration, up to and including 1 month",55.38,06/2008,Incumbent,O*NET
47-5071.00,"Roustabouts, Oil and Gas",3.A.1,Related Work Experience,RW,Related Work Experience (Categories 1-11),6,"Over 1 year, up to and including 2 years",21.52,08/2023,Incumbent,O*NET
47-5071.00,"Roustabouts, Oil and Gas",3.A.2,On-Site or In-Plant Training,PT,On-Site Or In-Plant Training (Categories 1-9),7,"Over 2 years, up to and including 4 years",15.86,08/2023,Incumbent,O*NET
47-5071.00,"Roustabouts, Oil and Gas",3.A.3,On-the-Job Training,OJ,On-The-Job Training (Categories 1-9),3,"Over 1 month, up to and including 3 months",23.94,08/2023,Incumbent,O*NET
47-5081.00,Helpers--Extraction Workers,3.A.1,Related Work Experience,RW,Related Work Experience (Categories 1-11),1,,55.5,08/2018,Incumbent,O*NET
47-5081.00,Helpers--Extraction Workers,3.A.2,On-Site or In-Plant Training,PT,On-Site Or In-Plant Training (Categories 1-9),2,Up to and including 1 month,50.04,08/2018,Incumbent,O*NET
47-5081.00,Helpers--Extraction Workers,3.A.3,On-the-Job Training,OJ,On-The-Job Training (Categories 1-9),3,"Over 1 month, up to and including 3 months",47.0,08/2018,Incumbent,O*NET
49-1011.00,"First-Line Supervisors of Mechanics, Installers, and Repairers",3.A.1,Related Work Experience,RW,Related Work Experience (Categories 1-11),7,"Over 2 years, up to and including 4 years",41.44,08/2021,Incumbent,O*NET
49-1011.00,"First-Line Supervisors of Mechanics, Installers, and Repairers",3.A.2,On-Site or In-Plant Training,PT,On-Site Or In-Plant Training (Categories 1-9),2,Up to and including 1 month,28.13,08/2021,Incumbent,O*NET
49-1011.00,"First-Line Supervisors of Mechanics, Installers, and Repairers",3.A.3,On-the-Job Training,OJ,On-The-Job Training (Categories 1-9),4,"Over 3 months, up to and including 6 months",23.05,08/2021,Incumbent,O*NET
49-2011.00,"Computer, Automated Teller, and Office Machine Repairers",3.A.1,Related Work Experience,RW,Related Work Experience (Categories 1-11),4,"Over 3 months, up to and including 6 months",29.48,08/2026,Incumbent,O*NET
49-2011.00,"Computer, Automated Teller, and Office Machine Repairers",3.A.2,On-Site or In-Plant Training,PT,On-Site Or In-Plant Training (Categories 1-9),6,"Over 1 year, up to and including 2 years",9.03,08/2026,Incumbent,O*NET
49-2011.00,"Computer, Automated Teller, and Office Machine Repairers",3.A.3,On-the-Job Training,OJ,On-The-Job Training (Categories 1-9),3,"Over 1 month, up to and including 3 months",28.91,08/2026,Incumbent,O*NET
49-2021.00,"Radio, Cellular, and Tower Equipment Installers and Repairers",3.A.1,Related Work Experience,RW,Related Work Experience (Categories 1-11),7,"Over 2 years, up to and including 4 years",31.01,08/2022,Incumbent,O*NET
49-2021.00,"Radio, Cellular, and Tower Equipment Installers and Repairers",3.A.2,On-Site or In-Plant Training,PT,On-Site Or In-Plant Training (Categories 1-9),5,"Over 6 months, up to and including 1 year",27.36,08/2022,Incumbent,O*NET
49-2021.00,"Radio, Cellular, and Tower Equipment Installers and Repairers",3.A.3,On-the-Job Training,OJ,On-The-Job Training (Categories 1-9),5,"Over 6 months, up to and including 1 year",35.42,08/2022,Incumbent,O*NET
49-2022.00,"Telecommunications Equipment Installers and Repairers, Except Line Installers",3.A.1,Related Work Experience,RW,Related Work Experience (Categories 1-11),1,,42.6,08/2026,Incumbent,O*NET
49-2022.00,"Telecommunications Equipment Installers and Repairers, Except Line Installers",3.A.2,On-Site or In-Plant Training,PT,On-Site Or In-Plant Training (Categories 1-9),5,"Over 6 months, up to and including 1 year",31.92,08/2026,Incumbent,O*NET
49-2022.00,"Telecommunications Equipment Installers and Repairers, Except Line Installers",3.A.3,On-the-Job Training,OJ,On-The-Job Training (Categories 1-9),5,"Over 6 months, up to and including 1 year",23.93,08/2026,Incumbent,O*NET
49-2091.00,Avionics Technicians,3.A.1,Related Work Experience,RW,Related Work Experience (Categories 1-11),7,"Over 2 years, up to and including 4 years",30.91,07/2015,Incumbent,O*NET
49-2091.00,Avionics Technicians,3.A.2,On-Site or In-Plant Training,PT,On-Site Or In-Plant Training (Categories 1-9),2,Up to and including 1 month,40.77,07/2015,Incumbent,O*NET
49-2091.00,Avionics Technicians,3.A.3,On-the-Job Training,OJ,On-The-Job Training (Categories 1-9),4,"Over 3 months, up to and including 6 months",29.16,07/2015,Incumbent,O*NET
49-2092.00,"Electric Motor, Power Tool, and Related Repairers",3.A.1,Related Work Experience,RW,Related Work Experience (Categories 1-11),7,"Over 2 years, up to and including 4 years",48.57,07/2017,Incumbent,O*NET
49-2092.00,"Electric Motor, Power Tool, and Related Repairers",3.A.2,On-Site or In-Plant Training,PT,On-Site Or In-Plant Training (Categories 1-9),2,Up to and including 1 month,24.12,07/2017,Incumbent,O*NET
49-2092.00,"Electric Motor, Power Tool, and Related Repairers",3.A.3,On-the-Job Training,OJ,On-The-Job Training (Categories 1-9),5,"Over 6 months, up to and including 1 year",22.54,07/2017,Incumbent,O*NET
49-2093.00,"Electrical and Electronics Installers and Repairers, Transportation Equipment",3.A.1,Related Work Experience,RW,Related Work Experience (Categories 1-11),6,"Over 1 year, up to and including 2 years",21.49,08/2019,Incumbent,O*NET
49-2093.00,"Electrical and Electronics Installers and Repairers, Transportation Equipment",3.A.2,On-Site or In-Plant Training,PT,On-Site Or In-Plant Training (Categories 1-9),4,"Over 3 months, up to and including 6 months",27.82,08/2019,Incumbent,O*NET
49-2093.00,"Electrical and Electronics Installers and Repairers, Transportation Equipment",3.A.3,On-the-Job Training,OJ,On-The-Job Training (Categories 1-9),4,"Over 3 months, up to and including 6 months",38.68,08/2019,Incumbent,O*NET
49-2094.00,"Electrical and Electronics Repairers, Commercial and Industrial Equipment",3.A.1,Related Work Experience,RW,Related Work Experience (Categories 1-11),7,"Over 2 years, up to and including 4 years",19.88,08/2021,Incumbent,O*NET
49-2094.00,"Electrical and Electronics Repairers, Commercial and Industrial Equipment",3.A.2,On-Site or In-Plant Training,PT,On-Site Or In-Plant Training (Categories 1-9),6,"Over 1 year, up to and including 2 years",31.1,08/2021,Incumbent,O*NET
49-2094.00,"Electrical and Electronics Repairers, Commercial and Industrial Equipment",3.A.3,On-the-Job Training,OJ,On-The-Job Training (Categories 1-9),6,"Over 1 year, up to and including 2 years",40.01,08/2021,Incumbent,O*NET
49-2095.00,"Electrical and Electronics Repairers, Powerhouse, Substation, and Relay",3.A.1,Related Work Experience,RW,Related Work Experience (Categories 1-11),7,"Over 2 years, up to and including 4 years",34.68,07/2017,Incumbent,O*NET
49-2095.00,"Electrical and Electronics Repairers, Powerhouse, Substation, and Relay",3.A.2,On-Site or In-Plant Training,PT,On-Site Or In-Plant Training (Categories 1-9),8,"Over 4 years, up to and including 10 years",16.15,07/2017,Incumbent,O*NET
49-2095.00,"Electrical and Electronics Repairers, Powerhouse, Substation, and Relay",3.A.3,On-the-Job Training,OJ,On-The-Job Training (Categories 1-9),7,"Over 2 years, up to and including 4 years",53.03,07/2017,Incumbent,O*NET
49-2096.00,"Electronic Equipment Installers and Repairers, Motor Vehicles",3.A.1,Related Work Experience,RW,Related Work Experience (Categories 1-11),6,"Over 1 year, up to and including 2 years",52.26,07/2016,Incumbent,O*NET
49-2096.00,"Electronic Equipment Installers and Repairers, Motor Vehicles",3.A.2,On-Site or In-Plant Training,PT,On-Site Or In-Plant Training (Categories 1-9),6,"Over 1 year, up to and including 2 years",24.47,07/2016,Incumbent,O*NET
49-2096.00,"Electronic Equipment Installers and Repairers, Motor Vehicles",3.A.3,On-the-Job Training,OJ,On-The-Job Training (Categories 1-9),3,"Over 1 month, up to and including 3 months",25.63,07/2016,Incumbent,O*NET
49-2097.00,Audiovisual Equipment Installers and Repairers,3.A.1,Related Work Experience,RW,Related Work Experience (Categories 1-11),7,"Over 2 years, up to and including 4 years",46.66,08/2023,Incumbent,O*NET
49-2097.00,Audiovisual Equipment Installers and Repairers,3.A.2,On-Site or In-Plant Training,PT,On-Site Or In-Plant Training (Categories 1-9),4,"Over 3 months, up to and including 6 months",39.23,08/2023,Incumbent,O*NET
49-2097.00,Audiovisual Equipment Installers and Repairers,3.A.3,On-the-Job Training,OJ,On-The-Job Training (Categories 1-9),6,"Over 1 year, up to and including 2 years",26.54,08/2023,Incumbent,O*NET
49-2098.00,Security and Fire Alarm Systems Installers,3.A.1,Related Work Experience,RW,Related Work Experience (Categories 1-11),5,"Over 6 months, up to and including 1 year",41.35,07/2015,Incumbent,O*NET
49-2098.00,Security and Fire Alarm Systems Installers,3.A.2,On-Site or In-Plant Training,PT,On-Site Or In-Plant Training (Categories 1-9),4,"Over 3 months, up to and including 6 months",31.0,07/2015,Incumbent,O*NET
49-2098.00,Security and Fire Alarm Systems Installers,3.A.3,On-the-Job Training,OJ,On-The-Job Training (Categories 1-9),4,"Over 3 months, up to and including 6 months",30.75,07/2015,Incumbent,O*NET
49-3011.00,Aircraft Mechanics and Service Technicians,3.A.1,Related Work Experience,RW,Related Work Experience (Categories 1-11),7,"Over 2 years, up to and including 4 years",33.37,08/2025,Incumbent,O*NET
49-3011.00,Aircraft Mechanics and Service Technicians,3.A.2,On-Site or In-Plant Training,PT,On-Site Or In-Plant Training (Categories 1-9),3,"Over 1 month, up to and including 3 months",30.44,08/2025,Incumbent,O*NET
49-3011.00,Aircraft Mechanics and Service Technicians,3.A.3,On-the-Job Training,OJ,On-The-Job Training (Categories 1-9),5,"Over 6 months, up to and including 1 year",32.71,08/2025,Incumbent,O*NET
49-3021.00,Automotive Body and Related Repairers,3.A.1,Related Work Experience,RW,Related Work Experience (Categories 1-11),1,,41.37,08/2019,Incumbent,O*NET
49-3021.00,Automotive Body and Related Repairers,3.A.2,On-Site or In-Plant Training,PT,On-Site Or In-Plant Training (Categories 1-9),1,,30.71,08/2019,Incumbent,O*NET
49-3021.00,Automotive Body and Related Repairers,3.A.3,On-the-Job Training,OJ,On-The-Job Training (Categories 1-9),2,"Anything beyond short demonstration, up to and including 1 month",35.55,08/2019,Incumbent,O*NET
49-3022.00,Automotive Glass Installers and Repairers,3.A.1,Related Work Experience,RW,Related Work Experience (Categories 1-11),8,"Over 4 years, up to and including 6 years",34.03,07/2014,Incumbent,O*NET
49-3022.00,Automotive Glass Installers and Repairers,3.A.2,On-Site or In-Plant Training,PT,On-Site Or In-Plant Training (Categories 1-9),6,"Over 1 year, up to and including 2 years",30.08,07/2014,Incumbent,O*NET
49-3022.00,Automotive Glass Installers and Repairers,3.A.3,On-the-Job Training,OJ,On-The-Job Training (Categories 1-9),3,"Over 1 month, up to and including 3 months",27.33,07/2014,Incumbent,O*NET
49-3023.00,Automotive Service Technicians and Mechanics,3.A.1,Related Work Experience,RW,Related Work Experience (Categories 1-11),6,"Over 1 year, up to and including 2 years",43.32,08/2026,Incumbent,O*NET
49-3023.00,Automotive Service Technicians and Mechanics,3.A.2,On-Site or In-Plant Training,PT,On-Site Or In-Plant Training (Categories 1-9),3,"Over 1 month, up to and including 3 months",26.27,08/2026,Incumbent,O*NET
49-3023.00,Automotive Service Technicians and Mechanics,3.A.3,On-the-Job Training,OJ,On-The-Job Training (Categories 1-9),2,"Anything beyond short demonstration, up to and including 1 month",26.19,08/2026,Incumbent,O*NET
49-3031.00,Bus and Truck Mechanics and Diesel Engine Specialists,3.A.1,Related Work Experience,RW,Related Work Experience (Categories 1-11),6,"Over 1 year, up to and including 2 years",35.07,08/2022,Incumbent,O*NET
49-3031.00,Bus and Truck Mechanics and Diesel Engine Specialists,3.A.2,On-Site or In-Plant Training,PT,On-Site Or In-Plant Training (Categories 1-9),6,"Over 1 year, up to and including 2 years",38.35,08/2022,Incumbent,O*NET
49-3031.00,Bus and Truck Mechanics and Diesel Engine Specialists,3.A.3,On-the-Job Training,OJ,On-The-Job Training (Categories 1-9),6,"Over 1 year, up to and including 2 years",41.07,08/2022,Incumbent,O*NET
49-3041.00,Farm Equipment Mechanics and Service Technicians,3.A.1,Related Work Experience,RW,Related Work Experience (Categories 1-11),6,"Over 1 year, up to and including 2 years",39.95,08/2025,Incumbent,O*NET
49-3041.00,Farm Equipment Mechanics and Service Technicians,3.A.2,On-Site or In-Plant Training,PT,On-Site Or In-Plant Training (Categories 1-9),5,"Over 6 months, up to and including 1 year",24.69,08/2025,Incumbent,O*NET
49-3041.00,Farm Equipment Mechanics and Service Technicians,3.A.3,On-the-Job Training,OJ,On-The-Job Training (Categories 1-9),3,"Over 1 month, up to and including 3 months",15.32,08/2025,Incumbent,O*NET
49-3042.00,"Mobile Heavy Equipment Mechanics, Except Engines",3.A.1,Related Work Experience,RW,Related Work Experience (Categories 1-11),7,"Over 2 years, up to and including 4 years",34.11,07/2017,Incumbent,O*NET
49-3042.00,"Mobile Heavy Equipment Mechanics, Except Engines",3.A.2,On-Site or In-Plant Training,PT,On-Site Or In-Plant Training (Categories 1-9),6,"Over 1 year, up to and including 2 years",28.27,07/2017,Incumbent,O*NET
49-3042.00,"Mobile Heavy Equipment Mechanics, Except Engines",3.A.3,On-the-Job Training,OJ,On-The-Job Training (Categories 1-9),5,"Over 6 months, up to and including 1 year",25.93,07/2017,Incumbent,O*NET
49-3043.00,Rail Car Repairers,3.A.1,Related Work Experience,RW,Related Work Experience (Categories 1-11),1,,32.62,08/2019,Incumbent,O*NET
49-3043.00,Rail Car Repairers,3.A.2,On-Site or In-Plant Training,PT,On-Site Or In-Plant Training (Categories 1-9),1,,40.05,08/2019,Incumbent,O*NET
49-3043.00,Rail Car Repairers,3.A.3,On-the-Job Training,OJ,On-The-Job Training (Categories 1-9),4,"Over 3 months, up to and including 6 months",20.7,08/2019,Incumbent,O*NET
49-3051.00,Motorboat Mechanics and Service Technicians,3.A.1,Related Work Experience,RW,Related Work Experience (Categories 1-11),6,"Over 1 year, up to and including 2 years",29.93,07/2015,Incumbent,O*NET
49-3051.00,Motorboat Mechanics and Service Technicians,3.A.2,On-Site or In-Plant Training,PT,On-Site Or In-Plant Training (Categories 1-9),1,,23.08,07/2015,Incumbent,O*NET
49-3051.00,Motorboat Mechanics and Service Technicians,3.A.3,On-the-Job Training,OJ,On-The-Job Training (Categories 1-9),5,"Over 6 months, up to and including 1 year",20.2,07/2015,Incumbent,O*NET
49-3052.00,Motorcycle Mechanics,3.A.1,Related Work Experience,RW,Related Work Experience (Categories 1-11),6,"Over 1 year, up to and including 2 years",29.88,08/2021,Incumbent,O*NET
49-3052.00,Motorcycle Mechanics,3.A.2,On-Site or In-Plant Training,PT,On-Site Or In-Plant Training (Categories 1-9),6,"Over 1 year, up to and including 2 years",14.67,08/2021,Incumbent,O*NET
49-3052.00,Motorcycle Mechanics,3.A.3,On-the-Job Training,OJ,On-The-Job Training (Categories 1-9),1,None or short demonstration,22.14,08/2021,Incumbent,O*NET
49-3053.00,Outdoor Power Equipment and Other Small Engine Mechanics,3.A.1,Related Work Experience,RW,Related Work Experience (Categories 1-11),7,"Over 2 years, up to and including 4 years",34.56,08/2018,Incumbent,O*NET
49-3053.00,Outdoor Power Equipment and Other Small Engine Mechanics,3.A.2,On-Site or In-Plant Training,PT,On-Site Or In-Plant Training (Categories 1-9),4,"Over 3 months, up to and including 6 months",35.83,08/2018,Incumbent,O*NET
49-3053.00,Outdoor Power Equipment and Other Small Engine Mechanics,3.A.3,On-the-Job Training,OJ,On-The-Job Training (Categories 1-9),4,"Over 3 months, up to and including 6 months",31.67,08/2018,Incumbent,O*NET
49-3091.00,Bicycle Repairers,3.A.1,Related Work Experience,RW,Related Work Experience (Categories 1-11),5,"Over 6 months, up to and including 1 year",35.17,08/2026,Incumbent,O*NET
49-3091.00,Bicycle Repairers,3.A.2,On-Site or In-Plant Training,PT,On-Site Or In-Plant Training (Categories 1-9),1,,58.17,08/2026,Incumbent,O*NET
49-3091.00,Bicycle Repairers,3.A.3,On-the-Job Training,OJ,On-The-Job Training (Categories 1-9),3,"Over 1 month, up to and including 3 months",27.41,08/2026,Incumbent,O*NET
49-3092.00,Recreational Vehicle Service Technicians,3.A.1,Related Work Experience,RW,Related Work Experience (Categories 1-11),6,"Over 1 year, up to and including 2 years",24.92,08/2025,Incumbent,O*NET
49-3092.00,Recreational Vehicle Service Technicians,3.A.2,On-Site or In-Plant Training,PT,On-Site Or In-Plant Training (Categories 1-9),4,"Over 3 months, up to and including 6 months",16.92,08/2025,Incumbent,O*NET
49-3092.00,Recreational Vehicle Service Technicians,3.A.3,On-the-Job Training,OJ,On-The-Job Training (Categories 1-9),5,"Over 6 months, up to and including 1 year",22.69,08/2025,Incumbent,O*NET
49-3093.00,Tire Repairers and Changers,3.A.1,Related Work Experience,RW,Related Work Experience (Categories 1-11),1,,30.89,08/2026,Incumbent,O*NET
49-3093.00,Tire Repairers and Changers,3.A.2,On-Site or In-Plant Training,PT,On-Site Or In-Plant Training (Categories 1-9),5,"Over 6 months, up to and including 1 year",16.66,08/2026,Incumbent,O*NET
49-3093.00,Tire Repairers and Changers,3.A.3,On-the-Job Training,OJ,On-The-Job Training (Categories 1-9),4,"Over 3 months, up to and including 6 months",31.4,08/2026,Incumbent,O*NET
49-9011.00,Mechanical Door Repairers,3.A.1,Related Work Experience,RW,Related Work Experience (Categories 1-11),1,,48.3,08/2026,Incumbent,O*NET
49-9011.00,Mechanical Door Repairers,3.A.2,On-Site or In-Plant Training,PT,On-Site Or In-Plant Training (Categories 1-9),4,"Over 3 months, up to and including 6 months",16.75,08/2026,Incumbent,O*NET
49-9011.00,Mechanical Door Repairers,3.A.3,On-the-Job Training,OJ,On-The-Job Training (Categories 1-9),6,"Over 1 year, up to and including 2 years",25.79,08/2026,Incumbent,O*NET
49-9012.00,"Control and Valve Installers and Repairers, Except Mechanical Door",3.A.1,Related Work Experience,RW,Related Work Experience (Categories 1-11),8,"Over 4 years, up to and including 6 years",27.63,07/2017,Incumbent,O*NET
49-9012.00,"Control and Valve Installers and Repairers, Except Mechanical Door",3.A.2,On-Site or In-Plant Training,PT,On-Site Or In-Plant Training (Categories 1-9),6,"Over 1 year, up to and including 2 years",37.23,07/2017,Incumbent,O*NET
49-9012.00,"Control and Valve Installers and Repairers, Except Mechanical Door",3.A.3,On-the-Job Training,OJ,On-The-Job Training (Categories 1-9),6,"Over 1 year, up to and including 2 years",32.54,07/2017,Incumbent,O*NET
49-9021.00,"Heating, Air Conditioning, and Refrigeration Mechanics and Installers",3.A.1,Related Work Experience,RW,Related Work Experience (Categories 1-11),8,"Over 4 years, up to and including 6 years",39.44,08/2026,Incumbent,O*NET
49-9021.00,"Heating, Air Conditioning, and Refrigeration Mechanics and Installers",3.A.2,On-Site or In-Plant Training,PT,On-Site Or In-Plant Training (Categories 1-9),8,"Over 4 years, up to and including 10 years",28.47,08/2026,Incumbent,O*NET
49-9021.00,"Heating, Air Conditioning, and Refrigeration Mechanics and Installers",3.A.3,On-the-Job Training,OJ,On-The-Job Training (Categories 1-9),3,"Over 1 month, up to and including 3 months",39.17,08/2026,Incumbent,O*NET
49-9031.00,Home Appliance Repairers,3.A.1,Related Work Experience,RW,Related Work Experience (Categories 1-11),1,,34.31,08/2018,Incumbent,O*NET
49-9031.00,Home Appliance Repairers,3.A.2,On-Site or In-Plant Training,PT,On-Site Or In-Plant Training (Categories 1-9),5,"Over 6 months, up to and including 1 year",29.35,08/2018,Incumbent,O*NET
49-9031.00,Home Appliance Repairers,3.A.3,On-the-Job Training,OJ,On-The-Job Training (Categories 1-9),5,"Over 6 months, up to and including 1 year",23.74,08/2018,Incumbent,O*NET
49-9041.00,Industrial Machinery Mechanics,3.A.1,Related Work Experience,RW,Related Work Experience (Categories 1-11),6,"Over 1 year, up to and including 2 years",32.19,08/2021,Incumbent,O*NET
49-9041.00,Industrial Machinery Mechanics,3.A.2,On-Site or In-Plant Training,PT,On-Site Or In-Plant Training (Categories 1-9),6,"Over 1 year, up to and including 2 years",26.49,08/2021,Incumbent,O*NET
49-9041.00,Industrial Machinery Mechanics,3.A.3,On-the-Job Training,OJ,On-The-Job Training (Categories 1-9),6,"Over 1 year, up to and including 2 years",29.09,08/2021,Incumbent,O*NET
49-9043.00,"Maintenance Workers, Machinery",3.A.1,Related Work Experience,RW,Related Work Experience (Categories 1-11),6,"Over 1 year, up to and including 2 years",36.28,08/2024,Incumbent,O*NET
49-9043.00,"Maintenance Workers, Machinery",3.A.2,On-Site or In-Plant Training,PT,On-Site Or In-Plant Training (Categories 1-9),5,"Over 6 months, up to and including 1 year",25.33,08/2024,Incumbent,O*NET
49-9043.00,"Maintenance Workers, Machinery",3.A.3,On-the-Job Training,OJ,On-The-Job Training (Categories 1-9),4,"Over 3 months, up to and including 6 months",36.68,08/2024,Incumbent,O*NET
49-9044.00,Millwrights,3.A.1,Related Work Experience,RW,Related Work Experience (Categories 1-11),8,"Over 4 years, up to and including 6 years",27.27,08/2024,Occupational Expert,O*NET
49-9044.00,Millwrights,3.A.2,On-Site or In-Plant Training,PT,On-Site Or In-Plant Training (Categories 1-9),7,"Over 2 years, up to and including 4 years",27.27,08/2024,Occupational Expert,O*NET
49-9044.00,Millwrights,3.A.3,On-the-Job Training,OJ,On-The-Job Training (Categories 1-9),7,"Over 2 years, up to and including 4 years",38.1,08/2024,Occupational Expert,O*NET
49-9045.00,"Refractory Materials Repairers, Except Brickmasons",3.A.1,Related Work Experience,RW,Related Work Experience (Categories 1-11),5,"Over 6 months, up to and including 1 year",23.91,06/2007,Incumbent,O*NET
49-9045.00,"Refractory Materials Repairers, Except Brickmasons",3.A.2,On-Site or In-Plant Training,PT,On-Site Or In-Plant Training (Categories 1-9),4,"Over 3 months, up to and including 6 months",31.25,06/2007,Incumbent,O*NET
49-9045.00,"Refractory Materials Repairers, Except Brickmasons",3.A.3,On-the-Job Training,OJ,On-The-Job Training (Categories 1-9),3,"Over 1 month, up to and including 3 months",30.44,06/2007,Incumbent,O*NET
49-9051.00,Electrical Power-Line Installers and Repairers,3.A.1,Related Work Experience,RW,Related Work Experience (Categories 1-11),1,,38.98,08/2021,Incumbent,O*NET
49-9051.00,Electrical Power-Line Installers and Repairers,3.A.2,On-Site or In-Plant Training,PT,On-Site Or In-Plant Training (Categories 1-9),2,Up to and including 1 month,18.08,08/2021,Incumbent,O*NET
49-9051.00,Electrical Power-Line Installers and Repairers,3.A.3,On-the-Job Training,OJ,On-The-Job Training (Categories 1-9),8,"Over 4 years, up to and including 10 years",26.86,08/2021,Incumbent,O*NET
49-9052.00,Telecommunications Line Installers and Repairers,3.A.1,Related Work Experience,RW,Related Work Experience (Categories 1-11),6,"Over 1 year, up to and including 2 years",29.0,08/2026,Incumbent,O*NET
49-9052.00,Telecommunications Line Installers and Repairers,3.A.2,On-Site or In-Plant Training,PT,On-Site Or In-Plant Training (Categories 1-9),2,Up to and including 1 month,32.72,08/2026,Incumbent,O*NET
49-9052.00,Telecommunications Line Installers and Repairers,3.A.3,On-the-Job Training,OJ,On-The-Job Training (Categories 1-9),7,"Over 2 years, up to and including 4 years",24.89,08/2026,Incumbent,O*NET
49-9061.00,Camera and Photographic Equipment Repairers,3.A.1,Related Work Experience,RW,Related Work Experience (Categories 1-11),8,"Over 4 years, up to and including 6 years",26.64,07/2015,Incumbent,O*NET
49-9061.00,Camera and Photographic Equipment Repairers,3.A.2,On-Site or In-Plant Training,PT,On-Site Or In-Plant Training (Categories 1-9),4,"Over 3 months, up to and including 6 months",22.91,07/2015,Incumbent,O*NET
49-9061.00,Camera and Photographic Equipment Repairers,3.A.3,On-the-Job Training,OJ,On-The-Job Training (Categories 1-9),6,"Over 1 year, up to and including 2 years",35.98,07/2015,Incumbent,O*NET
49-9062.00,Medical Equipment Repairers,3.A.1,Related Work Experience,RW,Related Work Experience (Categories 1-11),6,"Over 1 year, up to and including 2 years",40.0,08/2023,Incumbent,O*NET
49-9062.00,Medical Equipment Repairers,3.A.2,On-Site or In-Plant Training,PT,On-Site Or In-Plant Training (Categories 1-9),3,"Over 1 month, up to and including 3 months",25.03,08/2023,Incumbent,O*NET
49-9062.00,Medical Equipment Repairers,3.A.3,On-the-Job Training,OJ,On-The-Job Training (Categories 1-9),4,"Over 3 months, up to and including 6 months",23.01,08/2023,Incumbent,O*NET
49-9063.00,Musical Instrument Repairers and Tuners,3.A.1,Related Work Experience,RW,Related Work Experience (Categories 1-11),6,"Over 1 year, up to and including 2 years",31.82,08/2025,Occupational Expert,O*NET
49-9063.00,Musical Instrument Repairers and Tuners,3.A.2,On-Site or In-Plant Training,PT,On-Site Or In-Plant Training (Categories 1-9),5,"Over 6 months, up to and including 1 year",22.73,08/2025,Occupational Expert,O*NET
49-9063.00,Musical Instrument Repairers and Tuners,3.A.3,On-the-Job Training,OJ,On-The-Job Training (Categories 1-9),5,"Over 6 months, up to and including 1 year",40.91,08/2025,Occupational Expert,O*NET
49-9064.00,Watch and Clock Repairers,3.A.1,Related Work Experience,RW,Related Work Experience (Categories 1-11),5,"Over 6 months, up to and including 1 year",8.63,08/2018,Incumbent,O*NET
49-9064.00,Watch and Clock Repairers,3.A.2,On-Site or In-Plant Training,PT,On-Site Or In-Plant Training (Categories 1-9),6,"Over 1 year, up to and including 2 years",18.57,08/2018,Incumbent,O*NET
49-9064.00,Watch and Clock Repairers,3.A.3,On-the-Job Training,OJ,On-The-Job Training (Categories 1-9),4,"Over 3 months, up to and including 6 months",19.63,08/2018,Incumbent,O*NET
49-9071.00,"Maintenance and Repair Workers, General",3.A.1,Related Work Experience,RW,Related Work Experience (Categories 1-11),6,"Over 1 year, up to and including 2 years",26.65,08/2021,Incumbent,O*NET
49-9071.00,"Maintenance and Repair Workers, General",3.A.2,On-Site or In-Plant Training,PT,On-Site Or In-Plant Training (Categories 1-9),2,Up to and including 1 month,17.34,08/2021,Incumbent,O*NET
49-9071.00,"Maintenance and Repair Workers, General",3.A.3,On-the-Job Training,OJ,On-The-Job Training (Categories 1-9),2,"Anything beyond short demonstration, up to and including 1 month",26.75,08/2021,Incumbent,O*NET
49-9081.00,Wind Turbine Service Technicians,3.A.1,Related Work Experience,RW,Related Work Experience (Categories 1-11),6,"Over 1 year, up to and including 2 years",32.5,08/2021,Incumbent,O*NET
49-9081.00,Wind Turbine Service Technicians,3.A.2,On-Site or In-Plant Training,PT,On-Site Or In-Plant Training (Categories 1-9),5,"Over 6 months, up to and including 1 year",25.78,08/2021,Incumbent,O*NET
49-9081.00,Wind Turbine Service Technicians,3.A.3,On-the-Job Training,OJ,On-The-Job Training (Categories 1-9),5,"Over 6 months, up to and including 1 year",46.42,08/2021,Incumbent,O*NET
49-9091.00,"Coin, Vending, and Amusement Machine Servicers and Repairers",3.A.1,Related Work Experience,RW,Related Work Experience (Categories 1-11),1,,18.98,07/2017,Incumbent,O*NET
49-9091.00,"Coin, Vending, and Amusement Machine Servicers and Repairers",3.A.2,On-Site or In-Plant Training,PT,On-Site Or In-Plant Training (Categories 1-9),3,"Over 1 month, up to and including 3 months",27.47,07/2017,Incumbent,O*NET
49-9091.00,"Coin, Vending, and Amusement Machine Servicers and Repairers",3.A.3,On-the-Job Training,OJ,On-The-Job Training (Categories 1-9),3,"Over 1 month, up to and including 3 months",36.19,07/2017,Incumbent,O*NET
49-9092.00,Commercial Divers,3.A.1,Related Work Experience,RW,Related Work Experience (Categories 1-11),5,"Over 6 months, up to and including 1 year",20.95,08/2026,Incumbent,O*NET
49-9092.00,Commercial Divers,3.A.2,On-Site or In-Plant Training,PT,On-Site Or In-Plant Training (Categories 1-9),5,"Over 6 months, up to and including 1 year",32.86,08/2026,Incumbent,O*NET
49-9092.00,Commercial Divers,3.A.3,On-the-Job Training,OJ,On-The-Job Training (Categories 1-9),5,"Over 6 months, up to and including 1 year",39.39,08/2026,Incumbent,O*NET
49-9094.00,Locksmiths and Safe Repairers,3.A.1,Related Work Experience,RW,Related Work Experience (Categories 1-11),1,,30.77,08/2025,Occupational Expert,O*NET
49-9094.00,Locksmiths and Safe Repairers,3.A.2,On-Site or In-Plant Training,PT,On-Site Or In-Plant Training (Categories 1-9),5,"Over 6 months, up to and including 1 year",26.92,08/2025,Occupational Expert,O*NET
49-9094.00,Locksmiths and Safe Repairers,3.A.3,On-the-Job Training,OJ,On-The-Job Training (Categories 1-9),6,"Over 1 year, up to and including 2 years",23.08,08/2025,Occupational Expert,O*NET
49-9095.00,Manufactured Building and Mobile Home Installers,3.A.1,Related Work Experience,RW,Related Work Experience (Categories 1-11),5,"Over 6 months, up to and including 1 year",58.86,06/2007,Incumbent,O*NET
49-9095.00,Manufactured Building and Mobile Home Installers,3.A.2,On-Site or In-Plant Training,PT,On-Site Or In-Plant Training (Categories 1-9),2,Up to and including 1 month,35.29,06/2007,Incumbent,O*NET
49-9095.00,Manufactured Building and Mobile Home Installers,3.A.3,On-the-Job Training,OJ,On-The-Job Training (Categories 1-9),2,"Anything beyond short demonstration, up to and including 1 month",36.16,06/2007,Incumbent,O*NET
49-9096.00,Riggers,3.A.1,Related Work Experience,RW,Related Work Experience (Categories 1-11),1,,33.65,08/2020,Incumbent,O*NET
49-9096.00,Riggers,3.A.2,On-Site or In-Plant Training,PT,On-Site Or In-Plant Training (Categories 1-9),4,"Over 3 months, up to and including 6 months",21.06,08/2020,Incumbent,O*NET
49-9096.00,Riggers,3.A.3,On-the-Job Training,OJ,On-The-Job Training (Categories 1-9),4,"Over 3 months, up to and including 6 months",26.32,08/2020,Incumbent,O*NET
49-9097.00,Signal and Track Switch Repairers,3.A.1,Related Work Experience,RW,Related Work Experience (Categories 1-11),7,"Over 2 years, up to and including 4 years",19.33,08/2021,Incumbent,O*NET
49-9097.00,Signal and Track Switch Repairers,3.A.2,On-Site or In-Plant Training,PT,On-Site Or In-Plant Training (Categories 1-9),5,"Over 6 months, up to and including 1 year",23.61,08/2021,Incumbent,O*NET
49-9097.00,Signal and Track Switch Repairers,3.A.3,On-the-Job Training,OJ,On-The-Job Training (Categories 1-9),4,"Over 3 months, up to and including 6 months",22.68,08/2021,Incumbent,O*NET
49-9098.00,"Helpers--Installation, Maintenance, and Repair Workers",3.A.1,Related Work Experience,RW,Related Work Experience (Categories 1-11),7,"Over 2 years, up to and including 4 years",34.46,08/2020,Incumbent,O*NET
49-9098.00,"Helpers--Installation, Maintenance, and Repair Workers",3.A.2,On-Site or In-Plant Training,PT,On-Site Or In-Plant Training (Categories 1-9),6,"Over 1 year, up to and including 2 years",38.25,08/2020,Incumbent,O*NET
49-9098.00,"Helpers--Installation, Maintenance, and Repair Workers",3.A.3,On-the-Job Training,OJ,On-The-Job Training (Categories 1-9),6,"Over 1 year, up to and including 2 years",50.61,08/2020,Incumbent,O*NET
49-9099.01,Geothermal Technicians,3.A.1,Related Work Experience,RW,Related Work Experience (Categories 1-11),1,,36.66,08/2020,Incumbent,O*NET
49-9099.01,Geothermal Technicians,3.A.2,On-Site or In-Plant Training,PT,On-Site Or In-Plant Training (Categories 1-9),5,"Over 6 months, up to and including 1 year",56.27,08/2020,Incumbent,O*NET
49-9099.01,Geothermal Technicians,3.A.3,On-the-Job Training,OJ,On-The-Job Training (Categories 1-9),7,"Over 2 years, up to and including 4 years",30.8,08/2020,Incumbent,O*NET
51-1011.00,First-Line Supervisors of Production and Operating Workers,3.A.1,Related Work Experience,RW,Related Work Experience (Categories 1-11),6,"Over 1 year, up to and including 2 years",29.48,08/2020,Incumbent,O*NET
51-1011.00,First-Line Supervisors of Production and Operating Workers,3.A.2,On-Site or In-Plant Training,PT,On-Site Or In-Plant Training (Categories 1-9),4,"Over 3 months, up to and including 6 months",26.47,08/2020,Incumbent,O*NET
51-1011.00,First-Line Supervisors of Production and Operating Workers,3.A.3,On-the-Job Training,OJ,On-The-Job Training (Categories 1-9),4,"Over 3 months, up to and including 6 months",35.56,08/2020,Incumbent,O*NET
51-2011.00,"Aircraft Structure, Surfaces, Rigging, and Systems Assemblers",3.A.1,Related Work Experience,RW,Related Work Experience (Categories 1-11),6,"Over 1 year, up to and including 2 years",24.5,07/2015,Incumbent,O*NET
51-2011.00,"Aircraft Structure, Surfaces, Rigging, and Systems Assemblers",3.A.2,On-Site or In-Plant Training,PT,On-Site Or In-Plant Training (Categories 1-9),2,Up to and including 1 month,28.63,07/2015,Incumbent,O*NET
51-2011.00,"Aircraft Structure, Surfaces, Rigging, and Systems Assemblers",3.A.3,On-the-Job Training,OJ,On-The-Job Training (Categories 1-9),3,"Over 1 month, up to and including 3 months",43.05,07/2015,Incumbent,O*NET
51-2021.00,"Coil Winders, Tapers, and Finishers",3.A.1,Related Work Experience,RW,Related Work Experience (Categories 1-11),9,"Over 6 years, up to and including 8 years",2.32,07/2017,Incumbent,O*NET
51-2021.00,"Coil Winders, Tapers, and Finishers",3.A.2,On-Site or In-Plant Training,PT,On-Site Or In-Plant Training (Categories 1-9),5,"Over 6 months, up to and including 1 year",1.65,07/2017,Incumbent,O*NET
51-2021.00,"Coil Winders, Tapers, and Finishers",3.A.3,On-the-Job Training,OJ,On-The-Job Training (Categories 1-9),4,"Over 3 months, up to and including 6 months",43.18,07/2017,Incumbent,O*NET
51-2022.00,Electrical and Electronic Equipment Assemblers,3.A.1,Related Work Experience,RW,Related Work Experience (Categories 1-11),1,,51.11,08/2026,Incumbent,O*NET
51-2022.00,Electrical and Electronic Equipment Assemblers,3.A.2,On-Site or In-Plant Training,PT,On-Site Or In-Plant Training (Categories 1-9),1,,48.97,08/2026,Incumbent,O*NET
51-2022.00,Electrical and Electronic Equipment Assemblers,3.A.3,On-the-Job Training,OJ,On-The-Job Training (Categories 1-9),2,"Anything beyond short demonstration, up to and including 1 month",38.18,08/2026,Incumbent,O*NET
51-2023.00,Electromechanical Equipment Assemblers,3.A.1,Related Work Experience,RW,Related Work Experience (Categories 1-11),7,"Over 2 years, up to and including 4 years",31.15,07/2017,Incumbent,O*NET
51-2023.00,Electromechanical Equipment Assemblers,3.A.2,On-Site or In-Plant Training,PT,On-Site Or In-Plant Training (Categories 1-9),4,"Over 3 months, up to and including 6 months",39.24,07/2017,Incumbent,O*NET
51-2023.00,Electromechanical Equipment Assemblers,3.A.3,On-the-Job Training,OJ,On-The-Job Training (Categories 1-9),4,"Over 3 months, up to and including 6 months",30.7,07/2017,Incumbent,O*NET
51-2031.00,Engine and Other Machine Assemblers,3.A.1,Related Work Experience,RW,Related Work Experience (Categories 1-11),5,"Over 6 months, up to and including 1 year",24.38,07/2014,Incumbent,O*NET
51-2031.00,Engine and Other Machine Assemblers,3.A.2,On-Site or In-Plant Training,PT,On-Site Or In-Plant Training (Categories 1-9),1,,33.49,07/2014,Incumbent,O*NET
51-2031.00,Engine and Other Machine Assemblers,3.A.3,On-the-Job Training,OJ,On-The-Job Training (Categories 1-9),4,"Over 3 months, up to and including 6 months",31.74,07/2014,Incumbent,O*NET
51-2041.00,Structural Metal Fabricators and Fitters,3.A.1,Related Work Experience,RW,Related Work Experience (Categories 1-11),1,,42.52,08/2024,Incumbent,O*NET
51-2041.00,Structural Metal Fabricators and Fitters,3.A.2,On-Site or In-Plant Training,PT,On-Site Or In-Plant Training (Categories 1-9),1,,26.35,08/2024,Incumbent,O*NET
51-2041.00,Structural Metal Fabricators and Fitters,3.A.3,On-the-Job Training,OJ,On-The-Job Training (Categories 1-9),3,"Over 1 month, up to and including 3 months",33.8,08/2024,Incumbent,O*NET
51-2051.00,Fiberglass Laminators and Fabricators,3.A.1,Related Work Experience,RW,Related Work Experience (Categories 1-11),1,,55.61,08/2020,Incumbent,O*NET
51-2051.00,Fiberglass Laminators and Fabricators,3.A.2,On-Site or In-Plant Training,PT,On-Site Or In-Plant Training (Categories 1-9),2,Up to and including 1 month,29.69,08/2020,Incumbent,O*NET
51-2051.00,Fiberglass Laminators and Fabricators,3.A.3,On-the-Job Training,OJ,On-The-Job Training (Categories 1-9),2,"Anything beyond short demonstration, up to and including 1 month",38.89,08/2020,Incumbent,O*NET
51-2061.00,Timing Device Assemblers and Adjusters,3.A.1,Related Work Experience,RW,Related Work Experience (Categories 1-11),7,"Over 2 years, up to and including 4 years",31.65,06/2008,Incumbent,O*NET
51-2061.00,Timing Device Assemblers and Adjusters,3.A.2,On-Site or In-Plant Training,PT,On-Site Or In-Plant Training (Categories 1-9),4,"Over 3 months, up to and including 6 months",34.79,06/2008,Incumbent,O*NET
51-2061.00,Timing Device Assemblers and Adjusters,3.A.3,On-the-Job Training,OJ,On-The-Job Training (Categories 1-9),4,"Over 3 months, up to and including 6 months",34.79,06/2008,Incumbent,O*NET
51-2092.00,Team Assemblers,3.A.1,Related Work Experience,RW,Related Work Experience (Categories 1-11),1,,38.56,08/2020,Incumbent,O*NET
51-2092.00,Team Assemblers,3.A.2,On-Site or In-Plant Training,PT,On-Site Or In-Plant Training (Categories 1-9),3,"Over 1 month, up to and including 3 months",30.49,08/2020,Incumbent,O*NET
51-2092.00,Team Assemblers,3.A.3,On-the-Job Training,OJ,On-The-Job Training (Categories 1-9),3,"Over 1 month, up to and including 3 months",29.68,08/2020,Incumbent,O*NET
51-3011.00,Bakers,3.A.1,Related Work Experience,RW,Related Work Experience (Categories 1-11),6,"Over 1 year, up to and including 2 years",53.24,08/2026,Incumbent,O*NET
51-3011.00,Bakers,3.A.2,On-Site or In-Plant Training,PT,On-Site Or In-Plant Training (Categories 1-9),1,,20.96,08/2026,Incumbent,O*NET
51-3011.00,Bakers,3.A.3,On-the-Job Training,OJ,On-The-Job Training (Categories 1-9),3,"Over 1 month, up to and including 3 months",36.89,08/2026,Incumbent,O*NET
51-3021.00,Butchers and Meat Cutters,3.A.1,Related Work Experience,RW,Related Work Experience (Categories 1-11),7,"Over 2 years, up to and including 4 years",32.21,07/2016,Incumbent,O*NET
51-3021.00,Butchers and Meat Cutters,3.A.2,On-Site or In-Plant Training,PT,On-Site Or In-Plant Training (Categories 1-9),2,Up to and including 1 month,37.92,07/2016,Incumbent,O*NET
51-3021.00,Butchers and Meat Cutters,3.A.3,On-the-Job Training,OJ,On-The-Job Training (Categories 1-9),5,"Over 6 months, up to and including 1 year",33.71,07/2016,Incumbent,O*NET
51-3022.00,"Meat, Poultry, and Fish Cutters and Trimmers",3.A.1,Related Work Experience,RW,Related Work Experience (Categories 1-11),5,"Over 6 months, up to and including 1 year",32.74,07/2017,Incumbent,O*NET
51-3022.00,"Meat, Poultry, and Fish Cutters and Trimmers",3.A.2,On-Site or In-Plant Training,PT,On-Site Or In-Plant Training (Categories 1-9),2,Up to and including 1 month,34.95,07/2017,Incumbent,O*NET
51-3022.00,"Meat, Poultry, and Fish Cutters and Trimmers",3.A.3,On-the-Job Training,OJ,On-The-Job Training (Categories 1-9),2,"Anything beyond short demonstration, up to and including 1 month",19.17,07/2017,Incumbent,O*NET
51-3023.00,Slaughterers and Meat Packers,3.A.1,Related Work Experience,RW,Related Work Experience (Categories 1-11),1,,33.72,07/2017,Incumbent,O*NET
51-3023.00,Slaughterers and Meat Packers,3.A.2,On-Site or In-Plant Training,PT,On-Site Or In-Plant Training (Categories 1-9),6,"Over 1 year, up to and including 2 years",21.14,07/2017,Incumbent,O*NET
51-3023.00,Slaughterers and Meat Packers,3.A.3,On-the-Job Training,OJ,On-The-Job Training (Categories 1-9),2,"Anything beyond short demonstration, up to and including 1 month",24.96,07/2017,Incumbent,O*NET
51-3091.00,"Food and Tobacco Roasting, Baking, and Drying Machine Operators and Tenders",3.A.1,Related Work Experience,RW,Related Work Experience (Categories 1-11),1,,54.43,07/2017,Incumbent,O*NET
51-3091.00,"Food and Tobacco Roasting, Baking, and Drying Machine Operators and Tenders",3.A.2,On-Site or In-Plant Training,PT,On-Site Or In-Plant Training (Categories 1-9),3,"Over 1 month, up to and including 3 months",25.31,07/2017,Incumbent,O*NET
51-3091.00,"Food and Tobacco Roasting, Baking, and Drying Machine Operators and Tenders",3.A.3,On-the-Job Training,OJ,On-The-Job Training (Categories 1-9),4,"Over 3 months, up to and including 6 months",35.42,07/2017,Incumbent,O*NET
51-3092.00,Food Batchmakers,3.A.1,Related Work Experience,RW,Related Work Experience (Categories 1-11),1,,22.64,08/2021,Incumbent,O*NET
51-3092.00,Food Batchmakers,3.A.2,On-Site or In-Plant Training,PT,On-Site Or In-Plant Training (Categories 1-9),2,Up to and including 1 month,50.58,08/2021,Incumbent,O*NET
51-3092.00,Food Batchmakers,3.A.3,On-the-Job Training,OJ,On-The-Job Training (Categories 1-9),3,"Over 1 month, up to and including 3 months",50.56,08/2021,Incumbent,O*NET
51-3093.00,Food Cooking Machine Operators and Tenders,3.A.1,Related Work Experience,RW,Related Work Experience (Categories 1-11),3,"Over 1 month, up to and including 3 months",27.12,08/2021,Incumbent,O*NET
51-3093.00,Food Cooking Machine Operators and Tenders,3.A.2,On-Site or In-Plant Training,PT,On-Site Or In-Plant Training (Categories 1-9),2,Up to and including 1 month,38.52,08/2021,Incumbent,O*NET
51-3093.00,Food Cooking Machine Operators and Tenders,3.A.3,On-the-Job Training,OJ,On-The-Job Training (Categories 1-9),2,"Anything beyond short demonstration, up to and including 1 month",41.09,08/2021,Incumbent,O*NET
51-4021.00,"Extruding and Drawing Machine Setters, Operators, and Tenders, Metal and Plastic",3.A.1,Related Work Experience,RW,Related Work Experience (Categories 1-11),6,"Over 1 year, up to and including 2 years",25.4,08/2026,Incumbent,O*NET
51-4021.00,"Extruding and Drawing Machine Setters, Operators, and Tenders, Metal and Plastic",3.A.2,On-Site or In-Plant Training,PT,On-Site Or In-Plant Training (Categories 1-9),4,"Over 3 months, up to and including 6 months",29.46,08/2026,Incumbent,O*NET
51-4021.00,"Extruding and Drawing Machine Setters, Operators, and Tenders, Metal and Plastic",3.A.3,On-the-Job Training,OJ,On-The-Job Training (Categories 1-9),3,"Over 1 month, up to and including 3 months",31.16,08/2026,Incumbent,O*NET
51-4022.00,"Forging Machine Setters, Operators, and Tenders, Metal and Plastic",3.A.1,Related Work Experience,RW,Related Work Experience (Categories 1-11),7,"Over 2 years, up to and including 4 years",27.93,08/2026,Incumbent,O*NET
51-4022.00,"Forging Machine Setters, Operators, and Tenders, Metal and Plastic",3.A.2,On-Site or In-Plant Training,PT,On-Site Or In-Plant Training (Categories 1-9),3,"Over 1 month, up to and including 3 months",32.14,08/2026,Incumbent,O*NET
51-4022.00,"Forging Machine Setters, Operators, and Tenders, Metal and Plastic",3.A.3,On-the-Job Training,OJ,On-The-Job Training (Categories 1-9),5,"Over 6 months, up to and including 1 year",38.03,08/2026,Incumbent,O*NET
51-4023.00,"Rolling Machine Setters, Operators, and Tenders, Metal and Plastic",3.A.1,Related Work Experience,RW,Related Work Experience (Categories 1-11),1,,30.42,08/2018,Incumbent,O*NET
51-4023.00,"Rolling Machine Setters, Operators, and Tenders, Metal and Plastic",3.A.2,On-Site or In-Plant Training,PT,On-Site Or In-Plant Training (Categories 1-9),3,"Over 1 month, up to and including 3 months",45.67,08/2018,Incumbent,O*NET
51-4023.00,"Rolling Machine Setters, Operators, and Tenders, Metal and Plastic",3.A.3,On-the-Job Training,OJ,On-The-Job Training (Categories 1-9),3,"Over 1 month, up to and including 3 months",39.78,08/2018,Incumbent,O*NET
51-4031.00,"Cutting, Punching, and Press Machine Setters, Operators, and Tenders, Metal and Plastic",3.A.1,Related Work Experience,RW,Related Work Experience (Categories 1-11),7,"Over 2 years, up to and including 4 years",48.63,08/2025,Incumbent,O*NET
51-4031.00,"Cutting, Punching, and Press Machine Setters, Operators, and Tenders, Metal and Plastic",3.A.2,On-Site or In-Plant Training,PT,On-Site Or In-Plant Training (Categories 1-9),1,,49.67,08/2025,Incumbent,O*NET
51-4031.00,"Cutting, Punching, and Press Machine Setters, Operators, and Tenders, Metal and Plastic",3.A.3,On-the-Job Training,OJ,On-The-Job Training (Categories 1-9),7,"Over 2 years, up to and including 4 years",33.99,08/2025,Incumbent,O*NET
51-4032.00,"Drilling and Boring Machine Tool Setters, Operators, and Tenders, Metal and Plastic",3.A.1,Related Work Experience,RW,Related Work Experience (Categories 1-11),7,"Over 2 years, up to and including 4 years",18.61,08/2022,Incumbent,O*NET
51-4032.00,"Drilling and Boring Machine Tool Setters, Operators, and Tenders, Metal and Plastic",3.A.2,On-Site or In-Plant Training,PT,On-Site Or In-Plant Training (Categories 1-9),5,"Over 6 months, up to and including 1 year",29.05,08/2022,Incumbent,O*NET
51-4032.00,"Drilling and Boring Machine Tool Setters, Operators, and Tenders, Metal and Plastic",3.A.3,On-the-Job Training,OJ,On-The-Job Training (Categories 1-9),3,"Over 1 month, up to and including 3 months",17.69,08/2022,Incumbent,O*NET
51-4033.00,"Grinding, Lapping, Polishing, and Buffing Machine Tool Setters, Operators, and Tenders, Metal and Plastic",3.A.1,Related Work Experience,RW,Related Work Experience (Categories 1-11),1,,37.65,08/2026,Incumbent,O*NET
51-4033.00,"Grinding, Lapping, Polishing, and Buffing Machine Tool Setters, Operators, and Tenders, Metal and Plastic",3.A.2,On-Site or In-Plant Training,PT,On-Site Or In-Plant Training (Categories 1-9),5,"Over 6 months, up to and including 1 year",39.39,08/2026,Incumbent,O*NET
51-4033.00,"Grinding, Lapping, Polishing, and Buffing Machine Tool Setters, Operators, and Tenders, Metal and Plastic",3.A.3,On-the-Job Training,OJ,On-The-Job Training (Categories 1-9),4,"Over 3 months, up to and including 6 months",37.23,08/2026,Incumbent,O*NET
51-4034.00,"Lathe and Turning Machine Tool Setters, Operators, and Tenders, Metal and Plastic",3.A.1,Related Work Experience,RW,Related Work Experience (Categories 1-11),6,"Over 1 year, up to and including 2 years",19.38,08/2024,Incumbent,O*NET
51-4034.00,"Lathe and Turning Machine Tool Setters, Operators, and Tenders, Metal and Plastic",3.A.2,On-Site or In-Plant Training,PT,On-Site Or In-Plant Training (Categories 1-9),5,"Over 6 months, up to and including 1 year",21.52,08/2024,Incumbent,O*NET
51-4034.00,"Lathe and Turning Machine Tool Setters, Operators, and Tenders, Metal and Plastic",3.A.3,On-the-Job Training,OJ,On-The-Job Training (Categories 1-9),5,"Over 6 months, up to and including 1 year",22.8,08/2024,Incumbent,O*NET
51-4035.00,"Milling and Planing Machine Setters, Operators, and Tenders, Metal and Plastic",3.A.1,Related Work Experience,RW,Related Work Experience (Categories 1-11),6,"Over 1 year, up to and including 2 years",20.05,08/2023,Incumbent,O*NET
51-4035.00,"Milling and Planing Machine Setters, Operators, and Tenders, Metal and Plastic",3.A.2,On-Site or In-Plant Training,PT,On-Site Or In-Plant Training (Categories 1-9),4,"Over 3 months, up to and including 6 months",25.63,08/2023,Incumbent,O*NET
51-4035.00,"Milling and Planing Machine Setters, Operators, and Tenders, Metal and Plastic",3.A.3,On-the-Job Training,OJ,On-The-Job Training (Categories 1-9),4,"Over 3 months, up to and including 6 months",29.74,08/2023,Incumbent,O*NET
51-4041.00,Machinists,3.A.1,Related Work Experience,RW,Related Work Experience (Categories 1-11),7,"Over 2 years, up to and including 4 years",20.22,08/2020,Incumbent,O*NET
51-4041.00,Machinists,3.A.2,On-Site or In-Plant Training,PT,On-Site Or In-Plant Training (Categories 1-9),6,"Over 1 year, up to and including 2 years",22.37,08/2020,Incumbent,O*NET
51-4041.00,Machinists,3.A.3,On-the-Job Training,OJ,On-The-Job Training (Categories 1-9),4,"Over 3 months, up to and including 6 months",34.2,08/2020,Incumbent,O*NET
51-4051.00,Metal-Refining Furnace Operators and Tenders,3.A.1,Related Work Experience,RW,Related Work Experience (Categories 1-11),1,,33.02,08/2018,Incumbent,O*NET
51-4051.00,Metal-Refining Furnace Operators and Tenders,3.A.2,On-Site or In-Plant Training,PT,On-Site Or In-Plant Training (Categories 1-9),2,Up to and including 1 month,23.63,08/2018,Incumbent,O*NET
51-4051.00,Metal-Refining Furnace Operators and Tenders,3.A.3,On-the-Job Training,OJ,On-The-Job Training (Categories 1-9),3,"Over 1 month, up to and including 3 months",24.97,08/2018,Incumbent,O*NET
51-4052.00,"Pourers and Casters, Metal",3.A.1,Related Work Experience,RW,Related Work Experience (Categories 1-11),6,"Over 1 year, up to and including 2 years",16.74,08/2024,Incumbent,O*NET
51-4052.00,"Pourers and Casters, Metal",3.A.2,On-Site or In-Plant Training,PT,On-Site Or In-Plant Training (Categories 1-9),4,"Over 3 months, up to and including 6 months",27.64,08/2024,Incumbent,O*NET
51-4052.00,"Pourers and Casters, Metal",3.A.3,On-the-Job Training,OJ,On-The-Job Training (Categories 1-9),4,"Over 3 months, up to and including 6 months",37.38,08/2024,Incumbent,O*NET
51-4061.00,"Model Makers, Metal and Plastic",3.A.1,Related Work Experience,RW,Related Work Experience (Categories 1-11),6,"Over 1 year, up to and including 2 years",39.93,08/2025,Incumbent,O*NET
51-4061.00,"Model Makers, Metal and Plastic",3.A.2,On-Site or In-Plant Training,PT,On-Site Or In-Plant Training (Categories 1-9),1,,16.23,08/2025,Incumbent,O*NET
51-4061.00,"Model Makers, Metal and Plastic",3.A.3,On-the-Job Training,OJ,On-The-Job Training (Categories 1-9),3,"Over 1 month, up to and including 3 months",17.82,08/2025,Incumbent,O*NET
51-4062.00,"Patternmakers, Metal and Plastic",3.A.1,Related Work Experience,RW,Related Work Experience (Categories 1-11),8,"Over 4 years, up to and including 6 years",30.41,08/2026,Incumbent,O*NET
51-4062.00,"Patternmakers, Metal and Plastic",3.A.2,On-Site or In-Plant Training,PT,On-Site Or In-Plant Training (Categories 1-9),5,"Over 6 months, up to and including 1 year",24.96,08/2026,Incumbent,O*NET
51-4062.00,"Patternmakers, Metal and Plastic",3.A.3,On-the-Job Training,OJ,On-The-Job Training (Categories 1-9),5,"Over 6 months, up to and including 1 year",37.73,08/2026,Incumbent,O*NET
51-4071.00,Foundry Mold and Coremakers,3.A.1,Related Work Experience,RW,Related Work Experience (Categories 1-11),1,,56.05,08/2023,Incumbent,O*NET
51-4071.00,Foundry Mold and Coremakers,3.A.2,On-Site or In-Plant Training,PT,On-Site Or In-Plant Training (Categories 1-9),1,,36.13,08/2023,Incumbent,O*NET
51-4071.00,Foundry Mold and Coremakers,3.A.3,On-the-Job Training,OJ,On-The-Job Training (Categories 1-9),4,"Over 3 months, up to and including 6 months",28.19,08/2023,Incumbent,O*NET
51-4072.00,"Molding, Coremaking, and Casting Machine Setters, Operators, and Tenders, Metal and Plastic",3.A.1,Related Work Experience,RW,Related Work Experience (Categories 1-11),1,,21.99,07/2016,Incumbent,O*NET
51-4072.00,"Molding, Coremaking, and Casting Machine Setters, Operators, and Tenders, Metal and Plastic",3.A.2,On-Site or In-Plant Training,PT,On-Site Or In-Plant Training (Categories 1-9),1,,26.42,07/2016,Incumbent,O*NET
51-4072.00,"Molding, Coremaking, and Casting Machine Setters, Operators, and Tenders, Metal and Plastic",3.A.3,On-the-Job Training,OJ,On-The-Job Training (Categories 1-9),3,"Over 1 month, up to and including 3 months",27.61,07/2016,Incumbent,O*NET
51-4081.00,"Multiple Machine Tool Setters, Operators, and Tenders, Metal and Plastic",3.A.1,Related Work Experience,RW,Related Work Experience (Categories 1-11),1,,41.46,08/2021,Incumbent,O*NET
51-4081.00,"Multiple Machine Tool Setters, Operators, and Tenders, Metal and Plastic",3.A.2,On-Site or In-Plant Training,PT,On-Site Or In-Plant Training (Categories 1-9),7,"Over 2 years, up to and including 4 years",21.27,08/2021,Incumbent,O*NET
51-4081.00,"Multiple Machine Tool Setters, Operators, and Tenders, Metal and Plastic",3.A.3,On-the-Job Training,OJ,On-The-Job Training (Categories 1-9),6,"Over 1 year, up to and including 2 years",25.17,08/2021,Incumbent,O*NET
51-4111.00,Tool and Die Makers,3.A.1,Related Work Experience,RW,Related Work Experience (Categories 1-11),8,"Over 4 years, up to and including 6 years",24.98,08/2021,Incumbent,O*NET
51-4111.00,Tool and Die Makers,3.A.2,On-Site or In-Plant Training,PT,On-Site Or In-Plant Training (Categories 1-9),5,"Over 6 months, up to and including 1 year",23.88,08/2021,Incumbent,O*NET
51-4111.00,Tool and Die Makers,3.A.3,On-the-Job Training,OJ,On-The-Job Training (Categories 1-9),6,"Over 1 year, up to and including 2 years",28.06,08/2021,Incumbent,O*NET
51-4121.00,"Welders, Cutters, Solderers, and Brazers",3.A.1,Related Work Experience,RW,Related Work Experience (Categories 1-11),6,"Over 1 year, up to and including 2 years",33.91,08/2022,Incumbent,O*NET
51-4121.00,"Welders, Cutters, Solderers, and Brazers",3.A.2,On-Site or In-Plant Training,PT,On-Site Or In-Plant Training (Categories 1-9),2,Up to and including 1 month,27.81,08/2022,Incumbent,O*NET
51-4121.00,"Welders, Cutters, Solderers, and Brazers",3.A.3,On-the-Job Training,OJ,On-The-Job Training (Categories 1-9),3,"Over 1 month, up to and including 3 months",26.75,08/2022,Incumbent,O*NET
51-4122.00,"Welding, Soldering, and Brazing Machine Setters, Operators, and Tenders",3.A.1,Related Work Experience,RW,Related Work Experience (Categories 1-11),5,"Over 6 months, up to and including 1 year",44.29,08/2024,Incumbent,O*NET
51-4122.00,"Welding, Soldering, and Brazing Machine Setters, Operators, and Tenders",3.A.2,On-Site or In-Plant Training,PT,On-Site Or In-Plant Training (Categories 1-9),2,Up to and including 1 month,37.31,08/2024,Incumbent,O*NET
51-4122.00,"Welding, Soldering, and Brazing Machine Setters, Operators, and Tenders",3.A.3,On-the-Job Training,OJ,On-The-Job Training (Categories 1-9),2,"Anything beyond short demonstration, up to and including 1 month",45.57,08/2024,Incumbent,O*NET
51-4191.00,"Heat Treating Equipment Setters, Operators, and Tenders, Metal and Plastic",3.A.1,Related Work Experience,RW,Related Work Experience (Categories 1-11),1,,47.88,07/2016,Incumbent,O*NET
51-4191.00,"Heat Treating Equipment Setters, Operators, and Tenders, Metal and Plastic",3.A.2,On-Site or In-Plant Training,PT,On-Site Or In-Plant Training (Categories 1-9),4,"Over 3 months, up to and including 6 months",35.55,07/2016,Incumbent,O*NET
51-4191.00,"Heat Treating Equipment Setters, Operators, and Tenders, Metal and Plastic",3.A.3,On-the-Job Training,OJ,On-The-Job Training (Categories 1-9),4,"Over 3 months, up to and including 6 months",36.5,07/2016,Incumbent,O*NET
51-4192.00,"Layout Workers, Metal and Plastic",3.A.1,Related Work Experience,RW,Related Work Experience (Categories 1-11),6,"Over 1 year, up to and including 2 years",54.99,08/2018,Incumbent,O*NET
51-4192.00,"Layout Workers, Metal and Plastic",3.A.2,On-Site or In-Plant Training,PT,On-Site Or In-Plant Training (Categories 1-9),1,,24.81,08/2018,Incumbent,O*NET
51-4192.00,"Layout Workers, Metal and Plastic",3.A.3,On-the-Job Training,OJ,On-The-Job Training (Categories 1-9),5,"Over 6 months, up to and including 1 year",26.47,08/2018,Incumbent,O*NET
51-4193.00,"Plating Machine Setters, Operators, and Tenders, Metal and Plastic",3.A.1,Related Work Experience,RW,Related Work Experience (Categories 1-11),2,Up to and including 1 month,14.13,07/2016,Incumbent,O*NET
51-4193.00,"Plating Machine Setters, Operators, and Tenders, Metal and Plastic",3.A.2,On-Site or In-Plant Training,PT,On-Site Or In-Plant Training (Categories 1-9),6,"Over 1 year, up to and including 2 years",35.01,07/2016,Incumbent,O*NET
51-4193.00,"Plating Machine Setters, Operators, and Tenders, Metal and Plastic",3.A.3,On-the-Job Training,OJ,On-The-Job Training (Categories 1-9),3,"Over 1 month, up to and including 3 months",22.06,07/2016,Incumbent,O*NET
51-4194.00,"Tool Grinders, Filers, and Sharpeners",3.A.1,Related Work Experience,RW,Related Work Experience (Categories 1-11),5,"Over 6 months, up to and including 1 year",34.65,08/2026,Incumbent,O*NET
51-4194.00,"Tool Grinders, Filers, and Sharpeners",3.A.2,On-Site or In-Plant Training,PT,On-Site Or In-Plant Training (Categories 1-9),3,"Over 1 month, up to and including 3 months",9.18,08/2026,Incumbent,O*NET
51-4194.00,"Tool Grinders, Filers, and Sharpeners",3.A.3,On-the-Job Training,OJ,On-The-Job Training (Categories 1-9),2,"Anything beyond short demonstration, up to and including 1 month",34.35,08/2026,Incumbent,O*NET
51-5111.00,Prepress Technicians and Workers,3.A.1,Related Work Experience,RW,Related Work Experience (Categories 1-11),7,"Over 2 years, up to and including 4 years",37.46,07/2016,Incumbent,O*NET
51-5111.00,Prepress Technicians and Workers,3.A.2,On-Site or In-Plant Training,PT,On-Site Or In-Plant Training (Categories 1-9),3,"Over 1 month, up to and including 3 months",23.32,07/2016,Incumbent,O*NET
51-5111.00,Prepress Technicians and Workers,3.A.3,On-the-Job Training,OJ,On-The-Job Training (Categories 1-9),4,"Over 3 months, up to and including 6 months",32.66,07/2016,Incumbent,O*NET
51-5112.00,Printing Press Operators,3.A.1,Related Work Experience,RW,Related Work Experience (Categories 1-11),7,"Over 2 years, up to and including 4 years",45.93,08/2020,Incumbent,O*NET
51-5112.00,Printing Press Operators,3.A.2,On-Site or In-Plant Training,PT,On-Site Or In-Plant Training (Categories 1-9),1,,27.89,08/2020,Incumbent,O*NET
51-5112.00,Printing Press Operators,3.A.3,On-the-Job Training,OJ,On-The-Job Training (Categories 1-9),3,"Over 1 month, up to and including 3 months",46.31,08/2020,Incumbent,O*NET
51-5113.00,Print Binding and Finishing Workers,3.A.1,Related Work Experience,RW,Related Work Experience (Categories 1-11),7,"Over 2 years, up to and including 4 years",41.16,07/2015,Incumbent,O*NET
51-5113.00,Print Binding and Finishing Workers,3.A.2,On-Site or In-Plant Training,PT,On-Site Or In-Plant Training (Categories 1-9),5,"Over 6 months, up to and including 1 year",38.16,07/2015,Incumbent,O*NET
51-5113.00,Print Binding and Finishing Workers,3.A.3,On-the-Job Training,OJ,On-The-Job Training (Categories 1-9),3,"Over 1 month, up to and including 3 months",31.78,07/2015,Incumbent,O*NET
51-6011.00,Laundry and Dry-Cleaning Workers,3.A.1,Related Work Experience,RW,Related Work Experience (Categories 1-11),1,,64.16,08/2026,Incumbent,O*NET
51-6011.00,Laundry and Dry-Cleaning Workers,3.A.2,On-Site or In-Plant Training,PT,On-Site Or In-Plant Training (Categories 1-9),2,Up to and including 1 month,69.97,08/2026,Incumbent,O*NET
51-6011.00,Laundry and Dry-Cleaning Workers,3.A.3,On-the-Job Training,OJ,On-The-Job Training (Categories 1-9),2,"Anything beyond short demonstration, up to and including 1 month",60.96,08/2026,Incumbent,O*NET
51-6021.00,"Pressers, Textile, Garment, and Related Materials",3.A.1,Related Work Experience,RW,Related Work Experience (Categories 1-11),6,"Over 1 year, up to and including 2 years",18.76,07/2017,Incumbent,O*NET
51-6021.00,"Pressers, Textile, Garment, and Related Materials",3.A.2,On-Site or In-Plant Training,PT,On-Site Or In-Plant Training (Categories 1-9),4,"Over 3 months, up to and including 6 months",25.47,07/2017,Incumbent,O*NET
51-6021.00,"Pressers, Textile, Garment, and Related Materials",3.A.3,On-the-Job Training,OJ,On-The-Job Training (Categories 1-9),2,"Anything beyond short demonstration, up to and including 1 month",23.56,07/2017,Incumbent,O*NET
51-6031.00,Sewing Machine Operators,3.A.1,Related Work Experience,RW,Related Work Experience (Categories 1-11),4,"Over 3 months, up to and including 6 months",23.46,07/2017,Incumbent,O*NET
51-6031.00,Sewing Machine Operators,3.A.2,On-Site or In-Plant Training,PT,On-Site Or In-Plant Training (Categories 1-9),5,"Over 6 months, up to and including 1 year",30.62,07/2017,Incumbent,O*NET
51-6031.00,Sewing Machine Operators,3.A.3,On-the-Job Training,OJ,On-The-Job Training (Categories 1-9),4,"Over 3 months, up to and including 6 months",31.28,07/2017,Incumbent,O*NET
51-6041.00,Shoe and Leather Workers and Repairers,3.A.1,Related Work Experience,RW,Related Work Experience (Categories 1-11),1,,85.6,08/2022,Incumbent,O*NET
51-6041.00,Shoe and Leather Workers and Repairers,3.A.2,On-Site or In-Plant Training,PT,On-Site Or In-Plant Training (Categories 1-9),1,,64.6,08/2022,Incumbent,O*NET
51-6041.00,Shoe and Leather Workers and Repairers,3.A.3,On-the-Job Training,OJ,On-The-Job Training (Categories 1-9),2,"Anything beyond short demonstration, up to and including 1 month",16.11,08/2022,Incumbent,O*NET
51-6042.00,Shoe Machine Operators and Tenders,3.A.1,Related Work Experience,RW,Related Work Experience (Categories 1-11),1,,50.79,08/2024,Incumbent,O*NET
51-6042.00,Shoe Machine Operators and Tenders,3.A.2,On-Site or In-Plant Training,PT,On-Site Or In-Plant Training (Categories 1-9),2,Up to and including 1 month,59.66,08/2024,Incumbent,O*NET
51-6042.00,Shoe Machine Operators and Tenders,3.A.3,On-the-Job Training,OJ,On-The-Job Training (Categories 1-9),2,"Anything beyond short demonstration, up to and including 1 month",42.47,08/2024,Incumbent,O*NET
51-6051.00,"Sewers, Hand",3.A.1,Related Work Experience,RW,Related Work Experience (Categories 1-11),6,"Over 1 year, up to and including 2 years",16.7,08/2024,Incumbent,O*NET
51-6051.00,"Sewers, Hand",3.A.2,On-Site or In-Plant Training,PT,On-Site Or In-Plant Training (Categories 1-9),3,"Over 1 month, up to and including 3 months",8.62,08/2024,Incumbent,O*NET
51-6051.00,"Sewers, Hand",3.A.3,On-the-Job Training,OJ,On-The-Job Training (Categories 1-9),3,"Over 1 month, up to and including 3 months",2.48,08/2024,Incumbent,O*NET
51-6052.00,"Tailors, Dressmakers, and Custom Sewers",3.A.1,Related Work Experience,RW,Related Work Experience (Categories 1-11),5,"Over 6 months, up to and including 1 year",26.7,08/2020,Incumbent,O*NET
51-6052.00,"Tailors, Dressmakers, and Custom Sewers",3.A.2,On-Site or In-Plant Training,PT,On-Site Or In-Plant Training (Categories 1-9),4,"Over 3 months, up to and including 6 months",27.79,08/2020,Incumbent,O*NET
51-6052.00,"Tailors, Dressmakers, and Custom Sewers",3.A.3,On-the-Job Training,OJ,On-The-Job Training (Categories 1-9),3,"Over 1 month, up to and including 3 months",49.79,08/2020,Incumbent,O*NET
51-6061.00,Textile Bleaching and Dyeing Machine Operators and Tenders,3.A.1,Related Work Experience,RW,Related Work Experience (Categories 1-11),1,,48.02,08/2023,Incumbent,O*NET
51-6061.00,Textile Bleaching and Dyeing Machine Operators and Tenders,3.A.2,On-Site or In-Plant Training,PT,On-Site Or In-Plant Training (Categories 1-9),2,Up to and including 1 month,32.0,08/2023,Incumbent,O*NET
51-6061.00,Textile Bleaching and Dyeing Machine Operators and Tenders,3.A.3,On-the-Job Training,OJ,On-The-Job Training (Categories 1-9),2,"Anything beyond short demonstration, up to and including 1 month",32.0,08/2023,Incumbent,O*NET
51-6062.00,"Textile Cutting Machine Setters, Operators, and Tenders",3.A.1,Related Work Experience,RW,Related Work Experience (Categories 1-11),1,,44.47,08/2019,Incumbent,O*NET
51-6062.00,"Textile Cutting Machine Setters, Operators, and Tenders",3.A.2,On-Site or In-Plant Training,PT,On-Site Or In-Plant Training (Categories 1-9),3,"Over 1 month, up to and including 3 months",43.86,08/2019,Incumbent,O*NET
51-6062.00,"Textile Cutting Machine Setters, Operators, and Tenders",3.A.3,On-the-Job Training,OJ,On-The-Job Training (Categories 1-9),3,"Over 1 month, up to and including 3 months",40.49,08/2019,Incumbent,O*NET
51-6063.00,"Textile Knitting and Weaving Machine Setters, Operators, and Tenders",3.A.1,Related Work Experience,RW,Related Work Experience (Categories 1-11),6,"Over 1 year, up to and including 2 years",23.61,08/2023,Incumbent,O*NET
51-6063.00,"Textile Knitting and Weaving Machine Setters, Operators, and Tenders",3.A.2,On-Site or In-Plant Training,PT,On-Site Or In-Plant Training (Categories 1-9),2,Up to and including 1 month,32.35,08/2023,Incumbent,O*NET
51-6063.00,"Textile Knitting and Weaving Machine Setters, Operators, and Tenders",3.A.3,On-the-Job Training,OJ,On-The-Job Training (Categories 1-9),3,"Over 1 month, up to and including 3 months",31.26,08/2023,Incumbent,O*NET
51-6064.00,"Textile Winding, Twisting, and Drawing Out Machine Setters, Operators, and Tenders",3.A.1,Related Work Experience,RW,Related Work Experience (Categories 1-11),1,,56.81,08/2019,Incumbent,O*NET
51-6064.00,"Textile Winding, Twisting, and Drawing Out Machine Setters, Operators, and Tenders",3.A.2,On-Site or In-Plant Training,PT,On-Site Or In-Plant Training (Categories 1-9),2,Up to and including 1 month,22.51,08/2019,Incumbent,O*NET
51-6064.00,"Textile Winding, Twisting, and Drawing Out Machine Setters, Operators, and Tenders",3.A.3,On-the-Job Training,OJ,On-The-Job Training (Categories 1-9),3,"Over 1 month, up to and including 3 months",42.82,08/2019,Incumbent,O*NET
51-6091.00,"Extruding and Forming Machine Setters, Operators, and Tenders, Synthetic and Glass Fibers",3.A.1,Related Work Experience,RW,Related Work Experience (Categories 1-11),5,"Over 6 months, up to and including 1 year",28.88,08/2019,Incumbent,O*NET
51-6091.00,"Extruding and Forming Machine Setters, Operators, and Tenders, Synthetic and Glass Fibers",3.A.2,On-Site or In-Plant Training,PT,On-Site Or In-Plant Training (Categories 1-9),3,"Over 1 month, up to and including 3 months",40.51,08/2019,Incumbent,O*NET
51-6091.00,"Extruding and Forming Machine Setters, Operators, and Tenders, Synthetic and Glass Fibers",3.A.3,On-the-Job Training,OJ,On-The-Job Training (Categories 1-9),4,"Over 3 months, up to and including 6 months",48.47,08/2019,Incumbent,O*NET
51-6092.00,Fabric and Apparel Patternmakers,3.A.1,Related Work Experience,RW,Related Work Experience (Categories 1-11),8,"Over 4 years, up to and including 6 years",29.18,07/2016,Incumbent,O*NET
51-6092.00,Fabric and Apparel Patternmakers,3.A.2,On-Site or In-Plant Training,PT,On-Site Or In-Plant Training (Categories 1-9),5,"Over 6 months, up to and including 1 year",29.25,07/2016,Incumbent,O*NET
51-6092.00,Fabric and Apparel Patternmakers,3.A.3,On-the-Job Training,OJ,On-The-Job Training (Categories 1-9),5,"Over 6 months, up to and including 1 year",31.31,07/2016,Incumbent,O*NET
51-6093.00,Upholsterers,3.A.1,Related Work Experience,RW,Related Work Experience (Categories 1-11),6,"Over 1 year, up to and including 2 years",49.31,07/2016,Incumbent,O*NET
51-6093.00,Upholsterers,3.A.2,On-Site or In-Plant Training,PT,On-Site Or In-Plant Training (Categories 1-9),1,,37.27,07/2016,Incumbent,O*NET
51-6093.00,Upholsterers,3.A.3,On-the-Job Training,OJ,On-The-Job Training (Categories 1-9),2,"Anything beyond short demonstration, up to and including 1 month",32.86,07/2016,Incumbent,O*NET
51-7011.00,Cabinetmakers and Bench Carpenters,3.A.1,Related Work Experience,RW,Related Work Experience (Categories 1-11),3,"Over 1 month, up to and including 3 months",26.44,08/2026,Incumbent,O*NET
51-7011.00,Cabinetmakers and Bench Carpenters,3.A.2,On-Site or In-Plant Training,PT,On-Site Or In-Plant Training (Categories 1-9),1,,27.81,08/2026,Incumbent,O*NET
51-7011.00,Cabinetmakers and Bench Carpenters,3.A.3,On-the-Job Training,OJ,On-The-Job Training (Categories 1-9),3,"Over 1 month, up to and including 3 months",29.78,08/2026,Incumbent,O*NET
51-7021.00,Furniture Finishers,3.A.1,Related Work Experience,RW,Related Work Experience (Categories 1-11),1,,24.0,07/2017,Incumbent,O*NET
51-7021.00,Furniture Finishers,3.A.2,On-Site or In-Plant Training,PT,On-Site Or In-Plant Training (Categories 1-9),5,"Over 6 months, up to and including 1 year",23.44,07/2017,Incumbent,O*NET
51-7021.00,Furniture Finishers,3.A.3,On-the-Job Training,OJ,On-The-Job Training (Categories 1-9),4,"Over 3 months, up to and including 6 months",32.26,07/2017,Incumbent,O*NET
51-7031.00,"Model Makers, Wood",3.A.1,Related Work Experience,RW,Related Work Experience (Categories 1-11),8,"Over 4 years, up to and including 6 years",29.6,08/2024,Incumbent,O*NET
51-7031.00,"Model Makers, Wood",3.A.2,On-Site or In-Plant Training,PT,On-Site Or In-Plant Training (Categories 1-9),1,,33.04,08/2024,Incumbent,O*NET
51-7031.00,"Model Makers, Wood",3.A.3,On-the-Job Training,OJ,On-The-Job Training (Categories 1-9),3,"Over 1 month, up to and including 3 months",30.84,08/2024,Incumbent,O*NET
51-7032.00,"Patternmakers, Wood",3.A.1,Related Work Experience,RW,Related Work Experience (Categories 1-11),8,"Over 4 years, up to and including 6 years",24.06,08/2021,Incumbent,O*NET
51-7032.00,"Patternmakers, Wood",3.A.2,On-Site or In-Plant Training,PT,On-Site Or In-Plant Training (Categories 1-9),8,"Over 4 years, up to and including 10 years",34.31,08/2021,Incumbent,O*NET
51-7032.00,"Patternmakers, Wood",3.A.3,On-the-Job Training,OJ,On-The-Job Training (Categories 1-9),8,"Over 4 years, up to and including 10 years",37.82,08/2021,Incumbent,O*NET
51-7041.00,"Sawing Machine Setters, Operators, and Tenders, Wood",3.A.1,Related Work Experience,RW,Related Work Experience (Categories 1-11),1,,34.02,07/2013,Incumbent,O*NET
51-7041.00,"Sawing Machine Setters, Operators, and Tenders, Wood",3.A.2,On-Site or In-Plant Training,PT,On-Site Or In-Plant Training (Categories 1-9),3,"Over 1 month, up to and including 3 months",38.0,07/2013,Incumbent,O*NET
51-7041.00,"Sawing Machine Setters, Operators, and Tenders, Wood",3.A.3,On-the-Job Training,OJ,On-The-Job Training (Categories 1-9),3,"Over 1 month, up to and including 3 months",36.74,07/2013,Incumbent,O*NET
51-7042.00,"Woodworking Machine Setters, Operators, and Tenders, Except Sawing",3.A.1,Related Work Experience,RW,Related Work Experience (Categories 1-11),4,"Over 3 months, up to and including 6 months",25.88,07/2015,Incumbent,O*NET
51-7042.00,"Woodworking Machine Setters, Operators, and Tenders, Except Sawing",3.A.2,On-Site or In-Plant Training,PT,On-Site Or In-Plant Training (Categories 1-9),1,,30.98,07/2015,Incumbent,O*NET
51-7042.00,"Woodworking Machine Setters, Operators, and Tenders, Except Sawing",3.A.3,On-the-Job Training,OJ,On-The-Job Training (Categories 1-9),2,"Anything beyond short demonstration, up to and including 1 month",33.33,07/2015,Incumbent,O*NET
51-8011.00,Nuclear Power Reactor Operators,3.A.1,Related Work Experience,RW,Related Work Experience (Categories 1-11),7,"Over 2 years, up to and including 4 years",33.54,07/2014,Incumbent,O*NET
51-8011.00,Nuclear Power Reactor Operators,3.A.2,On-Site or In-Plant Training,PT,On-Site Or In-Plant Training (Categories 1-9),6,"Over 1 year, up to and including 2 years",45.15,07/2014,Incumbent,O*NET
51-8011.00,Nuclear Power Reactor Operators,3.A.3,On-the-Job Training,OJ,On-The-Job Training (Categories 1-9),5,"Over 6 months, up to and including 1 year",33.19,07/2014,Incumbent,O*NET
51-8012.00,Power Distributors and Dispatchers,3.A.1,Related Work Experience,RW,Related Work Experience (Categories 1-11),8,"Over 4 years, up to and including 6 years",27.84,08/2024,Incumbent,O*NET
51-8012.00,Power Distributors and Dispatchers,3.A.2,On-Site or In-Plant Training,PT,On-Site Or In-Plant Training (Categories 1-9),5,"Over 6 months, up to and including 1 year",35.14,08/2024,Incumbent,O*NET
51-8012.00,Power Distributors and Dispatchers,3.A.3,On-the-Job Training,OJ,On-The-Job Training (Categories 1-9),6,"Over 1 year, up to and including 2 years",31.75,08/2024,Incumbent,O*NET
51-8013.00,Power Plant Operators,3.A.1,Related Work Experience,RW,Related Work Experience (Categories 1-11),7,"Over 2 years, up to and including 4 years",47.18,08/2024,Incumbent,O*NET
51-8013.00,Power Plant Operators,3.A.2,On-Site or In-Plant Training,PT,On-Site Or In-Plant Training (Categories 1-9),7,"Over 2 years, up to and including 4 years",37.0,08/2024,Incumbent,O*NET
51-8013.00,Power Plant Operators,3.A.3,On-the-Job Training,OJ,On-The-Job Training (Categories 1-9),7,"Over 2 years, up to and including 4 years",50.16,08/2024,Incumbent,O*NET
51-8013.03,Biomass Plant Technicians,3.A.1,Related Work Experience,RW,Related Work Experience (Categories 1-11),8,"Over 4 years, up to and including 6 years",26.12,08/2020,Incumbent,O*NET
51-8013.03,Biomass Plant Technicians,3.A.2,On-Site or In-Plant Training,PT,On-Site Or In-Plant Training (Categories 1-9),8,"Over 4 years, up to and including 10 years",36.33,08/2020,Incumbent,O*NET
51-8013.03,Biomass Plant Technicians,3.A.3,On-the-Job Training,OJ,On-The-Job Training (Categories 1-9),8,"Over 4 years, up to and including 10 years",39.06,08/2020,Incumbent,O*NET
51-8013.04,Hydroelectric Plant Technicians,3.A.1,Related Work Experience,RW,Related Work Experience (Categories 1-11),7,"Over 2 years, up to and including 4 years",55.77,08/2024,Incumbent,O*NET
51-8013.04,Hydroelectric Plant Technicians,3.A.2,On-Site or In-Plant Training,PT,On-Site Or In-Plant Training (Categories 1-9),7,"Over 2 years, up to and including 4 years",33.75,08/2024,Incumbent,O*NET
51-8013.04,Hydroelectric Plant Technicians,3.A.3,On-the-Job Training,OJ,On-The-Job Training (Categories 1-9),7,"Over 2 years, up to and including 4 years",42.43,08/2024,Incumbent,O*NET
51-8021.00,Stationary Engineers and Boiler Operators,3.A.1,Related Work Experience,RW,Related Work Experience (Categories 1-11),6,"Over 1 year, up to and including 2 years",24.02,08/2023,Incumbent,O*NET
51-8021.00,Stationary Engineers and Boiler Operators,3.A.2,On-Site or In-Plant Training,PT,On-Site Or In-Plant Training (Categories 1-9),5,"Over 6 months, up to and including 1 year",50.91,08/2023,Incumbent,O*NET
51-8021.00,Stationary Engineers and Boiler Operators,3.A.3,On-the-Job Training,OJ,On-The-Job Training (Categories 1-9),5,"Over 6 months, up to and including 1 year",40.91,08/2023,Incumbent,O*NET
51-8031.00,Water and Wastewater Treatment Plant and System Operators,3.A.1,Related Work Experience,RW,Related Work Experience (Categories 1-11),1,,33.33,08/2025,Occupational Expert,O*NET
51-8031.00,Water and Wastewater Treatment Plant and System Operators,3.A.2,On-Site or In-Plant Training,PT,On-Site Or In-Plant Training (Categories 1-9),5,"Over 6 months, up to and including 1 year",20.83,08/2025,Occupational Expert,O*NET
51-8031.00,Water and Wastewater Treatment Plant and System Operators,3.A.3,On-the-Job Training,OJ,On-The-Job Training (Categories 1-9),6,"Over 1 year, up to and including 2 years",25.0,08/2025,Occupational Expert,O*NET
51-8091.00,Chemical Plant and System Operators,3.A.1,Related Work Experience,RW,Related Work Experience (Categories 1-11),9,"Over 6 years, up to and including 8 years",1.33,08/2026,Incumbent,O*NET
51-8091.00,Chemical Plant and System Operators,3.A.2,On-Site or In-Plant Training,PT,On-Site Or In-Plant Training (Categories 1-9),4,"Over 3 months, up to and including 6 months",7.95,08/2026,Incumbent,O*NET
51-8091.00,Chemical Plant and System Operators,3.A.3,On-the-Job Training,OJ,On-The-Job Training (Categories 1-9),4,"Over 3 months, up to and including 6 months",8.09,08/2026,Incumbent,O*NET
51-8092.00,Gas Plant Operators,3.A.1,Related Work Experience,RW,Related Work Experience (Categories 1-11),6,"Over 1 year, up to and including 2 years",51.32,08/2023,Incumbent,O*NET
51-8092.00,Gas Plant Operators,3.A.2,On-Site or In-Plant Training,PT,On-Site Or In-Plant Training (Categories 1-9),6,"Over 1 year, up to and including 2 years",40.18,08/2023,Incumbent,O*NET
51-8092.00,Gas Plant Operators,3.A.3,On-the-Job Training,OJ,On-The-Job Training (Categories 1-9),5,"Over 6 months, up to and including 1 year",45.71,08/2023,Incumbent,O*NET
51-8093.00,"Petroleum Pump System Operators, Refinery Operators, and Gaugers",3.A.1,Related Work Experience,RW,Related Work Experience (Categories 1-11),6,"Over 1 year, up to and including 2 years",18.56,08/2023,Incumbent,O*NET
51-8093.00,"Petroleum Pump System Operators, Refinery Operators, and Gaugers",3.A.2,On-Site or In-Plant Training,PT,On-Site Or In-Plant Training (Categories 1-9),2,Up to and including 1 month,29.71,08/2023,Incumbent,O*NET
51-8093.00,"Petroleum Pump System Operators, Refinery Operators, and Gaugers",3.A.3,On-the-Job Training,OJ,On-The-Job Training (Categories 1-9),4,"Over 3 months, up to and including 6 months",43.47,08/2023,Incumbent,O*NET
51-8099.01,Biofuels Processing Technicians,3.A.1,Related Work Experience,RW,Related Work Experience (Categories 1-11),1,,38.29,07/2016,Incumbent,O*NET
51-8099.01,Biofuels Processing Technicians,3.A.2,On-Site or In-Plant Training,PT,On-Site Or In-Plant Training (Categories 1-9),3,"Over 1 month, up to and including 3 months",37.65,07/2016,Incumbent,O*NET
51-8099.01,Biofuels Processing Technicians,3.A.3,On-the-Job Training,OJ,On-The-Job Training (Categories 1-9),2,"Anything beyond short demonstration, up to and including 1 month",31.68,07/2016,Incumbent,O*NET
51-9011.00,Chemical Equipment Operators and Tenders,3.A.1,Related Work Experience,RW,Related Work Experience (Categories 1-11),3,"Over 1 month, up to and including 3 months",10.44,08/2026,Incumbent,O*NET
51-9011.00,Chemical Equipment Operators and Tenders,3.A.2,On-Site or In-Plant Training,PT,On-Site Or In-Plant Training (Categories 1-9),3,"Over 1 month, up to and including 3 months",43.09,08/2026,Incumbent,O*NET
51-9011.00,Chemical Equipment Operators and Tenders,3.A.3,On-the-Job Training,OJ,On-The-Job Training (Categories 1-9),4,"Over 3 months, up to and including 6 months",13.39,08/2026,Incumbent,O*NET
51-9012.00,"Separating, Filtering, Clarifying, Precipitating, and Still Machine Setters, Operators, and Tenders",3.A.1,Related Work Experience,RW,Related Work Experience (Categories 1-11),5,"Over 6 months, up to and including 1 year",16.56,08/2026,Incumbent,O*NET
51-9012.00,"Separating, Filtering, Clarifying, Precipitating, and Still Machine Setters, Operators, and Tenders",3.A.2,On-Site or In-Plant Training,PT,On-Site Or In-Plant Training (Categories 1-9),4,"Over 3 months, up to and including 6 months",36.92,08/2026,Incumbent,O*NET
51-9012.00,"Separating, Filtering, Clarifying, Precipitating, and Still Machine Setters, Operators, and Tenders",3.A.3,On-the-Job Training,OJ,On-The-Job Training (Categories 1-9),4,"Over 3 months, up to and including 6 months",50.99,08/2026,Incumbent,O*NET
51-9021.00,"Crushing, Grinding, and Polishing Machine Setters, Operators, and Tenders",3.A.1,Related Work Experience,RW,Related Work Experience (Categories 1-11),7,"Over 2 years, up to and including 4 years",35.32,08/2024,Incumbent,O*NET
51-9021.00,"Crushing, Grinding, and Polishing Machine Setters, Operators, and Tenders",3.A.2,On-Site or In-Plant Training,PT,On-Site Or In-Plant Training (Categories 1-9),2,Up to and including 1 month,33.5,08/2024,Incumbent,O*NET
51-9021.00,"Crushing, Grinding, and Polishing Machine Setters, Operators, and Tenders",3.A.3,On-the-Job Training,OJ,On-The-Job Training (Categories 1-9),3,"Over 1 month, up to and including 3 months",51.82,08/2024,Incumbent,O*NET
51-9022.00,"Grinding and Polishing Workers, Hand",3.A.1,Related Work Experience,RW,Related Work Experience (Categories 1-11),1,,38.93,08/2023,Incumbent,O*NET
51-9022.00,"Grinding and Polishing Workers, Hand",3.A.2,On-Site or In-Plant Training,PT,On-Site Or In-Plant Training (Categories 1-9),2,Up to and including 1 month,30.16,08/2023,Incumbent,O*NET
51-9022.00,"Grinding and Polishing Workers, Hand",3.A.3,On-the-Job Training,OJ,On-The-Job Training (Categories 1-9),4,"Over 3 months, up to and including 6 months",12.98,08/2023,Incumbent,O*NET
51-9023.00,"Mixing and Blending Machine Setters, Operators, and Tenders",3.A.1,Related Work Experience,RW,Related Work Experience (Categories 1-11),5,"Over 6 months, up to and including 1 year",14.47,08/2023,Incumbent,O*NET
51-9023.00,"Mixing and Blending Machine Setters, Operators, and Tenders",3.A.2,On-Site or In-Plant Training,PT,On-Site Or In-Plant Training (Categories 1-9),3,"Over 1 month, up to and including 3 months",46.58,08/2023,Incumbent,O*NET
51-9023.00,"Mixing and Blending Machine Setters, Operators, and Tenders",3.A.3,On-the-Job Training,OJ,On-The-Job Training (Categories 1-9),4,"Over 3 months, up to and including 6 months",25.92,08/2023,Incumbent,O*NET
51-9031.00,"Cutters and Trimmers, Hand",3.A.1,Related Work Experience,RW,Related Work Experience (Categories 1-11),1,,32.44,08/2019,Incumbent,O*NET
51-9031.00,"Cutters and Trimmers, Hand",3.A.2,On-Site or In-Plant Training,PT,On-Site Or In-Plant Training (Categories 1-9),4,"Over 3 months, up to and including 6 months",24.45,08/2019,Incumbent,O*NET
51-9031.00,"Cutters and Trimmers, Hand",3.A.3,On-the-Job Training,OJ,On-The-Job Training (Categories 1-9),4,"Over 3 months, up to and including 6 months",41.75,08/2019,Incumbent,O*NET
51-9032.00,"Cutting and Slicing Machine Setters, Operators, and Tenders",3.A.1,Related Work Experience,RW,Related Work Experience (Categories 1-11),1,,39.09,08/2026,Incumbent,O*NET
51-9032.00,"Cutting and Slicing Machine Setters, Operators, and Tenders",3.A.2,On-Site or In-Plant Training,PT,On-Site Or In-Plant Training (Categories 1-9),2,Up to and including 1 month,34.63,08/2026,Incumbent,O*NET
51-9032.00,"Cutting and Slicing Machine Setters, Operators, and Tenders",3.A.3,On-the-Job Training,OJ,On-The-Job Training (Categories 1-9),2,"Anything beyond short demonstration, up to and including 1 month",30.03,08/2026,Incumbent,O*NET
51-9041.00,"Extruding, Forming, Pressing, and Compacting Machine Setters, Operators, and Tenders",3.A.1,Related Work Experience,RW,Related Work Experience (Categories 1-11),6,"Over 1 year, up to and including 2 years",22.94,07/2016,Incumbent,O*NET
51-9041.00,"Extruding, Forming, Pressing, and Compacting Machine Setters, Operators, and Tenders",3.A.2,On-Site or In-Plant Training,PT,On-Site Or In-Plant Training (Categories 1-9),1,,34.43,07/2016,Incumbent,O*NET
51-9041.00,"Extruding, Forming, Pressing, and Compacting Machine Setters, Operators, and Tenders",3.A.3,On-the-Job Training,OJ,On-The-Job Training (Categories 1-9),4,"Over 3 months, up to and including 6 months",40.47,07/2016,Incumbent,O*NET
51-9051.00,"Furnace, Kiln, Oven, Drier, and Kettle Operators and Tenders",3.A.1,Related Work Experience,RW,Related Work Experience (Categories 1-11),1,,28.84,07/2015,Incumbent,O*NET
51-9051.00,"Furnace, Kiln, Oven, Drier, and Kettle Operators and Tenders",3.A.2,On-Site or In-Plant Training,PT,On-Site Or In-Plant Training (Categories 1-9),2,Up to and including 1 month,29.6,07/2015,Incumbent,O*NET
51-9051.00,"Furnace, Kiln, Oven, Drier, and Kettle Operators and Tenders",3.A.3,On-the-Job Training,OJ,On-The-Job Training (Categories 1-9),3,"Over 1 month, up to and including 3 months",32.58,07/2015,Incumbent,O*NET
51-9061.00,"Inspectors, Testers, Sorters, Samplers, and Weighers",3.A.1,Related Work Experience,RW,Related Work Experience (Categories 1-11),1,,43.9,08/2020,Incumbent,O*NET
51-9061.00,"Inspectors, Testers, Sorters, Samplers, and Weighers",3.A.2,On-Site or In-Plant Training,PT,On-Site Or In-Plant Training (Categories 1-9),2,Up to and including 1 month,31.5,08/2020,Incumbent,O*NET
51-9061.00,"Inspectors, Testers, Sorters, Samplers, and Weighers",3.A.3,On-the-Job Training,OJ,On-The-Job Training (Categories 1-9),3,"Over 1 month, up to and including 3 months",26.17,08/2020,Incumbent,O*NET
51-9071.00,Jewelers and Precious Stone and Metal Workers,3.A.1,Related Work Experience,RW,Related Work Experience (Categories 1-11),8,"Over 4 years, up to and including 6 years",25.64,08/2025,Incumbent,O*NET
51-9071.00,Jewelers and Precious Stone and Metal Workers,3.A.2,On-Site or In-Plant Training,PT,On-Site Or In-Plant Training (Categories 1-9),6,"Over 1 year, up to and including 2 years",28.01,08/2025,Incumbent,O*NET
51-9071.00,Jewelers and Precious Stone and Metal Workers,3.A.3,On-the-Job Training,OJ,On-The-Job Training (Categories 1-9),6,"Over 1 year, up to and including 2 years",29.28,08/2025,Incumbent,O*NET
51-9071.06,Gem and Diamond Workers,3.A.1,Related Work Experience,RW,Related Work Experience (Categories 1-11),6,"Over 1 year, up to and including 2 years",58.98,08/2026,Incumbent,O*NET
51-9071.06,Gem and Diamond Workers,3.A.2,On-Site or In-Plant Training,PT,On-Site Or In-Plant Training (Categories 1-9),5,"Over 6 months, up to and including 1 year",54.04,08/2026,Incumbent,O*NET
51-9071.06,Gem and Diamond Workers,3.A.3,On-the-Job Training,OJ,On-The-Job Training (Categories 1-9),4,"Over 3 months, up to and including 6 months",20.01,08/2026,Incumbent,O*NET
51-9081.00,Dental Laboratory Technicians,3.A.1,Related Work Experience,RW,Related Work Experience (Categories 1-11),6,"Over 1 year, up to and including 2 years",26.2,08/2022,Incumbent,O*NET
51-9081.00,Dental Laboratory Technicians,3.A.2,On-Site or In-Plant Training,PT,On-Site Or In-Plant Training (Categories 1-9),6,"Over 1 year, up to and including 2 years",20.8,08/2022,Incumbent,O*NET
51-9081.00,Dental Laboratory Technicians,3.A.3,On-the-Job Training,OJ,On-The-Job Training (Categories 1-9),5,"Over 6 months, up to and including 1 year",28.47,08/2022,Incumbent,O*NET
51-9082.00,Medical Appliance Technicians,3.A.1,Related Work Experience,RW,Related Work Experience (Categories 1-11),1,,32.86,08/2026,Incumbent,O*NET
51-9082.00,Medical Appliance Technicians,3.A.2,On-Site or In-Plant Training,PT,On-Site Or In-Plant Training (Categories 1-9),2,Up to and including 1 month,38.88,08/2026,Incumbent,O*NET
51-9082.00,Medical Appliance Technicians,3.A.3,On-the-Job Training,OJ,On-The-Job Training (Categories 1-9),3,"Over 1 month, up to and including 3 months",49.54,08/2026,Incumbent,O*NET
51-9083.00,Ophthalmic Laboratory Technicians,3.A.1,Related Work Experience,RW,Related Work Experience (Categories 1-11),6,"Over 1 year, up to and including 2 years",27.06,07/2015,Incumbent,O*NET
51-9083.00,Ophthalmic Laboratory Technicians,3.A.2,On-Site or In-Plant Training,PT,On-Site Or In-Plant Training (Categories 1-9),2,Up to and including 1 month,30.66,07/2015,Incumbent,O*NET
51-9083.00,Ophthalmic Laboratory Technicians,3.A.3,On-the-Job Training,OJ,On-The-Job Training (Categories 1-9),5,"Over 6 months, up to and including 1 year",30.91,07/2015,Incumbent,O*NET
51-9111.00,Packaging and Filling Machine Operators and Tenders,3.A.1,Related Work Experience,RW,Related Work Experience (Categories 1-11),1,,36.64,07/2017,Incumbent,O*NET
51-9111.00,Packaging and Filling Machine Operators and Tenders,3.A.2,On-Site or In-Plant Training,PT,On-Site Or In-Plant Training (Categories 1-9),1,,39.13,07/2017,Incumbent,O*NET
51-9111.00,Packaging and Filling Machine Operators and Tenders,3.A.3,On-the-Job Training,OJ,On-The-Job Training (Categories 1-9),2,"Anything beyond short demonstration, up to and including 1 month",37.27,07/2017,Incumbent,O*NET
51-9123.00,"Painting, Coating, and Decorating Workers",3.A.1,Related Work Experience,RW,Related Work Experience (Categories 1-11),2,Up to and including 1 month,31.42,08/2019,Incumbent,O*NET
51-9123.00,"Painting, Coating, and Decorating Workers",3.A.2,On-Site or In-Plant Training,PT,On-Site Or In-Plant Training (Categories 1-9),1,,57.25,08/2019,Incumbent,O*NET
51-9123.00,"Painting, Coating, and Decorating Workers",3.A.3,On-the-Job Training,OJ,On-The-Job Training (Categories 1-9),2,"Anything beyond short demonstration, up to and including 1 month",40.96,08/2019,Incumbent,O*NET
51-9124.00,"Coating, Painting, and Spraying Machine Setters, Operators, and Tenders",3.A.1,Related Work Experience,RW,Related Work Experience (Categories 1-11),1,,38.58,08/2022,Incumbent,O*NET
51-9124.00,"Coating, Painting, and Spraying Machine Setters, Operators, and Tenders",3.A.2,On-Site or In-Plant Training,PT,On-Site Or In-Plant Training (Categories 1-9),1,,29.21,08/2022,Incumbent,O*NET
51-9124.00,"Coating, Painting, and Spraying Machine Setters, Operators, and Tenders",3.A.3,On-the-Job Training,OJ,On-The-Job Training (Categories 1-9),3,"Over 1 month, up to and including 3 months",15.51,08/2022,Incumbent,O*NET
51-9141.00,Semiconductor Processing Technicians,3.A.1,Related Work Experience,RW,Related Work Experience (Categories 1-11),1,,48.19,12/2006,Incumbent,O*NET
51-9141.00,Semiconductor Processing Technicians,3.A.2,On-Site or In-Plant Training,PT,On-Site Or In-Plant Training (Categories 1-9),4,"Over 3 months, up to and including 6 months",25.06,12/2006,Incumbent,O*NET
51-9141.00,Semiconductor Processing Technicians,3.A.3,On-the-Job Training,OJ,On-The-Job Training (Categories 1-9),5,"Over 6 months, up to and including 1 year",49.03,12/2006,Incumbent,O*NET
51-9151.00,Photographic Process Workers and Processing Machine Operators,3.A.1,Related Work Experience,RW,Related Work Experience (Categories 1-11),1,,43.68,07/2017,Incumbent,O*NET
51-9151.00,Photographic Process Workers and Processing Machine Operators,3.A.2,On-Site or In-Plant Training,PT,On-Site Or In-Plant Training (Categories 1-9),2,Up to and including 1 month,41.39,07/2017,Incumbent,O*NET
51-9151.00,Photographic Process Workers and Processing Machine Operators,3.A.3,On-the-Job Training,OJ,On-The-Job Training (Categories 1-9),3,"Over 1 month, up to and including 3 months",34.14,07/2017,Incumbent,O*NET
51-9161.00,Computer Numerically Controlled Tool Operators,3.A.1,Related Work Experience,RW,Related Work Experience (Categories 1-11),1,,29.44,08/2023,Incumbent,O*NET
51-9161.00,Computer Numerically Controlled Tool Operators,3.A.2,On-Site or In-Plant Training,PT,On-Site Or In-Plant Training (Categories 1-9),5,"Over 6 months, up to and including 1 year",30.65,08/2023,Incumbent,O*NET
51-9161.00,Computer Numerically Controlled Tool Operators,3.A.3,On-the-Job Training,OJ,On-The-Job Training (Categories 1-9),5,"Over 6 months, up to and including 1 year",24.61,08/2023,Incumbent,O*NET
51-9162.00,Computer Numerically Controlled Tool Programmers,3.A.1,Related Work Experience,RW,Related Work Experience (Categories 1-11),7,"Over 2 years, up to and including 4 years",33.88,08/2025,Incumbent,O*NET
51-9162.00,Computer Numerically Controlled Tool Programmers,3.A.2,On-Site or In-Plant Training,PT,On-Site Or In-Plant Training (Categories 1-9),4,"Over 3 months, up to and including 6 months",27.97,08/2025,Incumbent,O*NET
51-9162.00,Computer Numerically Controlled Tool Programmers,3.A.3,On-the-Job Training,OJ,On-The-Job Training (Categories 1-9),3,"Over 1 month, up to and including 3 months",37.73,08/2025,Incumbent,O*NET
51-9191.00,Adhesive Bonding Machine Operators and Tenders,3.A.1,Related Work Experience,RW,Related Work Experience (Categories 1-11),1,,42.69,07/2015,Incumbent,O*NET
51-9191.00,Adhesive Bonding Machine Operators and Tenders,3.A.2,On-Site or In-Plant Training,PT,On-Site Or In-Plant Training (Categories 1-9),1,,23.83,07/2015,Incumbent,O*NET
51-9191.00,Adhesive Bonding Machine Operators and Tenders,3.A.3,On-the-Job Training,OJ,On-The-Job Training (Categories 1-9),5,"Over 6 months, up to and including 1 year",28.48,07/2015,Incumbent,O*NET
51-9192.00,"Cleaning, Washing, and Metal Pickling Equipment Operators and Tenders",3.A.1,Related Work Experience,RW,Related Work Experience (Categories 1-11),4,"Over 3 months, up to and including 6 months",13.55,07/2017,Incumbent,O*NET
51-9192.00,"Cleaning, Washing, and Metal Pickling Equipment Operators and Tenders",3.A.2,On-Site or In-Plant Training,PT,On-Site Or In-Plant Training (Categories 1-9),4,"Over 3 months, up to and including 6 months",14.28,07/2017,Incumbent,O*NET
51-9192.00,"Cleaning, Washing, and Metal Pickling Equipment Operators and Tenders",3.A.3,On-the-Job Training,OJ,On-The-Job Training (Categories 1-9),4,"Over 3 months, up to and including 6 months",13.55,07/2017,Incumbent,O*NET
51-9193.00,Cooling and Freezing Equipment Operators and Tenders,3.A.1,Related Work Experience,RW,Related Work Experience (Categories 1-11),8,"Over 4 years, up to and including 6 years",28.66,07/2017,Incumbent,O*NET
51-9193.00,Cooling and Freezing Equipment Operators and Tenders,3.A.2,On-Site or In-Plant Training,PT,On-Site Or In-Plant Training (Categories 1-9),2,Up to and including 1 month,60.09,07/2017,Incumbent,O*NET
51-9193.00,Cooling and Freezing Equipment Operators and Tenders,3.A.3,On-the-Job Training,OJ,On-The-Job Training (Categories 1-9),3,"Over 1 month, up to and including 3 months",28.79,07/2017,Incumbent,O*NET
51-9194.00,Etchers and Engravers,3.A.1,Related Work Experience,RW,Related Work Experience (Categories 1-11),6,"Over 1 year, up to and including 2 years",26.85,07/2017,Incumbent,O*NET
51-9194.00,Etchers and Engravers,3.A.2,On-Site or In-Plant Training,PT,On-Site Or In-Plant Training (Categories 1-9),6,"Over 1 year, up to and including 2 years",31.31,07/2017,Incumbent,O*NET
51-9194.00,Etchers and Engravers,3.A.3,On-the-Job Training,OJ,On-The-Job Training (Categories 1-9),3,"Over 1 month, up to and including 3 months",34.12,07/2017,Incumbent,O*NET
51-9195.03,"Stone Cutters and Carvers, Manufacturing",3.A.1,Related Work Experience,RW,Related Work Experience (Categories 1-11),6,"Over 1 year, up to and including 2 years",42.86,07/2015,Incumbent,O*NET
51-9195.03,"Stone Cutters and Carvers, Manufacturing",3.A.2,On-Site or In-Plant Training,PT,On-Site Or In-Plant Training (Categories 1-9),2,Up to and including 1 month,38.46,07/2015,Incumbent,O*NET
51-9195.03,"Stone Cutters and Carvers, Manufacturing",3.A.3,On-the-Job Training,OJ,On-The-Job Training (Categories 1-9),3,"Over 1 month, up to and including 3 months",36.26,07/2015,Incumbent,O*NET
51-9195.04,"Glass Blowers, Molders, Benders, and Finishers",3.A.1,Related Work Experience,RW,Related Work Experience (Categories 1-11),7,"Over 2 years, up to and including 4 years",34.78,08/2026,Occupational Expert,O*NET
51-9195.04,"Glass Blowers, Molders, Benders, and Finishers",3.A.2,On-Site or In-Plant Training,PT,On-Site Or In-Plant Training (Categories 1-9),5,"Over 6 months, up to and including 1 year",21.74,08/2026,Occupational Expert,O*NET
51-9195.04,"Glass Blowers, Molders, Benders, and Finishers",3.A.3,On-the-Job Training,OJ,On-The-Job Training (Categories 1-9),6,"Over 1 year, up to and including 2 years",30.43,08/2026,Occupational Expert,O*NET
51-9195.05,"Potters, Manufacturing",3.A.1,Related Work Experience,RW,Related Work Experience (Categories 1-11),8,"Over 4 years, up to and including 6 years",22.45,08/2020,Incumbent,O*NET
51-9195.05,"Potters, Manufacturing",3.A.2,On-Site or In-Plant Training,PT,On-Site Or In-Plant Training (Categories 1-9),5,"Over 6 months, up to and including 1 year",26.6,08/2020,Incumbent,O*NET
51-9195.05,"Potters, Manufacturing",3.A.3,On-the-Job Training,OJ,On-The-Job Training (Categories 1-9),2,"Anything beyond short demonstration, up to and including 1 month",20.06,08/2020,Incumbent,O*NET
51-9196.00,"Paper Goods Machine Setters, Operators, and Tenders",3.A.1,Related Work Experience,RW,Related Work Experience (Categories 1-11),2,Up to and including 1 month,25.42,08/2018,Incumbent,O*NET
51-9196.00,"Paper Goods Machine Setters, Operators, and Tenders",3.A.2,On-Site or In-Plant Training,PT,On-Site Or In-Plant Training (Categories 1-9),2,Up to and including 1 month,31.59,08/2018,Incumbent,O*NET
51-9196.00,"Paper Goods Machine Setters, Operators, and Tenders",3.A.3,On-the-Job Training,OJ,On-The-Job Training (Categories 1-9),2,"Anything beyond short demonstration, up to and including 1 month",23.66,08/2018,Incumbent,O*NET
51-9197.00,Tire Builders,3.A.1,Related Work Experience,RW,Related Work Experience (Categories 1-11),1,,54.65,08/2020,Incumbent,O*NET
51-9197.00,Tire Builders,3.A.2,On-Site or In-Plant Training,PT,On-Site Or In-Plant Training (Categories 1-9),3,"Over 1 month, up to and including 3 months",36.47,08/2020,Incumbent,O*NET
51-9197.00,Tire Builders,3.A.3,On-the-Job Training,OJ,On-The-Job Training (Categories 1-9),3,"Over 1 month, up to and including 3 months",50.16,08/2020,Incumbent,O*NET
51-9198.00,Helpers--Production Workers,3.A.1,Related Work Experience,RW,Related Work Experience (Categories 1-11),1,,44.53,08/2026,Incumbent,O*NET
51-9198.00,Helpers--Production Workers,3.A.2,On-Site or In-Plant Training,PT,On-Site Or In-Plant Training (Categories 1-9),2,Up to and including 1 month,26.51,08/2026,Incumbent,O*NET
51-9198.00,Helpers--Production Workers,3.A.3,On-the-Job Training,OJ,On-The-Job Training (Categories 1-9),3,"Over 1 month, up to and including 3 months",28.55,08/2026,Incumbent,O*NET
53-1041.00,Aircraft Cargo Handling Supervisors,3.A.1,Related Work Experience,RW,Related Work Experience (Categories 1-11),6,"Over 1 year, up to and including 2 years",41.63,07/2016,Incumbent,O*NET
53-1041.00,Aircraft Cargo Handling Supervisors,3.A.2,On-Site or In-Plant Training,PT,On-Site Or In-Plant Training (Categories 1-9),2,Up to and including 1 month,34.41,07/2016,Incumbent,O*NET
53-1041.00,Aircraft Cargo Handling Supervisors,3.A.3,On-the-Job Training,OJ,On-The-Job Training (Categories 1-9),4,"Over 3 months, up to and including 6 months",40.63,07/2016,Incumbent,O*NET
53-1042.00,"First-Line Supervisors of Helpers, Laborers, and Material Movers, Hand",3.A.1,Related Work Experience,RW,Related Work Experience (Categories 1-11),7,"Over 2 years, up to and including 4 years",36.07,08/2024,Incumbent,O*NET
53-1042.00,"First-Line Supervisors of Helpers, Laborers, and Material Movers, Hand",3.A.2,On-Site or In-Plant Training,PT,On-Site Or In-Plant Training (Categories 1-9),5,"Over 6 months, up to and including 1 year",32.06,08/2024,Incumbent,O*NET
53-1042.00,"First-Line Supervisors of Helpers, Laborers, and Material Movers, Hand",3.A.3,On-the-Job Training,OJ,On-The-Job Training (Categories 1-9),2,"Anything beyond short demonstration, up to and including 1 month",27.8,08/2024,Incumbent,O*NET
53-1042.01,Recycling Coordinators,3.A.1,Related Work Experience,RW,Related Work Experience (Categories 1-11),6,"Over 1 year, up to and including 2 years",26.57,07/2014,Incumbent,O*NET
53-1042.01,Recycling Coordinators,3.A.2,On-Site or In-Plant Training,PT,On-Site Or In-Plant Training (Categories 1-9),2,Up to and including 1 month,26.18,07/2014,Incumbent,O*NET
53-1042.01,Recycling Coordinators,3.A.3,On-the-Job Training,OJ,On-The-Job Training (Categories 1-9),3,"Over 1 month, up to and including 3 months",33.26,07/2014,Incumbent,O*NET
53-1043.00,First-Line Supervisors of Material-Moving Machine and Vehicle Operators,3.A.1,Related Work Experience,RW,Related Work Experience (Categories 1-11),11,Over 10 years,22.68,08/2023,Incumbent,O*NET
53-1043.00,First-Line Supervisors of Material-Moving Machine and Vehicle Operators,3.A.2,On-Site or In-Plant Training,PT,On-Site Or In-Plant Training (Categories 1-9),4,"Over 3 months, up to and including 6 months",41.81,08/2023,Incumbent,O*NET
53-1043.00,First-Line Supervisors of Material-Moving Machine and Vehicle Operators,3.A.3,On-the-Job Training,OJ,On-The-Job Training (Categories 1-9),4,"Over 3 months, up to and including 6 months",58.29,08/2023,Incumbent,O*NET
53-1044.00,First-Line Supervisors of Passenger Attendants,3.A.1,Related Work Experience,RW,Related Work Experience (Categories 1-11),6,"Over 1 year, up to and including 2 years",40.68,08/2026,Incumbent,O*NET
53-1044.00,First-Line Supervisors of Passenger Attendants,3.A.2,On-Site or In-Plant Training,PT,On-Site Or In-Plant Training (Categories 1-9),2,Up to and including 1 month,16.84,08/2026,Incumbent,O*NET
53-1044.00,First-Line Supervisors of Passenger Attendants,3.A.3,On-the-Job Training,OJ,On-The-Job Training (Categories 1-9),4,"Over 3 months, up to and including 6 months",13.58,08/2026,Incumbent,O*NET
53-2011.00,"Airline Pilots, Copilots, and Flight Engineers",3.A.1,Related Work Experience,RW,Related Work Experience (Categories 1-11),7,"Over 2 years, up to and including 4 years",32.86,08/2021,Incumbent,O*NET
53-2011.00,"Airline Pilots, Copilots, and Flight Engineers",3.A.2,On-Site or In-Plant Training,PT,On-Site Or In-Plant Training (Categories 1-9),3,"Over 1 month, up to and including 3 months",50.29,08/2021,Incumbent,O*NET
53-2011.00,"Airline Pilots, Copilots, and Flight Engineers",3.A.3,On-the-Job Training,OJ,On-The-Job Training (Categories 1-9),3,"Over 1 month, up to and including 3 months",40.87,08/2021,Incumbent,O*NET
53-2012.00,Commercial Pilots,3.A.1,Related Work Experience,RW,Related Work Experience (Categories 1-11),7,"Over 2 years, up to and including 4 years",60.66,08/2024,Incumbent,O*NET
53-2012.00,Commercial Pilots,3.A.2,On-Site or In-Plant Training,PT,On-Site Or In-Plant Training (Categories 1-9),6,"Over 1 year, up to and including 2 years",18.98,08/2024,Incumbent,O*NET
53-2012.00,Commercial Pilots,3.A.3,On-the-Job Training,OJ,On-The-Job Training (Categories 1-9),5,"Over 6 months, up to and including 1 year",29.85,08/2024,Incumbent,O*NET
53-2021.00,Air Traffic Controllers,3.A.1,Related Work Experience,RW,Related Work Experience (Categories 1-11),1,,42.91,07/2014,Incumbent,O*NET
53-2021.00,Air Traffic Controllers,3.A.2,On-Site or In-Plant Training,PT,On-Site Or In-Plant Training (Categories 1-9),7,"Over 2 years, up to and including 4 years",30.04,07/2014,Incumbent,O*NET
53-2021.00,Air Traffic Controllers,3.A.3,On-the-Job Training,OJ,On-The-Job Training (Categories 1-9),7,"Over 2 years, up to and including 4 years",38.56,07/2014,Incumbent,O*NET
53-2022.00,Airfield Operations Specialists,3.A.1,Related Work Experience,RW,Related Work Experience (Categories 1-11),7,"Over 2 years, up to and including 4 years",25.16,08/2021,Incumbent,O*NET
53-2022.00,Airfield Operations Specialists,3.A.2,On-Site or In-Plant Training,PT,On-Site Or In-Plant Training (Categories 1-9),5,"Over 6 months, up to and including 1 year",21.93,08/2021,Incumbent,O*NET
53-2022.00,Airfield Operations Specialists,3.A.3,On-the-Job Training,OJ,On-The-Job Training (Categories 1-9),5,"Over 6 months, up to and including 1 year",33.52,08/2021,Incumbent,O*NET
53-2031.00,Flight Attendants,3.A.1,Related Work Experience,RW,Related Work Experience (Categories 1-11),1,,48.77,08/2021,Incumbent,O*NET
53-2031.00,Flight Attendants,3.A.2,On-Site or In-Plant Training,PT,On-Site Or In-Plant Training (Categories 1-9),3,"Over 1 month, up to and including 3 months",59.76,08/2021,Incumbent,O*NET
53-2031.00,Flight Attendants,3.A.3,On-the-Job Training,OJ,On-The-Job Training (Categories 1-9),2,"Anything beyond short demonstration, up to and including 1 month",47.44,08/2021,Incumbent,O*NET
53-3011.00,"Ambulance Drivers and Attendants, Except Emergency Medical Technicians",3.A.1,Related Work Experience,RW,Related Work Experience (Categories 1-11),1,,47.98,08/2026,Incumbent,O*NET
53-3011.00,"Ambulance Drivers and Attendants, Except Emergency Medical Technicians",3.A.2,On-Site or In-Plant Training,PT,On-Site Or In-Plant Training (Categories 1-9),2,Up to and including 1 month,50.7,08/2026,Incumbent,O*NET
53-3011.00,"Ambulance Drivers and Attendants, Except Emergency Medical Technicians",3.A.3,On-the-Job Training,OJ,On-The-Job Training (Categories 1-9),2,"Anything beyond short demonstration, up to and including 1 month",47.12,08/2026,Incumbent,O*NET
53-3031.00,Driver/Sales Workers,3.A.1,Related Work Experience,RW,Related Work Experience (Categories 1-11),1,,43.48,08/2020,Incumbent,O*NET
53-3031.00,Driver/Sales Workers,3.A.2,On-Site or In-Plant Training,PT,On-Site Or In-Plant Training (Categories 1-9),3,"Over 1 month, up to and including 3 months",23.19,08/2020,Incumbent,O*NET
53-3031.00,Driver/Sales Workers,3.A.3,On-the-Job Training,OJ,On-The-Job Training (Categories 1-9),3,"Over 1 month, up to and including 3 months",34.23,08/2020,Incumbent,O*NET
53-3032.00,Heavy and Tractor-Trailer Truck Drivers,3.A.1,Related Work Experience,RW,Related Work Experience (Categories 1-11),6,"Over 1 year, up to and including 2 years",39.01,08/2022,Incumbent,O*NET
53-3032.00,Heavy and Tractor-Trailer Truck Drivers,3.A.2,On-Site or In-Plant Training,PT,On-Site Or In-Plant Training (Categories 1-9),2,Up to and including 1 month,54.8,08/2022,Incumbent,O*NET
53-3032.00,Heavy and Tractor-Trailer Truck Drivers,3.A.3,On-the-Job Training,OJ,On-The-Job Training (Categories 1-9),2,"Anything beyond short demonstration, up to and including 1 month",42.57,08/2022,Incumbent,O*NET
53-3033.00,Light Truck Drivers,3.A.1,Related Work Experience,RW,Related Work Experience (Categories 1-11),5,"Over 6 months, up to and including 1 year",21.84,08/2023,Incumbent,O*NET
53-3033.00,Light Truck Drivers,3.A.2,On-Site or In-Plant Training,PT,On-Site Or In-Plant Training (Categories 1-9),5,"Over 6 months, up to and including 1 year",6.38,08/2023,Incumbent,O*NET
53-3033.00,Light Truck Drivers,3.A.3,On-the-Job Training,OJ,On-The-Job Training (Categories 1-9),4,"Over 3 months, up to and including 6 months",10.35,08/2023,Incumbent,O*NET
53-3051.00,"Bus Drivers, School",3.A.1,Related Work Experience,RW,Related Work Experience (Categories 1-11),1,,33.65,08/2025,Incumbent,O*NET
53-3051.00,"Bus Drivers, School",3.A.2,On-Site or In-Plant Training,PT,On-Site Or In-Plant Training (Categories 1-9),2,Up to and including 1 month,51.06,08/2025,Incumbent,O*NET
53-3051.00,"Bus Drivers, School",3.A.3,On-the-Job Training,OJ,On-The-Job Training (Categories 1-9),3,"Over 1 month, up to and including 3 months",42.85,08/2025,Incumbent,O*NET
53-3052.00,"Bus Drivers, Transit and Intercity",3.A.1,Related Work Experience,RW,Related Work Experience (Categories 1-11),1,,37.85,08/2018,Incumbent,O*NET
53-3052.00,"Bus Drivers, Transit and Intercity",3.A.2,On-Site or In-Plant Training,PT,On-Site Or In-Plant Training (Categories 1-9),3,"Over 1 month, up to and including 3 months",59.51,08/2018,Incumbent,O*NET
53-3052.00,"Bus Drivers, Transit and Intercity",3.A.3,On-the-Job Training,OJ,On-The-Job Training (Categories 1-9),3,"Over 1 month, up to and including 3 months",60.72,08/2018,Incumbent,O*NET
53-3053.00,Shuttle Drivers and Chauffeurs,3.A.1,Related Work Experience,RW,Related Work Experience (Categories 1-11),7,"Over 2 years, up to and including 4 years",28.04,08/2025,Incumbent,O*NET
53-3053.00,Shuttle Drivers and Chauffeurs,3.A.2,On-Site or In-Plant Training,PT,On-Site Or In-Plant Training (Categories 1-9),9,Over 10 years,20.43,08/2025,Incumbent,O*NET
53-3053.00,Shuttle Drivers and Chauffeurs,3.A.3,On-the-Job Training,OJ,On-The-Job Training (Categories 1-9),2,"Anything beyond short demonstration, up to and including 1 month",37.98,08/2025,Incumbent,O*NET
53-4011.00,Locomotive Engineers,3.A.1,Related Work Experience,RW,Related Work Experience (Categories 1-11),1,,46.55,08/2026,Incumbent,O*NET
53-4011.00,Locomotive Engineers,3.A.2,On-Site or In-Plant Training,PT,On-Site Or In-Plant Training (Categories 1-9),4,"Over 3 months, up to and including 6 months",46.12,08/2026,Incumbent,O*NET
53-4011.00,Locomotive Engineers,3.A.3,On-the-Job Training,OJ,On-The-Job Training (Categories 1-9),3,"Over 1 month, up to and including 3 months",48.2,08/2026,Incumbent,O*NET
53-4013.00,"Rail Yard Engineers, Dinkey Operators, and Hostlers",3.A.1,Related Work Experience,RW,Related Work Experience (Categories 1-11),1,,75.03,08/2021,Incumbent,O*NET
53-4013.00,"Rail Yard Engineers, Dinkey Operators, and Hostlers",3.A.2,On-Site or In-Plant Training,PT,On-Site Or In-Plant Training (Categories 1-9),5,"Over 6 months, up to and including 1 year",42.24,08/2021,Incumbent,O*NET
53-4013.00,"Rail Yard Engineers, Dinkey Operators, and Hostlers",3.A.3,On-the-Job Training,OJ,On-The-Job Training (Categories 1-9),5,"Over 6 months, up to and including 1 year",62.05,08/2021,Incumbent,O*NET
53-4022.00,"Railroad Brake, Signal, and Switch Operators and Locomotive Firers",3.A.1,Related Work Experience,RW,Related Work Experience (Categories 1-11),6,"Over 1 year, up to and including 2 years",26.49,08/2026,Incumbent,O*NET
53-4022.00,"Railroad Brake, Signal, and Switch Operators and Locomotive Firers",3.A.2,On-Site or In-Plant Training,PT,On-Site Or In-Plant Training (Categories 1-9),4,"Over 3 months, up to and including 6 months",39.79,08/2026,Incumbent,O*NET
53-4022.00,"Railroad Brake, Signal, and Switch Operators and Locomotive Firers",3.A.3,On-the-Job Training,OJ,On-The-Job Training (Categories 1-9),4,"Over 3 months, up to and including 6 months",39.79,08/2026,Incumbent,O*NET
53-4031.00,Railroad Conductors and Yardmasters,3.A.1,Related Work Experience,RW,Related Work Experience (Categories 1-11),1,,69.79,07/2013,Incumbent,O*NET
53-4031.00,Railroad Conductors and Yardmasters,3.A.2,On-Site or In-Plant Training,PT,On-Site Or In-Plant Training (Categories 1-9),4,"Over 3 months, up to and including 6 months",40.81,07/2013,Incumbent,O*NET
53-4031.00,Railroad Conductors and Yardmasters,3.A.3,On-the-Job Training,OJ,On-The-Job Training (Categories 1-9),4,"Over 3 months, up to and including 6 months",38.44,07/2013,Incumbent,O*NET
53-4041.00,Subway and Streetcar Operators,3.A.1,Related Work Experience,RW,Related Work Experience (Categories 1-11),1,,50.97,08/2021,Incumbent,O*NET
53-4041.00,Subway and Streetcar Operators,3.A.2,On-Site or In-Plant Training,PT,On-Site Or In-Plant Training (Categories 1-9),3,"Over 1 month, up to and including 3 months",42.87,08/2021,Incumbent,O*NET
53-4041.00,Subway and Streetcar Operators,3.A.3,On-the-Job Training,OJ,On-The-Job Training (Categories 1-9),3,"Over 1 month, up to and including 3 months",60.28,08/2021,Incumbent,O*NET
53-5011.00,Sailors and Marine Oilers,3.A.1,Related Work Experience,RW,Related Work Experience (Categories 1-11),1,,34.0,08/2026,Incumbent,O*NET
53-5011.00,Sailors and Marine Oilers,3.A.2,On-Site or In-Plant Training,PT,On-Site Or In-Plant Training (Categories 1-9),4,"Over 3 months, up to and including 6 months",44.54,08/2026,Incumbent,O*NET
53-5011.00,Sailors and Marine Oilers,3.A.3,On-the-Job Training,OJ,On-The-Job Training (Categories 1-9),5,"Over 6 months, up to and including 1 year",30.87,08/2026,Incumbent,O*NET
53-5021.00,"Captains, Mates, and Pilots of Water Vessels",3.A.1,Related Work Experience,RW,Related Work Experience (Categories 1-11),7,"Over 2 years, up to and including 4 years",39.21,08/2022,Incumbent,O*NET
53-5021.00,"Captains, Mates, and Pilots of Water Vessels",3.A.2,On-Site or In-Plant Training,PT,On-Site Or In-Plant Training (Categories 1-9),7,"Over 2 years, up to and including 4 years",21.37,08/2022,Incumbent,O*NET
53-5021.00,"Captains, Mates, and Pilots of Water Vessels",3.A.3,On-the-Job Training,OJ,On-The-Job Training (Categories 1-9),7,"Over 2 years, up to and including 4 years",32.49,08/2022,Incumbent,O*NET
53-5022.00,Motorboat Operators,3.A.1,Related Work Experience,RW,Related Work Experience (Categories 1-11),1,,37.42,08/2023,Incumbent,O*NET
53-5022.00,Motorboat Operators,3.A.2,On-Site or In-Plant Training,PT,On-Site Or In-Plant Training (Categories 1-9),1,,32.5,08/2023,Incumbent,O*NET
53-5022.00,Motorboat Operators,3.A.3,On-the-Job Training,OJ,On-The-Job Training (Categories 1-9),1,None or short demonstration,23.89,08/2023,Incumbent,O*NET
53-5031.00,Ship Engineers,3.A.1,Related Work Experience,RW,Related Work Experience (Categories 1-11),6,"Over 1 year, up to and including 2 years",44.84,08/2024,Incumbent,O*NET
53-5031.00,Ship Engineers,3.A.2,On-Site or In-Plant Training,PT,On-Site Or In-Plant Training (Categories 1-9),5,"Over 6 months, up to and including 1 year",29.37,08/2024,Incumbent,O*NET
53-5031.00,Ship Engineers,3.A.3,On-the-Job Training,OJ,On-The-Job Training (Categories 1-9),3,"Over 1 month, up to and including 3 months",16.66,08/2024,Incumbent,O*NET
53-6011.00,Bridge and Lock Tenders,3.A.1,Related Work Experience,RW,Related Work Experience (Categories 1-11),1,,40.0,08/2020,Occupational Expert,O*NET
53-6011.00,Bridge and Lock Tenders,3.A.2,On-Site or In-Plant Training,PT,On-Site Or In-Plant Training (Categories 1-9),3,"Over 1 month, up to and including 3 months",30.0,08/2020,Occupational Expert,O*NET
53-6011.00,Bridge and Lock Tenders,3.A.3,On-the-Job Training,OJ,On-The-Job Training (Categories 1-9),5,"Over 6 months, up to and including 1 year",35.0,08/2020,Occupational Expert,O*NET
53-6021.00,Parking Attendants,3.A.1,Related Work Experience,RW,Related Work Experience (Categories 1-11),1,,46.84,07/2015,Incumbent,O*NET
53-6021.00,Parking Attendants,3.A.2,On-Site or In-Plant Training,PT,On-Site Or In-Plant Training (Categories 1-9),2,Up to and including 1 month,50.28,07/2015,Incumbent,O*NET
53-6021.00,Parking Attendants,3.A.3,On-the-Job Training,OJ,On-The-Job Training (Categories 1-9),2,"Anything beyond short demonstration, up to and including 1 month",74.94,07/2015,Incumbent,O*NET
53-6031.00,Automotive and Watercraft Service Attendants,3.A.1,Related Work Experience,RW,Related Work Experience (Categories 1-11),6,"Over 1 year, up to and including 2 years",25.45,07/2016,Incumbent,O*NET
53-6031.00,Automotive and Watercraft Service Attendants,3.A.2,On-Site or In-Plant Training,PT,On-Site Or In-Plant Training (Categories 1-9),2,Up to and including 1 month,30.62,07/2016,Incumbent,O*NET
53-6031.00,Automotive and Watercraft Service Attendants,3.A.3,On-the-Job Training,OJ,On-The-Job Training (Categories 1-9),3,"Over 1 month, up to and including 3 months",25.12,07/2016,Incumbent,O*NET
53-6032.00,Aircraft Service Attendants,3.A.1,Related Work Experience,RW,Related Work Experience (Categories 1-11),1,,89.05,08/2026,Incumbent,O*NET
53-6032.00,Aircraft Service Attendants,3.A.2,On-Site or In-Plant Training,PT,On-Site Or In-Plant Training (Categories 1-9),5,"Over 6 months, up to and including 1 year",22.99,08/2026,Incumbent,O*NET
53-6032.00,Aircraft Service Attendants,3.A.3,On-the-Job Training,OJ,On-The-Job Training (Categories 1-9),6,"Over 1 year, up to and including 2 years",1.09,08/2026,Incumbent,O*NET
53-6041.00,Traffic Technicians,3.A.1,Related Work Experience,RW,Related Work Experience (Categories 1-11),7,"Over 2 years, up to and including 4 years",43.18,07/2016,Incumbent,O*NET
53-6041.00,Traffic Technicians,3.A.2,On-Site or In-Plant Training,PT,On-Site Or In-Plant Training (Categories 1-9),3,"Over 1 month, up to and including 3 months",34.92,07/2016,Incumbent,O*NET
53-6041.00,Traffic Technicians,3.A.3,On-the-Job Training,OJ,On-The-Job Training (Categories 1-9),5,"Over 6 months, up to and including 1 year",39.55,07/2016,Incumbent,O*NET
53-6051.01,Aviation Inspectors,3.A.1,Related Work Experience,RW,Related Work Experience (Categories 1-11),7,"Over 2 years, up to and including 4 years",38.65,08/2021,Incumbent,O*NET
53-6051.01,Aviation Inspectors,3.A.2,On-Site or In-Plant Training,PT,On-Site Or In-Plant Training (Categories 1-9),5,"Over 6 months, up to and including 1 year",35.31,08/2021,Incumbent,O*NET
53-6051.01,Aviation Inspectors,3.A.3,On-the-Job Training,OJ,On-The-Job Training (Categories 1-9),8,"Over 4 years, up to and including 10 years",35.47,08/2021,Incumbent,O*NET
53-6051.07,"Transportation Vehicle, Equipment and Systems Inspectors, Except Aviation",3.A.1,Related Work Experience,RW,Related Work Experience (Categories 1-11),6,"Over 1 year, up to and including 2 years",31.73,07/2015,Incumbent,O*NET
53-6051.07,"Transportation Vehicle, Equipment and Systems Inspectors, Except Aviation",3.A.2,On-Site or In-Plant Training,PT,On-Site Or In-Plant Training (Categories 1-9),2,Up to and including 1 month,28.83,07/2015,Incumbent,O*NET
53-6051.07,"Transportation Vehicle, Equipment and Systems Inspectors, Except Aviation",3.A.3,On-the-Job Training,OJ,On-The-Job Training (Categories 1-9),2,"Anything beyond short demonstration, up to and including 1 month",42.85,07/2015,Incumbent,O*NET
53-6061.00,Passenger Attendants,3.A.1,Related Work Experience,RW,Related Work Experience (Categories 1-11),1,,73.82,08/2026,Incumbent,O*NET
53-6061.00,Passenger Attendants,3.A.2,On-Site or In-Plant Training,PT,On-Site Or In-Plant Training (Categories 1-9),1,,0.18,08/2026,Incumbent,O*NET
53-6061.00,Passenger Attendants,3.A.3,On-the-Job Training,OJ,On-The-Job Training (Categories 1-9),1,None or short demonstration,7.41,08/2026,Incumbent,O*NET
53-7011.00,Conveyor Operators and Tenders,3.A.1,Related Work Experience,RW,Related Work Experience (Categories 1-11),1,,54.18,07/2017,Incumbent,O*NET
53-7011.00,Conveyor Operators and Tenders,3.A.2,On-Site or In-Plant Training,PT,On-Site Or In-Plant Training (Categories 1-9),1,,5.24,07/2017,Incumbent,O*NET
53-7011.00,Conveyor Operators and Tenders,3.A.3,On-the-Job Training,OJ,On-The-Job Training (Categories 1-9),3,"Over 1 month, up to and including 3 months",16.47,07/2017,Incumbent,O*NET
53-7021.00,Crane and Tower Operators,3.A.1,Related Work Experience,RW,Related Work Experience (Categories 1-11),7,"Over 2 years, up to and including 4 years",20.96,07/2015,Incumbent,O*NET
53-7021.00,Crane and Tower Operators,3.A.2,On-Site or In-Plant Training,PT,On-Site Or In-Plant Training (Categories 1-9),3,"Over 1 month, up to and including 3 months",27.38,07/2015,Incumbent,O*NET
53-7021.00,Crane and Tower Operators,3.A.3,On-the-Job Training,OJ,On-The-Job Training (Categories 1-9),3,"Over 1 month, up to and including 3 months",26.99,07/2015,Incumbent,O*NET
53-7031.00,Dredge Operators,3.A.1,Related Work Experience,RW,Related Work Experience (Categories 1-11),6,"Over 1 year, up to and including 2 years",8.85,06/2008,Incumbent,O*NET
53-7031.00,Dredge Operators,3.A.2,On-Site or In-Plant Training,PT,On-Site Or In-Plant Training (Categories 1-9),2,Up to and including 1 month,8.77,06/2008,Incumbent,O*NET
53-7031.00,Dredge Operators,3.A.3,On-the-Job Training,OJ,On-The-Job Training (Categories 1-9),2,"Anything beyond short demonstration, up to and including 1 month",10.51,06/2008,Incumbent,O*NET
53-7041.00,Hoist and Winch Operators,3.A.1,Related Work Experience,RW,Related Work Experience (Categories 1-11),4,"Over 3 months, up to and including 6 months",26.75,08/2026,Incumbent,O*NET
53-7041.00,Hoist and Winch Operators,3.A.2,On-Site or In-Plant Training,PT,On-Site Or In-Plant Training (Categories 1-9),7,"Over 2 years, up to and including 4 years",13.95,08/2026,Incumbent,O*NET
53-7041.00,Hoist and Winch Operators,3.A.3,On-the-Job Training,OJ,On-The-Job Training (Categories 1-9),7,"Over 2 years, up to and including 4 years",13.95,08/2026,Incumbent,O*NET
53-7051.00,Industrial Truck and Tractor Operators,3.A.1,Related Work Experience,RW,Related Work Experience (Categories 1-11),7,"Over 2 years, up to and including 4 years",44.05,08/2021,Incumbent,O*NET
53-7051.00,Industrial Truck and Tractor Operators,3.A.2,On-Site or In-Plant Training,PT,On-Site Or In-Plant Training (Categories 1-9),4,"Over 3 months, up to and including 6 months",46.34,08/2021,Incumbent,O*NET
53-7051.00,Industrial Truck and Tractor Operators,3.A.3,On-the-Job Training,OJ,On-The-Job Training (Categories 1-9),3,"Over 1 month, up to and including 3 months",53.68,08/2021,Incumbent,O*NET
53-7061.00,Cleaners of Vehicles and Equipment,3.A.1,Related Work Experience,RW,Related Work Experience (Categories 1-11),1,,42.27,08/2022,Incumbent,O*NET
53-7061.00,Cleaners of Vehicles and Equipment,3.A.2,On-Site or In-Plant Training,PT,On-Site Or In-Plant Training (Categories 1-9),3,"Over 1 month, up to and including 3 months",54.57,08/2022,Incumbent,O*NET
53-7061.00,Cleaners of Vehicles and Equipment,3.A.3,On-the-Job Training,OJ,On-The-Job Training (Categories 1-9),3,"Over 1 month, up to and including 3 months",39.31,08/2022,Incumbent,O*NET
53-7062.00,"Laborers and Freight, Stock, and Material Movers, Hand",3.A.1,Related Work Experience,RW,Related Work Experience (Categories 1-11),1,,52.87,08/2024,Incumbent,O*NET
53-7062.00,"Laborers and Freight, Stock, and Material Movers, Hand",3.A.2,On-Site or In-Plant Training,PT,On-Site Or In-Plant Training (Categories 1-9),2,Up to and including 1 month,48.29,08/2024,Incumbent,O*NET
53-7062.00,"Laborers and Freight, Stock, and Material Movers, Hand",3.A.3,On-the-Job Training,OJ,On-The-Job Training (Categories 1-9),1,None or short demonstration,12.34,08/2024,Incumbent,O*NET
53-7062.04,Recycling and Reclamation Workers,3.A.1,Related Work Experience,RW,Related Work Experience (Categories 1-11),5,"Over 6 months, up to and including 1 year",29.71,07/2012,Incumbent,O*NET
53-7062.04,Recycling and Reclamation Workers,3.A.2,On-Site or In-Plant Training,PT,On-Site Or In-Plant Training (Categories 1-9),5,"Over 6 months, up to and including 1 year",21.02,07/2012,Incumbent,O*NET
53-7062.04,Recycling and Reclamation Workers,3.A.3,On-the-Job Training,OJ,On-The-Job Training (Categories 1-9),2,"Anything beyond short demonstration, up to and including 1 month",35.53,07/2012,Incumbent,O*NET
53-7063.00,Machine Feeders and Offbearers,3.A.1,Related Work Experience,RW,Related Work Experience (Categories 1-11),1,,32.49,07/2016,Incumbent,O*NET
53-7063.00,Machine Feeders and Offbearers,3.A.2,On-Site or In-Plant Training,PT,On-Site Or In-Plant Training (Categories 1-9),3,"Over 1 month, up to and including 3 months",24.44,07/2016,Incumbent,O*NET
53-7063.00,Machine Feeders and Offbearers,3.A.3,On-the-Job Training,OJ,On-The-Job Training (Categories 1-9),3,"Over 1 month, up to and including 3 months",35.57,07/2016,Incumbent,O*NET
53-7064.00,"Packers and Packagers, Hand",3.A.1,Related Work Experience,RW,Related Work Experience (Categories 1-11),1,,59.63,08/2020,Incumbent,O*NET
53-7064.00,"Packers and Packagers, Hand",3.A.2,On-Site or In-Plant Training,PT,On-Site Or In-Plant Training (Categories 1-9),1,,58.01,08/2020,Incumbent,O*NET
53-7064.00,"Packers and Packagers, Hand",3.A.3,On-the-Job Training,OJ,On-The-Job Training (Categories 1-9),3,"Over 1 month, up to and including 3 months",32.27,08/2020,Incumbent,O*NET
53-7065.00,Stockers and Order Fillers,3.A.1,Related Work Experience,RW,Related Work Experience (Categories 1-11),1,,38.12,08/2026,Incumbent,O*NET
53-7065.00,Stockers and Order Fillers,3.A.2,On-Site or In-Plant Training,PT,On-Site Or In-Plant Training (Categories 1-9),5,"Over 6 months, up to and including 1 year",18.36,08/2026,Incumbent,O*NET
53-7065.00,Stockers and Order Fillers,3.A.3,On-the-Job Training,OJ,On-The-Job Training (Categories 1-9),2,"Anything beyond short demonstration, up to and including 1 month",39.56,08/2026,Incumbent,O*NET
53-7071.00,Gas Compressor and Gas Pumping Station Operators,3.A.1,Related Work Experience,RW,Related Work Experience (Categories 1-11),7,"Over 2 years, up to and including 4 years",36.92,07/2017,Incumbent,O*NET
53-7071.00,Gas Compressor and Gas Pumping Station Operators,3.A.2,On-Site or In-Plant Training,PT,On-Site Or In-Plant Training (Categories 1-9),2,Up to and including 1 month,31.83,07/2017,Incumbent,O*NET
53-7071.00,Gas Compressor and Gas Pumping Station Operators,3.A.3,On-the-Job Training,OJ,On-The-Job Training (Categories 1-9),4,"Over 3 months, up to and including 6 months",43.55,07/2017,Incumbent,O*NET
53-7072.00,"Pump Operators, Except Wellhead Pumpers",3.A.1,Related Work Experience,RW,Related Work Experience (Categories 1-11),7,"Over 2 years, up to and including 4 years",17.59,08/2021,Incumbent,O*NET
53-7072.00,"Pump Operators, Except Wellhead Pumpers",3.A.2,On-Site or In-Plant Training,PT,On-Site Or In-Plant Training (Categories 1-9),7,"Over 2 years, up to and including 4 years",17.33,08/2021,Incumbent,O*NET
53-7072.00,"Pump Operators, Except Wellhead Pumpers",3.A.3,On-the-Job Training,OJ,On-The-Job Training (Categories 1-9),5,"Over 6 months, up to and including 1 year",21.67,08/2021,Incumbent,O*NET
53-7073.00,Wellhead Pumpers,3.A.1,Related Work Experience,RW,Related Work Experience (Categories 1-11),4,"Over 3 months, up to and including 6 months",14.61,08/2019,Incumbent,O*NET
53-7073.00,Wellhead Pumpers,3.A.2,On-Site or In-Plant Training,PT,On-Site Or In-Plant Training (Categories 1-9),2,Up to and including 1 month,34.7,08/2019,Incumbent,O*NET
53-7073.00,Wellhead Pumpers,3.A.3,On-the-Job Training,OJ,On-The-Job Training (Categories 1-9),3,"Over 1 month, up to and including 3 months",25.26,08/2019,Incumbent,O*NET
53-7081.00,Refuse and Recyclable Material Collectors,3.A.1,Related Work Experience,RW,Related Work Experience (Categories 1-11),3,"Over 1 month, up to and including 3 months",15.39,08/2023,Incumbent,O*NET
53-7081.00,Refuse and Recyclable Material Collectors,3.A.2,On-Site or In-Plant Training,PT,On-Site Or In-Plant Training (Categories 1-9),2,Up to and including 1 month,81.22,08/2023,Incumbent,O*NET
53-7081.00,Refuse and Recyclable Material Collectors,3.A.3,On-the-Job Training,OJ,On-The-Job Training (Categories 1-9),2,"Anything beyond short demonstration, up to and including 1 month",68.6,08/2023,Incumbent,O*NET
53-7121.00,"Tank Car, Truck, and Ship Loaders",3.A.1,Related Work Experience,RW,Related Work Experience (Categories 1-11),1,,35.93,08/2019,Incumbent,O*NET
53-7121.00,"Tank Car, Truck, and Ship Loaders",3.A.2,On-Site or In-Plant Training,PT,On-Site Or In-Plant Training (Categories 1-9),5,"Over 6 months, up to and including 1 year",22.27,08/2019,Incumbent,O*NET
53-7121.00,"Tank Car, Truck, and Ship Loaders",3.A.3,On-the-Job Training,OJ,On-The-Job Training (Categories 1-9),5,"Over 6 months, up to and including 1 year",27.84,08/2019,Incumbent,O*NET
