osca_level,osca_code,occupation_name,employment_in_main_job,full_time_pct,part_time_pct,high_proportion_away_from_work,median_age,male_pct,female_pct,gender_segregation_intensity,indigenous_pct,main_employing_industry
4-digit,1111,Corporate Services Managers,10000,0.844,0.156,No,46,0.434,0.566,Gender balanced,0.014,"Professional, Scientific and Technical Services"
4-digit,1112,Finance Managers,64500,0.851,0.149,No,46,0.506,0.494,Gender balanced,0.005,Financial and Insurance Services
4-digit,1113,Human Resources Managers,44800,0.844,0.156,No,44,0.332,0.668,Moderately female dominated,0.015,Public Administration and Safety
4-digit,1114,Policy and Planning Managers,58700,0.856,0.144,No,44,0.423,0.577,Gender balanced,0.022,Public Administration and Safety
4-digit,1115,Research and Development Managers,19800,0.845,0.155,No,44,0.518,0.482,Gender balanced,0.01,"Professional, Scientific and Technical Services"
4-digit,1116,Workplace Compliance Managers,26600,0.87,0.13,No,44,0.487,0.513,Gender balanced,0.01,Manufacturing
4-digit,1121,Business Promotion Managers,142500,0.867,0.133,No,43,0.609,0.391,Moderately male dominated,0.007,"Professional, Scientific and Technical Services"
4-digit,1122,Communications Managers (Public Relations),11200,0.841,0.16,No,41,0.277,0.723,Moderately female dominated,0.015,Public Administration and Safety
4-digit,1131,Chief Information and Chief Information Security Officers,6800,0.968,0.032,No,45,0.879,0.122,Highly male dominated,0.003,"Professional, Scientific and Technical Services"
4-digit,1132,ICT Managers,67500,0.931,0.069,No,44,0.758,0.242,Highly male dominated,0.004,"Professional, Scientific and Technical Services"
4-digit,1211,Chief Executives and Managing Directors,97500,0.834,0.166,No,51,0.756,0.244,Highly male dominated,0.014,"Professional, Scientific and Technical Services"
4-digit,1212,General Managers and Defence Force Senior Officers,70500,0.859,0.141,No,47,0.681,0.319,Moderately male dominated,0.012,Health Care and Social Assistance
4-digit,1213,Legislators,2400,0.692,0.309,No,53,0.528,0.473,Gender balanced,0.066,Public Administration and Safety
4-digit,1311,Construction Project Managers,66800,0.899,0.101,No,42,0.864,0.136,Highly male dominated,0.011,Construction
4-digit,1312,Engineering Managers,22600,0.938,0.062,No,45,0.897,0.103,Highly male dominated,0.005,"Professional, Scientific and Technical Services"
4-digit,1313,Project Builders,46600,0.82,0.18,No,45,0.962,0.039,Almost completely male dominated,0.018,Construction
4-digit,1314,Property Developers,4800,0.813,0.188,No,43,0.778,0.221,Highly male dominated,0.006,"Rental, Hiring and Real Estate Services"
4-digit,1319,Other Construction and Engineering Managers,4300,0.946,0.056,No,31,0.86,0.14,Highly male dominated,0.008,Construction
4-digit,1321,Manufacturers,15200,0.739,0.261,No,47,0.735,0.266,Moderately male dominated,0.017,Manufacturing
4-digit,1322,Production Managers,49700,0.916,0.084,No,46,0.828,0.172,Highly male dominated,0.013,Manufacturing
4-digit,1331,"Importers, Exporters and Wholesalers",12900,0.74,0.261,No,49,0.733,0.267,Moderately male dominated,0.007,Wholesale Trade
4-digit,1332,Procurement Managers,12100,0.905,0.095,No,45,0.634,0.366,Moderately male dominated,0.007,Manufacturing
4-digit,1333,Supply and Distribution Managers,39500,0.921,0.079,No,44,0.773,0.227,Highly male dominated,0.012,"Transport, Postal and Warehousing"
4-digit,1411,Assistant School Principals and School Principals,24700,0.952,0.048,No,49,0.35,0.65,Moderately female dominated,0.017,Education and Training
4-digit,1412,Children's Education and Care Service Directors,14700,0.738,0.262,No,40,0.073,0.926,Almost completely female dominated,0.023,Health Care and Social Assistance
4-digit,1413,Health and Welfare Service Managers,25100,0.853,0.147,No,47,0.254,0.747,Moderately female dominated,0.025,Health Care and Social Assistance
4-digit,1414,Other Education Managers,10900,0.855,0.145,No,49,0.373,0.627,Moderately female dominated,0.018,Education and Training
4-digit,1491,"Arts, Culture and Sports Administrators",6200,0.727,0.274,No,44,0.424,0.576,Gender balanced,0.016,Arts and Recreation Services
4-digit,1492,Commissioned Officers (Management),14400,0.914,0.086,No,44,0.811,0.189,Highly male dominated,0.015,Public Administration and Safety
4-digit,1493,Scientific and Environmental Managers,7700,0.874,0.125,No,45,0.581,0.419,Gender balanced,0.012,Public Administration and Safety
4-digit,1494,Senior Non-commissioned Defence Force Members,4200,0.898,0.101,No,44,0.838,0.163,Highly male dominated,0.025,Public Administration and Safety
4-digit,1499,Other Specialist Managers,14600,0.902,0.098,No,44,0.605,0.395,Moderately male dominated,0.012,Financial and Insurance Services
4-digit,1511,Broadacre Crop Growers,8600,0.814,0.186,No,55,0.803,0.198,Highly male dominated,0.007,"Agriculture, Forestry and Fishing"
4-digit,1512,Horticultural Crop Growers,17100,0.72,0.28,No,51,0.711,0.289,Moderately male dominated,0.009,"Agriculture, Forestry and Fishing"
4-digit,1513,Mixed Production and Aquaculture Farmers,24500,0.811,0.189,No,56,0.738,0.262,Moderately male dominated,0.011,"Agriculture, Forestry and Fishing"
4-digit,1521,Beef Cattle Farmers,24300,0.709,0.29,No,62,0.676,0.324,Moderately male dominated,0.01,"Agriculture, Forestry and Fishing"
4-digit,1522,Dairy Cattle Farmers,7400,0.833,0.167,No,48,0.675,0.324,Moderately male dominated,0.014,"Agriculture, Forestry and Fishing"
4-digit,1523,Mixed Cattle and Sheep Farmers,2000,0.802,0.199,No,60,0.713,0.288,Moderately male dominated,0.007,"Agriculture, Forestry and Fishing"
4-digit,1524,Sheep Farmers,8200,0.736,0.265,No,60,0.704,0.296,Moderately male dominated,0.009,"Agriculture, Forestry and Fishing"
4-digit,1529,Other Livestock Farmers,5700,0.757,0.244,No,50,0.669,0.33,Moderately male dominated,0.018,"Agriculture, Forestry and Fishing"
4-digit,1611,Accommodation Service Managers,2100,0.68,0.324,Yes,39,0.452,0.548,Gender balanced,0.012,Accommodation and Food Services
4-digit,1612,"Cafe, Restaurant and Catering Managers",101800,0.68,0.32,No,40,0.484,0.516,Gender balanced,0.013,Accommodation and Food Services
4-digit,1613,"Entertainment, Fitness and Sports Venue Managers",14100,0.601,0.4,Yes,36,0.522,0.479,Gender balanced,0.014,Arts and Recreation Services
4-digit,1614,Hotel and Motel Managers,18300,0.734,0.266,Yes,44,0.557,0.443,Gender balanced,0.017,Accommodation and Food Services
4-digit,1615,Licensed Club Managers,4400,0.652,0.349,Yes,43,0.526,0.474,Gender balanced,0.023,Accommodation and Food Services
4-digit,1616,Senior Chefs,11100,0.717,0.283,Yes,36,0.77,0.23,Highly male dominated,0.014,Accommodation and Food Services
4-digit,1619,"Other Hospitality, Tourism and Venue Managers",12200,0.633,0.367,No,51,0.451,0.548,Gender balanced,0.019,Accommodation and Food Services
4-digit,1621,Retail Managers,133200,0.763,0.237,No,41,0.489,0.511,Gender balanced,0.014,Retail Trade
4-digit,1711,Financial Institution Managers,9400,0.928,0.071,No,43,0.47,0.53,Gender balanced,0.009,Financial and Insurance Services
4-digit,1712,Office and Payroll Managers,104800,0.616,0.384,No,48,0.127,0.873,Highly female dominated,0.014,Construction
4-digit,1713,Practice Managers,27300,0.596,0.404,No,47,0.103,0.897,Highly female dominated,0.015,Health Care and Social Assistance
4-digit,1714,Real Estate Agency Principals,6000,0.79,0.209,No,49,0.611,0.39,Moderately male dominated,0.006,"Rental, Hiring and Real Estate Services"
4-digit,1721,Call Centre and Customer Service Managers,50400,0.872,0.128,No,42,0.504,0.496,Gender balanced,0.013,Financial and Insurance Services
4-digit,1722,Event Managers,21600,0.628,0.372,Yes,36,0.242,0.758,Highly female dominated,0.013,Administrative and Support Services
4-digit,1723,Facilities Managers,19400,0.859,0.141,No,48,0.768,0.232,Highly male dominated,0.014,"Rental, Hiring and Real Estate Services"
4-digit,1724,"Hair, Body and Beauty Service Managers",5300,0.58,0.418,Yes,38,0.184,0.818,Highly female dominated,0.014,Other Services
4-digit,1725,Transport Service Managers,14400,0.821,0.179,No,49,0.795,0.205,Highly male dominated,0.016,"Transport, Postal and Warehousing"
4-digit,1729,Other Service Managers,15900,0.793,0.207,No,48,0.701,0.299,Moderately male dominated,0.015,"Rental, Hiring and Real Estate Services"
4-digit,2111,Accountants and Corporate Treasurers,159400,0.785,0.215,No,40,0.468,0.532,Gender balanced,0.004,"Professional, Scientific and Technical Services"
4-digit,2112,Auditors,19900,0.854,0.146,No,37,0.492,0.507,Gender balanced,0.006,"Professional, Scientific and Technical Services"
4-digit,2121,Financial Advisers,23800,0.846,0.154,No,43,0.687,0.313,Moderately male dominated,0.005,Financial and Insurance Services
4-digit,2122,Financial Dealers,4500,0.79,0.209,No,43,0.839,0.162,Highly male dominated,0.003,Financial and Insurance Services
4-digit,2123,Investment Specialists,15500,0.84,0.16,No,41,0.685,0.315,Moderately male dominated,0.006,Financial and Insurance Services
4-digit,2129,Other Financial Services and Investment Specialists,4300,0.926,0.073,No,40,0.599,0.401,Gender balanced,0.004,Financial and Insurance Services
4-digit,2211,Advertising Specialists,8500,0.84,0.16,No,35,0.444,0.557,Gender balanced,0.006,"Professional, Scientific and Technical Services"
4-digit,2212,Communications Officers (Public Relations),22900,0.735,0.265,No,36,0.261,0.739,Moderately female dominated,0.013,Public Administration and Safety
4-digit,2213,Electorate and Liaison Officers,11500,0.714,0.286,No,41,0.307,0.694,Moderately female dominated,0.121,Public Administration and Safety
4-digit,2214,ICT Business Development Managers,2300,0.938,0.059,No,41,0.815,0.183,Highly male dominated,0.003,"Professional, Scientific and Technical Services"
4-digit,2215,Marketing Professionals,77600,0.759,0.241,No,35,0.379,0.62,Moderately female dominated,0.006,"Professional, Scientific and Technical Services"
4-digit,2216,Technical Sales Representatives,35600,0.913,0.087,No,42,0.687,0.313,Moderately male dominated,0.007,Wholesale Trade
4-digit,2221,Human Resources and Workplace Relations Advisers,37000,0.782,0.217,No,37,0.193,0.807,Highly female dominated,0.02,Public Administration and Safety
4-digit,2222,Recruitment Consultants,20700,0.83,0.17,No,35,0.339,0.661,Moderately female dominated,0.014,Administrative and Support Services
4-digit,2223,Rehabilitation Consultants and Work Health and Safety Advisers,21600,0.835,0.165,No,44,0.543,0.457,Gender balanced,0.021,Public Administration and Safety
4-digit,2224,Training and Development Professionals,30800,0.723,0.277,No,46,0.462,0.538,Gender balanced,0.023,Education and Training
4-digit,2231,"Actuaries, Mathematicians and Statisticians",6100,0.798,0.202,No,37,0.574,0.426,Gender balanced,0.005,Financial and Insurance Services
4-digit,2232,Data Professionals,32700,0.867,0.134,No,36,0.614,0.386,Moderately male dominated,0.005,"Professional, Scientific and Technical Services"
4-digit,2233,Intelligence and Policy Analysts,23100,0.797,0.204,No,38,0.373,0.627,Moderately female dominated,0.024,Public Administration and Safety
4-digit,2234,Management and Organisation Analysts,82000,0.802,0.198,No,42,0.553,0.447,Gender balanced,0.007,"Professional, Scientific and Technical Services"
4-digit,2235,Property and Valuation Professionals,6500,0.845,0.155,No,42,0.712,0.288,Moderately male dominated,0.008,"Rental, Hiring and Real Estate Services"
4-digit,2239,Other Information and Organisation Professionals,19100,0.771,0.229,No,44,0.386,0.614,Moderately female dominated,0.012,Public Administration and Safety
4-digit,2311,"Actors, Dancers and Other Entertainers",6100,0.366,0.635,Yes,30,0.47,0.529,Gender balanced,0.031,Arts and Recreation Services
4-digit,2312,"Authors, and Book and Script Editors",5500,0.47,0.529,No,48,0.332,0.668,Moderately female dominated,0.014,Arts and Recreation Services
4-digit,2313,Journalists and Other Writers,20300,0.661,0.339,No,40,0.404,0.596,Gender balanced,0.009,Information Media and Telecommunications
4-digit,2314,Media Directors and Designers,10000,0.721,0.28,No,39,0.711,0.289,Moderately male dominated,0.011,Information Media and Telecommunications
4-digit,2315,Media Producers,9400,0.749,0.252,No,38,0.546,0.454,Gender balanced,0.013,Information Media and Telecommunications
4-digit,2316,Music Professionals,7300,0.346,0.653,Yes,39,0.675,0.325,Moderately male dominated,0.016,Arts and Recreation Services
4-digit,2317,Visual Arts and Crafts Professionals,8600,0.46,0.54,No,49,0.348,0.652,Moderately female dominated,0.054,Arts and Recreation Services
4-digit,2319,Other Arts and Media Professionals,2500,0.553,0.447,No,42,0.58,0.42,Gender balanced,0.067,Information Media and Telecommunications
4-digit,2321,Librarians,6400,0.578,0.423,No,51,0.163,0.837,Highly female dominated,0.012,Education and Training
4-digit,2322,Religious Leaders,17700,0.646,0.355,No,50,0.694,0.306,Moderately male dominated,0.009,Other Services
4-digit,2323,Social Science and Related Professionals,9500,0.68,0.32,No,42,0.466,0.534,Gender balanced,0.041,"Professional, Scientific and Technical Services"
4-digit,2411,"Architects, Landscape Architects and Urban Designers",23500,0.801,0.199,No,39,0.632,0.368,Moderately male dominated,0.004,"Professional, Scientific and Technical Services"
4-digit,2412,Geospatial Information Professionals and Surveyors,11300,0.846,0.155,No,40,0.834,0.166,Highly male dominated,0.012,"Professional, Scientific and Technical Services"
4-digit,2413,Urban and Regional Planners,12900,0.804,0.196,No,39,0.529,0.471,Gender balanced,0.008,Public Administration and Safety
4-digit,2419,"Other Architects, Planners and Surveyors",7000,0.871,0.128,No,41,0.807,0.193,Highly male dominated,0.007,"Professional, Scientific and Technical Services"
4-digit,2421,Digital Designers,11400,0.76,0.239,No,36,0.523,0.477,Gender balanced,0.007,"Professional, Scientific and Technical Services"
4-digit,2422,"Fashion, Industrial, Jewellery and Textile Designers",9700,0.721,0.279,No,37,0.416,0.584,Gender balanced,0.005,"Professional, Scientific and Technical Services"
4-digit,2423,Graphic and Visual Content Designers,31700,0.642,0.358,No,36,0.436,0.564,Gender balanced,0.008,"Professional, Scientific and Technical Services"
4-digit,2424,Interior Designers,12300,0.626,0.374,No,39,0.203,0.797,Highly female dominated,0.005,"Professional, Scientific and Technical Services"
4-digit,2431,Chemical and Materials Engineering Professionals,4400,0.86,0.14,No,38,0.788,0.211,Highly male dominated,0.005,"Professional, Scientific and Technical Services"
4-digit,2432,Civil Engineering Professionals,40400,0.886,0.114,No,35,0.851,0.149,Highly male dominated,0.005,"Professional, Scientific and Technical Services"
4-digit,2433,Electrical Engineering Professionals,13300,0.897,0.103,No,38,0.896,0.104,Highly male dominated,0.006,"Professional, Scientific and Technical Services"
4-digit,2434,Electronics Engineers,4600,0.866,0.134,No,42,0.928,0.071,Almost completely male dominated,0.003,"Professional, Scientific and Technical Services"
4-digit,2435,"Industrial, Mechanical and Production Engineers",34700,0.898,0.102,No,38,0.908,0.092,Almost completely male dominated,0.005,Manufacturing
4-digit,2436,Mining Engineers,9000,0.898,0.102,No,38,0.848,0.153,Highly male dominated,0.005,Mining
4-digit,2439,Other Engineering Professionals,9000,0.864,0.137,No,37,0.819,0.18,Highly male dominated,0.005,"Professional, Scientific and Technical Services"
4-digit,2441,"Agricultural, Fisheries and Forestry Scientists",6100,0.818,0.182,No,44,0.723,0.277,Moderately male dominated,0.013,"Agriculture, Forestry and Fishing"
4-digit,2442,"Chemists, and Food and Wine Scientists",8500,0.812,0.187,No,40,0.565,0.435,Gender balanced,0.004,Manufacturing
4-digit,2443,Environmental Conservation Professionals,10000,0.771,0.229,No,40,0.583,0.417,Gender balanced,0.133,Public Administration and Safety
4-digit,2444,Environmental Consultants and Scientists,10000,0.756,0.244,No,39,0.54,0.461,Gender balanced,0.013,"Professional, Scientific and Technical Services"
4-digit,2445,Geoscientists and Hydrologists,8400,0.822,0.178,No,40,0.743,0.257,Moderately male dominated,0.007,Mining
4-digit,2446,Life Scientists,4600,0.757,0.241,No,39,0.459,0.54,Gender balanced,0.007,"Professional, Scientific and Technical Services"
4-digit,2447,Medical Science Professionals,22500,0.726,0.274,No,38,0.327,0.673,Moderately female dominated,0.005,Health Care and Social Assistance
4-digit,2449,Other Natural and Physical Science Professionals,1700,0.734,0.265,No,44,0.594,0.408,Gender balanced,0.007,"Professional, Scientific and Technical Services"
4-digit,2511,Early Childhood (Pre-primary School) Teachers,26300,0.482,0.518,No,40,0.023,0.976,Almost completely female dominated,0.017,Education and Training
4-digit,2512,Primary School Teachers,164000,0.647,0.353,No,40,0.15,0.85,Highly female dominated,0.016,Education and Training
4-digit,2513,Secondary School Teachers,156400,0.756,0.244,No,42,0.379,0.621,Moderately female dominated,0.012,Education and Training
4-digit,2514,Specialist Education Teachers,15400,0.608,0.393,No,46,0.127,0.873,Highly female dominated,0.016,Education and Training
4-digit,2519,"Other Early Childhood, School and Specialist Education Teachers",2600,0.587,0.412,No,53,0.072,0.929,Almost completely female dominated,0.008,Education and Training
4-digit,2521,University Lecturers and Tutors,55200,0.627,0.373,No,46,0.491,0.509,Gender balanced,0.013,Education and Training
4-digit,2522,Vocational Education Teachers,12400,0.591,0.409,No,51,0.49,0.51,Gender balanced,0.019,Education and Training
4-digit,2591,Academic Tutors (Private Tuition),6300,0.064,0.936,No,23,0.393,0.607,Moderately female dominated,0.006,Education and Training
4-digit,2592,Arts and Personal Enrichment Teachers (Private Tuition),11900,0.185,0.815,Yes,35,0.133,0.867,Highly female dominated,0.017,Education and Training
4-digit,2593,Education Advisers and Reviewers,12400,0.68,0.32,No,46,0.271,0.729,Moderately female dominated,0.029,Education and Training
4-digit,2594,Music Teachers (Private Tuition),13200,0.144,0.856,No,39,0.379,0.62,Moderately female dominated,0.006,Education and Training
4-digit,2595,Teachers of English to Speakers of Other Languages,5400,0.356,0.645,No,50,0.206,0.796,Highly female dominated,0.004,Education and Training
4-digit,2599,Other Education Professionals,9200,0.479,0.522,No,42,0.269,0.731,Moderately female dominated,0.029,Education and Training
4-digit,2611,Counsellors and Psychotherapists,17200,0.442,0.558,No,46,0.212,0.788,Highly female dominated,0.041,Health Care and Social Assistance
4-digit,2612,Psychologists,29500,0.532,0.468,No,43,0.184,0.816,Highly female dominated,0.009,Health Care and Social Assistance
4-digit,2613,Social Workers,29000,0.629,0.371,No,41,0.152,0.848,Highly female dominated,0.033,Health Care and Social Assistance
4-digit,2619,"Other Allied Health Counsellors, Psychologists, Social Workers and Creative Therapy Professionals",4700,0.381,0.62,No,42,0.175,0.826,Highly female dominated,0.018,Health Care and Social Assistance
4-digit,2621,Chiropractors,4400,0.433,0.566,No,40,0.587,0.414,Gender balanced,0.005,Health Care and Social Assistance
4-digit,2622,Exercise Physiologists and Scientists,5100,0.62,0.38,No,29,0.482,0.52,Gender balanced,0.007,Health Care and Social Assistance
4-digit,2623,Occupational Therapists,19800,0.596,0.404,No,33,0.091,0.909,Almost completely female dominated,0.007,Health Care and Social Assistance
4-digit,2624,Physiotherapists,29000,0.61,0.39,No,34,0.357,0.643,Moderately female dominated,0.007,Health Care and Social Assistance
4-digit,2625,Podiatrists,4700,0.593,0.406,No,36,0.411,0.588,Gender balanced,0.007,Health Care and Social Assistance
4-digit,2626,Speech Pathologists,11100,0.562,0.438,No,33,0.03,0.97,Almost completely female dominated,0.006,Health Care and Social Assistance
4-digit,2629,Other Allied Health Physical and Sensory Therapy Professionals,2900,0.534,0.466,No,36,0.454,0.544,Gender balanced,0.005,Health Care and Social Assistance
4-digit,2631,Medical Radiation Practitioners,13700,0.679,0.321,No,35,0.311,0.689,Moderately female dominated,0.006,Health Care and Social Assistance
4-digit,2632,Nutrition Professionals,6700,0.472,0.528,No,35,0.065,0.935,Almost completely female dominated,0.005,Health Care and Social Assistance
4-digit,2633,Optometrists,5300,0.499,0.5,No,38,0.426,0.574,Gender balanced,0.003,Health Care and Social Assistance
4-digit,2634,Pharmacists,26900,0.643,0.357,No,36,0.354,0.646,Moderately female dominated,0.003,Retail Trade
4-digit,2635,Sonographers,5500,0.501,0.498,No,39,0.221,0.777,Highly female dominated,0.004,Health Care and Social Assistance
4-digit,2639,Other Allied Health Science Professionals,8400,0.562,0.439,No,38,0.22,0.78,Highly female dominated,0.007,Health Care and Social Assistance
4-digit,2641,Anaesthetists,5700,0.777,0.223,No,44,0.651,0.348,Moderately male dominated,0.002,Health Care and Social Assistance
4-digit,2642,General Practitioners,55200,0.705,0.295,No,44,0.524,0.476,Gender balanced,0.006,Health Care and Social Assistance
4-digit,2643,Physicians,10600,0.76,0.239,No,43,0.531,0.469,Gender balanced,0.002,Health Care and Social Assistance
4-digit,2644,Psychiatrists,4300,0.711,0.289,No,47,0.537,0.463,Gender balanced,0.005,Health Care and Social Assistance
4-digit,2645,Resident Medical Officers,11800,0.89,0.11,No,30,0.459,0.541,Gender balanced,0.009,Health Care and Social Assistance
4-digit,2646,Surgeons,6300,0.848,0.152,No,46,0.802,0.198,Highly male dominated,0.004,Health Care and Social Assistance
4-digit,2649,Other Medical Practitioners,13300,0.76,0.241,No,42,0.519,0.481,Gender balanced,0.006,Health Care and Social Assistance
4-digit,2651,Midwives,17800,0.37,0.63,Yes,41,0.008,0.992,Almost completely female dominated,0.015,Health Care and Social Assistance
4-digit,2652,Nurse Educators and Researchers,6800,0.574,0.425,No,46,0.095,0.906,Almost completely female dominated,0.009,Health Care and Social Assistance
4-digit,2653,Nursing and Midwifery Unit Managers,21500,0.724,0.276,No,46,0.13,0.871,Highly female dominated,0.011,Health Care and Social Assistance
4-digit,2654,Registered Nurses,264300,0.486,0.514,No,40,0.116,0.884,Highly female dominated,0.013,Health Care and Social Assistance
4-digit,2691,"Dental Hygienists, Prosthetists and Therapists",4900,0.448,0.552,Yes,38,0.214,0.786,Highly female dominated,0.009,Health Care and Social Assistance
4-digit,2692,Dentists and Dental Specialists,15500,0.487,0.513,No,40,0.532,0.468,Gender balanced,0.004,Health Care and Social Assistance
4-digit,2693,Environmental Health and Health Promotion Officers,7300,0.676,0.324,No,43,0.349,0.651,Moderately female dominated,0.059,Health Care and Social Assistance
4-digit,2694,Paramedic Professionals,15800,0.868,0.132,Yes,36,0.548,0.453,Gender balanced,0.022,Health Care and Social Assistance
4-digit,2695,Veterinarians and Veterinary Technologists,11900,0.682,0.318,No,38,0.325,0.675,Moderately female dominated,0.007,"Professional, Scientific and Technical Services"
4-digit,2699,Other Health Professionals,5600,0.329,0.671,No,48,0.279,0.721,Moderately female dominated,0.007,Health Care and Social Assistance
4-digit,2711,Cyber Security Professionals,13300,0.925,0.075,No,38,0.825,0.175,Highly male dominated,0.006,"Professional, Scientific and Technical Services"
4-digit,2712,Database and Systems Administrators,21400,0.87,0.13,No,42,0.755,0.246,Highly male dominated,0.008,"Professional, Scientific and Technical Services"
4-digit,2721,ICT Network Professionals,19900,0.915,0.084,No,40,0.905,0.096,Almost completely male dominated,0.005,"Professional, Scientific and Technical Services"
4-digit,2722,ICT Quality Engineers and Test Analysts,23700,0.909,0.091,No,38,0.665,0.335,Moderately male dominated,0.003,"Professional, Scientific and Technical Services"
4-digit,2723,Telecommunications Engineers,10600,0.897,0.103,No,40,0.822,0.178,Highly male dominated,0.005,Information Media and Telecommunications
4-digit,2731,Digital Game and Web Developers,8500,0.78,0.22,No,35,0.796,0.203,Highly male dominated,0.005,"Professional, Scientific and Technical Services"
4-digit,2732,ICT Business and Systems Analysts and Architects,39500,0.906,0.094,No,42,0.718,0.282,Moderately male dominated,0.003,"Professional, Scientific and Technical Services"
4-digit,2733,Software and Applications Engineers,97600,0.897,0.103,No,37,0.836,0.164,Highly male dominated,0.003,"Professional, Scientific and Technical Services"
4-digit,2811,Barristers,5600,0.766,0.234,No,49,0.706,0.294,Moderately male dominated,0.007,"Professional, Scientific and Technical Services"
4-digit,2812,Judicial and Other Legal Professionals,18700,0.754,0.246,No,43,0.41,0.59,Gender balanced,0.014,Public Administration and Safety
4-digit,2813,Solicitors,70800,0.829,0.171,No,38,0.457,0.543,Gender balanced,0.007,"Professional, Scientific and Technical Services"
4-digit,2991,Air Transport Professionals,13400,0.692,0.307,Yes,41,0.904,0.096,Almost completely male dominated,0.008,"Transport, Postal and Warehousing"
4-digit,2992,Specialist Police Officers,9100,0.916,0.083,No,42,0.695,0.305,Moderately male dominated,0.014,Public Administration and Safety
4-digit,3111,Agricultural Technicians and Inspection Officers,5400,0.787,0.213,No,43,0.637,0.363,Moderately male dominated,0.029,Public Administration and Safety
4-digit,3112,Medical and Dental Technicians,16400,0.634,0.366,No,40,0.42,0.58,Gender balanced,0.01,Health Care and Social Assistance
4-digit,3113,Pharmacy Technicians,6700,0.514,0.487,No,37,0.112,0.888,Highly female dominated,0.018,Retail Trade
4-digit,3114,Phlebotomists,12100,0.437,0.563,No,44,0.095,0.905,Almost completely female dominated,0.017,Health Care and Social Assistance
4-digit,3115,Science Technicians,14700,0.71,0.29,No,41,0.491,0.509,Gender balanced,0.017,Education and Training
4-digit,3121,Building and Landscape Designers and Technicians,16900,0.751,0.249,No,40,0.705,0.295,Moderately male dominated,0.005,"Professional, Scientific and Technical Services"
4-digit,3122,Construction and Safety Inspectors,7900,0.812,0.188,No,49,0.843,0.157,Highly male dominated,0.021,Public Administration and Safety
4-digit,3123,Construction Estimators,5700,0.881,0.118,No,40,0.849,0.151,Highly male dominated,0.006,Construction
4-digit,3124,Construction Supervisors,44400,0.927,0.073,No,42,0.942,0.058,Almost completely male dominated,0.022,Construction
4-digit,3131,Civil Engineering Draftspersons and Technicians,11800,0.863,0.136,No,39,0.83,0.17,Highly male dominated,0.015,"Professional, Scientific and Technical Services"
4-digit,3132,Electrical Engineering Draftspersons and Technicians,8800,0.844,0.156,No,44,0.913,0.086,Almost completely male dominated,0.015,"Electricity, Gas, Water and Waste Services"
4-digit,3133,Maintenance Planners,9000,0.936,0.064,No,45,0.836,0.164,Highly male dominated,0.023,Mining
4-digit,3134,"Marine Transport Masters, Officers and Technicians",7900,0.807,0.195,Yes,47,0.949,0.052,Almost completely male dominated,0.022,"Transport, Postal and Warehousing"
4-digit,3135,Mining Supervisors,6500,0.951,0.05,Yes,45,0.933,0.067,Almost completely male dominated,0.041,Mining
4-digit,3139,Other Engineering Technicians,18500,0.864,0.136,No,43,0.888,0.112,Highly male dominated,0.014,"Professional, Scientific and Technical Services"
4-digit,3141,ICT and Telecommunications Technicians,8200,0.817,0.183,No,40,0.777,0.224,Highly male dominated,0.011,Information Media and Telecommunications
4-digit,3142,ICT Customer Support Officers,48800,0.837,0.163,No,38,0.796,0.205,Highly male dominated,0.011,"Professional, Scientific and Technical Services"
4-digit,3211,Chefs,81500,0.562,0.438,Yes,35,0.726,0.274,Moderately male dominated,0.011,Accommodation and Food Services
4-digit,3221,Bakers,19000,0.663,0.337,No,37,0.718,0.282,Moderately male dominated,0.021,Manufacturing
4-digit,3222,Butchers and Smallgoods Makers,13900,0.788,0.212,No,40,0.922,0.078,Almost completely male dominated,0.035,Retail Trade
4-digit,3223,Cooks,44200,0.343,0.657,Yes,33,0.513,0.487,Gender balanced,0.029,Accommodation and Food Services
4-digit,3224,Pastrycooks,6900,0.565,0.436,Yes,36,0.378,0.622,Moderately female dominated,0.009,Manufacturing
4-digit,3311,Structural Steel and Welding Trades Workers,65000,0.895,0.105,No,39,0.987,0.013,Almost completely male dominated,0.033,Manufacturing
4-digit,3319,Other Fabrication Engineering Trades Workers,7500,0.852,0.148,No,42,0.976,0.024,Almost completely male dominated,0.027,Manufacturing
4-digit,3321,Aircraft Maintenance Technicians,9800,0.905,0.096,No,40,0.949,0.051,Almost completely male dominated,0.017,Public Administration and Safety
4-digit,3322,Metal Fitters and Machinists,90200,0.92,0.08,No,40,0.98,0.02,Almost completely male dominated,0.03,Manufacturing
4-digit,3323,Precision Engineering Trades Workers,8100,0.791,0.209,No,47,0.938,0.062,Almost completely male dominated,0.011,Manufacturing
4-digit,3411,Animal Trainers and Zookeepers,7600,0.667,0.334,No,36,0.461,0.539,Gender balanced,0.019,Arts and Recreation Services
4-digit,3412,Veterinary Nurses,13100,0.508,0.492,No,29,0.038,0.962,Almost completely female dominated,0.017,"Professional, Scientific and Technical Services"
4-digit,3421,Gardeners (General),34200,0.465,0.535,No,48,0.835,0.165,Highly male dominated,0.029,Administrative and Support Services
4-digit,3422,Arboriculture Workers,7200,0.791,0.208,No,36,0.966,0.034,Almost completely male dominated,0.032,Administrative and Support Services
4-digit,3423,Florists,6300,0.408,0.592,Yes,40,0.072,0.928,Almost completely female dominated,0.012,Retail Trade
4-digit,3424,Irrigation Technicians and Landscape Gardeners,25000,0.731,0.269,No,34,0.956,0.044,Almost completely male dominated,0.031,Construction
4-digit,3425,Sports Turf Managers and Trades Workers,11500,0.711,0.289,No,47,0.973,0.027,Almost completely male dominated,0.047,Arts and Recreation Services
4-digit,3429,Other Horticultural Trades Workers,2600,0.614,0.385,No,49,0.56,0.44,Gender balanced,0.011,"Agriculture, Forestry and Fishing"
4-digit,3431,"Senior Aquaculture, Crop and Forestry Workers",4100,0.818,0.183,No,47,0.835,0.166,Highly male dominated,0.019,"Agriculture, Forestry and Fishing"
4-digit,3432,Senior Livestock Farm Workers,5100,0.845,0.155,No,35,0.66,0.34,Moderately male dominated,0.049,"Agriculture, Forestry and Fishing"
4-digit,3433,Shearers and Wool Classers,2900,0.656,0.346,No,38,0.878,0.119,Highly male dominated,0.053,"Agriculture, Forestry and Fishing"
4-digit,3511,Automotive Technicians (General),80600,0.847,0.153,No,36,0.982,0.018,Almost completely male dominated,0.025,Other Services
4-digit,3512,Automotive Electricians,7800,0.879,0.121,No,36,0.971,0.03,Almost completely male dominated,0.026,Other Services
4-digit,3513,Panelbeaters,10500,0.843,0.157,No,43,0.987,0.013,Almost completely male dominated,0.025,Other Services
4-digit,3514,Specialist Automotive Technicians,16300,0.865,0.135,No,33,0.985,0.015,Almost completely male dominated,0.028,Other Services
4-digit,3515,Vehicle Body Builders and Trimmers,5100,0.856,0.145,No,43,0.958,0.042,Almost completely male dominated,0.021,Manufacturing
4-digit,3516,Vehicle Painters,10000,0.872,0.128,No,38,0.97,0.03,Almost completely male dominated,0.03,Other Services
4-digit,3611,Floor Finishers,8600,0.69,0.309,Yes,40,0.97,0.03,Almost completely male dominated,0.026,Construction
4-digit,3612,Painters,42000,0.713,0.288,Yes,41,0.941,0.059,Almost completely male dominated,0.025,Construction
4-digit,3621,Glaziers,10300,0.831,0.168,No,38,0.984,0.016,Almost completely male dominated,0.033,Construction
4-digit,3622,Plasterers and Renderers,23300,0.735,0.265,Yes,38,0.986,0.013,Almost completely male dominated,0.026,Construction
4-digit,3623,Roof Tilers,7300,0.723,0.277,Yes,31,0.989,0.011,Almost completely male dominated,0.057,Construction
4-digit,3624,Wall and Floor Tilers,18000,0.731,0.27,Yes,38,0.973,0.027,Almost completely male dominated,0.021,Construction
4-digit,3631,Plumbers (General),43100,0.84,0.16,No,33,0.991,0.009,Almost completely male dominated,0.028,Construction
4-digit,3632,Gasfitters,5200,0.844,0.156,No,40,0.994,0.007,Almost completely male dominated,0.017,Construction
4-digit,3633,Roof Plumbers,10000,0.843,0.158,No,32,0.992,0.008,Almost completely male dominated,0.038,Construction
4-digit,3639,Other Plumbers,17800,0.892,0.108,No,30,0.991,0.009,Almost completely male dominated,0.027,Construction
4-digit,3691,Cabinet Makers,22900,0.861,0.139,No,36,0.974,0.026,Almost completely male dominated,0.017,Manufacturing
4-digit,3699,Other Building Completion and Related Trades Workers,6300,0.797,0.202,Yes,38,0.976,0.024,Almost completely male dominated,0.02,Construction
4-digit,3711,Bricklayers and Stonemasons,21800,0.764,0.237,No,38,0.991,0.009,Almost completely male dominated,0.028,Construction
4-digit,3712,Concreters,25700,0.785,0.215,Yes,36,0.991,0.009,Almost completely male dominated,0.043,Construction
4-digit,3721,Carpenters and Joiners,110200,0.84,0.16,No,31,0.989,0.011,Almost completely male dominated,0.027,Construction
4-digit,3811,Electrical Distribution Trades Workers,7300,0.922,0.078,No,40,0.974,0.026,Almost completely male dominated,0.042,"Electricity, Gas, Water and Waste Services"
4-digit,3812,Electricians,136100,0.859,0.141,No,34,0.979,0.021,Almost completely male dominated,0.021,Construction
4-digit,3821,Air Conditioning and Refrigeration Technicians,21700,0.829,0.171,No,34,0.988,0.012,Almost completely male dominated,0.025,Construction
4-digit,3822,Electronics Trades Workers,22600,0.773,0.227,No,40,0.946,0.054,Almost completely male dominated,0.013,Construction
4-digit,3823,Telecommunications Trades Workers,14400,0.749,0.251,No,40,0.95,0.05,Almost completely male dominated,0.021,Information Media and Telecommunications
4-digit,3911,"Gallery, Library and Museum Technicians",3000,0.485,0.514,No,53,0.175,0.825,Highly female dominated,0.009,Education and Training
4-digit,3912,Performing Arts Technicians,9500,0.584,0.416,Yes,35,0.843,0.156,Highly male dominated,0.012,Information Media and Telecommunications
4-digit,3913,Photographers,11900,0.414,0.585,Yes,39,0.488,0.511,Gender balanced,0.01,"Professional, Scientific and Technical Services"
4-digit,3914,Printing Trades Workers,13600,0.76,0.24,No,48,0.765,0.236,Highly male dominated,0.01,Manufacturing
4-digit,3915,Signwriters,5400,0.742,0.259,No,42,0.87,0.13,Highly male dominated,0.02,"Professional, Scientific and Technical Services"
4-digit,3919,Other Artistic and Cultural Technicians and Trades Workers,6500,0.497,0.502,Yes,46,0.484,0.516,Gender balanced,0.01,Retail Trade
4-digit,3921,Barbers and Hairdressers,53800,0.426,0.574,Yes,35,0.164,0.836,Highly female dominated,0.023,Other Services
4-digit,3991,"Chemical, Gas, Petroleum and Power Generation Plant Technicians",7700,0.927,0.073,Yes,46,0.936,0.064,Almost completely male dominated,0.029,"Electricity, Gas, Water and Waste Services"
4-digit,3992,Drillers,8300,0.922,0.078,Yes,38,0.975,0.025,Almost completely male dominated,0.047,Mining
4-digit,3993,Pest Control Technicians,6300,0.683,0.317,No,45,0.944,0.055,Almost completely male dominated,0.031,Administrative and Support Services
4-digit,3994,"Textile, Clothing and Footwear Trades Workers",10200,0.548,0.452,Yes,51,0.421,0.579,Gender balanced,0.012,Manufacturing
4-digit,3995,Wood Machinists and Other Wood Trades Workers,5500,0.666,0.335,No,47,0.835,0.165,Highly male dominated,0.015,Manufacturing
4-digit,3999,Other Miscellaneous Technicians and Trades Workers,14100,0.829,0.171,No,41,0.923,0.077,Almost completely male dominated,0.022,Manufacturing
4-digit,4111,Child Protection and Family Violence Practitioners,9800,0.774,0.226,No,38,0.125,0.876,Highly female dominated,0.082,Public Administration and Safety
4-digit,4112,Community Development and Support Workers,11500,0.503,0.497,No,45,0.228,0.772,Highly female dominated,0.099,Health Care and Social Assistance
4-digit,4113,"Diversional Therapists, and Lifestyle Coordinators and Officers",4400,0.478,0.522,No,52,0.112,0.888,Highly female dominated,0.025,Health Care and Social Assistance
4-digit,4114,Employment Consultants,10700,0.854,0.146,No,38,0.249,0.75,Highly female dominated,0.058,Administrative and Support Services
4-digit,4115,Interpreters and Translators,5600,0.258,0.742,No,51,0.305,0.695,Moderately female dominated,0.016,"Professional, Scientific and Technical Services"
4-digit,4116,Welfare Support Workers,17100,0.653,0.347,No,42,0.207,0.793,Highly female dominated,0.11,Health Care and Social Assistance
4-digit,4117,Youth Support Workers,17500,0.616,0.384,No,35,0.405,0.595,Gender balanced,0.103,Health Care and Social Assistance
4-digit,4119,Other Community and Welfare Support Workers,4000,0.555,0.444,No,40,0.352,0.649,Moderately female dominated,0.045,Health Care and Social Assistance
4-digit,4211,Aged Care Coordinators and Team Leaders,6900,0.767,0.234,No,45,0.15,0.849,Highly female dominated,0.037,Health Care and Social Assistance
4-digit,4212,Community Aged Care Support Workers,66900,0.262,0.738,No,48,0.121,0.879,Highly female dominated,0.028,Health Care and Social Assistance
4-digit,4213,Residential Aged Care Workers,31200,0.333,0.667,No,44,0.128,0.872,Highly female dominated,0.019,Health Care and Social Assistance
4-digit,4221,Disability Services and Residential Care Officers,18400,0.612,0.388,No,44,0.234,0.767,Highly female dominated,0.029,Health Care and Social Assistance
4-digit,4222,Disability Support Workers and Team Leaders,152800,0.344,0.656,No,40,0.295,0.705,Moderately female dominated,0.037,Health Care and Social Assistance
4-digit,4311,Early Childhood Educators and Room Leaders,138800,0.458,0.542,No,34,0.035,0.964,Almost completely female dominated,0.031,Health Care and Social Assistance
4-digit,4312,Family Day Care Educators and Coordinators,5400,0.651,0.35,No,45,0.027,0.974,Almost completely female dominated,0.014,Health Care and Social Assistance
4-digit,4313,Nannies,7000,0.218,0.783,Yes,27,0.02,0.979,Almost completely female dominated,0.016,Other Services
4-digit,4314,Out of School Hours Care Educators,9000,0.09,0.911,Yes,23,0.209,0.791,Highly female dominated,0.022,Health Care and Social Assistance
4-digit,4321,Inclusion Support Assistants,19900,0.23,0.77,No,48,0.087,0.913,Almost completely female dominated,0.018,Education and Training
4-digit,4322,Teaching Assistants,80200,0.222,0.777,No,46,0.119,0.881,Highly female dominated,0.048,Education and Training
4-digit,4329,Other Education Assistants,3500,0.47,0.53,No,39,0.294,0.705,Moderately female dominated,0.516,Education and Training
4-digit,4411,Enrolled Nurses,34500,0.405,0.595,No,43,0.11,0.89,Highly female dominated,0.027,Health Care and Social Assistance
4-digit,4412,Massage Therapists and Myotherapists,18300,0.23,0.77,Yes,43,0.213,0.787,Highly female dominated,0.007,Health Care and Social Assistance
4-digit,4413,Mental Health Workers,10900,0.476,0.524,No,40,0.279,0.721,Moderately female dominated,0.054,Health Care and Social Assistance
4-digit,4419,Other Health Support Workers,2300,0.683,0.317,No,45,0.291,0.708,Moderately female dominated,0.639,Health Care and Social Assistance
4-digit,4421,Allied Health Assistants,8200,0.294,0.706,No,40,0.148,0.852,Highly female dominated,0.019,Health Care and Social Assistance
4-digit,4422,Assistants in Nursing,40200,0.367,0.633,No,36,0.146,0.854,Highly female dominated,0.027,Health Care and Social Assistance
4-digit,4423,Dental Assistants,26600,0.371,0.629,Yes,31,0.025,0.975,Almost completely female dominated,0.024,Health Care and Social Assistance
4-digit,4424,Optical Dispensers,6100,0.345,0.655,Yes,35,0.216,0.785,Highly female dominated,0.013,Health Care and Social Assistance
4-digit,4425,Patient Care and Patient Services Assistants,27800,0.48,0.52,No,44,0.415,0.584,Gender balanced,0.023,Health Care and Social Assistance
4-digit,4429,Other Patient and Health Care Assistants,4500,0.554,0.447,Yes,45,0.481,0.518,Gender balanced,0.037,Health Care and Social Assistance
4-digit,4511,Defence Force Members - Other Ranks,17800,0.923,0.078,No,27,0.825,0.175,Highly male dominated,0.052,Public Administration and Safety
4-digit,4512,Emergency Services Officers and Firefighters,15100,0.928,0.072,Yes,43,0.897,0.103,Highly male dominated,0.034,Public Administration and Safety
4-digit,4513,General Duties Police Officers,47700,0.922,0.078,Yes,40,0.714,0.286,Moderately male dominated,0.029,Public Administration and Safety
4-digit,4519,Other Protective Service Workers,3600,0.827,0.176,Yes,45,0.57,0.428,Gender balanced,0.026,Public Administration and Safety
4-digit,4521,Correctional Officers,20000,0.908,0.092,Yes,45,0.7,0.3,Moderately male dominated,0.046,Public Administration and Safety
4-digit,4522,Security Officers and Guards,48700,0.687,0.313,No,41,0.819,0.181,Highly male dominated,0.027,Public Administration and Safety
4-digit,4611,Beauty and Dermal Therapists,30700,0.301,0.699,Yes,33,0.03,0.97,Almost completely female dominated,0.016,Other Services
4-digit,4612,Body and Make-up Artists,5800,0.388,0.611,Yes,31,0.332,0.668,Moderately female dominated,0.02,Other Services
4-digit,4613,Civil Celebrants and Funeral Workers,5100,0.593,0.406,No,53,0.45,0.55,Gender balanced,0.014,Other Services
4-digit,4614,Domestic Animal Care Workers,12400,0.317,0.683,Yes,33,0.171,0.83,Highly female dominated,0.023,Other Services
4-digit,4615,Driving Instructors,4500,0.389,0.612,Yes,54,0.758,0.242,Highly male dominated,0.012,Education and Training
4-digit,4616,Tourist Guides and Information Officers,5700,0.36,0.639,Yes,42,0.392,0.608,Moderately female dominated,0.049,Arts and Recreation Services
4-digit,4617,Travel Attendants,6700,0.39,0.611,Yes,39,0.241,0.759,Highly female dominated,0.019,"Transport, Postal and Warehousing"
4-digit,4618,Travel Consultants,9000,0.531,0.469,No,43,0.214,0.785,Highly female dominated,0.009,Administrative and Support Services
4-digit,4619,Other Personal Service and Travel Workers,13800,0.267,0.733,Yes,43,0.248,0.752,Highly female dominated,0.019,Other Services
4-digit,4621,Fitness Instructors (General),23300,0.263,0.737,Yes,33,0.474,0.526,Gender balanced,0.014,Other Services
4-digit,4622,Pilates and Yoga Instructors,6600,0.143,0.857,Yes,42,0.077,0.923,Almost completely female dominated,0.008,Education and Training
4-digit,4623,Sport and Recreation Safety Patrollers,5600,0.181,0.818,Yes,21,0.61,0.39,Moderately male dominated,0.023,Arts and Recreation Services
4-digit,4624,Sports Coaches and Outdoor Adventure Guides,35700,0.203,0.797,Yes,24,0.456,0.544,Gender balanced,0.015,Education and Training
4-digit,4625,Sports Officials and Umpires,5900,0.122,0.878,Yes,17,0.721,0.279,Moderately male dominated,0.018,Arts and Recreation Services
4-digit,4626,Sportspersons,4000,0.537,0.465,Yes,26,0.852,0.149,Highly male dominated,0.049,Arts and Recreation Services
4-digit,4711,Bar Attendants,41500,0.203,0.797,Yes,24,0.497,0.503,Gender balanced,0.038,Accommodation and Food Services
4-digit,4712,Baristas,47400,0.217,0.783,Yes,24,0.261,0.739,Moderately female dominated,0.024,Accommodation and Food Services
4-digit,4713,Cafe Workers,27500,0.129,0.871,Yes,22,0.2,0.8,Highly female dominated,0.025,Accommodation and Food Services
4-digit,4714,"Gaming Attendants, Dealers and Croupiers",8200,0.332,0.669,Yes,34,0.478,0.522,Gender balanced,0.015,Arts and Recreation Services
4-digit,4715,Hospitality Supervisors,13200,0.479,0.521,Yes,31,0.367,0.632,Moderately female dominated,0.021,Accommodation and Food Services
4-digit,4716,Sommeliers and Waiters,86500,0.1,0.9,Yes,21,0.234,0.766,Highly female dominated,0.021,Accommodation and Food Services
4-digit,4719,Other Hospitality Workers,5500,0.252,0.748,Yes,23,0.448,0.552,Gender balanced,0.02,Accommodation and Food Services
4-digit,5111,Contract Administrators,23200,0.869,0.131,No,41,0.499,0.501,Gender balanced,0.016,Construction
4-digit,5112,Program and Project Administrators,102100,0.793,0.207,No,42,0.381,0.619,Moderately female dominated,0.025,Public Administration and Safety
4-digit,5211,Conveyancers,7200,0.698,0.302,No,42,0.143,0.856,Highly female dominated,0.011,"Professional, Scientific and Technical Services"
4-digit,5212,Court and Legal Assistants,28800,0.588,0.412,No,34,0.162,0.838,Highly female dominated,0.02,"Professional, Scientific and Technical Services"
4-digit,5221,Secretaries (General),22100,0.385,0.615,No,55,0.041,0.959,Almost completely female dominated,0.012,Construction
4-digit,5222,Executive Assistants,47700,0.725,0.275,No,44,0.03,0.97,Almost completely female dominated,0.015,"Professional, Scientific and Technical Services"
4-digit,5311,Bank Officers,43900,0.719,0.281,No,38,0.347,0.653,Moderately female dominated,0.019,Financial and Insurance Services
4-digit,5312,Credit and Loans Officers,31200,0.858,0.142,No,38,0.448,0.552,Gender balanced,0.011,Financial and Insurance Services
4-digit,5313,Financial and Insurance Brokers,30900,0.814,0.186,No,44,0.642,0.358,Moderately male dominated,0.007,Financial and Insurance Services
4-digit,5314,Insurance Consultants,29000,0.787,0.213,No,38,0.298,0.702,Moderately female dominated,0.014,Financial and Insurance Services
4-digit,5315,"Insurance Investigators, Loss Adjusters and Risk Surveyors",5000,0.857,0.144,No,45,0.661,0.339,Moderately male dominated,0.012,Financial and Insurance Services
4-digit,5319,Other Financial Services and Insurance Workers and Brokers,1100,0.787,0.215,No,37,0.398,0.609,Moderately female dominated,0.008,Financial and Insurance Services
4-digit,5411,Accounts Clerks,110700,0.607,0.393,No,45,0.141,0.859,Highly female dominated,0.013,Construction
4-digit,5412,Estimators,10100,0.85,0.149,No,42,0.764,0.236,Highly male dominated,0.01,Construction
4-digit,5413,Payroll Officers,20200,0.643,0.357,No,45,0.125,0.875,Highly female dominated,0.016,Health Care and Social Assistance
4-digit,5421,Bookkeepers,79300,0.337,0.663,No,50,0.091,0.909,Almost completely female dominated,0.009,"Professional, Scientific and Technical Services"
4-digit,5491,Other Accounting and Related Clerks,8200,0.699,0.302,No,42,0.369,0.631,Moderately female dominated,0.02,Administrative and Support Services
4-digit,5511,Call and Contact Centre Workers,43100,0.662,0.338,No,34,0.308,0.692,Moderately female dominated,0.024,Public Administration and Safety
4-digit,5512,Information Officers and Switchboard Operators,57700,0.686,0.314,No,38,0.302,0.698,Moderately female dominated,0.025,Public Administration and Safety
4-digit,5521,Medical Receptionists,64400,0.325,0.675,No,42,0.044,0.956,Almost completely female dominated,0.021,Health Care and Social Assistance
4-digit,5522,Ward Clerks,9200,0.478,0.522,No,48,0.08,0.92,Almost completely female dominated,0.022,Health Care and Social Assistance
4-digit,5531,Receptionists (General),71200,0.452,0.548,No,38,0.062,0.938,Almost completely female dominated,0.028,Health Care and Social Assistance
4-digit,5532,Hotel and Motel Receptionists,8600,0.383,0.617,Yes,32,0.27,0.731,Moderately female dominated,0.024,Accommodation and Food Services
4-digit,5611,General Clerks,252700,0.559,0.441,No,44,0.136,0.864,Highly female dominated,0.026,Public Administration and Safety
4-digit,5612,Data Entry Operators and Transcriptionists,51100,0.502,0.498,No,42,0.157,0.843,Highly female dominated,0.02,Health Care and Social Assistance
4-digit,5711,Logistics Officers,23600,0.833,0.167,No,40,0.606,0.394,Moderately male dominated,0.018,"Transport, Postal and Warehousing"
4-digit,5712,Order Clerks,14400,0.776,0.224,No,39,0.309,0.691,Moderately female dominated,0.012,Wholesale Trade
4-digit,5713,Procurement and Purchasing Officers,15500,0.851,0.149,No,43,0.455,0.545,Gender balanced,0.013,Manufacturing
4-digit,5714,Stock Clerks,19600,0.739,0.262,No,40,0.545,0.454,Gender balanced,0.017,Retail Trade
4-digit,5715,Warehouse Administrators,20900,0.675,0.325,No,34,0.751,0.248,Highly male dominated,0.022,"Transport, Postal and Warehousing"
4-digit,5719,Other Supply Chain Support Workers,4900,0.846,0.154,No,40,0.417,0.584,Gender balanced,0.012,"Transport, Postal and Warehousing"
4-digit,5911,Inspectors and Regulatory Compliance Officers,10000,0.773,0.227,No,46,0.682,0.318,Moderately male dominated,0.028,Public Administration and Safety
4-digit,5912,Regulatory Administration and Assessment Officers,18400,0.752,0.248,No,43,0.315,0.685,Moderately female dominated,0.053,Public Administration and Safety
4-digit,5919,Other Inspectors and Regulatory Officers,5900,0.86,0.14,No,43,0.573,0.427,Gender balanced,0.023,Public Administration and Safety
4-digit,5991,Filing and Registry Clerks and Library Assistants,22300,0.478,0.522,No,47,0.183,0.817,Highly female dominated,0.02,Public Administration and Safety
4-digit,5992,Human Resources Assistants,14000,0.772,0.228,No,40,0.226,0.774,Highly female dominated,0.025,Health Care and Social Assistance
4-digit,5993,Mail Sorters,10500,0.63,0.369,No,50,0.489,0.51,Gender balanced,0.024,"Transport, Postal and Warehousing"
4-digit,5999,Other Miscellaneous Clerical and Administrative Workers,33400,0.66,0.34,No,44,0.419,0.581,Gender balanced,0.028,"Professional, Scientific and Technical Services"
4-digit,6111,Checkout Operators,90600,0.119,0.881,No,21,0.263,0.737,Moderately female dominated,0.031,Retail Trade
4-digit,6191,Product Promotion Workers,20400,0.369,0.631,Yes,39,0.228,0.772,Highly female dominated,0.016,Retail Trade
4-digit,6199,Other Sales Support Workers,26600,0.392,0.608,Yes,31,0.315,0.685,Moderately female dominated,0.02,Retail Trade
4-digit,6211,Insurance Agents,8700,0.818,0.183,No,39,0.461,0.539,Gender balanced,0.011,Financial and Insurance Services
4-digit,6212,Sales Representatives,58000,0.824,0.176,No,43,0.621,0.379,Moderately male dominated,0.01,Wholesale Trade
4-digit,6221,Property Managers,33300,0.713,0.287,No,42,0.321,0.679,Moderately female dominated,0.013,"Rental, Hiring and Real Estate Services"
4-digit,6222,Property Sales Agents and Related Workers,40000,0.78,0.22,No,44,0.637,0.363,Moderately male dominated,0.009,"Rental, Hiring and Real Estate Services"
4-digit,6311,Sales Assistants (General),562100,0.277,0.723,Yes,26,0.354,0.646,Moderately female dominated,0.026,Retail Trade
4-digit,6312,Community Pharmacy Sales Assistants,34400,0.262,0.738,No,26,0.126,0.874,Highly female dominated,0.018,Retail Trade
4-digit,6313,ICT Sales Assistants,7100,0.696,0.305,No,32,0.654,0.347,Moderately male dominated,0.01,Retail Trade
4-digit,6314,Motor Vehicle and Vehicle Parts Salespersons,27300,0.815,0.185,No,40,0.835,0.164,Highly male dominated,0.017,Retail Trade
4-digit,6315,Retail Supervisors,20700,0.55,0.45,No,31,0.384,0.616,Moderately female dominated,0.023,Retail Trade
4-digit,6316,Service Station Attendants,7900,0.234,0.767,No,30,0.505,0.494,Gender balanced,0.037,Retail Trade
4-digit,6319,Other Sales Assistants and Salespersons,12300,0.586,0.414,No,42,0.627,0.373,Moderately male dominated,0.02,Wholesale Trade
4-digit,7111,Automobile Drivers,36900,0.458,0.542,Yes,45,0.937,0.063,Almost completely male dominated,0.008,"Transport, Postal and Warehousing"
4-digit,7112,Bus and Coach Drivers,37700,0.584,0.416,No,57,0.867,0.133,Highly male dominated,0.02,"Transport, Postal and Warehousing"
4-digit,7113,Train and Tram Drivers,12700,0.913,0.087,Yes,48,0.847,0.153,Highly male dominated,0.037,"Transport, Postal and Warehousing"
4-digit,7121,Furniture Removalists,6000,0.459,0.54,Yes,32,0.946,0.053,Almost completely male dominated,0.04,"Transport, Postal and Warehousing"
4-digit,7122,Postal and Delivery Workers,110700,0.514,0.486,No,39,0.858,0.142,Highly male dominated,0.02,"Transport, Postal and Warehousing"
4-digit,7131,General Truck Drivers,143500,0.841,0.158,No,49,0.957,0.043,Almost completely male dominated,0.035,"Transport, Postal and Warehousing"
4-digit,7132,Articulated and Tanker Truck Drivers,7300,0.874,0.126,No,51,0.944,0.057,Almost completely male dominated,0.036,"Transport, Postal and Warehousing"
4-digit,7211,Storepersons and Warehouse Supervisors,130300,0.677,0.323,No,37,0.743,0.257,Moderately male dominated,0.02,Retail Trade
4-digit,7311,Industrial Spray Painters and Sandblasters,4500,0.873,0.127,No,40,0.977,0.023,Almost completely male dominated,0.045,Manufacturing
4-digit,7312,Paper and Wood Processing Machine Operators,6300,0.873,0.127,No,46,0.902,0.098,Almost completely male dominated,0.027,Manufacturing
4-digit,7313,Plastics and Rubber Production Machine Operators,6100,0.886,0.114,No,44,0.909,0.092,Almost completely male dominated,0.028,Manufacturing
4-digit,7314,"Sewing, Textile and Footwear Machine Operators",10100,0.603,0.398,No,52,0.297,0.703,Moderately female dominated,0.015,Manufacturing
4-digit,7319,Other Machine Operators,17200,0.735,0.265,No,44,0.655,0.345,Moderately male dominated,0.023,Manufacturing
4-digit,7321,"Crane, Hoist and Lift Operators",11200,0.853,0.147,Yes,46,0.961,0.039,Almost completely male dominated,0.031,Construction
4-digit,7322,Engineering Production Workers,17500,0.889,0.112,No,44,0.939,0.061,Almost completely male dominated,0.022,Manufacturing
4-digit,7323,Miners and Shot Firers,51700,0.933,0.067,Yes,42,0.889,0.111,Highly male dominated,0.071,Mining
4-digit,7324,Wastewater and Water Plant Operators,5500,0.924,0.076,No,46,0.931,0.068,Almost completely male dominated,0.045,"Electricity, Gas, Water and Waste Services"
4-digit,7329,Other Stationary Plant Operators,11200,0.867,0.133,No,42,0.861,0.139,Highly male dominated,0.044,Construction
4-digit,7411,"Agricultural, Horticultural and Logging Plant Operators",10600,0.819,0.181,No,42,0.921,0.079,Almost completely male dominated,0.036,"Agriculture, Forestry and Fishing"
4-digit,7412,Earthmoving Plant Operators,30300,0.865,0.135,No,46,0.976,0.024,Almost completely male dominated,0.042,Construction
4-digit,7413,Forklift Drivers,60100,0.829,0.17,No,43,0.949,0.051,Almost completely male dominated,0.024,Manufacturing
4-digit,7419,Other Mobile Plant Operators,12700,0.644,0.356,Yes,43,0.904,0.096,Almost completely male dominated,0.037,"Transport, Postal and Warehousing"
4-digit,8111,Commercial Cleaners,159800,0.317,0.683,No,45,0.408,0.592,Gender balanced,0.034,Administrative and Support Services
4-digit,8112,Domestic Cleaners,34000,0.127,0.873,Yes,47,0.191,0.809,Highly female dominated,0.027,Administrative and Support Services
4-digit,8113,Drycleaners and Laundry Workers,12700,0.417,0.583,No,50,0.299,0.701,Moderately female dominated,0.026,Other Services
4-digit,8114,Housekeepers,26700,0.212,0.788,Yes,42,0.152,0.849,Highly female dominated,0.041,Accommodation and Food Services
4-digit,8115,Vehicle Detailers,14200,0.55,0.45,Yes,35,0.885,0.115,Highly male dominated,0.035,Other Services
4-digit,8119,Other Cleaners and Laundry Workers,8600,0.44,0.56,Yes,44,0.887,0.113,Highly male dominated,0.025,Administrative and Support Services
4-digit,8211,Construction and Demolition Labourers,49400,0.717,0.283,Yes,34,0.96,0.04,Almost completely male dominated,0.049,Construction
4-digit,8212,Construction Riggers and Doggers,8600,0.869,0.131,Yes,39,0.978,0.022,Almost completely male dominated,0.032,Construction
4-digit,8213,Fencers,9500,0.701,0.298,No,41,0.961,0.039,Almost completely male dominated,0.041,Construction
4-digit,8214,Home Improvement and Insulation Installers,9800,0.698,0.302,Yes,40,0.969,0.031,Almost completely male dominated,0.027,Construction
4-digit,8215,Paving and Surfacing Labourers,6500,0.872,0.128,No,42,0.963,0.038,Almost completely male dominated,0.094,Construction
4-digit,8216,Plumbing and Drainage Labourers,5700,0.857,0.144,No,38,0.956,0.045,Almost completely male dominated,0.064,Construction
4-digit,8217,Structural Steel Construction Workers,12600,0.79,0.21,Yes,34,0.991,0.009,Almost completely male dominated,0.043,Construction
4-digit,8219,Other Construction and Mining Labourers,9500,0.836,0.163,Yes,35,0.917,0.083,Almost completely male dominated,0.068,Mining
4-digit,8311,Food and Drink Factory Workers,22300,0.716,0.284,No,41,0.697,0.303,Moderately male dominated,0.02,Manufacturing
4-digit,8312,"Meat Boners and Slicers, and Slaughterers",7900,0.791,0.209,No,35,0.831,0.17,Highly male dominated,0.035,Manufacturing
4-digit,8313,"Meat, Poultry and Seafood Process Workers",21900,0.735,0.265,No,38,0.673,0.327,Moderately male dominated,0.028,Manufacturing
4-digit,8321,Packers,56600,0.538,0.462,No,37,0.405,0.595,Gender balanced,0.018,Manufacturing
4-digit,8322,Product Assemblers,23100,0.784,0.216,No,43,0.766,0.234,Highly male dominated,0.017,Manufacturing
4-digit,8391,Materials and Chemical Process Workers,25100,0.739,0.261,No,39,0.841,0.16,Highly male dominated,0.039,Manufacturing
4-digit,8392,Product Quality Controllers,9200,0.761,0.238,No,41,0.523,0.476,Gender balanced,0.018,Manufacturing
4-digit,8411,Crop Farm Workers,24200,0.595,0.405,No,36,0.664,0.336,Moderately male dominated,0.026,"Agriculture, Forestry and Fishing"
4-digit,8412,Livestock Farm Workers,22000,0.593,0.407,No,33,0.579,0.421,Gender balanced,0.038,"Agriculture, Forestry and Fishing"
4-digit,8413,Mixed Production and Aquaculture Farm Workers,2500,0.75,0.251,No,34,0.834,0.166,Highly male dominated,0.029,"Agriculture, Forestry and Fishing"
4-digit,8421,Garden Labourers,21700,0.51,0.49,Yes,45,0.92,0.08,Almost completely male dominated,0.051,Administrative and Support Services
4-digit,8422,Horticultural Nursery Assistants,6500,0.5,0.501,No,38,0.436,0.565,Gender balanced,0.024,"Agriculture, Forestry and Fishing"
4-digit,8429,Other Garden and Forestry Workers,4700,0.588,0.412,No,36,0.774,0.227,Highly male dominated,0.059,"Agriculture, Forestry and Fishing"
4-digit,8511,Fast Food Cooks,43600,0.103,0.896,No,18,0.654,0.346,Moderately male dominated,0.035,Accommodation and Food Services
4-digit,8512,Food Preparation Assistants,123700,0.172,0.828,Yes,24,0.436,0.564,Gender balanced,0.028,Accommodation and Food Services
4-digit,8911,Freight and Furniture Handlers,10000,0.57,0.43,No,31,0.913,0.087,Almost completely male dominated,0.037,"Transport, Postal and Warehousing"
4-digit,8912,Shelf Fillers,63400,0.207,0.793,No,25,0.631,0.369,Moderately male dominated,0.034,Retail Trade
4-digit,8991,Caretakers,7000,0.528,0.471,No,57,0.832,0.168,Highly male dominated,0.026,Education and Training
4-digit,8992,Deck and Fishing Hands,5100,0.682,0.32,Yes,41,0.901,0.1,Almost completely male dominated,0.059,"Agriculture, Forestry and Fishing"
4-digit,8993,Handypersons,34500,0.511,0.489,Yes,53,0.962,0.038,Almost completely male dominated,0.026,Construction
4-digit,8994,Motor Vehicle Parts and Accessories Fitters,13700,0.813,0.187,No,35,0.971,0.029,Almost completely male dominated,0.048,Other Services
4-digit,8995,"Rail Guards, Conductors and Railways Assistants",3600,0.839,0.16,Yes,46,0.707,0.294,Moderately male dominated,0.032,"Transport, Postal and Warehousing"
4-digit,8996,Road Traffic Controllers,16500,0.523,0.477,Yes,42,0.675,0.325,Moderately male dominated,0.059,Public Administration and Safety
4-digit,8999,Other Miscellaneous Labourers,34300,0.439,0.561,No,43,0.784,0.216,Highly male dominated,0.035,Public Administration and Safety
6-digit,111131,Corporate Services Manager,10000,0.844,0.156,No,46,0.434,0.566,Gender balanced,0.014,"Professional, Scientific and Technical Services"
6-digit,111231,Finance Manager,64500,0.851,0.149,No,46,0.506,0.494,Gender balanced,0.005,Financial and Insurance Services
6-digit,111331,Human Resources Manager,44800,0.844,0.156,No,44,0.332,0.668,Moderately female dominated,0.015,Public Administration and Safety
6-digit,111431,Policy and Planning Manager,58700,0.856,0.144,No,44,0.423,0.577,Gender balanced,0.022,Public Administration and Safety
6-digit,111531,Research and Development Manager,19800,0.845,0.155,No,44,0.518,0.482,Gender balanced,0.01,"Professional, Scientific and Technical Services"
6-digit,111631,Quality Assurance Manager,16600,0.853,0.146,No,43,0.454,0.546,Gender balanced,0.01,Manufacturing
6-digit,111632,Regulatory Affairs Manager,1600,0.849,0.148,No,43,0.325,0.679,Moderately female dominated,0.005,Manufacturing
6-digit,111633,Work Health and Safety Manager,7600,0.908,0.091,No,47,0.594,0.407,Gender balanced,0.013,Construction
6-digit,112131,Advertising Manager,2300,0.86,0.14,No,38,0.48,0.52,Gender balanced,0.004,"Professional, Scientific and Technical Services"
6-digit,112132,Business Development Manager,32200,0.885,0.115,No,43,0.674,0.327,Moderately male dominated,0.008,"Professional, Scientific and Technical Services"
6-digit,112133,Sales and Marketing Manager,104800,0.861,0.139,No,43,0.592,0.408,Gender balanced,0.007,Retail Trade
6-digit,112231,Communications Manager (Public Relations),11200,0.841,0.16,No,41,0.277,0.723,Moderately female dominated,0.015,Public Administration and Safety
6-digit,113131,Chief Information Officer,4600,0.964,0.036,No,45,0.896,0.103,Highly male dominated,0.003,"Professional, Scientific and Technical Services"
6-digit,113132,Chief Information Security Officer,1100,0.972,0.027,No,45,0.847,0.154,Highly male dominated,0,"Professional, Scientific and Technical Services"
6-digit,113231,ICT Operations Manager,1700,0.95,0.05,No,44,0.793,0.207,Highly male dominated,0.004,"Professional, Scientific and Technical Services"
6-digit,113232,ICT Project Manager,55100,0.928,0.072,No,44,0.753,0.247,Highly male dominated,0.004,"Professional, Scientific and Technical Services"
6-digit,113233,ICT Service Delivery Manager,4100,0.953,0.046,No,43,0.727,0.273,Moderately male dominated,0.006,"Professional, Scientific and Technical Services"
6-digit,113299,ICT Managers nec,6700,0.937,0.063,No,44,0.809,0.191,Highly male dominated,0.005,"Professional, Scientific and Technical Services"
6-digit,121131,Chief Executive or Managing Director,97500,0.834,0.166,No,51,0.756,0.244,Highly male dominated,0.014,"Professional, Scientific and Technical Services"
6-digit,121231,Corporate General Manager,68400,0.858,0.142,No,47,0.683,0.317,Moderately male dominated,0.012,Health Care and Social Assistance
6-digit,121232,Defence Force Senior Officer,370,,,,,,,,,
6-digit,121331,Local Government Legislator,1500,0.54,0.46,No,55,0.473,0.526,Gender balanced,0.063,Public Administration and Safety
6-digit,121332,Member of Parliament,840,0.961,0.037,No,50,0.615,0.389,Moderately male dominated,0.02,Public Administration and Safety
6-digit,121399,Legislators nec,110,,,,,,,,,
6-digit,131131,Construction Project Manager,66800,0.899,0.101,No,42,0.864,0.136,Highly male dominated,0.011,Construction
6-digit,131231,Engineering Manager,22600,0.938,0.062,No,45,0.897,0.103,Highly male dominated,0.005,"Professional, Scientific and Technical Services"
6-digit,131331,Project Builder,46600,0.82,0.18,No,45,0.962,0.039,Almost completely male dominated,0.018,Construction
6-digit,131431,Property Developer,4800,0.813,0.188,No,43,0.778,0.221,Highly male dominated,0.006,"Rental, Hiring and Real Estate Services"
6-digit,131931,Surveying Manager,490,,,,,,,,,
6-digit,131999,Construction and Engineering Managers nec,3800,0.947,0.052,No,30,0.859,0.141,Highly male dominated,0.009,Construction
6-digit,132131,Manufacturer,15200,0.739,0.261,No,47,0.735,0.266,Moderately male dominated,0.017,Manufacturing
6-digit,132231,Forest Manager,540,0.912,0.098,No,47,0.841,0.157,Highly male dominated,0.032,"Agriculture, Forestry and Fishing"
6-digit,132232,Production Manager (Manufacturing),37300,0.908,0.092,No,46,0.819,0.181,Highly male dominated,0.011,Manufacturing
6-digit,132233,Production Manager (Mining),10600,0.947,0.053,No,45,0.869,0.131,Highly male dominated,0.02,Mining
6-digit,133131,Importer or Exporter,3000,0.662,0.336,No,48,0.651,0.347,Moderately male dominated,0.003,Wholesale Trade
6-digit,133132,Wholesaler,9800,0.764,0.235,No,49,0.759,0.242,Highly male dominated,0.008,Wholesale Trade
6-digit,133231,Procurement Manager,12100,0.905,0.095,No,45,0.634,0.366,Moderately male dominated,0.007,Manufacturing
6-digit,133331,Supply and Distribution Manager,39500,0.921,0.079,No,44,0.773,0.227,Highly male dominated,0.012,"Transport, Postal and Warehousing"
6-digit,141131,Assistant School Principal,10500,0.937,0.062,No,46,0.283,0.717,Moderately female dominated,0.018,Education and Training
6-digit,141132,School Principal,13900,0.962,0.038,No,51,0.402,0.598,Gender balanced,0.017,Education and Training
6-digit,141231,Children's Education and Care Service Director,14700,0.738,0.262,No,40,0.073,0.926,Almost completely female dominated,0.023,Health Care and Social Assistance
6-digit,141331,Aged Care Manager,6800,0.882,0.117,No,48,0.208,0.792,Highly female dominated,0.021,Health Care and Social Assistance
6-digit,141332,Director of Nursing / Midwifery,1500,0.921,0.079,No,52,0.14,0.863,Highly female dominated,0.014,Health Care and Social Assistance
6-digit,141333,Medical Administrator,3000,0.757,0.242,No,47,0.258,0.744,Moderately female dominated,0.016,Health Care and Social Assistance
6-digit,141334,Paramedic Manager,310,,,,,,,,,
6-digit,141335,Welfare Centre Manager,1200,0.844,0.163,No,48,0.277,0.722,Moderately female dominated,0.053,Health Care and Social Assistance
6-digit,141399,Health and Welfare Service Managers nec,12300,0.851,0.148,No,46,0.278,0.722,Moderately female dominated,0.028,Health Care and Social Assistance
6-digit,141431,Faculty Manager,5700,0.898,0.102,No,50,0.405,0.595,Gender balanced,0.015,Education and Training
6-digit,141432,Regional Education Manager,1300,0.881,0.116,No,51,0.376,0.623,Moderately female dominated,0.024,Education and Training
6-digit,141499,Education Managers nec,3900,0.782,0.218,No,46,0.325,0.676,Moderately female dominated,0.02,Education and Training
6-digit,149131,Arts Administrator or Manager,2000,0.649,0.353,No,45,0.283,0.714,Moderately female dominated,0.017,Arts and Recreation Services
6-digit,149132,Library Services Manager,990,0.766,0.232,No,53,0.149,0.848,Highly female dominated,0.009,Education and Training
6-digit,149133,Sports Administrator,2900,0.765,0.237,No,38,0.613,0.388,Moderately male dominated,0.016,Arts and Recreation Services
6-digit,149199,"Arts, Culture and Sports Administrators nec",350,,,,,,,,,
6-digit,149231,Commissioned Defence Force Officer,8600,0.894,0.106,No,36,0.804,0.195,Highly male dominated,0.016,Public Administration and Safety
6-digit,149232,Commissioned Fire Officer,1900,0.958,0.046,Yes,51,0.933,0.07,Almost completely male dominated,0.016,Public Administration and Safety
6-digit,149233,Commissioned Police Officer,3800,0.943,0.058,Yes,49,0.771,0.228,Highly male dominated,0.015,Public Administration and Safety
6-digit,149331,Environmental Manager,3000,0.875,0.125,No,43,0.591,0.41,Gender balanced,0.016,Public Administration and Safety
6-digit,149332,Exploration Manager,900,0.912,0.086,No,46,0.723,0.28,Moderately male dominated,0.016,Mining
6-digit,149333,Laboratory Manager,3000,0.853,0.145,No,45,0.516,0.483,Gender balanced,0.006,"Professional, Scientific and Technical Services"
6-digit,149399,Scientific and Environmental Managers nec,790,0.912,0.092,No,47,0.624,0.374,Moderately male dominated,0.029,Public Administration and Safety
6-digit,149431,Senior Non-commissioned Defence Force Member,4200,0.898,0.101,No,44,0.838,0.163,Highly male dominated,0.025,Public Administration and Safety
6-digit,149931,Airport Manager,1500,0.909,0.09,No,45,0.6,0.398,Moderately male dominated,0.012,"Transport, Postal and Warehousing"
6-digit,149932,Correctional Facility Manager,610,0.94,0.069,No,49,0.664,0.336,Moderately male dominated,0.018,Public Administration and Safety
6-digit,149933,Emergency Management Officer,760,0.895,0.099,No,49,0.618,0.38,Moderately male dominated,0.022,Public Administration and Safety
6-digit,149999,Specialist Managers nec,11700,0.9,0.1,No,44,0.601,0.398,Moderately male dominated,0.011,Financial and Insurance Services
6-digit,151131,Cotton Grower,160,,,,,,,,,
6-digit,151132,"Grain, Oilseed, Pulse or Pasture Grower",6700,0.811,0.189,No,55,0.796,0.204,Highly male dominated,0.007,"Agriculture, Forestry and Fishing"
6-digit,151133,Sugar Cane Grower,1500,0.828,0.169,No,60,0.841,0.158,Highly male dominated,0.002,"Agriculture, Forestry and Fishing"
6-digit,151199,Broadacre Crop Growers nec,200,,,,,,,,,
6-digit,151231,Flower Grower,810,0.65,0.354,No,52,0.585,0.411,Gender balanced,0.004,"Agriculture, Forestry and Fishing"
6-digit,151232,Fruit Grower,5700,0.719,0.281,No,53,0.742,0.258,Moderately male dominated,0.007,"Agriculture, Forestry and Fishing"
6-digit,151233,Nut Grower,680,0.775,0.231,No,52,0.77,0.238,Highly male dominated,0.02,"Agriculture, Forestry and Fishing"
6-digit,151234,Production Nursery Grower,790,0.735,0.258,No,49,0.601,0.403,Moderately male dominated,0.013,"Agriculture, Forestry and Fishing"
6-digit,151235,Turf Grower,290,,,,,,,,,
6-digit,151236,Vegetable Grower,4400,0.714,0.285,No,49,0.673,0.327,Moderately male dominated,0.007,"Agriculture, Forestry and Fishing"
6-digit,151237,Wine Grape Grower,1200,0.726,0.272,No,57,0.739,0.261,Moderately male dominated,0.004,"Agriculture, Forestry and Fishing"
6-digit,151299,Horticultural Crop Growers nec,3200,0.718,0.281,No,49,0.73,0.269,Moderately male dominated,0.012,"Agriculture, Forestry and Fishing"
6-digit,151331,Aquaculture Farmer,1400,0.758,0.242,No,43,0.838,0.16,Highly male dominated,0.069,"Agriculture, Forestry and Fishing"
6-digit,151332,Broadacre Crop and Livestock Farmer,18900,0.817,0.183,No,56,0.734,0.267,Moderately male dominated,0.007,"Agriculture, Forestry and Fishing"
6-digit,151399,Mixed Production and Aquaculture Farmers nec,4200,0.8,0.2,No,55,0.725,0.273,Moderately male dominated,0.006,"Agriculture, Forestry and Fishing"
6-digit,152131,Beef Cattle Farmer,24300,0.709,0.29,No,62,0.676,0.324,Moderately male dominated,0.01,"Agriculture, Forestry and Fishing"
6-digit,152231,Dairy Cattle Farmer,7400,0.833,0.167,No,48,0.675,0.324,Moderately male dominated,0.014,"Agriculture, Forestry and Fishing"
6-digit,152331,Mixed Cattle and Sheep Farmer,2000,0.802,0.199,No,60,0.713,0.288,Moderately male dominated,0.007,"Agriculture, Forestry and Fishing"
6-digit,152431,Sheep Farmer,8200,0.736,0.265,No,60,0.704,0.296,Moderately male dominated,0.009,"Agriculture, Forestry and Fishing"
6-digit,152931,Apiarist,1600,0.674,0.328,No,50,0.78,0.218,Highly male dominated,0.023,"Agriculture, Forestry and Fishing"
6-digit,152932,Goat Farmer,180,,,,,,,,,
6-digit,152933,Horse Breeder,690,0.78,0.218,No,53,0.469,0.531,Gender balanced,0.007,"Agriculture, Forestry and Fishing"
6-digit,152934,Pig Farmer,440,,,,,,,,,
6-digit,152935,Poultry Farmer,1600,0.812,0.184,No,46,0.725,0.277,Moderately male dominated,0.024,"Agriculture, Forestry and Fishing"
6-digit,152999,Livestock Farmers nec,1200,0.744,0.258,No,53,0.547,0.456,Gender balanced,0.019,"Agriculture, Forestry and Fishing"
6-digit,161131,Accommodation Service Manager,2100,0.68,0.324,Yes,39,0.452,0.548,Gender balanced,0.012,Accommodation and Food Services
6-digit,161231,Cafe or Restaurant Manager,86200,0.683,0.317,No,39,0.488,0.512,Gender balanced,0.013,Accommodation and Food Services
6-digit,161232,Catering Manager,11500,0.659,0.342,No,43,0.439,0.56,Gender balanced,0.013,Accommodation and Food Services
6-digit,161331,Amusement Centre Manager,1400,0.581,0.423,Yes,34,0.587,0.418,Gender balanced,0.018,Arts and Recreation Services
6-digit,161332,Betting Agency Manager,390,,,,,,,,,
6-digit,161333,Cinema or Theatre Manager,1500,0.471,0.53,Yes,32,0.476,0.526,Gender balanced,0.012,Information Media and Telecommunications
6-digit,161334,Fitness Centre Manager,5700,0.622,0.379,Yes,35,0.494,0.506,Gender balanced,0.014,Arts and Recreation Services
6-digit,161335,Sports Centre Manager,4700,0.628,0.371,Yes,40,0.563,0.438,Gender balanced,0.017,Arts and Recreation Services
6-digit,161399,"Entertainment, Fitness and Sports Venue Managers nec",430,,,,,,,,,
6-digit,161431,Hotel or Motel Manager,18300,0.734,0.266,Yes,44,0.557,0.443,Gender balanced,0.017,Accommodation and Food Services
6-digit,161531,Licensed Club Manager,4400,0.652,0.349,Yes,43,0.526,0.474,Gender balanced,0.023,Accommodation and Food Services
6-digit,161631,Senior Chef,11100,0.717,0.283,Yes,36,0.77,0.23,Highly male dominated,0.014,Accommodation and Food Services
6-digit,161931,Caravan Park and Camping Ground Manager,3300,0.819,0.181,No,54,0.503,0.497,Gender balanced,0.023,Accommodation and Food Services
6-digit,161932,Hosted Accommodation Operator,1700,0.256,0.744,Yes,60,0.298,0.704,Moderately female dominated,0.007,Accommodation and Food Services
6-digit,161933,Travel Agency Manager,940,0.607,0.396,No,48,0.408,0.6,Gender balanced,0.003,Administrative and Support Services
6-digit,161999,"Hospitality, Tourism and Venue Managers nec",6400,0.63,0.37,No,47,0.472,0.528,Gender balanced,0.023,Accommodation and Food Services
6-digit,162131,Retail Manager (General),129300,0.762,0.238,No,41,0.489,0.511,Gender balanced,0.014,Retail Trade
6-digit,162132,Antique Dealer,550,0.46,0.54,No,60,0.558,0.444,Gender balanced,0.011,Retail Trade
6-digit,162133,Post Office Manager,3100,0.822,0.178,No,53,0.48,0.521,Gender balanced,0.019,"Transport, Postal and Warehousing"
6-digit,171131,Financial Institution Manager,9400,0.928,0.071,No,43,0.47,0.53,Gender balanced,0.009,Financial and Insurance Services
6-digit,171231,Office Manager,97400,0.607,0.393,No,48,0.124,0.876,Highly female dominated,0.014,Construction
6-digit,171232,Payroll Manager,7200,0.73,0.271,No,46,0.168,0.832,Highly female dominated,0.011,Health Care and Social Assistance
6-digit,171331,Health Practice Manager,23900,0.581,0.418,No,48,0.093,0.907,Almost completely female dominated,0.015,Health Care and Social Assistance
6-digit,171332,Legal Practice Manager,460,,,,,,,,,
6-digit,171333,Veterinary Practice Manager,410,,,,,,,,,
6-digit,171399,Practice Managers nec,2500,0.694,0.308,No,45,0.172,0.83,Highly female dominated,0.011,"Professional, Scientific and Technical Services"
6-digit,171431,Real Estate Agency Principal,6000,0.79,0.209,No,49,0.611,0.39,Moderately male dominated,0.006,"Rental, Hiring and Real Estate Services"
6-digit,172131,Call or Contact Centre Manager,3700,0.902,0.097,No,42,0.588,0.412,Gender balanced,0.014,Construction
6-digit,172132,Customer Service Manager,46600,0.869,0.131,No,42,0.497,0.503,Gender balanced,0.013,Retail Trade
6-digit,172231,Event Manager,21600,0.628,0.372,Yes,36,0.242,0.758,Highly female dominated,0.013,Administrative and Support Services
6-digit,172331,Facilities Manager,19400,0.859,0.141,No,48,0.768,0.232,Highly male dominated,0.014,"Rental, Hiring and Real Estate Services"
6-digit,172431,Hair or Beauty Salon Manager,5000,0.57,0.431,Yes,38,0.164,0.834,Highly female dominated,0.013,Other Services
6-digit,172499,"Hair, Body and Beauty Service Managers nec",350,,,,,,,,,
6-digit,172531,Fleet Manager,3600,0.911,0.088,No,46,0.736,0.266,Moderately male dominated,0.017,"Transport, Postal and Warehousing"
6-digit,172532,Railway Station Manager,860,0.939,0.059,No,52,0.765,0.23,Highly male dominated,0.016,"Transport, Postal and Warehousing"
6-digit,172533,Transport Company Manager,9400,0.771,0.229,No,50,0.822,0.178,Highly male dominated,0.015,"Transport, Postal and Warehousing"
6-digit,172931,Boarding Kennel or Cattery Operator,580,0.652,0.339,No,54,0.319,0.676,Moderately female dominated,0.016,Other Services
6-digit,172932,Equipment Hire Manager,3200,0.817,0.182,No,46,0.772,0.228,Highly male dominated,0.014,"Rental, Hiring and Real Estate Services"
6-digit,172933,Retirement Village Manager,1300,0.803,0.2,No,54,0.31,0.686,Moderately female dominated,0.011,Health Care and Social Assistance
6-digit,172934,Security Manager (Non-ICT),2300,0.903,0.099,No,46,0.852,0.151,Highly male dominated,0.018,Public Administration and Safety
6-digit,172999,Service Managers nec,8600,0.761,0.238,No,47,0.717,0.283,Moderately male dominated,0.016,"Transport, Postal and Warehousing"
6-digit,211131,Accountant (General),128400,0.779,0.221,No,40,0.46,0.54,Gender balanced,0.004,"Professional, Scientific and Technical Services"
6-digit,211132,Corporate Treasurer,4000,0.913,0.086,No,39,0.578,0.421,Gender balanced,0.003,Financial and Insurance Services
6-digit,211133,Forensic Accountant,1600,0.823,0.172,No,37,0.491,0.506,Gender balanced,0.004,"Professional, Scientific and Technical Services"
6-digit,211134,Management Accountant,7900,0.867,0.133,No,40,0.461,0.538,Gender balanced,0.002,Public Administration and Safety
6-digit,211135,Taxation Accountant,13600,0.739,0.261,No,42,0.493,0.507,Gender balanced,0.005,"Professional, Scientific and Technical Services"
6-digit,211231,External Auditor,13200,0.854,0.146,No,35,0.518,0.482,Gender balanced,0.006,"Professional, Scientific and Technical Services"
6-digit,211232,Internal Auditor,6500,0.855,0.145,No,39,0.44,0.559,Gender balanced,0.006,Financial and Insurance Services
6-digit,212131,Financial Adviser,23800,0.846,0.154,No,43,0.687,0.313,Moderately male dominated,0.005,Financial and Insurance Services
6-digit,212231,Financial Market Dealer,1600,0.825,0.175,No,38,0.828,0.174,Highly male dominated,0.002,Financial and Insurance Services
6-digit,212232,Stockbroker,2800,0.77,0.229,No,46,0.845,0.154,Highly male dominated,0.003,Financial and Insurance Services
6-digit,212331,Capital Markets Specialist,1500,0.88,0.121,No,34,0.747,0.257,Moderately male dominated,0.007,Financial and Insurance Services
6-digit,212332,Investment Analyst,3200,0.906,0.093,No,32,0.685,0.316,Moderately male dominated,0.005,Financial and Insurance Services
6-digit,212333,Investment Manager,10500,0.814,0.186,No,44,0.675,0.325,Moderately male dominated,0.005,Financial and Insurance Services
6-digit,212931,Credit Risk Manager,2400,0.933,0.065,No,40,0.62,0.381,Moderately male dominated,0.004,Financial and Insurance Services
6-digit,212999,Financial Services and Investment Specialists nec,1900,0.921,0.082,No,40,0.575,0.426,Gender balanced,0.005,Financial and Insurance Services
6-digit,221131,Advertising Specialist,8500,0.84,0.16,No,35,0.444,0.557,Gender balanced,0.006,"Professional, Scientific and Technical Services"
6-digit,221231,Communications Officer (Public Relations),22900,0.735,0.265,No,36,0.261,0.739,Moderately female dominated,0.013,Public Administration and Safety
6-digit,221331,Electorate Officer,2700,0.687,0.312,No,36,0.396,0.604,Moderately female dominated,0.014,Public Administration and Safety
6-digit,221332,Liaison Officer,8700,0.722,0.278,No,41,0.278,0.722,Moderately female dominated,0.154,Public Administration and Safety
6-digit,221431,ICT Business Development Manager,2300,0.938,0.059,No,41,0.815,0.183,Highly male dominated,0.003,"Professional, Scientific and Technical Services"
6-digit,221531,Content Creator (Marketing),22900,0.791,0.209,No,34,0.427,0.573,Gender balanced,0.006,"Professional, Scientific and Technical Services"
6-digit,221532,Digital Marketing Analyst,690,0.841,0.156,No,32,0.452,0.538,Gender balanced,0,"Professional, Scientific and Technical Services"
6-digit,221533,Market Research Analyst,1600,0.715,0.286,No,36,0.424,0.572,Gender balanced,0.004,"Professional, Scientific and Technical Services"
6-digit,221534,Marketing Specialist,49100,0.745,0.256,No,35,0.353,0.647,Moderately female dominated,0.006,"Professional, Scientific and Technical Services"
6-digit,221631,ICT Account Manager,7300,0.943,0.057,No,38,0.664,0.336,Moderately male dominated,0.005,"Professional, Scientific and Technical Services"
6-digit,221632,ICT Sales Representative,6400,0.911,0.09,No,40,0.746,0.254,Moderately male dominated,0.005,"Professional, Scientific and Technical Services"
6-digit,221633,Sales Representative (Industrial Products),11700,0.922,0.078,No,46,0.873,0.127,Highly male dominated,0.01,Wholesale Trade
6-digit,221634,Sales Representative (Medical and Pharmaceutical Products),9000,0.881,0.119,No,43,0.425,0.575,Gender balanced,0.005,Wholesale Trade
6-digit,221699,Technical Sales Representatives nec,1200,0.883,0.112,No,43,0.645,0.353,Moderately male dominated,0.009,"Professional, Scientific and Technical Services"
6-digit,222131,Human Resources Adviser,35500,0.782,0.217,No,37,0.185,0.815,Highly female dominated,0.02,Public Administration and Safety
6-digit,222132,Workplace Relations Adviser,1300,0.78,0.217,No,40,0.418,0.587,Gender balanced,0.014,Public Administration and Safety
6-digit,222231,Recruitment Consultant,20700,0.83,0.17,No,35,0.339,0.661,Moderately female dominated,0.014,Administrative and Support Services
6-digit,222331,Rehabilitation Consultant,3600,0.746,0.253,No,40,0.394,0.606,Moderately female dominated,0.01,Health Care and Social Assistance
6-digit,222332,Work Health and Safety Adviser,17000,0.856,0.144,No,45,0.582,0.418,Gender balanced,0.023,Construction
6-digit,222431,Training and Development Professional,30800,0.723,0.277,No,46,0.462,0.538,Gender balanced,0.023,Education and Training
6-digit,223131,Actuary,2400,0.886,0.112,No,33,0.658,0.34,Moderately male dominated,0,Financial and Insurance Services
6-digit,223132,Mathematician,660,0.847,0.149,No,36,0.771,0.226,Highly male dominated,0.008,Financial and Insurance Services
6-digit,223133,Statistician,3000,0.715,0.284,No,40,0.464,0.535,Gender balanced,0.007,"Professional, Scientific and Technical Services"
6-digit,223231,Data Analyst,23300,0.861,0.139,No,36,0.578,0.422,Gender balanced,0.005,"Professional, Scientific and Technical Services"
6-digit,223232,Data Architect,2200,0.843,0.16,No,43,0.589,0.413,Gender balanced,0.008,"Professional, Scientific and Technical Services"
6-digit,223233,Data Engineer,3100,0.924,0.076,No,36,0.788,0.212,Highly male dominated,0,"Professional, Scientific and Technical Services"
6-digit,223234,Data Scientist,3400,0.879,0.121,No,34,0.727,0.273,Moderately male dominated,0.004,"Professional, Scientific and Technical Services"
6-digit,223331,Intelligence Analyst,5200,0.854,0.145,No,37,0.474,0.527,Gender balanced,0.016,Public Administration and Safety
6-digit,223332,Policy Analyst,17900,0.779,0.221,No,38,0.343,0.657,Moderately female dominated,0.025,Public Administration and Safety
6-digit,223431,Enterprise Architect,1300,0.927,0.071,No,45,0.776,0.221,Highly male dominated,0.003,"Professional, Scientific and Technical Services"
6-digit,223432,Management Consultant,62800,0.787,0.213,No,42,0.593,0.407,Gender balanced,0.008,"Professional, Scientific and Technical Services"
6-digit,223433,Organisation and Methods Analyst,14200,0.847,0.153,No,42,0.359,0.641,Moderately female dominated,0.007,Financial and Insurance Services
6-digit,223434,Supply Chain Analyst,1300,0.903,0.1,No,39,0.578,0.426,Gender balanced,0.01,Manufacturing
6-digit,223531,Asset Manager (Property),1300,0.85,0.149,No,43,0.567,0.428,Gender balanced,0.01,"Rental, Hiring and Real Estate Services"
6-digit,223532,Valuer,5200,0.842,0.157,No,41,0.748,0.252,Moderately male dominated,0.007,"Rental, Hiring and Real Estate Services"
6-digit,223931,Company Secretary,2900,0.554,0.445,No,55,0.231,0.771,Highly female dominated,0.005,"Professional, Scientific and Technical Services"
6-digit,223932,Cost Controller,3000,0.867,0.133,No,41,0.506,0.494,Gender balanced,0.008,"Professional, Scientific and Technical Services"
6-digit,223933,Health Information Manager,2400,0.757,0.244,No,45,0.217,0.783,Highly female dominated,0.012,Health Care and Social Assistance
6-digit,223934,Patents Examiner,460,,,,,,,,,
6-digit,223935,Records or Information Manager,2000,0.8,0.2,No,47,0.327,0.672,Moderately female dominated,0.015,Public Administration and Safety
6-digit,223999,Information and Organisation Professionals nec,8300,0.804,0.195,No,42,0.444,0.556,Gender balanced,0.015,Public Administration and Safety
6-digit,231131,Actor,1600,0.299,0.698,Yes,36,0.515,0.488,Gender balanced,0.03,Arts and Recreation Services
6-digit,231132,Circus Performer or Trainer,810,0.275,0.717,Yes,30,0.484,0.515,Gender balanced,0.03,Arts and Recreation Services
6-digit,231133,Content Creator (Social Media),950,0.474,0.526,No,29,0.449,0.558,Gender balanced,0.011,Arts and Recreation Services
6-digit,231134,Dancer or Choreographer,980,0.407,0.588,Yes,26,0.297,0.708,Moderately female dominated,0.072,Arts and Recreation Services
6-digit,231135,Entertainer or Variety Performer,560,0.303,0.688,Yes,33,0.536,0.475,Gender balanced,0.02,Arts and Recreation Services
6-digit,231199,"Actors, Dancers and Other Entertainers nec",1200,0.401,0.606,Yes,30,0.534,0.468,Gender balanced,0.02,Arts and Recreation Services
6-digit,231231,Author,4200,0.47,0.529,No,48,0.365,0.634,Moderately female dominated,0.015,Arts and Recreation Services
6-digit,231232,Book or Script Editor,1300,0.471,0.531,No,47,0.217,0.782,Highly female dominated,0.016,Information Media and Telecommunications
6-digit,231331,Copywriter,3000,0.538,0.463,No,37,0.328,0.67,Moderately female dominated,0.004,"Professional, Scientific and Technical Services"
6-digit,231332,Journalist,7400,0.727,0.273,No,38,0.465,0.536,Gender balanced,0.012,Information Media and Telecommunications
6-digit,231333,Print or Digital Content Editor,5200,0.643,0.357,No,41,0.356,0.645,Moderately female dominated,0.009,Information Media and Telecommunications
6-digit,231334,Technical Writer,3700,0.682,0.317,No,46,0.418,0.583,Gender balanced,0.008,"Professional, Scientific and Technical Services"
6-digit,231399,Journalists and Other Writers nec,1100,0.548,0.452,No,41,0.379,0.618,Moderately female dominated,0.01,Information Media and Telecommunications
6-digit,231431,Artistic Director,370,,,,,,,,,
6-digit,231432,Audio or Live Performance Director,230,,,,,,,,,
6-digit,231433,Cinematographer,560,0.599,0.417,Yes,37,0.909,0.087,Almost completely male dominated,0.011,Information Media and Telecommunications
6-digit,231434,Film and Video Editor,3500,0.679,0.321,No,33,0.715,0.284,Moderately male dominated,0.008,Information Media and Telecommunications
6-digit,231435,Production Manager (Screen or Live Performance),890,0.72,0.285,No,38,0.431,0.578,Gender balanced,0.003,Information Media and Telecommunications
6-digit,231436,Screen Director,1700,0.711,0.291,No,39,0.771,0.232,Highly male dominated,0.016,Information Media and Telecommunications
6-digit,231437,Screen or Live Performance Designer,370,,,,,,,,,
6-digit,231438,Technical Director,1700,0.877,0.122,No,46,0.902,0.099,Almost completely male dominated,0.007,"Professional, Scientific and Technical Services"
6-digit,231499,Media Directors and Designers nec,590,0.731,0.269,No,42,0.578,0.414,Gender balanced,0.019,Information Media and Telecommunications
6-digit,231531,Audio Producer,2300,0.702,0.297,No,37,0.603,0.395,Moderately male dominated,0.016,Information Media and Telecommunications
6-digit,231532,Live Performance Producer,170,,,,,,,,,
6-digit,231533,Screen Producer,5900,0.765,0.235,No,39,0.541,0.457,Gender balanced,0.012,Information Media and Telecommunications
6-digit,231631,Composer,430,,,,,,,,,
6-digit,231632,Music Director,460,,,,,,,,,
6-digit,231633,Musician (Instrumental),5400,0.305,0.695,Yes,39,0.709,0.291,Moderately male dominated,0.017,Arts and Recreation Services
6-digit,231634,Singer,730,0.285,0.731,Yes,36,0.464,0.543,Gender balanced,0.019,Arts and Recreation Services
6-digit,231699,Music Professionals nec,330,,,,,,,,,
6-digit,231731,Painter (Visual Arts),4200,0.429,0.572,No,49,0.336,0.664,Moderately female dominated,0.082,Arts and Recreation Services
6-digit,231732,Potter or Ceramic Artist,890,0.443,0.552,No,49,0.24,0.755,Highly female dominated,0.011,Manufacturing
6-digit,231733,Sculptor,630,0.592,0.411,No,54,0.592,0.402,Gender balanced,0.016,Arts and Recreation Services
6-digit,231799,Visual Arts and Crafts Professionals nec,2900,0.481,0.518,No,46,0.342,0.657,Moderately female dominated,0.032,Arts and Recreation Services
6-digit,231931,Community Arts Worker,620,0.497,0.501,No,43,0.262,0.733,Moderately female dominated,0.116,Public Administration and Safety
6-digit,231932,Media Presenter,1900,0.571,0.426,No,42,0.687,0.314,Moderately male dominated,0.049,Information Media and Telecommunications
6-digit,232131,Librarian,6400,0.578,0.423,No,51,0.163,0.837,Highly female dominated,0.012,Education and Training
6-digit,232231,Religious Leader,17700,0.646,0.355,No,50,0.694,0.306,Moderately male dominated,0.009,Other Services
6-digit,232331,Archaeologist,750,0.698,0.306,No,37,0.42,0.576,Gender balanced,0.041,"Professional, Scientific and Technical Services"
6-digit,232332,Archivist,920,0.525,0.475,No,51,0.317,0.687,Moderately female dominated,0.015,Education and Training
6-digit,232333,Economist,3400,0.828,0.172,No,38,0.652,0.348,Moderately male dominated,0.005,Public Administration and Safety
6-digit,232334,Gallery or Museum Curator,1500,0.672,0.328,No,45,0.295,0.704,Moderately female dominated,0.044,Arts and Recreation Services
6-digit,232335,Heritage Consultant,1100,0.6,0.403,No,41,0.403,0.599,Gender balanced,0.136,"Professional, Scientific and Technical Services"
6-digit,232336,Historian,520,0.49,0.521,No,54,0.381,0.617,Moderately female dominated,0.039,"Professional, Scientific and Technical Services"
6-digit,232399,Social Science and Related Professionals nec,1200,0.525,0.47,No,43,0.39,0.61,Moderately female dominated,0.077,Education and Training
6-digit,241131,Architect,19600,0.808,0.192,No,40,0.655,0.345,Moderately male dominated,0.004,"Professional, Scientific and Technical Services"
6-digit,241132,Landscape Architect,2700,0.76,0.24,No,37,0.516,0.482,Gender balanced,0.006,"Professional, Scientific and Technical Services"
6-digit,241133,Urban Designer,1100,0.772,0.229,No,40,0.501,0.502,Gender balanced,0.006,Public Administration and Safety
6-digit,241231,Cartographer,300,,,,,,,,,
6-digit,241232,Engineering Surveyor,2200,0.882,0.118,No,39,0.965,0.035,Almost completely male dominated,0.013,"Professional, Scientific and Technical Services"
6-digit,241233,Geospatial Specialist,3800,0.839,0.161,No,42,0.637,0.362,Moderately male dominated,0.008,Public Administration and Safety
6-digit,241234,Land Surveyor,2700,0.82,0.18,No,40,0.937,0.061,Almost completely male dominated,0.011,"Professional, Scientific and Technical Services"
6-digit,241235,Mine Surveyor,820,0.913,0.095,Yes,38,0.945,0.044,Almost completely male dominated,0.021,Mining
6-digit,241299,Geospatial Information Professionals and Surveyors nec,1400,0.856,0.144,No,40,0.925,0.078,Almost completely male dominated,0.018,"Professional, Scientific and Technical Services"
6-digit,241331,Urban and Regional Planner,12900,0.804,0.196,No,39,0.529,0.471,Gender balanced,0.008,Public Administration and Safety
6-digit,241931,Building Surveyor,2900,0.87,0.13,No,44,0.856,0.143,Highly male dominated,0.012,"Professional, Scientific and Technical Services"
6-digit,241932,Quantity Surveyor,4000,0.873,0.127,No,39,0.771,0.229,Highly male dominated,0.004,"Professional, Scientific and Technical Services"
6-digit,242131,Multimedia Designer,2300,0.764,0.236,No,38,0.536,0.463,Gender balanced,0.006,Education and Training
6-digit,242132,UI / UX Designer,3000,0.886,0.114,No,34,0.507,0.495,Gender balanced,0.004,"Professional, Scientific and Technical Services"
6-digit,242133,Web Designer,5700,0.691,0.31,No,36,0.53,0.47,Gender balanced,0.008,"Professional, Scientific and Technical Services"
6-digit,242231,Fashion Designer,4000,0.667,0.334,No,37,0.234,0.766,Highly female dominated,0.007,"Professional, Scientific and Technical Services"
6-digit,242232,Industrial Designer,3000,0.837,0.162,No,35,0.694,0.307,Moderately male dominated,0.001,"Professional, Scientific and Technical Services"
6-digit,242233,Jewellery Designer,670,0.518,0.481,No,42,0.184,0.822,Highly female dominated,0.016,"Professional, Scientific and Technical Services"
6-digit,242234,Textile Designer,960,0.688,0.304,No,38,0.402,0.604,Moderately female dominated,0.004,"Professional, Scientific and Technical Services"
6-digit,242331,Animator or Visual Effects Artist,2500,0.8,0.199,No,34,0.742,0.261,Moderately male dominated,0.009,Information Media and Telecommunications
6-digit,242332,Graphic Designer,27000,0.629,0.372,No,37,0.4,0.6,Gender balanced,0.008,"Professional, Scientific and Technical Services"
6-digit,242333,Illustrator,1400,0.545,0.45,No,37,0.486,0.515,Gender balanced,0.007,Arts and Recreation Services
6-digit,242431,Interior Designer,12300,0.626,0.374,No,39,0.203,0.797,Highly female dominated,0.005,"Professional, Scientific and Technical Services"
6-digit,243131,Chemical Engineer,2700,0.87,0.131,No,38,0.775,0.226,Highly male dominated,0.004,Manufacturing
6-digit,243132,Extractive Metallurgist,910,0.858,0.139,No,40,0.801,0.196,Highly male dominated,0.008,Mining
6-digit,243133,Materials Engineer,700,0.829,0.164,No,37,0.817,0.177,Highly male dominated,0.006,"Professional, Scientific and Technical Services"
6-digit,243231,Civil Engineer,21900,0.892,0.107,No,34,0.866,0.134,Highly male dominated,0.006,Construction
6-digit,243232,Geotechnical Engineer,2500,0.892,0.104,No,35,0.85,0.153,Highly male dominated,0.006,"Professional, Scientific and Technical Services"
6-digit,243233,Rail Engineer,750,0.927,0.073,No,35,0.843,0.164,Highly male dominated,0.007,"Professional, Scientific and Technical Services"
6-digit,243234,Structural Engineer,8800,0.878,0.122,No,36,0.868,0.132,Highly male dominated,0.003,"Professional, Scientific and Technical Services"
6-digit,243235,Transport Engineer,2200,0.889,0.11,No,36,0.794,0.208,Highly male dominated,0.008,Public Administration and Safety
6-digit,243236,Water Engineer,2000,0.854,0.144,No,37,0.727,0.271,Moderately male dominated,0.005,"Professional, Scientific and Technical Services"
6-digit,243331,Electrical Engineer,11900,0.895,0.105,No,38,0.898,0.102,Highly male dominated,0.006,"Professional, Scientific and Technical Services"
6-digit,243332,Rail Signalling Engineer,1100,0.92,0.087,No,38,0.885,0.114,Highly male dominated,0.01,"Transport, Postal and Warehousing"
6-digit,243431,Electronics Engineer,4600,0.866,0.134,No,42,0.928,0.071,Almost completely male dominated,0.003,"Professional, Scientific and Technical Services"
6-digit,243531,Industrial Engineer,6000,0.889,0.111,No,39,0.827,0.172,Highly male dominated,0.005,Manufacturing
6-digit,243532,Mechanical Engineer,22600,0.899,0.101,No,37,0.933,0.067,Almost completely male dominated,0.006,Manufacturing
6-digit,243533,Production or Plant Engineer,5400,0.909,0.091,No,37,0.895,0.105,Highly male dominated,0.004,Manufacturing
6-digit,243631,Mining Engineer (excluding Petroleum),6300,0.897,0.102,No,37,0.862,0.14,Highly male dominated,0.006,Mining
6-digit,243632,Petroleum Engineer,2600,0.903,0.099,No,39,0.818,0.181,Highly male dominated,0.003,Mining
6-digit,243931,Acoustic Engineer,810,0.848,0.148,No,35,0.884,0.116,Highly male dominated,0.006,"Professional, Scientific and Technical Services"
6-digit,243932,Aerospace Engineer,1800,0.908,0.092,No,38,0.898,0.101,Highly male dominated,0.005,Public Administration and Safety
6-digit,243933,Biomedical Engineer,1400,0.877,0.122,No,37,0.792,0.208,Highly male dominated,0.004,Health Care and Social Assistance
6-digit,243934,Engineering Technologist,360,,,,,,,,,
6-digit,243935,Environmental Engineer,1700,0.819,0.181,No,36,0.644,0.358,Moderately male dominated,0.007,"Professional, Scientific and Technical Services"
6-digit,243936,Fire Safety Engineer,560,0.886,0.117,No,37,0.851,0.142,Highly male dominated,0.005,"Professional, Scientific and Technical Services"
6-digit,243937,Mechatronics Engineer,560,0.867,0.127,No,29,0.911,0.094,Almost completely male dominated,0.005,Manufacturing
6-digit,243938,Naval Architect,390,,,,,,,,,
6-digit,243999,Engineering Professionals nec,1400,0.843,0.154,No,40,0.836,0.162,Highly male dominated,0.006,Manufacturing
6-digit,244131,Agricultural Consultant,1800,0.714,0.287,No,49,0.674,0.325,Moderately male dominated,0.021,"Agriculture, Forestry and Fishing"
6-digit,244132,Agricultural Research Scientist,920,0.807,0.194,No,44,0.631,0.367,Moderately male dominated,0.007,"Professional, Scientific and Technical Services"
6-digit,244133,Agronomist,2000,0.921,0.08,No,39,0.782,0.215,Highly male dominated,0.002,"Agriculture, Forestry and Fishing"
6-digit,244134,Aquaculture or Fisheries Scientist,160,,,,,,,,,
6-digit,244135,Forester,1100,0.824,0.178,No,47,0.8,0.194,Highly male dominated,0.024,"Agriculture, Forestry and Fishing"
6-digit,244231,Chemist,5000,0.812,0.188,No,39,0.549,0.451,Gender balanced,0.004,Manufacturing
6-digit,244232,Food Technologist,1600,0.805,0.196,No,37,0.355,0.643,Moderately female dominated,0.006,Manufacturing
6-digit,244233,Winemaker,1900,0.819,0.18,No,44,0.775,0.222,Highly male dominated,0.006,Manufacturing
6-digit,244331,Aboriginal and Torres Strait Islander Land and Sea Ranger,250,,,,,,,,,
6-digit,244332,Conservation Officer,4900,0.757,0.244,No,39,0.488,0.513,Gender balanced,0.024,Public Administration and Safety
6-digit,244333,Ecologist,1300,0.7,0.307,No,39,0.546,0.453,Gender balanced,0.015,"Professional, Scientific and Technical Services"
6-digit,244334,Park Ranger,3300,0.817,0.183,No,42,0.725,0.275,Moderately male dominated,0.321,Arts and Recreation Services
6-digit,244431,Environmental Consultant,4600,0.755,0.246,No,39,0.553,0.448,Gender balanced,0.014,"Professional, Scientific and Technical Services"
6-digit,244432,Environmental Research Scientist,3700,0.773,0.227,No,38,0.533,0.468,Gender balanced,0.009,"Professional, Scientific and Technical Services"
6-digit,244499,Environmental Consultants and Scientists nec,1600,0.723,0.28,No,42,0.517,0.481,Gender balanced,0.022,Public Administration and Safety
6-digit,244531,Geologist,6600,0.827,0.172,No,40,0.74,0.26,Moderately male dominated,0.006,Mining
6-digit,244532,Geophysicist,830,0.788,0.215,No,43,0.818,0.187,Highly male dominated,0.007,Mining
6-digit,244533,Hydrologist,990,0.812,0.189,No,42,0.698,0.296,Moderately male dominated,0.004,"Professional, Scientific and Technical Services"
6-digit,244631,Biotechnologist,900,0.788,0.218,No,36,0.481,0.515,Gender balanced,0,"Professional, Scientific and Technical Services"
6-digit,244632,Botanist,720,0.726,0.277,No,45,0.524,0.483,Gender balanced,0.006,"Professional, Scientific and Technical Services"
6-digit,244633,Entomologist,330,,,,,,,,,
6-digit,244634,Marine Biologist,410,,,,,,,,,
6-digit,244635,Microbiologist,850,0.758,0.239,No,38,0.328,0.666,Moderately female dominated,0,"Professional, Scientific and Technical Services"
6-digit,244636,Zoologist,160,,,,,,,,,
6-digit,244699,Life Scientists nec,1200,0.771,0.228,No,38,0.419,0.579,Gender balanced,0.005,Education and Training
6-digit,244731,Medical Laboratory Scientist,21500,0.719,0.281,No,38,0.308,0.692,Moderately female dominated,0.005,Health Care and Social Assistance
6-digit,244732,Medical Physicist,980,0.868,0.137,No,40,0.708,0.285,Moderately male dominated,0,Health Care and Social Assistance
6-digit,244931,Conservator,490,,,,,,,,,
6-digit,244932,Meteorologist,690,0.756,0.239,No,42,0.657,0.342,Moderately male dominated,0,"Professional, Scientific and Technical Services"
6-digit,244933,Physicist,240,,,,,,,,,
6-digit,244999,Natural and Physical Science Professionals nec,260,,,,,,,,,
6-digit,251131,Early Childhood (Pre-primary School) Teacher,26300,0.482,0.518,No,40,0.023,0.976,Almost completely female dominated,0.017,Education and Training
6-digit,251231,Primary School Teacher,164000,0.647,0.353,No,40,0.15,0.85,Highly female dominated,0.016,Education and Training
6-digit,251331,Secondary School Teacher,156400,0.756,0.244,No,42,0.379,0.621,Moderately female dominated,0.012,Education and Training
6-digit,251431,Special Education Teacher,14400,0.614,0.386,No,46,0.129,0.871,Highly female dominated,0.017,Education and Training
6-digit,251432,Specialist Teacher (Vision Impairment),230,,,,,,,,,
6-digit,251433,Teacher of the Deaf,800,0.495,0.508,No,50,0.087,0.911,Almost completely female dominated,0.015,Education and Training
6-digit,251931,Teacher Librarian,2600,0.587,0.412,No,53,0.072,0.929,Almost completely female dominated,0.008,Education and Training
6-digit,252131,University Lecturer,45200,0.737,0.263,No,48,0.498,0.502,Gender balanced,0.013,Education and Training
6-digit,252132,University Tutor,9900,0.113,0.887,No,30,0.462,0.539,Gender balanced,0.013,Education and Training
6-digit,252231,Vocational Education Teacher,12400,0.591,0.409,No,51,0.49,0.51,Gender balanced,0.019,Education and Training
6-digit,259131,Academic Tutor (Private Tuition),6300,0.064,0.936,No,23,0.393,0.607,Moderately female dominated,0.006,Education and Training
6-digit,259231,Art Teacher (Private Tuition),2100,0.229,0.771,Yes,48,0.19,0.808,Highly female dominated,0.017,Education and Training
6-digit,259232,Dance Teacher (Private Tuition),7500,0.173,0.828,Yes,29,0.1,0.899,Highly female dominated,0.016,Education and Training
6-digit,259233,Speech and Drama Teacher (Private Tuition),500,,,,,,,,,
6-digit,259299,Arts and Personal Enrichment Teachers (Private Tuition) nec,1800,0.189,0.809,No,44,0.177,0.821,Highly female dominated,0.023,Education and Training
6-digit,259331,Education Adviser,10000,0.699,0.302,No,45,0.265,0.735,Moderately female dominated,0.033,Education and Training
6-digit,259332,Education Reviewer,1900,0.6,0.401,No,54,0.291,0.707,Moderately female dominated,0.016,Education and Training
6-digit,259431,Music Teacher (Private Tuition),13200,0.144,0.856,No,39,0.379,0.62,Moderately female dominated,0.006,Education and Training
6-digit,259531,Teacher of English to Speakers of Other Languages,5400,0.356,0.645,No,50,0.206,0.796,Highly female dominated,0.004,Education and Training
6-digit,259931,Adult Literacy / Numeracy Teacher,750,0.507,0.491,No,55,0.392,0.604,Moderately female dominated,0.024,Education and Training
6-digit,259932,Careers Adviser,2300,0.558,0.438,No,47,0.211,0.789,Highly female dominated,0.019,Education and Training
6-digit,259933,Student Services Adviser,2600,0.626,0.371,No,37,0.254,0.745,Moderately female dominated,0.027,Education and Training
6-digit,259999,Education Professionals nec,3700,0.314,0.687,No,37,0.289,0.711,Moderately female dominated,0.038,Education and Training
6-digit,261131,Counsellor (General),4900,0.362,0.637,No,49,0.188,0.813,Highly female dominated,0.031,Health Care and Social Assistance
6-digit,261132,Alcohol and Other Drugs Counsellor,2300,0.614,0.386,No,45,0.331,0.667,Moderately female dominated,0.105,Health Care and Social Assistance
6-digit,261133,Family and Relationship Counsellor,1800,0.407,0.591,No,50,0.178,0.823,Highly female dominated,0.025,Health Care and Social Assistance
6-digit,261134,Psychotherapist,2200,0.307,0.691,No,50,0.207,0.795,Highly female dominated,0.009,Health Care and Social Assistance
6-digit,261135,Rehabilitation Counsellor,480,,,,,,,,,
6-digit,261136,School Counsellor,4100,0.534,0.465,No,42,0.203,0.797,Highly female dominated,0.046,Education and Training
6-digit,261231,Psychologist,29500,0.532,0.468,No,43,0.184,0.816,Highly female dominated,0.009,Health Care and Social Assistance
6-digit,261331,Social Worker,29000,0.629,0.371,No,41,0.152,0.848,Highly female dominated,0.033,Health Care and Social Assistance
6-digit,261931,Arts Therapist,590,0.199,0.803,No,49,0.052,0.954,Almost completely female dominated,0.015,Health Care and Social Assistance
6-digit,261932,Behaviour Support Practitioner,1300,0.581,0.423,No,33,0.182,0.818,Highly female dominated,0.017,Health Care and Social Assistance
6-digit,261933,Music Therapist,590,0.291,0.714,No,42,0.236,0.765,Highly female dominated,0.005,Health Care and Social Assistance
6-digit,261999,"Allied Health Counsellors, Psychologists, Social Workers and Creative Therapy Professionals nec",2200,0.333,0.665,No,45,0.187,0.812,Highly female dominated,0.023,Education and Training
6-digit,262131,Chiropractor,4400,0.433,0.566,No,40,0.587,0.414,Gender balanced,0.005,Health Care and Social Assistance
6-digit,262231,Exercise Physiologist,4600,0.629,0.369,No,29,0.471,0.528,Gender balanced,0.008,Health Care and Social Assistance
6-digit,262232,Exercise and Sports Scientist,440,,,,,,,,,
6-digit,262331,Occupational Therapist,19800,0.596,0.404,No,33,0.091,0.909,Almost completely female dominated,0.007,Health Care and Social Assistance
6-digit,262431,Physiotherapist,29000,0.61,0.39,No,34,0.357,0.643,Moderately female dominated,0.007,Health Care and Social Assistance
6-digit,262531,Podiatrist,4700,0.593,0.406,No,36,0.411,0.588,Gender balanced,0.007,Health Care and Social Assistance
6-digit,262631,Speech Pathologist,11100,0.562,0.438,No,33,0.03,0.97,Almost completely female dominated,0.006,Health Care and Social Assistance
6-digit,262931,Orthotist / Prosthetist,540,0.782,0.218,No,37,0.493,0.524,Gender balanced,0,Health Care and Social Assistance
6-digit,262932,Osteopath,2300,0.477,0.524,No,35,0.449,0.553,Gender balanced,0.005,Health Care and Social Assistance
6-digit,262999,Allied Health Physical and Sensory Therapy Professionals nec,<50,,,,,,,,,
6-digit,263131,Nuclear Medicine Technologist,880,0.707,0.297,No,34,0.313,0.684,Moderately female dominated,0.009,Health Care and Social Assistance
6-digit,263132,Radiation Therapist,2200,0.709,0.294,No,36,0.247,0.754,Highly female dominated,0.003,Health Care and Social Assistance
6-digit,263133,Radiographer,10600,0.671,0.329,No,36,0.324,0.676,Moderately female dominated,0.007,Health Care and Social Assistance
6-digit,263231,Dietitian,5500,0.492,0.508,No,34,0.053,0.947,Almost completely female dominated,0.004,Health Care and Social Assistance
6-digit,263232,Nutritionist,1200,0.378,0.619,No,39,0.119,0.884,Highly female dominated,0.008,Health Care and Social Assistance
6-digit,263331,Optometrist,5300,0.499,0.5,No,38,0.426,0.574,Gender balanced,0.003,Health Care and Social Assistance
6-digit,263431,Community Pharmacist,22500,0.632,0.368,No,36,0.38,0.62,Moderately female dominated,0.003,Retail Trade
6-digit,263432,Hospital Pharmacist,4400,0.699,0.301,No,34,0.218,0.783,Highly female dominated,0.004,Health Care and Social Assistance
6-digit,263531,Sonographer,5500,0.501,0.498,No,39,0.221,0.777,Highly female dominated,0.004,Health Care and Social Assistance
6-digit,263931,Audiologist,2600,0.63,0.37,No,37,0.232,0.771,Highly female dominated,0.003,Health Care and Social Assistance
6-digit,263932,Cardiac Physiologist,1600,0.612,0.387,No,37,0.317,0.683,Moderately female dominated,0.006,Health Care and Social Assistance
6-digit,263933,Diabetes Educator,1000,0.393,0.606,No,50,0.096,0.905,Almost completely female dominated,0.023,Health Care and Social Assistance
6-digit,263934,Neurophysiology Scientist,230,,,,,,,,,
6-digit,263935,Orthoptist,1100,0.483,0.516,No,34,0.107,0.89,Highly female dominated,0.006,Health Care and Social Assistance
6-digit,263936,Respiratory or Sleep Scientist,1000,0.511,0.496,No,35,0.272,0.727,Moderately female dominated,0.009,Health Care and Social Assistance
6-digit,263999,Allied Health Science Professionals nec,840,0.597,0.412,No,36,0.203,0.801,Highly female dominated,0.004,Health Care and Social Assistance
6-digit,264131,Anaesthetist,5700,0.777,0.223,No,44,0.651,0.348,Moderately male dominated,0.002,Health Care and Social Assistance
6-digit,264231,General Practitioner,55200,0.705,0.295,No,44,0.524,0.476,Gender balanced,0.006,Health Care and Social Assistance
6-digit,264331,General Medicine Physician,790,0.743,0.253,No,51,0.677,0.319,Moderately male dominated,0,Health Care and Social Assistance
6-digit,264332,Cardiologist,1100,0.827,0.168,No,47,0.814,0.192,Highly male dominated,0.004,Health Care and Social Assistance
6-digit,264333,Endocrinologist,350,,,,,,,,,
6-digit,264334,Gastroenterologist,550,0.78,0.216,No,44,0.698,0.311,Moderately male dominated,0,Health Care and Social Assistance
6-digit,264335,Geriatrician,340,,,,,,,,,
6-digit,264336,Haematologist,560,0.75,0.257,No,41,0.476,0.517,Gender balanced,0,Health Care and Social Assistance
6-digit,264337,Intensive Care Specialist,1200,0.917,0.089,No,39,0.64,0.363,Moderately male dominated,0.006,Health Care and Social Assistance
6-digit,264338,Medical Oncologist,850,0.794,0.208,No,43,0.502,0.495,Gender balanced,0,Health Care and Social Assistance
6-digit,264341,Nephrologist,260,,,,,,,,,
6-digit,264342,Neurologist,560,0.727,0.275,No,45,0.625,0.378,Moderately male dominated,0.005,Health Care and Social Assistance
6-digit,264343,Paediatrician,1800,0.744,0.258,No,41,0.346,0.656,Moderately female dominated,0.005,Health Care and Social Assistance
6-digit,264344,Public Health Physician,360,,,,,,,,,
6-digit,264345,Respiratory Physician,620,0.764,0.248,No,43,0.506,0.495,Gender balanced,0,Health Care and Social Assistance
6-digit,264346,Rheumatologist,240,,,,,,,,,
6-digit,264399,Physicians nec,1000,0.701,0.3,No,42,0.407,0.589,Gender balanced,0.004,Health Care and Social Assistance
6-digit,264431,Psychiatrist,4300,0.711,0.289,No,47,0.537,0.463,Gender balanced,0.005,Health Care and Social Assistance
6-digit,264531,Resident Medical Officer,11800,0.89,0.11,No,30,0.459,0.541,Gender balanced,0.009,Health Care and Social Assistance
6-digit,264631,General Surgeon,800,0.864,0.142,No,45,0.736,0.258,Moderately male dominated,0.004,Health Care and Social Assistance
6-digit,264632,Cardiothoracic Surgeon,180,,,,,,,,,
6-digit,264633,Neurosurgeon,280,,,,,,,,,
6-digit,264634,Orthopaedic Surgeon,1700,0.853,0.149,No,46,0.872,0.135,Highly male dominated,0.004,Health Care and Social Assistance
6-digit,264635,Otolaryngologist,380,,,,,,,,,
6-digit,264636,Paediatric Surgeon,180,,,,,,,,,
6-digit,264637,Plastic and Reconstructive Surgeon,470,,,,,,,,,
6-digit,264638,Urologist,410,,,,,,,,,
6-digit,264641,Vascular Surgeon,190,,,,,,,,,
6-digit,264931,Dermatologist,620,0.652,0.34,No,46,0.434,0.573,Gender balanced,0.01,Health Care and Social Assistance
6-digit,264932,Emergency Medicine Specialist,4100,0.792,0.206,No,38,0.54,0.459,Gender balanced,0.008,Health Care and Social Assistance
6-digit,264933,Obstetrician and Gynaecologist,1900,0.84,0.156,No,43,0.342,0.658,Moderately female dominated,0.008,Health Care and Social Assistance
6-digit,264934,Ophthalmologist,980,0.717,0.281,No,49,0.692,0.302,Moderately male dominated,0.003,Health Care and Social Assistance
6-digit,264935,Pathologist,1800,0.664,0.337,No,44,0.368,0.63,Moderately female dominated,0.01,Health Care and Social Assistance
6-digit,264936,Radiation Oncologist,300,,,,,,,,,
6-digit,264937,Radiologist,2700,0.747,0.254,No,45,0.667,0.334,Moderately male dominated,0.002,Health Care and Social Assistance
6-digit,264999,Medical Practitioners nec,810,0.773,0.229,No,38,0.523,0.477,Gender balanced,0.01,Health Care and Social Assistance
6-digit,265131,Midwife,17800,0.37,0.63,Yes,41,0.008,0.992,Almost completely female dominated,0.015,Health Care and Social Assistance
6-digit,265231,Nurse Educator,5200,0.584,0.417,No,46,0.102,0.897,Highly female dominated,0.01,Health Care and Social Assistance
6-digit,265232,Nurse Researcher,1500,0.541,0.457,No,46,0.07,0.928,Almost completely female dominated,0.003,Health Care and Social Assistance
6-digit,265331,Nursing / Midwifery Unit Manager,21500,0.724,0.276,No,46,0.13,0.871,Highly female dominated,0.011,Health Care and Social Assistance
6-digit,265431,Nurse Practitioner,2200,0.662,0.336,No,48,0.179,0.823,Highly female dominated,0.013,Health Care and Social Assistance
6-digit,265432,Registered Nurse (Acute Care),132800,0.48,0.52,No,38,0.11,0.89,Highly female dominated,0.011,Health Care and Social Assistance
6-digit,265433,Registered Nurse (Aged Care),39500,0.48,0.52,No,40,0.116,0.884,Highly female dominated,0.016,Health Care and Social Assistance
6-digit,265434,Registered Nurse (Mental Health),17700,0.626,0.375,No,44,0.278,0.722,Moderately female dominated,0.013,Health Care and Social Assistance
6-digit,265435,Registered Nurse (Primary Health Care),34400,0.434,0.566,No,46,0.06,0.94,Almost completely female dominated,0.016,Health Care and Social Assistance
6-digit,265499,Registered Nurses nec,37700,0.482,0.518,Yes,42,0.105,0.895,Highly female dominated,0.016,Health Care and Social Assistance
6-digit,269131,Dental Hygienist,1300,0.285,0.721,Yes,40,0.043,0.959,Almost completely female dominated,0.008,Health Care and Social Assistance
6-digit,269132,Dental Prosthetist,910,0.686,0.314,No,52,0.814,0.188,Highly male dominated,0.009,Health Care and Social Assistance
6-digit,269133,Oral Health Therapist or Dental Therapist,2600,0.441,0.557,Yes,33,0.093,0.908,Almost completely female dominated,0.011,Health Care and Social Assistance
6-digit,269231,Dental Specialist,1300,0.59,0.407,No,47,0.679,0.32,Moderately male dominated,0.006,Health Care and Social Assistance
6-digit,269232,Dentist,14200,0.477,0.523,No,40,0.518,0.482,Gender balanced,0.004,Health Care and Social Assistance
6-digit,269331,Environmental Health Officer,4600,0.74,0.261,No,44,0.44,0.56,Gender balanced,0.04,Public Administration and Safety
6-digit,269332,Health Promotion Officer,2600,0.562,0.437,No,40,0.188,0.812,Highly female dominated,0.092,Health Care and Social Assistance
6-digit,269431,Critical Care Paramedic,1500,0.878,0.124,Yes,43,0.686,0.312,Moderately male dominated,0.018,Health Care and Social Assistance
6-digit,269432,Paramedic,14300,0.867,0.133,Yes,35,0.532,0.468,Gender balanced,0.022,Health Care and Social Assistance
6-digit,269531,Veterinarian,11200,0.683,0.317,No,39,0.33,0.67,Moderately female dominated,0.007,"Professional, Scientific and Technical Services"
6-digit,269532,Veterinary Technologist,650,0.668,0.337,No,31,0.242,0.758,Highly female dominated,0.009,"Professional, Scientific and Technical Services"
6-digit,269931,Acupuncturist,1400,0.344,0.658,Yes,49,0.426,0.572,Gender balanced,0.003,Health Care and Social Assistance
6-digit,269932,Chinese Medicine Practitioner,1100,0.336,0.66,Yes,50,0.421,0.574,Gender balanced,0.007,Health Care and Social Assistance
6-digit,269933,Naturopath,2400,0.31,0.691,No,47,0.137,0.863,Highly female dominated,0.008,Health Care and Social Assistance
6-digit,269999,Health Professionals nec,640,0.346,0.653,No,48,0.238,0.772,Highly female dominated,0.005,Health Care and Social Assistance
6-digit,271131,Cyber Governance Risk and Compliance Specialist,140,,,,,,,,,
6-digit,271132,Cyber Security Advice and Assessment Specialist,970,0.929,0.07,No,37,0.826,0.17,Highly male dominated,0.006,"Professional, Scientific and Technical Services"
6-digit,271133,Cyber Security Analyst,4900,0.919,0.079,No,38,0.827,0.174,Highly male dominated,0.005,"Professional, Scientific and Technical Services"
6-digit,271134,Cyber Security Architect,1700,0.948,0.052,No,40,0.919,0.083,Almost completely male dominated,0.007,"Professional, Scientific and Technical Services"
6-digit,271135,Cyber Security Engineer,70,,,,,,,,,
6-digit,271136,Cyber Security Operations Coordinator,580,0.889,0.114,No,39,0.846,0.156,Highly male dominated,0,"Professional, Scientific and Technical Services"
6-digit,271137,Penetration Tester,1000,0.902,0.098,No,37,0.577,0.422,Gender balanced,0.003,"Professional, Scientific and Technical Services"
6-digit,271231,Database Administrator,6000,0.813,0.185,No,45,0.629,0.371,Moderately male dominated,0.007,"Professional, Scientific and Technical Services"
6-digit,271232,Systems Administrator,15300,0.891,0.109,No,41,0.804,0.197,Highly male dominated,0.008,"Professional, Scientific and Technical Services"
6-digit,272131,ICT Network and Systems Engineer,12800,0.93,0.07,No,40,0.921,0.079,Almost completely male dominated,0.003,"Professional, Scientific and Technical Services"
6-digit,272132,Network Administrator,5700,0.877,0.123,No,42,0.869,0.132,Highly male dominated,0.009,"Professional, Scientific and Technical Services"
6-digit,272133,Network Architect,830,0.956,0.047,No,43,0.919,0.082,Almost completely male dominated,0,Information Media and Telecommunications
6-digit,272231,ICT Quality Assurance Engineer,1700,0.88,0.118,No,37,0.57,0.427,Gender balanced,0.005,"Professional, Scientific and Technical Services"
6-digit,272232,ICT Support Engineer,12100,0.919,0.081,No,38,0.812,0.188,Highly male dominated,0.004,"Professional, Scientific and Technical Services"
6-digit,272233,ICT Test Analyst,9300,0.901,0.098,No,38,0.497,0.503,Gender balanced,0.003,"Professional, Scientific and Technical Services"
6-digit,272331,Telecommunications Engineer,10600,0.897,0.103,No,40,0.822,0.178,Highly male dominated,0.005,Information Media and Telecommunications
6-digit,273131,Digital Game Developer,430,,,,,,,,,
6-digit,273132,Web Developer,8000,0.781,0.22,No,35,0.793,0.208,Highly male dominated,0.005,"Professional, Scientific and Technical Services"
6-digit,273231,Cloud Architect,110,,,,,,,,,
6-digit,273232,ICT Business Analyst,15800,0.889,0.112,No,41,0.63,0.371,Moderately male dominated,0.003,"Professional, Scientific and Technical Services"
6-digit,273233,Solution Architect,11500,0.946,0.053,No,43,0.867,0.134,Highly male dominated,0.002,"Professional, Scientific and Technical Services"
6-digit,273234,Systems Analyst,8000,0.886,0.114,No,42,0.667,0.334,Moderately male dominated,0.005,"Professional, Scientific and Technical Services"
6-digit,273331,Cloud Engineer,1000,0.972,0.031,No,37,0.902,0.095,Almost completely male dominated,0.006,"Professional, Scientific and Technical Services"
6-digit,273332,DevOps Engineer,1300,0.957,0.045,No,36,0.893,0.11,Highly male dominated,0.008,"Professional, Scientific and Technical Services"
6-digit,273333,Software Engineer,94900,0.895,0.105,No,37,0.834,0.165,Highly male dominated,0.003,"Professional, Scientific and Technical Services"
6-digit,281131,Barrister,5600,0.766,0.234,No,49,0.706,0.294,Moderately male dominated,0.007,"Professional, Scientific and Technical Services"
6-digit,281231,Family Dispute Resolution Practitioner,2800,0.691,0.31,No,43,0.339,0.659,Moderately female dominated,0.025,Public Administration and Safety
6-digit,281232,Intellectual Property Lawyer,800,0.824,0.174,No,45,0.604,0.4,Moderately male dominated,0,"Professional, Scientific and Technical Services"
6-digit,281233,Judge,760,0.908,0.089,No,60,0.62,0.374,Moderately male dominated,0.009,Public Administration and Safety
6-digit,281234,Judge's Associate,580,0.906,0.091,No,28,0.231,0.771,Highly female dominated,0.028,Public Administration and Safety
6-digit,281235,Magistrate,550,0.866,0.15,No,59,0.541,0.47,Gender balanced,0.022,Public Administration and Safety
6-digit,281236,Migration Agent,2800,0.623,0.378,No,42,0.448,0.551,Gender balanced,0,"Professional, Scientific and Technical Services"
6-digit,281237,Police Prosecutor,2500,0.865,0.134,No,41,0.477,0.521,Gender balanced,0.01,Public Administration and Safety
6-digit,281238,Tribunal Member,870,0.552,0.45,No,60,0.44,0.555,Gender balanced,0.022,Public Administration and Safety
6-digit,281299,Judicial and Other Legal Professionals nec,7000,0.772,0.228,No,40,0.353,0.647,Moderately female dominated,0.016,Public Administration and Safety
6-digit,281331,Solicitor,70800,0.829,0.171,No,38,0.457,0.543,Gender balanced,0.007,"Professional, Scientific and Technical Services"
6-digit,299131,Aeroplane Pilot,8600,0.621,0.378,Yes,41,0.924,0.076,Almost completely male dominated,0.007,"Transport, Postal and Warehousing"
6-digit,299132,Air Traffic Controller,1600,0.833,0.167,No,41,0.825,0.175,Highly male dominated,0.01,"Transport, Postal and Warehousing"
6-digit,299133,Flight Instructor,1000,0.649,0.356,Yes,39,0.894,0.106,Highly male dominated,0.003,Education and Training
6-digit,299134,Helicopter Pilot,1100,0.869,0.133,Yes,41,0.949,0.043,Almost completely male dominated,0.012,"Transport, Postal and Warehousing"
6-digit,299199,Air Transport Professionals nec,1200,0.831,0.176,No,45,0.827,0.167,Highly male dominated,0.014,"Transport, Postal and Warehousing"
6-digit,299231,Specialist Police Officer,9100,0.916,0.083,No,42,0.695,0.305,Moderately male dominated,0.014,Public Administration and Safety
6-digit,311131,Agricultural and Agritech Technician,1100,0.775,0.223,No,38,0.621,0.381,Moderately male dominated,0.019,"Professional, Scientific and Technical Services"
6-digit,311132,Animal Husbandry Technician,380,,,,,,,,,
6-digit,311133,Aquaculture or Fisheries Technician,380,,,,,,,,,
6-digit,311134,Biosecurity Officer,2100,0.765,0.234,No,47,0.59,0.409,Gender balanced,0.035,Public Administration and Safety
6-digit,311135,Fisheries Officer,420,,,,,,,,,
6-digit,311136,Irrigation Designer,<50,,,,,,,,,
6-digit,311137,Meat Inspector,460,,,,,,,,,
6-digit,311138,Primary Products Quality Assurance Officer,100,,,,,,,,,
6-digit,311199,Agricultural Technicians and Inspection Officers nec,450,,,,,,,,,
6-digit,311231,Anaesthetic Technician,690,0.638,0.37,No,46,0.433,0.564,Gender balanced,0.006,Health Care and Social Assistance
6-digit,311232,Dental Technician,2700,0.673,0.326,No,42,0.617,0.385,Moderately male dominated,0.004,Manufacturing
6-digit,311233,Medical Laboratory Technician,9300,0.626,0.374,No,37,0.295,0.705,Moderately female dominated,0.01,Health Care and Social Assistance
6-digit,311234,Operating Theatre Technician,1500,0.7,0.299,No,47,0.779,0.22,Highly male dominated,0.014,Health Care and Social Assistance
6-digit,311235,Respiratory Technician,440,,,,,,,,,
6-digit,311299,Medical and Dental Technicians nec,1700,0.617,0.381,No,43,0.506,0.493,Gender balanced,0.015,Health Care and Social Assistance
6-digit,311331,Community Pharmacy Technician,4500,0.5,0.498,No,36,0.107,0.892,Highly female dominated,0.018,Retail Trade
6-digit,311332,Hospital Pharmacy Technician,1800,0.524,0.476,No,38,0.117,0.882,Highly female dominated,0.016,Retail Trade
6-digit,311431,Phlebotomist,12100,0.437,0.563,No,44,0.095,0.905,Almost completely female dominated,0.017,Health Care and Social Assistance
6-digit,311531,Chemical Technician,5000,0.766,0.235,No,39,0.461,0.538,Gender balanced,0.012,Manufacturing
6-digit,311532,Earth Science Technician,1900,0.834,0.166,No,35,0.791,0.208,Highly male dominated,0.039,"Professional, Scientific and Technical Services"
6-digit,311533,Geospatial Technician,290,,,,,,,,,
6-digit,311534,Hydrographer,700,0.876,0.118,No,40,0.786,0.207,Highly male dominated,0.03,"Electricity, Gas, Water and Waste Services"
6-digit,311535,Life Science Technician,990,0.692,0.305,No,39,0.376,0.632,Moderately female dominated,0.021,"Professional, Scientific and Technical Services"
6-digit,311536,School Laboratory Technician,3200,0.495,0.502,No,50,0.208,0.793,Highly female dominated,0.007,Education and Training
6-digit,311599,Science Technicians nec,2700,0.72,0.279,No,41,0.61,0.39,Moderately male dominated,0.021,"Professional, Scientific and Technical Services"
6-digit,312131,Architectural Technician,600,0.826,0.169,No,39,0.664,0.331,Moderately male dominated,0,"Professional, Scientific and Technical Services"
6-digit,312132,Building Designer,14000,0.749,0.251,No,40,0.707,0.293,Moderately male dominated,0.005,"Professional, Scientific and Technical Services"
6-digit,312133,Detailer Drafter,440,,,,,,,,,
6-digit,312134,Landscape Designer,820,0.59,0.412,No,45,0.501,0.494,Gender balanced,0.009,"Professional, Scientific and Technical Services"
6-digit,312135,Surveying Technician,720,0.77,0.223,No,40,0.817,0.192,Highly male dominated,0.011,"Professional, Scientific and Technical Services"
6-digit,312199,Building and Landscape Designers and Technicians nec,240,,,,,,,,,
6-digit,312231,Building Inspector,2900,0.805,0.197,No,50,0.919,0.082,Almost completely male dominated,0.02,"Professional, Scientific and Technical Services"
6-digit,312232,Energy Assessor,370,,,,,,,,,
6-digit,312233,Plumbing Inspector,340,,,,,,,,,
6-digit,312234,Safety Inspector,4100,0.833,0.166,No,48,0.793,0.207,Highly male dominated,0.024,Public Administration and Safety
6-digit,312331,Construction Estimator,5700,0.881,0.118,No,40,0.849,0.151,Highly male dominated,0.006,Construction
6-digit,312431,Civil Construction Leading Hand,4300,0.935,0.065,No,42,0.929,0.072,Almost completely male dominated,0.037,Construction
6-digit,312432,Construction Site Supervisor,39100,0.926,0.075,No,42,0.944,0.056,Almost completely male dominated,0.02,Construction
6-digit,313131,Civil Engineering Draftsperson,7700,0.857,0.142,No,40,0.815,0.184,Highly male dominated,0.009,"Professional, Scientific and Technical Services"
6-digit,313132,Civil Engineering Technician,4100,0.874,0.125,No,39,0.856,0.144,Highly male dominated,0.024,"Professional, Scientific and Technical Services"
6-digit,313231,Electrical Engineering Draftsperson,2200,0.842,0.158,No,44,0.838,0.162,Highly male dominated,0.007,"Professional, Scientific and Technical Services"
6-digit,313232,Electrical Engineering Technician,6500,0.844,0.155,No,43,0.94,0.061,Almost completely male dominated,0.017,Construction
6-digit,313331,Maintenance Planner,9000,0.936,0.064,No,45,0.836,0.164,Highly male dominated,0.023,Mining
6-digit,313431,Marine Engineer,2000,0.917,0.083,Yes,45,0.959,0.04,Almost completely male dominated,0.017,"Transport, Postal and Warehousing"
6-digit,313432,Marine Pilot,1000,0.787,0.211,Yes,49,0.955,0.041,Almost completely male dominated,0.03,"Transport, Postal and Warehousing"
6-digit,313433,Marine Surveyor,500,,,,,,,,,
6-digit,313434,Master Fisher,530,0.687,0.315,Yes,48,1.002,0.011,Almost completely male dominated,0.034,"Agriculture, Forestry and Fishing"
6-digit,313435,Ship's Master,2200,0.737,0.265,Yes,48,0.958,0.042,Almost completely male dominated,0.025,"Transport, Postal and Warehousing"
6-digit,313436,Ship's Officer,460,,,,,,,,,
6-digit,313499,"Marine Transport Masters, Officers and Technicians nec",1200,0.812,0.187,Yes,47,0.883,0.12,Highly male dominated,0.027,"Transport, Postal and Warehousing"
6-digit,313531,Mining Supervisor,6500,0.951,0.05,Yes,45,0.933,0.067,Almost completely male dominated,0.041,Mining
6-digit,313931,Biomedical Technician,990,0.833,0.165,No,45,0.894,0.105,Highly male dominated,0.016,Health Care and Social Assistance
6-digit,313932,Electronic Engineering Technician,4100,0.851,0.147,No,44,0.915,0.084,Almost completely male dominated,0.011,Public Administration and Safety
6-digit,313933,Mechanical Engineering Draftsperson,3400,0.873,0.128,No,43,0.908,0.092,Almost completely male dominated,0.006,"Professional, Scientific and Technical Services"
6-digit,313934,Mechanical Engineering Technician,1100,0.898,0.1,No,43,0.959,0.042,Almost completely male dominated,0.01,Other Services
6-digit,313935,Metallurgical or Materials Technician,2100,0.831,0.168,No,37,0.63,0.374,Moderately male dominated,0.029,"Professional, Scientific and Technical Services"
6-digit,313936,Non-destructive Testing Technician,1400,0.886,0.115,No,38,0.925,0.079,Almost completely male dominated,0.016,"Professional, Scientific and Technical Services"
6-digit,313937,Other Draftsperson,520,0.789,0.205,No,42,0.798,0.204,Highly male dominated,0.008,"Professional, Scientific and Technical Services"
6-digit,313999,Engineering Technicians nec,4800,0.88,0.121,No,47,0.946,0.052,Almost completely male dominated,0.017,Manufacturing
6-digit,314131,ICT Hardware Technician,1400,0.718,0.284,No,38,0.926,0.076,Almost completely male dominated,0.012,"Professional, Scientific and Technical Services"
6-digit,314132,Radiocommunications Technician,660,0.859,0.136,No,44,0.962,0.046,Almost completely male dominated,0.014,Information Media and Telecommunications
6-digit,314133,Telecommunications Field Engineer,1200,0.917,0.085,No,43,0.937,0.061,Almost completely male dominated,0.014,Information Media and Telecommunications
6-digit,314134,Telecommunications Network Designer,860,0.935,0.069,No,42,0.822,0.183,Highly male dominated,0.003,Information Media and Telecommunications
6-digit,314135,Telecommunications Technical Officer or Technologist,730,0.897,0.103,No,48,0.891,0.105,Highly male dominated,0.011,Information Media and Telecommunications
6-digit,314136,Web Administrator,2200,0.705,0.298,No,38,0.45,0.551,Gender balanced,0.006,Retail Trade
6-digit,314199,ICT and Telecommunications Technicians nec,1100,0.878,0.12,No,38,0.83,0.168,Highly male dominated,0.016,Information Media and Telecommunications
6-digit,314231,ICT Customer Support Officer,48800,0.837,0.163,No,38,0.796,0.205,Highly male dominated,0.011,"Professional, Scientific and Technical Services"
6-digit,321131,Chef,81500,0.562,0.438,Yes,35,0.726,0.274,Moderately male dominated,0.011,Accommodation and Food Services
6-digit,322131,Baker,19000,0.663,0.337,No,37,0.718,0.282,Moderately male dominated,0.021,Manufacturing
6-digit,322231,Butcher or Smallgoods Maker,13900,0.788,0.212,No,40,0.922,0.078,Almost completely male dominated,0.035,Retail Trade
6-digit,322331,Cook,44200,0.343,0.657,Yes,33,0.513,0.487,Gender balanced,0.029,Accommodation and Food Services
6-digit,322431,Pastrycook,6900,0.565,0.436,Yes,36,0.378,0.622,Moderately female dominated,0.009,Manufacturing
6-digit,331131,Metal Fabricator,44900,0.908,0.092,No,38,0.988,0.012,Almost completely male dominated,0.034,Manufacturing
6-digit,331132,Pressure Welder,100,,,,,,,,,
6-digit,331133,Welder (First Class),19900,0.866,0.134,No,42,0.987,0.014,Almost completely male dominated,0.03,Manufacturing
6-digit,331931,Blacksmith,240,,,,,,,,,
6-digit,331932,Electroplater,410,,,,,,,,,
6-digit,331933,Farrier,1100,0.658,0.339,No,42,0.921,0.081,Almost completely male dominated,0.024,"Agriculture, Forestry and Fishing"
6-digit,331934,Metal Casting Trades Worker,210,,,,,,,,,
6-digit,331935,Metal Polisher,330,,,,,,,,,
6-digit,331936,Sheetmetal Worker,5300,0.893,0.106,No,41,0.989,0.011,Almost completely male dominated,0.026,Manufacturing
6-digit,332131,Aircraft Maintenance Technician (Avionics),1600,0.94,0.061,No,34,0.912,0.092,Almost completely male dominated,0.023,Public Administration and Safety
6-digit,332132,Aircraft Maintenance Technician (Mechanical),1100,0.949,0.057,No,33,0.898,0.101,Highly male dominated,0.021,Public Administration and Safety
6-digit,332133,Aircraft Maintenance Technician (Structures),250,,,,,,,,,
6-digit,332134,Licensed Aircraft Maintenance Engineer,5200,0.886,0.114,No,44,0.97,0.03,Almost completely male dominated,0.014,"Transport, Postal and Warehousing"
6-digit,332231,Fitter (General),75800,0.923,0.077,No,40,0.979,0.021,Almost completely male dominated,0.032,Mining
6-digit,332232,Fitter and Turner,9100,0.92,0.08,No,39,0.988,0.013,Almost completely male dominated,0.023,Manufacturing
6-digit,332233,Fitter-Welder,850,0.887,0.112,No,47,0.992,0.005,Almost completely male dominated,0.031,Manufacturing
6-digit,332234,Metal Machinist (First Class),3000,0.891,0.11,No,45,0.985,0.015,Almost completely male dominated,0.016,Manufacturing
6-digit,332299,Metal Fitters and Machinists nec,1400,0.845,0.147,No,43,0.953,0.044,Almost completely male dominated,0.02,Manufacturing
6-digit,332331,Engineering Patternmaker,130,,,,,,,,,
6-digit,332332,Engraver,450,,,,,,,,,
6-digit,332333,Gunsmith,160,,,,,,,,,
6-digit,332334,Locksmith,2700,0.758,0.242,No,38,0.957,0.042,Almost completely male dominated,0.017,Other Services
6-digit,332335,Precision Instrument Maker and Repairer,1600,0.836,0.167,No,47,0.939,0.062,Almost completely male dominated,0.01,Other Services
6-digit,332336,Saw Technician,330,,,,,,,,,
6-digit,332337,Toolmaker,2200,0.87,0.132,No,53,0.981,0.018,Almost completely male dominated,0.005,Manufacturing
6-digit,332338,Watch and Clock Maker and Repairer,520,0.634,0.378,Yes,55,0.902,0.087,Almost completely male dominated,0.006,Other Services
6-digit,341131,Dog Handler or Trainer,1700,0.525,0.474,No,39,0.361,0.639,Moderately female dominated,0.02,Other Services
6-digit,341132,Horse Trainer,3000,0.812,0.187,No,43,0.599,0.4,Gender balanced,0.019,Arts and Recreation Services
6-digit,341133,Track Rider,860,0.581,0.413,No,27,0.38,0.614,Moderately female dominated,0.017,Arts and Recreation Services
6-digit,341134,Zookeeper,1600,0.632,0.371,No,31,0.358,0.641,Moderately female dominated,0.015,Arts and Recreation Services
6-digit,341199,Animal Trainers and Zookeepers nec,480,,,,,,,,,
6-digit,341231,Veterinary Nurse,13100,0.508,0.492,No,29,0.038,0.962,Almost completely female dominated,0.017,"Professional, Scientific and Technical Services"
6-digit,342131,Gardener (General),34200,0.465,0.535,No,48,0.835,0.165,Highly male dominated,0.029,Administrative and Support Services
6-digit,342231,Arborist,5600,0.803,0.196,No,36,0.969,0.032,Almost completely male dominated,0.032,Administrative and Support Services
6-digit,342232,Tree Worker,1100,0.741,0.261,No,37,0.96,0.042,Almost completely male dominated,0.038,Administrative and Support Services
6-digit,342331,Florist,6300,0.408,0.592,Yes,40,0.072,0.928,Almost completely female dominated,0.012,Retail Trade
6-digit,342431,Irrigation Technician,1200,0.83,0.166,No,43,0.974,0.025,Almost completely male dominated,0.027,Construction
6-digit,342432,Landscape Gardener,23800,0.726,0.274,No,34,0.955,0.045,Almost completely male dominated,0.032,Construction
6-digit,342531,Sports Turf Manager,1200,0.891,0.109,No,41,0.972,0.024,Almost completely male dominated,0.026,Arts and Recreation Services
6-digit,342532,Sports Turf Trades Worker,10100,0.686,0.314,No,47,0.972,0.027,Almost completely male dominated,0.049,Arts and Recreation Services
6-digit,342931,Nurseryperson,2600,0.614,0.385,No,49,0.56,0.44,Gender balanced,0.011,"Agriculture, Forestry and Fishing"
6-digit,343131,Aquaculture Supervisor,100,,,,,,,,,
6-digit,343132,Fishing Leading Hand,<50,,,,,,,,,
6-digit,343133,Forestry Operations Supervisor,190,,,,,,,,,
6-digit,343134,Horticultural Supervisor or Specialist,1300,0.79,0.208,No,45,0.76,0.244,Highly male dominated,0.018,"Agriculture, Forestry and Fishing"
6-digit,343135,Senior Broadacre Crop and Livestock Farm Worker,50,,,,,,,,,
6-digit,343136,Senior Broadacre Crop Farm Worker,540,0.835,0.161,No,47,0.901,0.099,Almost completely male dominated,0.024,"Agriculture, Forestry and Fishing"
6-digit,343137,Vineyard Supervisor,1600,0.817,0.184,No,50,0.869,0.133,Highly male dominated,0.01,"Agriculture, Forestry and Fishing"
6-digit,343199,"Senior Aquaculture, Crop and Forestry Workers nec",290,,,,,,,,,
6-digit,343231,Senior Beef Cattle Station Worker,3600,0.857,0.143,No,32,0.641,0.359,Moderately male dominated,0.056,"Agriculture, Forestry and Fishing"
6-digit,343232,Senior Cattle and Sheep Farm Worker,100,,,,,,,,,
6-digit,343233,Senior Dairy Cattle Farm Worker,290,,,,,,,,,
6-digit,343234,Senior Horse Stable or Stud Worker,80,,,,,,,,,
6-digit,343235,Senior Piggery Stockperson,100,,,,,,,,,
6-digit,343236,Senior Sheep Farm Worker,170,,,,,,,,,
6-digit,343299,Senior Livestock Farm Workers nec,670,0.767,0.228,No,41,0.717,0.28,Moderately male dominated,0.052,"Agriculture, Forestry and Fishing"
6-digit,343331,Shearer,2400,0.654,0.345,No,37,0.956,0.043,Almost completely male dominated,0.057,"Agriculture, Forestry and Fishing"
6-digit,343332,Wool Classer,450,,,,,,,,,
6-digit,351131,Automotive Technician (General),80600,0.847,0.153,No,36,0.982,0.018,Almost completely male dominated,0.025,Other Services
6-digit,351231,Automotive Electrician,7800,0.879,0.121,No,36,0.971,0.03,Almost completely male dominated,0.026,Other Services
6-digit,351331,Panelbeater,10500,0.843,0.157,No,43,0.987,0.013,Almost completely male dominated,0.025,Other Services
6-digit,351431,Agricultural Mechanic,1200,0.902,0.098,No,33,0.994,0.009,Almost completely male dominated,0.02,Other Services
6-digit,351432,Bicycle Technician,1700,0.56,0.447,No,33,0.972,0.026,Almost completely male dominated,0.014,Retail Trade
6-digit,351433,Diesel Technician,8900,0.936,0.063,No,32,0.988,0.012,Almost completely male dominated,0.033,Other Services
6-digit,351434,Electric Vehicle Technician,<50,,,,,,,,,
6-digit,351435,Marine Technician,1500,0.853,0.145,No,31,0.98,0.02,Almost completely male dominated,0.019,Manufacturing
6-digit,351436,Motorcycle Technician,1700,0.818,0.18,No,36,0.984,0.015,Almost completely male dominated,0.022,Other Services
6-digit,351437,Small Engine Technician,940,0.793,0.207,No,39,0.984,0.021,Almost completely male dominated,0.04,Other Services
6-digit,351531,Vehicle Body Builder,3800,0.889,0.112,No,42,0.976,0.023,Almost completely male dominated,0.025,Manufacturing
6-digit,351532,Vehicle Trimmer,1300,0.753,0.245,No,48,0.9,0.096,Almost completely male dominated,0.012,Other Services
6-digit,351631,Vehicle Painter,10000,0.872,0.128,No,38,0.97,0.03,Almost completely male dominated,0.03,Other Services
6-digit,361131,Floor Finisher,8600,0.69,0.309,Yes,40,0.97,0.03,Almost completely male dominated,0.026,Construction
6-digit,361231,Painter,42000,0.713,0.288,Yes,41,0.941,0.059,Almost completely male dominated,0.025,Construction
6-digit,362131,Glazier,10300,0.831,0.168,No,38,0.984,0.016,Almost completely male dominated,0.033,Construction
6-digit,362231,Plasterer (Wall and Ceiling),18800,0.748,0.252,Yes,38,0.985,0.015,Almost completely male dominated,0.028,Construction
6-digit,362232,Renderer (Solid Plaster),4500,0.682,0.318,Yes,39,0.992,0.008,Almost completely male dominated,0.019,Construction
6-digit,362331,Roof Tiler,7300,0.723,0.277,Yes,31,0.989,0.011,Almost completely male dominated,0.057,Construction
6-digit,362431,Wall and Floor Tiler,18000,0.731,0.27,Yes,38,0.973,0.027,Almost completely male dominated,0.021,Construction
6-digit,363131,Plumber (General),43100,0.84,0.16,No,33,0.991,0.009,Almost completely male dominated,0.028,Construction
6-digit,363231,Gasfitter,5200,0.844,0.156,No,40,0.994,0.007,Almost completely male dominated,0.017,Construction
6-digit,363331,Roof Plumber,10000,0.843,0.158,No,32,0.992,0.008,Almost completely male dominated,0.038,Construction
6-digit,363931,Drainer,4400,0.867,0.134,No,33,0.992,0.008,Almost completely male dominated,0.025,Construction
6-digit,363932,Fire Protection Plumber,9700,0.892,0.109,No,27,0.99,0.011,Almost completely male dominated,0.032,Construction
6-digit,363933,Mechanical Services Plumber,3600,0.928,0.073,No,32,0.994,0.005,Almost completely male dominated,0.014,Construction
6-digit,369131,Cabinet Maker,22900,0.861,0.139,No,36,0.974,0.026,Almost completely male dominated,0.017,Manufacturing
6-digit,369931,Shopfitter,2500,0.847,0.153,Yes,37,0.981,0.021,Almost completely male dominated,0.016,Manufacturing
6-digit,369932,Swimming Pool and Spa Builder,1400,0.8,0.198,No,42,0.981,0.019,Almost completely male dominated,0.021,Construction
6-digit,369933,Waterproofer,2400,0.739,0.261,Yes,37,0.967,0.032,Almost completely male dominated,0.022,Construction
6-digit,371131,Bricklayer,16900,0.754,0.246,No,38,0.992,0.008,Almost completely male dominated,0.029,Construction
6-digit,371132,Stonemason,4900,0.796,0.204,Yes,38,0.988,0.011,Almost completely male dominated,0.022,Manufacturing
6-digit,371231,Concreter,25700,0.785,0.215,Yes,36,0.991,0.009,Almost completely male dominated,0.043,Construction
6-digit,372131,Carpenter and Joiner,1400,0.817,0.181,No,44,0.989,0.011,Almost completely male dominated,0.018,Construction
6-digit,372132,Carpenter,104400,0.84,0.16,No,31,0.99,0.01,Almost completely male dominated,0.027,Construction
6-digit,372133,Joiner,4300,0.836,0.164,No,36,0.978,0.022,Almost completely male dominated,0.02,Construction
6-digit,381131,Electrical Distribution Trades Worker,7300,0.922,0.078,No,40,0.974,0.026,Almost completely male dominated,0.042,"Electricity, Gas, Water and Waste Services"
6-digit,381231,Electrician (General),120900,0.854,0.146,No,33,0.98,0.02,Almost completely male dominated,0.022,Construction
6-digit,381232,Electrical Fitter,5700,0.9,0.101,No,38,0.962,0.037,Almost completely male dominated,0.021,Construction
6-digit,381233,Industrial Electrician,4800,0.909,0.091,No,36,0.974,0.027,Almost completely male dominated,0.022,Construction
6-digit,381234,Lift Mechanic,3200,0.882,0.116,Yes,38,0.983,0.016,Almost completely male dominated,0.012,Construction
6-digit,382131,Air Conditioning and Refrigeration Technician,21700,0.829,0.171,No,34,0.988,0.012,Almost completely male dominated,0.025,Construction
6-digit,382231,Communications Operator,1000,0.904,0.094,No,29,0.707,0.297,Moderately male dominated,0.04,Public Administration and Safety
6-digit,382232,Electronic Equipment Trades Worker,17500,0.74,0.26,No,41,0.957,0.043,Almost completely male dominated,0.011,Construction
6-digit,382233,Electronic Instrument Technician,1500,0.914,0.089,No,36,0.928,0.073,Almost completely male dominated,0.017,Public Administration and Safety
6-digit,382234,Office Equipment Technician,2100,0.849,0.153,No,47,0.973,0.026,Almost completely male dominated,0.007,Wholesale Trade
6-digit,382331,Cabler (Data and Telecommunications),1600,0.631,0.366,No,44,0.964,0.036,Almost completely male dominated,0.02,Construction
6-digit,382332,Telecommunications Cable Technician,640,0.824,0.179,No,37,0.97,0.028,Almost completely male dominated,0.031,Information Media and Telecommunications
6-digit,382333,Telecommunications Linesworker,1200,0.706,0.3,No,40,0.974,0.021,Almost completely male dominated,0.018,Information Media and Telecommunications
6-digit,382334,Telecommunications Technician,10700,0.767,0.233,No,40,0.945,0.055,Almost completely male dominated,0.021,Information Media and Telecommunications
6-digit,391131,Gallery or Museum Technician,270,,,,,,,,,
6-digit,391132,Library Technician,2700,0.485,0.515,No,53,0.127,0.875,Highly female dominated,0.007,Education and Training
6-digit,391231,Audio Engineer,3200,0.541,0.459,Yes,37,0.898,0.103,Highly male dominated,0.011,Information Media and Telecommunications
6-digit,391232,Broadcast Technician,540,0.77,0.224,No,37,0.783,0.204,Highly male dominated,0.024,Information Media and Telecommunications
6-digit,391233,"Camera Operator (Film, Television or Video)",3000,0.548,0.45,No,34,0.878,0.121,Highly male dominated,0.013,Information Media and Telecommunications
6-digit,391234,Lighting Technician,970,0.558,0.445,Yes,34,0.84,0.163,Highly male dominated,0.012,Arts and Recreation Services
6-digit,391299,Performing Arts Technicians nec,1700,0.677,0.324,Yes,35,0.705,0.297,Moderately male dominated,0.006,Information Media and Telecommunications
6-digit,391331,Photographer,11900,0.414,0.585,Yes,39,0.488,0.511,Gender balanced,0.01,"Professional, Scientific and Technical Services"
6-digit,391431,Graphic Pre-press Operator,1600,0.763,0.234,No,47,0.677,0.325,Moderately male dominated,0.006,Manufacturing
6-digit,391432,Print Finisher,1900,0.712,0.287,No,51,0.606,0.394,Moderately male dominated,0.013,Manufacturing
6-digit,391433,Printing Machinist,8900,0.781,0.219,No,48,0.817,0.182,Highly male dominated,0.01,Manufacturing
6-digit,391434,Screen Printer,1000,0.668,0.328,No,44,0.759,0.238,Highly male dominated,0.022,Manufacturing
6-digit,391531,Signwriter,5400,0.742,0.259,No,42,0.87,0.13,Highly male dominated,0.02,"Professional, Scientific and Technical Services"
6-digit,391931,Interior Decorator,2000,0.403,0.596,Yes,43,0.099,0.9,Almost completely female dominated,0.006,"Professional, Scientific and Technical Services"
6-digit,391932,Jeweller,3700,0.549,0.452,Yes,47,0.593,0.407,Gender balanced,0.011,Retail Trade
6-digit,391933,Musical Instrument Maker or Repairer,820,0.497,0.512,No,50,0.915,0.091,Almost completely male dominated,0.01,Other Services
6-digit,392131,Barber,5100,0.543,0.455,Yes,31,0.712,0.287,Moderately male dominated,0.027,Other Services
6-digit,392132,Hairdresser,48700,0.413,0.587,Yes,36,0.106,0.894,Highly female dominated,0.022,Other Services
6-digit,399131,Chemical Plant Operator,1600,0.921,0.078,No,47,0.93,0.069,Almost completely male dominated,0.019,Manufacturing
6-digit,399132,Gas or Petroleum Production Technician,3800,0.929,0.071,Yes,45,0.921,0.081,Almost completely male dominated,0.037,Mining
6-digit,399133,Power Generation Plant Operator,2200,0.935,0.067,No,49,0.971,0.026,Almost completely male dominated,0.021,"Electricity, Gas, Water and Waste Services"
6-digit,399231,Driller,8300,0.922,0.078,Yes,38,0.975,0.025,Almost completely male dominated,0.047,Mining
6-digit,399331,Pest Control Technician,6300,0.683,0.317,No,45,0.944,0.055,Almost completely male dominated,0.031,Administrative and Support Services
6-digit,399431,Apparel Cutter,380,,,,,,,,,
6-digit,399432,Canvas Goods Fabricator,260,,,,,,,,,
6-digit,399433,Dressmaker or Tailor,5200,0.421,0.58,Yes,50,0.152,0.848,Highly female dominated,0.01,Manufacturing
6-digit,399434,Garment Technician,710,0.611,0.386,No,48,0.126,0.872,Highly female dominated,0.004,Manufacturing
6-digit,399435,Leather Goods Maker,480,,,,,,,,,
6-digit,399436,Sail Maker,190,,,,,,,,,
6-digit,399437,Shoemaker,750,0.671,0.332,Yes,51,0.851,0.158,Highly male dominated,0.008,Other Services
6-digit,399438,Upholsterer,2100,0.718,0.28,No,51,0.881,0.12,Highly male dominated,0.018,Manufacturing
6-digit,399531,Furniture Finisher,570,0.75,0.248,Yes,45,0.891,0.112,Highly male dominated,0.014,Manufacturing
6-digit,399532,Furniture Maker,1700,0.681,0.321,No,44,0.893,0.107,Highly male dominated,0.011,Manufacturing
6-digit,399533,Picture Framer,1700,0.518,0.482,Yes,51,0.66,0.345,Moderately male dominated,0.01,Retail Trade
6-digit,399534,Wood Machinist,1400,0.794,0.204,No,46,0.967,0.03,Almost completely male dominated,0.025,Manufacturing
6-digit,399599,Wood Machinists and Other Wood Trades Workers nec,210,,,,,,,,,
6-digit,399931,Boat Builder and Repairer,3000,0.796,0.203,No,41,0.948,0.051,Almost completely male dominated,0.02,Manufacturing
6-digit,399932,Diver,890,0.741,0.25,Yes,35,0.934,0.065,Almost completely male dominated,0.027,"Agriculture, Forestry and Fishing"
6-digit,399933,Fire Protection Equipment Technician,4400,0.862,0.137,No,39,0.961,0.039,Almost completely male dominated,0.022,Public Administration and Safety
6-digit,399934,Gas Network Technician,750,0.917,0.085,No,42,0.973,0.029,Almost completely male dominated,0.029,Construction
6-digit,399935,Optical Mechanic,400,,,,,,,,,
6-digit,399936,Plastics Technician,220,,,,,,,,,
6-digit,399937,Railway Network Controller,1400,0.938,0.066,No,45,0.829,0.172,Highly male dominated,0.028,"Transport, Postal and Warehousing"
6-digit,399938,Shipwright,720,0.828,0.178,No,41,0.989,0.019,Almost completely male dominated,0.017,Manufacturing
6-digit,399999,Technicians and Trades Workers nec,2400,0.769,0.234,No,42,0.878,0.122,Highly male dominated,0.016,Manufacturing
6-digit,411131,Child Protection Practitioner,8400,0.795,0.205,No,38,0.132,0.867,Highly female dominated,0.08,Public Administration and Safety
6-digit,411132,Family Violence Practitioner,1200,0.649,0.353,No,41,0.065,0.934,Almost completely female dominated,0.091,Health Care and Social Assistance
6-digit,411231,Community Development Officer,3100,0.594,0.406,No,44,0.207,0.792,Highly female dominated,0.086,Public Administration and Safety
6-digit,411232,Community Support Worker,7900,0.462,0.538,No,45,0.239,0.761,Highly female dominated,0.104,Health Care and Social Assistance
6-digit,411331,Diversional Therapist,970,0.444,0.549,No,54,0.1,0.897,Highly female dominated,0.015,Health Care and Social Assistance
6-digit,411332,Lifestyle Coordinator,1600,0.599,0.401,No,51,0.102,0.898,Highly female dominated,0.015,Health Care and Social Assistance
6-digit,411333,Lifestyle Officer,1600,0.402,0.598,No,51,0.133,0.868,Highly female dominated,0.037,Health Care and Social Assistance
6-digit,411431,Employment Consultant,10700,0.854,0.146,No,38,0.249,0.75,Highly female dominated,0.058,Administrative and Support Services
6-digit,411531,Interpreter,3900,0.221,0.777,No,52,0.285,0.716,Moderately female dominated,0.016,"Professional, Scientific and Technical Services"
6-digit,411532,Translator,1700,0.343,0.659,No,50,0.35,0.65,Moderately female dominated,0.014,"Professional, Scientific and Technical Services"
6-digit,411631,Community Corrections Officer,2200,0.854,0.146,No,40,0.282,0.718,Moderately female dominated,0.046,Public Administration and Safety
6-digit,411632,Family Support Worker,4300,0.499,0.501,No,42,0.131,0.87,Highly female dominated,0.184,Health Care and Social Assistance
6-digit,411633,Financial Counsellor (Community),1300,0.588,0.413,No,50,0.256,0.745,Moderately female dominated,0.047,Health Care and Social Assistance
6-digit,411634,Housing Officer,1600,0.793,0.204,No,44,0.229,0.772,Highly female dominated,0.087,"Rental, Hiring and Real Estate Services"
6-digit,411635,Refuge Worker,250,,,,,,,,,
6-digit,411636,Welfare Worker,5900,0.654,0.346,No,43,0.208,0.791,Highly female dominated,0.102,Health Care and Social Assistance
6-digit,411731,Residential Youth Worker,1700,0.584,0.416,No,34,0.337,0.664,Moderately female dominated,0.068,Health Care and Social Assistance
6-digit,411732,Youth Justice Worker,3700,0.674,0.328,No,35,0.39,0.611,Moderately female dominated,0.092,Public Administration and Safety
6-digit,411733,Youth Worker,10900,0.602,0.398,No,34,0.427,0.573,Gender balanced,0.112,Health Care and Social Assistance
6-digit,411931,Recreation Officer,1500,0.576,0.419,No,38,0.405,0.592,Gender balanced,0.073,Public Administration and Safety
6-digit,411932,Sports Development Officer,990,0.7,0.304,Yes,31,0.597,0.403,Gender balanced,0.051,Arts and Recreation Services
6-digit,411933,Volunteer Coordinator,1500,0.448,0.557,No,47,0.128,0.87,Highly female dominated,0.012,Health Care and Social Assistance
6-digit,421131,Aged Care Coordinator,5900,0.773,0.227,No,45,0.151,0.85,Highly female dominated,0.035,Health Care and Social Assistance
6-digit,421132,Aged Care Team Leader,910,0.727,0.267,No,49,0.147,0.855,Highly female dominated,0.045,Health Care and Social Assistance
6-digit,421231,Community Aged Care Support Worker,66900,0.262,0.738,No,48,0.121,0.879,Highly female dominated,0.028,Health Care and Social Assistance
6-digit,421331,Residential Aged Care Worker,31200,0.333,0.667,No,44,0.128,0.872,Highly female dominated,0.019,Health Care and Social Assistance
6-digit,422131,Disability Services Officer,12100,0.648,0.352,No,42,0.207,0.792,Highly female dominated,0.03,Health Care and Social Assistance
6-digit,422132,Residential Care Officer,6100,0.531,0.469,No,48,0.285,0.716,Moderately female dominated,0.027,Health Care and Social Assistance
6-digit,422231,Disability Support Worker,151400,0.339,0.661,No,40,0.295,0.705,Moderately female dominated,0.037,Health Care and Social Assistance
6-digit,422232,Disability Team Leader,1100,0.84,0.16,No,43,0.294,0.707,Moderately female dominated,0.038,Health Care and Social Assistance
6-digit,431131,Early Childhood Education Room Leader,8800,0.619,0.382,No,35,0.028,0.972,Almost completely female dominated,0.03,Health Care and Social Assistance
6-digit,431132,Early Childhood Educator,129500,0.447,0.553,No,34,0.036,0.964,Almost completely female dominated,0.031,Health Care and Social Assistance
6-digit,431231,Family Day Care Coordinator,770,0.538,0.462,No,42,0.061,0.934,Almost completely female dominated,0.021,Health Care and Social Assistance
6-digit,431232,Family Day Care Educator,4400,0.674,0.327,No,45,0.019,0.981,Almost completely female dominated,0.012,Health Care and Social Assistance
6-digit,431331,Nanny,7000,0.218,0.783,Yes,27,0.02,0.979,Almost completely female dominated,0.016,Other Services
6-digit,431431,Out of School Hours Care Educator,9000,0.09,0.911,Yes,23,0.209,0.791,Highly female dominated,0.022,Health Care and Social Assistance
6-digit,432131,Inclusion Support Assistant,19900,0.23,0.77,No,48,0.087,0.913,Almost completely female dominated,0.018,Education and Training
6-digit,432231,Teaching Assistant,80200,0.222,0.777,No,46,0.119,0.881,Highly female dominated,0.048,Education and Training
6-digit,432931,Aboriginal and Torres Strait Islander Education Officer,1800,0.482,0.523,No,42,0.269,0.729,Moderately female dominated,0.903,Education and Training
6-digit,432932,Boarding Supervisor,1600,0.465,0.536,No,35,0.322,0.676,Moderately female dominated,0.079,Education and Training
6-digit,441131,Enrolled Nurse,34500,0.405,0.595,No,43,0.11,0.89,Highly female dominated,0.027,Health Care and Social Assistance
6-digit,441231,Massage Therapist,10200,0.239,0.761,Yes,43,0.181,0.819,Highly female dominated,0.005,Health Care and Social Assistance
6-digit,441232,Myotherapist,930,0.232,0.763,Yes,38,0.323,0.675,Moderately female dominated,0.013,Health Care and Social Assistance
6-digit,441233,Remedial Massage Therapist,6200,0.215,0.785,Yes,44,0.244,0.756,Highly female dominated,0.009,Health Care and Social Assistance
6-digit,441331,Mental Health Worker,10900,0.476,0.524,No,40,0.279,0.721,Moderately female dominated,0.054,Health Care and Social Assistance
6-digit,441931,Aboriginal and Torres Strait Islander Health Practitioner,360,,,,,,,,,
6-digit,441932,Aboriginal and Torres Strait Islander Health Worker,1400,0.717,0.283,No,45,0.274,0.726,Moderately female dominated,0.787,Health Care and Social Assistance
6-digit,441933,Audiometrist,470,,,,,,,,,
6-digit,442131,Allied Health Assistant,8200,0.294,0.706,No,40,0.148,0.852,Highly female dominated,0.019,Health Care and Social Assistance
6-digit,442231,Assistant in Nursing,40200,0.367,0.633,No,36,0.146,0.854,Highly female dominated,0.027,Health Care and Social Assistance
6-digit,442331,Dental Assistant,26600,0.371,0.629,Yes,31,0.025,0.975,Almost completely female dominated,0.024,Health Care and Social Assistance
6-digit,442431,Optical Dispenser,6100,0.345,0.655,Yes,35,0.216,0.785,Highly female dominated,0.013,Health Care and Social Assistance
6-digit,442531,Patient Care Assistant,11800,0.359,0.641,No,38,0.18,0.82,Highly female dominated,0.018,Health Care and Social Assistance
6-digit,442532,Patient Services Assistant,15800,0.569,0.43,No,48,0.592,0.407,Gender balanced,0.026,Health Care and Social Assistance
6-digit,442931,Patient Transport Officer,1700,0.644,0.358,No,49,0.653,0.346,Moderately male dominated,0.059,Health Care and Social Assistance
6-digit,442999,Patient and Health Care Assistants nec,2800,0.496,0.504,Yes,42,0.375,0.627,Moderately female dominated,0.023,Health Care and Social Assistance
6-digit,451131,Defence Force Member - Other Ranks,17800,0.923,0.078,No,27,0.825,0.175,Highly male dominated,0.052,Public Administration and Safety
6-digit,451231,Emergency Services Officer,1600,0.886,0.114,Yes,42,0.757,0.241,Highly male dominated,0.035,Mining
6-digit,451232,Firefighter,13500,0.934,0.066,Yes,43,0.914,0.085,Almost completely male dominated,0.034,Public Administration and Safety
6-digit,451331,General Duties Police Officer,47700,0.922,0.078,Yes,40,0.714,0.286,Moderately male dominated,0.029,Public Administration and Safety
6-digit,451931,Border Enforcement Operations Officer,3600,0.827,0.176,Yes,45,0.57,0.428,Gender balanced,0.026,Public Administration and Safety
6-digit,452131,Correctional Officer,20000,0.908,0.092,Yes,45,0.7,0.3,Moderately male dominated,0.046,Public Administration and Safety
6-digit,452231,"Alarm, Security or Surveillance Monitor",590,0.778,0.229,No,41,0.673,0.327,Moderately male dominated,0.012,Public Administration and Safety
6-digit,452232,Cash In Transit Officer,490,,,,,,,,,
6-digit,452233,Crowd Controller,520,0.262,0.742,Yes,30,0.831,0.165,Highly male dominated,0.025,Public Administration and Safety
6-digit,452234,Private Investigator,500,0.488,0.517,Yes,53,0.652,0.344,Moderately male dominated,0.012,Public Administration and Safety
6-digit,452235,Protective Services Officer,2600,0.896,0.104,No,38,0.81,0.19,Highly male dominated,0.019,Public Administration and Safety
6-digit,452236,Retail Loss Prevention Officer,1400,0.303,0.698,Yes,43,0.376,0.624,Moderately female dominated,0.021,Retail Trade
6-digit,452237,Security Consultant,2700,0.769,0.231,No,41,0.643,0.36,Moderately male dominated,0.013,Public Administration and Safety
6-digit,452238,Security Officer,36000,0.687,0.313,No,41,0.864,0.136,Highly male dominated,0.029,Public Administration and Safety
6-digit,452241,Security Screening Officer,1800,0.633,0.369,No,45,0.645,0.352,Moderately male dominated,0.03,Public Administration and Safety
6-digit,461131,Beauty Therapist,28900,0.299,0.701,Yes,33,0.031,0.969,Almost completely female dominated,0.016,Other Services
6-digit,461132,Dermal Therapist,1300,0.334,0.667,Yes,32,0.017,0.985,Almost completely female dominated,0.015,Other Services
6-digit,461231,Body Artist,3700,0.489,0.512,Yes,31,0.504,0.495,Gender balanced,0.026,Other Services
6-digit,461232,Make-up Artist,2200,0.221,0.782,Yes,31,0.037,0.963,Almost completely female dominated,0.012,Other Services
6-digit,461331,Civil Celebrant,1100,0.201,0.803,Yes,56,0.208,0.794,Highly female dominated,0,Other Services
6-digit,461332,Funeral Director,3100,0.76,0.238,No,52,0.486,0.516,Gender balanced,0.016,Other Services
6-digit,461333,Funeral Worker,900,0.47,0.537,No,52,0.618,0.386,Moderately male dominated,0.018,Other Services
6-digit,461431,Dog Walker,1100,0.174,0.825,No,35,0.257,0.744,Moderately female dominated,0.01,Other Services
6-digit,461432,Domestic Animal Attendant,4000,0.309,0.692,Yes,28,0.181,0.82,Highly female dominated,0.023,Other Services
6-digit,461433,Pet Groomer,5800,0.346,0.655,Yes,38,0.129,0.871,Highly female dominated,0.023,Other Services
6-digit,461499,Domestic Animal Care Workers nec,1600,0.337,0.662,No,34,0.235,0.763,Highly female dominated,0.026,Other Services
6-digit,461531,Driving Instructor,4500,0.389,0.612,Yes,54,0.758,0.242,Highly male dominated,0.012,Education and Training
6-digit,461631,Gallery or Museum Guide,1400,0.202,0.793,Yes,36,0.284,0.718,Moderately female dominated,0.029,Arts and Recreation Services
6-digit,461632,Tour Guide,3000,0.407,0.594,Yes,44,0.522,0.478,Gender balanced,0.061,Administrative and Support Services
6-digit,461633,Tourist Information Officer,1300,0.42,0.579,Yes,46,0.205,0.796,Highly female dominated,0.038,Public Administration and Safety
6-digit,461731,Flight Attendant,6200,0.366,0.635,Yes,39,0.229,0.771,Highly female dominated,0.019,"Transport, Postal and Warehousing"
6-digit,461799,Travel Attendants nec,450,,,,,,,,,
6-digit,461831,Travel Consultant,9000,0.531,0.469,No,43,0.214,0.785,Highly female dominated,0.009,Administrative and Support Services
6-digit,461931,Airline Customer Support Worker,2700,0.326,0.675,Yes,41,0.296,0.704,Moderately female dominated,0.024,"Transport, Postal and Warehousing"
6-digit,461932,Fashion Stylist,340,,,,,,,,,
6-digit,461933,First Aid Trainer,840,0.334,0.666,Yes,49,0.468,0.533,Gender balanced,0.009,Education and Training
6-digit,461934,Hair or Beauty Salon Assistant,1200,0.096,0.906,Yes,19,0.085,0.919,Almost completely female dominated,0.027,Other Services
6-digit,461935,Natural Remedy Consultant,1400,0.191,0.806,Yes,49,0.103,0.892,Highly female dominated,0.007,Health Care and Social Assistance
6-digit,461936,Photographer's Assistant,720,0.444,0.564,Yes,34,0.356,0.641,Moderately female dominated,0.014,"Professional, Scientific and Technical Services"
6-digit,461937,Religious Assistant,2300,0.311,0.691,No,50,0.32,0.68,Moderately female dominated,0.011,Other Services
6-digit,461938,Sex Worker or Escort,490,,,,,,,,,
6-digit,461941,Weight Loss Consultant,310,,,,,,,,,
6-digit,461999,Personal Service and Travel Workers nec,3500,0.198,0.801,Yes,48,0.231,0.77,Highly female dominated,0.021,Education and Training
6-digit,462131,Fitness Instructor (General),23300,0.263,0.737,Yes,33,0.474,0.526,Gender balanced,0.014,Other Services
6-digit,462231,Pilates Instructor,2900,0.153,0.845,Yes,38,0.051,0.949,Almost completely female dominated,0.009,Other Services
6-digit,462232,Yoga Teacher,3700,0.133,0.868,Yes,46,0.098,0.901,Almost completely female dominated,0.007,Education and Training
6-digit,462331,Lifeguard,5100,0.156,0.845,Yes,21,0.607,0.393,Moderately male dominated,0.024,Arts and Recreation Services
6-digit,462399,Sport and Recreation Safety Patrollers nec,420,,,,,,,,,
6-digit,462431,Basketball Coach,710,0.137,0.871,Yes,21,0.733,0.258,Moderately male dominated,0.021,Education and Training
6-digit,462432,Diving Instructor (Open Water),530,0.511,0.48,Yes,33,0.635,0.363,Moderately male dominated,0.015,"Transport, Postal and Warehousing"
6-digit,462433,Football Coach,1200,0.288,0.714,Yes,24,0.862,0.143,Highly male dominated,0.013,Education and Training
6-digit,462434,Gymnastics Coach or Instructor,4300,0.119,0.881,Yes,20,0.197,0.803,Highly female dominated,0.016,Arts and Recreation Services
6-digit,462435,Horse Riding Coach or Instructor,990,0.404,0.603,Yes,42,0.125,0.875,Highly female dominated,0.017,Education and Training
6-digit,462436,Martial Arts Instructor,2200,0.245,0.753,Yes,29,0.694,0.307,Moderately male dominated,0.02,Education and Training
6-digit,462437,Netball Coach,720,0.185,0.819,Yes,23,0.485,0.512,Gender balanced,0.015,Education and Training
6-digit,462438,Outdoor Adventure Leader or Guide,2500,0.463,0.539,Yes,28,0.575,0.425,Gender balanced,0.02,Education and Training
6-digit,462441,Snowsport Instructor,680,0.158,0.84,Yes,26,0.553,0.447,Gender balanced,0.004,Education and Training
6-digit,462442,Swimming Instructor or Coach,12300,0.088,0.912,Yes,22,0.254,0.746,Moderately female dominated,0.016,Education and Training
6-digit,462443,Tennis Coach,3100,0.205,0.794,Yes,29,0.782,0.218,Highly male dominated,0.009,Education and Training
6-digit,462499,Sports Coaches and Outdoor Adventure Guides nec,6500,0.283,0.717,Yes,26,0.639,0.36,Moderately male dominated,0.014,Education and Training
6-digit,462531,Dog and Horse Racing Official,680,0.67,0.338,No,46,0.766,0.228,Highly male dominated,0.027,Arts and Recreation Services
6-digit,462532,Sports Umpire,5100,0.026,0.975,Yes,16,0.713,0.285,Moderately male dominated,0.018,Arts and Recreation Services
6-digit,462599,Sports Officials and Umpires nec,120,,,,,,,,,
6-digit,462631,Footballer,1800,0.469,0.533,Yes,23,0.937,0.065,Almost completely male dominated,0.077,Arts and Recreation Services
6-digit,462632,Golfer,980,0.621,0.381,Yes,41,0.912,0.085,Almost completely male dominated,0.007,Arts and Recreation Services
6-digit,462633,Jockey,560,0.734,0.272,Yes,28,0.627,0.375,Moderately male dominated,0.038,Arts and Recreation Services
6-digit,462699,Sportspersons nec,650,0.422,0.574,Yes,26,0.717,0.274,Moderately male dominated,0.042,Arts and Recreation Services
6-digit,471131,Bar Attendant,41500,0.203,0.797,Yes,24,0.497,0.503,Gender balanced,0.038,Accommodation and Food Services
6-digit,471231,Barista,47400,0.217,0.783,Yes,24,0.261,0.739,Moderately female dominated,0.024,Accommodation and Food Services
6-digit,471331,Cafe Worker,27500,0.129,0.871,Yes,22,0.2,0.8,Highly female dominated,0.025,Accommodation and Food Services
6-digit,471431,Gaming Attendant,4100,0.241,0.759,Yes,33,0.319,0.681,Moderately female dominated,0.02,Accommodation and Food Services
6-digit,471432,Gaming Dealer or Croupier,4100,0.434,0.565,Yes,34,0.639,0.363,Moderately male dominated,0.013,Arts and Recreation Services
6-digit,471531,Bar Supervisor,2700,0.484,0.516,Yes,29,0.546,0.455,Gender balanced,0.028,Accommodation and Food Services
6-digit,471532,Cafe or Restaurant Supervisor,6900,0.424,0.575,Yes,28,0.325,0.675,Moderately female dominated,0.019,Accommodation and Food Services
6-digit,471533,Front Office Supervisor (Accommodation),550,0.672,0.336,Yes,32,0.333,0.667,Moderately female dominated,0.02,Accommodation and Food Services
6-digit,471534,Gaming Supervisor,1000,0.578,0.426,Yes,46,0.508,0.493,Gender balanced,0.014,Arts and Recreation Services
6-digit,471535,Housekeeping Supervisor,1700,0.551,0.45,Yes,42,0.189,0.809,Highly female dominated,0.024,Accommodation and Food Services
6-digit,471631,Sommelier,1600,0.19,0.804,Yes,23,0.335,0.666,Moderately female dominated,0.022,Accommodation and Food Services
6-digit,471632,Waiter,84400,0.098,0.902,Yes,21,0.232,0.768,Highly female dominated,0.02,Accommodation and Food Services
6-digit,471931,Bar Useful,670,0.082,0.918,Yes,21,0.829,0.157,Highly male dominated,0.027,Accommodation and Food Services
6-digit,471932,Doorperson or Porter,690,0.33,0.678,Yes,38,0.824,0.176,Highly male dominated,0.025,Accommodation and Food Services
6-digit,471999,Hospitality Workers nec,4100,0.262,0.737,Yes,23,0.322,0.679,Moderately female dominated,0.018,Arts and Recreation Services
6-digit,511131,Contract Administrator,23200,0.869,0.131,No,41,0.499,0.501,Gender balanced,0.016,Construction
6-digit,511231,Program or Project Administrator,102100,0.793,0.207,No,42,0.381,0.619,Moderately female dominated,0.025,Public Administration and Safety
6-digit,521131,Conveyancer,7200,0.698,0.302,No,42,0.143,0.856,Highly female dominated,0.011,"Professional, Scientific and Technical Services"
6-digit,521231,Clerk of Court,1400,0.855,0.148,No,36,0.231,0.766,Highly female dominated,0.018,Public Administration and Safety
6-digit,521232,Court Bailiff or Sheriff,680,0.788,0.212,No,49,0.667,0.337,Moderately male dominated,0.041,Public Administration and Safety
6-digit,521233,Court Orderly,1400,0.732,0.271,No,41,0.298,0.697,Moderately female dominated,0.075,Public Administration and Safety
6-digit,521234,Law Clerk,16100,0.533,0.467,No,28,0.184,0.816,Highly female dominated,0.015,"Professional, Scientific and Technical Services"
6-digit,521235,Legal Secretary,7900,0.594,0.405,No,42,0.027,0.972,Almost completely female dominated,0.018,"Professional, Scientific and Technical Services"
6-digit,521236,Trust Officer,1200,0.705,0.297,No,45,0.208,0.789,Highly female dominated,0.015,Financial and Insurance Services
6-digit,522131,Secretary (General),22100,0.385,0.615,No,55,0.041,0.959,Almost completely female dominated,0.012,Construction
6-digit,522231,Executive Assistant,47700,0.725,0.275,No,44,0.03,0.97,Almost completely female dominated,0.015,"Professional, Scientific and Technical Services"
6-digit,531131,Bank Officer,43900,0.719,0.281,No,38,0.347,0.653,Moderately female dominated,0.019,Financial and Insurance Services
6-digit,531231,Credit or Loans Officer,31200,0.858,0.142,No,38,0.448,0.552,Gender balanced,0.011,Financial and Insurance Services
6-digit,531331,Business Broker,570,0.632,0.357,No,56,0.847,0.162,Highly male dominated,0.016,"Rental, Hiring and Real Estate Services"
6-digit,531332,Commodities Trader,1900,0.863,0.138,No,42,0.757,0.242,Highly male dominated,0.004,Wholesale Trade
6-digit,531333,Finance Broker,16700,0.794,0.206,No,44,0.7,0.3,Moderately male dominated,0.006,Financial and Insurance Services
6-digit,531334,Insurance Broker,11300,0.847,0.153,No,42,0.525,0.475,Gender balanced,0.009,Financial and Insurance Services
6-digit,531399,Financial and Insurance Brokers nec,420,,,,,,,,,
6-digit,531431,Insurance Consultant,29000,0.787,0.213,No,38,0.298,0.702,Moderately female dominated,0.014,Financial and Insurance Services
6-digit,531531,Insurance Investigator,350,,,,,,,,,
6-digit,531532,Insurance Loss Adjuster,4100,0.868,0.132,No,45,0.667,0.332,Moderately male dominated,0.012,Financial and Insurance Services
6-digit,531533,Insurance Risk Surveyor,560,0.874,0.132,No,44,0.634,0.357,Moderately male dominated,0.007,Financial and Insurance Services
6-digit,531931,Investment Administrator,750,0.823,0.174,No,37,0.398,0.596,Moderately female dominated,0.012,Financial and Insurance Services
6-digit,531932,Paraplanner,290,,,,,,,,,
6-digit,541131,Accounts Clerk,110700,0.607,0.393,No,45,0.141,0.859,Highly female dominated,0.013,Construction
6-digit,541231,Estimator,10100,0.85,0.149,No,42,0.764,0.236,Highly male dominated,0.01,Construction
6-digit,541331,Payroll Officer,20200,0.643,0.357,No,45,0.125,0.875,Highly female dominated,0.016,Health Care and Social Assistance
6-digit,542131,Bookkeeper,79300,0.337,0.663,No,50,0.091,0.909,Almost completely female dominated,0.009,"Professional, Scientific and Technical Services"
6-digit,549131,Betting Clerk,1000,0.394,0.609,Yes,50,0.384,0.609,Moderately female dominated,0.019,Arts and Recreation Services
6-digit,549132,Bookmaker,390,,,,,,,,,
6-digit,549133,Debt Collector,6800,0.725,0.275,No,41,0.334,0.666,Moderately female dominated,0.021,Administrative and Support Services
6-digit,551131,Call or Contact Centre Operator,40200,0.649,0.351,No,34,0.303,0.697,Moderately female dominated,0.024,Public Administration and Safety
6-digit,551132,Call or Contact Centre Team Leader,2900,0.834,0.165,No,36,0.379,0.622,Moderately female dominated,0.018,Financial and Insurance Services
6-digit,551231,Information Officer,55600,0.69,0.309,No,38,0.305,0.694,Moderately female dominated,0.025,Public Administration and Safety
6-digit,551232,Switchboard Operator,2000,0.55,0.45,No,45,0.203,0.8,Highly female dominated,0.029,Health Care and Social Assistance
6-digit,552131,Medical Receptionist,64400,0.325,0.675,No,42,0.044,0.956,Almost completely female dominated,0.021,Health Care and Social Assistance
6-digit,552231,Ward Clerk,9200,0.478,0.522,No,48,0.08,0.92,Almost completely female dominated,0.022,Health Care and Social Assistance
6-digit,553131,Receptionist (General),71200,0.452,0.548,No,38,0.062,0.938,Almost completely female dominated,0.028,Health Care and Social Assistance
6-digit,553231,Hotel or Motel Receptionist,8600,0.383,0.617,Yes,32,0.27,0.731,Moderately female dominated,0.024,Accommodation and Food Services
6-digit,561131,General Clerk,252700,0.559,0.441,No,44,0.136,0.864,Highly female dominated,0.026,Public Administration and Safety
6-digit,561231,Data Entry Operator,43600,0.521,0.479,No,40,0.164,0.836,Highly female dominated,0.022,Health Care and Social Assistance
6-digit,561232,Machine Shorthand Reporter,1400,0.425,0.579,No,49,0.207,0.793,Highly female dominated,0.006,Administrative and Support Services
6-digit,561233,Word Processing Operator,6100,0.383,0.617,No,52,0.085,0.915,Almost completely female dominated,0.014,Health Care and Social Assistance
6-digit,571131,Logistics Officer,23600,0.833,0.167,No,40,0.606,0.394,Moderately male dominated,0.018,"Transport, Postal and Warehousing"
6-digit,571231,Order Clerk,14400,0.776,0.224,No,39,0.309,0.691,Moderately female dominated,0.012,Wholesale Trade
6-digit,571331,Procurement Officer,7400,0.868,0.132,No,42,0.442,0.558,Gender balanced,0.014,Public Administration and Safety
6-digit,571332,Purchasing Officer,7800,0.835,0.165,No,45,0.466,0.534,Gender balanced,0.013,Manufacturing
6-digit,571431,Stock Clerk,19600,0.739,0.262,No,40,0.545,0.454,Gender balanced,0.017,Retail Trade
6-digit,571531,Warehouse Administrator,20900,0.675,0.325,No,34,0.751,0.248,Highly male dominated,0.022,"Transport, Postal and Warehousing"
6-digit,571931,Freight Forwarder,3000,0.864,0.137,No,40,0.442,0.557,Gender balanced,0.008,"Transport, Postal and Warehousing"
6-digit,571932,Production Coordinator (Logistics),1800,0.812,0.183,No,41,0.37,0.631,Moderately female dominated,0.019,Manufacturing
6-digit,591131,Aerodrome Reporting Officer,1200,0.828,0.169,No,44,0.49,0.504,Gender balanced,0.03,Public Administration and Safety
6-digit,591132,Council Ranger,1200,0.871,0.128,No,47,0.67,0.333,Moderately male dominated,0.04,Public Administration and Safety
6-digit,591133,Electrical Asset Inspector,1500,0.839,0.156,No,47,0.789,0.21,Highly male dominated,0.03,Public Administration and Safety
6-digit,591134,"Invasive Pest, Weed and Disease Inspector",450,,,,,,,,,
6-digit,591135,Meter Reader,1900,0.567,0.43,No,44,0.865,0.135,Highly male dominated,0.021,Administrative and Support Services
6-digit,591136,Motor Vehicle Licence Examiner,910,0.71,0.292,No,47,0.499,0.509,Gender balanced,0.024,Public Administration and Safety
6-digit,591137,Parking Officer,910,0.798,0.205,Yes,48,0.75,0.251,Highly male dominated,0.011,Public Administration and Safety
6-digit,591138,Transport Revenue Officer,270,,,,,,,,,
6-digit,591141,Water Inspector,250,,,,,,,,,
6-digit,591231,Social Security Assessor,12300,0.719,0.281,No,44,0.261,0.739,Moderately female dominated,0.066,Public Administration and Safety
6-digit,591232,Taxation Compliance Officer,4700,0.833,0.165,No,42,0.445,0.554,Gender balanced,0.024,Public Administration and Safety
6-digit,591233,Visa and Citizenship Processing Officer,1200,0.744,0.258,No,43,0.333,0.668,Moderately female dominated,0.028,Public Administration and Safety
6-digit,591999,Inspectors and Regulatory Officers nec,5900,0.86,0.14,No,43,0.573,0.427,Gender balanced,0.023,Public Administration and Safety
6-digit,599131,Filing or Registry Clerk,12900,0.578,0.422,No,43,0.22,0.781,Highly female dominated,0.021,Public Administration and Safety
6-digit,599132,Library Assistant,9500,0.337,0.662,No,50,0.133,0.868,Highly female dominated,0.018,Education and Training
6-digit,599231,Human Resources Administration Assistant,5400,0.712,0.288,No,39,0.161,0.838,Highly female dominated,0.033,Health Care and Social Assistance
6-digit,599232,Rostering Officer,7700,0.809,0.19,No,40,0.267,0.733,Moderately female dominated,0.021,Health Care and Social Assistance
6-digit,599331,Mail Clerk,3000,0.62,0.38,No,49,0.482,0.519,Gender balanced,0.017,"Transport, Postal and Warehousing"
6-digit,599332,Postal Sorting Officer,7400,0.631,0.37,No,50,0.489,0.51,Gender balanced,0.028,"Transport, Postal and Warehousing"
6-digit,599931,Clinical Coder,1700,0.592,0.408,No,50,0.102,0.897,Highly female dominated,0.009,Health Care and Social Assistance
6-digit,599932,Customs Broker,1600,0.857,0.142,No,46,0.645,0.354,Moderately male dominated,0.006,"Transport, Postal and Warehousing"
6-digit,599933,Facilities Administrator,3900,0.828,0.171,No,46,0.594,0.407,Gender balanced,0.024,Public Administration and Safety
6-digit,599934,"Production Assistant (Audio, Screen or Live Performance)",760,0.659,0.33,No,29,0.442,0.564,Gender balanced,0.022,Information Media and Telecommunications
6-digit,599935,"Production Coordinator (Audio, Screen or Live Performance)",1100,0.861,0.139,No,35,0.439,0.564,Gender balanced,0.01,Information Media and Telecommunications
6-digit,599936,Radio Dispatcher,4800,0.805,0.195,Yes,40,0.478,0.521,Gender balanced,0.022,Public Administration and Safety
6-digit,599937,Strata Manager,5100,0.812,0.187,No,41,0.39,0.61,Moderately female dominated,0.016,"Rental, Hiring and Real Estate Services"
6-digit,599938,Survey Interviewer,1900,0.187,0.81,Yes,47,0.4,0.603,Moderately female dominated,0.024,"Professional, Scientific and Technical Services"
6-digit,599941,Union Organiser,2500,0.858,0.143,No,45,0.571,0.429,Gender balanced,0.022,Other Services
6-digit,599999,Clerical and Administrative Workers nec,9800,0.423,0.577,No,46,0.315,0.685,Moderately female dominated,0.053,"Professional, Scientific and Technical Services"
6-digit,611131,Checkout Operator,90600,0.119,0.881,No,21,0.263,0.737,Moderately female dominated,0.031,Retail Trade
6-digit,619131,Marketing Assistant,3900,0.534,0.467,No,25,0.211,0.789,Highly female dominated,0.012,"Professional, Scientific and Technical Services"
6-digit,619132,Model,610,0.172,0.83,Yes,26,0.191,0.809,Highly female dominated,0.046,Arts and Recreation Services
6-digit,619133,Sales Demonstrator,8200,0.204,0.797,Yes,48,0.195,0.805,Highly female dominated,0.017,Retail Trade
6-digit,619134,Telemarketer,3800,0.501,0.497,No,39,0.407,0.592,Gender balanced,0.02,Administrative and Support Services
6-digit,619135,Visual Merchandiser,3800,0.438,0.563,Yes,39,0.146,0.856,Highly female dominated,0.014,Retail Trade
6-digit,619931,Entertainment Venue Attendant,5300,0.121,0.88,Yes,21,0.432,0.569,Gender balanced,0.022,Information Media and Telecommunications
6-digit,619932,Merchandise Planner,1500,0.9,0.097,No,37,0.384,0.618,Moderately female dominated,0,Retail Trade
6-digit,619933,Personal Shopper,12800,0.274,0.725,No,29,0.246,0.753,Highly female dominated,0.027,Retail Trade
6-digit,619934,Reservations Agent,2500,0.456,0.547,Yes,36,0.19,0.806,Highly female dominated,0.015,Accommodation and Food Services
6-digit,619935,Retail Buyer,2900,0.834,0.164,No,37,0.381,0.618,Moderately female dominated,0.003,Retail Trade
6-digit,619999,Sales Support Workers nec,1700,0.535,0.461,Yes,37,0.473,0.526,Gender balanced,0.016,Retail Trade
6-digit,621131,Insurance Agent,8700,0.818,0.183,No,39,0.461,0.539,Gender balanced,0.011,Financial and Insurance Services
6-digit,621231,Sales Representative (Building and Plumbing Supplies),6800,0.892,0.108,No,46,0.767,0.233,Highly male dominated,0.013,Manufacturing
6-digit,621232,Sales Representative (Business Services),11300,0.831,0.169,No,40,0.533,0.467,Gender balanced,0.01,Information Media and Telecommunications
6-digit,621233,Sales Representative (Motor Vehicle Parts and Accessories),2300,0.893,0.108,No,45,0.874,0.128,Highly male dominated,0.016,Retail Trade
6-digit,621234,Sales Representative (Personal and Household Goods),21700,0.79,0.21,No,44,0.61,0.39,Moderately male dominated,0.009,Wholesale Trade
6-digit,621299,Sales Representatives nec,16000,0.824,0.176,No,42,0.6,0.4,Gender balanced,0.009,Construction
6-digit,622131,Property Manager,33300,0.713,0.287,No,42,0.321,0.679,Moderately female dominated,0.013,"Rental, Hiring and Real Estate Services"
6-digit,622231,Auctioneer,560,0.809,0.195,No,47,0.865,0.127,Highly male dominated,0.011,Wholesale Trade
6-digit,622232,Real Estate Agent,22200,0.784,0.217,No,44,0.633,0.367,Moderately male dominated,0.008,"Rental, Hiring and Real Estate Services"
6-digit,622233,Real Estate Representative,15200,0.758,0.242,No,43,0.601,0.399,Moderately male dominated,0.008,"Rental, Hiring and Real Estate Services"
6-digit,622234,Stock and Station Agent,2000,0.894,0.106,No,47,0.912,0.089,Almost completely male dominated,0.014,Wholesale Trade
6-digit,631131,Sales Assistant (General),562100,0.277,0.723,Yes,26,0.354,0.646,Moderately female dominated,0.026,Retail Trade
6-digit,631231,Community Pharmacy Sales Assistant,34400,0.262,0.738,No,26,0.126,0.874,Highly female dominated,0.018,Retail Trade
6-digit,631331,ICT Sales Assistant,7100,0.696,0.305,No,32,0.654,0.347,Moderately male dominated,0.01,Retail Trade
6-digit,631431,Motor Vehicle or Caravan Salesperson,12000,0.771,0.229,No,40,0.847,0.153,Highly male dominated,0.014,Retail Trade
6-digit,631432,Motor Vehicle Parts Interpreter,15200,0.849,0.151,No,41,0.826,0.174,Highly male dominated,0.02,Retail Trade
6-digit,631531,Retail Supervisor,20700,0.55,0.45,No,31,0.384,0.616,Moderately female dominated,0.023,Retail Trade
6-digit,631631,Service Station Attendant,7900,0.234,0.767,No,30,0.505,0.494,Gender balanced,0.037,Retail Trade
6-digit,631931,Door-to-door Salesperson,2200,0.404,0.596,Yes,40,0.365,0.637,Moderately female dominated,0.017,Retail Trade
6-digit,631932,Materials Recycler,2800,0.621,0.378,No,42,0.9,0.101,Highly male dominated,0.031,Wholesale Trade
6-digit,631933,Rental Salesperson,2700,0.593,0.41,Yes,38,0.548,0.45,Gender balanced,0.016,"Rental, Hiring and Real Estate Services"
6-digit,631934,Street Vendor,1700,0.482,0.518,Yes,49,0.585,0.413,Gender balanced,0.021,Accommodation and Food Services
6-digit,631999,Sales Assistants and Salespersons nec,3000,0.727,0.272,No,45,0.659,0.34,Moderately male dominated,0.012,Retail Trade
6-digit,711131,Chauffeur,4100,0.519,0.481,Yes,52,0.922,0.077,Almost completely male dominated,0.021,"Transport, Postal and Warehousing"
6-digit,711132,Oversize Load Pilot Escort,340,,,,,,,,,
6-digit,711133,Rideshare Driver,17600,0.391,0.608,Yes,39,0.945,0.055,Almost completely male dominated,0.003,"Transport, Postal and Warehousing"
6-digit,711134,Taxi Driver,13700,0.526,0.474,Yes,50,0.94,0.06,Almost completely male dominated,0.008,"Transport, Postal and Warehousing"
6-digit,711199,Automobile Drivers nec,1200,0.434,0.565,Yes,46,0.876,0.123,Highly male dominated,0.02,"Transport, Postal and Warehousing"
6-digit,711231,Bus Driver,36000,0.588,0.412,No,56,0.866,0.134,Highly male dominated,0.02,"Transport, Postal and Warehousing"
6-digit,711232,Charter and Tour Bus Driver,700,0.396,0.602,Yes,59,0.883,0.12,Highly male dominated,0.013,"Transport, Postal and Warehousing"
6-digit,711233,Passenger Coach Driver,1000,0.542,0.455,Yes,59,0.901,0.101,Almost completely male dominated,0.022,"Transport, Postal and Warehousing"
6-digit,711331,Freight Train Driver,4000,0.909,0.091,Yes,47,0.879,0.119,Highly male dominated,0.048,"Transport, Postal and Warehousing"
6-digit,711332,Passenger Train Driver,4500,0.925,0.076,Yes,47,0.846,0.155,Highly male dominated,0.037,"Transport, Postal and Warehousing"
6-digit,711333,Tram Driver,1600,0.883,0.119,Yes,51,0.747,0.251,Moderately male dominated,0.007,"Transport, Postal and Warehousing"
6-digit,712131,Furniture Removalist,6000,0.459,0.54,Yes,32,0.946,0.053,Almost completely male dominated,0.04,"Transport, Postal and Warehousing"
6-digit,712231,Delivery Person,90400,0.478,0.522,No,37,0.872,0.128,Highly male dominated,0.018,"Transport, Postal and Warehousing"
6-digit,712232,Postal Delivery Officer,16700,0.698,0.302,No,51,0.78,0.219,Highly male dominated,0.028,"Transport, Postal and Warehousing"
6-digit,713131,Truck Driver (General),141200,0.843,0.157,No,49,0.956,0.044,Almost completely male dominated,0.036,"Transport, Postal and Warehousing"
6-digit,713132,Tow Truck Driver,2200,0.771,0.231,No,44,0.979,0.022,Almost completely male dominated,0.026,"Transport, Postal and Warehousing"
6-digit,713231,Articulated Truck Driver,4000,0.861,0.141,No,51,0.929,0.07,Almost completely male dominated,0.029,"Transport, Postal and Warehousing"
6-digit,713232,Tanker Truck Driver,3300,0.891,0.108,No,52,0.961,0.04,Almost completely male dominated,0.043,"Transport, Postal and Warehousing"
6-digit,721131,Storeperson,105700,0.631,0.369,No,36,0.72,0.28,Moderately male dominated,0.022,Retail Trade
6-digit,721132,Warehouse Supervisor,24200,0.87,0.129,No,42,0.847,0.153,Highly male dominated,0.015,"Transport, Postal and Warehousing"
6-digit,731131,Industrial Spray Painter,3800,0.881,0.119,No,40,0.975,0.023,Almost completely male dominated,0.039,Manufacturing
6-digit,731132,Sandblaster,630,0.821,0.181,No,41,0.981,0.014,Almost completely male dominated,0.073,Construction
6-digit,731231,Paper and Pulp Production Operator,3900,0.88,0.117,No,47,0.878,0.123,Highly male dominated,0.014,Manufacturing
6-digit,731232,Timber and Wood Production Operator,2300,0.858,0.141,No,42,0.946,0.055,Almost completely male dominated,0.046,Manufacturing
6-digit,731331,Plastics Fabricator or Welder,770,0.875,0.127,No,41,0.96,0.044,Almost completely male dominated,0.034,Manufacturing
6-digit,731332,Plastics Production Machine Operator,2700,0.891,0.109,No,48,0.859,0.144,Highly male dominated,0.016,Manufacturing
6-digit,731333,Reinforced Plastic and Composite Production Worker,780,0.828,0.161,No,43,0.933,0.069,Almost completely male dominated,0.04,Manufacturing
6-digit,731334,Rubber Production Machine Operator,1600,0.911,0.09,No,38,0.964,0.038,Almost completely male dominated,0.037,Manufacturing
6-digit,731399,Plastics and Rubber Production Machine Operators nec,250,,,,,,,,,
6-digit,731431,Sewing Machinist,8600,0.569,0.432,No,52,0.231,0.769,Highly female dominated,0.012,Manufacturing
6-digit,731432,Textile or Footwear Production Machine Operator,1500,0.784,0.212,No,48,0.663,0.337,Moderately male dominated,0.032,Manufacturing
6-digit,731931,Chemical Production Machine Operator,3400,0.802,0.198,No,43,0.685,0.314,Moderately male dominated,0.014,Manufacturing
6-digit,731932,Clay Products Machine Operator,480,,,,,,,,,
6-digit,731933,Concrete Products Machine Operator,480,,,,,,,,,
6-digit,731934,Crushing Machine Operator,1100,0.89,0.116,No,45,0.919,0.084,Almost completely male dominated,0.06,Mining
6-digit,731935,Glass Production Machine Operator,1200,0.882,0.114,No,44,0.957,0.048,Almost completely male dominated,0.021,Manufacturing
6-digit,731936,Photographic Print Processor,650,0.513,0.475,No,37,0.41,0.59,Gender balanced,0.018,Health Care and Social Assistance
6-digit,731937,Sterilisation Technician,4900,0.582,0.418,No,50,0.334,0.666,Moderately female dominated,0.012,Health Care and Social Assistance
6-digit,731938,Stone Processing Machine Operator,310,,,,,,,,,
6-digit,731999,Machine Operators nec,4700,0.771,0.229,Yes,38,0.781,0.22,Highly male dominated,0.033,Manufacturing
6-digit,732131,"Crane, Hoist or Lift Operator",11200,0.853,0.147,Yes,46,0.961,0.039,Almost completely male dominated,0.031,Construction
6-digit,732231,Engineering Production Worker,17500,0.889,0.112,No,44,0.939,0.061,Almost completely male dominated,0.022,Manufacturing
6-digit,732331,Miner,49100,0.932,0.068,Yes,42,0.889,0.111,Highly male dominated,0.071,Mining
6-digit,732332,Shot Firer,2600,0.939,0.061,Yes,37,0.899,0.102,Highly male dominated,0.068,Mining
6-digit,732431,Wastewater or Water Plant Operator,5500,0.924,0.076,No,46,0.931,0.068,Almost completely male dominated,0.045,"Electricity, Gas, Water and Waste Services"
6-digit,732931,Boiler or Engine Operator,520,0.941,0.061,No,49,0.968,0.027,Almost completely male dominated,0.027,Manufacturing
6-digit,732932,Bulk Materials Handling Plant Operator,2700,0.886,0.116,No,43,0.87,0.129,Highly male dominated,0.057,"Transport, Postal and Warehousing"
6-digit,732933,Concrete Batching Plant Operator,850,0.936,0.063,No,45,0.96,0.035,Almost completely male dominated,0.033,Manufacturing
6-digit,732934,Concrete Pump Operator,2200,0.813,0.189,Yes,36,0.992,0.009,Almost completely male dominated,0.044,Construction
6-digit,732935,Railway Signal Operator,650,0.903,0.098,No,42,0.851,0.148,Highly male dominated,0.039,"Transport, Postal and Warehousing"
6-digit,732936,Weighbridge Operator,1100,0.766,0.234,No,46,0.389,0.616,Moderately female dominated,0.038,"Electricity, Gas, Water and Waste Services"
6-digit,732999,Stationary Plant Operators nec,3100,0.886,0.113,No,43,0.89,0.11,Highly male dominated,0.043,Mining
6-digit,741131,Agricultural and Horticultural Mobile Plant Operator,9100,0.806,0.193,No,42,0.912,0.088,Almost completely male dominated,0.036,"Agriculture, Forestry and Fishing"
6-digit,741132,Logging Plant Operator,1400,0.899,0.098,No,42,0.974,0.027,Almost completely male dominated,0.033,"Agriculture, Forestry and Fishing"
6-digit,741231,Earthmoving Plant Operator (General),1200,0.785,0.216,No,52,0.966,0.033,Almost completely male dominated,0.02,Construction
6-digit,741232,Backhoe Operator,440,,,,,,,,,
6-digit,741233,Bulldozer Operator,1600,0.91,0.092,Yes,48,0.968,0.029,Almost completely male dominated,0.066,Mining
6-digit,741234,Excavator Operator,14200,0.863,0.137,No,43,0.987,0.013,Almost completely male dominated,0.035,Construction
6-digit,741235,Grader Operator,2200,0.917,0.084,No,51,0.965,0.035,Almost completely male dominated,0.095,Construction
6-digit,741236,Loader Operator,6000,0.859,0.141,No,48,0.958,0.043,Almost completely male dominated,0.045,Construction
6-digit,741237,Tunnel Constructor,520,0.893,0.1,Yes,37,0.981,0.015,Almost completely male dominated,0.048,Construction
6-digit,741331,Forklift Driver,60100,0.829,0.17,No,43,0.949,0.051,Almost completely male dominated,0.024,Manufacturing
6-digit,741931,Aircraft Baggage Handler and Ground Crew,4300,0.411,0.59,Yes,35,0.83,0.169,Highly male dominated,0.019,"Transport, Postal and Warehousing"
6-digit,741932,Aircraft Refueller,600,0.776,0.22,No,47,0.93,0.066,Almost completely male dominated,0.023,"Transport, Postal and Warehousing"
6-digit,741933,Linemarker,960,0.727,0.266,Yes,39,0.958,0.038,Almost completely male dominated,0.043,Construction
6-digit,741934,Railway Shunter,330,,,,,,,,,
6-digit,741935,Railway Track Plant Operator,230,,,,,,,,,
6-digit,741936,Road Roller Operator,690,0.855,0.148,Yes,49,0.868,0.129,Highly male dominated,0.142,Construction
6-digit,741937,Stevedore,4000,0.681,0.32,Yes,47,0.947,0.055,Almost completely male dominated,0.03,"Transport, Postal and Warehousing"
6-digit,741938,Streetsweeper Operator,910,0.879,0.125,No,53,0.968,0.034,Almost completely male dominated,0.027,Public Administration and Safety
6-digit,741999,Mobile Plant Operators nec,720,0.856,0.142,No,40,0.943,0.054,Almost completely male dominated,0.042,Construction
6-digit,811131,Commercial Cleaner,159800,0.317,0.683,No,45,0.408,0.592,Gender balanced,0.034,Administrative and Support Services
6-digit,811231,Domestic Cleaner,34000,0.127,0.873,Yes,47,0.191,0.809,Highly female dominated,0.027,Administrative and Support Services
6-digit,811331,Drycleaner,1500,0.404,0.596,Yes,52,0.453,0.549,Gender balanced,0.011,Other Services
6-digit,811332,Laundry Worker,11200,0.418,0.582,No,50,0.278,0.722,Moderately female dominated,0.028,Other Services
6-digit,811431,Commercial Housekeeper,24300,0.209,0.791,Yes,41,0.154,0.846,Highly female dominated,0.041,Accommodation and Food Services
6-digit,811432,Domestic Housekeeper,2300,0.244,0.756,Yes,48,0.12,0.879,Highly female dominated,0.033,Administrative and Support Services
6-digit,811531,Vehicle Detailer,14200,0.55,0.45,Yes,35,0.885,0.115,Highly male dominated,0.035,Other Services
6-digit,811931,Carpet Cleaner,2400,0.38,0.621,Yes,48,0.913,0.087,Almost completely male dominated,0.014,Other Services
6-digit,811932,Roof Gutter Cleaner,330,,,,,,,,,
6-digit,811933,Window Cleaner,2800,0.259,0.741,Yes,43,0.883,0.118,Highly male dominated,0.016,Administrative and Support Services
6-digit,811999,Cleaners and Laundry Workers nec,3100,0.635,0.364,Yes,42,0.861,0.139,Highly male dominated,0.041,Administrative and Support Services
6-digit,821131,Asbestos Removalist,1200,0.692,0.307,Yes,39,0.974,0.026,Almost completely male dominated,0.045,"Electricity, Gas, Water and Waste Services"
6-digit,821132,Builder's Labourer,40700,0.715,0.284,Yes,34,0.956,0.044,Almost completely male dominated,0.048,Construction
6-digit,821133,Concreter's Labourer,2500,0.737,0.262,No,30,0.98,0.018,Almost completely male dominated,0.067,Construction
6-digit,821134,Demolition Labourer,2400,0.685,0.318,Yes,34,0.979,0.02,Almost completely male dominated,0.046,Construction
6-digit,821135,Earthmoving Labourer,1900,0.777,0.22,No,35,0.967,0.03,Almost completely male dominated,0.057,Construction
6-digit,821231,Construction Rigger,7700,0.876,0.124,Yes,39,0.98,0.019,Almost completely male dominated,0.031,Construction
6-digit,821232,Dogger,810,0.8,0.202,Yes,37,0.952,0.038,Almost completely male dominated,0.048,Construction
6-digit,821331,Fencer,9500,0.701,0.298,No,41,0.961,0.039,Almost completely male dominated,0.041,Construction
6-digit,821431,Building Insulation Installer,1800,0.657,0.345,Yes,36,0.94,0.059,Almost completely male dominated,0.02,Construction
6-digit,821432,Garage Door Installer,1500,0.727,0.276,No,41,0.978,0.022,Almost completely male dominated,0.034,Construction
6-digit,821433,Shed Builder,1300,0.803,0.196,No,36,0.99,0.009,Almost completely male dominated,0.06,Construction
6-digit,821434,Window Furnishing Installer,2100,0.655,0.343,Yes,43,0.968,0.033,Almost completely male dominated,0.012,Construction
6-digit,821499,Home Improvement and Insulation Installers nec,3000,0.691,0.31,Yes,42,0.974,0.026,Almost completely male dominated,0.024,Construction
6-digit,821531,Paving and Surfacing Labourer,6500,0.872,0.128,No,42,0.963,0.038,Almost completely male dominated,0.094,Construction
6-digit,821631,"Drainage, Sewerage and Stormwater Labourer",3100,0.913,0.084,No,44,0.946,0.054,Almost completely male dominated,0.07,"Electricity, Gas, Water and Waste Services"
6-digit,821632,Pipe Layer,1200,0.916,0.083,No,33,0.996,0.007,Almost completely male dominated,0.051,Construction
6-digit,821633,Plumber's Assistant,1300,0.66,0.344,No,29,0.939,0.058,Almost completely male dominated,0.063,Construction
6-digit,821731,Scaffolder,8400,0.804,0.196,Yes,33,0.99,0.01,Almost completely male dominated,0.049,Construction
6-digit,821732,Steel Fixer,3900,0.753,0.247,Yes,34,0.993,0.006,Almost completely male dominated,0.032,Construction
6-digit,821733,Structural Steel Erector,350,,,,,,,,,
6-digit,821931,Driller's Offsider,2000,0.921,0.08,Yes,28,0.961,0.037,Almost completely male dominated,0.05,Mining
6-digit,821932,Lagger,360,,,,,,,,,
6-digit,821933,Mining Support Worker,1800,0.881,0.117,No,34,0.877,0.123,Highly male dominated,0.077,Mining
6-digit,821934,Rail Protection Officer,1000,0.81,0.193,Yes,42,0.865,0.139,Highly male dominated,0.055,"Transport, Postal and Warehousing"
6-digit,821935,Railway Track Worker,2900,0.873,0.126,Yes,39,0.943,0.056,Almost completely male dominated,0.104,"Transport, Postal and Warehousing"
6-digit,821936,Surveyor's Assistant,1300,0.6,0.402,Yes,31,0.855,0.14,Highly male dominated,0.03,"Professional, Scientific and Technical Services"
6-digit,831131,Baking Factory Worker,3200,0.669,0.331,No,41,0.612,0.388,Moderately male dominated,0.012,Manufacturing
6-digit,831132,Brewery Worker,1800,0.793,0.205,No,38,0.901,0.1,Almost completely male dominated,0.014,Manufacturing
6-digit,831133,Coffee Roaster,770,0.658,0.35,No,38,0.844,0.169,Highly male dominated,0.012,Manufacturing
6-digit,831134,Confectionery Maker,2100,0.727,0.272,No,45,0.542,0.457,Gender balanced,0.015,Manufacturing
6-digit,831135,Dairy Products Factory Worker,2400,0.771,0.232,No,42,0.767,0.231,Highly male dominated,0.018,Manufacturing
6-digit,831136,Fruit and Vegetable Factory Worker,2700,0.556,0.442,No,38,0.536,0.464,Gender balanced,0.027,Manufacturing
6-digit,831137,Grain Mill Worker,980,0.9,0.1,No,42,0.938,0.061,Almost completely male dominated,0.067,Manufacturing
6-digit,831138,Sugar Mill Worker,730,0.939,0.058,No,49,0.893,0.112,Highly male dominated,0.047,Manufacturing
6-digit,831141,Winery Cellar Hand,1800,0.806,0.195,No,38,0.817,0.181,Highly male dominated,0.014,Manufacturing
6-digit,831199,Food and Drink Factory Workers nec,5900,0.686,0.314,No,41,0.663,0.336,Moderately male dominated,0.017,Manufacturing
6-digit,831231,Meat Boner and Slicer,6200,0.79,0.21,No,35,0.798,0.202,Highly male dominated,0.032,Manufacturing
6-digit,831232,Slaughterer,1700,0.797,0.205,No,36,0.945,0.052,Almost completely male dominated,0.047,Manufacturing
6-digit,831331,Meat Process Worker,11000,0.774,0.226,No,36,0.747,0.252,Moderately male dominated,0.032,Manufacturing
6-digit,831332,Poultry Process Worker,8000,0.74,0.261,No,41,0.581,0.419,Gender balanced,0.017,Manufacturing
6-digit,831333,Seafood Process Worker,2200,0.54,0.46,No,40,0.666,0.334,Moderately male dominated,0.051,Manufacturing
6-digit,832131,Packer (General),28700,0.494,0.506,No,38,0.439,0.56,Gender balanced,0.017,Manufacturing
6-digit,832132,Chocolate Packer,400,,,,,,,,,
6-digit,832133,Fruit and Vegetable Packer,8000,0.514,0.485,No,33,0.354,0.645,Moderately female dominated,0.016,"Agriculture, Forestry and Fishing"
6-digit,832134,Meat Packer,10700,0.696,0.304,No,36,0.363,0.637,Moderately female dominated,0.023,Manufacturing
6-digit,832135,Seafood Packer,580,0.463,0.546,No,34,0.449,0.553,Gender balanced,0.038,Manufacturing
6-digit,832231,Product Assembler,23100,0.784,0.216,No,43,0.766,0.234,Highly male dominated,0.017,Manufacturing
6-digit,839131,Cement and Concrete Plant Worker,650,0.86,0.14,No,37,0.975,0.031,Almost completely male dominated,0.05,Manufacturing
6-digit,839132,Chemical Plant Worker,2200,0.808,0.189,No,41,0.695,0.307,Moderately male dominated,0.024,Manufacturing
6-digit,839133,Fabric and Textile Factory Worker,800,0.58,0.416,No,44,0.513,0.488,Gender balanced,0.013,Manufacturing
6-digit,839134,Glass Processing Worker,700,0.849,0.155,No,37,0.925,0.073,Almost completely male dominated,0.024,Manufacturing
6-digit,839135,Metal Engineering Process Worker,7700,0.825,0.175,No,40,0.925,0.074,Almost completely male dominated,0.04,Manufacturing
6-digit,839136,Paper and Pulp Process Worker,410,,,,,,,,,
6-digit,839137,Plastics Factory Worker,1200,0.793,0.206,No,44,0.731,0.27,Moderately male dominated,0.02,Manufacturing
6-digit,839138,Recycling Worker,3000,0.509,0.492,No,38,0.791,0.208,Highly male dominated,0.055,"Electricity, Gas, Water and Waste Services"
6-digit,839141,Timber and Wood Process Worker,4600,0.773,0.228,No,37,0.922,0.078,Almost completely male dominated,0.049,Manufacturing
6-digit,839199,Materials and Chemical Process Workers nec,3800,0.624,0.375,No,39,0.76,0.24,Highly male dominated,0.036,Manufacturing
6-digit,839231,Product Examiner,5000,0.796,0.204,No,42,0.535,0.465,Gender balanced,0.008,Manufacturing
6-digit,839232,Product Grader,2000,0.602,0.398,No,41,0.372,0.627,Moderately female dominated,0.037,"Agriculture, Forestry and Fishing"
6-digit,839233,Product Tester,1700,0.823,0.176,No,39,0.68,0.318,Moderately male dominated,0.025,Manufacturing
6-digit,841131,Cotton Farm Worker,240,,,,,,,,,
6-digit,841132,Fruit Farm Worker,4800,0.65,0.349,No,36,0.728,0.272,Moderately male dominated,0.041,"Agriculture, Forestry and Fishing"
6-digit,841133,Fruit Picker,6100,0.513,0.487,No,32,0.636,0.364,Moderately male dominated,0.021,"Agriculture, Forestry and Fishing"
6-digit,841134,"Grain, Oilseed, Pulse and Pasture Farm Worker",1000,0.77,0.228,No,36,0.864,0.142,Highly male dominated,0.031,"Agriculture, Forestry and Fishing"
6-digit,841135,Mushroom Picker,1300,0.574,0.428,No,42,0.224,0.775,Highly female dominated,0.002,"Agriculture, Forestry and Fishing"
6-digit,841136,Nut Farm Worker,230,,,,,,,,,
6-digit,841137,Sugar Cane Farm Worker,250,,,,,,,,,
6-digit,841138,Vegetable Farm Worker,1300,0.539,0.461,No,35,0.589,0.412,Gender balanced,0.021,"Agriculture, Forestry and Fishing"
6-digit,841141,Vegetable Picker,1500,0.531,0.472,No,34,0.565,0.438,Gender balanced,0.018,"Agriculture, Forestry and Fishing"
6-digit,841142,Vineyard Worker,2900,0.617,0.385,No,45,0.753,0.245,Highly male dominated,0.016,"Agriculture, Forestry and Fishing"
6-digit,841199,Crop Farm Workers nec,4500,0.62,0.38,No,37,0.703,0.297,Moderately male dominated,0.032,"Agriculture, Forestry and Fishing"
6-digit,841231,Beef Cattle Farm Worker,4300,0.663,0.337,No,35,0.684,0.318,Moderately male dominated,0.046,"Agriculture, Forestry and Fishing"
6-digit,841232,Cattle and Sheep Farm Worker,270,,,,,,,,,
6-digit,841233,Dairy Cattle Farm Worker,3600,0.573,0.428,No,31,0.564,0.438,Gender balanced,0.039,"Agriculture, Forestry and Fishing"
6-digit,841234,Livestock Husbandry Worker,260,,,,,,,,,
6-digit,841235,Piggery Farm Worker,670,0.819,0.176,No,38,0.696,0.309,Moderately male dominated,0.028,"Agriculture, Forestry and Fishing"
6-digit,841236,Poultry Farm Worker,2000,0.571,0.429,No,38,0.575,0.424,Gender balanced,0.041,"Agriculture, Forestry and Fishing"
6-digit,841237,Sheep Farm Worker,1100,0.579,0.427,No,38,0.734,0.265,Moderately male dominated,0.03,"Agriculture, Forestry and Fishing"
6-digit,841238,Stablehand,4400,0.489,0.51,No,26,0.295,0.706,Moderately female dominated,0.033,Arts and Recreation Services
6-digit,841241,Wool Handler,840,0.527,0.471,Yes,31,0.514,0.486,Gender balanced,0.069,"Agriculture, Forestry and Fishing"
6-digit,841299,Livestock Farm Workers nec,4600,0.626,0.373,No,36,0.7,0.3,Moderately male dominated,0.031,"Agriculture, Forestry and Fishing"
6-digit,841331,Aquaculture Worker,440,,,,,,,,,
6-digit,841332,Broadacre Crop and Livestock Farm Worker,1900,0.752,0.247,No,35,0.825,0.17,Highly male dominated,0.025,"Agriculture, Forestry and Fishing"
6-digit,841399,Mixed Production and Aquaculture Farm Workers nec,230,,,,,,,,,
6-digit,842131,Garden Labourer,21700,0.51,0.49,Yes,45,0.92,0.08,Almost completely male dominated,0.051,Administrative and Support Services
6-digit,842231,Horticultural Nursery Assistant,6500,0.5,0.501,No,38,0.436,0.565,Gender balanced,0.024,"Agriculture, Forestry and Fishing"
6-digit,842931,Bush Regenerator,1700,0.477,0.527,Yes,33,0.695,0.305,Moderately male dominated,0.049,"Agriculture, Forestry and Fishing"
6-digit,842932,Forestry Worker,1000,0.631,0.369,No,31,0.819,0.18,Highly male dominated,0.072,"Agriculture, Forestry and Fishing"
6-digit,842933,Irrigation Assistant,360,,,,,,,,,
6-digit,842999,Garden and Forestry Workers nec,1600,0.653,0.348,Yes,44,0.822,0.178,Highly male dominated,0.065,"Agriculture, Forestry and Fishing"
6-digit,851131,Fast Food Cook,43600,0.103,0.896,No,18,0.654,0.346,Moderately male dominated,0.035,Accommodation and Food Services
6-digit,851231,Kitchenhand (General),113900,0.17,0.83,Yes,24,0.43,0.57,Gender balanced,0.028,Accommodation and Food Services
6-digit,851232,Dishwasher,4300,0.081,0.921,Yes,19,0.684,0.316,Moderately male dominated,0.03,Accommodation and Food Services
6-digit,851233,Pastrycook's Assistant,3900,0.286,0.713,No,29,0.315,0.687,Moderately female dominated,0.031,Retail Trade
6-digit,851299,Food Preparation Assistants nec,1700,0.209,0.791,Yes,28,0.497,0.505,Gender balanced,0.031,Accommodation and Food Services
6-digit,891131,Freight Handler (Rail or Road),8600,0.584,0.417,No,32,0.914,0.086,Almost completely male dominated,0.035,"Transport, Postal and Warehousing"
6-digit,891132,Truck Driver's Offsider,1300,0.477,0.523,Yes,27,0.908,0.094,Almost completely male dominated,0.051,"Transport, Postal and Warehousing"
6-digit,891231,Shelf Filler,63400,0.207,0.793,No,25,0.631,0.369,Moderately male dominated,0.034,Retail Trade
6-digit,899131,Caretaker,7000,0.528,0.471,No,57,0.832,0.168,Highly male dominated,0.026,Education and Training
6-digit,899231,Deck Hand,2600,0.749,0.253,Yes,38,0.852,0.147,Highly male dominated,0.06,"Transport, Postal and Warehousing"
6-digit,899232,Fishing Hand,2400,0.616,0.384,Yes,46,0.953,0.05,Almost completely male dominated,0.055,"Agriculture, Forestry and Fishing"
6-digit,899331,Handyperson,34500,0.511,0.489,Yes,53,0.962,0.038,Almost completely male dominated,0.026,Construction
6-digit,899431,Motor Vehicle Parts and Accessories Fitter (General),2800,0.834,0.165,No,38,0.963,0.037,Almost completely male dominated,0.026,Retail Trade
6-digit,899432,Autoglazier,2100,0.773,0.228,No,39,0.963,0.037,Almost completely male dominated,0.03,Other Services
6-digit,899433,Mechanic's Assistant,2000,0.747,0.254,No,33,0.929,0.071,Almost completely male dominated,0.041,Other Services
6-digit,899434,Tyre Fitter,6700,0.838,0.162,No,32,0.989,0.012,Almost completely male dominated,0.067,Other Services
6-digit,899531,Rail Guard or Conductor,2600,0.901,0.101,Yes,46,0.736,0.263,Moderately male dominated,0.034,"Transport, Postal and Warehousing"
6-digit,899532,Railways Assistant,890,0.645,0.354,Yes,47,0.61,0.387,Moderately male dominated,0.026,"Transport, Postal and Warehousing"
6-digit,899631,Road Traffic Controller,16500,0.523,0.477,Yes,42,0.675,0.325,Moderately male dominated,0.059,Public Administration and Safety
6-digit,899931,Car Park Attendant,1400,0.456,0.542,Yes,44,0.82,0.182,Highly male dominated,0.016,Other Services
6-digit,899932,Crossing Supervisor,6300,0.013,0.987,No,64,0.398,0.602,Moderately female dominated,0.014,Public Administration and Safety
6-digit,899933,Electrical or Telecommunications Trades Assistant,2400,0.719,0.28,Yes,32,0.915,0.087,Almost completely male dominated,0.033,Construction
6-digit,899934,Leaflet or Newspaper Deliverer,3300,0.06,0.939,No,41,0.617,0.384,Moderately male dominated,0.011,"Transport, Postal and Warehousing"
6-digit,899935,Recycling or Waste Collector,2700,0.686,0.313,No,46,0.949,0.05,Almost completely male dominated,0.102,"Electricity, Gas, Water and Waste Services"
6-digit,899936,Sign Installer,1300,0.675,0.321,Yes,41,0.952,0.047,Almost completely male dominated,0.021,Construction
6-digit,899937,Swimming Pool or Spa Technician,3700,0.615,0.385,Yes,43,0.94,0.06,Almost completely male dominated,0.025,Administrative and Support Services
6-digit,899938,Trolley Collector,3200,0.195,0.805,No,26,0.939,0.061,Almost completely male dominated,0.042,Retail Trade
6-digit,899941,Vending Machine Attendant,590,0.412,0.591,Yes,47,0.753,0.249,Highly male dominated,0.024,Retail Trade
6-digit,899999,Labourers nec,9500,0.708,0.292,No,36,0.88,0.119,Highly male dominated,0.044,Construction
Total (all occupations),Total (all occupations),Total (all occupations),12049400,0.642,0.358,No,40,0.515,0.485,Gender balanced,0.022,Health Care and Social Assistance
