osca_code,occupation,task_rank,task
111131,Corporate Services Manager,1,"Provides high level administrative, strategic planning and operational support, research and advice to senior management on administrative matters such as staff management, financial planning, facility management and information services"
111131,Corporate Services Manager,2,"Develops the organisation's administrative, financial, physical and staff resources"
111131,Corporate Services Manager,3,"Implements administrative, financial and operational procedural statements and guidelines for use by staff in the organisation"
111131,Corporate Services Manager,4,"Analyses complex resource management issues and initiatives that affect the organisation, and prepares associated reports, correspondence and submissions"
111131,Corporate Services Manager,5,Provides information and support for the preparation of financial reports and budgets
111131,Corporate Services Manager,6,"Leads, manages and develops administrative staff to ensure smooth business operations and the provision of accurate and timely information"
111131,Corporate Services Manager,7,"Represents the organisation in negotiations and at conventions, seminars, public hearings and forums, and promotes existing and new programs and policies"
111231,Finance Manager,1,"Determines, implements, monitors, reviews and evaluates budgetary and accounting strategies, policies and plans in consultation with other managers"
111231,Finance Manager,2,Provides financial information and interprets the implications for business performance and funding needs
111231,Finance Manager,3,"Coordinates the development, implementation and monitoring of accounting systems"
111231,Finance Manager,4,"Directs the preparation of financial reports that summarise and forecast an organisation's financial position, such as income statements and balance sheets, and analyses future earnings and income"
111231,Finance Manager,5,"Advises on investment strategies, sources of funds, and the distribution of earnings"
111231,Finance Manager,6,"Delivers long-range profit forecasts, budgeting and financial reports"
111231,Finance Manager,7,Ensures compliance with financial legislation and standards
111331,Human Resources Manager,1,"Determines, implements, monitors, reviews and evaluates human resource management strategies, policies and plans"
111331,Human Resources Manager,2,"Advises and assists other managers in applying sound recruitment and selection practices, and appropriate induction, training and development programs"
111331,Human Resources Manager,3,Develops and implements performance management systems to appraise and improve individual and team performance
111331,Human Resources Manager,4,Represents the organisation in negotiations with unions and employees to determine remuneration and other conditions of employment
111331,Human Resources Manager,5,"Develops equal employment opportunity programs, and ensures compliance with related statutory requirements"
111331,Human Resources Manager,6,Oversees the application of redundancy and other employee retrenchment policies
111331,Human Resources Manager,7,Monitors employment costs and productivity levels
111331,Human Resources Manager,8,May train and advise other managers in personnel and workplace relations matters
111431,Policy and Planning Manager,1,"Develops, implements and monitors strategic and business planning activities, organisational programs, policies, processes, systems and procedures to achieve goals, objectives and work standards"
111431,Policy and Planning Manager,2,"Develops, implements, administers and participates in policy research and analysis"
111431,Policy and Planning Manager,3,Coordinates the implementation of policies and practices
111431,Policy and Planning Manager,4,Communicates organisational policies and procedures
111431,Policy and Planning Manager,5,Establishes activity measures and measurements of accountability
111431,Policy and Planning Manager,6,Oversees and participates in the development of policy documents and reports
111431,Policy and Planning Manager,7,"Consults with, and provides expert advice to, government officials and board members on policy, program and legislative issues"
111431,Policy and Planning Manager,8,"Represents the organisation in negotiations and at conventions, seminars, public hearings and forums convened to discuss policy issues"
111431,Policy and Planning Manager,9,Undertakes short-term and long-term business planning as part of the managerial process
111431,Policy and Planning Manager,10,Plans for uncertain future events
111531,Research and Development Manager,1,"Develops and implements research project strategies, priorities and targets to support commercial and policy developments"
111531,Research and Development Manager,2,Leads major research projects and coordinates activities of other research workers
111531,Research and Development Manager,3,Assesses the benefits and monitors the costs and effectiveness of research and development activities
111531,Research and Development Manager,4,"Interprets results of research projects, and recommends associated product and service development innovations"
111531,Research and Development Manager,5,Provides advice on research and development options available to the organisation
111531,Research and Development Manager,6,Monitors leading-edge developments in relevant disciplines and assesses implications for the organisation
111531,Research and Development Manager,7,May publish results of significant research projects
111631,Quality Assurance Manager,1,"Liaises with technical, production and operational staff and management to ensure maximum quality outputs"
111631,Quality Assurance Manager,2,Updates and issues product specifications
111631,Quality Assurance Manager,3,"Oversees the activity of the quality assurance department and team in developing, implementing and maintaining processes and systems designed to ensure the quality and safety of the company's products"
111631,Quality Assurance Manager,4,Trains staff to uphold the highest quality standards
111631,Quality Assurance Manager,5,"Prepares for audits, reporting and quality improvement initiatives"
111632,Regulatory Affairs Manager,1,"Develops and monitors regulatory policies, procedures and strategies"
111632,Regulatory Affairs Manager,2,"Prepares, reviews and submits regulatory documents and applications to regulatory agencies"
111632,Regulatory Affairs Manager,3,"Provides regulatory guidance, and coordinates with other departments within an organisation to ensure that products and services are compliant with relevant regulations"
111632,Regulatory Affairs Manager,4,"Manages regulatory activities such as audits, regulatory agency inspections or product recalls"
111632,Regulatory Affairs Manager,5,Monitors changes in the regulatory environment to determine potential impacts on organisational processes
111633,Work Health and Safety Manager,1,Manages the operations of the work health and safety business unit
111633,Work Health and Safety Manager,2,Manages work health and safety budgets
111633,Work Health and Safety Manager,3,Manages organisational response to any injury and compliance investigations
111633,Work Health and Safety Manager,4,"Sets, monitors, reviews and evaluates work health and safety management strategies, policies and plans"
111633,Work Health and Safety Manager,5,Oversees the organisation's work health and safety policies and practices to ensure compliance with legal requirements
111633,Work Health and Safety Manager,6,Advocates for work health and safety in organisational policy
112131,Advertising Manager,1,Leads a team of Advertising Specialists
112131,Advertising Manager,2,Determines the nature of advertising required and the style of presentation
112131,Advertising Manager,3,Selects and manages resources needed to complete advertising projects
112131,Advertising Manager,4,Allocates assignments and appraises work for publication
112131,Advertising Manager,5,"Manages the ongoing review of advertising staff, resources and content"
112131,Advertising Manager,6,May select and liaise with advertising agencies
112132,Business Development Manager,1,Conceptualises business plans and sales strategies
112132,Business Development Manager,2,Implements market expansion and new market plans for business growth by identifying and mapping business strengths and customer needs
112132,Business Development Manager,3,Drives business growth by developing networks to attract new clients
112132,Business Development Manager,4,"Researches new market opportunities, overseeing growth projects, making sales projections and forecasting revenue"
112132,Business Development Manager,5,Manages and nurtures relationships with existing customers
112132,Business Development Manager,6,"Researches prospects, cold calling potential customers and responding to incoming leads to increase client base"
112132,Business Development Manager,7,Writes business proposals for potential customers
112132,Business Development Manager,8,"Negotiates, drafts and reviews contracts"
112133,Sales and Marketing Manager,1,Directs the development of sales strategies and setting of sales targets in order to maximise an organisation's sales and customer loyalty
112133,Sales and Marketing Manager,2,Directs and evaluates marketing strategies
112133,Sales and Marketing Manager,3,"Establishes distribution networks for products and services, and initiates market research studies"
112133,Sales and Marketing Manager,4,Establishes organisational policies and procedures in relation to sales and marketing
112133,Sales and Marketing Manager,5,Conducts regular data analysis and measures campaign performance against predefined metrics
112133,Sales and Marketing Manager,6,Leads sales teams in building relationships with clients and manages the negotiation of sales contracts
112133,Sales and Marketing Manager,7,Assesses the marketing potential of new and existing store locations
112133,Sales and Marketing Manager,8,Determines price schedules and discount rates
112231,Communications Manager (Public Relations),1,"Plans, develops, directs and coordinates communication strategies to best represent the employer's interests"
112231,Communications Manager (Public Relations),2,Creates and manages publication production timelines
112231,Communications Manager (Public Relations),3,"Oversees reputation management through internal communications, government relations, media relations and social media management"
112231,Communications Manager (Public Relations),4,"Stays informed of changes in media by assessing web, email and social media analytics to understand opportunities and barriers"
112231,Communications Manager (Public Relations),5,"Liaises with, supports and manages public relations teams to create press releases, advertising and promotional materials"
112231,Communications Manager (Public Relations),6,Organises and manages events to promote key messages
113131,Chief Information Officer,1,Analyses information needs and specifies technology to meet those needs
113131,Chief Information Officer,2,"Formulates and directs ICT strategies, and aligns ICT strategies with business objectives"
113131,Chief Information Officer,3,"Oversees ICT infrastructure, ensuring optimal performance and security"
113131,Chief Information Officer,4,"Assesses suitability of current ICT and data systems and processes, and oversees upgrades and maintenance"
113131,Chief Information Officer,5,"Evaluates and manages risks related to ICT infrastructure, data security and other related areas"
113131,Chief Information Officer,6,Establishes business continuity and disaster recovery plans to minimise the impact and duration of disruptions to operations and ICT resources
113132,Chief Information Security Officer,1,Formulates cyber security frameworks to secure an organisation's data and technology systems from threats
113132,Chief Information Security Officer,2,Aligns cyber security initiatives with business objectives
113132,Chief Information Security Officer,3,"Reports on the cyber security risk profile, status of systems, security risks and security incidents"
113132,Chief Information Security Officer,4,Translates information security risks into operational risks
113132,Chief Information Security Officer,5,"Oversees an organisation's response to cyber security incidents, including crisis management"
113132,Chief Information Security Officer,6,Contributes to business continuity and disaster recovery plans related to cyber security
113231,ICT Operations Manager,1,"Oversees the design, implementation and maintenance of ICT infrastructure to ensure optimal performance and reliability"
113231,ICT Operations Manager,2,"Develops and enforces ICT policies, procedures and standards for efficient operations"
113231,ICT Operations Manager,3,"Monitors and analyses system performance, and recommends and implements enhancements as required"
113231,ICT Operations Manager,4,Implements disaster recovery and business continuity plans to ensure that critical ICT systems can be quickly restored in case of a disaster or system failure
113232,ICT Project Manager,1,"Manages the entire lifecycle of ICT projects, including initiation, planning, execution, monitoring and closure"
113232,ICT Project Manager,2,"Manages the selection, implementation and integration of new technology solutions into ICT projects"
113232,ICT Project Manager,3,"Creates detailed project plans to outline deliverables, timelines, resource allocation and budgeting specific to ICT projects"
113232,ICT Project Manager,4,"Identifies, analyses and manages risks associated with ICT projects to ensure smooth execution and delivery"
113232,ICT Project Manager,5,Implements and maintains quality assurance processes to ensure that ICT projects meet specified standards and requirements
113232,ICT Project Manager,6,Manages multidisciplinary teams of various ICT professionals to ensure efficient project execution
113233,ICT Service Delivery Manager,1,"Manages end-to-end ICT service delivery, ensuring adherence to agreed service levels and customer satisfaction"
113233,ICT Service Delivery Manager,2,Develops and oversees an effective communication infrastructure for incident management response and resolution
113233,ICT Service Delivery Manager,3,Monitors service metrics to ensure performance and quality standards
113233,ICT Service Delivery Manager,4,"May manage relationships with external vendors, negotiate contracts and monitor services"
121131,Chief Executive or Managing Director,1,"Determines objectives, strategies, policies and programs for organisations"
121131,Chief Executive or Managing Director,2,Provides overall direction and management to organisations
121131,Chief Executive or Managing Director,3,"Authorises material, human and financial resources to implement organisational policies and programs"
121131,Chief Executive or Managing Director,4,Monitors and evaluates performance of the organisation against organisational objectives and strategies
121131,Chief Executive or Managing Director,5,Consults with senior staff and reviews recommendations and reports
121131,Chief Executive or Managing Director,6,"Approves and presents reports, budgets and forecasts to major stakeholders, such as governing bodies and boards of directors"
121131,Chief Executive or Managing Director,7,"Represents the organisation at official events, in negotiations, at conventions, seminars, public hearings and forums"
121131,Chief Executive or Managing Director,8,Selects or approves the selection of senior staff
121231,Corporate General Manager,1,Plans policies and sets standards and objectives for organisations
121231,Corporate General Manager,2,Provides day-to-day direction and management of organisations
121231,Corporate General Manager,3,"Directs and endorses policies to fulfil objectives, achieve specific goals, and maximise profit and/or efficiency"
121231,Corporate General Manager,4,"Consults and liaises with departmental heads on matters such as finance, sales and human resources"
121231,Corporate General Manager,5,Implements and oversees organisational policies and programs
121231,Corporate General Manager,6,Selects senior staff and manages their performance
121231,Corporate General Manager,7,"Ensures and encourages compliance with organisational policies and protocols, and relevant legislation"
121231,Corporate General Manager,8,"Represents the organisation at official occasions, in negotiations, at conventions, seminars, public hearings and forums"
121231,Corporate General Manager,9,"May prepare or arrange for the preparation of reports, budgets and forecasts"
121232,Defence Force Senior Officer,1,"Provides strategic direction and management, and develops operational plans for the Defence Force"
121232,Defence Force Senior Officer,2,Consults with other senior officers and directs subordinate officers to organise and coordinate the deployment of personnel and resources for Defence Force operations
121232,Defence Force Senior Officer,3,"Assesses situations, reviews recommendations and reports, and responds accordingly by issuing commands and directives to subordinate officers"
121232,Defence Force Senior Officer,4,"Reviews and evaluates the performance of subordinate officers and Defence Force units, and directs and oversees the training and development of personnel"
121232,Defence Force Senior Officer,5,Decides or approves Defence Force appointments
121232,Defence Force Senior Officer,6,"Represents the Defence Force at negotiations and official events or engagements, and liaises with external stakeholders"
121331,Local Government Legislator,1,"Develops local government policy, and formulates, amends and repeals legislation and by-laws"
121331,Local Government Legislator,2,Represents the interests of constituents and advocates for their needs and concerns
121331,Local Government Legislator,3,Introduces proposals for government action and represents public and electoral interests
121331,Local Government Legislator,4,Issues policy directions to local government departments and exercises control over local government authorities
121331,Local Government Legislator,5,Collaborates with officials to develop and implement policies and programs
121331,Local Government Legislator,6,"Attends community events and meetings to provide service to the community, gauge public opinion, and provide information on local government plans"
121331,Local Government Legislator,7,May present petitions on behalf of concerned groups
121332,Member of Parliament,1,Represents constituents in parliament
121332,Member of Parliament,2,Attends and participates in parliamentary sessions
121332,Member of Parliament,3,Votes on legislation and policies
121332,Member of Parliament,4,Researches and analyses issues
121332,Member of Parliament,5,Meets with constituents
121332,Member of Parliament,6,Advocates for constituents in committees
121332,Member of Parliament,7,Collaborates with other members on legislation
121332,Member of Parliament,8,Represents political party or coalition
121332,Member of Parliament,9,Engages in public communication
121332,Member of Parliament,10,Stays informed on current events
131131,Construction Project Manager,1,"Plans, organises and manages large-scale commercial and civil construction project objectives, budgets and schedules"
131131,Construction Project Manager,2,"Assesses and interprets architectural drawings and technical specifications, and determines appropriate construction methods to use"
131131,Construction Project Manager,3,"Develops tenders and contract bids, and negotiates with stakeholders throughout the construction process and project lifecycle"
131131,Construction Project Manager,4,"Leads the coordination and prioritisation of resources, including human resources, materials, plant and equipment, across large-scale commercial and civil construction projects"
131131,Construction Project Manager,5,"Consults with clients, Architects, Civil Engineering Professionals, Contract Administrators, Quantity Surveyors, site managers and other personnel to plan and manage the construction process"
131131,Construction Project Manager,6,Manages and monitors adherence to legislation and standards of performance and safety
131131,Construction Project Manager,7,"Leads and manages human resources, including subcontractors, to progress and deliver construction projects"
131131,Construction Project Manager,8,Establishes and manages project plans to ensure alignment with strategic goals and project outcomes
131131,Construction Project Manager,9,Manages change and implementation of construction projects
131231,Engineering Manager,1,"Determines, implements and monitors engineering strategies, policies, plans and technical operations, while ensuring compliance with laws, regulations and safety standards"
131231,Engineering Manager,2,"Manages and assigns tasks to engineering teams and oversees their schedules, activities and budgets"
131231,Engineering Manager,3,Monitors and evaluates the performance of engineering teams and individuals
131231,Engineering Manager,4,Provides guidance on all technical issues related to engineering projects and requests advice from specialist engineers when required
131231,Engineering Manager,5,"Oversees, plans, controls and evaluates engineering projects, and instructs engineering teams throughout the project's operation"
131231,Engineering Manager,6,"Collaborates with other departments, represents the organisation in engineering related matters, and liaises with stakeholders to achieve organisational goals"
131331,Project Builder,1,"Plans, organises and manages commercial and residential building, alteration or renovation project objectives, budgets and schedules"
131331,Project Builder,2,"Assesses and interprets architectural drawings, building plans and technical specifications, and determines appropriate construction methods to use"
131331,Project Builder,3,Develops quotes and negotiates with clients throughout the construction process
131331,Project Builder,4,Manages the submission of building plans to local authorities and arranges building inspections
131331,Project Builder,5,"Coordinates and prioritises resources, including subcontractors, materials and equipment, across commercial and residential building projects"
131331,Project Builder,6,"Consults with clients, Architects, Civil Engineering Professionals, Property Developers, Building Designers and construction trades workers to plan and manage the building, alteration or renovation process"
131331,Project Builder,7,"Schedules subcontractors, monitors the building, alteration or renovation process, and ensures work adheres to building standards and regulatory and client requirements"
131331,Project Builder,8,Manages and monitors adherence to work health and safety requirements
131331,Project Builder,9,"Identifies and resolves issues or delays in the building, alteration or renovation process"
131431,Property Developer,1,Identifies and purchases profitable real estate opportunities
131431,Property Developer,2,"Works with Architects, builders, and other Professionals to design and plan property developments"
131431,Property Developer,3,Obtains necessary building approvals and permits from local councils and other regulatory bodies
131431,Property Developer,4,"Monitors the progress of the renovation or development of dwellings and land, and manages related budgets and finances"
131431,Property Developer,5,"Monitors market trends and property values to determine optimal selling times, and markets and sells developed properties to potential buyers"
131931,Surveying Manager,1,"Plans, develops and manages surveying operations, including determining project scope, scheduling, budget and resources"
131931,Surveying Manager,2,"Develops, improves and directs the preparation of surveying plans, reports, maps and data visualisations"
131931,Surveying Manager,3,"Directs and supervises the work of surveying teams, and provides surveying support and guidance"
131931,Surveying Manager,4,Implements quality assurance processes to ensure surveying data collection is accurate and meets regulatory and client requirements
131931,Surveying Manager,5,Ensures surveying teams and other site personnel adhere to safety protocols and guidelines during fieldwork
131931,Surveying Manager,6,"May collaborate with engineers, construction workers and other Professionals and technicians to integrate surveying data into the construction process"
132131,Manufacturer,1,"Identifies business opportunities, devises new manufacturing processes, and determines products to be manufactured"
132131,Manufacturer,2,"Develops business plans and implements operational, marketing and pricing decisions"
132131,Manufacturer,3,"Manages and oversees the allocation of resources, including materials, equipment and personnel"
132131,Manufacturer,4,"Directs the activities of production, warehousing, distribution and other operating units"
132131,Manufacturer,5,Researches and implements regulatory and statutory requirements
132131,Manufacturer,6,"Oversees quality control systems for manufacturing, waste disposal, delivery and other procedures"
132131,Manufacturer,7,"Coordinates orders for raw materials, supplies and equipment, and arranges packaging, delivery and wholesaling of products"
132131,Manufacturer,8,Oversees the provision of quotes for the manufacture of goods and arranges contracts with customers
132131,Manufacturer,9,May devise and oversee the implementation of production run schedules
132231,Forest Manager,1,"Plans and implements strategies for the production activities of a forestry operation, such as harvesting, reforestation, road building and maintenance, fire management, weed and pest control, and conservation and recreational activities"
132231,Forest Manager,2,"Ensures forestry production processes comply with legislative and policy requirements, including safety and environmental regulations"
132231,Forest Manager,3,"Monitors and evaluates the performance of forestry production activities, and develops and implements procedures and policies to improve forestry production processes"
132231,Forest Manager,4,Prepares or oversees reports and budgets related to forestry production activities
132231,Forest Manager,5,Informs other forestry managers or stakeholders such as state departments and local authorities about forestry production matters
132231,Forest Manager,6,Oversees the acquisition and installation of forestry equipment and machinery
132232,Production Manager (Manufacturing),1,"Plans and develops manufacturing production or operational strategies, systems, processes, objectives and policies"
132232,Production Manager (Manufacturing),2,Directs and supervises manufacturing operations by monitoring and coordinating production schedules and resources
132232,Production Manager (Manufacturing),3,"Controls the operation of manufacturing plants or procedures through the planning of maintenance, designation of operating hours, and supply of parts and tools"
132232,Production Manager (Manufacturing),4,"Analyses production data on logistics, cost, margins, production lead time and personnel"
132232,Production Manager (Manufacturing),5,Identifies areas for improvement and implements quality control procedures
132232,Production Manager (Manufacturing),6,"Liaises with internal and external stakeholders, and works alongside senior management to establish budgets and targets"
132233,Production Manager (Mining),1,"Plans and develops strategies for the production activities of a mining operation, and organises and coordinates the allocation of physical and human resources"
132233,Production Manager (Mining),2,Directs and controls the implementation of production plans and schedules
132233,Production Manager (Mining),3,Monitors and evaluates the performance of mining production activities
132233,Production Manager (Mining),4,"Develops and implements quality control measures for mining production, and ensures compliance with safety and environmental regulations"
132233,Production Manager (Mining),5,May oversee short-term mine design activities
133131,Importer or Exporter,1,Develops and implements strategies for importing or exporting operations
133131,Importer or Exporter,2,Oversees the day-to-day operations of importing or exporting activities
133131,Importer or Exporter,3,"Establishes and maintains relationships with suppliers, customers and other stakeholders"
133131,Importer or Exporter,4,Negotiates contracts and agreements with suppliers and customers
133131,Importer or Exporter,5,Manages the logistics and transportation of goods
133131,Importer or Exporter,6,"Ensures compliance with customs regulations and international trade laws, and reviews import and export documentation"
133132,Wholesaler,1,Develops and implements strategies to achieve sales targets and increase market share
133132,Wholesaler,2,Monitors market trends and competitor activity to identify opportunities and threats
133132,Wholesaler,3,Determines pricing and discount structures for products
133132,Wholesaler,4,Oversees the selection and purchase of stock to ensure adequate inventory levels
133132,Wholesaler,5,Maintains supplier relationships and negotiates contracts
133132,Wholesaler,6,Develops and implements marketing and promotional activities to increase sales
133132,Wholesaler,7,Manages the storage and distribution of goods to customers
133132,Wholesaler,8,"Prepares and presents reports on sales, financial performance and market trends to senior management"
133231,Procurement Manager,1,Prepares and implements plans to maintain required stock levels at minimum cost
133231,Procurement Manager,2,"Negotiates prices and contracts with suppliers to meet quality, cost and delivery requirements"
133231,Procurement Manager,3,"Participates in the development of specifications for equipment, products or substitute materials"
133231,Procurement Manager,4,Researches and identifies new products and suppliers
133231,Procurement Manager,5,Arranges quality checks of incoming goods and ensures suppliers deliver on time
133231,Procurement Manager,6,Directs staff activities and monitors their performance
133231,Procurement Manager,7,Provides products and services to meet customer or client requirements
133331,Supply and Distribution Manager,1,"Determines, implements and monitors strategies, policies and plans for purchasing, storing and distributing goods"
133331,Supply and Distribution Manager,2,Monitors inventory systems to meet supply requirements and control stock levels
133331,Supply and Distribution Manager,3,Tracks movements of supplies and goods
133331,Supply and Distribution Manager,4,Liaises with other departments and customers regarding outward goods and transportation
133331,Supply and Distribution Manager,5,"Oversees the recording of purchase, storage and distribution transactions"
141131,Assistant School Principal,1,"Maintains a respectful, safe and productive learning environment for students and teachers"
141131,Assistant School Principal,2,"Ensures appropriate allocation of staff to teaching programs, including the engagement of casual relief teachers"
141131,Assistant School Principal,3,Prepares and supervises class timetables
141131,Assistant School Principal,4,Supervises and coordinates the work of senior curriculum or year level coordinators
141131,Assistant School Principal,5,"Mentors staff in the development, implementation and assessment of learning programs"
141131,Assistant School Principal,6,"Manages the development, implementation and review of specific school policies, programs and operations"
141131,Assistant School Principal,7,Implements systems and procedures to monitor and report on a school's performance
141131,Assistant School Principal,8,Provides support to School Principals when required
141131,Assistant School Principal,9,May teach students
141132,School Principal,1,Establishes and maintains organisational structures that support the achievement of a school's vision and values
141132,School Principal,2,Ensures the delivery of comprehensive education programs to all students
141132,School Principal,3,"Ensures a respectful, safe and productive learning environment for students and teachers"
141132,School Principal,4,Implements systems and procedures to monitor and report on a school's performance
141132,School Principal,5,Develops and maintains positive relationships with all members of the school community
141132,School Principal,6,"Implements initiatives, practices and priorities of relevant education authorities"
141132,School Principal,7,"Contributes to the development, implementation and review of school policies, programs and operations"
141132,School Principal,8,"Manages the selection, professional development and assessment of staff members"
141132,School Principal,9,"Ensures efficient and effective operations, including the management of finance, people, facilities, risk, compliance and major projects"
141132,School Principal,10,May teach students
141231,Children's Education and Care Service Director,1,"Leads the design, planning, implementation and evaluation of educational programs and practices based on an approved learning framework"
141231,Children's Education and Care Service Director,2,Manages the recruitment of staff and coordinates professional development
141231,Children's Education and Care Service Director,3,"Liaises and works in partnership with families, community members and external agencies to promote the health, safety and wellbeing of children"
141231,Children's Education and Care Service Director,4,Manages the financial resources for the regulated children's education and care service
141231,Children's Education and Care Service Director,5,Maintains service records and documentation
141231,Children's Education and Care Service Director,6,"Directs and supervises educators, staff and visitors"
141231,Children's Education and Care Service Director,7,Develops policies to ensure the service complies with national and/or state-based legislation and the approved learning frameworks
141231,Children's Education and Care Service Director,8,Leads the day-to-day operational requirements of the service in accordance with national or state legislation and regulatory requirements
141331,Aged Care Manager,1,Manages and oversees the operational management of home care and aged care home services
141331,Aged Care Manager,2,"Controls administrative operations such as budget planning, report preparation and expenditure on supplies, equipment and services"
141331,Aged Care Manager,3,Develops and oversees care programs of community and aged care facilities
141331,Aged Care Manager,4,"Monitors adherence to policies, compliance, quality of care and clinical outcomes in aged care"
141332,Director of Nursing / Midwifery,1,Provides overall direction and management of nursing/midwifery programs and clinical services in a hospital or other health care facility
141332,Director of Nursing / Midwifery,2,"Develops, implements and monitors procedures, policies and standards of nursing/midwifery care, and contributes to health service planning, ensuring compliance with relevant regulations"
141332,Director of Nursing / Midwifery,3,"Provides leadership, mentorship, guidance, education and training to nursing and midwifery staff to ensure an appropriately skilled workforce"
141332,Director of Nursing / Midwifery,4,Collaborates with other Health Professionals to ensure coordinated and integrated patient care
141332,Director of Nursing / Midwifery,5,Participates in research and quality improvement activities to improve patient outcomes
141332,Director of Nursing / Midwifery,6,Recruits and rosters nursing/midwifery staff to meet the needs of the facility or unit
141333,Medical Administrator,1,"Determines objectives, strategies and policies for medical programs and clinical services in a hospital or other health service facility"
141333,Medical Administrator,2,Provides overall direction and management of medical programs and clinical services to ensure efficient health care delivery
141333,Medical Administrator,3,"Authorises material, human and financial resources to implement medical policies and programs"
141333,Medical Administrator,4,Monitors and evaluates performance of medical programs and clinical services against objectives and strategies
141333,Medical Administrator,5,"Prepares and arranges reports, budgets and forecasts for medical programs and clinical services"
141334,Paramedic Manager,1,Manages and oversees the operational management of medical out-of-hospital emergencies
141334,Paramedic Manager,2,Organises and coordinates the deployment of Paramedic teams to emergency situations
141334,Paramedic Manager,3,Directs and supervises Paramedics in the provision of emergency medical care
141334,Paramedic Manager,4,Provides guidance and support to Paramedics in complex or critical situations
141334,Paramedic Manager,5,"Controls administrative operations such as budget planning, report preparation and expenditure on supplies, equipment and services"
141334,Paramedic Manager,6,"Monitors adherence to policies, compliance, quality of care and clinical outcomes"
141334,Paramedic Manager,7,Liaises with other emergency services and health care providers
141334,Paramedic Manager,8,"Controls selection, training and supervision of staff"
141334,Paramedic Manager,9,Participates in the development and implementation of emergency response protocols
141335,Welfare Centre Manager,1,"Provides overall direction and management for a service, facility, organisation or centre"
141335,Welfare Centre Manager,2,"Devises and establishes projects for services such as health care, housing, employment, education and training, and culture and recreation, based on clients' needs"
141335,Welfare Centre Manager,3,"Monitors and evaluates resources devoted to health, welfare, recreation, housing, employment, training and other community facilities and centres"
141335,Welfare Centre Manager,4,"Controls administrative operations such as budget planning, report preparation and expenditure on supplies, equipment and services for a welfare centre"
141335,Welfare Centre Manager,5,Liaises with community and Social Workers to determine what services are required by clients
141335,Welfare Centre Manager,6,"Coordinates programs, activities and welfare services to contribute to maintaining a positive and healthy community, and reflect the educational, recreational, sporting and leisure activity needs of individuals"
141431,Faculty Manager,1,"Coordinates the educational, administrative and financial affairs of an educational institution or department within the institution"
141431,Faculty Manager,2,"Researches, develops, implements, reviews and evaluates educational and administrative policy"
141431,Faculty Manager,3,"Liaises between educational institutions, stakeholders and the wider community"
141431,Faculty Manager,4,Provides advice on policy and procedures to staff and students
141431,Faculty Manager,5,Consults with academic and administrative staff to coordinate educational programs
141431,Faculty Manager,6,Identifies and addresses present and future needs for student and staff development
141431,Faculty Manager,7,"Researches educational systems, and monitors and evaluates new developments"
141431,Faculty Manager,8,Researches and reports on student needs arising from curriculum implementation
141431,Faculty Manager,9,Develops and delivers training programs for teachers
141432,Regional Education Manager,1,"Provides educational leadership to teachers, principals and administrative staff of education institutions in the development and coordination of educational programs"
141432,Regional Education Manager,2,"Researches, develops, implements, reviews and evaluates educational and administrative policy"
141432,Regional Education Manager,3,Applies for and manages funding for new educational programs
141432,Regional Education Manager,4,Builds relationships with institutions and key agencies
141432,Regional Education Manager,5,Advises on policy and procedures to staff and students
141432,Regional Education Manager,6,Consults with academic and administrative staff to formulate educational programs
141432,Regional Education Manager,7,Identifies and addresses present and future needs for student and staff development
141432,Regional Education Manager,8,Organises and conducts training for teachers in new programs and methods
141432,Regional Education Manager,9,"Researches educational systems, and monitors and evaluates developments and trends"
149131,Arts Administrator or Manager,1,Plans and develops artistic and cultural policies and programs
149131,Arts Administrator or Manager,2,Organises artistic and cultural events and exhibitions
149131,Arts Administrator or Manager,3,Negotiates with artists and performers regarding contracts and agreements
149131,Arts Administrator or Manager,4,Collaborates with artists and cultural organisations
149131,Arts Administrator or Manager,5,"Manages budgets, keeps financial records, and assists with taxation requirements"
149131,Arts Administrator or Manager,6,"Designs, writes and shares marketing materials such as newsletters, social media posts and advertisements"
149132,Library Services Manager,1,Ensures effective planning for the provision of high quality library services within identified priorities and community needs
149132,Library Services Manager,2,"Leads, directs and coordinates staff and the allocation of resources"
149132,Library Services Manager,3,"Manages risk, budget, resources and facilities, and continuously improves the cost effective and efficient provision of library services"
149132,Library Services Manager,4,"Directs the investigation, evaluation and implementation of new and alternative methods of service delivery"
149132,Library Services Manager,5,"Manages, develops and evaluates print, audio visual and electronic collections to ensure that they meet community needs"
149132,Library Services Manager,6,"Oversees the selection, training and performance of staff"
149132,Library Services Manager,7,"Develops strategic plans and policies, and prepares budget submissions and briefings"
149133,Sports Administrator,1,"Leads, manages and oversees the operations of a sporting organisation"
149133,Sports Administrator,2,"Manages the organisation and coordination of sporting events, competitions and tournaments"
149133,Sports Administrator,3,Oversees the development of policies related to sport and recreational activities
149133,Sports Administrator,4,Promotes and markets sport and recreational programs and events
149133,Sports Administrator,5,Manages budgets and controls financial resources for a sporting organisation and associated sport and recreational activities
149133,Sports Administrator,6,"Recruits, trains and supervises staff and volunteers involved in sport and recreational activities"
149231,Commissioned Defence Force Officer,1,Establishes administrative and operational procedures by considering the operating environment of the Defence Force
149231,Commissioned Defence Force Officer,2,"Makes policy decisions and accepts responsibility for Defence operations, staff performance and achievement of targets, and adheres to budgets, standards and procedures"
149231,Commissioned Defence Force Officer,3,Establishes lines of control and delegates responsibilities to subordinate Defence Force staff
149231,Commissioned Defence Force Officer,4,Coordinates and facilitates the development of strategic plans and objectives for organisational units within the Defence Force
149231,Commissioned Defence Force Officer,5,Liaises with other officers and external stakeholders to coordinate activities and achieve objectives
149231,Commissioned Defence Force Officer,6,"Represents the Defence Force at unit meetings, briefings and other official engagements"
149232,Commissioned Fire Officer,1,Develops and implements strategic plans and policies for the geographical or operational section of a fire service
149232,Commissioned Fire Officer,2,"Manages the allocation of resources, including personnel, equipment and vehicles, to ensure the effective response to fire incidents"
149232,Commissioned Fire Officer,3,Provides leadership and guidance to personnel in emergency response operations
149232,Commissioned Fire Officer,4,Prepares reports and provides advice to senior management on the performance and activities of the geographical or operational section of a fire service
149233,Commissioned Police Officer,1,"Develops and establishes administrative and operational procedures, taking into consideration the organisation's operational environment"
149233,Commissioned Police Officer,2,"Makes policy decisions and accepts responsibility for operations, performance of staff, achievement of targets, and adherence to budgets, standards and procedures"
149233,Commissioned Police Officer,3,Investigates and resolves complex issues and complaints
149233,Commissioned Police Officer,4,"Establishes line of control, delegates responsibilities, and provides guidance and support to subordinate staff"
149233,Commissioned Police Officer,5,"Develops and maintains relationships with key stakeholders, such as community groups and other law enforcement agencies"
149233,Commissioned Police Officer,6,"Represents the police service in dealings with other organisations, stakeholders and the public"
149233,Commissioned Police Officer,7,"Prepares budgets, reports and other management plans"
149233,Commissioned Police Officer,8,Implements changes based on law enforcement developments
149331,Environmental Manager,1,"Implements environmental strategies, policies and practices within an organisation"
149331,Environmental Manager,2,Ensures an organisation complies with relevant environmental legislation
149331,Environmental Manager,3,"Assesses, evaluates and monitors the sustainability and environmental impact of an organisation"
149331,Environmental Manager,4,Analyses environmental performance data and reports back to an organisation with recommendations on best environmental and sustainability practices
149331,Environmental Manager,5,"Plans the budgets, timelines and resources required to improve the sustainability performance of an organisation"
149331,Environmental Manager,6,"Plans and implements programs or regulations for the management, protection, restoration or recovery of marine life, wildlife, vegetation and other natural resources"
149332,Exploration Manager,1,"Develops, implements, executes and manages exploration programs, strategies and plans in alignment with organisational objectives"
149332,Exploration Manager,2,"Ensures exploration programs comply with safety, quality control and other industry best practices"
149332,Exploration Manager,3,Assesses geological and technical data to evaluate exploration targets and prioritise exploration activities
149332,Exploration Manager,4,"Assesses, evaluates and guides decision-making on the lease or acquisition of potential resource sites"
149332,Exploration Manager,5,Provides leadership and manages exploration geology teams
149333,Laboratory Manager,1,"Implements, manages and oversees protocols, and ensures health and safety standards in the laboratory comply with regulatory frameworks"
149333,Laboratory Manager,2,Maintains laboratory equipment and inventory levels
149333,Laboratory Manager,3,Trains technicians on the proper use of equipment and safety procedures to follow in the laboratory
149333,Laboratory Manager,4,"Manages the daily operations of a laboratory, including the supervision of employees and schedule of activities"
149333,Laboratory Manager,5,Monitors and ensures all laboratory operations are performed according to specifications
149333,Laboratory Manager,6,"Reviews the studies, tests and analysis performed in the laboratory"
149333,Laboratory Manager,7,"Plans, organises and coordinates the quality management processes within the laboratory"
149431,Senior Non-commissioned Defence Force Member,1,Supervises a small group of subordinates
149431,Senior Non-commissioned Defence Force Member,2,Maintains discipline of subordinates
149431,Senior Non-commissioned Defence Force Member,3,"Monitors the morale, welfare and behaviour of subordinates, and advises commanding officers accordingly"
149431,Senior Non-commissioned Defence Force Member,4,"Instructs subordinates in dress, deportment, demeanour, behaviour, drill and devotion to duty to maintain military standards"
149431,Senior Non-commissioned Defence Force Member,5,Conducts military drills and inspections
149431,Senior Non-commissioned Defence Force Member,6,Teaches military traditions and customs
149931,Airport Manager,1,"Manages the daily operations of an airport and ensures compliance with aviation policies, procedures and regulations"
149931,Airport Manager,2,"Plans, manages and monitors the maintenance and development of airport infrastructure"
149931,Airport Manager,3,"Manages and improves airport operations and processes, and implements safety protocols to ensure the security and safety of the airport"
149931,Airport Manager,4,Manages emergency operations and addresses problems that arise at the airport or with aircraft
149931,Airport Manager,5,Reviews aircraft accident reports
149932,Correctional Facility Manager,1,Manages the daily operations and finances of a correctional facility or a subsection of a correctional facility
149932,Correctional Facility Manager,2,"Monitors, leads and supports correctional facility staff, and ensures subordinates comply with policies and procedures"
149932,Correctional Facility Manager,3,Manages the implementation of initiatives aimed at preventing reoffending
149932,Correctional Facility Manager,4,"Ensures the admission and discharge of detainees are undertaken in accordance with relevant legislation, policies and procedures"
149932,Correctional Facility Manager,5,"Ensures that correctional facility hygiene, safety and security complies with regulations and standards"
149933,Emergency Management Officer,1,"Develops policies, strategic and operational plans and processes to respond to and recover from disasters or emergency situations"
149933,Emergency Management Officer,2,"Identifies and analyses key issues and their impact on disaster risk reduction, emergency management, policies and response capability"
149933,Emergency Management Officer,3,Coordinates response activities to respond to and recover from disasters or emergency situations
149933,Emergency Management Officer,4,"Establishes and manages networks to liaise on emergency preparedness, prevention and response and recovery operations from disasters or emergency situations"
149933,Emergency Management Officer,5,Leads the development of recovery programs and activities to support the recovery of communities following a disaster or emergency situation
151131,Cotton Grower,1,"Plans, organises and coordinates the production and marketing of cotton crops, taking into account environmental and market conditions"
151131,Cotton Grower,2,"Selects and purchases cotton seeds, fertilisers and other supplies required for cotton production"
151131,Cotton Grower,3,"Coordinates and develops strategies for cultivating, fertilising and irrigating cotton crops to maintain optimal production, crop health and growing conditions"
151131,Cotton Grower,4,"Monitors and maintains cotton crop health by managing biosecurity and other risks, and controlling pests, weeds and disease"
151131,Cotton Grower,5,"Directs and oversees the defoliation, harvesting, storing, grading and packaging of cotton"
151131,Cotton Grower,6,"Plans and coordinates the sale, purchase and dispatch of cotton"
151131,Cotton Grower,7,"Plans and oversees the provision and maintenance of cotton farming infrastructure and equipment, such as sheds, fences, machinery, and water supply and irrigation systems"
151131,Cotton Grower,8,"Maintains and evaluates records of cotton farming activities, monitors market activity, and plans production accordingly"
151131,Cotton Grower,9,"Manages cotton farm business capital, including budgeting, taxation, debt and loan management"
151131,Cotton Grower,10,"May select, train and supervise cotton farm staff and contractors"
151132,"Grain, Oilseed, Pulse or Pasture Grower",1,"Plans, organises and coordinates the production and marketing of grain, fodder, legumes, lupins, oilseeds, pulse and pasture crops, taking into account environmental and market conditions"
151132,"Grain, Oilseed, Pulse or Pasture Grower",2,"Selects and purchases grain, fodder, legumes, lupins, oilseeds, pulse and pasture seeds, fertilisers and other supplies required for crop production"
151132,"Grain, Oilseed, Pulse or Pasture Grower",3,"Coordinates and develops strategies for cultivating, fertilising and irrigating grain, fodder, legumes, lupins, oilseeds, pulse and pasture crops to maintain optimal production, crop health and growing conditions"
151132,"Grain, Oilseed, Pulse or Pasture Grower",4,"Monitors and maintains crop health by managing biosecurity and other risks, and controlling pests, weeds and disease"
151132,"Grain, Oilseed, Pulse or Pasture Grower",5,"Directs and oversees the harvesting, storing, grading and packaging of grain, fodder, legumes, lupins, oilseeds and pulses"
151132,"Grain, Oilseed, Pulse or Pasture Grower",6,"Plans and coordinates the sale, purchase and dispatch of grain, fodder, legumes, lupins, oilseeds and pulses"
151132,"Grain, Oilseed, Pulse or Pasture Grower",7,"Plans and oversees the provision, maintenance and repairs of crop farming infrastructure and equipment, such as sheds, silos, fences and machinery"
151132,"Grain, Oilseed, Pulse or Pasture Grower",8,"Maintains and evaluates records of grain, fodder, legumes, lupins, oilseeds, pulse and pasture crop farming activities, monitors market activity, and plans production accordingly"
151132,"Grain, Oilseed, Pulse or Pasture Grower",9,"Manages grain, fodder, legume, lupin, oilseed, pulse and pasture crop farm business capital, including budgeting, taxation, debt and loan management"
151132,"Grain, Oilseed, Pulse or Pasture Grower",10,"May select, train and supervise grain, fodder, legume, lupin, oilseed, pulse and pasture farm staff and contractors"
151133,Sugar Cane Grower,1,"Plans, organises and coordinates the production and marketing of sugar cane crops, taking into account environmental and market conditions"
151133,Sugar Cane Grower,2,"Selects and purchases sugar cane setts, fertilisers and other supplies required for sugar cane production"
151133,Sugar Cane Grower,3,"Coordinates and develops strategies for cultivating, fertilising and irrigating sugar cane crops to maintain optimal production, crop health and growing conditions"
151133,Sugar Cane Grower,4,"Monitors and maintains sugar cane crop health by managing biosecurity and other risks, and controlling pests, weeds and disease"
151133,Sugar Cane Grower,5,"Directs and oversees sugar cane crop defoliation, harvesting and transportation to sugar mills"
151133,Sugar Cane Grower,6,"Plans and coordinates the sale, purchase and dispatch of sugar cane"
151133,Sugar Cane Grower,7,"Plans and oversees the provision and maintenance of sugar cane farming infrastructure and equipment, such as sheds, fences, machinery, and water supply and irrigation systems"
151133,Sugar Cane Grower,8,"Maintains and evaluates records of sugar cane farming activities, monitors market activity, and plans production accordingly"
151133,Sugar Cane Grower,9,"Manages sugar cane farm business capital, including budgeting, taxation, debt and loan management"
151133,Sugar Cane Grower,10,"May select, train and supervise sugar cane farm staff and contractors"
151231,Flower Grower,1,"Plans, organises and coordinates the production and marketing of flowering and foliage plants, taking into account environmental and market conditions"
151231,Flower Grower,2,"Selects and purchases seeds, seedlings, bulbs and flower plant stock, fertilisers, and other supplies required for flower and foliage production"
151231,Flower Grower,3,"Coordinates and develops strategies for cultivating, fertilising and irrigating flowering and foliage plants to maintain optimal production, plant health, and growing conditions"
151231,Flower Grower,4,"Monitors and maintains flowering and foliage plant health by managing biosecurity and other risks, and controlling pests, weeds and diseases"
151231,Flower Grower,5,"Directs and oversees the harvesting, packaging and transportation of flowers and foliage"
151231,Flower Grower,6,"Plans and coordinates the sale, purchase and dispatch of flowers and foliage"
151231,Flower Grower,7,"Plans and oversees the provision and maintenance of flower and foliage farming infrastructure, such as equipment, machinery, sheds, and water supply and irrigation systems"
151231,Flower Grower,8,"Maintains and evaluates records of flower and foliage farming activities, monitors market activity, and plans production accordingly"
151231,Flower Grower,9,"Manages flower farm business capital, including budgeting, taxation, debt and loan management"
151231,Flower Grower,10,"May select, train and supervise flower farm staff and contractors"
151232,Fruit Grower,1,"Plans and coordinates the production and marketing of fruit crops from seed selection and soil preparation to harvest, taking into account environmental and market factors"
151232,Fruit Grower,2,"Organises fruit farming operations and routines, such as collecting, storing, grading and packaging fruit"
151232,Fruit Grower,3,"Plans and coordinates the sale, purchase and dispatch of fruit"
151232,Fruit Grower,4,"Directs and oversees general farming activities to maintain fruit crop health by managing biosecurity and other risks, and controlling pests and weeds"
151232,Fruit Grower,5,"Plans and oversees the provision and maintenance of infrastructure for growing fruit, such as equipment, machinery, sheds, and water supply systems and irrigation systems"
151232,Fruit Grower,6,"Oversees data collection and analysis, and fruit farm technology systems"
151232,Fruit Grower,7,"Manages business capital, including budgeting, taxation, debt and loan management for a fruit farm"
151232,Fruit Grower,8,May select and train fruit farm staff and contractors
151233,Nut Grower,1,"Plans, organises and coordinates the production and marketing of nut crops from soil preparation to harvest, taking into account environmental and market factors"
151233,Nut Grower,2,"Selects and purchases suitable nut varieties, fertilisers and other supplies required for nut production"
151233,Nut Grower,3,"Coordinates and develops strategies for cultivating, pruning, fertilising and irrigating nut crops to maintain optimal production, crop health and growing conditions"
151233,Nut Grower,4,"Monitors and maintains nut crop health by managing biosecurity and other risks, and controlling pests, weeds and disease"
151233,Nut Grower,5,"Directs and oversees nut crop harvest, grading and packaging"
151233,Nut Grower,6,"Plans and coordinates the sale, purchase and dispatch of nut crop produce"
151233,Nut Grower,7,"Plans and oversees the provision of nut farming infrastructure and equipment, such as buildings, fences, machinery and irrigation systems"
151233,Nut Grower,8,"Maintains and evaluates records of nut farming activities, monitors market activity, and plans production accordingly"
151233,Nut Grower,9,"Manages nut farm business capital, including budgeting, taxation, debt and loan management"
151233,Nut Grower,10,May select and train nut farm staff and contractors
151234,Production Nursery Grower,1,Plans and coordinates the production and marketing of horticultural plant stock for wholesale
151234,Production Nursery Grower,2,"Selects seeds, seedlings, bulbs, plant stock, fertilisers and other supplies required for horticultural nursery production"
151234,Production Nursery Grower,3,"Coordinates and develops strategies for cultivating, fertilising and watering to maintain optimal production, plant health and growing conditions in nurseries"
151234,Production Nursery Grower,4,"Organises nursery operations and routines, such as propagating, replanting, pruning, staking, grading and packaging of horticultural plant stock"
151234,Production Nursery Grower,5,"Plans and coordinates the sale, purchase and dispatch of horticultural plant stock"
151234,Production Nursery Grower,6,"Directs and oversees general nursery activities to maintain plant health by managing biosecurity and other risks, and controlling pests and weeds"
151234,Production Nursery Grower,7,Plans and oversees the provision and maintenance of nursery equipment and infrastructure
151234,Production Nursery Grower,8,"Maintains and evaluates records of nursery activities, monitors market activity, and plans production accordingly"
151234,Production Nursery Grower,9,"Manages business capital, including budgeting, taxation, debt and loan management"
151234,Production Nursery Grower,10,"May select, train and supervise production nursery staff and contractors"
151235,Turf Grower,1,"Plans, organises and coordinates the production and marketing of turf, taking into account environmental and market factors"
151235,Turf Grower,2,"Selects and purchases grass seeds, fertilisers and other supplies required for turf production"
151235,Turf Grower,3,"Coordinates and develops strategies for cultivating, fertilising and irrigating turf to maintain optimal production, turf health and growing conditions"
151235,Turf Grower,4,"Monitors and maintains turf health by managing biosecurity and other risks, and controlling pests, weeds and disease"
151235,Turf Grower,5,Directs and oversees the harvesting and packaging of turf
151235,Turf Grower,6,"Plans and coordinates the sale, purchase and dispatch of turf"
151235,Turf Grower,7,"Plans and oversees the provision and maintenance of turf growing infrastructure and equipment, such as sheds, fences, machinery, and water supply and irrigation systems"
151235,Turf Grower,8,"Maintains and evaluates records of turf growing activities, monitors market activity, and plans production accordingly"
151235,Turf Grower,9,"Manages turf farm business capital, including budgeting, taxation, debt and loan management"
151235,Turf Grower,10,"May select, train and supervise turf farm staff and contractors"
151236,Vegetable Grower,1,"Plans and coordinates the production and marketing of vegetable crops from seed selection and soil preparation to harvest, taking into account environmental and market factors"
151236,Vegetable Grower,2,"Organises vegetable farming operations and routines, such as collecting, storing, grading and packaging vegetables"
151236,Vegetable Grower,3,"Plans and coordinates the sale, purchase and dispatch of vegetables"
151236,Vegetable Grower,4,"Directs and oversees general farming activities to maintain vegetable crop health by managing biosecurity and other risks, and controlling pests and weeds"
151236,Vegetable Grower,5,"Plans and oversees the provisions and maintenance of vegetable farming infrastructure, such as equipment, machinery, sheds, and water supply systems and irrigation systems"
151236,Vegetable Grower,6,"Oversees data collection and analysis, and vegetable farm technology systems"
151236,Vegetable Grower,7,"Manages business capital, including budgeting, taxation, debt and loan management for a vegetable farm"
151236,Vegetable Grower,8,May select and train vegetable farm staff and contractors
151237,Wine Grape Grower,1,"Plans and coordinates the production and marketing of wine grapes from planting seedlings or grafting new varieties onto root stock to harvest, considering environmental and market factors"
151237,Wine Grape Grower,2,"Plans and oversees wine grape growing operations and routines, such as fertilising, cultivating, debudding and pruning vines"
151237,Wine Grape Grower,3,"Monitors and maintains wine grape crop health by managing biosecurity and other risks, and controlling pests, weeds and diseases"
151237,Wine Grape Grower,4,"Directs and oversees the harvesting, grading and packaging of wine grapes"
151237,Wine Grape Grower,5,"Plans and coordinates the sale, purchase and dispatch of wine grapes"
151237,Wine Grape Grower,6,"Plans and oversees the provision and maintenance of wine grape vineyard infrastructure and equipment, such as buildings, fences, trellises, machinery and water supply systems"
151237,Wine Grape Grower,7,"Maintains and evaluates the records of wine grape vineyard activities, monitors market activity, and plans production accordingly"
151237,Wine Grape Grower,8,"Manages wine grape vineyard business capital, including budgeting, taxation, debt and loan management"
151237,Wine Grape Grower,9,"May select, train and supervise wine grape vineyard staff and contractors"
151331,Aquaculture Farmer,1,"Plans and coordinates the operations of hatcheries and grow-out operations to breed and produce aquatic stock such as fish, oysters, crayfish, marron or prawns"
151331,Aquaculture Farmer,2,"Plans and coordinates the cultivation and production of seaweed for food, animal feed, biofuels and fertilisers"
151331,Aquaculture Farmer,3,"Coordinates and oversees strategies to monitor the environment and maintain optimal growing conditions for aquatic stock and seaweed, minimise the impact of operations on the environment, and manage biosecurity and other risks"
151331,Aquaculture Farmer,4,"Directs and oversees general aquaculture farming activities, including the provision and maintenance of farming infrastructure and equipment"
151331,Aquaculture Farmer,5,"Directs and oversees the transportation of aquatic stock to new tanks, ponds, cages and floating net pens"
151331,Aquaculture Farmer,6,"Coordinates and oversees harvesting, grading, processing and packaging operations for aquatic stock and seaweed"
151331,Aquaculture Farmer,7,"Organises the sale, purchase and transportation of aquatic stock and seaweed"
151331,Aquaculture Farmer,8,"Maintains and evaluates records of aquaculture farming activities, monitors market activity, and plans production accordingly"
151331,Aquaculture Farmer,9,"Manages aquaculture farm business capital including budgeting, taxation, debt and loan management"
151331,Aquaculture Farmer,10,"May select, train and supervise aquaculture farm staff and contractors"
151332,Broadacre Crop and Livestock Farmer,1,"Grows broadacre crops, and breeds and raises animals for the production of food, wool, skins, milk or eggs"
151332,Broadacre Crop and Livestock Farmer,2,"Monitors and maintains the health, welfare and condition of livestock, including by providing pastures, fodder and water"
151332,Broadacre Crop and Livestock Farmer,3,"Plans and maintains broadacre crop production by selecting seed and coordinating cultivation, fertilising, watering and crop health strategies"
151332,Broadacre Crop and Livestock Farmer,4,Develops and oversees strategies to manage biosecurity and other risks
151332,Broadacre Crop and Livestock Farmer,5,"Plans and oversees the provision and maintenance of broadacre crop and livestock farming infrastructure, such as equipment, machinery, sheds, and water supply and irrigation systems"
151332,Broadacre Crop and Livestock Farmer,6,"Organises the sale, purchase and transportation of livestock and produce"
151332,Broadacre Crop and Livestock Farmer,7,"Maintains and evaluates records of broadacre crop and livestock farming activities, monitors market activity, and plans production accordingly"
151332,Broadacre Crop and Livestock Farmer,8,"Manages broadacre crop and livestock farm business capital, including budgeting, taxation, debt and loan management"
151332,Broadacre Crop and Livestock Farmer,9,"May select, train and supervise broadacre crop and livestock farm staff and contractors"
152131,Beef Cattle Farmer,1,"Plans, organises and coordinates the breeding and raising of beef cattle for meat and breeding stock"
152131,Beef Cattle Farmer,2,"Organises feeding, watering, herding, breeding, calving and administration of vaccinations and medications for beef cattle"
152131,Beef Cattle Farmer,3,"Directs and oversees general beef cattle farming infrastructure, including the provision and maintenance of fences, sheds, pens and water supply systems"
152131,Beef Cattle Farmer,4,Manages pasture and grazing systems for optimal cattle nutrition and growth
152131,Beef Cattle Farmer,5,"Monitors and maintains the health, welfare and condition of beef cattle, including managing biosecurity strategies and other risks"
152131,Beef Cattle Farmer,6,"Organises the purchase, sale and transportation of beef cattle for meat and breeding purposes"
152131,Beef Cattle Farmer,7,"Maintains and evaluates records of beef cattle farming activities, monitors market activity, and plans production"
152131,Beef Cattle Farmer,8,"Manages beef cattle farm business capital, including budgeting, taxation, debt and loan management"
152131,Beef Cattle Farmer,9,"May select, train and supervise beef cattle farm workers and contractors"
152131,Beef Cattle Farmer,10,"May manage the operation of feedlots, including optimising feed efficiency and nutrition, waste management and sustainable land use"
152231,Dairy Cattle Farmer,1,"Plans and coordinates the breeding and raising of dairy cattle for the production of milk, meat and breeding stock"
152231,Dairy Cattle Farmer,2,"Organises dairy farming operations and routines, such as feeding and milking schedules, sterilisation of milking machines, nutrition programs, and administration of vaccinations and medications to dairy cattle"
152231,Dairy Cattle Farmer,3,"Coordinates and schedules activities such as breeding, calving and weaning"
152231,Dairy Cattle Farmer,4,"Monitors and maintains the health, welfare and condition of dairy cattle, including by developing and overseeing strategies to manage biosecurity and other risks"
152231,Dairy Cattle Farmer,5,"Directs and oversees general dairy cattle farming activities, including the provision and maintenance of infrastructure such as pens, sheds and water supply systems, and the preparation of pasture and fodder"
152231,Dairy Cattle Farmer,6,"Organises the sale, purchase and transportation of dairy cattle and milk"
152231,Dairy Cattle Farmer,7,"Maintains and evaluates records of dairy farming activities, monitors market activity, and plans production accordingly"
152231,Dairy Cattle Farmer,8,"Manages dairy cattle farm business capital, including budgeting, taxation, debt and loan management"
152231,Dairy Cattle Farmer,9,"May select, train and supervise dairy cattle farm staff and contractors"
152331,Mixed Cattle and Sheep Farmer,1,"Plans and coordinates the breeding and raising of cattle and sheep for the production of meat, milk, wool and breeding stock"
152331,Mixed Cattle and Sheep Farmer,2,"Organises mixed cattle and sheep farming operations and routines, such as feeding, herding and drenching, and administration of vaccinations and medications"
152331,Mixed Cattle and Sheep Farmer,3,"Selects and purchases breeding stock, and manages cattle and sheep breeding programs"
152331,Mixed Cattle and Sheep Farmer,4,"Organises cattle and sheep farming operations and routines, such as mustering, shearing, milking and sterilising machines"
152331,Mixed Cattle and Sheep Farmer,5,"Monitors and maintains the health, welfare and condition of cattle and sheep, including developing and overseeing strategies to manage biosecurity risk and disease"
152331,Mixed Cattle and Sheep Farmer,6,"Directs and oversees general cattle and sheep farming activities, including the provision and maintenance of infrastructure such as pens, fences and sheds, and the preparation of pasture and fodder"
152331,Mixed Cattle and Sheep Farmer,7,"Organises the sale, purchase and transportation of cattle and sheep for meat and breeding purposes, and the sale of wool and milk"
152331,Mixed Cattle and Sheep Farmer,8,"Maintains and evaluates records of cattle and sheep farming activities, monitors market activity, and plans production accordingly"
152331,Mixed Cattle and Sheep Farmer,9,"Manages cattle and sheep farm business capital, including budgeting, taxation, debt and loan management"
152331,Mixed Cattle and Sheep Farmer,10,"May select, train and supervise cattle and sheep farm workers"
152431,Sheep Farmer,1,"Plans and coordinates the breeding and raising of sheep for the production of wool, meat, milk and breeding stock"
152431,Sheep Farmer,2,"Organises sheep farming operations and routines, such as feeding, herding and drenching, and administration of nutrition programs, vaccinations and medications"
152431,Sheep Farmer,3,"Selects and purchases breeding stock, and manages sheep breeding programs"
152431,Sheep Farmer,4,"Organises sheep farming activities such as shearing, milking, and sterilising and maintaining shearing equipment"
152431,Sheep Farmer,5,"Monitors and maintains the health, welfare and condition of sheep, including by developing and overseeing strategies to manage biosecurity and other risks"
152431,Sheep Farmer,6,"Directs and oversees general sheep farming activities, including the provision and maintenance of infrastructure such as pens and sheds, and the preparation of pasture and fodder"
152431,Sheep Farmer,7,"Organises the sale, purchase and transportation of sheep for meat and breeding purposes, and the sale of wool or other sheep products"
152431,Sheep Farmer,8,"Maintains and evaluates records of sheep farming activities, monitors market activity, and plans production accordingly"
152431,Sheep Farmer,9,"Manages sheep farm business capital, including budgeting, taxation, debt and loan management"
152431,Sheep Farmer,10,"May select, train and supervise sheep farm staff and contractors"
152931,Apiarist,1,"Plans and coordinates the breeding and raising of bees for apiary operations, including the production of honey and other bee products, packaging of bee products and the provision of pollination services"
152931,Apiarist,2,"Harvests and processes honey and other bee products such as beeswax, propolis, royal jelly and bee pollen from hives"
152931,Apiarist,3,Breeds queen bees and manages the process of queen bee rearing
152931,Apiarist,4,"Inspects and monitors hives for signs of disease, pests and other issues"
152931,Apiarist,5,"Provides nutrition, medication and pest control to maintain the health of bee colonies and prevent the spread of pests and disease"
152931,Apiarist,6,"Directs and oversees general apiary activities, including the provision and maintenance of apiary infrastructure, such as hives and supporting apparatus"
152931,Apiarist,7,Oversees the transportation of bee hives to provide pollination services for crops
152931,Apiarist,8,"Maintains and evaluates records of apiary activities, including hive inspections, honey production and breeding records"
152931,Apiarist,9,"Manages apiary business capital, including budgeting, taxation, debt and loan management"
152931,Apiarist,10,"May select, train and supervise staff or contractors in apiary operations"
152932,Goat Farmer,1,"Plans and coordinates the breeding and raising of goats for fibre, milk, meat and breeding stock"
152932,Goat Farmer,2,"Organises goat farming operations and routines, such as feeding, watering, herding, milking, shearing, and administration of vaccinations and medications"
152932,Goat Farmer,3,Selects and purchases breeding stock and manages goat breeding programs
152932,Goat Farmer,4,"Monitors and maintains the health, welfare and condition of goats, including by developing and overseeing strategies to manage biosecurity and other risks"
152932,Goat Farmer,5,"Directs and oversees general goat farming activities, including the provision and maintenance of infrastructure such as pens, fences, sheds and water supply systems"
152932,Goat Farmer,6,"Organises the sale, purchase and transportation of goats for meat and breeding purposes, and the sale of goat fibre or milk"
152932,Goat Farmer,7,"Maintains and evaluates records of goat farming activities, monitors market activity, and plans production accordingly"
152932,Goat Farmer,8,"Manages goat farm business capital, including budgeting, taxation, debt and loan management"
152932,Goat Farmer,9,"May select, train and supervise goat farm staff and contractors"
152933,Horse Breeder,1,"Plans, organises, controls and coordinates the breeding and raising of horses"
152933,Horse Breeder,2,"Organises horse stud operations and routines, such as feeding, watering and exercising, and administration of nutrition programs, vaccinations and medications"
152933,Horse Breeder,3,"Maintains records of horse pedigrees, selects and purchases horses for breeding, and manages breeding programs"
152933,Horse Breeder,4,"Monitors and maintains the health, welfare and condition of breeding stock and young horses, including by developing strategies to manage biosecurity and other risks"
152933,Horse Breeder,5,"Directs and oversees general horse stud activities, including the provision and maintenance of infrastructure such as stables, fences, paddocks, sheds and water supply systems"
152933,Horse Breeder,6,"Organises the sale, purchase and transportation of horses"
152933,Horse Breeder,7,"Manages horse stud business capital, including budgeting, taxation, debt and loan management"
152933,Horse Breeder,8,"May select, train and supervise horse stud staff and contractors"
152934,Pig Farmer,1,Plans and coordinates the breeding and raising of pigs for meat and breeding stock
152934,Pig Farmer,2,"Organises pig farming operations and routines, such as feeding, watering, and administration of vaccines and medications"
152934,Pig Farmer,3,"Selects and purchases breeding stock, and manages pig breeding programs"
152934,Pig Farmer,4,"Monitors and maintains the health, welfare and condition of pigs, including by developing and overseeing strategies to manage biosecurity and other risks"
152934,Pig Farmer,5,"Directs and oversees general pig farming activities, including the provision and maintenance of infrastructure such as pens, sheds and water supply systems"
152934,Pig Farmer,6,"Organises the sale, purchase and transportation of pigs for meat and breeding purposes"
152934,Pig Farmer,7,"Maintains and evaluates records of pig farming activities, monitors market activity, and plans production accordingly"
152934,Pig Farmer,8,"Manages pig farm business capital, including budgeting, taxation, debt and loan management"
152934,Pig Farmer,9,"May select, train and supervise pig farm staff and contactors"
152935,Poultry Farmer,1,"Plans and coordinates the breeding and raising of poultry for eggs, meat and breeding stock"
152935,Poultry Farmer,2,"Organises poultry farming operations and routines, such as feeding, collecting and storing eggs, and administration of vaccinations and medications"
152935,Poultry Farmer,3,"Selects and purchases breeding stock, and manages poultry breeding programs"
152935,Poultry Farmer,4,"Monitors and maintains the health, welfare and condition of poultry, including by developing and overseeing strategies to manage biosecurity and other risks"
152935,Poultry Farmer,5,"Directs and oversees general poultry farming activities, including the provision and maintenance of infrastructure such as barns, sheds, cages and hatchery equipment"
152935,Poultry Farmer,6,"Organises the sale, purchase and transportation of poultry and eggs"
152935,Poultry Farmer,7,"Coordinates and schedules activities such as breeding, storage, disposal of waste products and poultry hatch schedules"
152935,Poultry Farmer,8,"Maintains and evaluates records of poultry farming activities, monitors market activity, and plans production accordingly"
152935,Poultry Farmer,9,"Manages poultry farm business capital, including budgeting, taxation, debt and loan management"
152935,Poultry Farmer,10,"May select, train and supervise poultry farm staff and contractors"
161131,Accommodation Service Manager,1,"Plans, organises, coordinates and oversees the work schedules of accommodation service workers"
161131,Accommodation Service Manager,2,Ensures accommodation service workers adhere to established standards and procedures
161131,Accommodation Service Manager,3,Coordinates with other departments to ensure smooth operation of accommodation services
161131,Accommodation Service Manager,4,Manages the handling of customer complaints and resolves issues
161131,Accommodation Service Manager,5,Oversees and maintains the inventory of supplies and equipment needed for accommodation services
161231,Cafe or Restaurant Manager,1,"Plans and coordinates the daily operations of a cafe, restaurant or related establishment"
161231,Cafe or Restaurant Manager,2,"Manages and supervises staff, including hiring, training and performance evaluation"
161231,Cafe or Restaurant Manager,3,Oversees the preparation and presentation of food and beverages to ensure quality and customer satisfaction
161231,Cafe or Restaurant Manager,4,Monitors inventory levels and orders supplies as needed
161231,Cafe or Restaurant Manager,5,"Manages budgets and financial transactions, including cash handling and reporting"
161231,Cafe or Restaurant Manager,6,Ensures compliance with health and safety regulations and food hygiene standards
161231,Cafe or Restaurant Manager,7,Collaborates with suppliers and vendors to negotiate contracts and ensure timely delivery of goods and services
161232,Catering Manager,1,Manages event schedules and food preparation timelines to ensure the smooth operation of a catering business
161232,Catering Manager,2,Manages budgets and financial aspects of a catering business and promotes catering services to attract new clients
161232,Catering Manager,3,Liaises with clients to determine specific food requirements and preferences
161232,Catering Manager,4,"Oversees the preparation of food and beverages, and purchases supplies for catering events according to dietary requirements"
161232,Catering Manager,5,"Arranges for the timely delivery of catering services to a function or event, including setting up equipment to serve food and preserve its temperature"
161232,Catering Manager,6,"Manages and supervises staff, including hiring, training and performance evaluation, and ensures compliance with food safety and hygiene regulations"
161232,Catering Manager,7,"Maintains records of events, expenses and client information, and finalises transactions between customers and the business"
161331,Amusement Centre Manager,1,"Plans and coordinates the entertainment, attractions and amusement machines offered by the centre"
161331,Amusement Centre Manager,2,Improves customer attraction by incorporating digital arcade games and virtual reality experiences
161331,Amusement Centre Manager,3,Manages scheduling games and competitions
161331,Amusement Centre Manager,4,"Develops and implements marketing strategies, including digital marketing such as social media advertising, email marketing and online publicity"
161331,Amusement Centre Manager,5,"Oversees maintenance and repair of facilities and equipment, including monitoring the operation of rides and attractions to ensure safety"
161331,Amusement Centre Manager,6,Manages day-to-day operations of an amusement centre
161331,Amusement Centre Manager,7,Ensures facilities are properly maintained and conform to safety standards
161331,Amusement Centre Manager,8,Develops and manages budgets
161331,Amusement Centre Manager,9,"Recruits, trains and supervises staff"
161332,Betting Agency Manager,1,Oversees the day-to-day operations of the betting agency branch
161332,Betting Agency Manager,2,"Manages and supervises staff, including recruitment, training and performance evaluation"
161332,Betting Agency Manager,3,Monitors and analyses betting trends and customer preferences
161332,Betting Agency Manager,4,Develops and implements strategies to attract and retain customers
161332,Betting Agency Manager,5,Monitors and intervenes to ensure gamblers are gambling responsibly
161332,Betting Agency Manager,6,Manages financial transactions
161333,Cinema or Theatre Manager,1,Plans and coordinates film or performance scheduling
161333,Cinema or Theatre Manager,2,"Collaborates with distributors, producers and performers"
161333,Cinema or Theatre Manager,3,"Uses digital tools such as event management software, event marketing software, digital ticketing and digital lighting, to streamline theatre operations"
161333,Cinema or Theatre Manager,4,"Oversees staff hiring, training and supervision"
161333,Cinema or Theatre Manager,5,Manages budget and financial operations
161333,Cinema or Theatre Manager,6,Develops and implements marketing strategies
161333,Cinema or Theatre Manager,7,Ensures facility maintenance and upkeep
161334,Fitness Centre Manager,1,Develops and implements policies and procedures for the operation of a fitness centre
161334,Fitness Centre Manager,2,Manages and coordinates the activities and resources of the fitness centre
161334,Fitness Centre Manager,3,Promotes and markets the fitness centre to attract new clients and retain existing ones
161334,Fitness Centre Manager,4,"Provides coaching, instruction and training to clients as required"
161334,Fitness Centre Manager,5,Monitors and evaluates the performance of fitness centre staff
161334,Fitness Centre Manager,6,"Manages the financial aspects of the fitness centre, including budgeting and financial reporting"
161335,Sports Centre Manager,1,Develops and implements policies and procedures for the operation of a sports centre
161335,Sports Centre Manager,2,Manages and coordinates the activities and programs offered at the sports centre
161335,Sports Centre Manager,3,Oversees the maintenance and upkeep of sports centre facilities and equipment
161335,Sports Centre Manager,4,"Recruits, trains and supervises sports centre staff"
161335,Sports Centre Manager,5,Develops and implements marketing strategies to promote the sports centre and attract new members
161335,Sports Centre Manager,6,"Monitors and evaluates the financial performance of the sports centre, including budgeting and financial reporting"
161335,Sports Centre Manager,7,"Liaises with community groups, sporting associations and other stakeholders to foster partnerships and collaborations"
161335,Sports Centre Manager,8,Plans and organises special events and tournaments at the sports centre
161431,Hotel or Motel Manager,1,"Directs and oversees hotel or motel reservation, reception, room service and housekeeping activities"
161431,Hotel or Motel Manager,2,"Arranges and supervises hotel or motel security arrangements, and garden and property maintenance"
161431,Hotel or Motel Manager,3,"Manages and supervises hotel or motel staff, including hiring, training and performance evaluation"
161431,Hotel or Motel Manager,4,"Plans and oversees bar, restaurant, function and conference activities occurring in a hotel or motel establishment"
161431,Hotel or Motel Manager,5,"Ensures compliance with health and safety regulations, and liquor and gaming regulations"
161431,Hotel or Motel Manager,6,Monitors and evaluates the quality of guest services and ensures customer satisfaction
161431,Hotel or Motel Manager,7,"Manages budgets and financial resources of a hotel or motel, including monitoring expenses and revenue"
161431,Hotel or Motel Manager,8,Maintains records and prepares reports on hotel or motel operations
161531,Licensed Club Manager,1,"Oversees day-to-day operations of a licensed club, including the provision of food and beverages, gaming, entertainment and events"
161531,Licensed Club Manager,2,"Manages staff, ensuring they are suitably trained"
161531,Licensed Club Manager,3,"Monitors and evaluates the financial performance of a licensed club, including budgeting, reporting, and implementing cost control measures"
161531,Licensed Club Manager,4,Develops and implements policies and procedures to ensure compliance with relevant legislation and regulations
161531,Licensed Club Manager,5,Promotes a licensed club and its amenities to attract and retain members
161531,Licensed Club Manager,6,Collaborates with suppliers and contractors to ensure the provision of quality products and services
161531,Licensed Club Manager,7,Resolves customer complaints and concerns
161631,Senior Chef,1,"Develops and monitors kitchen budgets, considering labour, ingredient and equipment costs"
161631,Senior Chef,2,"Designs and plans menus based on seasonal trends, customer preferences and costs"
161631,Senior Chef,3,"Oversees the recruitment, development and training of Chefs and other kitchen staff"
161631,Senior Chef,4,Assigns tasks and responsibilities to Chefs and Cooks
161631,Senior Chef,5,Oversees the preparation and presentation of dishes
161631,Senior Chef,6,Uses and teaches advanced culinary skills and techniques required to prepare menu pieces
161631,Senior Chef,7,Inspects ingredients and dishes to ensure quality standards are met
161631,Senior Chef,8,Enforces strict adherence to health and safety regulations in the kitchen
161931,Caravan Park and Camping Ground Manager,1,Plans and coordinates the day-to-day operations of a caravan park and camping ground
161931,Caravan Park and Camping Ground Manager,2,Ensures a park's facilities and grounds are well-maintained and clean
161931,Caravan Park and Camping Ground Manager,3,Oversees the allocation of sites and facilities to guests
161931,Caravan Park and Camping Ground Manager,4,"Manages reservations and bookings, including check-in and check-out procedures"
161931,Caravan Park and Camping Ground Manager,5,"Handles customer enquiries, complaints and requests"
161931,Caravan Park and Camping Ground Manager,6,Implements and enforces park rules and regulations
161931,Caravan Park and Camping Ground Manager,7,"Monitors and maintains financial records, including revenue and expenses"
161931,Caravan Park and Camping Ground Manager,8,Develops and implements marketing strategies to attract new guests
161931,Caravan Park and Camping Ground Manager,9,"Manages and supervises staff, including hiring, training and performance evaluation"
161932,Hosted Accommodation Operator,1,Manages and coordinates the daily operations of a hosted accommodation dwelling
161932,Hosted Accommodation Operator,2,Receives and processes reservations and bookings from guests
161932,Hosted Accommodation Operator,3,"Ensures the accommodation is clean, well-maintained and properly stocked"
161932,Hosted Accommodation Operator,4,Provides information to guests on local attractions
161932,Hosted Accommodation Operator,5,Handles guest enquiries and resolves issues in a timely and satisfactory manner
161932,Hosted Accommodation Operator,6,Maintains financial records and manages budgets
161932,Hosted Accommodation Operator,7,Promotes the hosted accommodation dwelling
161932,Hosted Accommodation Operator,8,May greet and check-in guests
161933,Travel Agency Manager,1,Manages and oversees daily operations of a travel agency
161933,Travel Agency Manager,2,"Manages financial aspects of a travel agency, including budgeting, invoicing and financial reporting"
161933,Travel Agency Manager,3,"Establishes and maintains relationships with suppliers such as airlines, hotels and tour operators"
161933,Travel Agency Manager,4,Negotiates contracts and agreements with suppliers to ensure competitive pricing
161933,Travel Agency Manager,5,"Provides travel advice and assistance to clients, including booking flights, accommodation and tours"
161933,Travel Agency Manager,6,Implements marketing activities to attract customers to the business
161933,Travel Agency Manager,7,Resolves customer complaints and queries
161933,Travel Agency Manager,8,"Monitors and evaluates the performance of staff, and provides feedback, training and guidance"
162131,Retail Manager (General),1,Manages the daily operations of retail establishments
162131,Retail Manager (General),2,"Manages and supervises staff, including hiring, rostering, training and performance evaluation"
162131,Retail Manager (General),3,Develops and implements policies and procedures to ensure efficient and effective operations
162131,Retail Manager (General),4,Monitors and analyses sales and financial data
162131,Retail Manager (General),5,"Manages retail establishment finances, including budgeting and financial reporting"
162131,Retail Manager (General),6,"Develops and maintains relationships with suppliers, and negotiates contracts and pricing"
162131,Retail Manager (General),7,Implements marketing and promotional activities to attract and retain customers
162131,Retail Manager (General),8,Resolves customer complaints and ensures high levels of customer satisfaction
162132,Antique Dealer,1,Manages the daily operations of an antiques business
162132,Antique Dealer,2,"Sources and acquires antiques such as furniture, art, jewellery and china, for sale"
162132,Antique Dealer,3,Inspects and evaluates the condition and authenticity of antiques
162132,Antique Dealer,4,Researches and appraises antiques to determine their market value
162132,Antique Dealer,5,"Implements marketing and promotional activities to attract customers through various channels such as online platforms, auctions and fairs"
162132,Antique Dealer,6,"Provides expert advice and information to clients regarding the history, origin and value of antiques"
162132,Antique Dealer,7,Negotiates and finalises the purchase and sale of antiques with clients
162132,Antique Dealer,8,"Manages business finances, including budgeting and financial reporting"
162132,Antique Dealer,9,May clean and restore antiques to enhance their appearance and value
162133,Post Office Manager,1,Manages the day-to-day operations of a post office
162133,Post Office Manager,2,Oversees mail and parcel delivery and collection
162133,Post Office Manager,3,Ensures compliance with postal and work health and safety regulations
162133,Post Office Manager,4,Manages staff in a post office
162133,Post Office Manager,5,Provides postal and retail services to customers
162133,Post Office Manager,6,Responds to customer enquiries and resolves issues
162133,Post Office Manager,7,Monitors postal supplies and equipment inventories
162133,Post Office Manager,8,Prepares financial reports and manages budgets
171131,Financial Institution Manager,1,"Develops and implements business plans, budgets, policies and procedures"
171131,Financial Institution Manager,2,Oversees operational functions and provides solutions to operational issues
171131,Financial Institution Manager,3,"Implements displays, and promotes branch functions and business development"
171131,Financial Institution Manager,4,Manages product offerings and client applications
171131,Financial Institution Manager,5,"Deals with customer enquiries to provide quotes and advice, and handle complaints"
171131,Financial Institution Manager,6,Ensures that funds balance at the close of business
171131,Financial Institution Manager,7,Oversees preparation of financial reporting and branch progress reports
171231,Office Manager,1,Contributes to the planning and review of office services and standards
171231,Office Manager,2,"Allocates human resources, space and equipment"
171231,Office Manager,3,Assigns work and monitors work performance of staff
171231,Office Manager,4,Manages office records and accounts
171231,Office Manager,5,Ensures office equipment and supplies are maintained
171231,Office Manager,6,Ensures office compliance with work health and safety regulations
171231,Office Manager,7,"Ensures work complies with relevant government legislation, policies and procedures"
171231,Office Manager,8,"Coordinates personnel activities such as hiring, promotions, performance management, payroll, training and supervision"
171232,Payroll Manager,1,"Develops systems to process payroll account transactions such as salaries, benefits, garnishments, deductions, taxes and third-party payments"
171232,Payroll Manager,2,"Oversees processing of payroll changes such as new hires, terminations, raises and system upgrades"
171232,Payroll Manager,3,Coordinates timekeeping and payroll systems
171232,Payroll Manager,4,Ensures compliance with relevant laws and internal policies
171232,Payroll Manager,5,Supervises and coaches Payroll Officers and assistants
171331,Health Practice Manager,1,Manages and coordinates the rosters and activities of practice personnel to ensure the practice operates smoothly on a daily basis
171331,Health Practice Manager,2,"Manages national health scheme payments, claims, private billings, debt collection and banking"
171331,Health Practice Manager,3,Implements quality improvement initiatives to enhance the delivery of health care services
171331,Health Practice Manager,4,"Implements and manages administrative systems, technology infrastructure, policies and procedures for the health practice"
171331,Health Practice Manager,5,May develop and implement marketing strategies to promote the practice and attract new patients
171332,Legal Practice Manager,1,Assigns tasks and responsibilities to legal support team members based on their skill and workload
171332,Legal Practice Manager,2,Monitors performance of legal practice staff and provides feedback and training
171332,Legal Practice Manager,3,"Oversees the legal case loads and assignments of Legal Professionals, paralegals and administrative support staff, ensuring deadlines are met"
171332,Legal Practice Manager,4,Develops and implements policies and procedures to ensure compliance with industry specific regulations and best practices
171332,Legal Practice Manager,5,Develops and maintains communication processes to ensure clients are provided updates on their relevant cases
171332,Legal Practice Manager,6,Maintains the confidentiality and data security standards for client information and sensitive legal documentation
171332,Legal Practice Manager,7,Reviews and maintains legal documentation
171333,Veterinary Practice Manager,1,"Oversees the tasks and responsibilities of the veterinary team, including Veterinarians, veterinary technicians and other support staff"
171333,Veterinary Practice Manager,2,Monitors performance of veterinary practice staff and provides feedback and training
171333,Veterinary Practice Manager,3,"Ensures medical staff, protocols and standards of care adhere to licensing and registration requirements"
171333,Veterinary Practice Manager,4,Monitors and maintains the storage and inventory of medical supplies and medications in accordance with regulatory requirements
171333,Veterinary Practice Manager,5,Coordinates the maintenance and repairs of medical equipment to meet functionality and safety standards
171431,Real Estate Agency Principal,1,"Develops and implements business strategies, budgets, policies and procedures for the agency"
171431,Real Estate Agency Principal,2,"Oversees day-to-day operations, including property sales, leasing and property management"
171431,Real Estate Agency Principal,3,Manages and supervises Real Estate Agents and support staff
171431,Real Estate Agency Principal,4,"Establishes and maintains client relationships, including property owners, buyers and tenants"
171431,Real Estate Agency Principal,5,Sets sales targets and monitors performance
171431,Real Estate Agency Principal,6,"Prepares and presents reports to stakeholders, including property owners and governing bodies"
171431,Real Estate Agency Principal,7,Negotiates and finalises contracts and agreements with clients and other parties
172131,Call or Contact Centre Manager,1,Manages teams of Call or Contact Centre Operators
172131,Call or Contact Centre Manager,2,Oversees performance and development of call or contact centre team members
172131,Call or Contact Centre Manager,3,"Monitors and evaluates call or contact centre performance metrics, including sales rates, costs and customer service quality"
172131,Call or Contact Centre Manager,4,Implements improvements based on data analysis
172131,Call or Contact Centre Manager,5,"Reports on business activities, workforce planning and budgeting within the call or contact centre"
172131,Call or Contact Centre Manager,6,"Liaises with sales, service and supplier agents, and maintains related databases"
172131,Call or Contact Centre Manager,7,"Develops and reviews call or contact centre polices, programs and procedures"
172132,Customer Service Manager,1,"Develops and reviews policies, programs and procedures concerning customer relations and goods and services provided"
172132,Customer Service Manager,2,Manages and trains staff providing customer services
172132,Customer Service Manager,3,"Plans and implements after-sales services to handle complaints, refund requests and other feedback"
172132,Customer Service Manager,4,"Liaises with other organisational units, service agents and customers to identify and respond to customer expectations"
172231,Event Manager,1,"Responds to enquiries concerning services provided and costs for room and equipment hire, catering and related services"
172231,Event Manager,2,Meets with clients to discuss their needs and outlines package options to meet these needs
172231,Event Manager,3,"Arranges and coordinates services such as conference facilities, catering, signage, displays, audio-visual equipment, accommodation, transport and social events, for participants"
172231,Event Manager,4,"Organises registration of participants, prepares programs and promotional material, and publicises events"
172231,Event Manager,5,Negotiates the type and costs of services to be provided within budget
172231,Event Manager,6,"Hires, trains and supervises support staff required for events"
172231,Event Manager,7,Monitors events as they take place and resolves issues if they arise
172331,Facilities Manager,1,"Plans, organises, coordinates and oversees the administrative, operational and strategic planning activities of a facility"
172331,Facilities Manager,2,"Coordinates the implementation of repairs, maintenance and renovations of a facility"
172331,Facilities Manager,3,"Manages facility budgets and financial resources, and reports on operating expenses and income"
172331,Facilities Manager,4,Manages and oversees the hiring of support staff
172331,Facilities Manager,5,Manages contracts and service agreements with external vendors for facility maintenance and services
172331,Facilities Manager,6,Monitors and evaluates the performance of facility management programs and services
172331,Facilities Manager,7,Ensures compliance with health and safety regulations and standards
172331,Facilities Manager,8,Develops and implements emergency response plans and procedures
172431,Hair or Beauty Salon Manager,1,Plans and coordinates the daily operations of a hair or beauty salon
172431,Hair or Beauty Salon Manager,2,"Manages salon budget, and develops and implements strategies to attract and retain clients"
172431,Hair or Beauty Salon Manager,3,"Manages and supervises salon staff, including hiring, training and scheduling"
172431,Hair or Beauty Salon Manager,4,Oversees the provision of hair or beauty services to clients
172431,Hair or Beauty Salon Manager,5,Monitors and maintains inventory of salon supplies and products
172431,Hair or Beauty Salon Manager,6,Collaborates with suppliers and vendors to source salon products and equipment
172531,Fleet Manager,1,Determines vehicle requirements
172531,Fleet Manager,2,Sources and negotiates the purchase or lease of vehicles
172531,Fleet Manager,3,Coordinates the sale or disposal of vehicles
172531,Fleet Manager,4,"Manages a fleet of vehicles, ensuring they are properly maintained and serviced"
172531,Fleet Manager,5,Monitors and controls vehicle usage and costs
172531,Fleet Manager,6,Provides advice and guidance to rental agencies and leasing companies on vehicle selection and acquisition
172531,Fleet Manager,7,Manages and maintains records related to vehicle transactions
172531,Fleet Manager,8,Conducts market research to identify trends in the vehicle rental and leasing industry
172532,Railway Station Manager,1,Ensures the safe and efficient daily operations of a railway station
172532,Railway Station Manager,2,"Reports failures and delays, and takes appropriate action to ensure customers have access to timely, concise and accurate information"
172532,Railway Station Manager,3,"Coordinates and supervises railway station staff, including rostering and training"
172532,Railway Station Manager,4,"Monitors and oversees the maintenance of railway station facilities including platforms, waiting areas and ticketing systems"
172532,Railway Station Manager,5,"Conducts regular inspections of railway station facilities and equipment to identify maintenance needs, and organises repairs as required"
172532,Railway Station Manager,6,"Handles customer enquiries, incidents, complaints and requests for assistance"
172532,Railway Station Manager,7,"Prepares reports on railway station performance, including passenger numbers, revenue and service disruptions"
172533,Transport Company Manager,1,Plans and coordinates the transportation of goods and passengers
172533,Transport Company Manager,2,Develops and implements operational policies and procedures for the transport company
172533,Transport Company Manager,3,Negotiates contracts with clients and suppliers
172533,Transport Company Manager,4,Manages the scheduling and allocation of vehicles and drivers
172533,Transport Company Manager,5,"Manages and supervises the activities of drivers and other staff, ensuring compliance with road safety regulations and legislation"
172533,Transport Company Manager,6,Oversees the maintenance and repair of vehicles in the fleet
172533,Transport Company Manager,7,Monitors and analyses the financial performance of the transport company
172931,Boarding Kennel or Cattery Operator,1,Manages the day-to-day operations of a boarding kennel or cattery
172931,Boarding Kennel or Cattery Operator,2,"Ensures the facility is clean, safe and well-maintained"
172931,Boarding Kennel or Cattery Operator,3,"Receives and checks-in animals, ensuring all necessary documentation is completed"
172931,Boarding Kennel or Cattery Operator,4,"Provides food, water and exercise for animals according to their specific needs"
172931,Boarding Kennel or Cattery Operator,5,Administers medications and treatments as required
172931,Boarding Kennel or Cattery Operator,6,Monitors the health and behaviour of animals and seeks veterinary care when necessary
172931,Boarding Kennel or Cattery Operator,7,Provides care and attention to animals to ensure their wellbeing
172931,Boarding Kennel or Cattery Operator,8,"Maintains records of animals' stays, including feeding schedules, medications and special instructions"
172931,Boarding Kennel or Cattery Operator,9,"Handles customer enquiries, bookings and payments"
172931,Boarding Kennel or Cattery Operator,10,"Oversees the hiring, training and supervision of staff"
172932,Equipment Hire Manager,1,"Manages the stock, quality and maintenance of equipment for hire"
172932,Equipment Hire Manager,2,Ensures compliance with safety regulations and industry standards
172932,Equipment Hire Manager,3,Negotiates equipment hire agreements with clients
172932,Equipment Hire Manager,4,Sources equipment and parts from vendors
172932,Equipment Hire Manager,5,"Oversees the selection, training and performance of staff"
172933,Retirement Village Manager,1,"Plans, directs and coordinates the organisation, its administration, and the operation of the establishment"
172933,Retirement Village Manager,2,"Manages tenancy agreements and notices in line with state regulations, and handles new resident induction"
172933,Retirement Village Manager,3,"Maintains standards according to hygiene, safety and other relevant regulations"
172933,Retirement Village Manager,4,"Engages and trains staff, and establishes and maintains standards of staff performance and services to residents"
172933,Retirement Village Manager,5,Plans budgets and authorises expenditure
172933,Retirement Village Manager,6,Liaises with resident committees and manages resident enquiries
172933,Retirement Village Manager,7,"May manage village transport, social clubs, restaurants, sports facilities and other recreational amenities"
172934,Security Manager (Non-ICT),1,"Develops and implements security policies, procedures and strategies for an organisation"
172934,Security Manager (Non-ICT),2,"Plans, manages and coordinates security activities to safeguard employees and the assets and properties of an organisation"
172934,Security Manager (Non-ICT),3,"Implements strategies to identify, investigate and resolve security breaches"
172934,Security Manager (Non-ICT),4,Analyses and evaluates security operations to identify risks and improve existing procedures
172934,Security Manager (Non-ICT),5,"Assesses security risks, such as bomb threats, unauthorised entry and fire, and plans incident responses to mitigate the potential consequences of those risks"
172934,Security Manager (Non-ICT),6,"Communicates security status, updates and problems using established protocols"
211131,Accountant (General),1,"Provides advice regarding business plans, structures and accounting systems"
211131,Accountant (General),2,Examines the income and expenditure of individuals and organisations
211131,Accountant (General),3,"Conducts financial investigations, prepares reports, and manages insolvency"
211131,Accountant (General),4,Assists in the formulation of budgetary and accounting policies
211132,Corporate Treasurer,1,Monitors and manages the organisation's cash flow and prepares forecasts and projections
211132,Corporate Treasurer,2,"Supervises the organisation's share capital by preparing documents and share issues, and handling share transfers"
211132,Corporate Treasurer,3,"Collects, analyses and interprets information on the financial standing, cost structures and effectiveness of the organisation"
211132,Corporate Treasurer,4,"Devises, re-organises and establishes budgetary cost control and other accounting systems"
211132,Corporate Treasurer,5,Develops and implements financial risk strategies and polices
211132,Corporate Treasurer,6,"Conducts audits and investigations, and prepares financial statements and reports for management, shareholders, and governing and statutory bodies"
211132,Corporate Treasurer,7,"Establishes audit objectives, and designs and implements audit methodologies, processes and audit report criteria"
211132,Corporate Treasurer,8,"Executes and manages financial transactions, including cash management, funding and investments"
211133,Forensic Accountant,1,Analyses financial and non-financial documents and data to actively trace and identify inaccuracies and fraud
211133,Forensic Accountant,2,Investigates organisations and individuals for criminal financial activity
211133,Forensic Accountant,3,Provides support and presents findings to be used as trial evidence in court cases
211133,Forensic Accountant,4,Constructs valuations and economic loss models for organisations from a variety of data sources
211134,Management Accountant,1,"Prepares financial statements and reports for presentation to boards of directors, governing and statutory bodies, management and shareholders"
211134,Management Accountant,2,Analyses financial and non-financial data to inform business strategies and monitor risk
211134,Management Accountant,3,Provides assurance about the accuracy contained in financial reports and their compliance with statutory requirements
211135,Taxation Accountant,1,"Provides taxation advice on business structures, plans and operations"
211135,Taxation Accountant,2,Prepares taxation returns for individuals and organisations
211135,Taxation Accountant,3,Represents clients in disputes with the taxation authorities
211135,Taxation Accountant,4,"Undertakes tax compliance reviews, assists clients with tax audits by regulators, and advises on tax implications on the purchase and sale of businesses, mergers and capital financing"
211231,External Auditor,1,"Collects, analyses and interprets information on the financial standing, cost structures and trading effectiveness of organisations"
211231,External Auditor,2,Verifies that an organisation's internal accounting procedures and financial operations run efficiently and meet legal requirements
211231,External Auditor,3,"Conducts audits and investigations, and prepares financial statements and reports for management, shareholders and governing statutory bodies"
211232,Internal Auditor,1,"Evaluates cost effectiveness and risks of operational processes, policies and systems"
211232,Internal Auditor,2,"Devises, reorganises and establishes budgetary cost control systems"
211232,Internal Auditor,3,"Conducts audits and investigations, and prepares financial statements and reports for management, shareholders, and governing and statutory bodies"
211232,Internal Auditor,4,Establishes audit objectives aligned to organisational goals
211232,Internal Auditor,5,"Designs and implements audit methodologies, processes and audit criteria"
211232,Internal Auditor,6,Monitors the effectiveness of internal audit controls and risk management systems
211232,Internal Auditor,7,Conducts risk assessments and business process reviews to mitigate risks
212131,Financial Adviser,1,"Interviews prospective clients to determine financial status and objectives, discuss financial options, and develop financial plans and investment strategies"
212131,Financial Adviser,2,"Sets financial objectives, and develops and implements strategies for achieving the financial objectives"
212131,Financial Adviser,3,"Monitors investment performance, and reviews and revises financial plans and investment strategies based on modified needs and changes in markets"
212131,Financial Adviser,4,Arranges to buy and sell financial products for clients
212131,Financial Adviser,5,"May refer clients to other organisations to obtain services outlined in financial plans, such as welfare entitlements, superannuation and aged care arrangements"
212231,Financial Market Dealer,1,"Obtains information on securities, bonds, derivatives, market conditions, government regulations, and financial circumstances of clients"
212231,Financial Market Dealer,2,"Interprets data from reports, financial periodicals and stock-quotation viewer screens"
212231,Financial Market Dealer,3,Analyses financial markets and financial market products
212231,Financial Market Dealer,4,"Executes investment orders by buying and selling securities, bonds, treasury bills and other financial instruments for investors, fund managers or financial institutions"
212231,Financial Market Dealer,5,"Monitors futures prices and market changes, and bids for commodity futures contracts"
212232,Stockbroker,1,"Interprets data from securities reports, financial reports and stock-quotation viewer screens"
212232,Stockbroker,2,Monitors stock prices and market changes
212232,Stockbroker,3,Provides information and trading advice to clients on equities and bonds
212232,Stockbroker,4,"Executes, records and transmits buy and sell orders on behalf of clients"
212232,Stockbroker,5,"Relays trading information to clients, such as market conditions, bid and cost prices, and number of shares bought and sold"
212331,Capital Markets Specialist,1,Provides strategic advice to companies to raise capital through capital market events and debt advisory transactions
212331,Capital Markets Specialist,2,"Analyses the value of companies, examines financial models, and reviews financial research"
212331,Capital Markets Specialist,3,Negotiates and structures deals for mergers and acquisitions
212331,Capital Markets Specialist,4,"Implements and executes strategies and guides clients through initial public offerings, divestments, issuing and selling of securities, and other events"
212332,Investment Analyst,1,"Collects and analyses financial data, market trends and earlier investment decisions of the organisation to identify new investment opportunities"
212332,Investment Analyst,2,"Completes investment analysis and research on companies, portfolios, equities, debt and managed funds"
212332,Investment Analyst,3,Develops and maintains financial models to evaluate the feasibility and profitability of investment opportunities
212332,Investment Analyst,4,"Monitors and evaluates market and investment performance, identifies areas for improvement, and proposes strategies to optimise returns"
212332,Investment Analyst,5,"Prepares investment reports and recommendations for senior management, advisers, brokers and investors"
212333,Investment Manager,1,Develops and executes investment plans to achieve investment goals
212333,Investment Manager,2,Monitors investment performance and adjusts strategies based on modified needs and market conditions
212333,Investment Manager,3,"Conducts research and analysis to identify investment opportunities, make investment decisions and manage associated risks"
212333,Investment Manager,4,"Manages funds raised from personal superannuation savings policies, unit trusts and other sources of funds"
212333,Investment Manager,5,"Assists in meeting superannuation compliance requirements, relevant laws, regulations and fund policies"
212333,Investment Manager,6,"Provides reporting on investment performance, and financial, accounting and budgeting information"
212931,Credit Risk Manager,1,Assesses credit risk within an organisation and makes recommendations on the management of identified risks
212931,Credit Risk Manager,2,Reviews and recommends updates to existing credit risk policies and procedures
212931,Credit Risk Manager,3,"Monitors client portfolios to identify, avoid and manage changes that create risk, and ensures compliance with existing credit and risk policies"
212931,Credit Risk Manager,4,"Manages, tests and improves automated credit risk tools"
212931,Credit Risk Manager,5,Analyses and provides feedback to credit risk analysis teams on their work on credit applications
221131,Advertising Specialist,1,"Plans, develops and organises advertising policies and campaigns to support sales objectives"
221131,Advertising Specialist,2,"Advises executives and clients on advertising strategies and campaigns to reach target markets, create consumer awareness, and effectively promote the attributes of goods and services"
221131,Advertising Specialist,3,"Coordinates production of advertising campaigns involving artwork, copywriting, media scripting, television and film production, and media placement, within time and budget constraints"
221231,Communications Officer (Public Relations),1,Plans and organises publicity campaigns and communication strategies
221231,Communications Officer (Public Relations),2,"Advises executives on the public relations implications of their policies, programs and practices"
221231,Communications Officer (Public Relations),3,Prepares and controls the issue of news and press releases
221231,Communications Officer (Public Relations),4,"Undertakes and commissions public opinion research, analyses the findings, and plans public relations and promotional campaigns"
221231,Communications Officer (Public Relations),5,"Organises special events, seminars, entertainment, competitions and social functions to promote goodwill and favourable publicity"
221231,Communications Officer (Public Relations),6,Represents organisations and arranges executive interviews with publicity media
221231,Communications Officer (Public Relations),7,"Attends business, social and other functions to promote the organisation"
221231,Communications Officer (Public Relations),8,Commissions and obtains photographs and other illustrative material
221231,Communications Officer (Public Relations),9,"Selects, appraises and revises material submitted by publicity writers, photographers, illustrators and others to create favourable publicity"
221331,Electorate Officer,1,Manages day-to-day operations of a politician's divisional office within their electorate
221331,Electorate Officer,2,Liaises with constituents to address concerns
221331,Electorate Officer,3,Responds to enquiries and provides information
221331,Electorate Officer,4,Prepares correspondence and media materials
221331,Electorate Officer,5,Monitors media coverage and public opinion
221331,Electorate Officer,6,Organises meetings and events
221331,Electorate Officer,7,Maintains database of constituents and stakeholders
221331,Electorate Officer,8,Manages electorate activities during an election
221332,Liaison Officer,1,"Represents individuals, community groups, organisations and governments at meetings, forums and events to promote dialogue and understanding"
221332,Liaison Officer,2,Mediates and resolves conflicts and disputes between parties
221332,Liaison Officer,3,Conducts research and analysis to identify stakeholder needs and priorities
221332,Liaison Officer,4,"Prepares reports, presentations and other communication materials, and develops and implements strategies to improve communication and cooperation"
221332,Liaison Officer,5,Monitors and evaluates the effectiveness of communication and engagement activities
221431,ICT Business Development Manager,1,Develops and executes strategic business plans to promote existing and new ICT goods and services
221431,ICT Business Development Manager,2,"Conducts research to identify market trends, emerging technologies and ICT business opportunities"
221431,ICT Business Development Manager,3,"Presents, promotes and sells ICT goods and services to existing and prospective client businesses in meetings through product demonstrations"
221431,ICT Business Development Manager,4,Provides ICT business recommendations to senior management and business leadership to the team
221431,ICT Business Development Manager,5,"Arranges delivery of ICT goods, installation of equipment and the provision of services"
221531,Content Creator (Marketing),1,Develops and implements digital marketing and social media strategies to increase brand awareness and searchability
221531,Content Creator (Marketing),2,"Creates engaging, relevant and timely digital marketing and social media content to market an organisation and its activities, and drive consumer engagement"
221531,Content Creator (Marketing),3,Monitors and analyses social media and website performance metrics to track engagement and target content
221531,Content Creator (Marketing),4,"Manages, schedules and monitors multiple social media accounts"
221531,Content Creator (Marketing),5,Maintains and enhances website content for external and internal audiences
221531,Content Creator (Marketing),6,May collaborate with social media influencers to develop content and increase brand reach
221532,Digital Marketing Analyst,1,"Discovers and disseminates customer insights, and guides strategic and tactical initiatives, customer identification, addressability and segmentation"
221532,Digital Marketing Analyst,2,Applies statistical modelling methods to determine the potential impact of pricing strategies on profitability
221532,Digital Marketing Analyst,3,"Monitors performance of initiatives, providing regular reporting and insights as required"
221532,Digital Marketing Analyst,4,Analyses data from digital marketing campaigns and platforms
221532,Digital Marketing Analyst,5,Recommends updates to digital content to improve search engine metrics
221533,Market Research Analyst,1,Collects and analyses data regarding consumer patterns and preferences
221533,Market Research Analyst,2,Interprets and predicts consumer trends
221533,Market Research Analyst,3,Researches potential demand and market characteristics for new goods and services
221533,Market Research Analyst,4,"Contributes to the preparation and execution of marketing objectives, policies and programs"
221533,Market Research Analyst,5,Commissions and undertakes market research to identify market opportunities for new and existing goods and services
221533,Market Research Analyst,6,"Advises on all elements of marketing, such as product mix, pricing, promotion and distribution"
221534,Marketing Specialist,1,Commissions and undertakes market research to identify market opportunities for new and existing goods and services
221534,Marketing Specialist,2,Collects and analyses data to research potential demand and market characteristics for new goods and services
221534,Marketing Specialist,3,"Supports business growth and development through the preparation and execution of marketing objectives, policies and programs"
221534,Marketing Specialist,4,"Advises on all elements of marketing, such as product mix, pricing, advertising and sales promotion, selling and distribution channels"
221534,Marketing Specialist,5,May develop strategies to ensure the visibility of a brand and maintain the brand's identity
221631,ICT Account Manager,1,Develops and manages lists of prospective clients to establish client relationships and sales opportunities
221631,ICT Account Manager,2,Develops and maintains key accounts and portfolio plans
221631,ICT Account Manager,3,"Acquires and updates knowledge of ICT goods, services and market conditions to differentiate from competition and maximise business opportunities"
221631,ICT Account Manager,4,Engages with clients to understand their requirements and explain the ICT goods and services that meet their needs
221631,ICT Account Manager,5,Engages with existing and prospective clients to promote relevant ICT goods and services
221631,ICT Account Manager,6,"Follows up with clients to ensure their satisfaction with provided ICT goods and services, and resolves problems that arise"
221631,ICT Account Manager,7,"Coordinates the preparation and presentation of ICT sales reports, proposals and tenders"
221632,ICT Sales Representative,1,"Quotes and negotiates prices and credit terms, and completes contracts and records orders"
221632,ICT Sales Representative,2,"Arranges delivery of goods, installation of equipment, and the provision of services"
221632,ICT Sales Representative,3,Reports to sales management on sales made and the marketability of ICT goods and services
221632,ICT Sales Representative,4,"Follows up with clients to ensure satisfaction with ICT goods and services purchased, arranges modifications, and resolves any problems that arise"
221632,ICT Sales Representative,5,"Prepares sales reports, and maintains and submits records of business expenses incurred"
221633,Sales Representative (Industrial Products),1,Identifies potential customers and generates leads for industrial products
221633,Sales Representative (Industrial Products),2,"Demonstrates the operation of industrial products and equipment, and explains the benefits to customers"
221633,Sales Representative (Industrial Products),3,Provides technical support and training to customers on the safe use of industrial products
221633,Sales Representative (Industrial Products),4,"Quotes and negotiates prices and credit terms, and completes contracts and records orders"
221633,Sales Representative (Industrial Products),5,Arranges delivery of goods and installation of industrial equipment
221633,Sales Representative (Industrial Products),6,"Follows up with clients to ensure satisfaction with goods and services purchased, and resolves any problems that arise"
221633,Sales Representative (Industrial Products),7,"Supports, assists and sells to walk-in customers"
221633,Sales Representative (Industrial Products),8,Monitors market trends and competitor activities to identify opportunities for business growth
221633,Sales Representative (Industrial Products),9,"Attends trade shows, conferences and industry events to promote industrial products"
221634,Sales Representative (Medical and Pharmaceutical Products),1,Identifies potential customers and generates leads for medical and pharmaceutical products
221634,Sales Representative (Medical and Pharmaceutical Products),2,"Contacts, visits and delivers presentations and demonstrations to Health Professionals such as doctors, Dentists and Pharmacists to promote and sell products"
221634,Sales Representative (Medical and Pharmaceutical Products),3,Provides technical support and training to customers on the use of products
221634,Sales Representative (Medical and Pharmaceutical Products),4,"Quotes and negotiates prices and credit terms, and completes contracts and records orders"
221634,Sales Representative (Medical and Pharmaceutical Products),5,"Arranges delivery of goods, installation of equipment, and the provision of services"
221634,Sales Representative (Medical and Pharmaceutical Products),6,"Follows up with clients to ensure satisfaction with goods and services purchased, and resolves any problems that arise"
221634,Sales Representative (Medical and Pharmaceutical Products),7,Prepares sales reports and forecasts for management
221634,Sales Representative (Medical and Pharmaceutical Products),8,Monitors market trends and competitor activities to identify opportunities for business growth
221634,Sales Representative (Medical and Pharmaceutical Products),9,Maintains compliance with health and medical regulations
221634,Sales Representative (Medical and Pharmaceutical Products),10,"Attends conferences, trade shows and industry events to network and promote products"
222131,Human Resources Adviser,1,"Arranges advertising of job vacancies, interviewing and testing of applicants, and selection of staff"
222131,Human Resources Adviser,2,Maintains personnel records and associated human resources information systems
222131,Human Resources Adviser,3,"Arranges the induction of staff, and provides information on conditions of service, salaries and promotional opportunities"
222131,Human Resources Adviser,4,"Develops, plans and formulates enterprise agreements or collective contracts such as productivity-based wage adjustment procedures, workplace relations policies and programs, and procedures for their implementation"
222131,Human Resources Adviser,5,"Manages diversity programs, projects, training and communication logistics"
222132,Workplace Relations Adviser,1,Undertakes negotiations on terms and conditions of employment in the workplace
222132,Workplace Relations Adviser,2,Examines and resolves disputes and grievances on behalf of the employer
222132,Workplace Relations Adviser,3,"Studies and interprets legislation, awards, collective agreements and employment contracts, wage payment systems, and dispute settlement procedures"
222132,Workplace Relations Adviser,4,Provides industrial relations advice
222132,Workplace Relations Adviser,5,Manages employee relations
222132,Workplace Relations Adviser,6,Promotes a positive work environment
222132,Workplace Relations Adviser,7,Mitigates risks associated with industrial disputes
222132,Workplace Relations Adviser,8,Manages employment discipline and performance management processes
222231,Recruitment Consultant,1,"Receives and records job vacancy information from employers, such as details about job descriptions, wages and conditions of employment"
222231,Recruitment Consultant,2,Writes and places advertisements for jobs
222231,Recruitment Consultant,3,Provides information on current job vacancies in the organisation to employers and job seekers
222231,Recruitment Consultant,4,Arranges interviews for job seekers
222231,Recruitment Consultant,5,"Searches, vets and introduces highly qualified candidates to companies"
222231,Recruitment Consultant,6,"Seeks out candidates for senior, executive and other highly specialised positions"
222231,Recruitment Consultant,7,"May act as an agent for people seeking work in various fields, including photography, film, theatre, television, radio, literary, modelling and sports"
222231,Recruitment Consultant,8,May represent talented individuals and individuals with specialised skills in negotiating contracts and finding employment
222331,Rehabilitation Consultant,1,"Conducts assessments of worksites, functional capacity, ergonomics, equipment and homes to evaluate their suitability for abilities and needs of clients"
222331,Rehabilitation Consultant,2,"Identifies return to work barriers, assists clients with returning to work, and provides support and guidance throughout the transition process"
222331,Rehabilitation Consultant,3,"Coordinates with clients, insurers, medical professionals and employers to reach outcomes that are suitable for everyone involved"
222331,Rehabilitation Consultant,4,"Addresses any special accommodation a client may require at their job, ensuring that the workplace is accessible and conducive to their physical and mental health"
222331,Rehabilitation Consultant,5,"Creates, executes and supervises initiatives that support injured employees reintegrating into the workforce"
222332,Work Health and Safety Adviser,1,Trains employees and guides work health and safety procedures
222332,Work Health and Safety Adviser,2,Records and investigates workplace incidents and accidents to identify causes and prevent future occurrences
222332,Work Health and Safety Adviser,3,Conducts risk assessments to identify hazards and monitors workplace for safety compliance
222332,Work Health and Safety Adviser,4,"Reviews and updates health and safety policies, procedures and programs to ensure compliance with legislation and industry standards"
222332,Work Health and Safety Adviser,5,Provides advice on workplace health and safety issues
222332,Work Health and Safety Adviser,6,May monitor equipment and measure levels of exposure to hazardous substances and other environmental factors to workers
222431,Training and Development Professional,1,Identifies training needs and requirements of individuals and organisations
222431,Training and Development Professional,2,Sets human resource development objectives and evaluates learning outcomes
222431,Training and Development Professional,3,"Prepares and develops instructional training material and aids, such as handbooks, visual aids, online tutorials, demonstration models, and support training reference documentation"
222431,Training and Development Professional,4,"Designs, coordinates, schedules and conducts training and development programs that can be delivered in the form of individual and group instruction, and facilitates workshops, meetings, demonstrations and conferences"
222431,Training and Development Professional,5,Liaises with external training providers to arrange delivery of specific training and development programs
222431,Training and Development Professional,6,"Monitors and performs ongoing evaluation and assessment of training quality and effectiveness, and reviews and modifies training objectives, methods and course deliverables"
222431,Training and Development Professional,7,"Gathers, investigates and researches background materials to gain an understanding of various subject matters and systems"
222431,Training and Development Professional,8,"Writes end user products and materials such as user training, tutorial and instruction manuals, online help, and operating and maintenance instructions"
223131,Actuary,1,"Applies and examines complex models to forecast future events that may have financial, social or environmental impacts"
223131,Actuary,2,"Analyses data to identify opportunities to improve outcomes for companies, government, society and other organisations"
223131,Actuary,3,Formulates and proposes strategies to mitigate risks and uncertainties
223131,Actuary,4,"Designs policies, assesses risk and analyses investments primarily in life insurance, superannuation, health insurance, friendly societies and financial markets"
223131,Actuary,5,"Ensures compliance with applicable laws, regulations and an ethical code of conduct"
223132,Mathematician,1,"Conducts research to extend mathematical knowledge in areas such as algebra, geometry, probability and logic"
223132,Mathematician,2,Applies mathematical theories and techniques to the solution of practical problems in business and management
223132,Mathematician,3,Develops mathematical or statistical models of trends to be used for analysis or for software simulation
223132,Mathematician,4,Performs computations and applies methods of numerical analysis to data
223132,Mathematician,5,"Addresses the relationships of quantities, magnitudes and forms using numbers and symbols"
223133,Statistician,1,"Evaluates, processes, analyses and interprets data"
223133,Statistician,2,Produces relevant statistics to describe and infer trends and patterns
223133,Statistician,3,"Applies models to experimental observations, and adjusts and recasts the models"
223133,Statistician,4,Evaluates and describes the reliability and utility of source information
223133,Statistician,5,Liaises with management and clients to determine the area to be surveyed or examined
223133,Statistician,6,"Plans and organises surveys and other statistical collections, and designs questionnaires"
223133,Statistician,7,Reports significant differences in relationships among sources of data
223133,Statistician,8,Uses numerical analysis methods to develop algorithms and perform computations
223231,Data Analyst,1,"Sets up processes to securely collect, store, process and validate data"
223231,Data Analyst,2,Evaluates the accuracy and reliability of data
223231,Data Analyst,3,"Analyses and interprets data to produce relevant statistics to describe and infer trends and patterns, solve problems and answer data-related queries"
223231,Data Analyst,4,Applies data analytics and visualisation techniques to gain business insights
223231,Data Analyst,5,Prepares presentations and/or writes reports to communicate findings and support strategic decision-making
223231,Data Analyst,6,Implements and/or follows data management processes to ensure data is used ethically and in compliance with data governance standards and strategies
223231,Data Analyst,7,May write custom scripts and code in programming language to conduct analytical tasks
223232,Data Architect,1,Develops and maintains a data architecture strategy aligned with business objectives and data management principles
223232,Data Architect,2,"Assesses appropriate technologies for data management, storage, analysis and disposal for the organisation"
223232,Data Architect,3,Designs conceptual data models and implements metadata standards to provide a clear understanding of organisational data assets
223232,Data Architect,4,"Defines data flow, data usage and data integration processes within an organisation"
223232,Data Architect,5,"Designs, develops and implements physical databases or data warehouses to support requirements for transactional data, business intelligence and data analytics"
223232,Data Architect,6,"Assesses proposed changes to object or data structures, and evaluates alternative options"
223233,Data Engineer,1,"Builds, tests and maintains data pipelines to support analytics and data processing systems"
223233,Data Engineer,2,"Develops and optimises processes and tools for data extraction, transformation and loading"
223233,Data Engineer,3,"Identifies, designs and implements process improvements, including automating manual processing, optimising data delivery, and redesigning infrastructure for optimum scalability"
223233,Data Engineer,4,"Implements secure data handling and storage procedures, protects data privacy, and ensures compliance with regulations and best practices"
223234,Data Scientist,1,"Prepares data for analysis, cleans data, and recognises and overcomes data anomalies"
223234,Data Scientist,2,"Applies analytics techniques that incorporate mathematical, statistical, programming and database skills"
223234,Data Scientist,3,Builds and deploys machine learning and artificial intelligence frameworks
223234,Data Scientist,4,"Applies models to data, and evaluates and adjusts models to discover trends and extract insights"
223234,Data Scientist,5,Presents data-driven findings and outcomes to key decision-makers and stakeholders
223234,Data Scientist,6,Provides strategic input and innovation to organisational data science initiatives
223331,Intelligence Analyst,1,"Collects, assesses and analyses data to develop intelligence information and assist in intelligence activities"
223331,Intelligence Analyst,2,Determines organisational and client intelligence requirements
223331,Intelligence Analyst,3,Ascertains the accuracy of data collected and the reliability of sources
223331,Intelligence Analyst,4,Analyses intelligence data to identify patterns related to potential security threats or criminal activity
223331,Intelligence Analyst,5,Predicts future illegal activity based on the analysis of intelligence information
223332,Policy Analyst,1,Liaises and consults with stakeholders to identify policy needs
223332,Policy Analyst,2,Reviews existing policies and legislation to identify anomalies and out-of-date provisions
223332,Policy Analyst,3,"Researches social, economic and industrial trends, and client expectations of programs and services provided"
223332,Policy Analyst,4,"Formulates and analyses policy options, prepares briefing papers and recommendations for policy changes, and advises on preferred options"
223332,Policy Analyst,5,"Assesses impacts, financial implications, interactions with other programs, and both political and administrative feasibility of policies"
223431,Enterprise Architect,1,Creates and maintains the strategic enterprise architecture roadmap and frameworks in alignment with business objectives
223431,Enterprise Architect,2,"Describes the interrelationships between the organisation's business, data, applications and infrastructure"
223431,Enterprise Architect,3,"Assesses existing functions and capabilities, and identifies gaps and vulnerabilities"
223431,Enterprise Architect,4,Develops strategies to improve and support enterprise efficiency and performance
223431,Enterprise Architect,5,Evaluates new technologies for potential adoption to improve efficiency and achieve business requirements
223431,Enterprise Architect,6,"Ensures compliance between business strategies, enterprise transformation activities, technology directions, policies and practices"
223431,Enterprise Architect,7,"Facilitates architectural changes in the organisation, helps mitigate the associated risks, and evaluates its effectiveness"
223432,Management Consultant,1,Presents objective consultancy on management topics
223432,Management Consultant,2,"Researches and analyses clients' needs, identifies and assesses problems, and analyses specific areas of an organisation such as their current systems"
223432,Management Consultant,3,"Assists and encourages the development of objectives, strategies and plans aimed at achieving optimal customer experiences and satisfaction, and the effective use of organisations' resources and capabilities"
223432,Management Consultant,4,Advises clients on recommendations based on analyses of current-state gaps to provide solutions to organisational problems
223432,Management Consultant,5,Assists in implementing approved recommendations
223432,Management Consultant,6,Provides coaching and mentoring to individuals and teams to build specific capabilities
223433,Organisation and Methods Analyst,1,"Analyses and evaluates current systems, capabilities and structures within an organisation"
223433,Organisation and Methods Analyst,2,"Assists and implements the development of objectives, strategies and plans to improve an organisation's processes and structures"
223433,Organisation and Methods Analyst,3,"Identifies inefficiencies and areas for improvement, and develops solutions to address organisational problems"
223433,Organisation and Methods Analyst,4,"Prepares and recommends proposals to revise methods and procedures, alters work flows, redefines job functions, and supports organisational innovations and improvements"
223434,Supply Chain Analyst,1,Collects and analyses supply chain data to identify areas for improvement and optimise operational efficiencies
223434,Supply Chain Analyst,2,"Conducts inventory analysis, prepares comprehensive reports to monitor stock levels and identify discrepancies, and ensures optimal inventory management"
223434,Supply Chain Analyst,3,"Prepares and recommends proposals to revise methods and procedures, alters work flows, redefines job functions, and supports organisational innovation and improvements"
223434,Supply Chain Analyst,4,Assesses supply chain risks by developing strategies and contingency plans to resolve challenges and minimise disruptions
223434,Supply Chain Analyst,5,Assists in implementing approved recommendations to supply chain teams
223531,Asset Manager (Property),1,Coordinates with financial analysts and Accountants to monitor and evaluate the performance of real estate assets within a portfolio
223531,Asset Manager (Property),2,Conducts market research to identify opportunities for property portfolio growth and risk reduction
223531,Asset Manager (Property),3,"Prepares and presents reports on property portfolio performance, operations and expenses to stakeholders"
223531,Asset Manager (Property),4,Implements strategies to enhance the long-term viability and profitability of real estate assets
223531,Asset Manager (Property),5,Combines expertise in real estate and finance to oversee and optimise real estate investments for clients
223532,Valuer,1,"Inspects and assesses the value of land, property, commercial equipment, merchandise, personal effects, household goods and art"
223532,Valuer,2,"Researches and analyses market data, sales trends and property information using valuation methodologies to make accurate valuations"
223532,Valuer,3,Conducts site visits and inspections to gather relevant information for valuation purposes
223532,Valuer,4,"Gives evidence in legal proceedings, mediates on valuation matters, and provides rental determinations for arbitration purposes"
223532,Valuer,5,Prepares and maintains detailed reports and documentation on the assessed value of properties and assets and other valuation activities
223532,Valuer,6,Monitors and assures the quality of valuations undertaken by contractors and third parties
223931,Company Secretary,1,"Coordinates board and committee meetings, including logistics, agenda preparation and distribution of meeting materials"
223931,Company Secretary,2,Develops and implements corporate governance policies and procedures
223931,Company Secretary,3,"Maintains accurate records of board and committee meetings, resolutions and actions"
223931,Company Secretary,4,"Maintains accurate and up-to-date corporate records, including company registers, constitution and other legal documents"
223931,Company Secretary,5,Ensures compliance with all statutory and regulatory requirements
223931,Company Secretary,6,"Prepares and files required forms, reports and notifications with regulatory bodies"
223931,Company Secretary,7,Provides administrative and secretarial support to the company
223932,Cost Controller,1,"Analyses production and cost data to determine if projects will be completed within the allocated budget, and to forecast expenses and potential cost savings"
223932,Cost Controller,2,Analyses and maintains records of the variance between allocated budgets and actual project costs using cost control tools
223932,Cost Controller,3,Oversees the distribution of budgeted funds throughout the lifecycle of projects to identify variances and provide recommendations to minimise cost overruns
223932,Cost Controller,4,"Develops and analyses cost reports, and communicates the results to the project team and Managers"
223933,Health Information Manager,1,"Develops and implements health information management policies, procedures, technology and security initiatives, adhering to standards and governance requirements"
223933,Health Information Manager,2,Manages patient information systems and ensures data integrity and security
223933,Health Information Manager,3,"Oversees the collection, storage and retrieval of health information"
223933,Health Information Manager,4,Collaborates with Health Professionals to develop and maintain standardised documentation practices
223933,Health Information Manager,5,"Produces timely and accurate clinical coding, assigning diagnosis and procedure codes using health classification standards"
223933,Health Information Manager,6,Analyses and interprets data for statistical and research purposes
223934,Patents Examiner,1,Examines patent applications to determine their compliance with the Patents Act
223934,Patents Examiner,2,Assesses whether patent applications provide an adequate technical description of the invention
223934,Patents Examiner,3,Assesses whether the patent rights sought are justified and match the invention's technical description in the patent application
223934,Patents Examiner,4,"Reviews technical specifications, drawings and other supporting documents to ensure they meet the necessary standards"
223934,Patents Examiner,5,Conducts searches of online databases to identify similar patents that are held in Australia and overseas
223934,Patents Examiner,6,Prepares reports and recommendations on patent applications to the patent applicant or the applicant's legal representative
223934,Patents Examiner,7,"Collaborates with patent attorneys and inventors to clarify technical aspects of the invention, and address any queries or objections"
223935,Records or Information Manager,1,"Controls access to confidential information, and recommends codes of practice and procedures for accessing records"
223935,Records or Information Manager,2,Manages organisations' central record and information management systems
223935,Records or Information Manager,3,Analyses the recordkeeping needs of organisations and translates these needs into record management systems
223935,Records or Information Manager,4,"Maintains computerised and other record management systems, and advises on their usage"
223935,Records or Information Manager,5,"Develops record cataloguing, coding and classification systems, and monitors their use"
223935,Records or Information Manager,6,Develops and implements information and records management policies and procedures
231131,Actor,1,"Reads scripts and undertakes research to gain understanding of parts, themes and characterisations"
231131,Actor,2,"Learns lines and cues, rehearses parts, and applies vocal and movement skills to the development of characterisation"
231131,Actor,3,Prepares for performances through rehearsals under the instruction and guidance of the director
231131,Actor,4,Acts parts and portrays roles as developed in rehearsals
231131,Actor,5,"May sing and dance, or play a musical instrument"
231131,Actor,6,May undertake promotional work
231132,Circus Performer or Trainer,1,Creates and performs new circus routines
231132,Circus Performer or Trainer,2,"Rehearses circus routines and refines skills in activities such as acrobatics, juggling, stilt walking and aerial work"
231132,Circus Performer or Trainer,3,Follows safety guidelines to ensure that routines are conducted in a manner that minimises risk to performers
231133,Content Creator (Social Media),1,Creates and curates engaging content for social media platforms
231133,Content Creator (Social Media),2,Develops and maintains a strong online presence and following
231133,Content Creator (Social Media),3,Monitors and analyses social media metrics to track engagement and reach
231133,Content Creator (Social Media),4,Interacts with followers and responds to comments and messages
231133,Content Creator (Social Media),5,Stays up to date with current trends and developments in social media
231133,Content Creator (Social Media),6,Collaborates with other influencers and content creators for cross-promotion
231133,Content Creator (Social Media),7,May collaborate with brands and businesses to promote products and services
231133,Content Creator (Social Media),8,May manage partnerships and sponsorships with brands and negotiates contracts
231134,Dancer or Choreographer,1,Creates and performs dance routines for entertainment purposes
231134,Dancer or Choreographer,2,Develops and rehearses dance movements and sequences
231134,Dancer or Choreographer,3,Collaborates with other Dancers or Choreographers to create and refine dance compositions
231134,Dancer or Choreographer,4,"Interprets and expresses emotions, stories and concepts through dance"
231134,Dancer or Choreographer,5,Incorporates various dance styles and techniques into performances
231134,Dancer or Choreographer,6,Attends auditions and participates in casting for dance productions
231134,Dancer or Choreographer,7,Conducts dance classes and workshops to teach and train aspiring dancers
231134,Dancer or Choreographer,8,Maintains physical fitness and stamina through regular practice and exercise
231134,Dancer or Choreographer,9,Researches and stays updated on current trends and developments in dance
231134,Dancer or Choreographer,10,"Collaborates with costume designers, Lighting Technicians and other production staff to enhance dance performances"
231135,Entertainer or Variety Performer,1,"Creates and performs individual performance routines that can include acting, singing, dancing and speaking"
231135,Entertainer or Variety Performer,2,Collaborates with other entertainers and artists to create joint performances
231135,Entertainer or Variety Performer,3,"Creates and maintains costumes, props and sets for performances"
231135,Entertainer or Variety Performer,4,Adapts performances to suit different venues and audiences
231135,Entertainer or Variety Performer,5,Promotes performances through marketing and advertising efforts
231135,Entertainer or Variety Performer,6,Attends auditions and casting calls to secure performance opportunities
231135,Entertainer or Variety Performer,7,Manages and maintains personal brand and image
231231,Author,1,"Writes clear, engaging and concise content that communicates messages effectively"
231231,Author,2,"Conducts research on the subject matter, including reading books, articles and other resources, conducting interviews, and gathering data"
231231,Author,3,Develops ideas and concepts for written work
231231,Author,4,"Writes for different formats including print, digital and multimedia"
231231,Author,5,"Collaborates with other writers, editors, designers and publishers"
231231,Author,6,Promotes their work and finds new clients or readers using social media or by networking with other writers and industry professionals
231232,Book or Script Editor,1,Provides feedback and helps with the structure and organisation of a manuscript
231232,Book or Script Editor,2,Proofreads manuscripts for clarity and coherence
231232,Book or Script Editor,3,Evaluates manuscripts for publication or production suitability
231232,Book or Script Editor,4,Provides feedback to Authors to improve drafts and produce a final version of the book
231232,Book or Script Editor,5,Provides feedback to screenwriters to improve drafts and produce a final version of the screenplay or script
231232,Book or Script Editor,6,Coordinates with designers and Illustrators to support production
231331,Copywriter,1,"Writes advertising or promotional copy for media such as press, radio, television, social media, billboards, catalogues or shop displays"
231331,Copywriter,2,"Conducts research on the product, service or topic at hand, as well as the target audience"
231331,Copywriter,3,Presents and pitches copy ideas to clients
231331,Copywriter,4,Proofreads and edits copy for accuracy and brand guidelines
231331,Copywriter,5,"Collaborates with team members to ensure the copy aligns with other elements of the campaign, such as visual or sound design"
231332,Journalist,1,Investigates and gathers information about current events through research and observation
231332,Journalist,2,Analyses and verifies facts to ensure accuracy and credibility of news stories
231332,Journalist,3,Writes news stories for publication or broadcast in a news medium
231332,Journalist,4,Monitors news sources and stays updated on current events to identify potential news stories
231332,Journalist,5,"Develops ideas or material for stories, columns or commentaries by analysing and interpreting news, current issues or personal experiences"
231332,Journalist,6,"Attends press conferences, events and other gatherings to gather information and conduct interviews"
231333,Print or Digital Content Editor,1,"Proofreads and edits content for accuracy, clarity and style, including correcting grammatical errors, spelling mistakes and punctuation errors"
231333,Print or Digital Content Editor,2,Identifies topics that are relevant to the publication's audience and assigns them to writers
231333,Print or Digital Content Editor,3,Verifies information with reliable sources to ensure all content is accurate and backed up by evidence
231333,Print or Digital Content Editor,4,Collaborates closely with writers to help them improve their writing skills and to provide feedback on their work
231333,Print or Digital Content Editor,5,Conducts regular digital content audits to identify areas for improvements and implement content updates accordingly
231333,Print or Digital Content Editor,6,Monitors and analyses performance metrics in digital content to gain insights into content effectiveness
231334,Technical Writer,1,"Conducts research to acquire knowledge of the subject matter, technologies and processes to be documented"
231334,Technical Writer,2,"Develops plans outlining the scope, objectives and timelines for creating or updating technical documentation"
231334,Technical Writer,3,Identifies the target audience and tailors documentation to their needs
231334,Technical Writer,4,Collaborates with subject matter experts for accuracy
231334,Technical Writer,5,"Incorporates visual elements such as screenshots, diagrams and illustrations, to enhance the understanding of technical concepts"
231334,Technical Writer,6,"Applies consistent formatting, style and branding"
231334,Technical Writer,7,"Ensures that documentation complies with accessibility standards, industry standards and regulatory requirements"
231334,Technical Writer,8,"Utilises various documentation tools and technologies, such as word processors and content management systems, to create, manage and publish documentation"
231431,Artistic Director,1,Develops and implements artistic vision for performing arts organisations
231431,Artistic Director,2,Selects and approves artistic programs and productions
231431,Artistic Director,3,Collaborates with artists and designers on artistic concepts
231431,Artistic Director,4,Oversees planning and scheduling of artistic events
231431,Artistic Director,5,Manages artistic budgets and resources
231431,Artistic Director,6,Evaluates artistic programs and performances
231431,Artistic Director,7,Engages and negotiates with artists and performers
231431,Artistic Director,8,Promotes artistic programs to attract audiences
231431,Artistic Director,9,Ensures compliance with legal and regulatory requirements
231432,Audio or Live Performance Director,1,Ensures that the artistic and creative elements of audio or live performance productions are executed according to the vision and objectives
231432,Audio or Live Performance Director,2,Collaborates with writers and producers to select scripts and develop concepts for productions
231432,Audio or Live Performance Director,3,"Directs Actors, musicians and technical crew by providing guidance and instruction during rehearsals and performances"
231432,Audio or Live Performance Director,4,"Reviews and approves the selection of costumes, sets, props and other visual elements"
231432,Audio or Live Performance Director,5,"Collaborates with Cinematographers, audio engineers and other technical staff to achieve desired visual and audio effects"
231432,Audio or Live Performance Director,6,May oversee the editing and post-production process of audio production
231433,Cinematographer,1,Plans and organises the visual aspects of film or video productions
231433,Cinematographer,2,"Determines the lighting, camera angles and composition for each scene"
231433,Cinematographer,3,Collaborates with the director and other members of the production team to achieve the desired visual style
231433,Cinematographer,4,"Selects and operates cameras, lenses, filters and other equipment to capture high-quality footage"
231433,Cinematographer,5,Supervises the work of camera operators and other members of the camera crew
231433,Cinematographer,6,"Reviews and approves the final footage, including colour grading, to ensure that it meets the artistic and technical requirements"
231434,Film and Video Editor,1,Reviews and selects footage for editing based on the script or brief
231434,Film and Video Editor,2,Assembles and edits footage to create a coherent and engaging story
231434,Film and Video Editor,3,"Collaborates with directors, producers and other team members to achieve the desired creative vision"
231434,Film and Video Editor,4,"Adds visual effects, sound effects and music to enhance the overall production"
231434,Film and Video Editor,5,"Adjusts and fine-tunes the timing, pacing and sequencing of scenes"
231434,Film and Video Editor,6,Maintains organised and accurate records of all edited materials
231435,Production Manager (Screen or Live Performance),1,"Supervises the day-to-day operations of a film, television or live performance production"
231435,Production Manager (Screen or Live Performance),2,Coordinates and manages rehearsal processes
231435,Production Manager (Screen or Live Performance),3,"Liaises between performers, creative artists and the production team to support the director during rehearsals"
231435,Production Manager (Screen or Live Performance),4,"Coordinates bump-in and bump-out of costumes, sets, props and lighting"
231435,Production Manager (Screen or Live Performance),5,Manages performers during the performance run
231435,Production Manager (Screen or Live Performance),6,"Coordinates pre-show set up and manages the backstage, props and costumes"
231435,Production Manager (Screen or Live Performance),7,Plans and schedules rehearsals and production activities and calls technical cues during a show
231435,Production Manager (Screen or Live Performance),8,"Oversees and manages daily operations of the production team, staff and artists to ensure efficient flow of work through the facility"
231435,Production Manager (Screen or Live Performance),9,Assists with setting up and maintaining the production and technical workflow processes internally and externally
231436,Screen Director,1,Collaborates with writers and producers to select scripts and develop concepts for productions
231436,Screen Director,2,"Leads film and television teams from pre-production to completion, guiding the creative vision"
231436,Screen Director,3,Hires heads of departments on a production and selects cast and crew alongside the Casting Director
231436,Screen Director,4,"Directs actors and scenes, including camera shots, audio and lighting, to translate the screenplay into a visual narrative on screen"
231436,Screen Director,5,"Oversees post-production activities such as editing, audio and colour grading"
231437,Screen or Live Performance Designer,1,"Works closely with clients and creative teams to guide the visual direction of film, television, video or live performance productions"
231437,Screen or Live Performance Designer,2,"Interprets scripts and creates visual guides to reflect character, setting, lighting and story"
231437,Screen or Live Performance Designer,3,"Researches and gathers visual references including photographs, sketches and other visual materials to inform artistic direction"
231437,Screen or Live Performance Designer,4,Develops and presents artistic concepts and visual presentations
231437,Screen or Live Performance Designer,5,Continually assesses the artistic progress of a project and provides direction as necessary
231437,Screen or Live Performance Designer,6,"Oversees the design and creation of sets, costumes, props, lighting, video and other visual elements"
231437,Screen or Live Performance Designer,7,May provide guidance and feedback to Actors and performers regarding their artistic interpretation and portrayal of characters
231438,Technical Director,1,"Plans, coordinates and collaborates with producers and directors on all technical aspects of a television or audio program, live performance or digital content"
231438,Technical Director,2,"Supervises the installation and maintenance of technical equipment for television, audio, live performance or digital content"
231438,Technical Director,3,Directs and monitors technical teams to ensure the quality of pictures and sound
231438,Technical Director,4,"Monitors and adjusts technical equipment such as lighting, sound, rigging, animation or visual effects, to ensure optimal performance"
231531,Audio Producer,1,"Plans, coordinates and oversees audio production projects"
231531,Audio Producer,2,"Selects and arranges music, lyrics, sound effects and other audio elements"
231531,Audio Producer,3,"Records, edits, mixes and masters audio content"
231531,Audio Producer,4,"Collaborates with artists, musicians, writers and consults with other creative professionals"
231531,Audio Producer,5,Ensures quality and consistency of audio and recording output
231531,Audio Producer,6,Troubleshoots technical issues during recording and editing process
231532,Live Performance Producer,1,Develops and pitches ideas for live performance productions
231532,Live Performance Producer,2,"Secures funding, resources and oversees budgeting of live performance productions"
231532,Live Performance Producer,3,"Plans, organises and coordinates the production process from pre-production to presentation"
231532,Live Performance Producer,4,"Negotiates commissions, presentations, co-productions and tours"
231532,Live Performance Producer,5,"Hires and manages artists, performers, production staff and crew"
231532,Live Performance Producer,6,Ensures live performance productions are completed on time and within budget
231532,Live Performance Producer,7,Coordinates marketing and promotion of live performance productions
231532,Live Performance Producer,8,"Consults with agents, technical staff, production personnel and venues to ensure smooth running of performances"
231532,Live Performance Producer,9,Reviews and evaluates performances to identify areas for improvement and strategies for future projects
231533,Screen Producer,1,Discovers and develops underlying concepts or material and pitches ideas for screen productions
231533,Screen Producer,2,Secures funding and resources for screen productions and oversees budgets and schedules
231533,Screen Producer,3,"Hires and manages artists, performers, production staff and crew"
231533,Screen Producer,4,Oversees the screen production process from development and pre-production through to distribution
231533,Screen Producer,5,"Consults with distributors, financiers, lawyers, broadcasters and other industry professionals"
231533,Screen Producer,6,Develops strategies for future projects and monitors industry trends
231533,Screen Producer,7,May be responsible for overseeing various aspects of post-production
231631,Composer,1,"Writes new musical compositions in various genres and styles for use in live performance, commercials, films, television and digital games"
231631,Composer,2,"Creates new versions of existing compositions by adding or removing musical elements such as instruments, melodies, harmonies or rhythms"
231631,Composer,3,Conducts research and studies different musical styles and techniques
231631,Composer,4,Selects the appropriate equipment and works with audio engineers to ensure that compositions meet client requirements
231631,Composer,5,"Collaborates with directors, producers, music supervisors, Audio Engineers and musicians to achieve desired musical effect"
231631,Composer,6,May attend rehearsals and performances to provide guidance and make adjustments to compositions
231632,Music Director,1,"Plans and organises musical performances, including selecting repertoire and arranging rehearsals"
231632,Music Director,2,"Conducts choirs, orchestras, bands, ensembles and opera companies during performances"
231632,Music Director,3,Interprets musical scores and communicates artistic vision to performers
231632,Music Director,4,"Collaborates with Composers, arrangers and musicians to create new musical works"
231632,Music Director,5,Auditions and selects musicians for ensembles and orchestras
231632,Music Director,6,Provides guidance and feedback to musicians to improve their performance
231632,Music Director,7,Coordinates with venue staff and technical crew to ensure smooth execution of performances
231632,Music Director,8,Promotes and markets musical performances to attract audiences
231632,Music Director,9,Manages budgets and financial resources for musical productions
231633,Musician (Instrumental),1,Practices and rehearses music to maintain and improve skills
231633,Musician (Instrumental),2,"Performs live music for audiences in a variety of venues such as concert halls, clubs and festivals"
231633,Musician (Instrumental),3,Selects and arranges music for performances
231633,Musician (Instrumental),4,"Collaborates with other musicians, bands, orchestras or ensembles"
231633,Musician (Instrumental),5,"Creates music using electronic instruments, synthesisers, drum machines, and computer-based production techniques"
231633,Musician (Instrumental),6,Records music for distribution and sale
231633,Musician (Instrumental),7,"Contributes to the cultural landscape by expressing emotions, telling stories and communicating ideas through the universal language of music"
231634,Singer,1,Performs songs in a variety of musical styles and genres
231634,Singer,2,Interprets and conveys the meaning and emotion of songs through vocal performance
231634,Singer,3,Practices and rehearses songs to ensure accuracy and quality of performance
231634,Singer,4,Collaborates with musicians and other performers to create cohesive and engaging performances
231634,Singer,5,Selects appropriate songs and repertoire for specific audiences and venues
231634,Singer,6,Adapts songs and arrangements to suit personal style and vocal range
231634,Singer,7,Maintains vocal health and stamina through proper technique and vocal exercises
231634,Singer,8,"May use digital audio workstations that serve as a platform to link electronic instruments and microphones to computers, to record and process vocals"
231634,Singer,9,May use social media platforms to connect with fans and potential collaborators
231731,Painter (Visual Arts),1,"Generates ideas, develops concepts, and considers the desired composition, style and colour palette for their visual art forms"
231731,Painter (Visual Arts),2,"Selects appropriate mediums, such as oil or acrylic paints, inks, pencils, charcoal, pastels or watercolours"
231731,Painter (Visual Arts),3,"Prepares materials, such as choosing brushes, priming canvases, walls, wood or other surfaces, and sets up the workspace"
231731,Painter (Visual Arts),4,Applies selected mediums to canvas or other surfaces using different techniques and implements to achieve the desired visual expression
231731,Painter (Visual Arts),5,"Exhibits their visual artwork in art galleries, museums or other exhibition spaces"
231731,Painter (Visual Arts),6,"Sells their visual art forms directly to collectors, art enthusiasts or through online platforms or art markets"
231731,Painter (Visual Arts),7,"May use virtual canvases, paint brushes and palettes to create digital visual art forms"
231732,Potter or Ceramic Artist,1,"Designs and plans functional or artistic articles made from clay, glass or other fusible materials"
231732,Potter or Ceramic Artist,2,"Prepares clay by kneading, wedging and conditioning to achieve the desired consistency"
231732,Potter or Ceramic Artist,3,"Shapes and moulds the clay into different forms and designs using various techniques such as wheel throwing, hand-building and carving"
231732,Potter or Ceramic Artist,4,"Applies glazes and other surface treatments to pottery or ceramics to enhance its appearance, and adds unique colours, textures and patterns using techniques like brushwork, dipping, spraying, or wax resist"
231732,Potter or Ceramic Artist,5,Loads pottery into kilns and oversees the firing process
231732,Potter or Ceramic Artist,6,"Inspects finished pottery and ceramics for any defects or flaws, such as cracks, glaze irregularities or structural weaknesses"
231733,Sculptor,1,"Communicates impressions and ideas by carving or modelling materials, or assembling found and manufactured materials"
231733,Sculptor,2,"Develops artistic concepts or ideas by exploring themes, researching and sketching"
231733,Sculptor,3,"Chooses materials such as marble, bronze, clay, wood, stone, metal or a combination of different materials depending on the desired outcome"
231733,Sculptor,4,"Uses techniques such as modelling, moulding or casting, to build up layers or shapes"
231733,Sculptor,5,"Uses tools such as chisels, hammers, rasps, files and drills, for carving or cutting away material"
231733,Sculptor,6,Refines the surfaces of the sculptures using sandpaper or polishing tools to achieve the desired smoothness or texture
231733,Sculptor,7,"Creates large scale, site-specific artworks (installations) that transform spaces using diverse materials and elements, including sculpture, light, sound, video or found objects, to create immersive and interactive experiences for viewers"
231733,Sculptor,8,"Collaborates with Architects, engineers or installation specialists to ensure proper installation and structural integrity"
231733,Sculptor,9,"May consider placement and display of their artwork, with smaller sculptures on pedestals or plinths, and larger works requiring installation in public spaces, gardens or galleries"
231931,Community Arts Worker,1,"Identifies local artistic issues, needs and problems through community consultation"
231931,Community Arts Worker,2,"Plans, develops and implements arts and cultural development initiatives and programs in collaboration with diverse groups within the community"
231931,Community Arts Worker,3,Develops and maintains links and partnerships with community-based organisations and local artists
231931,Community Arts Worker,4,"Evaluates data and prepares and coordinates reports, such as submissions requesting funding for continuing programs and new projects"
231931,Community Arts Worker,5,Fosters an inclusive environment to assist artistic and cultural pursuits in the community to thrive
231932,Media Presenter,1,"Presents news, current affairs, sports and weather, and provides commentary for sports and other events on radio, online or television"
231932,Media Presenter,2,"Hosts shows or programs, interviews guests and engages with an audience through discussion and interactive segments"
231932,Media Presenter,3,"Discusses and presents opinions on topics such as sports, politics, social and economic matters"
231932,Media Presenter,4,"Introduces music, performances and special events, and conducts interviews with guests"
231932,Media Presenter,5,"May create audio content in the form of episodes or series, covering either factual or fictional, narrative content"
231932,Media Presenter,6,May commentate sporting matches or events for the benefit of viewers
231932,Media Presenter,7,"May operate audio or radio equipment by managing play lists, advertisements and other content"
232131,Librarian,1,"Examines publications and materials, interviews publishers' representatives, and consults with others to select library materials"
232131,Librarian,2,Provides assistance to clients in accessing library resources and undertakes information research activities on behalf of clients
232131,Librarian,3,"Manages library systems for recording and organising library holdings, acquisitions and purchases, and reader registrations and loan transactions"
232131,Librarian,4,"Supervises indexing, filing and retrieval activities"
232131,Librarian,5,Manages interlibrary loan systems and information networks
232131,Librarian,6,"Selects, orders, classifies and catalogues library and information resources"
232131,Librarian,7,Monitors collection development and culling programs
232131,Librarian,8,"Sources, manages and preserves information resources and collections throughout their lifecycle, including digital preservation"
232131,Librarian,9,"Designs, directs and delivers customised library services, programs and products that are responsive to community needs"
232131,Librarian,10,Develops and delivers information literacy education for users
232231,Religious Leader,1,Nurtures people in their spiritual development and discipleship by providing spiritual and moral guidance
232231,Religious Leader,2,"Administers rites of faiths such as marriages, funerals and special memorial services according to tradition and ecclesiastical and civil law"
232231,Religious Leader,3,Performs administrative tasks for a religious community
232231,Religious Leader,4,Prepares and delivers sermons and preachings to members of a religious faith
232231,Religious Leader,5,Develops and imparts religious education programs
232231,Religious Leader,6,Conducts and leads services and ceremonies for religious festivals and holy days
232331,Archaeologist,1,"Cleans, examines, records and preserves archaeological finds and sites"
232331,Archaeologist,2,"Collects, analyses and interprets data from artefacts and archaeological sites"
232331,Archaeologist,3,Uses methods such as aerial photography and remote sensing techniques to locate archaeological sites
232331,Archaeologist,4,Collects information and produces simulations to recreate the way a site or artefact would have looked in the past
232331,Archaeologist,5,"Assesses archaeological sites for resource management, development or conservation purposes"
232331,Archaeologist,6,Recommends methods for archaeological site protection
232332,Archivist,1,"Evaluates and preserves documents for administrative, historical, technical change management, legal, evidential and other purposes"
232332,Archivist,2,Examines items and arranges examinations to determine condition and authenticity
232332,Archivist,3,"Develops archival systems, indexes, guides and procedures for archival research and for the retention and destruction of records"
232332,Archivist,4,"Develops, maintains and implements archive policies and procedures"
232332,Archivist,5,"Identifies, organises and prioritises the digitisation of documents"
232333,Economist,1,"Analyses relationships between economic variables, and studies the effects of government fiscal and monetary policies, expenditure, taxation and other budgetary policies on the economy and the community"
232333,Economist,2,"Researches, analyses and assesses the effects of labour market programs and industry policies and programs on economic growth, welfare, education and training"
232333,Economist,3,"Investigates international and national economies and markets, and particular features such as industries, regions and socioeconomic groups"
232333,Economist,4,"Studies workplace issues such as enterprise bargaining and wage fixation, and the effect of workplace policies on productivity and economic growth"
232333,Economist,5,"Analyses trends and advises on economic issues such as taxation levels, prices, employment and unemployment, imports and exports, and interest and exchange rates"
232333,Economist,6,"Forecasts change in the economic environment for short-term budgeting, long-term planning, and investment evaluation"
232333,Economist,7,"Formulates recommendations, policies and plans for the economy, corporate strategies and investment"
232333,Economist,8,Monitors economic data to assess and advise on the effectiveness and suitability of monetary and fiscal policies
232334,Gallery or Museum Curator,1,"Plans and organises the acquisition of historical materials, objects, artworks, scientific materials and other forms of cultural materials, including Aboriginal and Torres Strait Islander materials"
232334,Gallery or Museum Curator,2,"Plans the presentation and installation of artworks, and arranges the layout and lighting of historical, scientific or art displays"
232334,Gallery or Museum Curator,3,Maintains records and catalogues acquisitions
232334,Gallery or Museum Curator,4,Ensures the overall care and preservation of collections
232334,Gallery or Museum Curator,5,"Researches, compiles and prepares written information about catalogues"
232334,Gallery or Museum Curator,6,"Plans, organises, interprets and presents exhibitions and lectures"
232334,Gallery or Museum Curator,7,Collaborates with other institutions and negotiates the loan of items
232334,Gallery or Museum Curator,8,May write grant applications for funding
232335,Heritage Consultant,1,Researches and identifies heritage sites and buildings
232335,Heritage Consultant,2,"Plans, assesses and manages cultural agreements regarding heritage affairs"
232335,Heritage Consultant,3,"Evaluates the potential impacts that proposed and planned developments may have on heritage locations and places of cultural significance, and provides recommendations for consideration"
232335,Heritage Consultant,4,"Liaises with key stakeholders including clients, governments and Traditional Owners"
232335,Heritage Consultant,5,Formulates strategies to manage heritage aspects on construction or development sites
232335,Heritage Consultant,6,Prepares and writes heritage impact statements
232336,Historian,1,"Assembles historical data by consulting sources of information such as historical indexes and catalogues, archives, court records, diaries, newspaper files and other materials"
232336,Historian,2,"Organises, authenticates, evaluates and interprets historical, political, sociological, anthropological and linguistic data"
232336,Historian,3,"Undertakes historical and cultural research into human activity, and prepares and presents research findings"
232336,Historian,4,Writes articles to be published in academic publications such as journals
232336,Historian,5,Analyses and interprets historical information to determine its authenticity
241131,Architect,1,"Works with clients, engineers, consultants and other stakeholders to determine their requirements and objectives for architectural projects"
241131,Architect,2,"Develops detailed, innovative, sustainable and functional architectural designs, taking into consideration social, environmental and economic concerns"
241131,Architect,3,Conducts site inspections to assess project feasibility and submit town planning designs for permits
241131,Architect,4,"Addresses requests for information as part of contract administration from consultants, engineers and other stakeholders involved in the building construction process"
241131,Architect,5,"Evaluates and selects appropriate building materials, finishes and systems to achieve sustainability objectives"
241131,Architect,6,Completes design tasks (3D modelling) in accordance with project and client design briefs
241131,Architect,7,"Utilises building information modelling (BIM), and applies relevant building regulations and codes to manage the planning and design of building projects"
241132,Landscape Architect,1,"Designs, plans, manages and maintains projects for new developments, heritage protection, preservation of natural and cultural landscapes, and the rehabilitation of degraded landscapes"
241132,Landscape Architect,2,"Prepares landscape documentation including drawings, specifications, schedules and contract documents, and calls for tenders on behalf of clients"
241132,Landscape Architect,3,"Conducts research and analysis to develop sustainable landscape designs, planning and management practices, methods and development strategies"
241132,Landscape Architect,4,"Conducts feasibility studies and impact assessments to assess the impact of development upon the ecology, environmental character, cultural values and community health and welfare of landscapes"
241132,Landscape Architect,5,"Collects and documents data through site analysis, considering indigenous practices, landform, soils, vegetation, hydrology, visual characteristics, and human-made and managed features"
241132,Landscape Architect,6,"May provide expert advice and advocacy on landscape matters in conflict resolution, judicial courts and commissions"
241133,Urban Designer,1,"Designs and plans the division of land and layout of cities, towns and suburbs to integrate public spaces, infrastructure, buildings, streets and parks"
241133,Urban Designer,2,"Performs site analysis using spatial data, and analyses the physical, cultural, social and environmental characteristics of sites to inform urban design projects"
241133,Urban Designer,3,"Produces documents such as master plans, performs feasibility studies, and creates urban design guidelines"
241133,Urban Designer,4,"Creates detailed drawings and plans utilising artistic and graphic skills to convert concepts into technical drawings using software, such as computer-aided design (CAD)"
241133,Urban Designer,5,"Works with design and planning teams, and negotiates with stakeholders and consultants to shape urban places"
241133,Urban Designer,6,"Creates or contributes to policy, standards and guidelines that affect the built environment"
241133,Urban Designer,7,"Advises state and local governments about the potential impacts of development proposals on regions, cities or places"
241231,Cartographer,1,"Collects, researches and analyses geographic data for map and chart creation"
241231,Cartographer,2,Utilises geographic information systems (GIS) to organise and analyse spatial data
241231,Cartographer,3,Creates and updates digital maps and charts using computer software
241231,Cartographer,4,Prepares reports and presentations for cartographic communication
241232,Engineering Surveyor,1,"Measures, sets-out and monitors construction projects, including high rise buildings, roads, tunnels, airports and other forms of infrastructure, to ensure they are built in accordance with design specifications"
241232,Engineering Surveyor,2,"Performs surveys, fieldwork, calculations, data reduction and manipulation on construction sites using specialised software and technical equipment, such as theodolites, global positioning systems (GPS), lasers, and aerial and terrestrial scanners"
241232,Engineering Surveyor,3,Completes as-constructed survey reports and plans to confirm a construction project conforms to the intended design and specifications
241232,Engineering Surveyor,4,"Prepares data models for set-out and machine guidance to assist in planning, executing, monitoring and evaluating surveying work"
241232,Engineering Surveyor,5,"Works with construction professionals, Architects, property owners, and Civil Engineers to provide accurate survey information for project planning and design phases"
241233,Geospatial Specialist,1,"Gathers geospatial data through satellite imagery, aerial photography, GPS, surveys and other sources"
241233,Geospatial Specialist,2,"Cleans, organises and formats geospatial data for analysis"
241233,Geospatial Specialist,3,"Uses geospatial technology such as GIS to analyse spatial data to describe and infer trends and patterns, solve problems and answer spatial data-related queries"
241233,Geospatial Specialist,4,"Communicates findings and insights from geospatial data using reports, dashboards and interactive maps to technical and non-technical stakeholders"
241233,Geospatial Specialist,5,Develops and maintains databases and information systems for geospatial data management
241234,Land Surveyor,1,"Uses specialised technical equipment, such as theodolites, GPS, lasers, and aerial and terrestrial scanners, to take, record and collate measurements and locations in relation to land boundaries"
241234,Land Surveyor,2,Establishes site horizontal and vertical height data
241234,Land Surveyor,3,"Determines the position of boundaries of public or private land, and prepares plans and associated documents"
241234,Land Surveyor,4,Develops and establishes reference systems for geographic and land information
241234,Land Surveyor,5,"Consults with other professionals such as Architects and engineers, to ensure land development projects are completed to plan"
241234,Land Surveyor,6,Works with government officials and other stakeholders to ensure that land development projects are completed in compliance with regulations and local laws
241234,Land Surveyor,7,Sets-out land and building developments
241234,Land Surveyor,8,"May map out positions of boundaries where land is subdivided, bought or sold, and plan and provide critical professional advice for project developments in land and buildings"
241235,Mine Surveyor,1,Identifies limits for excavation purposes and marks drill patterns for blasting in open cut mines
241235,Mine Surveyor,2,"Determines, controls and maps the location and direction of tunnels in underground mines"
241235,Mine Surveyor,3,Establishes site horizontal and vertical height data
241235,Mine Surveyor,4,Calculates the volume of materials moved or minerals mined
241235,Mine Surveyor,5,"Uses GIS to create site maps, including mine structures and deposit layers"
241235,Mine Surveyor,6,Identifies potential risks and environmental effects of mining activities
241331,Urban and Regional Planner,1,Conducts research and analysis to assess current land use patterns and trends
241331,Urban and Regional Planner,2,Inspects sites to assess compliance with land use regulations and policies
241331,Urban and Regional Planner,3,"Consults with stakeholders such as government officials, community groups and developers, to gather input and feedback on land use plans"
241331,Urban and Regional Planner,4,Advises governments and organisations on urban and regional policy and resource planning
241331,Urban and Regional Planner,5,"Undertakes development assessments and prepares, reviews and evaluates environmental impact reports, incorporating digital spatial information to inform decision-making"
241931,Building Surveyor,1,"Assesses and approves building permit applications to ensure compliance with building codes, local ordinances, zoning and contract specifications"
241931,Building Surveyor,2,"Undertakes, or directs Building Inspectors to undertake, critical stage inspections of buildings under construction to determine if the work complies with the development consent and legislative requirements"
241931,Building Surveyor,3,Prepares a written record of building work inspected and documents details identifying non-compliant issues
241931,Building Surveyor,4,"Enforces the requirements of building legislation by issuing written directions to fix non-compliant building work, providing building notices, and issuing or removing building orders"
241931,Building Surveyor,5,Responds to enquiries or complaints from people affected by their decisions made when carrying out statutory functions
241931,Building Surveyor,6,Issues occupancy permits and certificates of final inspection upon the completion of building work if all requirements are met
241932,Quantity Surveyor,1,Prepares cost estimates for construction projects based on varying levels of design
241932,Quantity Surveyor,2,"Prepares detailed cost plans for budgetary control, including bills of quantities, and manages progress payments"
241932,Quantity Surveyor,3,Monitors the project through the construction phases and adjusts cost based on variations
241932,Quantity Surveyor,4,Prepares tender documents and evaluates contractor bids
241932,Quantity Surveyor,5,Prepares tax depreciation reports
241932,Quantity Surveyor,6,Prepares replacement cost assessments for insurance purposes
241932,Quantity Surveyor,7,"Engages with key stakeholders, including asset owners, financiers, Architects, builders, engineers and developers"
242131,Multimedia Designer,1,"Plans and designs the layout and structure of digital multimedia projects for use in various media contexts such as advertising campaigns, educational presentations and social media material"
242131,Multimedia Designer,2,"Uses specialised software, static and animated information, text, pictures, video and sound to produce content for an intended audience and purpose"
242131,Multimedia Designer,3,"Develops multimedia prototypes, mock-ups and storyboards that incorporate voice, images and text"
242131,Multimedia Designer,4,"Researches and selects appropriate software, tools and technologies for multimedia production"
242132,UI / UX Designer,1,"Conducts user requirement analysis and creates user flows, journey maps, personas, scenarios and task analysis to inform design decisions"
242132,UI / UX Designer,2,"Creates new designs, including wireframes, prototypes and visual designs, for app and web user interfaces"
242132,UI / UX Designer,3,"Plans, estimates and executes discovery and design processes using customer-centred design principles and usability testing methods"
242132,UI / UX Designer,4,Tests and rapidly translates research findings into design solutions
242132,UI / UX Designer,5,Conducts discovery activities and workshops to gain quantitative and qualitative insights to improve apps and websites
242132,UI / UX Designer,6,Aligns business goals and customer needs into digital strategies and designs
242132,UI / UX Designer,7,Ensures that designs adhere to relevant guidelines or standards for accessibility
242133,Web Designer,1,"Researches client needs, target audience and current web design trends"
242133,Web Designer,2,"Creates sketches or digital mock-ups of the website's layout, navigation and content placement"
242133,Web Designer,3,"Creates, reviews or redesigns existing wireframes to plan out the structure and functionality of the site"
242133,Web Designer,4,"Ensures website accessibility for all users, considering diverse abilities and devices"
242133,Web Designer,5,Works closely with Web Developers to ensure that the final website looks and functions as intended
242133,Web Designer,6,Establishes design guidelines based on standards and best practices
242133,Web Designer,7,May identify and secure domain names for the websites
242231,Fashion Designer,1,Liaises with clients to confirm design concepts and costs
242231,Fashion Designer,2,"Prepares sketches, plans and samples of designs to present to clients"
242231,Fashion Designer,3,"Selects fabrics, colours and materials for designs"
242231,Fashion Designer,4,Collaborates with patternmakers and sample makers
242231,Fashion Designer,5,"Presents designs to clients, conducts fittings, and adjusts designs as necessary"
242232,Industrial Designer,1,"Undertakes product research and analyses functional, commercial, cultural and aesthetic requirements"
242232,Industrial Designer,2,Generates ideas and concepts for new industrial products or product improvements
242232,Industrial Designer,3,"Develops detailed design specifications and documentation for production of products such as toys, home appliances and furniture"
242232,Industrial Designer,4,"Creates design sketches, illustrations, models and samples for presentation to clients and manufacturers"
242232,Industrial Designer,5,"Selects, specifies and recommends functional and aesthetic materials, production methods and finishes for manufacture"
242232,Industrial Designer,6,Prepares and commissions prototypes and samples
242232,Industrial Designer,7,"Collaborates with engineers, manufacturers and product testers to ensure design feasibility and manufacturability"
242233,Jewellery Designer,1,Designs and sketches jewellery and objects for personal adornment
242233,Jewellery Designer,2,"Develops detailed technical drawings and specifications for the manufacture of jewellery and decorative objects, including sculptures, lamp shades and vases"
242233,Jewellery Designer,3,"Uses techniques such as repousse, engraving, hand fabrication and casting, to model designs for mass or batch production, or one-off commissions"
242233,Jewellery Designer,4,"Selects and sources materials such as metals, precious stones and plastics, for the production of jewellery pieces"
242233,Jewellery Designer,5,Collaborates with manufacturers and craftspeople to ensure the accurate production of designs
242233,Jewellery Designer,6,Tests and evaluates the functionality and durability of each piece
242234,Textile Designer,1,"Researches and prepares textile design concepts based on current trends, client needs and artistic insights"
242234,Textile Designer,2,"Develops colour palettes that resonate with fabric design themes, and creates original patterns, prints, textures and illustrations for various types of cloth and fabric"
242234,Textile Designer,3,Chooses the appropriate fabric and yarn types based on specific designs
242234,Textile Designer,4,"Provides detailed specifications for production, such as yarn counts and weave structures, to ensure consistent output"
242234,Textile Designer,5,Creates prototype designs or samples using manual and digital techniques
242234,Textile Designer,6,"Tests and evaluates textile designs for quality, durability and functionality"
242234,Textile Designer,7,"Collaborates with clients, design teams, manufacturers and suppliers to understand design requirements and specifications"
242331,Animator or Visual Effects Artist,1,"Collaborates with directors, producers or other team members to understand the visual effects or animation requirements for a production"
242331,Animator or Visual Effects Artist,2,"Designs and creates visual effects, 2D or 3D animated elements, storyboards, frames, sequences and environments using digital art software"
242331,Animator or Visual Effects Artist,3,Integrates visual effects and animated sequences with live-action footage or digital environments
242331,Animator or Visual Effects Artist,4,Troubleshoots and problem solves technical or creative issues that arise during the process of creating or integrating visual effects or animation
242331,Animator or Visual Effects Artist,5,"May develop a sequence of key frames and character movements, providing a comprehensive visual script"
242332,Graphic Designer,1,Consults with clients to determine their graphic design requirements
242332,Graphic Designer,2,"Develops and collaborates on design concepts, and presents them to clients for approval"
242332,Graphic Designer,3,"Selects appropriate colours, images and fonts to enhance the visual appeal of designs"
242332,Graphic Designer,4,"Creates and manipulates designs for visual elements, such as logos, illustrations and graphics, using traditional and digital tools"
242332,Graphic Designer,5,"Collaborates with other team members, such as Copywriters and Web Developers, to ensure cohesive design solutions"
242332,Graphic Designer,6,"Prepares final designs for print or digital publication, reproduction and release"
242333,Illustrator,1,Creates visual concepts and develops illustrations for various purposes
242333,Illustrator,2,Collaborates with clients or art directors to determine the scope and requirements of illustration projects
242333,Illustrator,3,Researches and gathers reference materials to inform the design and development of illustrations
242333,Illustrator,4,Sketches preliminary ideas and concepts for illustrations
242333,Illustrator,5,Refines and finalises illustrations using traditional and digital media
242333,Illustrator,6,"Uses drawing, painting, drafting, collage and other techniques to create illustrations"
242333,Illustrator,7,Utilises image capture and manipulation software to enhance and modify illustrations
242333,Illustrator,8,Creates illustrations that effectively communicate messages and clarify meaning
242333,Illustrator,9,Adapts illustration styles and techniques to suit different projects and target audiences
242431,Interior Designer,1,"Consults and coordinates with clients, stakeholders, users and specialist consultants to determine objectives and constraints on interior design projects"
242431,Interior Designer,2,"Researches and analyses spatial, functional, economic, ergonomic, comfort, safety, sustainability, inclusivity and aesthetic requirements of interior spaces"
242431,Interior Designer,3,Creates designs that encourage and facilitate optimal use of a space by inhabitants
242431,Interior Designer,4,"Generates presentations, renderings and 3D visualisations to illustrate interior design concepts"
242431,Interior Designer,5,"Communicates ideas to clients, stakeholders and collaborators using CAD software and other visualisation tools to develop realistic representations of proposed interior designs"
242431,Interior Designer,6,"Selects materials, finishes, furnishings and decorative elements to enhance the aesthetic appeal and functionality of the space"
242431,Interior Designer,7,"Details and documents new interior building work for construction to comply with required building codes, standards and authorities"
242431,Interior Designer,8,"Collaborates with Architects, contractors, vendors and suppliers to ensure that designs are executed according to specifications, budget and time constraints"
243131,Chemical Engineer,1,"Researches, designs, develops and improves chemical processes, process systems, reactions and materials"
243131,Chemical Engineer,2,Identifies ways to optimise performance of chemical equipment and processes while ensuring compliance with safety and environmental regulations
243131,Chemical Engineer,3,"Develops operating procedures, safety protocols and methods to deal with by-products and waste materials, and troubleshoots problems with chemical manufacturing processes"
243131,Chemical Engineer,4,"Collaborates with plant designers to develop chemical plant specifications, equipment and control instruments for the production process"
243131,Chemical Engineer,5,Supervises the fabrication and installation of equipment and systems for chemical processes and transportation
243131,Chemical Engineer,6,"Monitors and analyses data from processes, and conducts research and experiments to develop new chemical processes and improve existing ones"
243131,Chemical Engineer,7,Provides technical support and guidance to staff involved in chemical processes and plant operations
243131,Chemical Engineer,8,May use computer models to identify cost-effective production methods while minimising risks
243132,Extractive Metallurgist,1,Applies physical and chemical methods to separate and concentrate valuable minerals and metals from ores
243132,Extractive Metallurgist,2,Designs process flowsheets and metallurgical plant processes used to extract metals and minerals from ores
243132,Extractive Metallurgist,3,"Manages process, metallurgical, smelter and refinery plant operational performance"
243132,Extractive Metallurgist,4,"Produces metal and mineral concentrates, and refined or alloyed metals for market"
243132,Extractive Metallurgist,5,"Analyses, develops, produces and improves the quality and purity of metals and alloys"
243132,Extractive Metallurgist,6,Develops and improves control methods to store and treat waste material produced in extractive metallurgical processes
243133,Materials Engineer,1,Researches and analyses the properties of various materials to produce new composite materials
243133,Materials Engineer,2,Tests materials under different conditions to examine their properties and behaviour to determine their use in various applications or in the development of new technologies
243133,Materials Engineer,3,Analyses the results of laboratory testing on faulty materials to determine the causes of material defects and develop solutions
243133,Materials Engineer,4,Studies the performance of materials to evaluate their deterioration rate under different conditions and identify main factors contributing to degradation
243133,Materials Engineer,5,Produces cost estimates and analyses the feasibility of using different materials in engineering projects
243133,Materials Engineer,6,"Conducts analysis on welds to identify welding issues, associated risks, and provide or develop solutions and appropriate mitigation methods"
243231,Civil Engineer,1,Analyses site locations and conducts surveys to determine the feasibility and requirements of civil engineering projects
243231,Civil Engineer,2,"Undertakes calculations, designs and develops specifications for civil engineering projects, and provides solutions to design-related issues"
243231,Civil Engineer,3,"Studies, evaluates and reports on the environmental implications of civil engineering projects to ensure compliance with existing regulations"
243231,Civil Engineer,4,"Determines construction methods, materials and quality standards for civil engineering projects"
243232,Geotechnical Engineer,1,"Assesses construction plans to determine its feasibility based on the understanding of the construction site gathered from geological maps, aerial photographs, project data, collected historical information and other sources"
243232,Geotechnical Engineer,2,Collects and tests soil and rock samples to determine their properties and assist in the assessment of geotechnical parameters used in design
243232,Geotechnical Engineer,3,Assesses the impact of soil and rock mechanical properties on the stability of existing structures
243232,Geotechnical Engineer,4,"Performs geotechnical calculations and modelling to evaluate the characteristics of the site under study, and use the results from their analysis to design foundations and other geotechnical structures"
243232,Geotechnical Engineer,5,"Investigates, identifies and analyses geological risks and hazards related to the site, such as landslides, liquefaction or soil erosion"
243232,Geotechnical Engineer,6,"Develops strategies to minimise risks and recommend appropriate safety measures, such as drainage systems, soil improvement techniques and slope stabilisation methods, to incorporate in the project design"
243233,Rail Engineer,1,"Designs, plans and develops rail tracks and rail system infrastructure, and forecasts the cost of rail projects"
243233,Rail Engineer,2,Identifies suitable rail routes to develop effective and sustainable rail systems that meet the needs of clients and communities
243233,Rail Engineer,3,Analyses issues or faults in rail systems and provides advice on suitable engineering solutions
243233,Rail Engineer,4,Ensures building work on rail projects complies with existing safety standards and regulations
243234,Structural Engineer,1,"Calculates pressures, loads and stresses on structural foundations to ensure the safety of the construction"
243234,Structural Engineer,2,Studies and analyses the strength of building materials to select and advise on the suitable ones for the construction
243234,Structural Engineer,3,"Conducts structural inspections to evaluate the conditions and foundations, and assess the structural integrity"
243234,Structural Engineer,4,"Uses computer models to simulate and predict the structure's behaviour under varying conditions, such as high winds, flooding or earthquakes"
243234,Structural Engineer,5,Researches and improves construction techniques and structural designs
243235,Transport Engineer,1,"Designs, plans and evaluates transportation systems or parts of systems, such as highways, urban transit, ports, rail and airports"
243235,Transport Engineer,2,"Analyses traffic data to identify and predict future travel flow patterns, and conducts studies to determine the feasibility and costs of transportation projects"
243235,Transport Engineer,3,"Researches and analyses existing transport systems to identify needs and issues, and plans modifications to improve safety"
243235,Transport Engineer,4,Uses computer models to simulate transport problems to identify suitable engineering solutions
243236,Water Engineer,1,"Plans, develops and improves water facilities and equipment, such as sewers, pipes and pumping stations"
243236,Water Engineer,2,"Develops plans for controlling runoff and overland flow to minimise the risk of contamination of nearby bodies of water, such as rivers and lakes, by polluted water"
243236,Water Engineer,3,Studies water quality to identify and characterise sources of water pollution
243236,Water Engineer,4,Uses computer models to simulate risks of flooding and propose engineering solutions
243236,Water Engineer,5,Evaluates the operation and maintenance of water or wastewater systems to identify ways to improve their efficiency in a sustainable way
243236,Water Engineer,6,Designs building features to ensure the supply or removal of fluids in a safe and efficient way
243236,Water Engineer,7,"Designs water or wastewater treatment plants, sewage systems, stormwater capture and treated water reuse schemes"
243331,Electrical Engineer,1,"Plans, designs and tests power stations and equipment used for the generation, distribution, transmission and utilisation of electric power"
243331,Electrical Engineer,2,"Develops new ways to store power generated by renewable and sustainable energy sources, such as solar, wind and sea"
243331,Electrical Engineer,3,"Determines the type and arrangement of circuits, networks, transformers, circuit-breakers, transmission lines and other equipment"
243331,Electrical Engineer,4,Installs and tests electrical systems and processes
243331,Electrical Engineer,5,"Uses software and performs detailed calculations to plan, design and develop manufacturing, construction and installation standards and specifications to improve electrical systems"
243331,Electrical Engineer,6,"Leads and coordinates electrical infrastructure projects in industries such as transportation, construction and manufacturing"
243331,Electrical Engineer,7,"Provides technical expertise in electrical service design, ensuring compliance with industry standards and regulations"
243331,Electrical Engineer,8,"May specialise in research in areas such as power generation and transmission systems, transformers, switchgear and electric motors, telemetry, and control systems"
243331,Electrical Engineer,9,"May manage and integrate renewable energy sources, including battery storage, into the electricity grid"
243332,Rail Signalling Engineer,1,"Designs, implements and solves technical problems with rail signalling systems"
243332,Rail Signalling Engineer,2,"Provides technical advice and retrofits existing signalling systems to update them, either in response to regulations or to improve efficiency and performance"
243332,Rail Signalling Engineer,3,"Ensures that the rail signalling design conforms to all safety, environmental, construction, commissioning and operational requirements"
243332,Rail Signalling Engineer,4,"Prepares and reviews the signalling design with appropriate solutions to satisfy customer specifications, such as signalling arrangement plans, power calculations, headway signalling spacing calculations, and circuit designs"
243332,Rail Signalling Engineer,5,Engages with stakeholders to discuss rail signal plans and prepares case studies to understand specifics of signalling installation
243332,Rail Signalling Engineer,6,"Oversees the maintenance and operations of rail signalling equipment, and investigates equipment faults"
243332,Rail Signalling Engineer,7,"Assists the construction team with on-site signalling equipment installation, testing or commissioning"
243332,Rail Signalling Engineer,8,"Researches, develops and optimises electrical, control and signalling systems"
243332,Rail Signalling Engineer,9,"May oversee tender preparation, including ensuring all technical elements of the tender are coordinated between design, testing, commissioning and construction team members"
243431,Electronics Engineer,1,"Analyses and prepares material costs, time estimates and design specifications for electronic systems and equipment, and ensures compliance with relevant regulations and standards in electronic engineering"
243431,Electronics Engineer,2,Develops operating standards for electronic systems and equipment
243431,Electronics Engineer,3,Models and simulates processes for the development of new electronic devices
243431,Electronics Engineer,4,"Designs and integrates electronic circuits, components, systems and equipment for various applications"
243431,Electronics Engineer,5,Adapts and modifies existing electronic components and systems to meet specific requirements
243431,Electronics Engineer,6,"Installs, tests and maintains electronic components and systems to ensure proper functioning and optimal performance"
243531,Industrial Engineer,1,"Plans, implements and coordinates the sequence of operations in an industrial facility to maximise efficiency of time and resources"
243531,Industrial Engineer,2,"Estimates production costs and risks associated with product design, process changes and fabrication"
243531,Industrial Engineer,3,"Analyses data and product specifications to determine the quality of finished products, identify quality issues, and implement strategies for improving products and processes"
243531,Industrial Engineer,4,Designs systems and processes to minimise production issues and optimise resource use
243531,Industrial Engineer,5,Develops and implements quality control procedures to ensure product and process consistency
243531,Industrial Engineer,6,"Identifies and analyses potential hazards in industrial facilities, and develops and implements safety policies and strategies to mitigate them"
243532,Mechanical Engineer,1,"Designs mechanical equipment, machines, tools and components for agricultural, mining, construction, manufacturing and other industrial purposes"
243532,Mechanical Engineer,2,"Plans and designs the layout, flow and processes of mechanical and process plants"
243532,Mechanical Engineer,3,"Oversees the assembly, erection and commissioning of mechanical and process plant and installations"
243532,Mechanical Engineer,4,Studies and analyses mechanical systems and components to evaluate their performance
243532,Mechanical Engineer,5,"Inspects, maintains and tests mechanical equipment, and investigates mechanical failures or unexpected maintenance issues"
243533,Production or Plant Engineer,1,Determines and plans the layout of equipment and machines in industrial plants
243533,Production or Plant Engineer,2,Develops and implements strategies to improve the performance and efficiency of production and plant activities
243533,Production or Plant Engineer,3,"Coordinates the construction, modification and maintenance of equipment and machines in industrial plants"
243533,Production or Plant Engineer,4,Identifies and resolves technical issues and problems in industrial plants
243533,Production or Plant Engineer,5,"May use established systems to recognise and control at-risk behaviours and situations, and support the interaction of personnel and equipment in production activities"
243533,Production or Plant Engineer,6,"May manage autonomous fleets of vehicles, and identify and implement operational improvements for autonomous fleet management systems to improve efficiency, productivity and overall operations in production activities"
243631,Mining Engineer (excluding Petroleum),1,"Plans and designs mining operations, including the location and layout of the mine development"
243631,Mining Engineer (excluding Petroleum),2,Researches and improves the efficiency and safety of mining methods and equipment
243631,Mining Engineer (excluding Petroleum),3,Monitors and evaluates mining operations to ensure compliance with safety and environmental regulations
243631,Mining Engineer (excluding Petroleum),4,Assesses mineral reserves and analyses production costs to determine the viability of mining projects
243631,Mining Engineer (excluding Petroleum),5,Conducts geological surveys and analyses data to identify mineral deposits
243631,Mining Engineer (excluding Petroleum),6,"Optimises procedures to extract raw materials from the ground using blasting, drilling and other excavation methods"
243632,Petroleum Engineer,1,"Plans, researches, designs and provides advice on engineering operations for the exploration, location and extraction of oil and gas"
243632,Petroleum Engineer,2,Conducts studies to determine potential locations for drillings
243632,Petroleum Engineer,3,"Uses computer models to determine ideal recovery processes, and simulate and predict reserve performance"
243632,Petroleum Engineer,4,Analyses reservoir rock and fluid data to design optimum methods of controlling the flow of oil or gas from wells
243632,Petroleum Engineer,5,"Monitors the evaluation of wells, well testing and well surveys"
243931,Acoustic Engineer,1,"Measures sound levels, reverberation and vibration within buildings and outdoor environments"
243931,Acoustic Engineer,2,Analyses and performs tests on acoustic designs to enhance or control sound and vibration
243931,Acoustic Engineer,3,"Models, predicts, measures and assesses the impact of noise on the environment and noise sensitive receptors, including wildlife"
243931,Acoustic Engineer,4,"Advises on materials and structures that can be used to minimise noise levels that could disrupt the local environment, and ensures those levels comply with local laws"
243931,Acoustic Engineer,5,"Designs noise and vibration attenuation solutions for environmental noise, building engineering services systems in buildings, transport infrastructure and industry"
243932,Aerospace Engineer,1,"Designs and develops aircraft, launch vehicles and spacecraft, components and systems"
243932,Aerospace Engineer,2,"Studies and analyses aerospace products to improve their efficiency, performance and safety"
243932,Aerospace Engineer,3,"Researches and identifies new technologies, materials and methodologies that can help to improve aerospace products and systems"
243932,Aerospace Engineer,4,"Tests, evaluates and assesses aircraft or spacecraft systems, prototypes and equipment to ensure compliance with regulations and standards"
243932,Aerospace Engineer,5,Analyses data to solve technical issues identified in aircraft or aerospace vehicles and their systems
243932,Aerospace Engineer,6,Inspects damaged aircraft or spacecraft products to identify source of problems and provide possible solutions
243933,Biomedical Engineer,1,"Designs and develops biomedical systems and devices, including artificial or bionic organs and parts, prosthetics, diagnostic machines and health monitoring devices"
243933,Biomedical Engineer,2,"Maintains medical equipment and devices, and performs safety checks to ensure compliance with regulatory standards"
243933,Biomedical Engineer,3,Oversees the implementation of medical devices and systems in health care settings
243933,Biomedical Engineer,4,Provides support and training to Health Professionals to effectively use medical devices
243933,Biomedical Engineer,5,"May work in clinical settings to diagnose and resolve problems, including analysing data from medical imaging technology"
243933,Biomedical Engineer,6,May design software to run medical equipment or computer simulations to test new drug therapies and delivery systems
243933,Biomedical Engineer,7,May work with scientists in nanotechnology to design new materials to create medical products
243934,Engineering Technologist,1,"Researches, identifies and recommends new engineering technologies to support engineering activities"
243934,Engineering Technologist,2,Modifies existing engineering technologies to improve their efficiency and effectiveness
243934,Engineering Technologist,3,Collaborates with engineers and other Professionals to develop and implement engineering solutions
243934,Engineering Technologist,4,Applies engineering technologies in the testing and implementation of engineering projects
243934,Engineering Technologist,5,Conducts experiments and tests to evaluate the performance of engineering technologies
243934,Engineering Technologist,6,Conducts inspections to ensure engineering technologies are applied in compliance with relevant regulations and standards
243935,Environmental Engineer,1,"Assesses and identifies the potential environmental impacts of air, water, soil and noise levels of engineering projects"
243935,Environmental Engineer,2,"Develops and designs equipment and sustainable processes to prevent, control or remediate environmental impacts"
243935,Environmental Engineer,3,"Oversees and coordinates environmental management plans for engineering projects, such as hazardous waste treatment facilities and air pollution control systems, to protect the environment"
243935,Environmental Engineer,4,"Works with Environmental Research Scientists, Urban and Regional Planners, and other Professionals to assess causes of long-term environmental problems, and to develop solutions"
243935,Environmental Engineer,5,"Liaises with regulators, contractors and other internal and external stakeholders to ensure engineering projects meet environmental requirements and objectives"
243935,Environmental Engineer,6,May develop uses for renewable energy and contribute to sustainable energy planning and design
243935,Environmental Engineer,7,"May be involved in the development and planning of sustainable infrastructure, and implementation of environmental rating tools"
243936,Fire Safety Engineer,1,"Designs fire detection, fire suppression and fire control systems and equipment"
243936,Fire Safety Engineer,2,Assesses and rates fire risks to ensure buildings comply with existing fire safety legislation and regulations
243936,Fire Safety Engineer,3,"Analyses building designs to develop fire strategies, including fire escape routes, safety systems and facilities for fire services"
243936,Fire Safety Engineer,4,Studies causes of fires and provides solutions to prevent them
243936,Fire Safety Engineer,5,"Uses computer modelling to simulate and understand fire, test safety levels and validate fire prevention systems"
243936,Fire Safety Engineer,6,Designs strategies to protect people and their environment from fire
243937,Mechatronics Engineer,1,"Researches, designs and develops intelligent systems, machinery and mechatronic components and equipment"
243937,Mechatronics Engineer,2,Designs prototypes for intelligent systems and mechatronic products
243937,Mechatronics Engineer,3,Conducts computer modelling and simulations to assess mechatronic products performance
243937,Mechatronics Engineer,4,Analyses mechatronics prototype test results and provides solutions on how to improve performance
243937,Mechatronics Engineer,5,"Designs, builds and implements mechatronic product modifications to improve safety, functionality and reliability"
243938,Naval Architect,1,"Oversees the design, construction, repair, conversion or decommissioning of marine craft and floating structures"
243938,Naval Architect,2,"Uses specialist CAD software to design marine craft and floating structures, taking into account factors such as stability, strength and performance"
243938,Naval Architect,3,"Designs and coordinates the build of offshore floating structures such as offshore drilling platforms, floating units and subsea infrastructure installations"
243938,Naval Architect,4,"Prepares detailed plans, specifications and cost estimates to establish basic characteristics of marine craft, such as size, weight and speed"
243938,Naval Architect,5,Ensures marine craft and floating structures comply with design specifications and safety and regulatory standards
243938,Naval Architect,6,"Collaborates with engineers and other Professionals to coordinate the design and layout of marine craft and floating structure systems, equipment, and machinery"
244131,Agricultural Consultant,1,"Provides advice and guidance to farmers and agricultural businesses on best practices for production, processing and distribution of farm products"
244131,Agricultural Consultant,2,Conducts research and analysis on agricultural trends and market conditions
244131,Agricultural Consultant,3,Evaluates farming operations for efficiency
244131,Agricultural Consultant,4,Develops and implements strategies to improve productivity and profitability
244131,Agricultural Consultant,5,"Provides recommendations on land use, crop selection and livestock management"
244131,Agricultural Consultant,6,Assists in the development and implementation of sustainable farming practices
244131,Agricultural Consultant,7,"Advises farmers on issues such as livestock and crop disease, control of pests and weeds, soil improvement, animal husbandry and feeding programs"
244131,Agricultural Consultant,8,Collaborates with government agencies and industry organisations to develop and implement agricultural policies and programs
244131,Agricultural Consultant,9,Conducts training and workshops for farmers and agricultural workers
244132,Agricultural Research Scientist,1,"Researches and studies the environmental factors affecting commercial crop production, pasture growth and animal breeding"
244132,Agricultural Research Scientist,2,"Researches and studies the effects of cultivation techniques, soils, insects and plant diseases on animal and crop production"
244132,Agricultural Research Scientist,3,"Develops procedures and techniques for solving agricultural or horticultural problems, and improving the efficiency of production"
244132,Agricultural Research Scientist,4,Designs and conducts experiments to test new farming methods and technologies
244132,Agricultural Research Scientist,5,Collaborates with farmers and industry stakeholders to prioritise research needs
244132,Agricultural Research Scientist,6,"Writes research proposals and secures funding for agricultural research projects, and presents findings at conferences and publishes them in scientific journals"
244132,Agricultural Research Scientist,7,Provides technical advice and support to farmers on best practices for crop cultivation and animal husbandry
244132,Agricultural Research Scientist,8,Develops and implements strategies for sustainable agriculture and resource management
244133,Agronomist,1,"Collects and analyses data, and conducts research on factors affecting crop and livestock production"
244133,Agronomist,2,Advises Farmers and Farm Managers about techniques for improving the production of crops and livestock
244133,Agronomist,3,"Advises farmers on issues such as livestock and crop disease, weed, pest and disease control, soil improvement, and animal husbandry and feeding programs"
244133,Agronomist,4,"Studies environmental factors affecting commercial crop production, pasture growth and animal breeding"
244133,Agronomist,5,"Studies the effects of cultivation techniques, soils, insects and plant diseases on animal and crop production"
244133,Agronomist,6,Develops procedures and techniques for solving agricultural problems and improving the efficiency of production
244134,Aquaculture or Fisheries Scientist,1,"Conducts research on marine and aquatic plants, animals, ecosystems and aquaculture techniques, and publishes findings in scientific journals and presents them at conferences and seminars"
244134,Aquaculture or Fisheries Scientist,2,Studies environmental and other factors affecting commercial aquaculture or fisheries
244134,Aquaculture or Fisheries Scientist,3,"Manages aquatic resources to maximise their long-term commercial, recreational and environmental benefits for the community"
244134,Aquaculture or Fisheries Scientist,4,Assesses the stock of aquatic wild harvest and aquaculture to determine productivity levels
244134,Aquaculture or Fisheries Scientist,5,Develops and implements strategies to enhance wild harvest and aquaculture productivity
244134,Aquaculture or Fisheries Scientist,6,Investigates and develops new methods and technologies for harvesting fish and plants
244134,Aquaculture or Fisheries Scientist,7,Monitors and evaluates the environmental impact of fishing and aquaculture activities
244134,Aquaculture or Fisheries Scientist,8,Collects and analyses data on fish populations and water quality
244134,Aquaculture or Fisheries Scientist,9,Provides advice and recommendations to government agencies and industry stakeholders
244135,Forester,1,"Contributes to plans for forest management and operations, which may include silviculture, pest and disease management, forest production, harvesting, haulage, road construction, reforestation and/or regeneration activities"
244135,Forester,2,"Collects, reviews and uses data such as forest area, species, volumes of timber and growth rates, for forest management purposes"
244135,Forester,3,Manages the use and sale of forest products such as timber
244135,Forester,4,"Investigates, plans and implements management procedures to mitigate the impacts of natural disasters, pests and diseases on forests, including planning and managing fire prevention, and detection and suppression activities such as prescribed burning"
244135,Forester,5,"Develops and maintains relationships with stakeholders such as recreational forest users and Aboriginal and Torres Strait Islander communities, and advises governments and clients on forest management strategies"
244135,Forester,6,"Maintains organisational policies and processes to comply with environmental, safety and quality standards and regulations, including forest certification"
244135,Forester,7,"May study the propagation and culture of forest trees, methods for improving the growth of stock, and the effects of thinning on forest yields"
244231,Chemist,1,"Designs and conducts experiments to identify chemical composition, energy and chemical changes in natural substances and processed materials"
244231,Chemist,2,"Researches and analyses the chemical composition, properties and structure of matter to develop or improve existing theories, methods and processes"
244231,Chemist,3,"Ensures laboratory experiments in chemistry follow protocols and regulations, and meet quality control standards"
244231,Chemist,4,"Studies, analyses and tests chemistry research processes for application in product improvement or development"
244231,Chemist,5,"May develop and improve products, chemical formulas, methods and processes for use at an industrial scale"
244231,Chemist,6,"May study, analyse and model the operations of a chemical plant"
244232,Food Technologist,1,Studies the properties of food to support the development of new products or to improve existing food products
244232,Food Technologist,2,"Develops, manages and maintains quality systems for food processing"
244232,Food Technologist,3,Designs and improves food processing and packaging methods to increase efficiency and reduce costs
244232,Food Technologist,4,"Ensures food safety and quality by testing and analysing samples of raw materials, ingredients and finished products"
244232,Food Technologist,5,Tests food products to ensure compliance with health regulatory frameworks and quality standards
244232,Food Technologist,6,"Develops new methods for food preservation, such as freezing, canning and drying"
244232,Food Technologist,7,"Conducts research to create new food products and improve the quality, safety and nutritional value of food"
244233,Winemaker,1,"Studies, develops and improves models used in the processing and blending of wine to improve or create new products"
244233,Winemaker,2,"Tests and monitors the quality of grapes at different stages of production to assess ripeness, sugar and acid content to identify the ideal time for harvesting"
244233,Winemaker,3,"Liaises with vineyard personnel or contract growers to provide grapes, and advises on how to maintain their integrity for processing"
244233,Winemaker,4,Conducts laboratory and taste tests on wine samples to study and improve wine quality
244233,Winemaker,5,Plans and oversees the wine bottling process to ensure safety and quality standards are met
244331,Aboriginal and Torres Strait Islander Land and Sea Ranger,1,Undertakes biodiversity monitoring and threatened species management programs using scientific techniques coupled with traditional ecological and cultural knowledge
244331,Aboriginal and Torres Strait Islander Land and Sea Ranger,2,Conducts cultural burning and wildfire suppression
244331,Aboriginal and Torres Strait Islander Land and Sea Ranger,3,"Shares traditional skills and knowledge in partnership with research, education, philanthropic and commercial organisations to contribute to environmental research and activities"
244331,Aboriginal and Torres Strait Islander Land and Sea Ranger,4,Engages with visitors and community groups to facilitate traditional knowledge transfer and increase cultural awareness
244331,Aboriginal and Torres Strait Islander Land and Sea Ranger,5,Provides cultural and heritage site management
244331,Aboriginal and Torres Strait Islander Land and Sea Ranger,6,Undertakes weed and feral animal control and environmental regeneration activities
244331,Aboriginal and Torres Strait Islander Land and Sea Ranger,7,Monitors waters and controls marine debris such as ghost nets
244331,Aboriginal and Torres Strait Islander Land and Sea Ranger,8,May participate in biosecurity and fisheries compliance activities
244332,Conservation Officer,1,"Evaluates habitat, wildlife and fisheries needs, and formulates short-term and long-term management goals and objectives"
244332,Conservation Officer,2,"Ensures compliance with laws and regulations to conserve aquatic life, vegetation, wildlife and other natural assets"
244332,Conservation Officer,3,"Develops, reviews and manages policies, procedures and programs to achieve conservation and protection of natural assets"
244332,Conservation Officer,4,Coordinates and manages conservation and rehabilitation projects
244332,Conservation Officer,5,Liaises with relevant rights holders and stakeholders in the development and implementation of conservation activities
244333,Ecologist,1,"Studies interactions such as competition, cooperation and predation between species"
244333,Ecologist,2,"Investigates local and global ecosystems, including how species respond to environmental challenges and climate change"
244333,Ecologist,3,"Develops, plans and conducts field research and ecological monitoring surveys"
244333,Ecologist,4,Utilises remote sensing and modelling to track ecosystems and predict the impact of biodiversity shifts in natural systems
244333,Ecologist,5,Researches how changes in habitat connectivity and patterns of natural and human disturbance impact species and biodiversity over time
244333,Ecologist,6,"Provides advice on ecological restoration practices to repair ecosystems that have been degraded or damaged through natural processes or activities such as agriculture, construction, forestry and mining"
244333,Ecologist,7,"Plans, conducts and monitors reintroductions of locally extinct species"
244334,Park Ranger,1,Implements policies and organises activities in designated parks and other areas to conserve and protect natural and cultural heritage
244334,Park Ranger,2,"Participates in management planning by providing environmental information and making inventories of plants, animals and items of cultural and heritage significance"
244334,Park Ranger,3,"Constructs, installs and maintains park assets such as management trails, signage, walking tracks and visitor facilities"
244334,Park Ranger,4,"Undertakes pest and weed, marine debris, and fire management programs, and may participate in wildfire responses"
244334,Park Ranger,5,"Conducts rehabilitation, restoration and threatened species management programs to conserve and maintain park values and assets"
244334,Park Ranger,6,Provides visitor services and education about the park environment
244334,Park Ranger,7,"Monitors for, and reports on, illegal activities such as illegal fishing or timber gathering"
244334,Park Ranger,8,May undertake compliance and enforcement activities
244431,Environmental Consultant,1,Prepares environmental impact assessments for a wide range of development projects
244431,Environmental Consultant,2,Proposes solutions to mitigate the environmental impact of development projects
244431,Environmental Consultant,3,"Reviews, develops, improves and implements environmental management strategies"
244431,Environmental Consultant,4,Provides advice to improve the sustainability performance of organisations
244431,Environmental Consultant,5,Advises government and non-government organisations on environmental best practice
244432,Environmental Research Scientist,1,"Studies, records and analyses atmospheric conditions, demographic characteristics, and air, mineral, soil and water samples"
244432,Environmental Research Scientist,2,Examines the impact of human activity on the environment and creates plans to reduce these impacts
244432,Environmental Research Scientist,3,"Investigates the source of adverse environmental factors such as air and water pollution, and land degradation"
244432,Environmental Research Scientist,4,"Develops conservation and environmental rehabilitation plans to prevent, reduce or remediate the impacts of activities such as agriculture, construction, forestry and mining"
244432,Environmental Research Scientist,5,Develops and leads environmental sustainability projects
244432,Environmental Research Scientist,6,"Plans, conducts and manages environmental research and monitoring projects"
244531,Geologist,1,Studies physical attributes of the surface and subsurface of the Earth or other planetary bodies
244531,Geologist,2,Studies the different chemical and physical processes involved in the evolution of the Earth or other planetary bodies
244531,Geologist,3,"Collects Earth or planetary materials, and analyses their composition, structure and other physical properties"
244531,Geologist,4,"Studies and analyses the properties of reservoirs and deposits of resources such as oil, gas or minerals, to estimate their volumes and potential for extraction"
244531,Geologist,5,"Estimates how rocks, fossils and other geological materials formed, and infers their age and the conditions in which they formed"
244531,Geologist,6,Builds an understanding of the evolution of the Earth or other planetary bodies and how it may impact upon people
244531,Geologist,7,Studies and monitors the effects of anthropogenic processes such as resource extraction on Earth or other planetary bodies
244532,Geophysicist,1,"Studies, measures and analyses seismic, gravitational, electrical, thermal and magnetic forces, and other physical attributes of the Earth or other planetary bodies"
244532,Geophysicist,2,"Designs and improves methods and procedures for geophysical measurement, data collection and data processing"
244532,Geophysicist,3,"Plans, analyses and assesses geophysical surveys to assist in locating and understanding water, petroleum and other mineral-bearing sources"
244532,Geophysicist,4,"Studies the internal structure of the Earth or other planetary bodies to understand their composition, and predict volcanic and tectonic activity and their associated risks"
244532,Geophysicist,5,"Studies the physical conditions and processes of oceans, such as density, temperature, water currents, and the interactions of the atmosphere and the ocean"
244533,Hydrologist,1,"Collects, analyses and interprets groundwater or surface water data"
244533,Hydrologist,2,"Studies the distribution, and physical and chemical properties of surface water and groundwater"
244533,Hydrologist,3,"Identifies the location of groundwater reservoirs and other water bodies, and assists in their exploration"
244533,Hydrologist,4,"Studies the quality of water, and develops methods to ensure water is safe for human consumption or other applications"
244533,Hydrologist,5,Assists in the planning and development of water supply to urban areas
244533,Hydrologist,6,"Uses models to predict the impact of human activities such as mining and construction on groundwater and surface water, and advises on the avoidance or mitigation of those impacts"
244631,Biotechnologist,1,"Studies, analyses and manipulates genes to develop new drugs"
244631,Biotechnologist,2,Analyses and models large datasets of molecular and genomic sequences to identify patterns
244631,Biotechnologist,3,"Researches, develops and creates new products in biotechnology"
244631,Biotechnologist,4,Identifies and improves industrial use of genetic attributes of cells and organisms
244631,Biotechnologist,5,"Uses computational methods to develop new, or improve existing, software tools and algorithms used in the analysis of large datasets of biological data"
244631,Biotechnologist,6,"Researches, develops and improves biodegradable materials"
244631,Biotechnologist,7,Genetically modifies crops to improve pest resistance and increase productivity
244632,Botanist,1,Studies and researches the life cycle of plants
244632,Botanist,2,"Identifies, classifies and records plant species"
244632,Botanist,3,Identifies and studies diseases and disorders of plants
244632,Botanist,4,"Studies, researches and assesses the effect of environmental factors on plant growth and distribution"
244632,Botanist,5,Manages botanical collections
244632,Botanist,6,Monitors plant populations and their distribution
244633,Entomologist,1,"Collects, analyses and classifies insect specimens"
244633,Entomologist,2,Develops and conducts experimental studies with insects
244633,Entomologist,3,Studies the characteristics of insects and their interactions with other animals and their environment
244633,Entomologist,4,"Estimates, monitors and manages insect populations"
244633,Entomologist,5,Investigates and assesses risks posed by insects
244633,Entomologist,6,"Plans insect control programs, and creates risk mitigation strategies to protect the environment and human health"
244634,Marine Biologist,1,Collects and analyses samples to assess environmental effects on marine life
244634,Marine Biologist,2,"Studies breeding patterns, physiological processes, behaviour and other characteristics of marine organisms"
244634,Marine Biologist,3,"Estimates, monitors and manages populations of marine life"
244634,Marine Biologist,4,Assesses the impact of human activities on marine life
244634,Marine Biologist,5,"Develops, conducts and improves breeding programs to support endangered species of marine life"
244635,Microbiologist,1,Studies microorganisms in a range of environments to learn about their behaviour
244635,Microbiologist,2,"Studies, identifies and monitors physiological and morphological characteristics of microorganisms"
244635,Microbiologist,3,Develops and improves methods to prevent the spread of disease
244635,Microbiologist,4,"Studies, analyses and grows microbe cultures for use in the food and drink or agriculture industries"
244635,Microbiologist,5,"Tests and analyses food, drink and related manufacturing processes to identify contamination"
244635,Microbiologist,6,Establishes process and safety standards for the processing of food to prevent spoilage and illness
244636,Zoologist,1,"Studies animal characteristics, development, physiology, behaviour and movement patterns in controlled and/or natural habitats"
244636,Zoologist,2,Studies the impact of human activity on animal life
244636,Zoologist,3,"Collects, analyses and records animal specimens"
244636,Zoologist,4,Assesses and manages wildlife populations and their habitat
244636,Zoologist,5,Studies living and extinct animals in order to understand their evolution and behaviour
244636,Zoologist,6,Researches any possible threats from disease and pollution in the animal life and their habitat
244731,Medical Laboratory Scientist,1,"Prepares blood, fluid and tissue samples for microscopic examination"
244731,Medical Laboratory Scientist,2,"Performs a wide range of laboratory tests on patient samples, including blood, urine and tissue samples"
244731,Medical Laboratory Scientist,3,"Analyses samples to study, diagnose and treat diseases"
244731,Medical Laboratory Scientist,4,Evaluates test results and communicates these to Medical Practitioners
244731,Medical Laboratory Scientist,5,Establishes the steps and rules of laboratory medical testing
244731,Medical Laboratory Scientist,6,Operates and maintains laboratory equipment
244731,Medical Laboratory Scientist,7,Ensures laboratory quality assurance and safety standards are met
244731,Medical Laboratory Scientist,8,Prepares scientific papers and reports
244731,Medical Laboratory Scientist,9,Supervises and teaches other staff such as Medical Laboratory Technicians
244731,Medical Laboratory Scientist,10,Develops new methods and applies the latest improvements in technology for laboratory testing
244732,Medical Physicist,1,"Conducts research and development in radiation oncology, medical imaging, image-guided medical procedures, or medical radiation safety"
244732,Medical Physicist,2,Designs and performs ongoing quality assurance testing and evaluation for radiation oncology and diagnostic imaging equipment and systems
244732,Medical Physicist,3,"Consults with medical professionals on individual patients' radiation treatment using external radiation beams, internally placed radioactive sources, and radioactive substances"
244732,Medical Physicist,4,"Provides advice on balancing image quality, personnel and patient radiation dose, and associated risks in radiology and nuclear medicine imaging"
244732,Medical Physicist,5,"Applies knowledge of physics to the development and use of medical radiation treatments, devices and technologies that may be used for diagnosis and treatment of human diseases"
244732,Medical Physicist,6,"Provides scientific and technical advice on the design of radiation facilities and the safe handling, storage and disposal of radioactive materials"
244931,Conservator,1,"Examines and documents objects, including condition surveys and reports"
244931,Conservator,2,"Recommends appropriate materials and environments for storage, display and other contexts"
244931,Conservator,3,"Researches, tests and applies treatments to stabilise, clean, repair, restore or activate objects"
244931,Conservator,4,Assesses and manages physical risks to cultural heritage objects and collections
244931,Conservator,5,"Analyses, monitors and manages storage, display and transport of material culture"
244932,Meteorologist,1,"Analyses and interprets weather data gathered from different sources such as meteorological stations, radars and satellite imagery"
244932,Meteorologist,2,Studies and analyses historical weather patterns to understand long-term trends and predict future climate scenarios
244932,Meteorologist,3,Provides short to medium-term weather forecasts to the general public
244932,Meteorologist,4,Studies the impact of weather on the environment and effects of human activity on the climate
244932,Meteorologist,5,"Develops, tests and improves mathematical and computer models of the weather and climate"
244932,Meteorologist,6,"Prepares and issues warnings for atmospheric phenomena such as cyclones, storms, floods or other hazards to life and property"
244933,Physicist,1,Conducts research to develop and improve theories and laws related to physics
244933,Physicist,2,"Develops methods and procedures to study, identify or characterise physical phenomena"
244933,Physicist,3,Studies the relationship between place and time related to celestial bodies
244933,Physicist,4,"Applies physics theories and techniques in the development and improvement of scientific, industrial and military applications"
244933,Physicist,5,"Calculates, models and analyses physical and astronomical data"
244933,Physicist,6,Develops scientific models or theories to explain properties exhibited by the natural world
244933,Physicist,7,"Predicts and monitors solar flares, solar wind conditions, ionospheric irregularities, or geomagnetic and ionospheric storms"
251131,Early Childhood (Pre-primary School) Teacher,1,Develops and delivers educational programs based on an approved learning framework
251131,Early Childhood (Pre-primary School) Teacher,2,"Promotes the safety, health, wellbeing, learning and development of young children"
251131,Early Childhood (Pre-primary School) Teacher,3,Provides pedagogical leadership
251131,Early Childhood (Pre-primary School) Teacher,4,"Coaches, mentors and supervises staff"
251131,Early Childhood (Pre-primary School) Teacher,5,Builds and maintains strong reciprocal relationships with young children and their families
251131,Early Childhood (Pre-primary School) Teacher,6,Complies with service policies and national and/or state-based education legislation
251131,Early Childhood (Pre-primary School) Teacher,7,"Works in partnership with families, community members and external agencies to promote the education, care and wellbeing of children"
251131,Early Childhood (Pre-primary School) Teacher,8,"Maintains records of each child's learning, wellbeing, development, participation and progress, and communicates this with families"
251231,Primary School Teacher,1,"Delivers differentiated learning programs in literacy, numeracy, the humanities, arts, science, technology and physical education to primary school students"
251231,Primary School Teacher,2,Guides discussions and supervises students' work in class
251231,Primary School Teacher,3,"Employs effective classroom management skills to maintain a safe, supportive and positive learning environment"
251231,Primary School Teacher,4,"Prepares, administers and reviews assessment tasks to evaluate students' progress"
251231,Primary School Teacher,5,Maintains records of students' progress
251231,Primary School Teacher,6,"Discusses students' progress with parents and students, and prepares written reports on a regular basis"
251231,Primary School Teacher,7,"Participates in staff meetings, educational conferences and workshops"
251231,Primary School Teacher,8,Contributes to the development of curriculum programs and resources
251231,Primary School Teacher,9,"Performs extra-curricular tasks, such as assisting with sport, concerts, excursions and special interest programs"
251331,Secondary School Teacher,1,Delivers differentiated learning programs in one or more subjects to secondary school students
251331,Secondary School Teacher,2,"Employs effective classroom management skills to maintain a safe, supportive and positive learning environment"
251331,Secondary School Teacher,3,"Develops students' interests, abilities and coordination by way of creative activities"
251331,Secondary School Teacher,4,Guides discussions and supervises work in class
251331,Secondary School Teacher,5,"Prepares, administers and marks tests, projects and assignments to evaluate students' progress, and records the results"
251331,Secondary School Teacher,6,"Discusses individuals' progress with students and parents, and prepares written reports on a regular basis"
251331,Secondary School Teacher,7,Seeks advice from School Counsellors and senior teachers
251331,Secondary School Teacher,8,"Participates in staff meetings, educational conferences and workshops"
251331,Secondary School Teacher,9,"Liaises with parents, the community and business groups"
251331,Secondary School Teacher,10,"Participates in extra-curricular activities such as sport, school concerts, excursions and special interest programs"
251431,Special Education Teacher,1,"Assesses students' abilities and limitations with regard to intellectual, sensory, physical, social and emotional disabilities, or specific problems of language and culture"
251431,Special Education Teacher,2,"Develops and implements individualised learning, behaviour and wellbeing plans to maximise students' growth"
251431,Special Education Teacher,3,"Teaches students with physical, social, intellectual, emotional and linguistic needs"
251431,Special Education Teacher,4,Enhances student engagement through enriched differentiated and individualised learning programs
251431,Special Education Teacher,5,Administers various forms of assessment and interprets the results
251431,Special Education Teacher,6,"Prepares and maintains students' data, and records and submits reports as required"
251431,Special Education Teacher,7,"Advises, instructs and counsels parents and teachers on the availability and use of special techniques and therapies that benefit students' growth"
251432,Specialist Teacher (Vision Impairment),1,"Supports and promotes inclusion and equitable access, participation and engagement of vision impaired students in education and learning"
251432,Specialist Teacher (Vision Impairment),2,"Works in a multidisciplinary team with students, parents and carers, teachers, school learning and support staff, eye health and allied health professionals, and other stakeholders"
251432,Specialist Teacher (Vision Impairment),3,"Supports teachers to develop learning plans, and provides reasonable adjustments to the curriculum, teaching and learning strategies, assessment, educational materials and the learning environment for vision impaired students"
251432,Specialist Teacher (Vision Impairment),4,"Supports student acquisition of vision-specific skills, including skills in compensatory access to information, communication and literacy, sensory efficiency, technology, orientation and mobility, independent living, social interaction, recreation and leisure, career education and self-determination"
251432,Specialist Teacher (Vision Impairment),5,Provides information and professional learning for school staff on evidence-based best practices in education for students with blindness and low vision
251432,Specialist Teacher (Vision Impairment),6,"Supports school staff in interpreting assessments and recommendations for clinical and functional eye health, literacy and learning media, and optical and assistive technology for learning"
251432,Specialist Teacher (Vision Impairment),7,"Facilitates the timely provision of textbooks and instructional materials in alternative formats, including braille, large print and digital/audio"
251432,Specialist Teacher (Vision Impairment),8,Contributes to school documentation of vision impaired student information
251433,Teacher of the Deaf,1,"Uses teaching strategies based on knowledge of the implications of hearing loss on students' physical, social, emotional and cognitive development to improve student learning"
251433,Teacher of the Deaf,2,"Develops teaching activities that incorporate reasonable adjustments based on individual language levels, spoken and signed language modes, communication systems, and multimedia technology such as captions"
251433,Teacher of the Deaf,3,"Develops modifications to the curriculum and assessment needs to support the full participation of students who are deaf or hard of hearing, and those with additional disability"
251433,Teacher of the Deaf,4,"Applies knowledge and understanding of the expanded core curriculum for students who are deaf or hard of hearing, which may include managing personal audiological devices, and working with educational Interpreters and note takers"
251931,Teacher Librarian,1,"Provides activities that focus on literature, the promotion of reading and literacy development to meet the interests and needs of school students"
251931,Teacher Librarian,2,"Delivers programs on digital and information literacy that support curriculum knowledge, understanding and skills"
251931,Teacher Librarian,3,"Provides activities that promote enquiry-based learning, critical and creative thinking, digital literacy and ethical understanding in curriculum areas"
251931,Teacher Librarian,4,"Provides physical and intellectual access to information and ideas, including library facilities, material resources and pedagogical programs and services (physical and digital), for school teachers and students"
251931,Teacher Librarian,5,"Manages schools' physical and digital learning spaces where reading, enquiry, research, critical thinking, imagination and creativity are central to learning and teaching"
251931,Teacher Librarian,6,Resources the curriculum and leads services and programs that are developed collaboratively with school staff
251931,Teacher Librarian,7,"Undertakes programming, collection development and outreach to support students across a full range of abilities, and welcomes diverse cultural, linguistic, religious and other unique groups into the school libraries"
251931,Teacher Librarian,8,Liaises with other library groups in the broader community
252131,University Lecturer,1,Prepares and delivers lectures
252131,University Lecturer,2,"Prepares and marks essays, assignments and examinations"
252131,University Lecturer,3,Advises students on academic and related matters
252131,University Lecturer,4,"Attends departmental and faculty meetings, conferences and seminars"
252131,University Lecturer,5,Supervises work programs of postgraduate and honours students and tutorial staff
252131,University Lecturer,6,"Participates in setting course and degree requirements, curriculum revision and academic planning"
252131,University Lecturer,7,"Serves on council, senate, faculty and other committees and professional boards"
252131,University Lecturer,8,Conducts research and undertakes consultancies in a particular field of knowledge
252131,University Lecturer,9,Compiles bibliographies of specialised materials for reading assignments
252131,University Lecturer,10,"May conduct tutorials, seminars and laboratory sessions"
252132,University Tutor,1,"Prepares and conducts tutorials, seminars and laboratory sessions"
252132,University Tutor,2,"Marks essays, assignments and examinations"
252132,University Tutor,3,Advises students on academic and related matters
252132,University Tutor,4,"Attends departmental and faculty meetings, conferences and seminars"
252132,University Tutor,5,Serves on committees and professional boards
252132,University Tutor,6,Conducts research in a particular field of knowledge
252132,University Tutor,7,Stimulates and guides class discussions
252132,University Tutor,8,Compiles bibliographies of specialised materials for reading assignments
252231,Vocational Education Teacher,1,Identifies the various requirements of students and creates effective learning options to meet these needs
252231,Vocational Education Teacher,2,"Liaises with individuals, industry and education sectors to ensure the provision of relevant programs and services"
252231,Vocational Education Teacher,3,"Plans, designs and develops course curriculum and method of instruction"
252231,Vocational Education Teacher,4,Advises students on courses and related matters
252231,Vocational Education Teacher,5,"Teaches students using teaching aids, including presentation of lesson materials, discussions, workshops, laboratory sessions, multimedia aids and computer tutorials"
252231,Vocational Education Teacher,6,"Marks and grades students' assessment tasks, and provides feedback to students about their progress"
252231,Vocational Education Teacher,7,"Maintains records of students' progress, attendance and training activities"
252231,Vocational Education Teacher,8,"Consults with education managers, Librarians, School Counsellors and other support staff"
259131,Academic Tutor (Private Tuition),1,"Assists students with homework, projects, exam preparation, research and other academic tasks"
259131,Academic Tutor (Private Tuition),2,"Revises various curricula of one or more subject areas, and plans programs of study for individual students and groups"
259131,Academic Tutor (Private Tuition),3,"Prepares and presents learning material that explains the principles, conventions and theories of one or more subject areas"
259131,Academic Tutor (Private Tuition),4,Instructs and demonstrates practical aspects of one or more subject areas
259131,Academic Tutor (Private Tuition),5,Prepares students for examinations and other formal assessments
259131,Academic Tutor (Private Tuition),6,Customises learning to students' needs and strengths
259131,Academic Tutor (Private Tuition),7,"Assesses students and offers advice, criticism and encouragement"
259131,Academic Tutor (Private Tuition),8,"Revises course content, materials and methods of instruction"
259131,Academic Tutor (Private Tuition),9,Undertakes regular professional learning in effective teaching of one or more subject areas
259231,Art Teacher (Private Tuition),1,"Plans, prepares and delivers effective learning programs in art theory and practice"
259231,Art Teacher (Private Tuition),2,"Assesses students' learning, maintains students' records and reports on students' performance to students, parents and other stakeholders"
259231,Art Teacher (Private Tuition),3,Undertakes regular professional learning in effective art teaching
259231,Art Teacher (Private Tuition),4,Prepares students for exhibitions and assessments
259231,Art Teacher (Private Tuition),5,Arranges visits and tours to professional exhibitions and performances
259231,Art Teacher (Private Tuition),6,Organises exhibitions or performances of students' work
259232,Dance Teacher (Private Tuition),1,Plans programs of study in dance theory and practice for individual students and groups
259232,Dance Teacher (Private Tuition),2,Prepares and presents material on the theory of dance
259232,Dance Teacher (Private Tuition),3,"Instructs fundamental dance techniques and choreography to students in group or individual settings, and selects music for dance recitals or concerts"
259232,Dance Teacher (Private Tuition),4,Assigns exercises relative to students' training needs and talents
259232,Dance Teacher (Private Tuition),5,"Assesses students and offers advice, criticism and encouragement"
259232,Dance Teacher (Private Tuition),6,"Revises curricula, course content, course materials and methods of instruction"
259232,Dance Teacher (Private Tuition),7,"Prepares students for examinations, performances and assessments"
259233,Speech and Drama Teacher (Private Tuition),1,Plans programs of study in the theory and practice of speech and drama for individual students and groups
259233,Speech and Drama Teacher (Private Tuition),2,"Prepares and presents material within the area of voice and communication, drama, public speaking and presentation techniques"
259233,Speech and Drama Teacher (Private Tuition),3,Instructs and demonstrates practical aspects of speech and drama
259233,Speech and Drama Teacher (Private Tuition),4,Assists students to improve listening and communication skills associated with public speaking through speech and drama
259233,Speech and Drama Teacher (Private Tuition),5,Assigns exercises relative to students' training needs and talents
259233,Speech and Drama Teacher (Private Tuition),6,"Assesses students and offers advice, criticism and encouragement"
259233,Speech and Drama Teacher (Private Tuition),7,"Revises curricula, course content, course materials and methods of instruction"
259233,Speech and Drama Teacher (Private Tuition),8,"Prepares students for examinations, performances and assessments"
259331,Education Adviser,1,Identifies and evaluates developments in education by conducting research into educational systems
259331,Education Adviser,2,"Prepares and delivers specialist learning materials, training programs and workshops that aim to address and resolve immediate educational concerns"
259331,Education Adviser,3,Works with teachers and educational administrators to determine areas of research focus
259331,Education Adviser,4,"Documents subjects and courses developed, evaluates new courses, and reports on the effectiveness of current academic systems"
259331,Education Adviser,5,Devises strategies to improve educational quality and help implement new policies
259331,Education Adviser,6,"Serves as an adviser for teachers, parents, school administrators, and other Education Professionals"
259331,Education Adviser,7,"May assist with training on the use of education programs, tools and technologies"
259332,Education Reviewer,1,"Visits schools and observes teachers in the classroom, noting pupil response, motivation and teaching techniques"
259332,Education Reviewer,2,"Discusses programs, records and teachers with School Principals to record academic performance of schools, welfare of pupils and performance of individual teachers"
259332,Education Reviewer,3,"Makes suggestions to officials about improvements to educational facilities, equipment, buildings, and staff to ensure continued standards of education"
259431,Music Teacher (Private Tuition),1,"Plans, prepares and delivers effective learning programs in singing, instrumental performance and music theory"
259431,Music Teacher (Private Tuition),2,"Assesses students' learning, maintains students' records and reports on students' performance to students, parents and other stakeholders"
259431,Music Teacher (Private Tuition),3,Undertakes regular professional learning in effective music teaching
259431,Music Teacher (Private Tuition),4,"Prepares students for musical performances, competitions and examinations"
259531,Teacher of English to Speakers of Other Languages,1,Assesses the needs of individual students in the context of English language acquisition
259531,Teacher of English to Speakers of Other Languages,2,"Teaches students in a range of settings, either individually or in groups"
259531,Teacher of English to Speakers of Other Languages,3,"Teaches students English language skills using a variety of methods, including lecture and visual demonstration"
259531,Teacher of English to Speakers of Other Languages,4,Provides assistance and advice to other teachers of students for whom English is an additional language
259531,Teacher of English to Speakers of Other Languages,5,"Designs and produces teaching materials, and adapts existing materials"
259531,Teacher of English to Speakers of Other Languages,6,Prepares course outlines and goals
259531,Teacher of English to Speakers of Other Languages,7,"Assigns lessons, corrects homework, and prepares and grades exams"
259531,Teacher of English to Speakers of Other Languages,8,"Analyses, provides feedback and reports on student outcomes"
259931,Adult Literacy / Numeracy Teacher,1,"Assesses learners' needs, develops personalised learning plans and goals, and identifies barriers to learning"
259931,Adult Literacy / Numeracy Teacher,2,"Identifies core literacy, numeracy and digital skills that underpin vocational courses and workplace tasks"
259931,Adult Literacy / Numeracy Teacher,3,Customises teaching methodologies to suit different types of learners and correspond to their learning goals
259931,Adult Literacy / Numeracy Teacher,4,Delivers contextualised teaching and learning programs and resources
259931,Adult Literacy / Numeracy Teacher,5,"Conducts classes, tutorials, presentations and practical activities to teach literacy, numeracy and digital skills to individuals and small groups"
259931,Adult Literacy / Numeracy Teacher,6,"Ensures interactions with learners and the learning programs being delivered are respectful, culturally appropriate and trauma informed"
259931,Adult Literacy / Numeracy Teacher,7,Assesses learners' progress and adapts programs and resources to improve outcomes
259931,Adult Literacy / Numeracy Teacher,8,"Informs learners of their progress, and prepares reports for Managers and leaders of organisations, institutions and communities"
259931,Adult Literacy / Numeracy Teacher,9,"Provides advice to other parts of learners' networks such as vocational teachers, work supervisors and/or case managers as required"
259931,Adult Literacy / Numeracy Teacher,10,"Conducts audits of literacy, numeracy and digital skills within organisations, institutions and communities"
259932,Careers Adviser,1,"Advises individuals with educational, occupational, employment and career options"
259932,Careers Adviser,2,"Assists individuals in developing job-seeking strategies, resumes, applications, interviewing skills and career portfolios"
259932,Careers Adviser,3,"Utilises career assessment instruments where appropriate to assist individuals in identifying their interests, skills, values, aptitudes and abilities"
259932,Careers Adviser,4,Advises students with career planning and assists them to make informed decisions for pathways following school completion
259932,Careers Adviser,5,Facilitates and delivers workshops and programs to a diverse range of individuals and groups
259932,Careers Adviser,6,Develops and facilitates programs for career education and occupational training
259932,Careers Adviser,7,"Consults with educators, training providers, community organisations, government agencies, businesses and employers"
259932,Careers Adviser,8,Assists individuals in navigating career transitions and locating industry immersion placements
259932,Careers Adviser,9,Liaises with employers to identify job opportunities and help jobseekers to connect with potential employers
259932,Careers Adviser,10,Prepares reports and maintains client records
259933,Student Services Adviser,1,"Provides guidance and support to post-secondary education students on a range of issues, including academic and personal issues"
259933,Student Services Adviser,2,Provides information and guidance on financial aid and scholarship opportunities
259933,Student Services Adviser,3,"Assists students with administrative procedures such as registration, enrolment, withdrawal and academic appeals"
259933,Student Services Adviser,4,"Coordinates student accommodation services and student support programs, such as peer mentoring"
259933,Student Services Adviser,5,Organises and facilitates orientation programs to help new students become acclimated to campus life
259933,Student Services Adviser,6,"May support international students with visa requirements, cultural adjustments and academic advising"
261131,Counsellor (General),1,Provides individual and group counselling sessions to clients to address emotional and psychological challenges
261131,Counsellor (General),2,Assesses clients' counselling needs and requirements including conducting risk assessments and screening
261131,Counsellor (General),3,"Assists with the understanding and adjustment of attitudes, expectations and behaviours"
261131,Counsellor (General),4,Facilitates referrals to Health Professionals or community resources
261132,Alcohol and Other Drugs Counsellor,1,Assesses substance abuse and alcohol consumption history
261132,Alcohol and Other Drugs Counsellor,2,Provides individual and group counselling sessions to help the individual understand the underlying causes of addiction and overcome the addiction
261132,Alcohol and Other Drugs Counsellor,3,Provides education and resources to individuals about the risks and consequences of substance abuse
261132,Alcohol and Other Drugs Counsellor,4,"Facilitates referrals to Health Professionals or community resources, such as detoxification programs and support groups"
261132,Alcohol and Other Drugs Counsellor,5,Monitors progress and supports individuals to stay on track with their treatment plans
261133,Family and Relationship Counsellor,1,"Conducts counselling interviews with individuals, couples and family groups"
261133,Family and Relationship Counsellor,2,"Undertakes intakes and assessments, including risk assessments and screening"
261133,Family and Relationship Counsellor,3,"Assists with the understanding and adjustment of attitudes, expectations and behaviour to develop more effective interpersonal and marital relationships"
261133,Family and Relationship Counsellor,4,Provides a range of interventions to families post-separation who are experiencing various levels of conflict and are unable to reach agreements regarding parenting arrangements for their children and the distribution of property
261133,Family and Relationship Counsellor,5,Supports the referral process while engaging with community agencies and service providers
261133,Family and Relationship Counsellor,6,Facilitates relationship education courses
261134,Psychotherapist,1,Conducts assessments and diagnoses mental and emotional disorders
261134,Psychotherapist,2,Works with clients to explore and understand conscious and unconscious aspects of their lived experience
261134,Psychotherapist,3,Develops and implements individualised treatment plans for clients
261134,Psychotherapist,4,Delivers psychotherapy sessions to clients using various therapeutic techniques to help change thinking patterns and improve coping skills
261134,Psychotherapist,5,Provides support and guidance to clients in managing their mental and emotional wellbeing
261134,Psychotherapist,6,Provides education and resources to clients and their families on mental health issues
261135,Rehabilitation Counsellor,1,"Conducts assessments and evaluations to determine clients' psychosocial and cognitive ability, vocational interests and psychological wellbeing"
261135,Rehabilitation Counsellor,2,Ascertains clients' functional capacity to develop appropriate rehabilitation plans
261135,Rehabilitation Counsellor,3,"Works with clients in relation to their career, study or employment options by providing information and resources in these areas"
261135,Rehabilitation Counsellor,4,"Provides individual counselling to clients to address emotional and psychological challenges related to their injuries, disabilities, health conditions or social disadvantage"
261135,Rehabilitation Counsellor,5,"Assists clients, their family members, and other Professionals to develop rehabilitation plans"
261135,Rehabilitation Counsellor,6,Assists people with disability and neurodivergent individuals to find suitable employment by collaborating with employers and clients to ensure reasonable adjustments and provision of ongoing support
261136,School Counsellor,1,"Conducts individual and group counselling sessions with students to address academic, emotional and social concerns to enhance student wellbeing, and create a supportive and nurturing learning environment"
261136,School Counsellor,2,"Develops and implements counselling and educational programs to promote students' mental health, resilience and wellbeing"
261136,School Counsellor,3,Collaborates with teachers and parents to identify and address issues that may impact students' wellbeing
261136,School Counsellor,4,"Analyses student behaviour, especially those with learning difficulties, and assists parents and teachers in managing their needs"
261231,Psychologist,1,"Conducts psychological assessments to inform diagnosis, treatment, intervention, report writing or research, and to address clients' mental health and wellbeing needs"
261231,Psychologist,2,"Develops and implements prevention, intervention and treatment strategies to address psychological, social, emotional, health, educational, developmental and behavioural issues and disorders"
261231,Psychologist,3,"Develops and implements assessments, interventions and recommendations for organisations and decision-makers to address psychological, social, cultural, occupational and forensic needs"
261231,Psychologist,4,Provides crisis intervention and support to individuals and communities in distress
261231,Psychologist,5,"Monitors and evaluates the progress of clients, groups, communities and programs during prevention, intervention and treatment"
261231,Psychologist,6,"Maintains accurate and confidential client records, and provides reports for third parties when required"
261231,Psychologist,7,"Collaborates with other Professionals to deliver multidisciplinary assessment, intervention, and treatment"
261231,Psychologist,8,"Provides supervision for psychology students, peers and other Professionals"
261231,Psychologist,9,May conduct research and collect data to contribute to the evidence base and the field of psychology
261331,Social Worker,1,Conducts biopsychosocial and risk assessments to assist individuals and families to resolve their presented problems
261331,Social Worker,2,"Provides case management services, and negotiates and mediates strategies related to clients' needs"
261331,Social Worker,3,"Works with clients to develop and deliver individualised casework practice, group counselling and support plans"
261331,Social Worker,4,Promotes clients' agency and rights to access resources and community services
261331,Social Worker,5,"Supports clients in legal and administrative proceedings, including assessment reports and providing information or evidence in court"
261331,Social Worker,6,"Provides supervision and peer support to other Social Workers to address ethical dilemmas, gaps in practice and areas of avoidance"
261331,Social Worker,7,"Analyses, develops, promotes and implements social policies to respond to social needs"
261331,Social Worker,8,"Collaborates with government, community organisations, social agencies, volunteer groups and other stakeholders to improve and develop services, and address structural inequalities"
261931,Arts Therapist,1,"Works with clients to identify problems or conditions they wish to overcome, and uses the creative process to help clients explore their feelings"
261931,Arts Therapist,2,"Assists clients to resolve conflicts, develop interpersonal skills, manage behaviour, reduce stress, increase self-esteem and achieve insight"
261931,Arts Therapist,3,"Develops arts therapy programs based on clients' emotional, cognitive, physical and spiritual wellbeing needs, objectives and preferred forms of artistic expression"
261931,Arts Therapist,4,"Conducts arts therapy sessions with individuals or groups using a range of creative modalities, such as visual art, drama, dance and movement"
261932,Behaviour Support Practitioner,1,Undertakes functional behavioural assessments to identify contributing factors and consequences of challenging behaviours
261932,Behaviour Support Practitioner,2,"Engages clients, their families, support teams and other allied health professionals to develop behaviour support plans"
261932,Behaviour Support Practitioner,3,Recommends strategies or areas for skills development to provide opportunities for participation and inclusion
261932,Behaviour Support Practitioner,4,"Develops behaviour support plans that contain preventative approaches, strategies for promoting success and methods for intervening"
261932,Behaviour Support Practitioner,5,"Provides guidance, training and coaching to clients' families and other members of the clients' support teams to implement behaviour support strategies"
261932,Behaviour Support Practitioner,6,"Monitors the implementation of behaviour support plans, and gathers data to review and reassess plans for clients or their support teams"
261932,Behaviour Support Practitioner,7,Participates in peer support and clinical supervision activities with other practitioners to address challenges
261933,Music Therapist,1,Conducts assessments to determine health and wellbeing goals and therapeutic needs
261933,Music Therapist,2,Creates individualised treatment plans that incorporate music therapy interventions to address clients' specific needs and goals
261933,Music Therapist,3,"Collaborates with clients, their families, significant others and other stakeholders to establish a client-focused treatment plan"
261933,Music Therapist,4,"Selects and adapts music, musical instruments and equipment for use in treatment"
261933,Music Therapist,5,"Creates and plays musical instruments, compositions, arrangements or scores for therapeutic purposes"
261933,Music Therapist,6,"Documents evaluations, treatment plans, case summaries and progress reports"
261933,Music Therapist,7,"Collaborates with other Health Professionals in multidisciplinary teams to provide comprehensive assessment, intervention and treatment"
262131,Chiropractor,1,Diagnoses neuromusculoskeletal disorders
262131,Chiropractor,2,"Assesses patients' medical histories, symptoms and physical condition"
262131,Chiropractor,3,Orders and interprets diagnostic tests to support chiropractic care
262131,Chiropractor,4,"Designs, implements, monitors and assesses treatment plans, including manual adjustments, manipulations and other therapeutic techniques"
262131,Chiropractor,5,Maintains accurate and up-to-date patient records
262131,Chiropractor,6,"Educates patients and their caregivers in therapeutic procedures such as home exercises and lifestyle changes, to enhance patients' health and wellbeing"
262131,Chiropractor,7,Collaborates with other Health Professionals to provide comprehensive care
262231,Exercise Physiologist,1,Assists and improves clients' musculoskeletal function through physical activity and exercise programs
262231,Exercise Physiologist,2,Administers a variety of tests to identify and assess physical problems and ailments of clients
262231,Exercise Physiologist,3,"Records detailed client medical histories, exercise undertaken and clients' responses and progress under exercise programs"
262231,Exercise Physiologist,4,"Prevents, treats and manages health conditions, including complex chronic conditions"
262231,Exercise Physiologist,5,"Prescribes, implements and evaluates safe and effective movement, physical activity, and exercise-based interventions to facilitate recovery and maximise independence and participation in activities at home, school, work and in the community"
262231,Exercise Physiologist,6,"Provides education and advice on health and wellbeing, and how physical activity and exercise can improve health outcomes"
262231,Exercise Physiologist,7,"Screens and assesses for factors that may impact client needs, preferences, barriers and facilitators to inform recommendations and interventions"
262231,Exercise Physiologist,8,Uses active therapy techniques to assess and prescribe a targeted clinical exercise and education program that builds the clients' capacity for the long term
262232,Exercise and Sports Scientist,1,"Screens and assesses health, movement, exercise and performance capacity of clients and athletes"
262232,Exercise and Sports Scientist,2,"Researches, designs, modifies and applies assessment protocols and methods to analyse the demands of the sport and the capabilities of the athlete"
262232,Exercise and Sports Scientist,3,"Records detailed client medical histories, exercise undertaken, and clients' responses and progress"
262232,Exercise and Sports Scientist,4,"Researches, designs and delivers physical activity and exercise-based interventions to prevent injury, facilitate return to activity, manage risk factors for chronic conditions, and optimise sports performance"
262232,Exercise and Sports Scientist,5,"Supports goal setting and sustainable behaviour change to help individuals achieve health, wellbeing, fitness and performance goals"
262232,Exercise and Sports Scientist,6,"Provides health, physical activity and exercise education, advice and support in the context of sports performance"
262232,Exercise and Sports Scientist,7,"Delivers exercise-based interventions prescribed by a qualified Health Professional for people with medical conditions, injuries or disabilities"
262232,Exercise and Sports Scientist,8,Develops and implements screening and preventative health promotion programs
262232,Exercise and Sports Scientist,9,"Provides general nutritional advice to enhance exercise performance, recovery and body composition"
262232,Exercise and Sports Scientist,10,"Promotes and coordinates policies and programs to increase physical activity, maintain function and decrease sedentary behaviour"
262331,Occupational Therapist,1,"Assesses clients' emotional, psychological, developmental and physical capabilities using clinical observations and standardised tests"
262331,Occupational Therapist,2,"Assesses clients' functional potential in their home, leisure, work and school environments, and recommends environmental adaptations"
262331,Occupational Therapist,3,"Plans and directs programs using vocational, recreational, remedial, social and educational activities for individuals and groups"
262331,Occupational Therapist,4,"Provides education to family members, carers, employers and teachers about adapting clients' home, leisure, work and school environments"
262331,Occupational Therapist,5,Provides recommendations for assistive technologies that allow clients to increase their independence and perform daily activities
262331,Occupational Therapist,6,Provides education regarding restorative or compensatory strategies
262331,Occupational Therapist,7,Collaborates with other Health Professionals in overall case management of clients
262331,Occupational Therapist,8,"Collaborates with other Professionals to provide specialist advice to client groups such as those requiring driver rehabilitation, third-party compensation and medico-legal representation"
262331,Occupational Therapist,9,Monitors and records clients' progress and maintains professional relationships in accordance with relevant legislative requirements and ethical guidelines
262431,Physiotherapist,1,"Administers muscle, nerve, joint and functional ability tests to identify and assess patients' afflictions"
262431,Physiotherapist,2,"Treats patients to reduce pain, improve circulation, strengthen muscles, improve cardiothoracic, cardiovascular and respiratory functions, restore joint mobility, and improve balance and coordination"
262431,Physiotherapist,3,"Treats patients using the therapeutic properties of exercise, heat, cold, massage, manipulation, hydrotherapy, electrotherapy, ultraviolet and infra-red light, and ultrasound"
262431,Physiotherapist,4,"Reviews, monitors, assesses and evaluates programs and treatments"
262431,Physiotherapist,5,"Consults with other Health Professionals about patients' conditions, needs and progress"
262431,Physiotherapist,6,"Educates patients on their physical health conditions, and provides them with structured management plans"
262431,Physiotherapist,7,"Advises patients, families and guardians about procedures to be practised at home"
262431,Physiotherapist,8,"Maintains records of patients' treatments, responses and progress"
262431,Physiotherapist,9,Develops and implements screening and preventative health promotion programs
262531,Podiatrist,1,"Conducts podiatric assessments, including neurovascular assessments, gait analyses and biomechanical assessments, to diagnose foot and lower limb conditions"
262531,Podiatrist,2,Develops treatment plans and provides interventions for foot and lower limb disorders
262531,Podiatrist,3,Prescribes and fits orthotic devices to correct foot and lower limb abnormalities
262531,Podiatrist,4,Provides advice and education to patients on foot care and prevention of foot problems
262531,Podiatrist,5,Performs surgical procedures on the foot and lower limb
262531,Podiatrist,6,Prescribes and administers medications and local anaesthetics as required
262531,Podiatrist,7,Refers patients for diagnostic imaging and pathology investigations
262531,Podiatrist,8,Collaborates with other Health Professionals to provide comprehensive care to patients
262531,Podiatrist,9,"Documents treatment plans, including patients' responses to treatment and modifications to treatment"
262631,Speech Pathologist,1,Assesses and administers standardised and informal tests and observes the person to determine the nature and extent of communication disorders or swallowing difficulties
262631,Speech Pathologist,2,"Provides services for the treatment and management of communication difficulties including speaking, listening, understanding language, reading, writing, social skills, stuttering and using voice across the lifespan"
262631,Speech Pathologist,3,"Provides services for the treatment and management of swallowing difficulties to assist with oral eating and drinking, sucking, saliva control, mealtime participation and protecting lungs from food, drink and saliva"
262631,Speech Pathologist,4,"Provides information to other Health Professionals, Early Childhood Educators and teachers"
262631,Speech Pathologist,5,"Provides support and counselling to individuals affected by communication and swallowing difficulties, and to their families and carers"
262631,Speech Pathologist,6,"Reports results of assessments and tests in writing, and makes referrals to Medical Practitioners and other services as required"
262931,Orthotist / Prosthetist,1,"Assesses clients' emotional, psychological, developmental and physical capabilities using clinical observations and standardised tests"
262931,Orthotist / Prosthetist,2,"Administers muscle, nerve, joint and functional ability tests"
262931,Orthotist / Prosthetist,3,"Assesses clients' functional potential in their home, leisure, work and school environments, and recommends appropriate assistive technologies to maximise their performance"
262931,Orthotist / Prosthetist,4,"Develops individual orthotic/prosthetic service plans, considering relevant material science, biomechanics and anatomical factors"
262931,Orthotist / Prosthetist,5,"Prescribes, designs and fits orthoses and prostheses to meet clients' needs, including their functional, emotional, psychological and developmental goals"
262931,Orthotist / Prosthetist,6,"Provides gait training, education and continual monitoring, assessment and evaluation of orthoses and prostheses and treatments"
262931,Orthotist / Prosthetist,7,"Collaborates with other Health Professionals in overall case management, including team consultation as required, about clients' challenges, needs and progress"
262931,Orthotist / Prosthetist,8,Adjusts and modifies orthoses and prostheses to accommodate minor changes to clients' neuromuscular and skeletal systems
262931,Orthotist / Prosthetist,9,"Maintains accurate records of client assessments, device specifications and adjustments"
262932,Osteopath,1,"Diagnoses, manages and treats neuromusculoskeletal disorders through a biopsychosocial approach"
262932,Osteopath,2,"Employs a variety of medical testing procedures, including neuromusculoskeletal, functional and mobility tests, to identify and assess physical problems"
262932,Osteopath,3,"Designs, reviews, monitors, assesses and evaluates treatment plans and programs"
262932,Osteopath,4,"Records patients' medical histories, treatments and management plans, and creates progress reports"
262932,Osteopath,5,Communicates and liaises with other Health Professionals in relation to patients' management and progress
262932,Osteopath,6,"Provides advice and instructions to patients, families and carers in a range of therapeutic management techniques"
263131,Nuclear Medicine Technologist,1,Prepares and administers radiopharmaceuticals or radionuclides to patients for diagnostic and therapeutic purposes
263131,Nuclear Medicine Technologist,2,"Operates and performs quality control on imaging equipment, including positron emission tomograpy/computed tomography (PET/CT), PET/magnetic resonance imaging (PET/MRI), Gamma Cameras, single-photon emission computed tomography/CT (SPECT/CT) cameras and bone density scanners"
263131,Nuclear Medicine Technologist,3,Produces and analyses diagnostic images to identify abnormalities or diseases
263131,Nuclear Medicine Technologist,4,Maintains detailed records of patients' procedures
263131,Nuclear Medicine Technologist,5,"Adheres to safety standards for the appropriate use, storage and disposal of radioactive materials"
263131,Nuclear Medicine Technologist,6,"Provides patient education and instructions regarding imaging procedures and preparations, and provides patients with assistance during procedures"
263132,Radiation Therapist,1,"Administers radiation therapy to patients using complex equipment, according to prescribed treatment plans"
263132,Radiation Therapist,2,"Collaborates with Medical Oncologists and other Health Professionals to develop individual treatment plans that provide the greatest effect on disease, with minimal effect to healthy tissue"
263132,Radiation Therapist,3,Monitors patients closely throughout treatment to ensure comfort and addresses concerns
263132,Radiation Therapist,4,Explains procedures to patients and families about radiation therapy procedures and potential side effects
263132,Radiation Therapist,5,Ensures radiation therapy equipment is properly maintained and calibrated
263132,Radiation Therapist,6,Keeps up to date with advancements in radiation therapy technology and techniques
263133,Radiographer,1,"Operates a variety of imaging equipment such as X-rays, computed tomography (CT) scans, magnetic resonance imaging (MRI) scans, nuclear scans and ultrasound, to produce diagnostic images"
263133,Radiographer,2,Ensures patient safety and comfort during imaging procedures
263133,Radiographer,3,Positions and adjusts patients and selects appropriate image techniques and settings to achieve optimal image quality
263133,Radiographer,4,Evaluates images for technical quality and accuracy
263133,Radiographer,5,Collaborates with Radiologists and other Medical Practitioners to interpret and analyse imaging results
263133,Radiographer,6,Prepares findings for medical practitioners to interpret for medical diagnostic purposes
263231,Dietitian,1,"Assesses the dietary needs of individuals and groups, and develops customised dietary plans"
263231,Dietitian,2,Provides individualised nutrition advice to people with a range of health conditions
263231,Dietitian,3,Explains the relationship between food and health to attain and maintain people's health
263231,Dietitian,4,Plans menu options and manages the preparation of special meals or diets
263231,Dietitian,5,Provides guidance on food selection and preparation to individuals and groups
263231,Dietitian,6,Monitors and evaluates the progress of individuals on dietary plans
263231,Dietitian,7,Maintains accurate and confidential records of people's health when following dietary plans
263231,Dietitian,8,"Provides primary, secondary and tertiary health care in settings that include hospitals and palliative care facilities"
263232,Nutritionist,1,"Plans, implements and evaluates public health nutrition policies, programs and initiatives"
263232,Nutritionist,2,"Assesses the nutritional needs of individuals and groups, and develops customised nutrition plans such as dietary modification and supplementation, to promote health and prevent, or support the remediation of, illness or disease"
263232,Nutritionist,3,Explains the relationship between nutrition and health to attain and maintain people's health
263232,Nutritionist,4,Conducts research on the relationship between nutrition and health
263232,Nutritionist,5,Monitors and evaluates the effectiveness of nutrition plans
263232,Nutritionist,6,Provides guidance on food selection and preparation to individuals and groups
263232,Nutritionist,7,Develops and delivers nutrition education materials and presentations
263232,Nutritionist,8,Provides primary and secondary health care in settings that include community health centres and specialised clinics
263331,Optometrist,1,"Performs eye examinations and vision tests to assess visual acuity, detect abnormalities and diagnose refractive errors"
263331,Optometrist,2,"Evaluates and manages ocular diseases and conditions, such as glaucoma, cataracts and macular degeneration"
263331,Optometrist,3,Prescribes and fits contact lenses and other optical aids to improve vision
263331,Optometrist,4,Provides education to patients on eye health and proper eye care
263331,Optometrist,5,Collaborates with other health care professionals to manage systemic diseases with ocular manifestations
263331,Optometrist,6,"Administers and prescribes therapeutic treatments and medications to treat eye diseases, superficial injuries and conditions"
263331,Optometrist,7,Performs minor surgical procedures such as removing foreign bodies from the eye
263431,Community Pharmacist,1,"Reviews prescriptions and patients' medicine histories to ensure optimal dosage, methods of administration and drug compatibility before dispensing"
263431,Community Pharmacist,2,"Prepares or supervises the preparation and labelling of liquid medicines, topical medicines and other medications to fill prescriptions"
263431,Community Pharmacist,3,"Provides guidance to patients on medications, drug incompatibility, contraindications and lifestyle measures to prevent and assist with management of medication and medical conditions"
263431,Community Pharmacist,4,"Supplies non-prescription medicines, and diagnostic and therapeutic aids"
263431,Community Pharmacist,5,"Maintains records of the supply of prescription medicines, controlled drugs and other restricted substances"
263431,Community Pharmacist,6,"Advises prescribers on therapeutic suitability, drug incompatibility and contraindications of medicines"
263431,Community Pharmacist,7,"Stores and preserves vaccines, serums and other drugs subject to deterioration"
263431,Community Pharmacist,8,"Prescribes and administers medications and treatments within the scope of pharmacy practice compounds, and manufactures medicines when preparations are not available"
263431,Community Pharmacist,9,"Supervises and coordinates the work of pharmacy technicians, pharmacy interns and pharmacy sales assistants"
263432,Hospital Pharmacist,1,"Obtains medication histories, reviews inpatient charts and medication action plans, and administers and prescribes medications to ensure quality use of medicines"
263432,Hospital Pharmacist,2,"Provides medication information to doctors, nurses, allied health professionals, patients and carers"
263432,Hospital Pharmacist,3,Facilitates the safe continuity of medication management and counselling to patients and carers on discharge from hospital
263432,Hospital Pharmacist,4,Performs medication monitoring and adverse drug reaction management
263432,Hospital Pharmacist,5,"Collaborates with Health Professionals to develop medication management plans, including partnered pharmacist medication charting"
263432,Hospital Pharmacist,6,"Maintains records of the supply of prescription medicines, controlled drugs and other restricted substances"
263432,Hospital Pharmacist,7,Supervises and coordinates the work of pharmacy technicians and pharmacy interns
263432,Hospital Pharmacist,8,"Stores and preserves vaccines, serums and other drugs subject to deterioration"
263432,Hospital Pharmacist,9,"Participates in research, education, quality improvement activities, peer review and interdisciplinary ward rounds and meetings"
263432,Hospital Pharmacist,10,May compound and manufacture medicines when preparations are not available
263531,Sonographer,1,"Makes adjustments to patient position, and operates and adjusts ultrasound equipment using appropriate settings to obtain optimal diagnostic images"
263531,Sonographer,2,Analyses images and reports on findings for Medical Practitioners to interpret and provide diagnosis
263531,Sonographer,3,"Explains procedures to patients, answers questions, and ensures safety and comfort throughout the examination"
263531,Sonographer,4,Maintains and calibrates ultrasound equipment to ensure accuracy and quality of images
263531,Sonographer,5,Adheres to safety protocols and infection control measures during ultrasound procedures
263931,Audiologist,1,"Performs a range of assessments to measure hearing, auditory, balance and neural function, and tinnitus"
263931,Audiologist,2,Interprets test results and provides recommendations for treatment and rehabilitation
263931,Audiologist,3,Prescribes and fits devices and aids such as hearing aids and other hearing assistive devices
263931,Audiologist,4,Provides support and guidance to individuals affected by communication difficulties in relation to ear and hearing health
263931,Audiologist,5,Collaborates with other hearing and Health Professionals in the application of implantable devices
263932,Cardiac Physiologist,1,Prepares patients and performs non-invasive cardiac tests and procedures
263932,Cardiac Physiologist,2,Monitors and records cardiac output and blood flow during cardiac catheterisation procedures
263932,Cardiac Physiologist,3,Assists with cardiac procedures such as balloon pump insertion and structural heart procedures
263932,Cardiac Physiologist,4,"Conducts comprehensive ultrasound examinations of the heart to assess overall anatomy and function of cardiac chambers, valves and large vessels"
263932,Cardiac Physiologist,5,"Assists doctors during surgery by programming and testing pacemakers, defibrillators and heart rhythm monitors"
263932,Cardiac Physiologist,6,"Offers technical support, advice, and recommendations to Health Professionals involved in managing cardiac device patients"
263932,Cardiac Physiologist,7,Works with doctors during electrophysiology studies to set up the diagnostic and interventional equipment
263932,Cardiac Physiologist,8,"Measures various heart signals, performs diagnostic protocols and creates maps of the heart to identify arrhythmia"
263932,Cardiac Physiologist,9,Operates equipment required for cryo and radio-frequency ablation
263932,Cardiac Physiologist,10,Provides long-term follow up to ensure optimal performance of cardiac devices
263933,Diabetes Educator,1,Provides advice and education on the management of diabetes and diabetes-related complications
263933,Diabetes Educator,2,"Advises patients on proper use, safety and side effects of diabetes medication"
263933,Diabetes Educator,3,Educates patients on blood glucose monitoring
263933,Diabetes Educator,4,Provides lifestyle and dietary modification advice to help support diabetes management
263933,Diabetes Educator,5,Works collaboratively with other Health Professionals to implement strategies to prevent negative outcomes from diabetes
263934,Neurophysiology Scientist,1,Undertakes neurophysiological tests for the diagnosis and treatment of neurological disorders
263934,Neurophysiology Scientist,2,Interprets neurological referrals and tailors the procedure accordingly
263934,Neurophysiology Scientist,3,Collaborates with other medical and Health Professionals in the provision of neurological diagnostic services
263934,Neurophysiology Scientist,4,Maintains accurate and detailed records of procedures and test results for neurological patients
263935,Orthoptist,1,"Assesses visual function, binocular vision and eye alignment"
263935,Orthoptist,2,Interprets diagnostic testing of visual function and detects eye disease
263935,Orthoptist,3,"Diagnoses eye movement and binocular vision disorders related to childhood strabismus or acquired through stroke, traumatic brain injury or other causes"
263935,Orthoptist,4,Prescribes and provides orthoptic therapy and other non-surgical management for those with eye movement disorders
263935,Orthoptist,5,Prescribes glasses and low vision aids
263935,Orthoptist,6,"Provides visual rehabilitation for patients with low vision, including education and support with orthoptic and ophthalmic conditions"
263935,Orthoptist,7,"Provides pre-, peri- and post-operative care for ophthalmic patients, including assisting in ophthalmic surgery and minor procedures"
263935,Orthoptist,8,Works collaboratively with Ophthalmologists to manage eye disease
263935,Orthoptist,9,Coordinates and implements vision screening programs
263936,Respiratory or Sleep Scientist,1,"Performs routine and complex lung function tests, and overnight sleep studies and daytime tests to assess respiratory or sleep disorders"
263936,Respiratory or Sleep Scientist,2,Interprets and analyses respiratory function and sleep test data to provide accurate and timely reports
263936,Respiratory or Sleep Scientist,3,Collaborates with other medical professionals to develop treatment plans based on test results
263936,Respiratory or Sleep Scientist,4,Measures and evaluates the effectiveness of therapeutic interventions
263936,Respiratory or Sleep Scientist,5,"Calibrates and prepares equipment used in the performance of respiratory function and sleep tests, and maintains equipment to optimum hygiene standards"
263936,Respiratory or Sleep Scientist,6,May assist in the development and implementation of respiratory and sleep research projects
264131,Anaesthetist,1,Performs pre-operative examinations of patients to determine appropriate anaesthetic and sedation in concurrence with Physicians and Surgeons
264131,Anaesthetist,2,"Discusses the anaesthetic process and risks with patients, and obtains their informed consent prior to surgery"
264131,Anaesthetist,3,"Administers local, regional and general anaesthetics using a variety of methods such as inhalational and intravenous administration, and utilises diverse airway management techniques"
264131,Anaesthetist,4,Monitors patients throughout surgical procedures and in immediate post-operative procedures
264131,Anaesthetist,5,"Records details of anaesthetic and sedation administered, and the condition of patients before, during and after anaesthesia"
264131,Anaesthetist,6,Assists in acute pain management of patients
264131,Anaesthetist,7,Liaises with other Health Professionals to provide diagnosis and treatment for patients with chronic pain
264131,Anaesthetist,8,Examines and treats patients requiring intensive care or resuscitation
264131,Anaesthetist,9,Consults with other Health Professionals to optimise patient care and safety
264131,Anaesthetist,10,"May instruct medical, nursing, student and multidisciplinary staff on the signs, symptoms and diagnosis of allergic and anaphylactic reactions to anaesthetic agents, and supervision and treatment of life threatening emergencies"
264231,General Practitioner,1,"Consults with, and conducts examinations on, patients to determine the nature of disorders and illnesses, and maintains patient records"
264231,General Practitioner,2,"Creates patient-centric care plans as part of a treatment team, and refers patients to and exchanges medical information with, other Health Professionals"
264231,General Practitioner,3,"Requests laboratory tests, X-rays and other diagnostic procedures, and interprets findings to assist diagnosis"
264231,General Practitioner,4,"Provides overall care for patients, and prescribes and administers treatments, medications and other remedial measures"
264231,General Practitioner,5,Monitors patient progress and response to treatment
264231,General Practitioner,6,Performs medical and minor surgical procedures
264331,General Medicine Physician,1,"Undertakes comprehensive systematic assessment of patients' problems and needs, both biomedical and psychosocial"
264331,General Medicine Physician,2,"Requests laboratory tests, imaging and other diagnostic procedures, and interprets findings to assist diagnosis"
264331,General Medicine Physician,3,"Assesses functional, psychological and comorbidity factors to make informed diagnoses"
264331,General Medicine Physician,4,Creates management plans that recognise treatment interactions with multisystem diseases and comorbidities
264331,General Medicine Physician,5,Prescribes medication and treatment for adult patients
264331,General Medicine Physician,6,"Manages complex, chronic and multisystem disorders in adult patients"
264331,General Medicine Physician,7,Undertakes expert diagnostics to assess and diagnose clinical problems in their entirety
264331,General Medicine Physician,8,Provides and coordinates integrated patient care with the assistance of multidisciplinary teams to optimise health outcomes
264332,Cardiologist,1,Consults and conducts assessments of patients to inform the management of both acute and chronic cardiovascular disease
264332,Cardiologist,2,"Requests laboratory tests, electrocardiograms, imaging, cardiac biopsies and other diagnostic procedures, and interprets findings to assist diagnosis"
264332,Cardiologist,3,"Performs diagnostic and therapeutic procedures, such as cardiac stress tests, cardiovascular surgery, angioplasty, heart catheterisations and inserting pacemakers"
264332,Cardiologist,4,Prescribes medication and administers treatment as primary and secondary prevention strategies in cardiovascular disease
264332,Cardiologist,5,Liaises and consults with a multidisciplinary team for optimised treatment of heart conditions
264333,Endocrinologist,1,Consults and conducts assessments on patients' endocrine health
264333,Endocrinologist,2,"Requests laboratory tests, imaging and other diagnostic procedures, and interprets findings to assist diagnosis of glandular and hormonal conditions"
264333,Endocrinologist,3,"Advises on nutrition, exercise and other lifestyle habits that promote and improve good health, with the aim to prevent and treat diseases and conditions"
264333,Endocrinologist,4,Tests for and manages endocrine emergencies
264333,Endocrinologist,5,"Assesses, diagnoses and manages hormonal and glandular complications caused by chronic and acute conditions"
264333,Endocrinologist,6,Prescribes medication and treatments for glandular and hormonal conditions
264333,Endocrinologist,7,Liaises and consults with a multidisciplinary team for optimised treatment
264334,Gastroenterologist,1,Conducts gastrointestinal health assessments on patients
264334,Gastroenterologist,2,"Requests laboratory tests, imaging, biopsies and other diagnostic procedures, and interprets findings to assist diagnosis of digestive disorders"
264334,Gastroenterologist,3,Prescribes medication and administers treatment for patients with gastrointestinal issues
264334,Gastroenterologist,4,Liaises and consults with a multidisciplinary team for optimised patient care
264334,Gastroenterologist,5,Manages and monitors gastroenterology and hepatology complications in critically ill and perioperative patients
264334,Gastroenterologist,6,Provides diagnostic and therapeutic gastrointestinal endoscopy services
264335,Geriatrician,1,Conducts and performs thorough assessments of older patients in partnership with their support workers and relatives
264335,Geriatrician,2,"Requests laboratory tests, imaging and other diagnostic procedures, and interprets findings to assist diagnosis"
264335,Geriatrician,3,Manages and monitors older patients' ongoing chronic conditions to ensure quality of life
264335,Geriatrician,4,Provides acute medical care to older patients
264335,Geriatrician,5,Works to reduce the incidence of post-acute syndrome and functional decline associated with hospitalisation
264335,Geriatrician,6,Manages geriatric syndromes and disorders characterised by the combination of age-related changes
264335,Geriatrician,7,Manages acute and long-term neurodegenerative disorders and stroke
264335,Geriatrician,8,Coordinates and manages the rehabilitation of older people who have suffered a functional decline
264335,Geriatrician,9,Provides specialist care to older people with complex or multifactorial problems in community settings
264336,Haematologist,1,Consults with patients to determine the nature of haematological disorders and illnesses
264336,Haematologist,2,"Requests laboratory tests and other diagnostic procedures, and interprets findings to assist in the diagnosis of haematological disorders"
264336,Haematologist,3,Prescribes and administers medication to treat haematological disorders
264336,Haematologist,4,Obtains and tests samples such as bone marrow and stem cells for diagnostic and treatment purposes
264336,Haematologist,5,"Coordinates the care of patients with haematological disorders, including multidisciplinary coordination and consultation with other specialities"
264337,Intensive Care Specialist,1,"Examines and manages critically ill patients with life-threatening organ system failure, those at risk of clinical deterioration, as well as those requiring resuscitation"
264337,Intensive Care Specialist,2,"Manages patients in an intensive care or high dependency unit, and maintains precise patient records"
264337,Intensive Care Specialist,3,"Monitors and adjusts ventilation settings for patients on life support, and prescribes and administers medications and treatments"
264337,Intensive Care Specialist,4,"Requests laboratory tests and diagnostic procedures, and analyses results with other medical information to make diagnoses"
264337,Intensive Care Specialist,5,Oversees end-of-life care and the diagnosis of brain death
264338,Medical Oncologist,1,"Assesses patients to determine the possible presence, nature and extent of cancer"
264338,Medical Oncologist,2,Analyses test results and other medical information to make cancer diagnoses
264338,Medical Oncologist,3,"Prescribes, administers and understands the pharmacology of antineoplastic drugs, including cytotoxic drugs, hormonal therapies, molecular targeted agents and biological agents"
264338,Medical Oncologist,4,Prevents and treats complications caused by cancer and its treatment
264338,Medical Oncologist,5,"Provides supportive management of cancer patients, including symptom palliation and rehabilitation, with particular emphasis on psychological and social support"
264338,Medical Oncologist,6,Consults with a multidisciplinary team to manage and treat cancer
264338,Medical Oncologist,7,"Assesses primary, secondary and tertiary preventive measures to prevent cancer development"
264338,Medical Oncologist,8,Discusses treatment options and prognoses and formulates treatment management plans with patients regarding the role of radiation therapy and chemotherapy in the management of cancer
264338,Medical Oncologist,9,Implements palliative and end-of-life care
264341,Nephrologist,1,"Assesses, diagnoses and manages patients presenting with suspected disorders of the kidney and urinary tract"
264341,Nephrologist,2,"Requests and interprets laboratory tests, imaging, kidney function tests and other diagnostic procedures"
264341,Nephrologist,3,Prescribes medication and administers treatment based on kidney function
264341,Nephrologist,4,Liaises and consults with a multidisciplinary team for optimised renal treatment
264341,Nephrologist,5,Organises dialysis and monitors patients' conditions by assessing water weight and filtration rate
264341,Nephrologist,6,Provides ongoing support in treating acute and chronic renal diseases
264341,Nephrologist,7,"Performs procedures associated with the diagnosis and treatment of kidney disease, including renal biopsy and those associated with achieving or maintaining access for renal dialysis"
264341,Nephrologist,8,"Oversees the administration of renal replacement therapies, which include both haemodialysis and peritoneal dialysis treatments for kidney health, as well as the coordination of kidney transplants"
264342,Neurologist,1,"Assesses, diagnoses and manages patients presenting with neurological issues"
264342,Neurologist,2,Performs various examination techniques to assess patients presenting with neurological issues
264342,Neurologist,3,"Requests appropriate laboratory tests, neuroimaging techniques and other diagnostic procedures, and interprets results of tests"
264342,Neurologist,4,Interprets the results of neuropathology investigations
264342,Neurologist,5,Selects and prescribes appropriate medications in the management of neurological diseases
264342,Neurologist,6,Liaises and consults with a multidisciplinary team for optimised neurological treatment
264342,Neurologist,7,"Provides prognoses in untreatable neurological conditions, and provides support to family and patients to manage end-of-life care"
264343,Paediatrician,1,"Assesses, diagnoses and treats neonates, infants, children and adolescents"
264343,Paediatrician,2,"Requests laboratory tests, imaging and other diagnostic procedures, and interprets findings to assist diagnosis"
264343,Paediatrician,3,"Prescribes medications and administers treatment based on age, weight and pharmacokinetics of the patient"
264343,Paediatrician,4,Liaises and consults with a multidisciplinary team for optimised treatment
264343,Paediatrician,5,"Provides guidance and education to children and their families regarding medical procedures, conditions and treatment options"
264343,Paediatrician,6,"Assesses, investigates and manages paediatric care in neonatal and perinatal settings"
264343,Paediatrician,7,Performs procedures in advanced paediatric life support
264344,Public Health Physician,1,Assesses and responds rapidly to urgent and evolving public health issues
264344,Public Health Physician,2,"Leads teams, public health responses, programs, projects and organisations designed to address health inequity and population health outcomes"
264344,Public Health Physician,3,"Collects, analyses and applies data related to public health issues, and researches possible causes and links to other health determinants operating at the community level"
264344,Public Health Physician,4,Develops strategies to assist the implementation of programs that will prevent disease or promote health in the community
264344,Public Health Physician,5,Advises senior public health officials about legislation and other strategies to improve the health and wellbeing of communities
264344,Public Health Physician,6,Designs and evaluates disease screening programs and disease and hazard surveillance systems
264344,Public Health Physician,7,"Evaluates health services and public health programs, health technologies and interventions"
264344,Public Health Physician,8,Advises and manages the public health management of environmental health risks
264344,Public Health Physician,9,Informs the management of public health emergencies and infectious disease outbreaks and control measures
264344,Public Health Physician,10,May advise and work in partnership on the public health issues affecting Aboriginal and Torres Strait Islander peoples
264345,Respiratory Physician,1,Consults and conducts respiratory examinations on patients to form a comprehensive medical assessment
264345,Respiratory Physician,2,"Requests laboratory tests, imaging, respiratory function tests and other diagnostic procedures"
264345,Respiratory Physician,3,Diagnoses patients by analysing test results and evaluating other health information related to respiratory conditions
264345,Respiratory Physician,4,Performs or supervises pleural procedures and bronchoscopy
264345,Respiratory Physician,5,"Prescribes and manages medications and non-pharmacological treatments, including oxygen therapy and non-invasive ventilation"
264345,Respiratory Physician,6,Liaises and consults with a multidisciplinary team for optimised treatment of respiratory conditions
264345,Respiratory Physician,7,Provides ongoing support in treating acute and chronic respiratory conditions
264345,Respiratory Physician,8,Develops management plans for the prevention and treatment of both acute and long-term respiratory conditions
264345,Respiratory Physician,9,"May oversee respiratory function and sleep scientists and laboratories, and interpret results of respiratory function and sleep tests"
264346,Rheumatologist,1,Obtains a medical history to diagnose and manage patients with suspected or established rheumatic disorders
264346,Rheumatologist,2,Examines the musculoskeletal and other systems to diagnose and manage patients with suspected or established rheumatic disorders
264346,Rheumatologist,3,Orders and interprets investigations to diagnose and manage patients with suspected or established rheumatic disorders
264346,Rheumatologist,4,Prescribes and monitors pharmacological therapeutics in patients with rheumatic disorders
264346,Rheumatologist,5,"Uses core rheumatologic procedures, such as joint aspiration and injection, and synovial biopsy, in the management of patients with rheumatic disorders"
264346,Rheumatologist,6,Uses and monitors non-pharmacological and non-surgical interventions in patients with rheumatic disorders
264346,Rheumatologist,7,Collaborates with multidisciplinary team members and other medical services to manage patients with rheumatic disorders
264346,Rheumatologist,8,Conducts research to enhance the discovery and implementation of optimal treatments for rheumatic disorders
264431,Psychiatrist,1,"Conducts psychiatric assessments and diagnoses mental, emotional and behavioural conditions"
264431,Psychiatrist,2,"Prescribes and monitors medication, and develops treatment plans for patients, including therapies and rehabilitation programs"
264431,Psychiatrist,3,Collaborates with other Health Professionals to provide comprehensive patient care
264431,Psychiatrist,4,"Determines the need for involuntary treatment, and handles emergency crisis intervention and hospital admissions"
264431,Psychiatrist,5,"Assists in managing patients in legal and forensic settings by providing expert opinion to the community, government and courts"
264431,Psychiatrist,6,May provide psychotherapy and counselling to individuals or in group sessions
264531,Resident Medical Officer,1,Assists in the diagnosis and treatment of human physical and mental disorders and injuries
264531,Resident Medical Officer,2,"Obtains patients' medical histories, and conducts physical examinations and medical assessments of patients"
264531,Resident Medical Officer,3,Orders and interprets diagnostic tests and investigations for disorders and injuries
264531,Resident Medical Officer,4,"Monitors patients' progress and response to treatment, documents patient records, and coordinates hospital admissions and discharge planning"
264631,General Surgeon,1,Consults with patients to obtain comprehensive medical histories
264631,General Surgeon,2,"Examines and evaluates patients to determine if surgical treatment of illnesses, conditions and injuries are required, and explains risks to patients"
264631,General Surgeon,3,"Requests laboratory tests, X-rays and other diagnostic procedures, and interprets findings"
264631,General Surgeon,4,Performs surgery and procedures in operating theatres and treatment rooms
264631,General Surgeon,5,Prescribes post-operative care and observes patient progress
264631,General Surgeon,6,Provides specialist advice to generalist Medical Practitioners or other specialists
264631,General Surgeon,7,Prescribes medication and recommends preventative action to treat illness or injuries
264631,General Surgeon,8,Maintains patient records
264632,Cardiothoracic Surgeon,1,Assesses patients' medical conditions and determines the need for cardiothoracic surgery
264632,Cardiothoracic Surgeon,2,"Utilises diagnostic tools such as imaging tests, electrocardiograms and blood tests to assess patients' conditions and determine appropriate treatment plans"
264632,Cardiothoracic Surgeon,3,"Performs surgical procedures on the heart and lungs, including bypass surgery, valve repair or replacement, and oesophagus, trachea and lung transplantation"
264632,Cardiothoracic Surgeon,4,"Advises and counsels patients and families about patients' conditions, treatment options and recovery"
264633,Neurosurgeon,1,Assesses patients' medical history and performs physical examinations to diagnose neurological disorders
264633,Neurosurgeon,2,Performs surgical procedures such as brain surgery and spinal surgery to correct neurological disorders
264633,Neurosurgeon,3,"Prescribes treatments and medications following diagnosis of neurological diseases, illness or injuries"
264633,Neurosurgeon,4,"Collaborates with other medical professionals such as Neurologists, therapists and rehabilitation experts"
264634,Orthopaedic Surgeon,1,Consults with patients to diagnose orthopaedic conditions and determines the need for surgical intervention
264634,Orthopaedic Surgeon,2,Performs surgical procedures to treat musculoskeletal diseases and injuries
264634,Orthopaedic Surgeon,3,"Orders and interprets diagnostic tests, such as X-rays and magnetic resonance imaging (MRI) scans, to aid in diagnosis and treatment planning for muscular and skeletal diseases"
264634,Orthopaedic Surgeon,4,Prescribes treatments and medications following diagnosis of orthopaedic diseases or injuries
264635,Otolaryngologist,1,Examines patients and interprets diagnostic test and medical histories to determine the best surgical treatment
264635,Otolaryngologist,2,"Diagnoses and treats diseases and disorders of the ear, nose and throat"
264635,Otolaryngologist,3,"Performs surgical procedures to correct ear, nose and throat conditions"
264635,Otolaryngologist,4,"Prescribes non-surgical treatments, medications and preventative advice for ear, nose and throat conditions"
264636,Paediatric Surgeon,1,"Examines babies, children and adolescents to determine medical conditions, reviews referrals, and reports on patients' physical conditions and medical histories"
264636,Paediatric Surgeon,2,"Determines the need for operations, explaining risks to families, and selecting the best operational procedures"
264636,Paediatric Surgeon,3,"Requests and interprets diagnostic tests, and prescribes treatments and medications"
264636,Paediatric Surgeon,4,"Performs surgical operations, procedures and transplants, prescribes post-operative care, and observes patients' progress"
264636,Paediatric Surgeon,5,"Instructs other medical, nursing and associated staff regarding the preparation of patients, and instrument and equipment requirements"
264637,Plastic and Reconstructive Surgeon,1,Examines patients' conditions and determines surgical needs
264637,Plastic and Reconstructive Surgeon,2,"Performs reconstructive surgery for congenital deformities, and muscle and tissue injuries"
264637,Plastic and Reconstructive Surgeon,3,Performs cosmetic surgery and procedures for aesthetic enhancement
264637,Plastic and Reconstructive Surgeon,4,May perform gender affirming surgery
264638,Urologist,1,"Diagnoses patients with kidney, urinary tract, bladder, urethra and male reproductive system disorders"
264638,Urologist,2,Performs surgical procedures and non-surgical treatments for urological conditions
264638,Urologist,3,Conducts physical examinations and diagnostic tests to assess patients' urological health
264638,Urologist,4,"Provides guidance, support and education to patients regarding urological conditions and treatment options"
264638,Urologist,5,"Provides post-operative care, and monitors and evaluates the progress of patients undergoing urological treatment"
264638,Urologist,6,Collaborates with other Health Professionals to develop comprehensive treatment plans for patients
264641,Vascular Surgeon,1,"Assesses patients to determine the nature of diseases and problems within the vascular system, and diagnose vascular conditions"
264641,Vascular Surgeon,2,Requests laboratory and diagnostic tests to diagnose the extent of the vascular disease
264641,Vascular Surgeon,3,"Performs surgical procedures to repair or remove blockages in arteries and veins, such as angioplasty, bypass surgery and endarterectomy"
264641,Vascular Surgeon,4,Performs non-invasive procedures such as cosmetic treatment of veins
264931,Dermatologist,1,Examines patients to diagnose and treat skin disorders
264931,Dermatologist,2,Prescribes and administers medications to treat and prevent skin conditions
264931,Dermatologist,3,"Reviews referrals and reports on patients' general physical condition, reactions to medications, and medical histories"
264931,Dermatologist,4,"Performs surgical procedures such as biopsies, removal of lesions, and laser or light therapy"
264931,Dermatologist,5,Provides advice and education to patients regarding skin care and managing conditions
264931,Dermatologist,6,"Provides specialist advice to other Medical Practitioners or specialists, and refers patients where necessary"
264932,Emergency Medicine Specialist,1,Examines and assesses patients with acute and urgent illness or injury
264932,Emergency Medicine Specialist,2,"Requests laboratory tests, X-rays and other diagnostic procedures, and interprets the results"
264932,Emergency Medicine Specialist,3,"Provides safe and immediate care to resuscitate and stabilise patients, and manage their conditions"
264932,Emergency Medicine Specialist,4,Performs various life-saving procedures in operating and procedure rooms
264932,Emergency Medicine Specialist,5,"Refers patients to, and exchanges medical information with, relevant Medical Practitioners"
264932,Emergency Medicine Specialist,6,"Monitors patients' progress and response to treatment, and documents patient records"
264932,Emergency Medicine Specialist,7,May participate in emergency responses and disaster management activities
264933,Obstetrician and Gynaecologist,1,"Provides prenatal care and monitors the health of pregnant women and their babies throughout pregnancy, labour and delivery"
264933,Obstetrician and Gynaecologist,2,"Diagnoses and treats medical conditions and disorders related to pregnancy, childbirth and the female reproductive system"
264933,Obstetrician and Gynaecologist,3,Performs surgical procedures related to the female reproductive system and provides post-operative care
264933,Obstetrician and Gynaecologist,4,Performs diagnostic tests and conducts periodic examinations to detect and prevent gynaecological disorders
264933,Obstetrician and Gynaecologist,5,"Interprets medical imaging results of female pelvic organs, and of pregnant women and their babies"
264933,Obstetrician and Gynaecologist,6,Provides guidance to patients on family planning and reproductive issues
264934,Ophthalmologist,1,"Conducts comprehensive eye examinations to assess eye health, and diagnose and treat eye conditions"
264934,Ophthalmologist,2,Prescribes and administers medications and treatment for eye diseases and injuries
264934,Ophthalmologist,3,Performs surgical procedures on the eye such as cataract removal or laser eye surgery
264934,Ophthalmologist,4,Orders and interprets diagnostic tests and collaborates with other Health Professionals to manage patients' overall health
264934,Ophthalmologist,5,Prescribes and fits corrective lenses such as glasses or contact lenses
264935,Pathologist,1,"Analyses specimens of tissues, blood and other body fluids to diagnose diseases and conditions, and advises on treatment options"
264935,Pathologist,2,"Collaborates with other Health Professionals to interpret test results and develop treatment plans, and monitors patient progress"
264935,Pathologist,3,Performs autopsies to determine the cause of death and provide information for legal and medical purposes
264935,Pathologist,4,"Advises clinicians on appropriate tests for the investigation of clinical problems, and provides clinical guidance to other Health Professionals"
264936,Radiation Oncologist,1,Examines patients to determine the nature and extent of disease after referral from general medical practitioners and other medical specialists
264936,Radiation Oncologist,2,Provides patient-centred plans and prescribes radiation to treat cancer
264936,Radiation Oncologist,3,Oversees radiation treatment and assesses treatment progress
264936,Radiation Oncologist,4,Manages side effects and symptoms of radiation
264936,Radiation Oncologist,5,Participates in multidisciplinary team meetings to develop treatment plans for complex cases
264937,Radiologist,1,"Performs and interprets diagnostic imaging to identify, monitor and treat diseases, illnesses, injuries and disorders"
264937,Radiologist,2,"Prepares comprehensive reports, documenting medical image analyses and diagnoses"
264937,Radiologist,3,Consults with referring physicians and other health practitioners to discuss patient diagnoses and treatment plans
264937,Radiologist,4,Monitors patients during and after medical imaging procedures to ensure their safety and comfort
264937,Radiologist,5,Supervises and directs medical imaging and radiology technologists to ensure medical imaging is performed correctly and safely
264937,Radiologist,6,Performs minimally invasive procedures such as biopsies and stent placements
265131,Midwife,1,"Provides antenatal care to pregnant women, including physical examinations, monitoring of foetal development, and providing advice on nutrition and exercise"
265131,Midwife,2,"Assists women during labour and childbirth, monitoring the progress of labour, and providing pain relief measures and medical interventions"
265131,Midwife,3,"Provides postnatal care to women and newborns, including monitoring their health, providing lactation support and assisting with newborn care"
265131,Midwife,4,"Educates and advises women and their families on pregnancy, childbirth and newborn care, promoting informed decision-making"
265131,Midwife,5,"Identifies complications, and refers and collaborates with other Health Professionals to ensure comprehensive care for women and babies"
265231,Nurse Educator,1,Plans and organises the delivery of nursing education programs for nursing students
265231,Nurse Educator,2,"Implements nursing education programs, including developing curriculum, teaching materials and assessment tools"
265231,Nurse Educator,3,Designs nursing education programs based on the needs of the target audience
265231,Nurse Educator,4,Evaluates the effectiveness of nursing education programs and makes improvements as required
265231,Nurse Educator,5,"Manages educational resources, including budgeting, procurement and maintenance of equipment and materials"
265231,Nurse Educator,6,May focus on general nursing topics or specialise in a particular area of nursing
265232,Nurse Researcher,1,Designs and conducts research projects in nursing and related disciplines
265232,Nurse Researcher,2,Evaluates the effectiveness and impact of nursing research projects
265232,Nurse Researcher,3,Develops research protocols and methodologies for nursing research studies
265232,Nurse Researcher,4,Collects and analyses data from research studies
265232,Nurse Researcher,5,Disseminates nursing research findings through publications and presentations
265232,Nurse Researcher,6,Promotes the integration of research findings into clinical nursing practice
265232,Nurse Researcher,7,Provides guidance and support to nurses in implementing evidence-based practice
265331,Nursing / Midwifery Unit Manager,1,"Determines objectives, strategies, policies and programs for the unit or health care facility, ensuring compliance with relevant regulations"
265331,Nursing / Midwifery Unit Manager,2,"Provides management, education and training to staff, implementing advancements in nursing/midwifery practices"
265331,Nursing / Midwifery Unit Manager,3,Manages financial resources for the unit or facility and the provision of cost-effective nursing/midwifery care
265331,Nursing / Midwifery Unit Manager,4,Monitors and evaluates the quality and clinical standards of nursing/midwifery care
265331,Nursing / Midwifery Unit Manager,5,Collaborates with other Health Professionals to ensure coordinated patient care
265331,Nursing / Midwifery Unit Manager,6,Recruits and rosters staff to meet the needs of the unit or health care facility
265431,Nurse Practitioner,1,Assesses and diagnoses people's health conditions and needs
265431,Nurse Practitioner,2,Orders and interprets diagnostic tests and investigations
265431,Nurse Practitioner,3,"Prescribes and administers medications and treatments independently, within the scope of nursing practice"
265431,Nurse Practitioner,4,Develops and implements patient care plans and management strategies
265431,Nurse Practitioner,5,"Provides education and guidance to people and their families on health promotion, disease prevention and self-care"
265431,Nurse Practitioner,6,Refers patients to specialist Medical Practitioners and other Health Professionals for further assessment and treatment
265431,Nurse Practitioner,7,Evaluates and monitors peoples' responses to treatments and interventions
265431,Nurse Practitioner,8,Maintains accurate and up-to-date patient records and documentation
265432,Registered Nurse (Acute Care),1,Develops and implements nursing care plans to provide direct clinical care in a hospital setting
265432,Registered Nurse (Acute Care),2,"Assesses and monitors the condition of people, and prepares people for surgery or treatment"
265432,Registered Nurse (Acute Care),3,Administers and monitors medication and fluids
265432,Registered Nurse (Acute Care),4,"Assists with diagnostic tests and procedures, as well as interpreting test results and reports"
265432,Registered Nurse (Acute Care),5,Provides emotional support and comfort to people and their families
265432,Registered Nurse (Acute Care),6,Educates people and their families about health conditions and treatment options
265432,Registered Nurse (Acute Care),7,"Maintains accurate and up-to-date records of patient information, including vital signs, medications and treatments"
265432,Registered Nurse (Acute Care),8,"Responds to emergency situations, and provides immediate care and interventions"
265432,Registered Nurse (Acute Care),9,May operate and monitor specialised medical equipment such as ventilators and cardiac monitors
265433,Registered Nurse (Aged Care),1,Assesses the health needs of elderly patients and develops individualised care plans
265433,Registered Nurse (Aged Care),2,Administers medications and treatments as prescribed by health care professionals
265433,Registered Nurse (Aged Care),3,Monitors and records vital signs such as blood pressure and heart rate
265433,Registered Nurse (Aged Care),4,"Assists elderly patients with activities of daily living, such as bathing, dressing and eating"
265433,Registered Nurse (Aged Care),5,Provides emotional support and companionship to elderly patients
265433,Registered Nurse (Aged Care),6,Collaborates with other Health Professionals to coordinate and manage patient care
265433,Registered Nurse (Aged Care),7,Educates elderly patients and their families on health promotion and disease prevention
265433,Registered Nurse (Aged Care),8,Performs wound care and dressing changes
265433,Registered Nurse (Aged Care),9,Assists in the management of chronic conditions such as diabetes and hypertension
265433,Registered Nurse (Aged Care),10,Responds to emergencies and provides immediate medical assistance when necessary
265434,Registered Nurse (Mental Health),1,Assesses and monitors the mental health status of people
265434,Registered Nurse (Mental Health),2,Develops and implements individualised care plans for people with mental health issues
265434,Registered Nurse (Mental Health),3,Administers medications and treatments as prescribed by health care professionals
265434,Registered Nurse (Mental Health),4,Provides emotional support to people and their families
265434,Registered Nurse (Mental Health),5,Assists people in developing coping skills and managing their mental health conditions
265434,Registered Nurse (Mental Health),6,Educates people and their families about mental health conditions and treatment options
265434,Registered Nurse (Mental Health),7,Evaluates the effectiveness of interventions and adjusts care plans accordingly
265434,Registered Nurse (Mental Health),8,Documents patient information and maintains accurate medical records
265435,Registered Nurse (Primary Health Care),1,"Assesses the health needs of individuals, families and groups in the wider community"
265435,Registered Nurse (Primary Health Care),2,Develops and implements nursing care plans based on individual needs and health goals
265435,Registered Nurse (Primary Health Care),3,"Provides health guidance and education to individuals, families and groups"
265435,Registered Nurse (Primary Health Care),4,Conducts health screenings and assessments to identify potential health issues
265435,Registered Nurse (Primary Health Care),5,Administers medications and treatments as prescribed
265435,Registered Nurse (Primary Health Care),6,"Monitors and evaluates patient progress, and adjusts care plans as needed"
265435,Registered Nurse (Primary Health Care),7,Maintains accurate and up-to-date patient records and documentation
265435,Registered Nurse (Primary Health Care),8,May provide acute care outside of a hospital setting
269131,Dental Hygienist,1,"Assesses, diagnoses, treats, manages and records patients' oral health status"
269131,Dental Hygienist,2,Performs dental cleaning to remove plaque and calculus from teeth
269131,Dental Hygienist,3,Applies fluoride treatments and dental sealants
269131,Dental Hygienist,4,Takes dental radiographs (X-rays) to assist in diagnosis
269131,Dental Hygienist,5,Provides oral hygiene instructions and education to patients
269131,Dental Hygienist,6,Performs non-surgical periodontal therapy (scaling and root planing) to treat gum disease
269131,Dental Hygienist,7,Collaborates with other dental practitioners to ensure optimal patient care
269132,Dental Prosthetist,1,"Assesses, treats and provides removable dentures and dental appliances to patients"
269132,Dental Prosthetist,2,Consults with patients to determine their dental prosthetic needs
269132,Dental Prosthetist,3,"Designs, constructs, fits, adjusts and repairs dentures and mouthguards according to patient specifications"
269132,Dental Prosthetist,4,"Takes impressions and records of mouths for the manufacture of splints, stents, sleep apnoea or anti-snoring devices, and immediate dentures"
269132,Dental Prosthetist,5,Provides advice and education on proper care and maintenance of dentures and mouthguards
269132,Dental Prosthetist,6,Collaborates with other dental practitioners to ensure optimal patient care
269133,Oral Health Therapist or Dental Therapist,1,"Assesses, diagnoses, treats, manages and prevents oral health disease for patients of all ages"
269133,Oral Health Therapist or Dental Therapist,2,"Provides preventive dental care including oral hygiene instruction, fluoride treatments and sealant application"
269133,Oral Health Therapist or Dental Therapist,3,Performs non-surgical treatment of gum diseases
269133,Oral Health Therapist or Dental Therapist,4,Supports orthodontic procedures
269133,Oral Health Therapist or Dental Therapist,5,Performs routine dental procedures such as cleaning and polishing teeth
269133,Oral Health Therapist or Dental Therapist,6,Provides education and information to promote positive oral health
269133,Oral Health Therapist or Dental Therapist,7,Takes dental radiographs (X-rays) and interprets the results
269133,Oral Health Therapist or Dental Therapist,8,Provides restorative dental care including fillings and children's crowns
269133,Oral Health Therapist or Dental Therapist,9,Collaborates with other dental practitioners to ensure optimal patient care
269231,Dental Specialist,1,"Examines patients' teeth, gums and related facial structures to diagnose and treat complex dental conditions caused by injuries, decay or malformations of the teeth and mouth"
269231,Dental Specialist,2,Performs and interprets dental radiographs (X-rays) and other diagnostic tests
269231,Dental Specialist,3,Prescribes medications and administers anaesthesia to patients as necessary
269231,Dental Specialist,4,"Collaborates with other dental professionals to develop treatment plans, explain them to patients, and monitor progress"
269231,Dental Specialist,5,"May surgically remove teeth or tumours, and perform restorative and cosmetic oral and maxillofacial surgery on patients"
269231,Dental Specialist,6,May use specialised techniques to make dental prostheses and orthodontic devices for aesthetic and functional correction
269232,Dentist,1,"Examines patients' teeth and mouths to diagnose and treat dental diseases, injuries or decay"
269232,Dentist,2,"Performs routine dental surgeries and other procedures, such as fillings and crowns, to treat dental conditions"
269232,Dentist,3,Restores and replaces missing or damaged teeth
269232,Dentist,4,Performs cosmetic dental procedures to improve the appearance of patients' teeth
269232,Dentist,5,Prescribes medications and administers local anaesthesia to patients as necessary
269232,Dentist,6,Educates patients on proper oral hygiene and preventive dental care
269232,Dentist,7,Refers patients with complex issues to Dental Specialists for specialised treatment
269232,Dentist,8,May conduct surgical procedures such as tooth extractions or root canals
269331,Environmental Health Officer,1,"Develops, implements and reviews environmental health management plans"
269331,Environmental Health Officer,2,"Prepares and implements plans and strategies for the safe, economic and suitable disposal of commercial, industrial, medical and household wastes"
269331,Environmental Health Officer,3,Advises on and enforces environmental health legislation
269331,Environmental Health Officer,4,"Implements prevention programs and strategies for communicable diseases, food safety, wastewater treatment and disposal systems, recreation and domestic water quality, and any contaminated or hazardous substances"
269331,Environmental Health Officer,5,Conducts inspections and investigations for legislative compliance with environmental health standards
269331,Environmental Health Officer,6,Provides advice on environmental health issues
269332,Health Promotion Officer,1,Develops communication objectives in relation to health issues
269332,Health Promotion Officer,2,Identifies the audience most at need or at risk and establishes the most appropriate method to reach that audience
269332,Health Promotion Officer,3,Undertakes research to make sure that data is correct and current
269332,Health Promotion Officer,4,Writes material and sets up displays to assist in the promotion of health issues
269332,Health Promotion Officer,5,Gives presentations to community groups on health issues to increase public awareness
269332,Health Promotion Officer,6,May work in conjunction with other organisations or government departments
269431,Critical Care Paramedic,1,"Attends accidents, emergencies and requests for medical assistance when there is an immediate risk to life"
269431,Critical Care Paramedic,2,"Assesses health of critically ill patients, need for assistance, specialised needs, and factors affecting patients' conditions"
269431,Critical Care Paramedic,3,Conducts diagnostic tests and interprets results to aid in patient assessment
269431,Critical Care Paramedic,4,Administers emergency medical treatment and life support interventions to stabilise patients
269431,Critical Care Paramedic,5,Monitors and manages critically ill patients' vital signs and responses to treatment
269431,Critical Care Paramedic,6,Resuscitates and defibrillates patients and operates life-support equipment
269431,Critical Care Paramedic,7,Prepares written reports on the state of critically ill patients' injuries and treatment
269432,Paramedic,1,Attends accidents and medical emergencies
269432,Paramedic,2,"Assesses, manages, diagnoses and treats patients with life-threatening and non-life-threatening injuries and conditions, on site and on the way to the hospital"
269432,Paramedic,3,Documents and provides medication to assist in treating patient symptoms
269432,Paramedic,4,Prepares reports on the state of patients' injuries and treatment provided
269432,Paramedic,5,Briefs other medical staff on patients' conditions and vitals
269432,Paramedic,6,"Performs resuscitation and uses life support equipment such as a defibrillator, to revive and stabilise patients"
269432,Paramedic,7,May transport sick and injured patients to health care facilities
269432,Paramedic,8,"May attend public gatherings where medical help may be needed, such as sporting or community events"
269531,Veterinarian,1,"Examines animals to diagnose diseases, ailments and injuries"
269531,Veterinarian,2,Prescribes and administers medications and treatments to animals
269531,Veterinarian,3,Performs surgeries and other medical procedures on animals
269531,Veterinarian,4,Provides preventive care such as vaccinations and parasite control
269531,Veterinarian,5,Advises animal owners on proper care and nutrition for their pets
269531,Veterinarian,6,Conducts laboratory tests and interprets the results
269531,Veterinarian,7,Euthanises animals when necessary and supports grieving owners
269531,Veterinarian,8,Maintains accurate and up-to-date medical records for animals
269532,Veterinary Technologist,1,"Triages sick or injured animals in a variety of environments such as veterinary clinics, farms or zoos"
269532,Veterinary Technologist,2,"Administers anaesthesia to animals in preparation for surgery, and monitors them throughout the procedure"
269532,Veterinary Technologist,3,"Obtains and tests animal blood, urine and faecal samples"
269532,Veterinary Technologist,4,"Performs animal tests including X-rays, laparoscopes, endoscopes, CT scans and dental procedures"
269532,Veterinary Technologist,5,Provides post-operative care instructions to animal carers
269532,Veterinary Technologist,6,Monitors animals and records their behaviour and vital signs to ensure complete records of their care
269931,Acupuncturist,1,Assesses clients' health conditions and determines appropriate acupuncture treatments
269931,Acupuncturist,2,Consults with clients to gather information about their medical history and symptoms
269931,Acupuncturist,3,Inserts fine needles into specific points on the body to stimulate the body's natural healing processes
269931,Acupuncturist,4,"Monitors clients' progress and adjusts treatment plans as necessary, and educates clients on the benefits and potential risks of acupuncture treatments"
269931,Acupuncturist,5,Provides advice and guidance to clients on lifestyle changes and self-care techniques
269931,Acupuncturist,6,Collaborates with other health care professionals to provide holistic care to clients
269932,Chinese Medicine Practitioner,1,Assesses patients' health conditions and imbalances of energy flows through the body
269932,Chinese Medicine Practitioner,2,Develops treatment plans based on the assessment of the whole person
269932,Chinese Medicine Practitioner,3,Administers acupuncture to stimulate specific points on the body
269932,Chinese Medicine Practitioner,4,Prescribes and prepares Chinese herbal medicine for patients
269932,Chinese Medicine Practitioner,5,Performs massage techniques to promote relaxation and improve energy flow
269932,Chinese Medicine Practitioner,6,Provides dietary advice and recommends specific foods to support healing
269932,Chinese Medicine Practitioner,7,Guides patients in exercise and breathing therapy to enhance overall wellbeing
269933,Naturopath,1,"Completes detailed assessments to determine factors contributing to clients' states of health, including obtaining case histories, physical examinations, laboratory testing, and tongue and pulse diagnoses"
269933,Naturopath,2,"Categorises and determines the underlying causes of clients' symptoms, along with clients' capacity for improved health"
269933,Naturopath,3,"Employs a range of therapies and practices, including nutritional advice, herbal medicines, lifestyle counselling, hydrotherapy and naturopathic physical medicine, to meet individual treatment goals"
269933,Naturopath,4,Prioritises non-invasive or non-pharmacological interventions and preventive care
269933,Naturopath,5,Monitors clients' progress and adjusts treatment plans as necessary
271131,Cyber Governance Risk and Compliance Specialist,1,"Develops, implements and measures cyber security policies, procedures and guidelines to comply with regulatory requirements and industry best practices"
271131,Cyber Governance Risk and Compliance Specialist,2,"Manages a risk management program, including risk assessments, risk mitigation plans and risk reporting"
271131,Cyber Governance Risk and Compliance Specialist,3,Conducts regular security audits to identify potential security gaps and areas for improvement
271131,Cyber Governance Risk and Compliance Specialist,4,"Provides guidance and training to employees on cyber security awareness, best practices and incident response procedures"
271131,Cyber Governance Risk and Compliance Specialist,5,Develops and defines system classification requirements to ensure implementation of security controls and risk mitigation efforts are prioritised
271131,Cyber Governance Risk and Compliance Specialist,6,Conducts compliance assessments to ensure that regulatory and legal requirements related to cyber security are being met
271132,Cyber Security Advice and Assessment Specialist,1,Conducts risk and security control assessments and vulnerability testing to identify potential security risks and weaknesses in an organisation's cyber security policies
271132,Cyber Security Advice and Assessment Specialist,2,Provides specialist advice and guidance on security strategies to manage identified risks and vulnerabilities
271132,Cyber Security Advice and Assessment Specialist,3,"Develops and implements security policies, procedures, and standards and guidelines to help organisations maintain a strong security position"
271132,Cyber Security Advice and Assessment Specialist,4,"Undertakes investigations and reports on security incidents, and guides the refinement of practices and processes that increase the detection of security related incidents"
271132,Cyber Security Advice and Assessment Specialist,5,"Assists in root cause analysis of security incidents and breaches to determine the extent of the damage, and recommend remedial actions"
271132,Cyber Security Advice and Assessment Specialist,6,Develops metrics to highlight the impact of cyber security risks on business processes and information assets
271132,Cyber Security Advice and Assessment Specialist,7,Aligns and coordinates internal and external audit activities and security assessment engagements
271133,Cyber Security Analyst,1,"Performs assessments on systems, networks and applications to identify and prioritise potential security risks"
271133,Cyber Security Analyst,2,"Coordinates, analyses and investigates security risk incidents and breaches to determine the root cause, and develops mitigation controls and strategies"
271133,Cyber Security Analyst,3,Conducts research on cyber threats and weaknesses to develop and maintain knowledge of the cyber threat landscape
271133,Cyber Security Analyst,4,Develops and executes threat intelligence strategies for future threats and protects against potential attacks
271133,Cyber Security Analyst,5,Conducts risk assessments to identify security loopholes and weaknesses in IT systems
271133,Cyber Security Analyst,6,Conducts malware analysis to identify and mitigate potential threats to systems and networks
271133,Cyber Security Analyst,7,"Analyses alerts and data from security products, web proxies, network security devices, and vulnerable scan and management systems"
271134,Cyber Security Architect,1,Develops and implements cyber security strategy and architecture
271134,Cyber Security Architect,2,"Designs and maintains security controls and processes to protect systems, networks and data"
271134,Cyber Security Architect,3,"Reviews system security measures, and recommends and implements enhancements"
271134,Cyber Security Architect,4,"Collaborates with other ICT and business departments to align security measures with security standards, policies and regulations"
271134,Cyber Security Architect,5,"Stays updated on cyber security threats, and recommends new security technology and strategy improvements"
271134,Cyber Security Architect,6,Implements new cyber security solutions and technologies
271134,Cyber Security Architect,7,Provides guidance to ICT staff on security best practices
271134,Cyber Security Architect,8,Develops and maintains cyber security reference architecture for consistent security controls
271134,Cyber Security Architect,9,Implements incident response and disaster recovery plans
271135,Cyber Security Engineer,1,"Develops, implements and integrates secure coding practices, and conducts security testing and vulnerability assessments for software and systems"
271135,Cyber Security Engineer,2,Collaborates with developers to identify and remediate security issues
271135,Cyber Security Engineer,3,Develops and implements secure software development lifecycle processes and methodologies
271135,Cyber Security Engineer,4,Integrates security controls into development processes
271135,Cyber Security Engineer,5,Participates in code reviews and provides security guidance
271135,Cyber Security Engineer,6,Assesses security of third-party software components and libraries used in software and applications
271135,Cyber Security Engineer,7,Develops and implements secure application programming interfaces and libraries for use in software and applications
271135,Cyber Security Engineer,8,Performs code analysis scan on software binaries
271136,Cyber Security Operations Coordinator,1,"Leads the investigation and response to cyber security incidents and hunts, including containment, mitigation and recovery activities"
271136,Cyber Security Operations Coordinator,2,"Analyses security risks and vulnerabilities, and implements security plans"
271136,Cyber Security Operations Coordinator,3,Performs threat management and modelling to identify threat vectors and develop cases for security modelling
271136,Cyber Security Operations Coordinator,4,Coordinates with other teams to maintain the security of systems and information
271136,Cyber Security Operations Coordinator,5,Assists in security awareness training for staff
271136,Cyber Security Operations Coordinator,6,"Manages the collection, preservation and analysis of forensic evidence"
271136,Cyber Security Operations Coordinator,7,Implements technical controls that align with security strategies and security architecture
271137,Penetration Tester,1,Develops and executes penetration testing methodologies and strategies to identify weaknesses in security controls
271137,Penetration Tester,2,Creates test cases using in-depth technical analysis of risks and typical vulnerabilities
271137,Penetration Tester,3,"Produces test scripts, materials and packs to test new and existing software or services for vulnerabilities"
271137,Penetration Tester,4,"Plans, coordinates and conducts cyber threat emulation activities to verify deficiencies in technical security controls, and provides recommendations for remediation"
271137,Penetration Tester,5,"Identifies vulnerability exploitations and potential attack vectors into a system, and analyses vulnerability scan results to assess security loopholes and threats"
271137,Penetration Tester,6,May conduct phishing attacks or other tests to evaluate the effectiveness of security awareness training
271231,Database Administrator,1,Designs and implements database structures to optimise system performance and data storage efficiency
271231,Database Administrator,2,Monitors and optimises database performance using various techniques such as indexing and fine-tuning queries
271231,Database Administrator,3,Implements and maintains security protocols to protect databases from unauthorised access or breaches
271231,Database Administrator,4,Performs regular data backups and recovery tasks to ensure data integrity and availability
271231,Database Administrator,5,"Coordinates database updates and migrations, including database software installation, configuration and patch management"
271231,Database Administrator,6,Develops disaster recovery plans to protect data from any potential loss or corruption
271232,Systems Administrator,1,"Installs, configures and maintains server hardware, software, operating systems and databases infrastructure"
271232,Systems Administrator,2,"Diagnoses and resolves hardware, software and network connectivity issues to ensure uninterrupted system operation"
271232,Systems Administrator,3,"Conducts regular system backups and recovery procedures, ensuring data safety and integrity"
271232,Systems Administrator,4,"Facilitates IT infrastructure changes through change management processes, in accordance with organisational protocols"
271232,Systems Administrator,5,Provides system related technical support and guidance to end users
271232,Systems Administrator,6,"Manages user accounts, permissions and security policies to ensure data security and compliance with regulations"
272131,ICT Network and Systems Engineer,1,"Builds, implements, monitors and maintains computer networks and systems"
272131,ICT Network and Systems Engineer,2,"Researches, analyses, manages and monitors network infrastructure"
272131,ICT Network and Systems Engineer,3,Ensures the ongoing performance of networks and systems
272131,ICT Network and Systems Engineer,4,Develops and modifies software and network programs through use of programming code
272131,ICT Network and Systems Engineer,5,"Configures, installs and maintains computer hardware and software"
272131,ICT Network and Systems Engineer,6,"Develops and documents project plans and procedures regarding system configuration, incident resolutions, and system and network maintenance"
272131,ICT Network and Systems Engineer,7,"Plans, develops and implements network security measures, policies and procedures"
272131,ICT Network and Systems Engineer,8,"Develops testing procedures and audits computer hardware, software, networks and systems"
272131,ICT Network and Systems Engineer,9,Provides technical support to resolve computer network and system issues
272132,Network Administrator,1,"Monitors, maintains and optimises network environments and infrastructure"
272132,Network Administrator,2,"Coordinates, installs and maintains computer software and hardware"
272132,Network Administrator,3,"Implements, maintains, improves and audits security measures to ensure network security"
272132,Network Administrator,4,Troubleshoots and provides technical support for network-related incidents
272132,Network Administrator,5,"Reviews and updates policies, procedures and documentation relating to network design, infrastructure and security"
272132,Network Administrator,6,Coordinates backup management of all local resources to prevent loss of information
272133,Network Architect,1,"Designs, plans, implements and optimises network architecture and infrastructure to align with business requirements and to meet specified operational parameters for capacity and performance"
272133,Network Architect,2,"Designs, reviews and implements network access and security technologies"
272133,Network Architect,3,Considers network-related risks and specifies recovery routines and contingency procedures
272133,Network Architect,4,"Develops and maintains network documentation, including network diagrams and capabilities"
272133,Network Architect,5,Collaborates with clients to create network designs and test plans
272133,Network Architect,6,Evaluates and selects network hardware and software
272133,Network Architect,7,Drives automation of network-related processes
272133,Network Architect,8,May resolve critical network incidents
272231,ICT Quality Assurance Engineer,1,"Develops and implements quality assurance plans, policies, standards and procedures for ICT systems, software and environments"
272231,ICT Quality Assurance Engineer,2,"Conducts ICT system audits and assessments to identify non-compliance with quality assurance standards, regulatory requirements and accreditation standards"
272231,ICT Quality Assurance Engineer,3,Creates and oversees manual and automated tests of software and systems
272231,ICT Quality Assurance Engineer,4,Develops corrective actions and improvement plans to address quality issues or non-compliance
272231,ICT Quality Assurance Engineer,5,Coordinates and collaborates with cross-functional teams to ensure consistent application of quality assurance processes and procedures
272231,ICT Quality Assurance Engineer,6,May supervise the work of ICT quality assurance teams
272232,ICT Support Engineer,1,"Diagnoses and resolves technical problems related to hardware, software, networks and systems"
272232,ICT Support Engineer,2,Prioritises and triages incoming incidents and service requests to ensure timely response and escalation
272232,ICT Support Engineer,3,Diagnoses functionality errors and faults in systems and programming code to ensure systems perform to specification
272232,ICT Support Engineer,4,"Develops, conducts and provides technical guidance and training in application software and operational procedures"
272232,ICT Support Engineer,5,"Performs system reviews and assessments, and recommends hardware and software strategies and directions"
272233,ICT Test Analyst,1,"Tests, identifies and diagnoses functionality errors and faults in software and/or systems"
272233,ICT Test Analyst,2,Defines user acceptance scenarios based on business requirements
272233,ICT Test Analyst,3,"Develops test plans outlining strategy, scope, resources and timelines for testing software and/or systems"
272233,ICT Test Analyst,4,"Develops test cases describing the input, execution conditions and expected output of systems to examine functionality"
272233,ICT Test Analyst,5,"Creates and maintains test documentation such as procedural and operational manuals, as well as test cases and test reports"
272233,ICT Test Analyst,6,"Conducts unit, integration and functional testing to ensure software meets requirements"
272233,ICT Test Analyst,7,"Tests software across different platforms, browsers, operating systems and devices"
272233,ICT Test Analyst,8,"Provides feedback and recommendations based on analysis of test results, and ensures it aligns with business requirements and specifications"
272233,ICT Test Analyst,9,May automate software and/or system test cases using testing tools and frameworks
272233,ICT Test Analyst,10,"May undertake system performance, load and stress testing"
272331,Telecommunications Engineer,1,"Designs and develops telecommunications products, systems and networks"
272331,Telecommunications Engineer,2,"Monitors and maintains the performance of complex telecommunication products, networks and systems"
272331,Telecommunications Engineer,3,"Tests and evaluates telecommunications products, systems and networks to ensure functionality, performance and emergency contingency planning"
272331,Telecommunications Engineer,4,"Provides technical support and troubleshooting for telecommunication products, systems and networks"
272331,Telecommunications Engineer,5,"Develops and implements system and network security measures, and ensures compliance with regulations and legislation"
273131,Digital Game Developer,1,Develops and creates game ideas and translates creative concepts into functional digital game prototypes
273131,Digital Game Developer,2,"Writes code using programming languages to implement game mechanics, user interfaces and interactive elements"
273131,Digital Game Developer,3,"Creates menus, buttons and interactive elements that enhance player navigation and engagement"
273131,Digital Game Developer,4,"Ensures that the games are compatible with various operating systems, platforms and devices, including desktops, laptops, consoles, interactive headsets, tablets and smartphones"
273131,Digital Game Developer,5,"Optimises games for performance, addressing issues, such as loading times, frame rates and memory usage"
273131,Digital Game Developer,6,"Conducts testing to identify and fix bugs, glitches and gameplay issues"
273131,Digital Game Developer,7,"May design and oversee the implementation of game systems, mechanics and features"
273132,Web Developer,1,"Designs, develops and maintains websites using various programming languages"
273132,Web Developer,2,Collaborates with other ICT Professionals to plan and produce websites that meet user needs and requirements
273132,Web Developer,3,Builds responsive and accessible websites that comply with web accessibility guidelines
273132,Web Developer,4,Uses content management systems to manage website content and data
273132,Web Developer,5,"Ensures websites are optimised for performance, security and compatibility with different devices and browsers"
273132,Web Developer,6,"Develops and tests code to ensure that it meets industry standards, is properly structured, and is compatible with different platforms and operating systems"
273132,Web Developer,7,Creates and manages databases to support the functionality of web applications and websites
273132,Web Developer,8,"Designs and develops web applications such as online forms and e-commerce platforms, that provide value to users"
273132,Web Developer,9,"Creates and updates website content such as text, images and multimedia"
273231,Cloud Architect,1,Defines the cloud architecture blueprints to meet business objectives
273231,Cloud Architect,2,Considers security implications and incorporates security best practice into cloud infrastructure
273231,Cloud Architect,3,Assesses and recommends cloud platforms and technologies
273231,Cloud Architect,4,Conducts capacity planning and resource allocation for cloud infrastructure
273231,Cloud Architect,5,Manages cloud infrastructure migration projects
273231,Cloud Architect,6,Implements and manages cloud-based disaster recovery and business continuity plans
273232,ICT Business Analyst,1,"Gathers requirements from stakeholders to define business, technical and functional needs and specifications of a project"
273232,ICT Business Analyst,2,Analyses and interprets data to understand trends to inform ICT systems decisions
273232,ICT Business Analyst,3,Maps business processes and systems using techniques such as business process modelling
273232,ICT Business Analyst,4,Evaluates risks associated with ICT initiatives and recommends mitigations
273232,ICT Business Analyst,5,"Creates functional and technical specifications, use cases and workflow diagrams to communicate requirements"
273232,ICT Business Analyst,6,"Develops and implements training programs for users, and provides support to ensure effective use of ICT systems"
273233,Solution Architect,1,"Designs and develops scalable, efficient, secure and cost-effective technical solutions to meet business infrastructure or functional needs"
273233,Solution Architect,2,"Researches and selects appropriate technologies, platforms and tools that best meet the project's requirements"
273233,Solution Architect,3,Defines the interfaces and data flows between different systems and third-party services so that each component works together
273233,Solution Architect,4,"Creates technical documentation, architectural diagrams and specifications to guide development teams and communicate the solution architecture"
273233,Solution Architect,5,"Coordinates teams during the implementation of the chosen solution, addresses technical challenges, and oversees that the designs are effectively realised"
273234,Systems Analyst,1,"Analyses existing business processes and systems to identify issues, errors and areas for improvement"
273234,Systems Analyst,2,Collaborates with stakeholders to determine system requirements
273234,Systems Analyst,3,Creates functional solutions and system test plans to meet quality expectations
273234,Systems Analyst,4,Develops functional specifications for use by system developers
273234,Systems Analyst,5,Tests and troubleshoots system changes
273331,Cloud Engineer,1,"Deploys, configures and automates cloud services"
273331,Cloud Engineer,2,"Creates, tests and implements cloud-based functions and applications"
273331,Cloud Engineer,3,Monitors and manages cloud resources and performance to ensure they are meeting production goals
273331,Cloud Engineer,4,"Troubleshoots issues with cloud-based solutions and services, and implements enhancements and fixes when necessary"
273331,Cloud Engineer,5,"Ensures that cloud infrastructure and services meet security and compliance requirements by implementing security controls, managing access and authentication, and monitoring for security threats"
273331,Cloud Engineer,6,May plan and implement the migration of data and other information to the cloud
273332,DevOps Engineer,1,"Leads and coordinates software development and operations, including continuous integration, continuous delivery, code deployment and system automation"
273332,DevOps Engineer,2,Promotes collaboration between development teams and operations teams
273332,DevOps Engineer,3,"Deploys applications or updates systems to ensure uniformity between networks, servers and automation elements within a given environment"
273332,DevOps Engineer,4,Automates software and infrastructure deployment using automation tools to improve the software development life cycle
273332,DevOps Engineer,5,Implements and manages containerisation technologies
273332,DevOps Engineer,6,Conducts performance testing and tuning to optimise the performance and stability of operational infrastructure
273332,DevOps Engineer,7,Automates security testing and vulnerability scanning across the entire software development lifecycle
273333,Software Engineer,1,Designs and implements software architectures to solve complex technical issues in alignment with specified requirements
273333,Software Engineer,2,"Writes, tests and debugs code to ensure functionality, efficiency and adherence to quality accredited standards"
273333,Software Engineer,3,"Performs code reviews and optimises algorithms to ensure software quality, maintainability and adherence to best practices"
273333,Software Engineer,4,Implements and manages software development processes and tools
273333,Software Engineer,5,"Identifies, assesses and mitigates potential risks throughout software development"
273333,Software Engineer,6,Collaborates with cross-functional teams to integrate software solutions within broader system infrastructures
273333,Software Engineer,7,"Documents software designs, workflows and user manuals to guide stakeholders and end-users"
281131,Barrister,1,"Receives briefs and verbal instructions concerning cases from solicitors, other specialist legal professionals, and clients"
281131,Barrister,2,Provides advice and written opinions on points of law
281131,Barrister,3,Confers with clients and witnesses in preparation for court proceedings
281131,Barrister,4,"Draws up pleadings, affidavits and other court documents"
281131,Barrister,5,Researches statutes and previous court decisions relevant to cases
281131,Barrister,6,"Outlines the facts to the court, calls and questions witnesses, and makes addresses to the court to argue a client's case"
281131,Barrister,7,May draw up or settle documents
281231,Family Dispute Resolution Practitioner,1,Conducts intake interviews with clients to gather information about their dispute
281231,Family Dispute Resolution Practitioner,2,Assesses the suitability of clients for family dispute resolution
281231,Family Dispute Resolution Practitioner,3,Facilitates communication and negotiation between parties to help them reach agreements
281231,Family Dispute Resolution Practitioner,4,Provides information and education to clients about their rights and responsibilities
281231,Family Dispute Resolution Practitioner,5,"Refers clients to other support services as needed, such as counselling or legal advice"
281231,Family Dispute Resolution Practitioner,6,Maintains accurate and confidential records of client interactions and agreements reached
281232,Intellectual Property Lawyer,1,Provides legal advice to clients on matters related to intellectual property
281232,Intellectual Property Lawyer,2,"Prepares and drafts legal documents such as patent applications, copyright registrations and licensing agreements"
281232,Intellectual Property Lawyer,3,Conducts negotiations on behalf of clients to protect their intellectual property
281232,Intellectual Property Lawyer,4,Advises clients on the enforcement of their intellectual property rights
281232,Intellectual Property Lawyer,5,"Assists clients in resolving intellectual property disputes through mediation, arbitration or litigation"
281232,Intellectual Property Lawyer,6,Provides guidance to clients on the commercialisation and monetisation of their intellectual property
281232,Intellectual Property Lawyer,7,Researches and analyses intellectual property laws and regulations
281233,Judge,1,Reviews legal documents and evidence presented in court
281233,Judge,2,Listens to arguments from both prosecution and defence
281233,Judge,3,Interprets and applies laws and regulations to make decisions
281233,Judge,4,"Presides over criminal cases in which the guilt of defendants is determined, and delivers judgments and opinions"
281233,Judge,5,Resolves disputes and issues rulings in civil cases
281233,Judge,6,Sentences convicted individuals and decides appropriate penalties
281233,Judge,7,Provides guidance to juries and instructs them on legal matters
281233,Judge,8,Ensures that court proceedings are conducted in a fair and impartial manner
281233,Judge,9,Maintains order and decorum in the courtroom
281234,Judge's Associate,1,Undertakes administrative tasks on behalf of a Judge
281234,Judge's Associate,2,Conducts research and prepares briefs for a Judge
281234,Judge's Associate,3,"Drafts court orders, judgments and other legal documents under a Judge's direction"
281234,Judge's Associate,4,Maintains records of court proceedings and case files
281234,Judge's Associate,5,Assists in the preparation of legal arguments and opinions
281234,Judge's Associate,6,"Liaises with legal practitioners, members of the media, and parties involved in court cases"
281235,Magistrate,1,Conducts hearings to determine whether defendants should be committed for trial
281235,Magistrate,2,Presides over minor civil and criminal proceedings without a jury
281235,Magistrate,3,Reviews evidence presented by prosecution and defence
281235,Magistrate,4,Examines witnesses and defendants
281235,Magistrate,5,Makes decisions on guilt based on evidence and legal principles
281235,Magistrate,6,Sentences defendants convicted of minor criminal offences
281235,Magistrate,7,Awards damages in civil matters
281235,Magistrate,8,Ensures that defendants' rights are protected during the legal process
281235,Magistrate,9,Maintains order and decorum in the courtroom
281235,Magistrate,10,Prepares written judgments and decisions
281236,Migration Agent,1,Conducts research and provides immigration advice and assistance to clients
281236,Migration Agent,2,"Prepares and lodges immigration, citizenship and visa applications"
281236,Migration Agent,3,May represent clients at tribunals and before administrative bodies
281236,Migration Agent,4,Liaises with Legal Professionals in relation to judicial matters
281237,Police Prosecutor,1,"Prepares and presents cases on behalf of the prosecution in lower courts, such as local and magistrates courts"
281237,Police Prosecutor,2,"Prepares legal documents such as briefs of evidence, statements and subpoenas"
281237,Police Prosecutor,3,Examines and cross-examines witnesses in court
281237,Police Prosecutor,4,Presents arguments and evidence to the court
281237,Police Prosecutor,5,Advises police officers on legal matters and provides guidance on the preparation of cases
281238,Tribunal Member,1,Conducts hearings and listens to arguments and evidence presented by parties involved in disputes
281238,Tribunal Member,2,"Interprets and applies relevant laws, regulations and policies to make decisions on disputes"
281238,Tribunal Member,3,Reviews and analyses evidence and legal arguments to determine the merits of each case
281238,Tribunal Member,4,Conducts research and gathers information to support decision-making
281238,Tribunal Member,5,Facilitates and mediates negotiations between parties to encourage settlement
281238,Tribunal Member,6,Writes and delivers decisions and rulings on disputes
281238,Tribunal Member,7,Exercises arbitral powers if resolution is not achieved or seems improbable through conciliation
281331,Solicitor,1,Interviews clients to determine the nature of cases and recommends appropriate legal action
281331,Solicitor,2,"Prepares cases by conducting investigations, undertaking research, arranging witness preparation and attendance, and giving notice of court actions"
281331,Solicitor,3,"Represents clients in civil, criminal and industrial courts and tribunals"
281331,Solicitor,4,Prepares and critically reviews legal documents between parties
281331,Solicitor,5,Prepares wills
281331,Solicitor,6,"Provides advice on family, company, commercial and property law, as well as partnerships and trusts"
281331,Solicitor,7,May act as trustee or guardian
281331,Solicitor,8,May act as executor of clients' wills
299131,Aeroplane Pilot,1,"Controls the positions of ailerons and elevators, and the thrust of engines, to determine the elevation, speed and direction of aeroplanes"
299131,Aeroplane Pilot,2,Operates controls and navigational instruments to fly the aeroplane safely and efficiently with the use of autopilot
299131,Aeroplane Pilot,3,Takes off and lands aeroplanes on fixed runways
299131,Aeroplane Pilot,4,"Plans and records aeroplane flight operations, and completes flight documentation"
299131,Aeroplane Pilot,5,Performs pre-flight inspections of the aeroplane to ensure it complies with specifications
299131,Aeroplane Pilot,6,"Communicates with air traffic control, ground crew and other pilots to ensure safe and coordinated flight operations"
299131,Aeroplane Pilot,7,Performs emergency procedures and manoeuvres in response to in-flight emergencies or equipment malfunctions of the aeroplane
299131,Aeroplane Pilot,8,"May make announcements during the flight, and inform passengers about safety procedures and protocols"
299132,Air Traffic Controller,1,Monitors and controls the movement of aircraft in controlled airspace and aerodromes
299132,Air Traffic Controller,2,Provides clear and concise instructions to pilots regarding their flight paths and altitudes
299132,Air Traffic Controller,3,"Communicates with other air traffic control centres, pilots and airport staff members to ensure safety, relay estimated arrival times, and prevent or respond to emergency situations"
299132,Air Traffic Controller,4,Monitors radar displays and other equipment to track the position and movement of aircraft
299132,Air Traffic Controller,5,Keeps accurate records of all aircraft movements and communications
299133,Flight Instructor,1,Develops detailed and structured lesson plans encompassing theoretical knowledge and practical skills
299133,Flight Instructor,2,Instructs students in the theory and principles of flying aircraft
299133,Flight Instructor,3,Conducts pre-flight and post-flight inspections of aircraft to ensure safety and airworthiness
299133,Flight Instructor,4,Demonstrates and explains the operation of aircraft controls and equipment
299133,Flight Instructor,5,"Provides practical flight training to students, including take off, landing and manoeuvring"
299133,Flight Instructor,6,"Monitors and evaluates students' progress, and provides feedback on their performance"
299133,Flight Instructor,7,Maintains logs of student performance and their flying hours
299133,Flight Instructor,8,Prepares students for flight certification exams
299134,Helicopter Pilot,1,"Controls the speed and angle of rotor blades to determine the elevation, velocity and direction of helicopters"
299134,Helicopter Pilot,2,"Takes off and lands helicopters on clear, level surfaces, including helipads and platforms"
299134,Helicopter Pilot,3,"Performs precise manoeuvres such as spot landings and low-level flights, in various weather conditions"
299134,Helicopter Pilot,4,"Communicates with air traffic control, ground crew and other pilots to ensure safe and coordinated flight operations"
299134,Helicopter Pilot,5,"Performs pre-flight inspections, and records and adjusts flight plans as necessary to ensure passenger and crew safety"
299134,Helicopter Pilot,6,Performs emergency procedures and manoeuvres in response to in-flight emergencies or equipment malfunctions of the helicopter
299134,Helicopter Pilot,7,"May perform search and rescue missions, aerial photography, or transport critically ill or injured patients to hospital"
299134,Helicopter Pilot,8,"May inform passengers of safety procedures, assist passengers to board and disembark the helicopter, and load belongings or freight on and off helicopters"
299231,Specialist Police Officer,1,"Plans and undertakes police investigations into offences committed in areas such as organised, corporate and cybercrime, homicide, drug trafficking, money laundering and terrorism"
299231,Specialist Police Officer,2,Recruits and manages informants within criminal investigations
299231,Specialist Police Officer,3,"Assesses, controls and examines incident and crime scenes, and coordinates resources to collect and preserve evidence for analysis"
299231,Specialist Police Officer,4,"Uses surveillance techniques to monitor, track and locate suspects, and conducts raids and arrests on premises"
299231,Specialist Police Officer,5,Provides intelligence support to police responses
299231,Specialist Police Officer,6,"Uses specialist equipment and tactics in the containment and resolution of high-risk situations such as hostage situations, terrorist incidents, and chemical, biological or radiation incidents"
299231,Specialist Police Officer,7,"Undertakes vehicle crash investigation and analysis, including by applying specialist techniques to analyse complex crashes"
299231,Specialist Police Officer,8,"Prepares and undertakes land or marine search and rescue responses, including assessing terrain or marine conditions, coordinating resources and determining a safe route to the target"
299231,Specialist Police Officer,9,Develops and presents the findings of police analysis and investigations in court
311131,Agricultural and Agritech Technician,1,"Examines topographical, physical and soil characteristics of farmland to determine its most effective use and identify nutrient deficiencies"
311131,Agricultural and Agritech Technician,2,"Assists Agricultural Research Scientists in developing new methods of planting, fertilising, harvesting and processing crops to achieve optimum land usage"
311131,Agricultural and Agritech Technician,3,"Identifies pathogenic microorganisms and insects, parasites, fungi and weeds harmful to crops and livestock, and assists in devising methods of control"
311131,Agricultural and Agritech Technician,4,"Provides advice, training and technical support and services on technology solutions such as sensors, farm management software, data and robotics"
311131,Agricultural and Agritech Technician,5,"Installs, programs, tests, repairs and maintains advanced agriculture technology and equipment"
311131,Agricultural and Agritech Technician,6,"Develops, operates and maintains complex technological systems and equipment in farm production, including analysing data and preparing reports"
311131,Agricultural and Agritech Technician,7,"Applies geospatial and other technology systems to support primary production, such as automatic tractor guidance systems, variable rate chemical input applications, and survey equipment"
311132,Animal Husbandry Technician,1,Assists with breeding and raising livestock
311132,Animal Husbandry Technician,2,"Monitors livestock to evaluate the effectiveness of feed formulae, and assists with the management of livestock nutrition and feeding programs"
311132,Animal Husbandry Technician,3,Assists in controlled breeding experiments to develop improved livestock strains
311132,Animal Husbandry Technician,4,"Artificially inseminates livestock for breeding purposes, conducts pregnancy tests, manages lactation, and cares for young animals"
311132,Animal Husbandry Technician,5,Provides advice on breeding selection and techniques
311132,Animal Husbandry Technician,6,Monitors and maintains the health and welfare of livestock
311132,Animal Husbandry Technician,7,Collects and collates data for research and animal husbandry purposes
311133,Aquaculture or Fisheries Technician,1,"Monitors and maintains water quality in aquaculture facilities, including the collection and analysis of water samples"
311133,Aquaculture or Fisheries Technician,2,"Identifies pathogenic microorganisms, fungi and other pests harmful to aquatic stock, and assists in devising methods of control"
311133,Aquaculture or Fisheries Technician,3,"Examines environmental and other factors that influence the growth, health and production of aquatic stock"
311133,Aquaculture or Fisheries Technician,4,Monitors aquatic stock to gauge the effectiveness of feed formulae
311133,Aquaculture or Fisheries Technician,5,Assists in controlled breeding experiments to develop improved aquatic stock strains
311133,Aquaculture or Fisheries Technician,6,Conducts experiments and tests to improve aquaculture practices
311133,Aquaculture or Fisheries Technician,7,Provides technical support to Aquaculture Farmers and Fisheries Scientists
311133,Aquaculture or Fisheries Technician,8,Maintains and repairs equipment and infrastructure in aquaculture facilities
311134,Biosecurity Officer,1,"Inspects goods, ships, aircraft, passengers, plants and animals, and assesses documentation to confirm compliance with biosecurity requirements"
311134,Biosecurity Officer,2,Issues legal directions to control identified biosecurity risks
311134,Biosecurity Officer,3,"Provides advice about biosecurity matters to customers, clients, staff and managers"
311134,Biosecurity Officer,4,"Identifies trends in biosecurity risks, and reports to superiors to assist in targeting intelligence and risk-based activities"
311134,Biosecurity Officer,5,Participates in biosecurity response activities to control and manage biosecurity incidents
311134,Biosecurity Officer,6,"Maintains records of biosecurity inspections, assessments and enforcement actions"
311135,Fisheries Officer,1,Patrols and investigates waterways for unlawful fishing activities and the removal of protected marine life
311135,Fisheries Officer,2,"Conducts inspections of fishing vessels, gear and equipment to ensure compliance with laws and regulations"
311135,Fisheries Officer,3,Checks fishing licences and permits to ensure validity
311135,Fisheries Officer,4,Monitors and records fishing catches to ensure compliance with catch limits and quotas
311135,Fisheries Officer,5,Investigates and responds to reports of illegal fishing activities
311135,Fisheries Officer,6,Provides advice and guidance to fishers on sustainable fishing practices
311135,Fisheries Officer,7,"Educates, advises and provides information on a wide range of topics relating to fish and their protection"
311135,Fisheries Officer,8,May initiate or assist in legal action to enforce regulations
311136,Irrigation Designer,1,Conducts site assessments to identify suitable irrigation systems
311136,Irrigation Designer,2,Advises on most effective irrigation methods and equipment for efficient water use that meet the needs of the client and comply with regulations and standards
311136,Irrigation Designer,3,"Designs efficient and cost-effective irrigation systems based on factors such as water availability, crop type and soil characteristics"
311136,Irrigation Designer,4,Calculates water requirements and develops irrigation schedules
311136,Irrigation Designer,5,"Prepares detailed irrigation plans and specifications, including layout, equipment and materials"
311136,Irrigation Designer,6,Collaborates with engineers and other professionals to ensure compliance of irrigation systems with regulations and standards
311136,Irrigation Designer,7,"Provides technical support and guidance to clients on the use, scheduling and maintenance of irrigation systems"
311136,Irrigation Designer,8,"Inspects, audits and evaluates irrigation systems to identify and address any issues or inefficiencies"
311137,Meat Inspector,1,"Inspects animals prior to slaughter, animal carcases and meat products to identify product quality issues"
311137,Meat Inspector,2,"Collects pathological and residue samples to assist with identifying disease, parasites, chemical residues and contamination in meat processing facilities and products"
311137,Meat Inspector,3,Audits and monitors quality procedures at meat processing facilities to ensure compliance with required quality and health standards
311137,Meat Inspector,4,Provides advice and guidance to meat processing facility staff on best practices for disease prevention
311138,Primary Products Quality Assurance Officer,1,"Develops, implements, audits and monitors quality assurance procedures at farms and primary product processing facilities to ensure compliance with standards"
311138,Primary Products Quality Assurance Officer,2,"Advises producers and processors on regulations related to grading, packing, processing and loading of products"
311138,Primary Products Quality Assurance Officer,3,"Ensures that hygiene standards are observed in storage, processing and packing facilities, and transport vehicles"
311138,Primary Products Quality Assurance Officer,4,Informs producers and the general public of the health implications of diseases and impurities impacting primary products
311138,Primary Products Quality Assurance Officer,5,"May monitor production requirements as they relate to food safety, biosecurity or quality assurance"
311231,Anaesthetic Technician,1,Prepares and sets up anaesthetic equipment and supplies for surgical procedures
311231,Anaesthetic Technician,2,"Checks and tests anaesthetic equipment to ensure proper functioning, and assists with the insertion of invasive monitoring devices"
311231,Anaesthetic Technician,3,Assists with the positioning and preparation of patients for surgery
311231,Anaesthetic Technician,4,"Assists Anaesthetists in administering anaesthesia to patients, and monitors vital signs during procedures"
311231,Anaesthetic Technician,5,"Cleans and sterilises anaesthetic equipment after use, and participates in the maintenance and inventory of anaesthetic supplies and medications"
311232,Dental Technician,1,Creates models of the mouth and teeth from impressions taken by a dental practitioner
311232,Dental Technician,2,"Makes replacement braces, retainers or dentures for patients using plastic, metal or ceramic materials"
311232,Dental Technician,3,"Crafts braces, mouthguards and plates for correcting irregular or damaged teeth"
311232,Dental Technician,4,"Designs, constructs and repairs ceramic restorations such as crowns, bridges or dentures"
311232,Dental Technician,5,Polishes and finishes braces or retainers before they are placed in a patient's mouth
311233,Medical Laboratory Technician,1,Prepares and stains slides and tissue sections to study the cells of blood for histological examination
311233,Medical Laboratory Technician,2,"Performs diagnostic tests on tissues and fluids, and analyses the chemical constituents of blood, urine, faeces and tissues"
311233,Medical Laboratory Technician,3,Tests for diseases by looking for the presence of antibodies and the products of immune response in samples
311233,Medical Laboratory Technician,4,"Operates and maintains laboratory equipment, ensuring accuracy and reliability of test results"
311233,Medical Laboratory Technician,5,"Records and analyses test results, and reports findings to medical professionals"
311233,Medical Laboratory Technician,6,Assists in the diagnosis and treatment of diseases by providing accurate and timely laboratory test results
311234,Operating Theatre Technician,1,"Prepares operating theatre for surgical procedures, and cleans and sterilises operating theatre equipment and instruments"
311234,Operating Theatre Technician,2,Assists surgical team during operations by passing instruments and supplies
311234,Operating Theatre Technician,3,Monitors and maintains sterile field during surgical procedures
311234,Operating Theatre Technician,4,Handles specimens and prepares them for laboratory analysis
311234,Operating Theatre Technician,5,Assists with positioning and transferring patients before and after surgery
311234,Operating Theatre Technician,6,"Provides support to patients in the recovery room, monitoring vital signs and assisting with post-operative care"
311235,Respiratory Technician,1,Performs routine lung function tests and assists with conducting sleep studies on patients
311235,Respiratory Technician,2,Uses and maintains diagnostic equipment for respiratory tests
311235,Respiratory Technician,3,Monitors patients on ventilation to ensure proper functioning
311235,Respiratory Technician,4,Assists Respiratory and Sleep Scientists in analysing test results and making recommendations
311331,Community Pharmacy Technician,1,Assists Community Pharmacists in dispensing and labelling prescription medication for patients
311331,Community Pharmacy Technician,2,Assists Community Pharmacists in conducting medical history for all patients taking scheduled medications
311331,Community Pharmacy Technician,3,Assists with labelling Pharmacist Only Medicines under the direction and supervision of a Community Pharmacist
311331,Community Pharmacy Technician,4,"Provides advice on appropriate health information, medication and other conditions to patients"
311331,Community Pharmacy Technician,5,Maintains stock of non-prescription and prescription medication
311331,Community Pharmacy Technician,6,Prepares medication in dosage administration aids
311332,Hospital Pharmacy Technician,1,"Conducts medication history and reviews with patients, carers or community health professionals for Hospital Pharmacists"
311332,Hospital Pharmacy Technician,2,Prepares a current medicines list for patients
311332,Hospital Pharmacy Technician,3,Refers prescriptions to Pharmacists and assists with preparing medications
311332,Hospital Pharmacy Technician,4,Documents and refers patients with medicine allergies and adverse drug reactions to Hospital Pharmacists
311332,Hospital Pharmacy Technician,5,Assists Hospital Pharmacists with clinical prioritisation by identifying patients at high risk of medicine-related problems
311332,Hospital Pharmacy Technician,6,Records patients' laboratory data for pharmacist review
311332,Hospital Pharmacy Technician,7,Fills and labels patients' prescriptions under the supervision of a pharmacist
311332,Hospital Pharmacy Technician,8,"Provides advice on appropriate health information, medication and other conditions to patients"
311431,Phlebotomist,1,Gathers necessary equipment and supplies for specimen collection
311431,Phlebotomist,2,Explains the procedure to patients and addresses any concerns or questions
311431,Phlebotomist,3,Prepares the collection site and cleans the area with antiseptic
311431,Phlebotomist,4,Selects the appropriate collection method and collects blood or other specimens from patients
311431,Phlebotomist,5,Labels and properly documents collected specimens for accurate identification and tracking
311431,Phlebotomist,6,Ensures proper handling and storage of collected specimens to maintain integrity and prevent contamination
311431,Phlebotomist,7,Adheres to infection control and safety protocols during specimen collection
311431,Phlebotomist,8,Maintains accurate records of collected specimens and related information
311431,Phlebotomist,9,Collaborates with laboratory staff to ensure timely and accurate processing of specimens
311531,Chemical Technician,1,"Assists in setting up and conducting chemical experiments, tests and analysis on organic and inorganic chemicals according to existing procedures"
311531,Chemical Technician,2,"Assists in the fabrication, installation and modification of chemistry equipment to ensure it meets standards"
311531,Chemical Technician,3,"Collects samples from production batches, and tests them for impurities and defects"
311531,Chemical Technician,4,"Sets up and maintains chemistry laboratory equipment, instruments and inventory"
311531,Chemical Technician,5,Assists in monitoring the quality of products and processes at chemical manufacturing facilities to ensure they meet standards and specifications
311531,Chemical Technician,6,Undertakes a limited range of technical activities to support chemical research
311532,Earth Science Technician,1,"Assists in the collection, preparation, testing and analysis of rock, soil and water samples"
311532,Earth Science Technician,2,Calibrates and maintains testing equipment used by earth scientists
311532,Earth Science Technician,3,"Assists Geologists, Geophysicists and other earth scientists in the analysis of data"
311532,Earth Science Technician,4,"Supports earth scientists in practical field operations by planning field work, arranging access to sites, and ensuring supplies and equipment are available for field surveys"
311532,Earth Science Technician,5,Conducts surveys on field sites and other areas of interest
311532,Earth Science Technician,6,"Collects, records and analyses weather conditions information"
311533,Geospatial Technician,1,Assists with the development and maintenance of geographical information systems (GIS)
311533,Geospatial Technician,2,"Creates, maintains, displays and updates GIS databases"
311533,Geospatial Technician,3,"Works with geospatial technology to assist with data gathering, compilation, mapping and data analysis"
311533,Geospatial Technician,4,Produces accurate maps and other representations of data for use in activities such as fieldwork
311533,Geospatial Technician,5,Conducts fieldwork to resolve conflicting information and ensure the accuracy of data
311533,Geospatial Technician,6,"Records and documents details of map updates, additions and/or deletions"
311534,Hydrographer,1,Performs routine mathematical calculations and assists in undertaking measurements for surveying and charting bodies of water
311534,Hydrographer,2,"Installs, calibrates and maintains hydrography equipment to monitor water levels and flow, meteorology, sediments and water quality"
311534,Hydrographer,3,"Assists in the collection of water surveying data such as coastline identification, bed relief or depth, and heights of water in oceans, rivers or lakes, using navigation systems"
311534,Hydrographer,4,"Measures the depth of water bodies, and monitors turbidity and the accumulation of silt"
311534,Hydrographer,5,Uses underwater acoustic equipment to establish and monitor tidal data and outline coastlines
311535,Life Science Technician,1,Assists in the collection and identification of living organisms
311535,Life Science Technician,2,Assists in maintaining records of collected specimens
311535,Life Science Technician,3,Assists with experiments conducted on living organisms and analysis of data collected about them
311535,Life Science Technician,4,"Provides technical services and support for scientists in several fields, including biology, agriculture and environmental science"
311536,School Laboratory Technician,1,"Prepares, distributes and sets up samples and/or demonstrations, equipment and associated scientific materials for practical teaching laboratory use"
311536,School Laboratory Technician,2,"Assists science teaching staff with demonstrations, instruction of students on the use of equipment during science experiments, and the application of safety measures"
311536,School Laboratory Technician,3,"Maintains scientific teaching resources, classrooms, storerooms, preparation rooms and laboratories in a clean, safe, orderly and secure manner"
311536,School Laboratory Technician,4,"Operates laboratory equipment and performs routine operator maintenance and instrument calibrations as required, in compliance with manufacturer specifications"
311536,School Laboratory Technician,5,Maintains a safe laboratory waste storage and disposal system in accordance with departmental guidelines
311536,School Laboratory Technician,6,Works within a budget to ensure that laboratories have the correct equipment to carry out practicals
311536,School Laboratory Technician,7,Performs record keeping and stocktaking of equipment and materials within the science department
311536,School Laboratory Technician,8,"Ensures personal protective equipment is in working order, communicates safety concerns to teachers, and writes standard operating procedures for equipment and processes to ensure student and staff safety"
312131,Architectural Technician,1,"Collates and organises technical building information, interprets designs, and uses models to display architectural plans and specifications using CAD software and drawings"
312131,Architectural Technician,2,Assists Architects and building designers by converting designs into blueprints and models
312131,Architectural Technician,3,"Interprets designs for Construction Managers, and assists in resolving design construction issues by modifying blueprints and relaying any changes under the instruction of Architects and building designers"
312131,Architectural Technician,4,"Monitors the technical progress of projects to ensure compliance with design specifications, building codes, and health and safety standards"
312131,Architectural Technician,5,"May coordinate and manage BIM architecture software, or develop and implement BIM standards for workplaces"
312132,Building Designer,1,"Consults with builders, clients and consultants to understand design requirements and gather feedback on building designs"
312132,Building Designer,2,Prepares initial design models for engineering and estimation purposes using BIM
312132,Building Designer,3,"Takes measurements and dimensions, and performs other routine calculations for building or renovation design layouts"
312132,Building Designer,4,"Provides design recommendations to clients based on factors such as budget, building site constraints, and overall feasibility"
312132,Building Designer,5,Produces architectural documentation for sketch design and to support applications to councils
312132,Building Designer,6,"Prepares building designs, models, concepts and estimations using CAD, 3D modelling and BIM software"
312132,Building Designer,7,"Ensures building, renovation and extension designs comply with regulations and standards, and client, certifier and consultant requirements"
312133,Detailer Drafter,1,"Uses BIM technology to prepare plans, drawings and other documents, including specifications for materials required, detailed measurements and installation instructions for building contractors"
312133,Detailer Drafter,2,"Determines the appropriate material for each task based on design plans, and ensures that all designs meet relevant standards and regulations"
312133,Detailer Drafter,3,Performs calculations to estimate the quantity of materials required to complete a project
312133,Detailer Drafter,4,Develops detailed 3D models to detect model clashes to mitigate construction delays and site rectification costs
312133,Detailer Drafter,5,"Collaborates with Architects, engineers and project managers to ensure the accurate translation of designs into construction plans"
312134,Landscape Designer,1,"Consults with clients to prepare outdoor design briefs suitable for the site and the client's lifestyle, budget and preferred aesthetic"
312134,Landscape Designer,2,Assesses local site conditions to determine factors that may impact landscape designs
312134,Landscape Designer,3,"Explores applications of materials, techniques and trends in landscape design"
312134,Landscape Designer,4,"Prepares design concepts and drawings for residential gardens including all elements of the hard landscaping design, lighting, soils, drainage and irrigation"
312134,Landscape Designer,5,Specifies materials and products used in the construction of landscapes to achieve the desired result for clients
312134,Landscape Designer,6,"Collaborates with other professionals, builders and associated trades to prepare landscape construction cost estimates for clients"
312134,Landscape Designer,7,"Provides advice on ornamental and amenity horticulture, soil improvement, and functional outdoor design in keeping with the surrounding architecture"
312134,Landscape Designer,8,Provides recommendations for the ongoing maintenance of newly constructed landscapes or gardens
312135,Surveying Technician,1,"Prepares sketches used to place physical markers on land to define the accurate position of features such as existing property boundaries, proposed building layouts, utilities and road margins on building, construction and mine sites"
312135,Surveying Technician,2,"Processes data and makes calculations recorded from fieldwork and surveys to prepare detail and feature plans, maps and technical reports"
312135,Surveying Technician,3,Maintains and calibrates surveying equipment to ensure accuracy
312135,Surveying Technician,4,"Analyses, interprets and manipulates survey data to create 2D and 3D models using CAD and BIM to support Architects and Civil Engineering Professionals"
312231,Building Inspector,1,Undertakes pre-purchase building inspections on behalf of clients and prepares pre-purchase reports
312231,Building Inspector,2,"Identifies non-structural defects, structural issues, and conditions that may contribute to structural issues in buildings, and provides reports on their severity along with recommendations for a course of action to be undertaken within a suggested timeframe"
312231,Building Inspector,3,"Advises builders, contractors and property owners on building regulations and requirements"
312231,Building Inspector,4,"May carry out inspection of buildings to verify if building work complies with approved permits and legislative and building regulations, and produces reports on their non-compliance at the request of a Building Surveyor"
312232,Energy Assessor,1,Uses approved software and information from building plans to model potential consumption of energy for heating and cooling purposes to verify compliance with national building codes
312232,Energy Assessor,2,Assesses and certifies the thermal performance of buildings
312232,Energy Assessor,3,"Advises on building orientation, materials and construction to improve thermal performance"
312232,Energy Assessor,4,"Measures and prepares reports on the energy use of buildings, including appliances, heating and cooling, and solar batteries"
312232,Energy Assessor,5,"Collaborates with Architects, building designers, building surveyors, and energy and sustainability engineers to optimise the thermal performance of buildings"
312233,Plumbing Inspector,1,Conducts site inspections of plumbing installations to ensure compliance with relevant standards and regulations
312233,Plumbing Inspector,2,Reviews plans and specifications for plumbing installations to ensure compliance with building codes and regulations
312233,Plumbing Inspector,3,Issues permits and certificates of compliance for plumbing installations
312233,Plumbing Inspector,4,Investigates complaints and reports of non-compliance with plumbing regulations
312233,Plumbing Inspector,5,Provides advice and guidance to Plumbers and property owners on compliance requirements
312233,Plumbing Inspector,6,Prepares reports and documentation detailing findings and recommendations for corrective action
312233,Plumbing Inspector,7,Collaborates with other regulatory agencies and stakeholders to ensure consistent enforcement of plumbing regulations
312234,Safety Inspector,1,"Examines equipment specifications, and inspects and tests machines, equipment and clothing to monitor and enforce compliance with safety standards and serviceability"
312234,Safety Inspector,2,Inspects factories and other work sites to ensure compliance with government and industry standards and regulations
312234,Safety Inspector,3,"Investigates workplace accidents, incidents and complaints related to workplace health and safety"
312234,Safety Inspector,4,"Assists in conducting safety meetings and campaigns, and organising training in general safety principles, in keeping with regulations"
312234,Safety Inspector,5,Advises organisations on ways to comply with work health and safety legislative and regulatory requirements
312234,Safety Inspector,6,"May issue notices to enforce immediate compliance under work health and safety legislation and if necessary, impose penalties or recommend prosecutions for breaches"
312331,Construction Estimator,1,"Reviews project plans and specifications to understand project requirements, then projects the overall costs of materials, labour and planning of construction"
312331,Construction Estimator,2,Conducts site visits to gather information and assess project conditions
312331,Construction Estimator,3,"Researches and obtains quotes, then negotiates deals with suppliers and subcontractors"
312331,Construction Estimator,4,"Collaborates with architects, engineers, quantity surveyors and contractors to clarify project details"
312331,Construction Estimator,5,"Prepares and presents cost plans to clients and stakeholders, and recommends ways to reduce costs"
312331,Construction Estimator,6,Assists in the negotiation and settlement of project tenders
312431,Civil Construction Leading Hand,1,"Supervises, coordinates and participates in civil construction work"
312431,Civil Construction Leading Hand,2,"Assists Construction Site Supervisors to monitor construction programs, organise resources and resolve issues"
312431,Civil Construction Leading Hand,3,"Directs and monitors subcontractors, suppliers and plant hirers, and conducts briefings with work crews to deliver project information and assign tasks"
312431,Civil Construction Leading Hand,4,"Provides technical support to work teams on issues such as plant or machine operation, and ensures plant and machinery is maintained and operated in accordance with safety standards"
312431,Civil Construction Leading Hand,5,Maintains a daily record of site activities for reporting to Construction Site Supervisors
312432,Construction Site Supervisor,1,"Coordinates and schedules construction activities, including the delivery of materials and equipment to site"
312432,Construction Site Supervisor,2,Oversees and directs construction workers and subcontractors
312432,Construction Site Supervisor,3,Implements and enforces safety protocols and procedures on construction sites
312432,Construction Site Supervisor,4,"Reviews and interprets construction plans and specifications, and inspects construction sites to ensure compliance with building codes and regulations"
312432,Construction Site Supervisor,5,"Collaborates with Architects, engineers and other professionals involved in the construction process"
312432,Construction Site Supervisor,6,"Conducts regular site meetings to communicate project progress and address any concerns, and resolves any issues or conflicts that arise"
313131,Civil Engineering Draftsperson,1,Prepares detailed drawings and plans for civil engineering projects
313131,Civil Engineering Draftsperson,2,Uses computer design software to convert civil engineering sketches into digital documents
313131,Civil Engineering Draftsperson,3,Creates topographical and relief maps of locations hosting new civil development projects
313131,Civil Engineering Draftsperson,4,Incorporates design changes and updates into existing drawings and plans based on feedback from engineers and architects
313132,Civil Engineering Technician,1,"Prepares sketches, drawings and tabulations to assist in the design and planning of civil engineering projects"
313132,Civil Engineering Technician,2,Performs laboratory testing and analyses data from construction sites to support Civil Engineering Professionals
313132,Civil Engineering Technician,3,"Assists with the inspection, organisation and supervision of civil engineering works to ensure adherence to project timelines and compliance with engineering specifications and safety standards"
313132,Civil Engineering Technician,4,Assists with estimating quantities and costs of materials and labour required for civil engineering projects
313231,Electrical Engineering Draftsperson,1,"Prepares detailed drawings, plans and diagrams of electrical installations and circuitry"
313231,Electrical Engineering Draftsperson,2,Collaborates with Electrical Engineers and Engineering Technologists to ensure the accuracy of electrical drawings and plans
313231,Electrical Engineering Draftsperson,3,Uses CAD software to create and modify electrical drawings and plans
313231,Electrical Engineering Draftsperson,4,Conducts site visits to gather information and measurements for electrical installations
313231,Electrical Engineering Draftsperson,5,"Calculates and determines dimensions, materials and specifications for electrical installations and circuitry"
313231,Electrical Engineering Draftsperson,6,Inspects electrical designs for compliance with design specifications and government regulations
313232,Electrical Engineering Technician,1,Supports and assists Electrical Engineers and Engineering Technologists in designing and developing electrical systems
313232,Electrical Engineering Technician,2,"Installs, commissions, tests, monitors, repairs and maintains electrical systems, ensuring systems are in line with relevant safety regulations"
313232,Electrical Engineering Technician,3,Assists in estimating material costs and quantities for electrical work in industrial or commercial sectors to support engineering teams
313232,Electrical Engineering Technician,4,"Ensures relevant documentation is up to date, including the writing of service reports for electrical systems"
313232,Electrical Engineering Technician,5,"Collects data, conducts tests and reports on test results utilising various formats, including the use of CAD, graphs, charts, tabulations and calculations for clarity"
313331,Maintenance Planner,1,"Prepares preventative maintenance plans and schedules, following the organisation's maintenance goals"
313331,Maintenance Planner,2,Coordinates planned downtimes to minimise interference with production or service schedules
313331,Maintenance Planner,3,Adjusts schedules to include emergency work
313331,Maintenance Planner,4,Collaborates with procurement staff to ensure availability of necessary maintenance materials and supplies
313331,Maintenance Planner,5,Ensures compliance with existing maintenance procedures and regulations
313431,Marine Engineer,1,"Manages the operation and maintenance of a ship's mechanical, electrical, hydraulic, pneumatic, steam-generating and fire control systems"
313431,Marine Engineer,2,"Conducts regular inspections of machinery and equipment, and diagnoses issues on board the ship"
313431,Marine Engineer,3,"Plans, coordinates, supervises and carries out repair and maintenance activities"
313431,Marine Engineer,4,Ensures compliance with safety and environmental regulations and procedures in the operation of equipment
313431,Marine Engineer,5,"Keeps records of equipment performance, fuel consumption and maintenance activities"
313431,Marine Engineer,6,Orders and maintains inventory of spare parts and supplies for the ship's machinery
313432,Marine Pilot,1,"Navigates vessels through harbours, sounds, straits, bays, rivers, lakes or ports"
313432,Marine Pilot,2,Advises the best route for safe passage of a vessel
313432,Marine Pilot,3,"Provides expert knowledge of a port or waterway, including tides, water depths, local winds, currents and marine traffic"
313432,Marine Pilot,4,Communicates with other vessels to prevent collision or advise of adverse conditions
313432,Marine Pilot,5,"Monitors weather conditions and water currents using various instruments, such as anemometers, barometers and thermometers"
313432,Marine Pilot,6,"Ensures compliance with maritime laws, regulations and safety procedures"
313433,Marine Surveyor,1,"Inspects and examines vessels and equipment to ensure compliance with international and national regulations, and identifies any damage or defects"
313433,Marine Surveyor,2,"Reviews and interprets technical drawings, plans and specifications related to ship construction"
313433,Marine Surveyor,3,"Conducts surveys and inspections during construction, repair or maintenance"
313433,Marine Surveyor,4,Assesses damage to vessels on behalf of insurance companies for insurance claims
313433,Marine Surveyor,5,Tests and evaluates ship systems such as navigation and communication
313433,Marine Surveyor,6,"Documents survey findings and recommendations, evaluating the vessel's overall condition"
313433,Marine Surveyor,7,"Advises ship owners, operators and builders on compliance issues"
313434,Master Fisher,1,"Plans and coordinates fishing operations, including determining fishing locations and methods"
313434,Master Fisher,2,Operates fishing equipment and machinery
313434,Master Fisher,3,Directs and supervises crew members in fishing activities
313434,Master Fisher,4,Monitors weather conditions and adjusts fishing operations accordingly
313434,Master Fisher,5,Inspects and maintains fishing gear and equipment
313434,Master Fisher,6,Ensures compliance with fishing regulations and quota
313434,Master Fisher,7,"Records and reports catch data, including species, quantity and location"
313434,Master Fisher,8,"Processes and preserves catch, including cleaning, gutting and freezing"
313434,Master Fisher,9,Manages and maintains the safety and security of a fishing vessel
313434,Master Fisher,10,Communicates with other fishing vessels and authorities for safety and assistance
313435,Ship's Master,1,Manages and controls the movement of a vessel
313435,Ship's Master,2,Oversees the interpretation of navigational instruments to ensure a vessel's course is maintained
313435,Ship's Master,3,Adjusts a vessel's course according to weather conditions
313435,Ship's Master,4,Communicates with port authorities
313435,Ship's Master,5,"Plans and schedules a vessel's route, considering factors such as weather, tides and cargo requirements"
313435,Ship's Master,6,Oversees the loading and unloading of cargo and/or passengers
313435,Ship's Master,7,"Implements emergency procedures in case of accidents, storms or unforeseen events"
313435,Ship's Master,8,"Ensures compliance with maritime laws, regulations and safety procedures"
313436,Ship's Officer,1,Navigates and controls the safe operation of a ship
313436,Ship's Officer,2,Supervises and coordinates the activities of deck crew
313436,Ship's Officer,3,Assists in the planning of a ship's course and monitors its progress
313436,Ship's Officer,4,Ensures compliance with maritime regulations and safety procedures
313436,Ship's Officer,5,Manages cargo operations and equipment inspections
313436,Ship's Officer,6,"Maintains accurate records of a ship's activities, including logbooks and reports"
313436,Ship's Officer,7,"Communicates with other ships, ports and authorities"
313531,Mining Supervisor,1,Supervises and coordinates the work of Miners
313531,Mining Supervisor,2,Ensures compliance with safety regulations and procedures in mining operations
313531,Mining Supervisor,3,Inspects mining areas to identify potential hazards and risks
313531,Mining Supervisor,4,Trains and educates miners on safety protocols and procedures
313531,Mining Supervisor,5,Monitors and evaluates the performance of Miners in relation to safety practices
313931,Biomedical Technician,1,"Conducts scheduled maintenance, quality control checks and electrical safety inspections of biomedical equipment to ensure safe and effective operation"
313931,Biomedical Technician,2,Installs and calibrates biomedical equipment or components
313931,Biomedical Technician,3,Demonstrates and assists with the operation of specialised biomedical equipment
313931,Biomedical Technician,4,"Cleans, repairs and replaces biomedical equipment when necessary"
313932,Electronic Engineering Technician,1,"Collects data, performs analysis, and maintains and repairs electronic systems"
313932,Electronic Engineering Technician,2,Conducts tests on components and equipment to ensure functionality and performance in line with industry standards
313932,Electronic Engineering Technician,3,Assembles circuitry and electronic components according to engineering specifications
313932,Electronic Engineering Technician,4,Assists Electronics Engineers and Engineering Technologists in designing and developing electronic systems
313932,Electronic Engineering Technician,5,"Installs, configures, calibrates and adjusts electronic instruments and equipment"
313932,Electronic Engineering Technician,6,"Documents test results, data analysis and circuitry assembly procedures"
313933,Mechanical Engineering Draftsperson,1,Prepares detailed drawings and plans of mechanical engineering work
313933,Mechanical Engineering Draftsperson,2,Ensures plans and drawings of mechanical engineering work comply with industry standards and regulations
313933,Mechanical Engineering Draftsperson,3,Creates detailed blueprints that manufacturers can use for mass production of mechanical parts
313933,Mechanical Engineering Draftsperson,4,"Uses CAD software and 3D printing to create models of mechanical parts, and specify product dimensions and quantity of materials needed"
313934,Mechanical Engineering Technician,1,"Conducts tests of mechanical systems, machines or parts to evaluate performance and identify issues"
313934,Mechanical Engineering Technician,2,Assists Mechanical Engineers and Engineering Technologists in the design and development of mechanical systems
313934,Mechanical Engineering Technician,3,"Collects and analyses data from tests and experiments of machines, components and materials"
313934,Mechanical Engineering Technician,4,"Assists in quality control checks and inspections of mechanical installations, components and systems"
313934,Mechanical Engineering Technician,5,Installs parts or machinery to ensure they meet performance targets and work as intended
313935,Metallurgical or Materials Technician,1,"Obtains, measures and prepares ore samples for testing"
313935,Metallurgical or Materials Technician,2,Reviews and approves welding procedures
313935,Metallurgical or Materials Technician,3,Conducts metallurgical laboratory test work to troubleshoot performance and advise on how to improve manufacturing techniques
313935,Metallurgical or Materials Technician,4,"Inspects, measures and assesses the quality and strength of welds to ensure they comply with standards and specifications"
313935,Metallurgical or Materials Technician,5,Assists metallurgists and other professionals in the use of complex equipment for metal production
313936,Non-destructive Testing Technician,1,Uses NDT techniques to study the properties of materials and structures
313936,Non-destructive Testing Technician,2,Uses NDT techniques to test materials at all stages of a manufacturing or construction process
313936,Non-destructive Testing Technician,3,Tests and identifies product flaws and structural weaknesses using NDT techniques
313936,Non-destructive Testing Technician,4,Conducts NDT to determine where corrosion may occur and how it will spread
313936,Non-destructive Testing Technician,5,Calibrates and maintains NDT equipment
313937,Other Draftsperson,1,"Prepares detailed drawings, plans and illustrations according to client specifications, and industry standards and regulations"
313937,Other Draftsperson,2,Uses CAD software and other drafting tools to create accurate and precise technical drawings and plans
313937,Other Draftsperson,3,Consults with clients and collaborates with engineers and other professionals to ensure that drawings and plans meet project requirements
314131,ICT Hardware Technician,1,"Installs and configures ICT hardware, including desktop, laptop and smart devices"
314131,ICT Hardware Technician,2,"Tests, troubleshoots and repairs desktop, laptop and smart devices"
314131,ICT Hardware Technician,3,"Diagnoses, troubleshoots and repairs peripheral ICT equipment such as terminals, printers and network hardware"
314131,ICT Hardware Technician,4,"Installs and maintains networks, servers and network equipment"
314132,Radiocommunications Technician,1,Installs and configures radio and communication systems
314132,Radiocommunications Technician,2,"Operates, upgrades and maintains radio communications technical instruments, infrastructure, devices, network systems and field equipment"
314132,Radiocommunications Technician,3,Diagnoses and troubleshoots malfunctions in radio and communication systems
314132,Radiocommunications Technician,4,Repairs or replaces faulty components in radio and communication systems
314132,Radiocommunications Technician,5,"Tests, analyses performance data, validates and calibrates radio and communication equipment to ensure proper functioning"
314132,Radiocommunications Technician,6,Monitors and analyses radio frequency signals to identify and resolve interference issues
314133,Telecommunications Field Engineer,1,Plans and designs telecommunications networks and associated equipment
314133,Telecommunications Field Engineer,2,Commissions and monitors the installation of telecommunications networks and equipment
314133,Telecommunications Field Engineer,3,Provides technical advice and information to clients and colleagues
314133,Telecommunications Field Engineer,4,Identifies complex problems in telecommunications networks and equipment
314133,Telecommunications Field Engineer,5,Initiates action to resolve complex problems in telecommunications networks and equipment
314133,Telecommunications Field Engineer,6,Tests and evaluates the performance of telecommunications networks and equipment
314134,Telecommunications Network Designer,1,Conducts surveys and studies to assess the current state of the telecommunications network infrastructure
314134,Telecommunications Network Designer,2,"Monitors the overall reliability, capacity and performance of the network"
314134,Telecommunications Network Designer,3,Analyses data and identifies areas for improvement and expansion in the network
314134,Telecommunications Network Designer,4,Formulates strategies and plans for the enhancement of customer access telecommunications network infrastructure
314134,Telecommunications Network Designer,5,"Creates detailed plans, cost estimates and budget proposals for network infrastructure projects"
314134,Telecommunications Network Designer,6,"Collaborates with engineers and technicians to plan, design and implement network infrastructure projects"
314134,Telecommunications Network Designer,7,Coordinates with local authorities and utility companies to obtain necessary permits and approvals
314134,Telecommunications Network Designer,8,Monitors the progress of network infrastructure projects against the specified time and budget
314134,Telecommunications Network Designer,9,May troubleshoot equipment or systems issues as appropriate
314135,Telecommunications Technical Officer or Technologist,1,Monitors and optimises the performance of telecommunications networks
314135,Telecommunications Technical Officer or Technologist,2,Diagnoses and repairs faults in telecommunications networks
314135,Telecommunications Technical Officer or Technologist,3,Selects and installs telecommunications equipment
314135,Telecommunications Technical Officer or Technologist,4,Conducts tests and measurements on telecommunications equipment and networks
314136,Web Administrator,1,"Installs, configures and maintains web servers and related software"
314136,Web Administrator,2,"Implements website security measures such as firewalls, antivirus software and secure sockets layer certificates"
314136,Web Administrator,3,"Monitors website traffic and performance, and identifies and troubleshoots issues that affect performance"
314136,Web Administrator,4,Ensures backup and disaster recovery plans are in place to protect websites and web applications from data loss and downtime
314136,Web Administrator,5,"Installs and configures website software, such as content management systems and web analytics tools"
314231,ICT Customer Support Officer,1,Supports customers in resolving technical incidents with computer hardware and software
314231,ICT Customer Support Officer,2,Installs and deploys software to meet customer needs
314231,ICT Customer Support Officer,3,"Diagnoses, troubleshoots and resolves connectivity issues"
314231,ICT Customer Support Officer,4,Provides basic user training on computer hardware and software
321131,Chef,1,Assists in the planning of menus and determining food quantities and costs
321131,Chef,2,Prepares and cooks food according to recipes or personal judgment and experience
321131,Chef,3,Monitors food quality and presentation
321131,Chef,4,"Manages and trains Cooks and Kitchenhands in food preparation, cooking techniques and food safety"
321131,Chef,5,"Orders and maintains inventory of food and kitchen supplies, ensuring it meets daily production needs"
321131,Chef,6,Collaborates with management to develop new dishes and improve existing recipes
321131,Chef,7,Coordinates with front-of-house staff to ensure efficient food service
321131,Chef,8,Ensures compliance with health and safety regulations in the kitchen
322131,Baker,1,Weighs and measures ingredients according to recipes
322131,Baker,2,Mixes ingredients to form dough or batter using electric mixers or by hand
322131,Baker,3,"Operates machines which roll, knead, shape and mould dough, slice bread and cut biscuits"
322131,Baker,4,"Coordinates the forming, loading, baking, unloading, depanning and cooling of batches of bread, rolls and other products"
322131,Baker,5,Decorates and garnishes baked goods as required
322131,Baker,6,Orders and maintains inventory of baking supplies and ingredients
322131,Baker,7,Maintains the cleanliness of equipment and operation of a bakery before production runs to ensure compliance with work health and safety regulations
322131,Baker,8,May take orders from customers and handle payments
322231,Butcher or Smallgoods Maker,1,Selects and inspects meat to ensure quality and freshness
322231,Butcher or Smallgoods Maker,2,"Cuts, trims and prepares meat according to customer requirements"
322231,Butcher or Smallgoods Maker,3,"Operates meat processing machines such as slicers, grinders and tenderisers"
322231,Butcher or Smallgoods Maker,4,"Weighs, labels and packages meat products for sale or supply"
322231,Butcher or Smallgoods Maker,5,Maintains cleanliness and hygiene standards in meat preparation and display areas
322231,Butcher or Smallgoods Maker,6,Manages inventory and orders meat supplies as needed
322231,Butcher or Smallgoods Maker,7,Creates and maintains attractive displays of meat products
322231,Butcher or Smallgoods Maker,8,Assists customers to select and purchase meat products
322231,Butcher or Smallgoods Maker,9,"Prepares and produces smallgoods such as sausages, bacon and ham"
322231,Butcher or Smallgoods Maker,10,"Monitors the smallgoods production process to ensure quality, hygiene and efficiency"
322331,Cook,1,Inspects and selects ingredients for cooking
322331,Cook,2,"Measures, cleans, chops, blends, seasons, heats and cools food"
322331,Cook,3,Monitors food cooking processes to ensure proper cooking and presentation
322331,Cook,4,"Coordinates, supervises and collaborates with kitchen staff in food preparation and cooking"
322331,Cook,5,Cleans and maintains kitchen equipment and utensils
322331,Cook,6,Monitors and maintains inventory of food supplies and equipment
322331,Cook,7,Assists in the development of new recipes and menu items
322431,Pastrycook,1,Weighs and measures ingredients according to recipes
322431,Pastrycook,2,"Makes, mixes, kneads, shapes and moulds dough for various pastries and desserts"
322431,Pastrycook,3,Prepares pastry fillings
322431,Pastrycook,4,"Bakes buns, cakes, pastries and desserts, monitoring oven temperatures and product appearance"
322431,Pastrycook,5,"Decorates and finishes pastries, cakes and desserts with icing, glaze or other toppings"
322431,Pastrycook,6,Orders and maintains inventory of pastry supplies and ingredients
322431,Pastrycook,7,Maintains the cleanliness of equipment and operation of a kitchen to ensure compliance with work health and safety regulations
322431,Pastrycook,8,Collaborates with other kitchen staff to coordinate pastry production
322431,Pastrycook,9,May package finished pastries for sale
331131,Metal Fabricator,1,"Studies blueprints, drawings and specifications to determine fabrication job requirements"
331131,Metal Fabricator,2,"Measures and marks out the size, shape and location of cutouts and joints on metal stock"
331131,Metal Fabricator,3,"Uses specialised tools to cut, bend or shape metal into the desired structure or product"
331131,Metal Fabricator,4,"Joins metal sections together by welding, bolting and riveting"
331131,Metal Fabricator,5,"Examines welds for width of bead, penetration and precision, and performs necessary repairs or reworks"
331131,Metal Fabricator,6,"Cleans and smooths welds by filing, chiselling and grinding"
331131,Metal Fabricator,7,May program machinery or computer-aided fabrication tools to optimise the metal fabrication process
331132,Pressure Welder,1,Reads and interprets blueprints and technical specifications to determine appropriate welding techniques for pressurised systems
331132,Pressure Welder,2,"Examines welds for width of bead, penetration and precision, and performs necessary repairs or reworks"
331132,Pressure Welder,3,"Shapes, bends, cleans and smooths metal sections and pipes using hand and machine tools, and by heating, hammering, filing and chiselling"
331132,Pressure Welder,4,"Welds pressurised pipelines used for transporting oil, gas and other high-pressure substances"
331132,Pressure Welder,5,Conducts tests on welds to ensure there are no leaks in the pressurised systems
331132,Pressure Welder,6,Applies post-weld treatments to relieve stress and enhance the strength of the welded joints on pressure-containing equipment
331133,Welder (First Class),1,Interprets engineering drawings and specifications to determine welding requirements
331133,Welder (First Class),2,Applies appropriate welding techniques to join metal sections
331133,Welder (First Class),3,Monitors and adjusts welding parameters to ensure quality and integrity of welds
331133,Welder (First Class),4,"Cleans welds by filing, chiselling and grinding"
331133,Welder (First Class),5,Inspects and tests welded joints for defects and compliance with specifications
331931,Blacksmith,1,Collaborates with clients to understand their specific metalworking needs
331931,Blacksmith,2,"Heats metal blocks, bars and rods in a forge, then shapes the metal using hammers, anvils and other tools"
331931,Blacksmith,3,Welds or joins metal pieces together
331931,Blacksmith,4,"Trims, cuts and files metal to remove excess material"
331931,Blacksmith,5,Repairs damaged metal articles by heating and reshaping them
331931,Blacksmith,6,Inspects finished products for quality and accuracy
331932,Electroplater,1,Sets up and operates electroplating equipment
331932,Electroplater,2,"Prepares electrolytic and silver solutions for electroforming, and applies solution to the objects to be coated"
331932,Electroplater,3,"Cleans, prepares, descales and removes all oxides from the surface of metal materials with cleaning solutions such as acids, alkalis and preflux solutions"
331932,Electroplater,4,Masks areas not to be electroplated with silicon or oil-based paints
331932,Electroplater,5,Places articles in zinc solution for surface coating to reach government or manufacturing specifications
331932,Electroplater,6,Tests and adjusts plating solutions to maintain desired specifications
331932,Electroplater,7,Inspects plated articles and parts for defects and quality
331933,Farrier,1,Inspects horses' hooves and assesses their condition
331933,Farrier,2,Trims and shapes horses' hooves
331933,Farrier,3,Measures horses' hooves for appropriate shoe size
331933,Farrier,4,Fits and nails horseshoes securely onto hooves
331933,Farrier,5,Provides advice to horse owners on hoof care and shoeing
331933,Farrier,6,Prevents disease and cultivates overall hoof health
331934,Metal Casting Trades Worker,1,Sets up and operates equipment and machinery for sand moulding and core making
331934,Metal Casting Trades Worker,2,Produces and prepares moulds and cores using boxed and boxless moulding
331934,Metal Casting Trades Worker,3,Packs and compacts sand to ensure proper mould formation
331934,Metal Casting Trades Worker,4,Pours molten metal into prepared casts to create metal castings
331934,Metal Casting Trades Worker,5,"Inspects moulds and cores for defects and repairs, or replaces as necessary"
331934,Metal Casting Trades Worker,6,"May setup, use and program robotic machinery with appropriate metal working tools to finish metal products"
331935,Metal Polisher,1,Selects appropriate polishing materials and equipment
331935,Metal Polisher,2,Applies polishing compounds or abrasive materials to metal surfaces
331935,Metal Polisher,3,Uses hand tools or power tools to polish metal surfaces
331935,Metal Polisher,4,"Removes scratches, blemishes or other marks from metal surfaces"
331935,Metal Polisher,5,Grinds and smooths welded seams and joints
331935,Metal Polisher,6,Inspects polished surfaces for defects or imperfections
331935,Metal Polisher,7,Applies protective coatings or finishes to polished metal surfaces
331936,Sheetmetal Worker,1,"Studies blueprints, drawings and specifications to determine job, material and equipment requirements"
331936,Sheetmetal Worker,2,"Selects metal stock such as stainless steel, galvanised iron, mild steel, aluminium and copper, and checks sizes, gauges and other dimensions of metal stock against specifications"
331936,Sheetmetal Worker,3,"Marks out metal stock with reference points and lines, using templates, gauges and other measuring instruments"
331936,Sheetmetal Worker,4,"Cuts metal stock along guidelines using hand and power shears, computerised laser and plasma cutters, guillotines and drills"
331936,Sheetmetal Worker,5,"Shapes and forms cut metal stock into products using folding and bending machines, rollers, presses and hammers"
331936,Sheetmetal Worker,6,"Fits and assembles components into final products by welding, riveting, soldering, brazing and otherwise joining"
331936,Sheetmetal Worker,7,"Finishes products by polishing, filing, sanding and cleaning assembled products"
331936,Sheetmetal Worker,8,"May specialise in fabrication, or on-site assembly and installation of sheetmetal products"
331936,Sheetmetal Worker,9,May produce aircraft sheetmetal components
332131,Aircraft Maintenance Technician (Avionics),1,"Inspects and tests aircraft electrical and avionic systems to identify any faults or damage, and ensure aircraft are functioning within safety regulations and standards"
332131,Aircraft Maintenance Technician (Avionics),2,Repairs or replaces faulty or damaged aircraft electrical and avionic systems
332131,Aircraft Maintenance Technician (Avionics),3,"Installs new aircraft electrical and avionic system components, including instruments, radio and communication equipment, and navigation systems"
332131,Aircraft Maintenance Technician (Avionics),4,Performs and documents regular maintenance and servicing of aircraft electrical and avionic systems
332131,Aircraft Maintenance Technician (Avionics),5,May manufacture aircraft electrical and avionic hardware components
332132,Aircraft Maintenance Technician (Mechanical),1,"Inspects and tests aircraft hydromechanical and flight systems and components to identify any faults, wear, defects or damage, and ensures aircraft are functioning within safety regulations and standards"
332132,Aircraft Maintenance Technician (Mechanical),2,Repairs or replaces faulty or damaged aircraft hydromechanical and flight systems or components
332132,Aircraft Maintenance Technician (Mechanical),3,"Installs new aircraft hydromechanical and flight systems, including engines, ancillary motors, brakes, hydraulic and pneumatic systems, airframes and subassemblies"
332132,Aircraft Maintenance Technician (Mechanical),4,Performs and documents regular maintenance and servicing of aircraft hydromechanical and flight systems
332132,Aircraft Maintenance Technician (Mechanical),5,"May manufacture aircraft hydromechanical, flight system and subassembly components"
332133,Aircraft Maintenance Technician (Structures),1,"Inspects, dismantles, modifies and reassembles aircraft and/or space vehicle structures to identify damage, defects or wear, and ensures structures are functioning within safety regulations and standards"
332133,Aircraft Maintenance Technician (Structures),2,Repairs or replaces damaged or worn components of aircraft and/or space vehicle structures
332133,Aircraft Maintenance Technician (Structures),3,Works with both metal and carbon fibre composite materials to repair or replace aircraft and/or space vehicle structures
332133,Aircraft Maintenance Technician (Structures),4,Performs and documents regular maintenance and servicing of aircraft and/or space vehicle structures
332133,Aircraft Maintenance Technician (Structures),5,May manufacture aircraft and/or space vehicle structural components
332134,Licensed Aircraft Maintenance Engineer,1,Supervises and coordinates aircraft and/or space vehicle maintenance activities and personnel
332134,Licensed Aircraft Maintenance Engineer,2,Inspects and tests aircraft and/or space vehicle maintenance is compliant with regulatory standards
332134,Licensed Aircraft Maintenance Engineer,3,"Assesses, determines the cause of, and rectifies aircraft and/or space vehicle defects, and provides technical guidance and support to maintenance staff"
332134,Licensed Aircraft Maintenance Engineer,4,"Confirms aircraft and/or space vehicle maintenance has been completed and documented, and certifies aircraft and/or space vehicle parts as airworthy"
332134,Licensed Aircraft Maintenance Engineer,5,May assist with aircraft defect analysis and investigations
332231,Fitter (General),1,Reads and interprets engineering drawings and specifications
332231,Fitter (General),2,"Measures and fits metal components using hand tools, power tools and machines"
332231,Fitter (General),3,"Prepares and configures machine tools for specific jobs, and ensures correct fixtures, settings and tools are applied"
332231,Fitter (General),4,Assembles metal parts and subassemblies according to engineering specifications
332231,Fitter (General),5,Fits fabricated metal parts into products and assembles metal parts and subassemblies to produce machines and equipment
332231,Fitter (General),6,Repairs and maintains machines and equipment by replacing or repairing faulty parts
332231,Fitter (General),7,Operates machines and equipment to fabricate metal components
332231,Fitter (General),8,Tests and adjusts machines and equipment to ensure proper functioning
332232,Fitter and Turner,1,Reads blueprints and technical specifications to understand the requirements for the metal component to be machined
332232,Fitter and Turner,2,"Prepares and configures machine tools for specific jobs, and ensures correct fixtures, settings and tools are applied"
332232,Fitter and Turner,3,Operates lathes to create cylindrical parts
332232,Fitter and Turner,4,Fits and assembles metal parts and subassemblies according to engineering specifications
332232,Fitter and Turner,5,"Uses hand tools and power tools to grind, file and polish metal parts"
332232,Fitter and Turner,6,Tests and adjusts completed machines and equipment to ensure proper functioning
332232,Fitter and Turner,7,Inspects finished products for quality and accuracy
332232,Fitter and Turner,8,Performs operational maintenance of machinery
332233,Fitter-Welder,1,Interprets engineering drawings and specifications
332233,Fitter-Welder,2,"Measures metal components for cutting, shaping and welding"
332233,Fitter-Welder,3,Fits and assembles metal parts according to engineering specifications
332233,Fitter-Welder,4,Cuts and shapes metal components using hand and power tools
332233,Fitter-Welder,5,Welds metal components using various welding techniques
332233,Fitter-Welder,6,"Cleans welds by filing, chiselling and grinding"
332233,Fitter-Welder,7,Inspects and tests welded components for quality and compliance with specifications
332234,Metal Machinist (First Class),1,Reads blueprints and technical specifications to understand the requirements for the metal component to be machined
332234,Metal Machinist (First Class),2,"Prepares and configures machine tools for specific jobs and ensures correct fixtures, settings and tools are applied"
332234,Metal Machinist (First Class),3,"Forms metal stock and castings to fine tolerances using machining tools to press, cut, grind, plane, bore and drill metal"
332234,Metal Machinist (First Class),4,"Checks fabricated and assembled metal parts for accuracy, clearance and fit using precision measuring instruments"
332234,Metal Machinist (First Class),5,"Polishes, deburs and finishes the machined parts to ensure they meet the specified finish quality"
332234,Metal Machinist (First Class),6,May program and operate computer numerical control machines to guide machine tools in producing parts
332331,Engineering Patternmaker,1,Interprets engineering drawings to determine pattern requirements
332331,Engineering Patternmaker,2,Prepares materials for pattern construction
332331,Engineering Patternmaker,3,Tests and modifies patterns for desired results
332331,Engineering Patternmaker,4,Creates moulds and core boxes for casting processes
332331,Engineering Patternmaker,5,Constructs engineering models using woodworking tools
332331,Engineering Patternmaker,6,Maintains and repairs patterns
332332,Engraver,1,Prepares engraving equipment and materials
332332,Engraver,2,Selects tools and techniques for engraving on various surfaces
332332,Engraver,3,"Inscribes letters, figures and designs on different materials"
332332,Engraver,4,Ensures accuracy and precision in engraving
332332,Engraver,5,Inspects engraved surfaces for quality and adherence to specifications
332332,Engraver,6,Collaborates with clients or designers on engraving requirements
332333,Gunsmith,1,"Inspects, tests, maintains and repairs firearms, ammunition and protective gear to ensure proper functioning and compliance with licensing and safety regulations"
332333,Gunsmith,2,"Modifies, alters and calibrates rifles, revolvers and other firearms for optimisation"
332333,Gunsmith,3,Performs preventive maintenance tasks including cleaning and lubricating weapons to ensure proper functioning of weapons and armour
332333,Gunsmith,4,Carries out destruction of obsolete firearms and other controlled items
332333,Gunsmith,5,"Maintains detailed records of equipment maintenance, repairs and inspections"
332333,Gunsmith,6,"May oversee the storage, distribution and inventory of ammunition"
332334,Locksmith,1,Inspects and assesses security requirements of premises
332334,Locksmith,2,"Installs locks, deadbolts and other security devices on doors, windows and other entry points"
332334,Locksmith,3,Repairs and maintains locks and security systems
332334,Locksmith,4,Cuts and duplicates keys
332334,Locksmith,5,Changes lock combinations and codes
332334,Locksmith,6,"Installs and maintains electronic security systems, such as alarms and access control systems"
332334,Locksmith,7,Provides advice and recommendations to clients on security measures
332334,Locksmith,8,Responds to emergency lockouts and provides lockout services
332335,Precision Instrument Maker and Repairer,1,Assembles mechanical precision instruments and equipment according to specifications
332335,Precision Instrument Maker and Repairer,2,Installs precision instruments and equipment in designated locations
332335,Precision Instrument Maker and Repairer,3,"Tests, calibrates and adjusts the performance of precision instruments for accuracy"
332335,Precision Instrument Maker and Repairer,4,Diagnoses and repairs faults in precision instruments
332335,Precision Instrument Maker and Repairer,5,Cleans and maintains precision instruments and equipment
332335,Precision Instrument Maker and Repairer,6,"Interprets technical drawings, diagrams and manuals for precision instruments and equipment"
332336,Saw Technician,1,Inspects saw blades to identify any damage or wear
332336,Saw Technician,2,"Dismantles and reassembles precision sawing instruments using hand and power tools, or specially designed machines"
332336,Saw Technician,3,"Repairs and replaces defective parts by replacing or adjusting teeth on saw blades, welding or brazing"
332336,Saw Technician,4,Sharpens saw blades using grinding or filing techniques
332336,Saw Technician,5,Tests the sharpness and performance of saw blades
332336,Saw Technician,6,Cleans and maintains saw maintenance equipment
332337,Toolmaker,1,Interprets engineering drawings and specifications to determine tool requirements
332337,Toolmaker,2,"Sets up and operates machine tools such as lathes, milling machines and grinders to fabricate intricate tooling components"
332337,Toolmaker,3,Measures and marks out metal or plastic stock and castings using precision measuring instruments
332337,Toolmaker,4,Fits and assembles parts to make machine tools and maintain industrial machines
332337,Toolmaker,5,Inspects and maintains dies and moulds to ensure they meet quality standards
332337,Toolmaker,6,Troubleshoots and maintains damaged or malfunctioning tooling equipment
332337,Toolmaker,7,Collaborates with engineers and other professionals to develop new tool designs and improve existing tools
332338,Watch and Clock Maker and Repairer,1,Diagnoses and repairs watch and clock malfunctions
332338,Watch and Clock Maker and Repairer,2,Adjusts timing mechanisms and calibrates timepieces
332338,Watch and Clock Maker and Repairer,3,"Cleans, lubricates and assembles watch and clock components"
332338,Watch and Clock Maker and Repairer,4,Repairs or replaces watch and clock parts
332338,Watch and Clock Maker and Repairer,5,Inspects and tests completed timepieces for accuracy
332338,Watch and Clock Maker and Repairer,6,Provides repair estimates and advice to customers
341131,Dog Handler or Trainer,1,Evaluates dogs to assess temperament and suitability for training
341131,Dog Handler or Trainer,2,Designs and implements training programs to teach dogs basic obedience commands
341131,Dog Handler or Trainer,3,"Trains dogs to perform specific tasks such as search and rescue, detection or assistance work"
341131,Dog Handler or Trainer,4,Uses positive reinforcement techniques to reward desired behaviours and discourage unwanted behaviours
341131,Dog Handler or Trainer,5,Conducts training sessions with individual dogs or groups of dogs
341131,Dog Handler or Trainer,6,"Monitors and evaluates the progress of dogs during training, and adjusts training methods as required"
341131,Dog Handler or Trainer,7,Provides guidance and support to dog owners on how to continue training at home
341131,Dog Handler or Trainer,8,Assists in the selection and placement of trained dogs with appropriate handlers or owners
341131,Dog Handler or Trainer,9,Keeps up to date with advancements in dog training techniques and professional development opportunities
341132,Horse Trainer,1,Evaluates horses' physical condition and temperament to determine training needs
341132,Horse Trainer,2,"Develops and implements training programs to improve horses' performance and behaviour, and reports on horses' progress"
341132,Horse Trainer,3,Educates horses to obey verbal and non-verbal commands
341132,Horse Trainer,4,Trains horses to accept riders and pull vehicles
341132,Horse Trainer,5,"Trains and conditions horses to perform in competitions, races and other horse-related activities"
341132,Horse Trainer,6,"Provides care and maintenance for horses, including feeding, grooming and medical attention"
341132,Horse Trainer,7,May evaluate and select horses for purchase or sale based on their potential and suitability
341132,Horse Trainer,8,"May assist with breeding and foaling processes, including selecting suitable mates and overseeing mating procedures"
341133,Track Rider,1,Rides thoroughbred horses at varying speeds to condition them for racing
341133,Track Rider,2,Exercises horses according to the instructions of a horse trainer
341133,Track Rider,3,"Observes and assesses the horse's performance and behaviour during exercise, and reports on progress to the horse's trainers and owners"
341133,Track Rider,4,Monitors the horse's physical condition and reports any signs of injury or illness
341133,Track Rider,5,"Assists with the grooming and care of the horse, including feeding and stable maintenance"
341134,Zookeeper,1,Feeds and waters animals according to schedules and dietary requirements
341134,Zookeeper,2,"Monitors animal health and behaviour, reporting concerns"
341134,Zookeeper,3,Cleans and maintains animal enclosures
341134,Zookeeper,4,"Assists with the capture, restraint and transportation of animals"
341134,Zookeeper,5,Administers medications and treatments to animals under veterinary direction
341134,Zookeeper,6,Conducts inspections of animal enclosures to identify and address safety hazards and maintenance issues
341134,Zookeeper,7,"Interacts with visitors and participates in education programs, providing information about animals and conservation efforts"
341231,Veterinary Nurse,1,Provides care and support to animals under treatment or in temporary residence at veterinary facilities
341231,Veterinary Nurse,2,Assists Veterinarians in performing procedures and operations on animals
341231,Veterinary Nurse,3,"Prepares animals for surgery, including administering anaesthesia and monitoring vital signs"
341231,Veterinary Nurse,4,Administers medications and treatments to animals as directed by Veterinarians
341231,Veterinary Nurse,5,Assists with diagnostic procedures such as taking X-rays or collecting samples for laboratory testing
341231,Veterinary Nurse,6,"Provides post-operative care to animals, including monitoring their recovery and administering medications"
341231,Veterinary Nurse,7,"Ensures hygiene processes are maintained, including cleaning and sterilising equipment and facilities"
341231,Veterinary Nurse,8,"Provides basic grooming and hygiene care to animals, such as bathing and grooming"
341231,Veterinary Nurse,9,"Educates pet owners on proper animal care, and provides advice on nutrition, exercise and preventive health care"
341231,Veterinary Nurse,10,Assists with euthanasia procedures and provides emotional support to pet owners
342131,Gardener (General),1,Prepares and maintains seedbeds and growing sites
342131,Gardener (General),2,"Plants and transplants flowers, shrubs, hedges, trees and other plants"
342131,Gardener (General),3,"Maintains planted and grassed areas by weeding, trimming, fertilising, watering, mowing and removing trash, fallen branches and leaves"
342131,Gardener (General),4,"Prunes and trims trees, shrubs and hedges to maintain their shape and improve plant health"
342131,Gardener (General),5,Installs plant support and protection devices
342131,Gardener (General),6,Applies pesticides and herbicides to control pests and weeds
342231,Arborist,1,Assesses and documents tree health and risk in urban areas
342231,Arborist,2,Advises on tree species selection for urban environments
342231,Arborist,3,"Develops, implements and monitors tree management plans"
342231,Arborist,4,Collaborates with planners and architects on tree integration in urban design
342231,Arborist,5,Ensures tree management aligns with environmental regulations
342231,Arborist,6,Conducts tree surveys and inventories
342231,Arborist,7,"Makes recommendations for tree planting, pruning and removal"
342232,Tree Worker,1,Prunes and shapes branches of trees and shrubs to maintain their health and appearance
342232,Tree Worker,2,Treats trees and shrubs for pests and diseases
342232,Tree Worker,3,Removes dead or decaying trees to ensure safety and prevent potential hazards
342232,Tree Worker,4,Provides advice on general tree care to clients
342232,Tree Worker,5,"Utilises skills such as aerial access using ropes or elevated work platforms, to prune, shape or remove trees"
342232,Tree Worker,6,Performs tree risk assessments
342232,Tree Worker,7,"Maintains and operates equipment and tools used in tree care, such as chainsaws and pruning shears"
342331,Florist,1,"Receives and prepares orders for floral arrangements according to customer preferences, seasonal demands and design principles"
342331,Florist,2,Selects and purchases flowers and other materials needed for arrangements
342331,Florist,3,Provides advice and recommendations to customers on suitable floral arrangements for different occasions and seasons
342331,Florist,4,"Trims, treats and stores flowers to ensure freshness and quality"
342331,Florist,5,Creates and maintains displays of floral arrangements
342331,Florist,6,"Keeps up to date with seasonal demands, current trends and techniques in floral design"
342431,Irrigation Technician,1,Installs and sets up irrigation systems according to design specifications
342431,Irrigation Technician,2,"Maintains, services and repairs irrigation systems by cleaning, flushing, troubleshooting and replacing faulty components to ensure proper functioning"
342431,Irrigation Technician,3,Monitors and adjusts irrigation schedules based on site conditions to maximise efficiency and water conservation
342431,Irrigation Technician,4,Provides advice and guidance to clients on use and maintenance of the irrigation systems
342432,Landscape Gardener,1,Interprets plans and drawings to construct garden landscapes
342432,Landscape Gardener,2,"Constructs hardscape structures such as gravel and paved walking areas, walls, fences, pergolas, ponds, barbecues and garden furniture"
342432,Landscape Gardener,3,"Prepares seedbeds and growing sites for planting of softscapes such as tree plants, bushes, hedges, flowers and bulbs"
342432,Landscape Gardener,4,"Plants trees, bushes, hedges, flowers and bulbs"
342432,Landscape Gardener,5,Prepares lawn areas by spreading topsoil and planting grass or by laying instant turf
342531,Sports Turf Manager,1,Plans and schedules the maintenance and upkeep of fine turf sporting facilities
342531,Sports Turf Manager,2,Supervises and coordinates the activities of Sports Turf Trades Workers and maintenance staff
342531,Sports Turf Manager,3,Develops and implements turf management programs to maintain and improve the condition of sporting facilities
342531,Sports Turf Manager,4,Manages sports facility irrigation systems and ensures proper watering
342531,Sports Turf Manager,5,Manages the treatment and prevention of pests and disease to enhance the presentation and playability of sport and recreation facilities
342531,Sports Turf Manager,6,Maintains records and prepares reports on the condition and maintenance of sports turf facilities
342531,Sports Turf Manager,7,Coordinates with other departments or organisations for the use of sporting facilities
342532,Sports Turf Trades Worker,1,Maintains turf surfaces to ensure they are in optimal condition
342532,Sports Turf Trades Worker,2,Operates and maintains irrigation systems to ensure proper watering of turf surfaces
342532,Sports Turf Trades Worker,3,Applies treatments to maintain the health and appearance of turf surfaces
342532,Sports Turf Trades Worker,4,"Repairs and renovates turf surfaces as needed, including reseeding and sodding"
342532,Sports Turf Trades Worker,5,"Monitors and controls pests and diseases affecting turf surfaces, and implements appropriate treatment measures"
342532,Sports Turf Trades Worker,6,Inspects turf surfaces to identify and address any issues or hazards
342532,Sports Turf Trades Worker,7,"Keeps records of maintenance activities, including fertilisation, pest control and irrigation schedules"
342532,Sports Turf Trades Worker,8,Provides maintenance advice to management
342931,Nurseryperson,1,"Prepares soil, fertiliser mixes and containers for planting"
342931,Nurseryperson,2,"Selects and plants seeds, bulbs and cuttings in beds, containers or trays"
342931,Nurseryperson,3,Buds and grafts vegetative material onto rootstock
342931,Nurseryperson,4,"Monitors, waters and fertilises plants to ensure their water and nutritional requirements are met"
342931,Nurseryperson,5,"Applies pesticides and appropriate treatments to control pests, diseases, weeds, and nutritional and environmental plant disorders"
342931,Nurseryperson,6,"Keeps records of soil mixtures, plantings, treatments, losses and yields"
342931,Nurseryperson,7,Advises customers on plant selection and care
343131,Aquaculture Supervisor,1,"Supervises the breeding, raising and harvesting of fish, prawns, oysters and other aquatic stock"
343131,Aquaculture Supervisor,2,"Supervises the inspection, operation and maintenance of specialised aquaculture equipment and machinery, including ponds, cages, recirculating aquaculture systems, longlines and flow-through systems"
343131,Aquaculture Supervisor,3,"Oversees the harvesting, sorting, grading and packing of aquatic stock"
343131,Aquaculture Supervisor,4,"Trains Aquaculture Workers, and supervises aquaculture farm work routines and day-to-day aquacultural production operations"
343132,Fishing Leading Hand,1,"Ensures fishing gear is rigged to correct specifications, including legislated requirements"
343132,Fishing Leading Hand,2,"Supervises the operation, cleaning and maintenance of vessel deck machinery and lifting appliances"
343132,Fishing Leading Hand,3,Oversees offboarding of catches
343132,Fishing Leading Hand,4,Conducts fishing operations-specific safety drills
343132,Fishing Leading Hand,5,"Organises and trains Fishing Hands, and supervises fishing work routines and day-to-day fishing operations"
343133,Forestry Operations Supervisor,1,Supervises the cultivation and maintenance of natural and plantation forests
343133,Forestry Operations Supervisor,2,Supervises the operation and maintenance of specialised equipment and machinery used in forestry settings
343133,Forestry Operations Supervisor,3,"Oversees logging and haulage crews, and directs activities for harvesting and reafforestation"
343133,Forestry Operations Supervisor,4,"Provides training and guidance to forestry and logging workers on correct techniques and procedures, and conducts forestry-specific safety drills"
343134,Horticultural Supervisor or Specialist,1,"Oversees the planting, cultivation and harvest of horticultural crops, and the packing and storage of horticultural produce"
343134,Horticultural Supervisor or Specialist,2,"Supervises horticultural farming routines such pruning, trimming, picking and tree training"
343134,Horticultural Supervisor or Specialist,3,"Oversees and undertakes the maintenance, repair and operation of horticultural farming machinery"
343134,Horticultural Supervisor or Specialist,4,"Monitors horticultural crops for signs of pests or disease, and to identify watering or nutrition problems"
343134,Horticultural Supervisor or Specialist,5,"Prepares and applies chemicals to control pests, weeds and diseases"
343134,Horticultural Supervisor or Specialist,6,"Oversees the maintenance and use of horticultural farm equipment and infrastructure, including irrigation and fertigation systems"
343134,Horticultural Supervisor or Specialist,7,"Organises and trains horticultural farm workers, and supervises work routines and day-to-day horticultural production activities"
343135,Senior Broadacre Crop and Livestock Farm Worker,1,"Oversees the planting, cultivation and harvesting of broadacre crops, as well as livestock breeding programs and the rearing of young livestock"
343135,Senior Broadacre Crop and Livestock Farm Worker,2,"Identifies health and nutrition problems in livestock, and manages and supervises stock feeding and watering programs"
343135,Senior Broadacre Crop and Livestock Farm Worker,3,Supervises and undertakes the operation and maintenance of broadacre crop and livestock farming equipment and machinery
343135,Senior Broadacre Crop and Livestock Farm Worker,4,Implements biosecurity measures
343135,Senior Broadacre Crop and Livestock Farm Worker,5,"Oversees the inspection and maintenance of broadacre crop and livestock farm infrastructure, including fencing, and water supply and irrigation systems"
343135,Senior Broadacre Crop and Livestock Farm Worker,6,"Supervises, maintains and operates data collection and analysis and production technology systems, such as GPS, GIS, variable-rate technology, soil sensors and yield monitors"
343135,Senior Broadacre Crop and Livestock Farm Worker,7,Supervises work routines and trains Broadacre Crop and Livestock Farm Workers
343136,Senior Broadacre Crop Farm Worker,1,"Oversees the planting, cultivation and harvesting of broadacre crops"
343136,Senior Broadacre Crop Farm Worker,2,Supervises and undertakes the operation and maintenance of broadacre crop farming equipment and machinery
343136,Senior Broadacre Crop Farm Worker,3,"Oversees the inspection and maintenance of broadacre crop farm infrastructure, including fencing and water supply systems"
343136,Senior Broadacre Crop Farm Worker,4,"Organises and trains broadacre crop farm workers, and supervises work routines and day-to-day broadacre farm production operations"
343136,Senior Broadacre Crop Farm Worker,5,"Supervises, maintains and operates data collection and analysis and production technology systems such as GPS, GIS, variable-rate technology, soil sensors and yield monitors"
343136,Senior Broadacre Crop Farm Worker,6,May undertake or supervise the application of pesticides and other chemicals to broadacre crops
343137,Vineyard Supervisor,1,"Oversees the planting, cultivation and harvesting of wine grapes"
343137,Vineyard Supervisor,2,Supervises and undertakes the operation and maintenance of specialised vineyard equipment and machinery
343137,Vineyard Supervisor,3,"Oversees the inspection and maintenance of vineyard infrastructure, including fencing, trellising and water supply systems"
343137,Vineyard Supervisor,4,"Organises and trains vineyard workers, and supervises work routines and day-to-day vineyard production operations"
343231,Senior Beef Cattle Station Worker,1,Oversees beef cattle breeding programs and the rearing of calves
343231,Senior Beef Cattle Station Worker,2,"Develops and implements beef cattle feeding plans, and identifies beef cattle health and nutrition problems"
343231,Senior Beef Cattle Station Worker,3,"Establishes and maintains pastures and fodder crops for beef cattle production, and identifies plant health and nutrition problems"
343231,Senior Beef Cattle Station Worker,4,Supervises beef cattle health and welfare programs
343231,Senior Beef Cattle Station Worker,5,Implements biosecurity management measures
343231,Senior Beef Cattle Station Worker,6,"Supervises farming operations such as herding, catching and drenching beef cattle"
343231,Senior Beef Cattle Station Worker,7,"Supervises general farming activities such as maintenance and cleaning of beef cattle housing, water supply and irrigation systems, and other farm infrastructure"
343231,Senior Beef Cattle Station Worker,8,Supervises work routines and trains Beef Cattle Farm Workers
343232,Senior Cattle and Sheep Farm Worker,1,Oversees cattle and sheep breeding programs and the rearing of calves and lambs
343232,Senior Cattle and Sheep Farm Worker,2,"Develops and implements cattle and sheep feeding plans, and identifies health and nutrition problems in cattle and sheep"
343232,Senior Cattle and Sheep Farm Worker,3,"Establishes and maintains pastures and fodder crops for cattle and sheep production, and identifies plant health and nutrition problems"
343232,Senior Cattle and Sheep Farm Worker,4,Supervises health and welfare programs for cattle and sheep
343232,Senior Cattle and Sheep Farm Worker,5,Implements biosecurity management measures
343232,Senior Cattle and Sheep Farm Worker,6,"Supervises farming operations such as herding, catching, drenching and milking cattle and sheep"
343232,Senior Cattle and Sheep Farm Worker,7,"Supervises general farming activities such as maintenance and cleaning of cattle and sheep housing, water supply and irrigation systems, and other farm infrastructure"
343232,Senior Cattle and Sheep Farm Worker,8,Supervises work routines and trains Cattle and Sheep Farm Workers
343233,Senior Dairy Cattle Farm Worker,1,Oversees dairy cattle breeding programs and the rearing of calves
343233,Senior Dairy Cattle Farm Worker,2,"Develops and implements dairy cattle feeding plans, and identifies health and nutrition programs in dairy cattle"
343233,Senior Dairy Cattle Farm Worker,3,"Establishes and maintains pastures and fodder crops for dairy cattle production, and identifies plant health and nutrition problems"
343233,Senior Dairy Cattle Farm Worker,4,Supervises health and welfare programs for dairy cattle
343233,Senior Dairy Cattle Farm Worker,5,Implements biosecurity management measures
343233,Senior Dairy Cattle Farm Worker,6,"Supervises dairy cattle farming operations such as herding, droving, drenching and milking"
343233,Senior Dairy Cattle Farm Worker,7,"Supervises general farming activities such as the maintenance and cleaning of dairy cattle housing, milking systems, water supply and irrigation systems, and other dairy cattle farm infrastructure"
343233,Senior Dairy Cattle Farm Worker,8,Supervises work routines and trains dairy cattle farm workers
343234,Senior Horse Stable or Stud Worker,1,"Supervises horse farm or stable activities, including feeding, exercising, grooming and readying of horses for work, sport or recreational activities"
343234,Senior Horse Stable or Stud Worker,2,"Oversees the rearing of young horses, including the wellbeing of broodmares, foals, weanlings and yearlings"
343234,Senior Horse Stable or Stud Worker,3,"Supervises Stablehands, overseeing the cleaning and maintenance of stables and horse equipment"
343234,Senior Horse Stable or Stud Worker,4,"Supervises the assembly, preparation and storing of feed, bedding and horse equipment"
343234,Senior Horse Stable or Stud Worker,5,Prepares and attends to horses for transportation to race days and other sports and recreational activities
343234,Senior Horse Stable or Stud Worker,6,May train new Stablehands
343235,Senior Piggery Stockperson,1,"Oversees pig breeding programs, including caring for farrowing sows and rearing piglets"
343235,Senior Piggery Stockperson,2,"Develops and implements pig feeding programs, and identifies health and nutrition problems in pigs"
343235,Senior Piggery Stockperson,3,Supervises health and welfare programs for pigs
343235,Senior Piggery Stockperson,4,Implements biosecurity management measures
343235,Senior Piggery Stockperson,5,Manages water supply and irrigation systems
343235,Senior Piggery Stockperson,6,"Supervises general farming activities such as the movement of pigs, and maintenance and cleaning of pens and stalls, water supply systems, and other piggery infrastructure"
343235,Senior Piggery Stockperson,7,Supervises work routines and trains Piggery Farm Workers
343236,Senior Sheep Farm Worker,1,Oversees sheep breeding programs and the rearing of lambs
343236,Senior Sheep Farm Worker,2,"Develops and implements sheep feeding plans, and identifies health and nutrition programs in sheep"
343236,Senior Sheep Farm Worker,3,"Establishes and maintains pastures and fodder crops for sheep production, and identifies plant health and nutrition problems"
343236,Senior Sheep Farm Worker,4,Supervises health and welfare programs for sheep
343236,Senior Sheep Farm Worker,5,Implements biosecurity management measures
343236,Senior Sheep Farm Worker,6,"Supervises sheep farming operations such as herding, catching and drenching sheep"
343236,Senior Sheep Farm Worker,7,"Supervises general farming activities such as the maintenance and cleaning of sheep housing, water supply and irrigation systems, and other farm infrastructure"
343236,Senior Sheep Farm Worker,8,Supervises work routines and trains Sheep Farm Workers
343331,Shearer,1,Selects and prepares shearing equipment
343331,Shearer,2,Catches and positions animals for shearing
343331,Shearer,3,Shears and removes wool and hair from animals
343331,Shearer,4,"Identifies contaminated fibre and injured, infected and diseased animals"
343331,Shearer,5,Treats skin cuts on shorn animals
343331,Shearer,6,Returns shorn animals to let-out pens for counting and checking
343331,Shearer,7,"May service, maintain and repair shearing equipment"
343331,Shearer,8,May shear stud animals with hand shears or special combs
343332,Wool Classer,1,"Inspects fleece to determine its type according to physical characteristics such as staple length and strength, fibre diameter and colour"
343332,Wool Classer,2,Classes wool into lines to meet processors' requirements and to optimise growers' returns
343332,Wool Classer,3,Manages wool handling teams
343332,Wool Classer,4,"Instructs Wool Handlers and supervises the picking up, skirting, rolling and pressing of fleeces"
343332,Wool Classer,5,"Records wool characteristics and the details of pressed wool bales, and prepares wool clip documentation"
351131,Automotive Technician (General),1,Inspects lightweight vehicles to identify mechanical issues and determine the necessary repairs
351131,Automotive Technician (General),2,Uses computerised diagnostic tools to identify problems with petrol engines and mechanical parts of motor vehicles
351131,Automotive Technician (General),3,Repairs or replaces faulty parts and components of motor vehicles
351131,Automotive Technician (General),4,"Performs routine maintenance tasks on motor vehicles, such as oil changes and filter replacements"
351131,Automotive Technician (General),5,Inspects and road tests motor vehicles to ensure they are roadworthy
351231,Automotive Electrician,1,Inspects vehicles to identify electrical and electronic faults
351231,Automotive Electrician,2,Tests electrical systems and components to determine the cause of malfunctions in vehicles
351231,Automotive Electrician,3,"Maintains, repairs or replaces faulty wiring, switches and other electrical components in vehicles to ensure optimal performance"
351231,Automotive Electrician,4,Installs new electrical systems and components in vehicles
351231,Automotive Electrician,5,Uses diagnostic equipment to troubleshoot complex electrical issues with vehicles
351231,Automotive Electrician,6,Reads and interprets electrical diagrams and technical manuals relating to vehicles
351331,Panelbeater,1,Assesses vehicle damage and determines the best method of repair
351331,Panelbeater,2,"Removes damaged panels and parts, and straightens bent frames and panels using hydraulic jacks and pulling devices"
351331,Panelbeater,3,"Fills depressions with body filler, smooths surfaces using sandpaper, and fits and welds replacement panels into place"
351331,Panelbeater,4,Repaints repaired surfaces using spray guns and other painting equipment
351331,Panelbeater,5,Reassembles vehicle parts and checks for proper alignment and functioning
351331,Panelbeater,6,Tests repaired vehicles to ensure safety and quality standards are met
351431,Agricultural Mechanic,1,"Diagnoses, repairs and maintains agricultural machinery and equipment such as tractors, harvesters, irrigation systems and seeding equipment"
351431,Agricultural Mechanic,2,"Repairs and services engines, transmissions, electrical, hydraulic, air conditioning and other systems"
351431,Agricultural Mechanic,3,Calibrates precision agricultural system and machinery settings for specialised agricultural practices
351431,Agricultural Mechanic,4,Tests and adjusts vehicle and machinery systems to ensure proper functioning by using diagnostic and digital equipment to identify and troubleshoot issues
351431,Agricultural Mechanic,5,Provides advice and guidance to farmers and agricultural workers on equipment maintenance and operation
351432,Bicycle Technician,1,Performs advanced diagnostics by identifying and troubleshooting mechanical and electronic issues in bicycles using specialised equipment
351432,Bicycle Technician,2,"Assembles bicycles from parts or kits, and modifies bicycles according to customer specifications, including fitting specialised parts"
351432,Bicycle Technician,3,"Builds bicycle wheels, and fits and maintains tyres"
351432,Bicycle Technician,4,Repairs and overhauls bicycle hydraulic braking and drivetrain systems
351432,Bicycle Technician,5,Services and tunes electronic gear shifting systems for high-end bicycles
351432,Bicycle Technician,6,"Maintains and repairs electric bicycle and scooter components such as motors, batteries, controllers and wiring"
351433,Diesel Technician,1,"Inspects diesel motors in heavy and lightweight vehicles, and mechanical parts to identify faults and determine repair requirements"
351433,Diesel Technician,2,"Tests and diagnoses faults in diesel motors and mechanical systems using electronic diagnostic equipment, and interprets findings"
351433,Diesel Technician,3,"Dismantles and removes engine assemblies, transmissions, steering mechanisms and other components, and checks parts"
351433,Diesel Technician,4,"Repairs or replaces worn and faulty parts by welding, bolting, riveting or soldering"
351433,Diesel Technician,5,Reassembles engine components and installs repaired engines in vehicles
351433,Diesel Technician,6,"Adjusts and repairs electrical and mechanical systems such as ignition, fuel injection, and cooling and lubrication systems"
351433,Diesel Technician,7,Tests and adjusts mechanical systems after repairs and servicing
351433,Diesel Technician,8,"Performs routine maintenance such as changing oil, checking batteries, and lubricating equipment and machinery"
351434,Electric Vehicle Technician,1,Diagnoses and repairs faults in electric vehicle energy storage units and their electronic battery management systems
351434,Electric Vehicle Technician,2,Performs service and maintenance of traction motors
351434,Electric Vehicle Technician,3,Tests and replaces speed control systems
351434,Electric Vehicle Technician,4,Calibrates auxiliary motors and their associated components
351434,Electric Vehicle Technician,5,Inspects and repairs system instrumentation and safety interlocks
351434,Electric Vehicle Technician,6,"Maintains, tests and repairs heating and cooling systems for energy storage units"
351434,Electric Vehicle Technician,7,"Maintains, tests and repairs mechanical systems of electric and hybrid vehicles"
351435,Marine Technician,1,Conducts diagnostic assessments on marine engines and equipment to identify issues and determine the necessary repairs
351435,Marine Technician,2,"Carries out repair, replacement and maintenance on small marine engines, outboard motors, propulsion systems and other related equipment"
351435,Marine Technician,3,"Installs and configures marine electronics, navigation systems and related equipment, ensuring proper integration"
351435,Marine Technician,4,Conducts performance tests on marine systems and components to ensure compliance with maritime standards and regulations
351436,Motorcycle Technician,1,Inspects motorcycles to identify mechanical issues
351436,Motorcycle Technician,2,Tests motorcycles to diagnose problems and determine necessary repairs
351436,Motorcycle Technician,3,"Uses specialised diagnostic equipment to troubleshoot complex issues with engines, transmissions and electrical components"
351436,Motorcycle Technician,4,Repairs or replaces faulty and worn-out mechanical parts of motorcycles
351436,Motorcycle Technician,5,"Adjusts and tunes engines, brakes and other mechanical systems"
351436,Motorcycle Technician,6,"Performs routine maintenance tasks such as oil changes, battery checks and fitting tyres"
351436,Motorcycle Technician,7,Conducts tests post service or repair to assess motorcycle safety and roadworthiness
351437,Small Engine Technician,1,Inspects small engines to identify faults and determine necessary repairs
351437,Small Engine Technician,2,"Performs routine maintenance tasks such as oil changes and filter replacements, and cleans and lubricates engine parts"
351437,Small Engine Technician,3,"Repairs or replaces defective mechanical parts such as pistons, rings, bearings, valves and carburettors"
351437,Small Engine Technician,4,Uses diagnostic equipment to troubleshoot small engine problems
351437,Small Engine Technician,5,Adjusts engine components such as ignition timing and fuel mixture
351437,Small Engine Technician,6,Disassembles small engines and examines parts for defects and wear
351437,Small Engine Technician,7,Reassembles small engines and tests them to ensure proper functioning
351531,Vehicle Body Builder,1,Reads and interprets engineering drawings and specifications
351531,Vehicle Body Builder,2,Fabricates and welds metal components to build vehicle bodies
351531,Vehicle Body Builder,3,"Constructs, assembles and installs vehicle body components such as doors, windows and panels"
351531,Vehicle Body Builder,4,Operates machinery and equipment such as cutting and bending machines
351531,Vehicle Body Builder,5,Repairs and replaces damaged vehicle body parts
351531,Vehicle Body Builder,6,Conducts quality checks and inspections on finished vehicle bodies
351532,Vehicle Trimmer,1,Inspects vehicles for interior trim repairs or replacements needed
351532,Vehicle Trimmer,2,Repairs or replaces damaged or worn interior trim components
351532,Vehicle Trimmer,3,"Installs new interior trim components such as seats, linings, floor coverings and door trims"
351532,Vehicle Trimmer,4,"Cuts and sews fabric or upholstery materials, and applies adhesives or fasteners to fit and secure interior trim components"
351532,Vehicle Trimmer,5,Tests installed interior trim components for proper functionality and appearance
351532,Vehicle Trimmer,6,Collaborates with other automotive professionals to ensure proper coordination of interior trim installations
351631,Vehicle Painter,1,"Prepares surfaces of vehicles for painting by cleaning, sanding and masking"
351631,Vehicle Painter,2,Matches and mixes paint colours to vehicle specifications
351631,Vehicle Painter,3,"Applies paint to vehicles using spray guns, brushes or rollers, ensuring paint coverage is even and smooth"
351631,Vehicle Painter,4,Applies clear coat and other protective finishes to vehicles
351631,Vehicle Painter,5,Inspects painted vehicles for quality and makes any necessary touch-ups or repairs
361131,Floor Finisher,1,"Measures, cuts and trims flooring materials to fit the dimensions of the area to be covered"
361131,Floor Finisher,2,"Prepares the subfloor by cleaning, leveling and repairing any imperfections"
361131,Floor Finisher,3,"Uses appropriate tools and equipment to lay carpet, timber or vinyl flooring, spread resin or polish concrete flooring"
361131,Floor Finisher,4,"Applies adhesives, nails or other fasteners to ensure secure flooring installation"
361131,Floor Finisher,5,Repairs or replaces damaged or worn flooring materials
361231,Painter,1,"Prepares surfaces by removing old paint and filling holes and cracks, and covers surfaces with drop cloths or masking tape to protect surrounding areas"
361231,Painter,2,Selects and mixes paints and stains to achieve desired colour and texture
361231,Painter,3,"Applies paint, varnish, wallpaper and other finishes using brushes, rollers, sprayers or other tools"
361231,Painter,4,"Smooths and sands surfaces between coats of paint or varnish, and inspects finished work to ensure quality and adherence to client specifications"
361231,Painter,5,"Collaborates with clients to determine colour schemes and finishes, and estimates materials and labour costs for painting projects"
362131,Glazier,1,"Measures and assesses the type and dimensions of glass and mirrors required in the installation of windows, skylights, display cases, interior walls and ceilings"
362131,Glazier,2,Removes and replaces damaged or broken glass and mirrors
362131,Glazier,3,"Cuts and shapes glass and mirrors to specified dimensions, smooths rough edges, applies decorative finishes, and marks any defective areas in the final product"
362131,Glazier,4,"Prepares surfaces for glass and mirror installation, including cleaning and applying adhesives"
362131,Glazier,5,Ensures proper alignment and positioning of glass and mirrors before installation
362131,Glazier,6,"Fits glass and mirrors into frames, windows, skylights, doors and other structures"
362231,Plasterer (Wall and Ceiling),1,"Determines plasterboard layout, and installs insulation and vapour barriers"
362231,Plasterer (Wall and Ceiling),2,"Measures, marks and cuts plasterboard, lifts and positions panels, and secures them to walls, ceilings and battens"
362231,Plasterer (Wall and Ceiling),3,Prepares corner beads and secures them into position
362231,Plasterer (Wall and Ceiling),4,"Covers joins and nail holes with wet plaster, joint tape and sealing compound, then smooths them using wet brush and sandpaper"
362231,Plasterer (Wall and Ceiling),5,"Plumbs and straightens corners, angles and wall ceiling surfaces"
362231,Plasterer (Wall and Ceiling),6,"Applies and finishes acoustic, insulating and fireproofing materials bonded with plaster, plastic cement and similar materials"
362232,Renderer (Solid Plaster),1,"Fixes pre-cast cornices, panel mouldings, ceiling centres and other plaster fittings"
362232,Renderer (Solid Plaster),2,"Mixes and applies coats of plaster, cement and render to structures using trowels and levels, and smooths coats to uniform thickness"
362232,Renderer (Solid Plaster),3,"Prepares surfaces for rendering by cleaning, removing old plaster and applying bonding agents"
362232,Renderer (Solid Plaster),4,"Plumbs and straightens corners, angles, and wall and ceiling surfaces"
362232,Renderer (Solid Plaster),5,Creates decorative textures in finishing coats
362232,Renderer (Solid Plaster),6,Repairs and patches damaged or deteriorated plaster and cement surfaces
362331,Roof Tiler,1,"Studies drawings, specifications and work sites to determine roofing materials required"
362331,Roof Tiler,2,Prepares the roof face by setting out the roof surface and applying sarking
362331,Roof Tiler,3,"Measures, cuts and fixes battens using fasteners"
362331,Roof Tiler,4,"Cuts and shapes roofing materials to fit around vents, chimney edges, corners and ridges"
362331,Roof Tiler,5,"Installs and secures roof tiles, sheets or shingles, including fixing edge and ridge tiles in cement mortar"
362331,Roof Tiler,6,"Checks existing roof coverings, battens, sarking, boarding and flashing installations for damage, and repairs or replaces them as required"
362431,Wall and Floor Tiler,1,"Examines plans to identify project requirements, measures and marks surfaces, and lays out work"
362431,Wall and Floor Tiler,2,"Prepares wall and floor surfaces by removing old tiles, grout and adhesive, filling holes and cracks, and cleaning surfaces"
362431,Wall and Floor Tiler,3,Applies waterproofing systems
362431,Wall and Floor Tiler,4,"Uses tile-cutting tools to cut and shape tiles to fit around edges, corners, fittings and pipes"
362431,Wall and Floor Tiler,5,"Spreads adhesive onto prepared surfaces and tiles, sets tiles into position, and ensures they are correctly aligned and spaced"
362431,Wall and Floor Tiler,6,"Installs and secures tiles, and applies grout and polish to tiled surfaces"
362431,Wall and Floor Tiler,7,"Checks existing tiles for damage, and repairs or replaces them as required"
362431,Wall and Floor Tiler,8,"May lay floors of granolithic, terrazzo, cement or similar composition"
362431,Wall and Floor Tiler,9,May lay coloured tiles in patterns to create mosaics
363131,Plumber (General),1,Interprets blueprints to plan plumbing system layout
363131,Plumber (General),2,Joins pipes and fittings using various techniques
363131,Plumber (General),3,"Installs and repairs water supply, drainage systems and fixtures"
363131,Plumber (General),4,Installs and repairs solar hot water and heat pump systems
363131,Plumber (General),5,Installs and repairs gas lines and appliances in compliance with safety regulations
363131,Plumber (General),6,Installs and maintains fire hydrants and hose reels
363131,Plumber (General),7,Tests plumbing systems for leaks and issues
363131,Plumber (General),8,Clears blockages in pipes and drains
363131,Plumber (General),9,Maintains and repairs plumbing systems in various types of buildings
363231,Gasfitter,1,"Installs and tests liquefied petroleum gas, hydrogen, biogas and other natural gasfitting lines"
363231,Gasfitter,2,"Installs and commissions gas appliances, such as hot water services, space heaters, ducted heating units, gas stoves and cooktops"
363231,Gasfitter,3,Installs flues through ceilings and roofs with appropriate clearances and flue termination
363231,Gasfitter,4,Identifies and repairs gas leaks in piping systems and appliances
363231,Gasfitter,5,Performs routine maintenance on gas appliances to ensure their proper functioning
363331,Roof Plumber,1,Inspects roofs for damage and performs necessary repairs
363331,Roof Plumber,2,Removes damaged or old roofing materials and disposes of them properly
363331,Roof Plumber,3,"Measures, cuts and installs roofing materials such as metal sheets, tiles or shingles"
363331,Roof Plumber,4,Applies waterproofing materials to roofs and walls
363331,Roof Plumber,5,Installs and repairs flashings to prevent water leakage
363331,Roof Plumber,6,Fabricates and installs gutters and downpipes
363931,Drainer,1,Studies drawings and specifications to determine layout of plumbing systems and materials required
363931,Drainer,2,Installs sewerage and effluent pumping equipment and disposal systems
363931,Drainer,3,"Installs below-ground drainage systems, including pipes, fittings and fixtures"
363931,Drainer,4,"Tests, maintains and repairs drainage systems to ensure proper functioning, and clears blockages if required"
363931,Drainer,5,Conducts inspections and maintenance of sewerage or effluent disposal systems
363932,Fire Protection Plumber,1,"Installs, tests and maintains safety sprinkler systems"
363932,Fire Protection Plumber,2,"Installs control valve assemblies, special hazard systems, fixed fire pump sets and portable fire equipment in accordance with Australian standards"
363932,Fire Protection Plumber,3,Connects static storage tanks for fixed fire protection systems
363932,Fire Protection Plumber,4,Tests and maintains fire hydrant and hose reel installations
363932,Fire Protection Plumber,5,Tests the integrity and function of water-based fire-suppression systems
363932,Fire Protection Plumber,6,"Inspects, tests and maintains gaseous fire-suppression systems"
363933,Mechanical Services Plumber,1,"Assembles and installs mechanical services plant, air handling and conditioning equipment, and small-bore heating systems"
363933,Mechanical Services Plumber,2,"Maintains and repairs piping (excluding drinking water and refrigerant pipework, flow controls and components), ducting, and equipment for heating, cooling and ventilation systems"
363933,Mechanical Services Plumber,3,"Installs, maintains and tests medical gas systems"
363933,Mechanical Services Plumber,4,Fabricates and installs sheet metal ductwork around installed systems
363933,Mechanical Services Plumber,5,Insulates piping used for hot water or steam pipes
363933,Mechanical Services Plumber,6,"Installs and commissions single head split systems, ceiling cassette systems and add-on condenser units for ducted systems"
369131,Cabinet Maker,1,Interprets drawings and specifications to create cabinets
369131,Cabinet Maker,2,Selects and works with various materials for construction
369131,Cabinet Maker,3,"Cuts, shapes and assembles materials to build cabinetry and fittings"
369131,Cabinet Maker,4,Utilises CAD and numerical control machines for precision
369131,Cabinet Maker,5,Applies finishes to cabinetry and fittings for aesthetics
369131,Cabinet Maker,6,Collaborates with clients and tradespeople for accurate installation
369131,Cabinet Maker,7,Installs cabinetry and fittings in various areas
369131,Cabinet Maker,8,Repairs or replaces damaged cabinetry and fittings
369931,Shopfitter,1,"Specifies, orders and prepares materials for fitouts, including business-specific equipment, fixtures and fittings"
369931,Shopfitter,2,"Prepares detailed, accurate design plans for fitouts using drawings, sketches or computer software"
369931,Shopfitter,3,"Sets out, fabricates and assembles shopfronts, commercial entries, bulkheads, component fittings, cabinets, showcases, wall units and workstations"
369931,Shopfitter,4,"Constructs and erects wall and ceiling framing, including installing internal linings, assembling partition frames and installing curtain walling"
369931,Shopfitter,5,"Schedules and coordinates other tradespeople such as Electricians, Plumbers and Painters required to complete the fitout"
369932,Swimming Pool and Spa Builder,1,Excavates soil and debris to prepare the site for pool and spa construction
369932,Swimming Pool and Spa Builder,2,"Constructs pool and spa shells using materials such as concrete, fibreglass or vinyl"
369932,Swimming Pool and Spa Builder,3,"Installs plumbing systems for pool and spa circulation and filtration, and electrical systems for pool lighting and equipment"
369932,Swimming Pool and Spa Builder,4,"May undertake the installation of pool hardscape areas such as decking or paving, and incorporate water features and other decorative elements into pool design"
369933,Waterproofer,1,Applies caulking and sealants to joints and gaps in structures using specialised equipment
369933,Waterproofer,2,Lays membranes and sprays or brushes on protective coatings to surfaces to prevent penetration of moisture
369933,Waterproofer,3,Inspects and repairs existing waterproofing systems
369933,Waterproofer,4,Measures and cuts waterproofing materials to fit specific areas
371131,Bricklayer,1,"Studies plans and specifications to determine materials required, dimensions and installation procedures"
371131,Bricklayer,2,Erects and dismantles restricted height scaffolding
371131,Bricklayer,3,Seals foundations with damp-resistant materials and spreads layers of mortar to serve as base and binder for building blocks
371131,Bricklayer,4,"Cuts building blocks using machines and hand tools, and shapes blocks to fit irregular spaces"
371131,Bricklayer,5,"Sets out blockwork and lays building blocks in rows, designs and shapes"
371131,Bricklayer,6,"Embeds building blocks in mortar ensuring construction is level, plumb and aligned, and removes excess mortar"
371131,Bricklayer,7,Installs lintels and flashings to openings
371131,Bricklayer,8,"Repairs and maintains bricks, cement blocks and related structures"
371131,Bricklayer,9,"May prepare base and bedding courses, and lay segmental paving"
371132,Stonemason,1,"Studies plans and specifications to determine materials required, dimensions and installation procedures"
371132,Stonemason,2,"Measures, marks dimensions, outlines, splits, cuts, shapes and finishes stone blocks and masonry slabs using hand tools and machinery"
371132,Stonemason,3,Sets out and cuts letters and designs into stone
371132,Stonemason,4,"Lays stone blocks and large masonry slabs to construct structures such as walls, arches and pillars, ensuring they are level and plumb"
371132,Stonemason,5,Constructs and installs stone construction elements such as benchtops and splashbacks
371132,Stonemason,6,"Assesses damage to and repairs stonework, including on old or heritage buildings and monuments"
371132,Stonemason,7,"May design, cut and install monumental masonry"
371231,Concreter,1,Reads and interprets construction plans and specifications
371231,Concreter,2,Determines the quantity and type of concrete required for a project
371231,Concreter,3,Supervises and directs the work of Concreter's Labourers
371231,Concreter,4,"Prepares the site for concrete pouring, including clearing and leveling the area"
371231,Concreter,5,"Installs reinforcement materials such as rebar, to strengthen concrete"
371231,Concreter,6,Mixes and pours concrete into the designated areas
371231,Concreter,7,Spreads and levels concrete using tools such as screeds and trowels
371231,Concreter,8,Finishes concrete surfaces to achieve the desired texture and appearance
371231,Concreter,9,Cures and protects concrete to ensure proper hardening and durability
371231,Concreter,10,May construct formwork to hold wet concrete in place
372131,Carpenter and Joiner,1,"Studies blueprints, drawings and specifications to determine materials required and dimensions of structures or fixtures"
372131,Carpenter and Joiner,2,"Operates woodworking machines to cut, shape and fit timber parts to form structures and fixtures such as cabinets, doors and window frames, and installs them using hand and power tools"
372131,Carpenter and Joiner,3,"Constructs and installs stairs, handrails and balustrades"
372131,Carpenter and Joiner,4,"Applies finishes such as paint, stain or varnish, and installs hardware such as hinges, locks and handles, on structures and fixtures"
372131,Carpenter and Joiner,5,"Erects frameworks for structures such as walls, floors and roofs, using scaffolding and ladders"
372132,Carpenter,1,"Interprets plans, specifications and drawings to determine carpentry materials required, dimensions and installation procedures"
372132,Carpenter,2,"Sets out, constructs and erects wall and ceiling frames, constructs eaves, and erects roof trusses"
372132,Carpenter,3,"Constructs and installs structures such as walls, flooring systems, external stairs, panelling and partitions using mechanical fasteners such as nails, screws and brackets"
372132,Carpenter,4,"Fits and installs windows and doors into wall frames, and installs associated furnishings such as hinges, handles and locks"
372132,Carpenter,5,"Repairs and renovates wooden structures, including by removing and replacing damaged or deteriorated timber"
372132,Carpenter,6,May construct and install formwork for concrete structures
372133,Joiner,1,"Interprets plans, specifications and drawings to determine joinery materials and methods required to meet project specifications"
372133,Joiner,2,"Uses hand or power tools and static machines, and programs and operates computer-controlled machinery to produce joinery components"
372133,Joiner,3,"Manufactures and assembles joinery components such as multi panelled doors, window sashes and cabinet carcasses"
372133,Joiner,4,"Designs, manufactures and finishes wooden stairs, including stair posts, handrails and balustrades"
372133,Joiner,5,"Assembles components using joinery methods such as clamps, cramps, pressers, packers and wedges"
372133,Joiner,6,Disassembles joinery components and packages them for transport
381131,Electrical Distribution Trades Worker,1,"Installs and maintains distribution overhead and underground conductors and cables, low voltage overhead services, poles, structures and hardware"
381131,Electrical Distribution Trades Worker,2,Installs cable joints in underground conduits and trenches
381131,Electrical Distribution Trades Worker,3,"Performs routine maintenance of overhead and underground power lines, cables and auxiliary equipment"
381131,Electrical Distribution Trades Worker,4,Identifies and diagnoses faults and solves problems in the distribution and underground networks
381131,Electrical Distribution Trades Worker,5,Inspects and tests cables and cable joints to identify faults and determine repair or replacement needs
381131,Electrical Distribution Trades Worker,6,"Selects and prepares cables, connectors and other material for cable jointing"
381131,Electrical Distribution Trades Worker,7,Terminates cables by connecting them to electrical equipment and overhead lines
381131,Electrical Distribution Trades Worker,8,May operate heavy plant equipment such as elevated work platforms and portable equipment such as hydraulic drills
381131,Electrical Distribution Trades Worker,9,"May undertake substation installation and maintenance, and specialised testing and revenue meter installation"
381231,Electrician (General),1,"Interprets and uses technical drawings, circuit wiring and mechanical diagrams, equipment and cable/connection schedules and manuals to undertake electrical wiring work"
381231,Electrician (General),2,"Installs, repairs, maintains and tests electrical and electrotechnology systems and equipment, including wiring, switches, outlets, circuit breakers, transformers and lighting fixtures"
381231,Electrician (General),3,Measures and lays out electrical installation sequences
381231,Electrician (General),4,"Selects, cuts and connects wire and cables to circuit breakers, transformers or other electrical components in residential and commercial settings"
381231,Electrician (General),5,Connects electrical systems to power supply
381231,Electrician (General),6,"Tests continuity, resistance and compliance to standards of electrical circuits"
381232,Electrical Fitter,1,"Carries out electrical fitting and assembling works, including placing, aligning and adjusting for heavy current equipment and machines, or fabricates parts for such equipment"
381232,Electrical Fitter,2,"Installs, modifies or repairs electrical machines and equipment, such as motor starters, motors, controllers, switchgear, switchboards, busbars, transformers, control panels and defence systems"
381232,Electrical Fitter,3,"Interprets and uses electrical specifications, wiring and circuit diagrams, plant schematics, schedules and specifications to undertake electrical wiring work associated with assembling, maintaining, terminating or altering the wiring between electrical components within plant or machinery"
381232,Electrical Fitter,4,"Inspects, tests, commissions, maintains and services electrical systems, machines, equipment and components"
381232,Electrical Fitter,5,"Installs and maintains meters, instruments, relays and protection equipment"
381232,Electrical Fitter,6,Performs isolations - energy lock out/tag out procedures
381233,Industrial Electrician,1,"Installs, connects and maintains electrical control systems in industrial facilities"
381233,Industrial Electrician,2,"Diagnoses, fault finds and repairs industrial electrical systems"
381233,Industrial Electrician,3,Performs service and maintenance on electrical systems and equipment in industrial facilities for compliance with safety standards and regulations
381233,Industrial Electrician,4,"Interprets and uses technical drawings, circuit wiring and mechanical diagrams, equipment and cable/connection schedules and manuals to undertake electrical wiring work in industrial settings"
381233,Industrial Electrician,5,Collaborates with engineers and other professionals to plan and execute industrial electrical projects
381234,Lift Mechanic,1,"Installs and commissions new lift equipment, including cables, counterweights, pumps, motor foundations, and safety and control devices"
381234,Lift Mechanic,2,"Tests and adjusts assemblies, including cables, wiring and electric controls, and adjusts safety devices such as brakes and speed governors"
381234,Lift Mechanic,3,"Diagnoses and repairs faults in lift motors, brakes, switches and electrical and electronic control systems"
381234,Lift Mechanic,4,Performs routine maintenance and servicing of lifts and escalators
381234,Lift Mechanic,5,Replaces worn or faulty parts in lift equipment
381234,Lift Mechanic,6,Responds to emergency call-outs to repair lift equipment
382131,Air Conditioning and Refrigeration Technician,1,"Installs air conditioning and refrigeration systems and equipment in industrial, commercial and domestic settings"
382131,Air Conditioning and Refrigeration Technician,2,Assembles components and parts to construct air conditioning and refrigeration systems
382131,Air Conditioning and Refrigeration Technician,3,"Repairs and maintains air conditioning and refrigeration components such as compressors, motors, condensers, evaporators and pumps"
382131,Air Conditioning and Refrigeration Technician,4,"Repairs and maintains air conditioning and refrigeration lines used for refrigerant, liquids and gases in the air conditioning, heating or cooling process"
382131,Air Conditioning and Refrigeration Technician,5,Tests operational air conditioning and refrigeration systems to prevent breakdowns and ensure optimal performance
382131,Air Conditioning and Refrigeration Technician,6,"Fills systems with gas or fluid to check for leaks, and removes gas and fluids with vacuum pumps"
382131,Air Conditioning and Refrigeration Technician,7,Recovers and fills refrigerant in air conditioning and refrigeration systems
382231,Communications Operator,1,"Receives and transmits radio messages using morse code, voice and radio teletype"
382231,Communications Operator,2,Monitors and maintains radio equipment
382231,Communications Operator,3,Follows established procedures and protocols for radio communication
382231,Communications Operator,4,"Maintains communication with other operators, and provides information and assistance to personnel to relay messages accurately and efficiently"
382231,Communications Operator,5,"Maintains confidentiality and security of sensitive information transmitted over the radio, and keeps accurate records of all radio communications"
382232,Electronic Equipment Trades Worker,1,"Installs, calibrates and adjusts electronic equipment and systems to meet required standards"
382232,Electronic Equipment Trades Worker,2,Tests and troubleshoots electronic equipment and systems to identify and resolve faults
382232,Electronic Equipment Trades Worker,3,Repairs and replaces faulty components and parts in electronic equipment and systems
382232,Electronic Equipment Trades Worker,4,Maintains and services electronic equipment and systems to ensure optimal performance
382233,Electronic Instrument Technician,1,"Installs and commissions complex electronic instruments and control systems for monitoring, controlling and automating processes"
382233,Electronic Instrument Technician,2,Modifies and upgrades existing electronic instruments and control systems
382233,Electronic Instrument Technician,3,"Performs routine maintenance and inspections, including diagnosing, troubleshooting faults, calibrating and testing"
382233,Electronic Instrument Technician,4,Repairs and replaces faulty components in electronic instruments and control systems
382234,Office Equipment Technician,1,"Examines and tests electronic office equipment such as multifunction devices, printers and photocopiers, to diagnose and troubleshoot issues"
382234,Office Equipment Technician,2,Installs new equipment and performs routine maintenance to ensure optimal performance
382234,Office Equipment Technician,3,"Repairs electronic office equipment by replacing faulty, worn or defective components and wiring"
382234,Office Equipment Technician,4,"Provides technical support, training and assistance to users of electronic office equipment"
382234,Office Equipment Technician,5,Keeps records of maintenance and repair activities for electronic office equipment
382234,Office Equipment Technician,6,Orders and maintains inventory of spare parts and supplies for electronic office equipment
382331,Cabler (Data and Telecommunications),1,"Installs and connects cables to distribution frames, cabinets and other telecommunications equipment"
382331,Cabler (Data and Telecommunications),2,"Identifies, locates and rectifies faults in data and telecommunications cable installations"
382331,Cabler (Data and Telecommunications),3,"Sets up and configures data communication systems, local area networks and wireless communication networks"
382332,Telecommunications Cable Technician,1,Inspects and tests telecommunications cables to identify faults and determine repair requirements
382332,Telecommunications Cable Technician,2,Locates and excavates cable faults using appropriate tools and equipment
382332,Telecommunications Cable Technician,3,Joins and terminates copper and fibre optic cables using appropriate connectors and splicing techniques
382332,Telecommunications Cable Technician,4,Installs and repairs underground pipes and trenches to accommodate telecommunications cables
382332,Telecommunications Cable Technician,5,Installs and repairs overhead systems for telecommunications cables
382332,Telecommunications Cable Technician,6,Tests and measures cable performance using specialised equipment
382333,Telecommunications Linesworker,1,"Installs and maintains external telecommunication equipment such as aerial lines, conduits and underground cables"
382333,Telecommunications Linesworker,2,Repairs and replaces damaged or faulty telecommunication equipment
382333,Telecommunications Linesworker,3,Installs and maintains radio and mobile phone antennae
382333,Telecommunications Linesworker,4,Tests and troubleshoots telecommunication equipment to identify and resolve issues
382333,Telecommunications Linesworker,5,Performs routine maintenance on telecommunication equipment
382333,Telecommunications Linesworker,6,"Works at heights on a range of telecommunications structures, such as poles, towers and masts"
382334,Telecommunications Technician,1,"Installs telecommunications equipment and appliances in homes, businesses, telephone exchanges and other network sites"
382334,Telecommunications Technician,2,"Diagnoses and locates equipment faults, and adjusts, replaces or repairs telecommunications equipment"
382334,Telecommunications Technician,3,Performs routine inspections and preventative maintenance on telecommunications equipment and appliances
382334,Telecommunications Technician,4,Configures and programs telecommunications equipment and appliances according to specifications
382334,Telecommunications Technician,5,Provides technical support and assistance to customers and end-users of telecommunications equipment and appliances
391131,Gallery or Museum Technician,1,Mounts and prepares objects for display
391131,Gallery or Museum Technician,2,"Designs and arranges exhibit furnishings, display cases and display areas"
391131,Gallery or Museum Technician,3,"Assists in setting up lighting, sound systems, audio visual presentations and display equipment"
391131,Gallery or Museum Technician,4,"Receives, ships, packs and unpacks exhibits"
391131,Gallery or Museum Technician,5,May undertake fabrication and painting for exhibitions and collection needs
391132,Library Technician,1,"Provides access to library resources, records and systems through data management, cataloguing and classification"
391132,Library Technician,2,Maintains library and information sources throughout their lifecycle
391132,Library Technician,3,Searches library and information databases to assist customers with reference and research enquiries in the physical and virtual environment
391132,Library Technician,4,Operates library digital technologies and platforms
391132,Library Technician,5,Arranges interlibrary loans
391132,Library Technician,6,"Develops, promotes and presents programs, including displays and library tours"
391231,Audio Engineer,1,"Sets up, tests and operates audio equipment for recordings or live productions"
391231,Audio Engineer,2,Adjusts audio levels and quality to ensure optimal sound
391231,Audio Engineer,3,Mixes and balances audio tracks to create desired effects
391231,Audio Engineer,4,Edits and enhances audio recordings using software and equipment
391231,Audio Engineer,5,"Maintains, repairs and troubleshoots audio equipment to ensure proper functioning"
391231,Audio Engineer,6,"Collaborates with directors, producers and performers to achieve desired sound outcomes"
391232,Broadcast Technician,1,"Monitors, logs and adjusts broadcast transmitters to ensure signal quality and transmission accuracy"
391232,Broadcast Technician,2,"Operates, installs and tests consoles and equipment to control the broadcast transmission process"
391232,Broadcast Technician,3,Receives and follows instructions from broadcast directors or producers regarding transmission schedules and content
391232,Broadcast Technician,4,"Troubleshoots and resolves technical problems with broadcast transmitters, such as signal interference or equipment malfunctions"
391232,Broadcast Technician,5,Collaborates with other broadcast staff to coordinate and synchronise transmission activities
391232,Broadcast Technician,6,"Maintains and updates records of transmission schedules, equipment maintenance, and any changes to transmission procedures"
391233,"Camera Operator (Film, Television or Video)",1,"Sets up cameras and related equipment for film, television, live performances or video productions"
391233,"Camera Operator (Film, Television or Video)",2,Operates cameras to capture scenes according to the director's instructions
391233,"Camera Operator (Film, Television or Video)",3,"Adjusts camera settings such as focus, exposure and lighting to achieve desired visual effects"
391233,"Camera Operator (Film, Television or Video)",4,"Collaborates with directors, Cinematographers, Lighting Technicians and other crew members to determine camera angles, movements, lighting and shots"
391233,"Camera Operator (Film, Television or Video)",5,Monitors camera feeds and makes necessary adjustments during filming
391233,"Camera Operator (Film, Television or Video)",6,Maintains and troubleshoots camera equipment to ensure optimal performance
391233,"Camera Operator (Film, Television or Video)",7,Assists with the planning and execution of camera movements and shots
391233,"Camera Operator (Film, Television or Video)",8,"May operate specialised camera equipment such as cranes, dollies, drones and Steadicams"
391234,Lighting Technician,1,"Sets up and positions lighting equipment for film, television, live performance or video productions"
391234,Lighting Technician,2,Operates lighting consoles and controls lighting effects during productions
391234,Lighting Technician,3,Adjusts lighting levels and angles to achieve desired visual effects
391234,Lighting Technician,4,"Collaborates with directors, producers and other crew members to determine lighting requirements"
391234,Lighting Technician,5,"Installs, maintains and troubleshoots lighting fixtures and equipment"
391234,Lighting Technician,6,Creates lighting plots and designs for productions
391234,Lighting Technician,7,Coordinates with other technicians to ensure smooth operation of lighting equipment
391331,Photographer,1,Plans and prepares for photography sessions
391331,Photographer,2,"Organises, sets up and adjusts camera equipment, lighting and props"
391331,Photographer,3,Directs and guides individuals or groups for desired poses
391331,Photographer,4,Composes and frames shots to capture subjects and emotions
391331,Photographer,5,Edits and enhances photographs using software
391331,Photographer,6,Maintains and organises photography equipment and studio
391331,Photographer,7,"May print, mount and present photographs in various formats"
391431,Graphic Pre-press Operator,1,"Operates graphic cameras and digital tools to produce high resolution, print-ready files"
391431,Graphic Pre-press Operator,2,"Uses computer applications to generate images, text, layouts and impositions for print and other visual media displays"
391431,Graphic Pre-press Operator,3,"Operates plate making equipment to reproduce images from film to printing plates, digital output devices, and presses"
391431,Graphic Pre-press Operator,4,"Uses digital design platforms for scanning, colour management, combining, layering and preparing visuals for print"
391431,Graphic Pre-press Operator,5,"Carries out digital proofing processes to ensure clarity and accuracy in printed proofs, and corrects them for quality"
391431,Graphic Pre-press Operator,6,Analyses and refines printed samples to obtain required quality and consistency
391432,Print Finisher,1,Sets up and supervises the operation of automatic binding and finishing equipment
391432,Print Finisher,2,"Binds full, half and limp-bound books, and repairs bindings"
391432,Print Finisher,3,"Folds printed sheets to prepare booklets, brochures and other printed items, and embellishes printed products"
391432,Print Finisher,4,"Operates paper guillotines for pre-press and post-press paper cutting and trimming, and programs electronically operated units"
391432,Print Finisher,5,"Operates systems to insert printed material into newspapers, magazines and envelopes"
391433,Printing Machinist,1,"Sets, adjusts and monitors substrate-feed mechanisms, delivery mechanisms, inking systems and other printing machine functions"
391433,Printing Machinist,2,"Loads and unloads materials into printing machines, and monitors inventory of printing supplies and materials"
391433,Printing Machinist,3,"Mixes ink and solvents to standard, and regulates paper and ink supply during print runs"
391433,Printing Machinist,4,"Monitors, evaluates and determines press operations manually and by computer to check print quality standards against proofs and detect malfunctions"
391433,Printing Machinist,5,"Undertakes maintenance, adjustment, repair and cleaning of machines"
391434,Screen Printer,1,Prepares stencils using digital and hand cut methods
391434,Screen Printer,2,Mixes and prepares inks for printing
391434,Screen Printer,3,"Uses printers, screens, presses and squeegees to create screen prints"
391434,Screen Printer,4,Dries printed items using drying machines and drying racks
391434,Screen Printer,5,Inspects printed products for quality
391531,Signwriter,1,"Consults with clients and responds to proposals, sketches and written instructions to determine composition of signs"
391531,Signwriter,2,Designs and creates signs and illustrations using computer software and signmaking machines
391531,Signwriter,3,"Designs and creates murals, screen prints, gold leaf work and vinyl sign writing"
391531,Signwriter,4,Applies vinyl wrapping to a variety of media
391531,Signwriter,5,Prints and plots on laminate and other paper types
391531,Signwriter,6,"Measures and calculates letter size, prepares the surface, and applies background paint using brushes, sprays and rollers"
391531,Signwriter,7,"Paints signs and letters using lacquers, varnishes, paints and other materials on brick, metal, timber, glass, plastic and other surfaces"
391531,Signwriter,8,May make three-dimensional signs
391931,Interior Decorator,1,Consults with clients to determine styling preferences and requirements
391931,Interior Decorator,2,"Develops decorating concepts and plans, and presents them to clients for approval"
391931,Interior Decorator,3,"Selects and sources materials, furnishings and accessories"
391931,Interior Decorator,4,"Collaborates with Architects, contractors and clients to implement the interior styling plan"
391931,Interior Decorator,5,Installs and arranges decorations
391932,Jeweller,1,"Creates jewellery pieces using various materials, tools and techniques"
391932,Jeweller,2,"Repairs damaged jewellery by soldering, polishing and replacing missing parts"
391932,Jeweller,3,Shapes and polishes rough gemstones to enhance their appearance
391932,Jeweller,4,Inspects and evaluates gemstones and precious metal for quality and authenticity
391932,Jeweller,5,May appraise the quality and value of jewellery items
391933,Musical Instrument Maker or Repairer,1,Constructs musical instruments according to specifications and designs
391933,Musical Instrument Maker or Repairer,2,Repairs damaged or broken musical instruments
391933,Musical Instrument Maker or Repairer,3,Modifies musical instruments to meet musicians' specific requirements
391933,Musical Instrument Maker or Repairer,4,Tunes musical instruments for correct pitch and sound
391933,Musical Instrument Maker or Repairer,5,Inspects and tests musical instruments for quality
391933,Musical Instrument Maker or Repairer,6,"Uses tools to shape, cut and assemble instrument parts"
391933,Musical Instrument Maker or Repairer,7,Applies finishes and varnishes to instruments
391933,Musical Instrument Maker or Repairer,8,May use 3D printing to recreate missing parts of instruments or manufacture instruments with specific characteristics that are not possible to create using conventional production techniques
392131,Barber,1,Consults with clients about their desired hair and facial hair styles
392131,Barber,2,Analyses clients' hair and features to design and recommend styles
392131,Barber,3,"Trims, cuts and styles hair using clippers and scissors"
392131,Barber,4,Shaves and styles facial hair using razors and trimmers
392131,Barber,5,Demonstrates and sells products for hair and facial hair
392132,Hairdresser,1,"Consults with clients to determine their desired hair style, and hair and scalp conditions"
392132,Hairdresser,2,Analyses clients' hair and features to design and recommend styles
392132,Hairdresser,3,"Cuts hair using scissors, clippers, razors and other hair cutting tools"
392132,Hairdresser,4,"Styles, straightens and permanently waves hair using brushes, combs, straightening irons and other styling tools"
392132,Hairdresser,5,"Applies hair colour, highlights and lowlights using various techniques"
392132,Hairdresser,6,"Performs hair treatments such as deep conditioning, moisturising and scalp massages"
399131,Chemical Plant Operator,1,Monitors and controls the operation of chemical production plant
399131,Chemical Plant Operator,2,Adjusts equipment and controls to maintain specified operating conditions and product quality within chemical processing plants
399131,Chemical Plant Operator,3,Inspects and tests samples of raw materials and finished products to ensure compliance with quality standards
399131,Chemical Plant Operator,4,Performs routine maintenance and troubleshooting of equipment and machinery
399131,Chemical Plant Operator,5,Records and maintains production data and reports any deviations or issues
399132,Gas or Petroleum Production Technician,1,Monitors and controls equipment to pump oil and gas from wellheads
399132,Gas or Petroleum Production Technician,2,Operates refining and processing equipment to produce petroleum products
399132,Gas or Petroleum Production Technician,3,"Monitors and adjusts process variables such as temperature, pressure and flow rates"
399132,Gas or Petroleum Production Technician,4,Collects and analyses samples of oil and gas for testing
399132,Gas or Petroleum Production Technician,5,Monitors and controls the quality of petroleum products
399132,Gas or Petroleum Production Technician,6,Inspects and conducts routine maintenance on equipment to ensure proper functioning
399132,Gas or Petroleum Production Technician,7,Records and maintains production and equipment data
399132,Gas or Petroleum Production Technician,8,"Responds to alarms and emergencies, taking appropriate action"
399133,Power Generation Plant Operator,1,"Operates, controls and monitors machines and plant equipment used to generate electrical power, including power generated from renewable energy"
399133,Power Generation Plant Operator,2,"Adjusts controls to regulate the flow of fuel, air and water to maintain specified temperature, pressure and water levels"
399133,Power Generation Plant Operator,3,"Starts and stops generators, turbines and auxiliary equipment"
399133,Power Generation Plant Operator,4,"Monitors and records readings from meters, gauges and instruments"
399133,Power Generation Plant Operator,5,"Inspects and maintains equipment, and identifies and reports any faults or malfunctions"
399133,Power Generation Plant Operator,6,"Responds to alarms and emergencies, taking appropriate action to ensure the safe and efficient operation of the plant"
399133,Power Generation Plant Operator,7,"Monitors and controls the quality of power generated, ensuring it meets specified standards"
399133,Power Generation Plant Operator,8,Coordinates activities and resolves issues in collaboration with other plant operators and maintenance staff
399133,Power Generation Plant Operator,9,"Keeps records of plant operations, including production levels, maintenance activities and equipment performance"
399231,Driller,1,"Operates drill rigs and related equipment to facilitate subsurface exploration and extraction of ore, liquids or gases"
399231,Driller,2,Monitors drilling operations and adjusts equipment as necessary
399231,Driller,3,Inspects and maintains drilling equipment and tools
399231,Driller,4,Records drilling data and maintains accurate records
399231,Driller,5,Tests and evaluates drill samples to determine the composition of extracted material
399231,Driller,6,May supervise and direct the work of Driller's Offsiders
399331,Pest Control Technician,1,"Inspects commercial, industrial and residential premises and surrounds to assess pest activity, identify the pests and the extent of any infestation and damage"
399331,Pest Control Technician,2,"Develops pest management plans considering pests' biology and behavior, as well as the potential impact on health, safety and infrastructure"
399331,Pest Control Technician,3,"Evaluates the need for pest management, and implements suitable treatment plans and methods"
399331,Pest Control Technician,4,Works with clients to provide recommendations for building maintenance and hygiene activities to prevent pests
399331,Pest Control Technician,5,"Applies non-chemical solutions and pesticides to manage and minimise the risk of pest infestations, health risks and diseases"
399331,Pest Control Technician,6,"Operates and maintains electric, pneumatic and mechanical equipment such as cameras, drones and other technology to monitor and report on pest infestations"
399331,Pest Control Technician,7,"Uses traps, baits and other pest control devices to capture and remove pests"
399331,Pest Control Technician,8,Monitors and evaluates the effectiveness of pest management activities
399331,Pest Control Technician,9,"May read, interpret and prepare plans, and select materials to devise and install pest management systems"
399331,Pest Control Technician,10,May conduct timber pest inspections and advise on and manage appropriate treatment
399431,Apparel Cutter,1,"Consults customers to determine fabrics, styles and designs of garments"
399431,Apparel Cutter,2,Examines patterns and fabrics to determine appropriate cutting methods
399431,Apparel Cutter,3,"Measures, marks and secures fabric for cutting"
399431,Apparel Cutter,4,Uses cutting tools to cut fabric
399431,Apparel Cutter,5,Inspects cut fabric pieces for accuracy and quality
399431,Apparel Cutter,6,Organises cut fabric pieces for assembly
399432,Canvas Goods Fabricator,1,Consults clients to determine specifications for products
399432,Canvas Goods Fabricator,2,Measures and cuts canvas to required dimensions
399432,Canvas Goods Fabricator,3,Sews or welds canvas using machinery and hand tools
399432,Canvas Goods Fabricator,4,Repairs and waterproofs canvas products
399432,Canvas Goods Fabricator,5,Attaches fittings to canvas products
399432,Canvas Goods Fabricator,6,Inspects finished products for quality and adherence to specifications
399432,Canvas Goods Fabricator,7,Provides advice regarding care and maintenance of canvas products
399432,Canvas Goods Fabricator,8,Orders and maintains inventories of materials
399433,Dressmaker or Tailor,1,Consults with clients to determine design preferences and fabric choices for customised garments
399433,Dressmaker or Tailor,2,Measures clients to determine their body measurements
399433,Dressmaker or Tailor,3,"Sews garments together using sewing machines, sergers and hand stitching techniques"
399433,Dressmaker or Tailor,4,Fits garments on clients and makes necessary alterations for an accurate fit
399433,Dressmaker or Tailor,5,"Adds finishing touches to garments such as buttons, zippers and decorative elements"
399433,Dressmaker or Tailor,6,"Repairs or performs alterations on existing garments, such as resizing, replacing buttons, mending tears and fixing seams to meet client needs"
399434,Garment Technician,1,"Interprets design sketches, sample articles and design specifications to create master patterns"
399434,Garment Technician,2,"Uses digital technology to create, modify and maintain patterns and pattern libraries"
399434,Garment Technician,3,Collaborates with design team to develop technical specifications for the construction of garments
399434,Garment Technician,4,Conducts fittings and makes necessary design adjustments to ensure proper fit and comfort of garments
399434,Garment Technician,5,Oversees the production process to ensure that garments are made according to specifications
399434,Garment Technician,6,Adjusts pattern sizes to create a full-size range for production and ensures that proportions are maintained across all sizes
399434,Garment Technician,7,"Tests and evaluates samples and production pieces for construction integrity, sizing consistency and adherence to design specifications"
399435,Leather Goods Maker,1,Selects and prepares leather materials for fabrication and repair
399435,Leather Goods Maker,2,"Cuts, shapes and moulds leather articles according to patterns"
399435,Leather Goods Maker,3,"Assembles leather pieces using stitching, gluing and other techniques"
399435,Leather Goods Maker,4,"Adds decorative elements to leather articles, such as embossing or engraving"
399435,Leather Goods Maker,5,"Repairs damaged leather articles, and applies finishes and polishes"
399435,Leather Goods Maker,6,Inspects finished leather articles for quality
399435,Leather Goods Maker,7,Maintains and cleans leatherworking tools and equipment
399436,Sail Maker,1,Consults clients to determine sail specifications
399436,Sail Maker,2,Measures and cuts sailcloth to required dimensions
399436,Sail Maker,3,Fabricates or repairs sails using machines and hand tools
399436,Sail Maker,4,Reinforces sail edges and corners with additional layers of sailcloth or stitching
399436,Sail Maker,5,Inspects sails to ensure quality and adherence to specifications
399436,Sail Maker,6,Provides advice regarding care and maintenance of sails
399437,Shoemaker,1,Measures customers' feet for shoe size
399437,Shoemaker,2,Designs patterns and prototypes of shoes
399437,Shoemaker,3,Cuts and shapes shoe components to desired specifications
399437,Shoemaker,4,"Assembles shoes using adhesives, rivets or stitching"
399437,Shoemaker,5,Repairs shoes by replacing components
399437,Shoemaker,6,Provides shoe care advice to customers
399438,Upholsterer,1,Assesses items to determine the nature of upholstery required
399438,Upholsterer,2,Consults clients regarding upholstery preferences and provides estimates of costs
399438,Upholsterer,3,Repairs or replaces damaged upholstery
399438,Upholsterer,4,Fits upholstery to new items of furniture
399438,Upholsterer,5,Operates tools and equipment for upholstery work
399531,Furniture Finisher,1,"Prepares furniture surfaces for finishing by sanding, scraping or stripping old finishes"
399531,Furniture Finisher,2,"Mixes and applies stains, lacquers, paints, oils or varnishes to furniture surfaces"
399531,Furniture Finisher,3,"Uses brushes, spray guns or other tools to apply finishes evenly and smoothly"
399531,Furniture Finisher,4,Inspects finished furniture surfaces for quality and makes any necessary touch-ups or repairs
399531,Furniture Finisher,5,Polishes and waxes finished furniture surfaces to enhance shine and protect the finish
399532,Furniture Maker,1,"Examines drawings, work orders and sample parts to determine specifications"
399532,Furniture Maker,2,"Selects and works with materials such as timber, veneers, particle board, synthetic wood and other engineered wood products"
399532,Furniture Maker,3,Assembles parts to form sections of cabinets and furniture and completed articles
399532,Furniture Maker,4,"Fits hinges, locks, catches, drawers, shelves and other associated hardware"
399532,Furniture Maker,5,Makes frames for chairs and couches
399532,Furniture Maker,6,Applies protective coatings to cabinets and furniture
399532,Furniture Maker,7,"May repair and refurbish furniture, including antiques"
399532,Furniture Maker,8,May make reproduction furniture
399533,Picture Framer,1,Measures and cuts mouldings to required lengths
399533,Picture Framer,2,Assembles mouldings using various fastening methods
399533,Picture Framer,3,"Cuts and fits glass, matting and backing materials"
399533,Picture Framer,4,Mounts artwork onto backing materials with appropriate techniques
399533,Picture Framer,5,Inspects finished frames for quality
399533,Picture Framer,6,Adds decorative elements to enhance frame appearance
399533,Picture Framer,7,Assists customers in selecting frames and matting
399534,Wood Machinist,1,Sets up and operates woodworking machines and tools to produce wooden products
399534,Wood Machinist,2,"Selects and measures wood stock to be cut, planed, turned, shaped, lathed or sanded"
399534,Wood Machinist,3,Adjusts and calibrates woodworking machine settings to ensure accurate and precise cuts and shaping
399534,Wood Machinist,4,"Monitors woodworking machine operation, and adjusts settings as necessary to maintain quality and efficiency"
399534,Wood Machinist,5,Uses hand tools and power tools to shape and finish wood products
399534,Wood Machinist,6,Inspects finished wood products for defects and ensures they meet specifications
399931,Boat Builder and Repairer,1,"Reads, analyses and interprets technical drawings and plans for boat construction"
399931,Boat Builder and Repairer,2,"Builds and repairs boats using various materials such as wood, fibreglass, carbon fibre, metal, glass, reinforced plastic and Kevlar"
399931,Boat Builder and Repairer,3,Modifies boat designs and structures to meet customer requirements
399931,Boat Builder and Repairer,4,"Installs and fits out boat interiors including cabinetry, fixtures and fittings"
399931,Boat Builder and Repairer,5,Completes rigging fit out of new boat builds
399931,Boat Builder and Repairer,6,Repairs and replaces damaged or worn-out boat parts and components to ensure the boat is seaworthy
399932,Diver,1,"Plans and prepares for diving operations, including assessing risks and determining appropriate equipment and techniques"
399932,Diver,2,Inspects and maintains diving equipment
399932,Diver,3,"Enters water and swims underwater to perform tasks such as seafood gathering, research, salvage and construction"
399932,Diver,4,Uses tools and equipment underwater to complete tasks
399932,Diver,5,Monitors and records data and observations during underwater tasks
399932,Diver,6,Follows safety procedures and protocols to ensure personal safety and the safety of others
399933,Fire Protection Equipment Technician,1,Installs fire protection equipment and systems in accordance with industry standards
399933,Fire Protection Equipment Technician,2,Inspects and tests fire protection equipment and systems to ensure they are working properly
399933,Fire Protection Equipment Technician,3,Maintains and services fire protection equipment and systems to ensure they comply with regulations and meet performance standards
399933,Fire Protection Equipment Technician,4,"Identifies, reports and repairs any faults or issues with fire protection equipment and systems"
399933,Fire Protection Equipment Technician,5,Advises building owners about new fire protection equipment and systems
399934,Gas Network Technician,1,"Installs, inspects, modifies and maintains gas storage vessels, transmission pipelines or distribution gas networks and associated equipment"
399934,Gas Network Technician,2,"Responds to alarms, equipment malfunctions and emergency incidents in gas distribution networks"
399934,Gas Network Technician,3,"Conducts and assists with risk assessment in gas distribution networks, and permit issuance and compliance"
399934,Gas Network Technician,4,"Complies with organisational safety policies and procedures involving gas distribution network infrastructure and equipment, and records relevant information"
399935,Optical Mechanic,1,Operates machines to shape and smooth optical lenses
399935,Optical Mechanic,2,Inspects lenses to ensure they meet prescription requirements
399935,Optical Mechanic,3,"Selects and assembles optical elements for instruments or spectacles, and fits them into position"
399935,Optical Mechanic,4,"Scrapes, files and laps mounts of instrument to align optical elements"
399935,Optical Mechanic,5,"Centres, focuses, adjusts and calibrates instrument on standard targets"
399935,Optical Mechanic,6,Anchors lenses and other optical elements with adhesives or retaining rings
399936,Plastics Technician,1,"Programs production machinery, using knowledge of polymers, additives and other materials"
399936,Plastics Technician,2,"Inspects, calibrates and regulates machines, and conducts ongoing basic quality control tests"
399936,Plastics Technician,3,"Troubleshoots, repairs and adjusts machines which manufacture plastic products"
399936,Plastics Technician,4,Prepares production and maintenance schedules to minimise downtime and maximise productivity
399936,Plastics Technician,5,"Recommends technical design or process changes to improve efficiency, quality or performance"
399936,Plastics Technician,6,"Completes routine quality checks on the product, such as dimensional checks, hardness, clarity of colour and appearances"
399936,Plastics Technician,7,"Coordinates production and workflow processes, and keeps records of operational or production data"
399937,Railway Network Controller,1,"Assesses and approves the movement of trains to ensure the safe operation of a rail network, based on the status of railway signals"
399937,Railway Network Controller,2,"Authorises and controls any activity taking place on railway tracks, including maintenance work"
399937,Railway Network Controller,3,Communicates with Railway Signal Operators to carry out alterations to signals as required
399937,Railway Network Controller,4,Records movements of trains
399937,Railway Network Controller,5,Minimises delays caused by rail network disruptions
399937,Railway Network Controller,6,Recommends suitable alternative services during disruptions
399937,Railway Network Controller,7,Liaises with emergency services in response to accidents or disruptions
399938,Shipwright,1,Studies and understands detailed design drawings and specifications for ships
399938,Shipwright,2,"Chooses appropriate materials for constructing various parts of ships considering strength, durability and weight"
399938,Shipwright,3,"Constructs ship frameworks, hulls and decks using hand and power tools and advanced machinery, ensuring accurate alignment and fitting"
399938,Shipwright,4,"Fits and installs parts of ships such as engines, propellors and navigation equipment in compliance with design specifications"
399938,Shipwright,5,Repairs and maintains ships to ensure they are seaworthy
399938,Shipwright,6,Inspects and tests ships structures and systems for quality and functionality
411131,Child Protection Practitioner,1,"Conducts child safety assessments and develops, implements, monitors and reviews safety plans for individuals or families"
411131,Child Protection Practitioner,2,Delivers relevant interventions to ensure child safety in accordance with legislation and practice guidelines
411131,Child Protection Practitioner,3,Reviews and maintains case work for individuals and families to ensure continued protection
411131,Child Protection Practitioner,4,Participates in individual and group supervision sessions
411131,Child Protection Practitioner,5,"Liaises with community groups, and refers individuals to child safety education programs and other related services"
411131,Child Protection Practitioner,6,May attend court proceedings for relevant cases
411132,Family Violence Practitioner,1,"Conducts family violence risk assessments, and establishes, implements, monitors and reviews case plan objectives and goals"
411132,Family Violence Practitioner,2,Delivers relevant interventions aimed at increasing safety and wellbeing of the family members of victim survivors
411132,Family Violence Practitioner,3,Provides support to vulnerable and complex families who are experiencing high-risk family violence
411132,Family Violence Practitioner,4,Facilitates referrals to relevant agencies
411231,Community Development Officer,1,"Identifies, develops and coordinates support programs, projects or services to address the needs of the community"
411231,Community Development Officer,2,"Establishes and administers neighbourhood houses, community groups, programs and other services to members of the community"
411231,Community Development Officer,3,Establishes activity programs to assist community connectivity and encourage community participation
411231,Community Development Officer,4,Develops stakeholder partnerships to enhance community engagement and participation for all individuals
411231,Community Development Officer,5,"Implements and promotes policies and strategies to ensure access to recreation and development programs, and inclusion for all members of the community"
411232,Community Support Worker,1,"Provides practical and emotional support to individuals and families, and referrals to available resources and emergency supplies, such as food vouchers"
411232,Community Support Worker,2,"Assesses individuals' and families' needs by planning, implementing and accessing relevant educational, training and support programs"
411232,Community Support Worker,3,"Assesses community needs and resources for health, welfare, housing, employment, training and other facilities and services"
411232,Community Support Worker,4,Raises awareness in the community and advocates for groups of people that require additional assistance to establish community connectivity
411232,Community Support Worker,5,Educates individuals to gain life skills to enable independent living and informs them of available support resources
411232,Community Support Worker,6,"Identifies and provides resolutions to immediate issues such as lack of housing, mental health crises and other health emergencies"
411232,Community Support Worker,7,Assists individuals and families to be actively involved in their local community and engage in meaningful opportunities to promote healthy active living
411232,Community Support Worker,8,Coordinates mobile voluntary services such as emergency food response or delivery of food for community programs
411232,Community Support Worker,9,"Provides individuals with transport to appointments, programs or recreational activities"
411232,Community Support Worker,10,"Supports individuals and families with recovery planning, goal setting and access to mental health services"
411331,Diversional Therapist,1,"Identifies individual needs, interests, skills, autonomy and abilities through task analysis, and encourages participation and independence in suitable leisure and recreational events"
411331,Diversional Therapist,2,"Evaluates and assesses clients' levels of abilities, interests, needs, strengths, weaknesses, and their ability to carry out a range of tasks and interact with others"
411331,Diversional Therapist,3,"Adapts programs to suit individual needs, interests, skills and abilities"
411331,Diversional Therapist,4,"Plans, implements and coordinates leisure-based activity programs for groups and individuals to assist with their social development and promote their sense of wellbeing"
411331,Diversional Therapist,5,Maintains a knowledge of resources available within a facility and the community
411331,Diversional Therapist,6,Assists with training and supervising volunteers and staff
411332,Lifestyle Coordinator,1,Develops and coordinates leisure-based activity group programs to assist with social development and promote a sense of wellbeing
411332,Lifestyle Coordinator,2,"Evaluates and reviews programs, seeks feedback on activities, and makes adjustments to programs if required"
411332,Lifestyle Coordinator,3,Maintains a knowledge of resources available within a facility and the community
411332,Lifestyle Coordinator,4,Engages with community groups to build a network of support and provides information on available support resources within the local community
411332,Lifestyle Coordinator,5,Assists with training and supervises volunteers and staff
411332,Lifestyle Coordinator,6,May coordinate and promote cultural and religious celebrations and activities within a facility
411333,Lifestyle Officer,1,"Assists the Lifestyle Coordinator to deliver leisure-based activity group programs to assist with social development, promote a sense of wellbeing, and enable interaction with others"
411333,Lifestyle Officer,2,"Encourages participation and independence in suitable leisure and recreational events based on interest, abilities, skills and autonomy"
411333,Lifestyle Officer,3,Monitors individuals' conditions during program participation and reports any issues to care staff
411333,Lifestyle Officer,4,"Documents and records individuals' behaviours, ensures their needs are being met, and advises the Lifestyle Coordinator when anomalies are detected"
411333,Lifestyle Officer,5,Maintains a knowledge of resources available within a facility and the community
411333,Lifestyle Officer,6,Engages with community groups to build a network of support and provides information on available support resources within the local community
411431,Employment Consultant,1,"Recognises, supports and evaluates individuals' needs, interests, skills and past job experience"
411431,Employment Consultant,2,"Plans, develops and implements capability building for individuals through training and support services"
411431,Employment Consultant,3,Creates and implements individualised plans with clients to support a clear pathway to employment
411431,Employment Consultant,4,Coordinates with employers to find suitable employment for individuals
411431,Employment Consultant,5,Builds and maintains relationships with employers and community organisations in order to obtain ongoing employment opportunities for clients
411431,Employment Consultant,6,Assists individuals with job applications and requirements
411431,Employment Consultant,7,Fosters long-term relationships with clients and provides ongoing support
411431,Employment Consultant,8,May assist people with disability and neurodivergent individuals to find suitable employment by collaborating with employers and clients to ensure reasonable adjustments
411531,Interpreter,1,Prepares for assignments by confirming terminology and undertaking domain specific research to comprehend the subject matter
411531,Interpreter,2,Provides simultaneous and consecutive verbal or signed renditions of speeches into another language
411531,Interpreter,3,Renders the meaning and feeling of what is spoken or signed into another language in the appropriate register and style
411531,Interpreter,4,Transfers a written message and its intent from one language into a spoken or signed message in another language
411532,Translator,1,Studies original texts and transcripts of recorded spoken material to comprehend the subject matter
411532,Translator,2,Accurately renders the meaning and feeling of written material from one language into another using the appropriate register and style
411532,Translator,3,Edits computer-translated text and uses online translation and computer-assisted translation tools
411532,Translator,4,Creates translation memories for use in computer-assisted translation tools
411532,Translator,5,"Edits, proofreads and localises texts with a multilingual perspective"
411631,Community Corrections Officer,1,Provides written and verbal recommendations to courts and state parole authorities about offenders
411631,Community Corrections Officer,2,Develops and implements individualised case plans for offenders to assist them with their rehabilitation and reintegration into the community
411631,Community Corrections Officer,3,"Monitors, supervises and visits offenders at their home and workplace to ensure compliance with the requirements of their court order or conditional release"
411631,Community Corrections Officer,4,Conducts regular meetings with offenders to discuss their progress and address any issues or concerns
411631,Community Corrections Officer,5,Coordinates with law enforcement when offenders violate the terms of a court order or conditional release
411632,Family Support Worker,1,Identifies families who require additional support and provides internal/external referrals
411632,Family Support Worker,2,"Ensures families can access appropriate services, and encourages families and individuals with particular needs to participate in informal discussion, counselling or support groups"
411632,Family Support Worker,3,"Assists and collaborates with Social and Welfare Workers to develop holistic plans by establishing family assessments, safety plans, goals and interventions to ensure safety and wellbeing, and empower families towards positive change"
411632,Family Support Worker,4,"Liaises and collaborates with case workers and case work managers to ensure high quality service delivery, and provides updates regarding any issues and problem solves with them"
411632,Family Support Worker,5,Assists with transporting clients to services and appointments
411632,Family Support Worker,6,Encourages parents to join community groups and playgroups
411632,Family Support Worker,7,"Supports and advocates for the appropriate clinical care of mothers, babies and the wider family group"
411632,Family Support Worker,8,Supports children being cared for by foster carers
411633,Financial Counsellor (Community),1,Supports individuals in the community to resolve or alleviate financial stress
411633,Financial Counsellor (Community),2,Creates assessments of financial situations and assists with resolutions if necessary
411633,Financial Counsellor (Community),3,"Provides information and options to address financial problems, and advocates and negotiates with creditors where required"
411633,Financial Counsellor (Community),4,"Improves financial capabilities and resilience by fostering improved use and management of money, including pathways to safe and affordable credit"
411633,Financial Counsellor (Community),5,Facilitates referrals to other useful services in the community and provides information about government assistance
411633,Financial Counsellor (Community),6,Relays relevant information about consumer credit and bankruptcy
411633,Financial Counsellor (Community),7,Provides community training sessions on financial literacy and wellbeing
411634,Housing Officer,1,"Provides individually tailored and person-centred support to deliver safe, secure, suitable and affordable housing to improve individuals' and families' wellbeing"
411634,Housing Officer,2,Advises on rights and entitlements to ensure requirements for providing accommodation and housing standards are met
411634,Housing Officer,3,Refers clients to appropriate sources of accommodation and income support
411634,Housing Officer,4,"Ensures that accommodation is suited to the needs of particular groups, such as older people and persons with additional requirements"
411634,Housing Officer,5,"Develops, implements and delivers housing programs for at-risk and low-income individuals and families"
411634,Housing Officer,6,Organises emergency accommodation
411634,Housing Officer,7,Prepares reports and maintains client records
411635,Refuge Worker,1,"Assists individuals, families, refugees and asylum seekers with provision of crisis/refuge accommodation, and provides support to access relevant resources"
411635,Refuge Worker,2,Ensures security of refuge
411635,Refuge Worker,3,"Admits into refuge individuals and families who are homeless as a result of family and domestic violence, and/or crisis in emergency situations"
411635,Refuge Worker,4,Provides emotional support to residents of the refuge
411635,Refuge Worker,5,"Advises individuals and families about health and welfare resources and assistance, and refers them to relevant Professionals"
411635,Refuge Worker,6,"Provides assistance to access and transition to appropriate accommodation options, such as youth housing, family reconciliation, private rental and public housing"
411635,Refuge Worker,7,"Advocates for, and supports, individuals and families"
411636,Welfare Worker,1,Assists and supports individuals and families experiencing difficulties to access resources available to them
411636,Welfare Worker,2,Advises individuals on rights and entitlements to social security payments and services
411636,Welfare Worker,3,"Assesses at-risk individuals and families, and provides intensive short-term crisis counselling for victims"
411636,Welfare Worker,4,"Assists to establish relationships with neighbourhood houses, community groups, employment training programs and other services to members of the community"
411636,Welfare Worker,5,Refers clients to welfare support services
411636,Welfare Worker,6,Prepares reports and maintains client records
411731,Residential Youth Worker,1,Plans and implements programs of supervision and support for children in residential care
411731,Residential Youth Worker,2,"Supervises and arranges activities to enhance the physical, social, emotional and intellectual development of children in residential care"
411731,Residential Youth Worker,3,"Wakes children and ensures they are washed, dressed, fed and ready for educational and recreational activities"
411731,Residential Youth Worker,4,Supervises children during domestic activities
411731,Residential Youth Worker,5,"Assesses individual needs, and plans and develops support programs"
411731,Residential Youth Worker,6,Prepares reports and maintains client records
411731,Residential Youth Worker,7,Interviews individuals and assesses the nature and extent of abilities
411731,Residential Youth Worker,8,Maintains discipline and reinforces appropriate behaviour standards
411731,Residential Youth Worker,9,Monitors and reports on the progress of individuals
411732,Youth Justice Worker,1,"Assists with the implementation of education, rehabilitation and other programs to enable reintegration into the community"
411732,Youth Justice Worker,2,"Engages individuals in education and recreational activities through active participation, encouragement and mentoring"
411732,Youth Justice Worker,3,"Develops age-appropriate living and domestic skills, and helps establish healthy personal hygiene routines"
411732,Youth Justice Worker,4,"Engages with young people, conducts risk assessments, undertakes searches and monitors behaviours"
411732,Youth Justice Worker,5,"Helps develop positive family relationships, supports young people to be involved in their communities, and engages with employment services"
411732,Youth Justice Worker,6,"Understands the youth justice system, relevant legislation, processes and procedures, and establishes and maintains positive and productive working arrangements with a range of stakeholders"
411732,Youth Justice Worker,7,"Supervises detainees in transit between courts, prisons and other facilities"
411733,Youth Worker,1,"Interviews and assesses individuals' needs, advises on entitlements and rights, and refers them to agencies and programs that can provide additional assistance"
411733,Youth Worker,2,"Provides support, and responds to young people experiencing immediate issues, stress or crisis, such as lack of housing, mental health crises, and other health emergencies"
411733,Youth Worker,3,"Empowers young people to achieve goals and steer their life in a positive direction, and engage in meaningful opportunities to enable independent living"
411733,Youth Worker,4,Assists with youth access education programs and training to increase employability
411733,Youth Worker,5,"Organises and supervises social, recreational and educational activities in local youth groups to assist young people to fulfil their potential as individuals, and be actively involved in their local community"
411733,Youth Worker,6,May monitor and report on the progress of individuals
411931,Recreation Officer,1,"Assists to establish and administer neighbourhood houses, community groups, employment training programs and other services"
411931,Recreation Officer,2,"Organises and promotes local sporting, social, recreational, cultural and educational activities and programs in local community groups"
411931,Recreation Officer,3,Assists and supports individuals to participate in community activities
411931,Recreation Officer,4,"Researches and identifies issues of local need, concerns and aspirations through community consultation"
411931,Recreation Officer,5,"Delivers integrated projects, plans and policies that guide the management and use of open spaces, sportsgrounds and recreational facilities"
411931,Recreation Officer,6,"Organises point of sale and hire agreements, and provides information to staff, sporting teams, and community and corporate groups on matters relating to community sport, grounds and reserves"
411931,Recreation Officer,7,"Provides training and support to staff including voluntary workers running groups in halls, schools and places of worship"
411931,Recreation Officer,8,"May evaluate the effectiveness of programs and activities, and use this information to provide feedback for the improvement and development of programs"
411932,Sports Development Officer,1,Develops and implements sports development programs and initiatives
411932,Sports Development Officer,2,Promotes and markets sports and activities to the community
411932,Sports Development Officer,3,Provides guidance and support to individuals and groups in developing their sports skills
411932,Sports Development Officer,4,"Organises and coordinates sports events, competitions and training sessions"
411932,Sports Development Officer,5,"Collaborates with schools, community organisations and sporting clubs to increase sports participation"
411932,Sports Development Officer,6,Evaluates the effectiveness of sports development programs
411933,Volunteer Coordinator,1,"Leads or assists to establish and administer community groups, volunteer training programs and other services"
411933,Volunteer Coordinator,2,"Develops strategies for recruitment, training, management and retention of volunteers and matches them with appropriate positions in the organisation"
411933,Volunteer Coordinator,3,"Organises the orientation, training and induction of volunteers"
411933,Volunteer Coordinator,4,Ensures compliance with relevant legislative and regulatory requirements
411933,Volunteer Coordinator,5,Oversees and directs volunteers' activities
411933,Volunteer Coordinator,6,Collects and evaluates data and reports to stakeholders on the success of volunteer programs
411933,Volunteer Coordinator,7,"Promotes, raises awareness and educates stakeholders on all aspects of volunteer programs"
421131,Aged Care Coordinator,1,"Supports families, and provides education and care for persons in their home or aged care homes"
421131,Aged Care Coordinator,2,Monitors and reports on the progress of clients and patient care plans
421131,Aged Care Coordinator,3,"Evaluates clients' needs and plans, and develops and implements educational, training and support programs"
421131,Aged Care Coordinator,4,Facilitates access to clinical services and health practitioners
421131,Aged Care Coordinator,5,Interviews clients and assesses the nature and extent of their abilities
421131,Aged Care Coordinator,6,Provides practical and emotional support to individuals
421131,Aged Care Coordinator,7,Complies with relevant policies to optimise safety and wellbeing of clients
421132,Aged Care Team Leader,1,Manages a team of aged care support workers and ensures efficient running of day-to-day operations
421132,Aged Care Team Leader,2,Maintains attendance records and rosters
421132,Aged Care Team Leader,3,"Manages, anticipates and responds to unpredictable emerging situations"
421132,Aged Care Team Leader,4,Onboards and responds to queries and feedback from clients and their families
421132,Aged Care Team Leader,5,"Oversees team training, education and professional development programs"
421132,Aged Care Team Leader,6,Complies with relevant policies to optimise the safety and wellbeing of clients
421132,Aged Care Team Leader,7,May support older people with daily activities
421231,Community Aged Care Support Worker,1,"Supports older people with daily activities such as mobility, housekeeping tasks, personal care and meal preparation"
421231,Community Aged Care Support Worker,2,Negotiates with individuals and families regarding the acceptance of care provided
421231,Community Aged Care Support Worker,3,Oversees medication usage and monitors health care plans as directed by health care professionals
421231,Community Aged Care Support Worker,4,"Provides emotional support and assists older people in managing depression, confusion and grief"
421231,Community Aged Care Support Worker,5,Identifies and facilitates community-based social activities for older people
421231,Community Aged Care Support Worker,6,Manages risks and emergencies in a home care setting
421331,Residential Aged Care Worker,1,"Supports residents with daily activities, such as mobility and personal care"
421331,Residential Aged Care Worker,2,Monitors medication administration to ensure it is used correctly and effectively
421331,Residential Aged Care Worker,3,Negotiates with individuals and families regarding the acceptance of care provided
421331,Residential Aged Care Worker,4,Provides community engagement and social support to residents
421331,Residential Aged Care Worker,5,Supports a multidisciplinary team to adhere to health plans as directed by health care professionals
421331,Residential Aged Care Worker,6,"Provides emotional support and assists residents in managing depression, confusion and grief"
421331,Residential Aged Care Worker,7,Complies with standards within an aged care facility
421331,Residential Aged Care Worker,8,"May perform specialised personal care, such as palliative care and dementia support"
421331,Residential Aged Care Worker,9,"May facilitate basic medical procedures, such as catheterisation and peg feeding"
422131,Disability Services Officer,1,"Assesses clients' needs and assists them in planning, implementing and accessing education, training, employment and additional health or welfare programs"
422131,Disability Services Officer,2,"Assists and supports people with disability in all aspects of daily living, including community inclusion, personal care, and building and maintaining independence and interpersonal relationships"
422131,Disability Services Officer,3,"Supports clients to create and work towards their goals, build capacity to make their own decisions and choices, and access services"
422131,Disability Services Officer,4,Builds relationships in local communities to help promote inclusion and improve the accessibility of services and facilities
422131,Disability Services Officer,5,Monitors and reports on the progress of clients
422132,Residential Care Officer,1,Supports families and provides education and care for people with disability in adult service units and group housing
422132,Residential Care Officer,2,"Assesses clients' needs, and plans, develops and implements educational, training and support programs"
422132,Residential Care Officer,3,Interviews clients and assesses the nature and extent of abilities
422132,Residential Care Officer,4,Monitors and reports on the progress of individuals
422231,Disability Support Worker,1,"Supports people with disability with daily activities such as mobility, housekeeping tasks, personal care, medication and meal preparation"
422231,Disability Support Worker,2,Negotiates with individuals and families regarding the acceptance of care provided
422231,Disability Support Worker,3,"Provides emotional support, and assists in managing depression, confusion and grief"
422231,Disability Support Worker,4,Identifies and facilitates community-based social activities for people with disability
422231,Disability Support Worker,5,Assists people with disability to access disability support services
422231,Disability Support Worker,6,Supports people with disability with training and employment
422231,Disability Support Worker,7,Manages risks and emergencies in a home care setting
422232,Disability Team Leader,1,Manages a team of disability support workers and ensures efficient running of day-to-day operations
422232,Disability Team Leader,2,Maintains attendance records and rosters for disability support workers
422232,Disability Team Leader,3,Works with government and non-government entities to provide services to clients and organise relevant funding
422232,Disability Team Leader,4,"Oversees team training, education and professional development programs"
422232,Disability Team Leader,5,Works with Disability Employment Consultants to integrate clients into the workforce
422232,Disability Team Leader,6,Works within relevant guidelines and adheres to codes of conduct to maintain a high standard of care
422232,Disability Team Leader,7,May oversee the provision of home care services for clients
431131,Early Childhood Education Room Leader,1,Leads a team of educators working with a group of children
431131,Early Childhood Education Room Leader,2,"Works in partnership with families, staff, community members and external agencies to promote the development, education, care and wellbeing of children"
431131,Early Childhood Education Room Leader,3,Promotes the safety and wellbeing of children
431131,Early Childhood Education Room Leader,4,"Supports educators providing education, care and supervision for babies, toddlers and young children"
431131,Early Childhood Education Room Leader,5,"Complies with, and supports other educators to comply with, service policies and national and/or state-based legislation"
431131,Early Childhood Education Room Leader,6,Supports the day-to-day operation of the service
431131,Early Childhood Education Room Leader,7,"Maintains records of each child's learning, wellbeing, development, participation and progress, and communicates this with families"
431132,Early Childhood Educator,1,"Contributes to the design, planning, implementation, documentation and evaluation of children's educational programs based on an approved learning framework"
431132,Early Childhood Educator,2,"Develops and maintains positive relationships with staff, children and families"
431132,Early Childhood Educator,3,"Supports the daily routines, transitions and programs of babies, toddlers and/or young children"
431132,Early Childhood Educator,4,Complies with service policies and national and/or state-based legislation
431132,Early Childhood Educator,5,"Promotes the safety, health and wellbeing of staff, children and visitors"
431132,Early Childhood Educator,6,"Supports children's learning, development and wellbeing"
431231,Family Day Care Coordinator,1,"Monitors, supports and supervises Family Day Care Educators"
431231,Family Day Care Coordinator,2,Leads the development and implementation of educational programs that are based on an approved learning framework
431231,Family Day Care Coordinator,3,"Works in partnership with families, community members and external agencies to promote the safety, health and wellbeing of children"
431231,Family Day Care Coordinator,4,Maintains records and documentation of the family day care service
431231,Family Day Care Coordinator,5,Coordinates the recruitment of service staff and their professional development
431231,Family Day Care Coordinator,6,Ensures compliance with service policies and national and/or state-based legislation
431231,Family Day Care Coordinator,7,Leads the day-to-day operational requirements of the service
431232,Family Day Care Educator,1,"Designs, plans, implements and evaluates an educational program based on an approved learning framework"
431232,Family Day Care Educator,2,"Documents children's progress, learning, wellbeing and development"
431232,Family Day Care Educator,3,Develops and maintains positive relationships with children and families
431232,Family Day Care Educator,4,"Supports the daily routines, transitions and programs of children"
431232,Family Day Care Educator,5,Complies with family day care service policies and national and/or state-based legislation
431232,Family Day Care Educator,6,Manages financial resources for the family day care service
431232,Family Day Care Educator,7,May transport children to and from the family day care service
431331,Nanny,1,Provides care and supervision for children in their home
431331,Nanny,2,Assists with daily routines and activities
431331,Nanny,3,Engages children in age-appropriate activities and play
431331,Nanny,4,Monitors children's safety and wellbeing
431331,Nanny,5,Administers medication and follows any specific health care instructions
431331,Nanny,6,Prepares and serves meals and snacks
431331,Nanny,7,Assists with educational activities
431331,Nanny,8,Organises outings and recreational activities
431331,Nanny,9,Communicates regularly with parents to provide updates
431431,Out of School Hours Care Educator,1,"Contributes to the design, planning, implementation and documentation of school age children's educational leisure programs based on an approved learning framework"
431431,Out of School Hours Care Educator,2,"Supports the daily routines, transitions and programs of school age children"
431431,Out of School Hours Care Educator,3,"Promotes the safety, health and wellbeing of staff, children and visitors"
431431,Out of School Hours Care Educator,4,"Develops positive relationships with other educators, school staff, school age children and families"
431431,Out of School Hours Care Educator,5,Complies with out of school hours care service policies and national and/or state-based legislation
432131,Inclusion Support Assistant,1,Supports the inclusion of students with developmental needs into the class framework
432131,Inclusion Support Assistant,2,Supports teachers in the delivery of educational programs to students with developmental needs by adapting activities to meet their needs
432131,Inclusion Support Assistant,3,Supports teachers in the development of individualised or personalised plans that address specific learning and support needs of the student
432131,Inclusion Support Assistant,4,"Monitors, records and evaluates students' learning and experience in class activities"
432131,Inclusion Support Assistant,5,"Provides feedback about students' difficulties and progress to the class teacher, and prepares progress reports as requested"
432131,Inclusion Support Assistant,6,"Builds and maintains relationships with students, parents and teaching staff"
432131,Inclusion Support Assistant,7,Undertakes relevant administrative duties assigned by the class teacher to ensure a cohesive flow of information
432231,Teaching Assistant,1,Facilitates student learning in the classroom under the direction of a teacher
432231,Teaching Assistant,2,Provides targeted support to individuals and groups of students
432231,Teaching Assistant,3,"Cares for students' social, emotional and physical needs"
432231,Teaching Assistant,4,Promotes positive behaviour and wellbeing
432231,Teaching Assistant,5,Assists students to access the curriculum and participate fully in learning
432231,Teaching Assistant,6,Assists teachers and students with sporting activities and school excursions
432231,Teaching Assistant,7,Supports students in participating in extra-curricular activities
432931,Aboriginal and Torres Strait Islander Education Officer,1,Advises on cultural protocols on observing the cultural diversity of Aboriginal and Torres Strait Islander students
432931,Aboriginal and Torres Strait Islander Education Officer,2,"Assists Aboriginal and Torres Strait Islander students in all school activities, including excursions"
432931,Aboriginal and Torres Strait Islander Education Officer,3,Identifies and develops resources to support the learning outcomes of Aboriginal and Torres Strait Islander students
432931,Aboriginal and Torres Strait Islander Education Officer,4,Coordinates the delivery of Aboriginal and Torres Strait Islander languages and cultures lessons
432931,Aboriginal and Torres Strait Islander Education Officer,5,Acts as a liaison between the community and the school to develop education programs that are relevant to both educational and cultural needs
432931,Aboriginal and Torres Strait Islander Education Officer,6,Assists in the development and implementation of personalised learning plans for Aboriginal and Torres Strait Islander students
432931,Aboriginal and Torres Strait Islander Education Officer,7,Promotes Aboriginal and Torres Strait Islander celebrations within schools
432931,Aboriginal and Torres Strait Islander Education Officer,8,Leads cultural group experiences with students
432932,Boarding Supervisor,1,"Plans and supervises activities to enhance the physical, social, emotional and intellectual development of children and young people in boarding schools and residential colleges"
432932,Boarding Supervisor,2,Contributes to the provision of quality welfare and education services to children and young people in boarding schools and residential colleges
432932,Boarding Supervisor,3,"Develops and coordinates recreational, social and educational programs for residents"
432932,Boarding Supervisor,4,"Provides pastoral care, and liaises with parents of residents about the progress of their child"
432932,Boarding Supervisor,5,"Ensures residents adhere to set guidelines for daily schedules, school attendance, meals and other domestic activities"
432932,Boarding Supervisor,6,Maintains discipline and reinforces appropriate behaviour standards
432932,Boarding Supervisor,7,"Manages boarding processes, policies and procedures, in line with the residential facility's guidelines"
432932,Boarding Supervisor,8,Ensures a safe and secure environment that creates a friendly atmosphere by promoting trust and confidence in residents
441131,Enrolled Nurse,1,"Performs physical exams, including checking patients' pulse, temperature, and blood pressure"
441131,Enrolled Nurse,2,"Records and interprets clinical observations, including temperature, pulse and blood pressure, urine tests, blood glucose and other tests used in specific areas of practice"
441131,Enrolled Nurse,3,Provides basic wound care in line with an agreed patient care plan
441131,Enrolled Nurse,4,Assists with the administration of medications under the supervision of a Registered Nurse
441131,Enrolled Nurse,5,"Provides patients with personal care activities such as bathing, dressing, grooming and eating"
441131,Enrolled Nurse,6,Provides first aid in medical emergencies
441131,Enrolled Nurse,7,"Works with Registered Nurses, doctors and other Health Professionals to create patient care plans"
441131,Enrolled Nurse,8,Participates in health promotion activities and community education
441231,Massage Therapist,1,Assesses clients' needs and preferences for massage therapy
441231,Massage Therapist,2,Consults with clients to determine the most appropriate massage therapies
441231,Massage Therapist,3,"Massages the soft tissues of the body such as muscles, tendons and ligaments, to assist healing"
441231,Massage Therapist,4,"Applies therapeutic massages to the soft tissues of the body to promote relaxation, relieve muscle tension and improve circulation"
441231,Massage Therapist,5,Provides advice to clients on relaxation techniques and stretching exercises
441231,Massage Therapist,6,"May perform other techniques to augment therapies, such as acupressure, infrared therapy, wet and heat compresses, essential oils, and herbal and mineral therapies"
441231,Massage Therapist,7,"May administer body treatments such as exfoliation, wraps and hydrotherapy"
441232,Myotherapist,1,"Administers neurological, musculoskeletal, orthopaedic and functional tests to identify and assess functional capacity, range of motion, limitations, injuries and ailments of patients"
441232,Myotherapist,2,"Formulates specific treatment plans, rehabilitation plans and homecare advice to address the specific needs of patients based on their assessment, presentation and needs"
441232,Myotherapist,3,"Administers treatments to reduce pain, improve physical and nervous system function and lymphatic flow, and support injury recovery and general health and wellbeing"
441232,Myotherapist,4,"Performs a broad range of techniques to identify underlying causes of musculoskeletal injuries, such as neural mobilisations, joint mobilisation, myofascial techniques, trigger point therapy, stretching therapy, dry needling, myofascial cupping, taping, heat therapy, ice therapy and electrotherapy"
441232,Myotherapist,5,"Performs manual therapy techniques on the soft tissues of the body, such as muscles, tendons, fascia, ligaments and nervous tissues"
441232,Myotherapist,6,Recommends corrective exercise and exercise prescription for rehabilitation regarding biomechanical limitations
441232,Myotherapist,7,"Provides advice and assistance in the application of therapeutic aids such as braces, supports and self-care devices"
441232,Myotherapist,8,"Designs, reviews, monitors and evaluates treatment programs and treatment plans"
441232,Myotherapist,9,"Records detailed patient medical histories, treatments delivered, and the patients' progress and responses to myotherapy treatments"
441233,Remedial Massage Therapist,1,"Conducts physical assessment of clients' musculoskeletal and orthopaedic conditions to identify functional capacity, pain and associated stress"
441233,Remedial Massage Therapist,2,Consults with clients concerning remedial massage treatments and techniques
441233,Remedial Massage Therapist,3,"Administers remedial manual manipulation therapies involving the deep or shallow soft tissues of the body including muscles, tendons, fascia and ligaments"
441233,Remedial Massage Therapist,4,"Administers treatments to remediate muscle tension and pain, improve circulation, reduce early onset muscle soreness, and facilitate movement and rehabilitation"
441233,Remedial Massage Therapist,5,"Performs joint mobilisation, myofascial release techniques, trigger point therapy, stretching therapy, taping, heat therapy and ice therapy"
441233,Remedial Massage Therapist,6,"Maintains detailed patient records, involving treatments, responses and progress, and provides client records for referrals to Health Practitioners"
441233,Remedial Massage Therapist,7,"May use cupping, acupressure and essential oils when treating patients"
441233,Remedial Massage Therapist,8,"May perform other techniques to assist recovery, such as transcutaneous electrical nerve stimulation, dry needling and movement-based therapies"
441331,Mental Health Worker,1,"Assesses needs of individuals, families and groups, and supports them with recovery planning by helping them manage and adapt to the complex challenges of mental health"
441331,Mental Health Worker,2,"Provides coaching to increase recovery skills and personal capacity, including motivation, strengths, resilience and decision-making"
441331,Mental Health Worker,3,"Provides counselling to individuals or groups, and advocates for access to necessary services and resources"
441331,Mental Health Worker,4,Develops and facilitates referrals to other useful services in the community
441331,Mental Health Worker,5,Prepares reports and maintains client records
441331,Mental Health Worker,6,"Develops new services and mental health community programs, and educates families and community groups about mental health issues"
441331,Mental Health Worker,7,Connects individuals to relevant services and activities in the community
441331,Mental Health Worker,8,May assist with making appointments and accompanying individuals to appointments or therapy sessions
441931,Aboriginal and Torres Strait Islander Health Practitioner,1,"Ensures members of health care teams are aware of clients' cultural needs when discussing treatment options, including relaying the importance of clients' connections to community and country"
441931,Aboriginal and Torres Strait Islander Health Practitioner,2,Provides operational leadership to Aboriginal and Torres Strait Islander Health Workers
441931,Aboriginal and Torres Strait Islander Health Practitioner,3,Facilitates and participates in outreach health services
441931,Aboriginal and Torres Strait Islander Health Practitioner,4,"Completes comprehensive health assessments, including assessments for people presenting with chronic or communicable disease and acute conditions"
441931,Aboriginal and Torres Strait Islander Health Practitioner,5,Undertakes screening and triage activities
441931,Aboriginal and Torres Strait Islander Health Practitioner,6,"Develops, implements and supports self-management health programs"
441931,Aboriginal and Torres Strait Islander Health Practitioner,7,Provides primary health care to clients
441931,Aboriginal and Torres Strait Islander Health Practitioner,8,"Explains the purpose, benefits and risks of treatments to clients and their families in a culturally safe way"
441931,Aboriginal and Torres Strait Islander Health Practitioner,9,"Prepares medications, collects blood samples, and administers diagnostic tests, vaccinations and first aid"
441932,Aboriginal and Torres Strait Islander Health Worker,1,Supports or undertakes health assessments
441932,Aboriginal and Torres Strait Islander Health Worker,2,Implements community health education initiatives
441932,Aboriginal and Torres Strait Islander Health Worker,3,Develops and evaluates primary health care programs for clients
441932,Aboriginal and Torres Strait Islander Health Worker,4,Maintains clients' health records
441932,Aboriginal and Torres Strait Islander Health Worker,5,"Supports clients' awareness of, and participation in, necessary health care"
441932,Aboriginal and Torres Strait Islander Health Worker,6,Participates in outreach health services
441932,Aboriginal and Torres Strait Islander Health Worker,7,Provides cultural education to Health Professionals who are not of Aboriginal or Torres Strait Islander background
441933,Audiometrist,1,"Assesses and diagnoses client hearing loss using a wide range of techniques, including audiometric tests"
441933,Audiometrist,2,"Reports results of assessments and tests in writing, and makes referrals to other medical practitioners"
441933,Audiometrist,3,"Recommends options to those with hearing impairment, including tinnitus, fits non-implantable devices, hearing aids and other remote sensing systems, and provides aural rehabilitation programs"
441933,Audiometrist,4,Provides information and advice to clients and their families about hearing loss management and rehabilitation
442131,Allied Health Assistant,1,Creates resources to enhance therapy programs and undertakes research as delegated by the allied health professional
442131,Allied Health Assistant,2,Assists allied health professionals with therapy equipment and implementing programs
442131,Allied Health Assistant,3,Completes delegated therapy interventions under the direct or indirect supervision of an allied health professional or in multidisciplinary teams
442131,Allied Health Assistant,4,Observes patients' responses to therapy and reports any changes or concerns to therapists
442131,Allied Health Assistant,5,"Completes administrative tasks to support the allied health professional, including documenting therapy progress and maintaining documents as required"
442231,Assistant in Nursing,1,Supports patients with daily activities such as mobility and personal care
442231,Assistant in Nursing,2,"Follows therapy plans such as interventions, to assist patients"
442231,Assistant in Nursing,3,"Observes and reports changes in patients' conditions, and reports complaints about care provided"
442231,Assistant in Nursing,4,"Provides basic treatment and delivery of medications under the direction of nursing staff, including vaccinations"
442231,Assistant in Nursing,5,Participates in planning the care of patients and residents
442231,Assistant in Nursing,6,Assists with rehabilitation exercises
442231,Assistant in Nursing,7,Assists in workplace health and safety
442331,Dental Assistant,1,Assists dental practitioners during dental procedures
442331,Dental Assistant,2,Sterilises and prepares dental instruments and equipment
442331,Dental Assistant,3,Takes and develops dental radiographs (X-rays)
442331,Dental Assistant,4,"Prepares dental materials such as cements, impression materials and restorative materials"
442331,Dental Assistant,5,Provides fluoride therapy by applying remineralising solutions and desensitising agents
442331,Dental Assistant,6,"Educates patients about maintaining good oral health, along with oral health care procedures"
442331,Dental Assistant,7,Maintains and updates patient records and treatment plans
442331,Dental Assistant,8,Applies infection control procedures in the dental practice
442331,Dental Assistant,9,Orders and maintains dental supplies and equipment
442431,Optical Dispenser,1,Interprets optical prescriptions and advises on eyewear selection
442431,Optical Dispenser,2,Takes measurements for proper fit of eyewear
442431,Optical Dispenser,3,Fits frames to ensure comfort and alignment
442431,Optical Dispenser,4,"Dispenses and fits contact lenses, providing instructions on insertion, removal and care"
442431,Optical Dispenser,5,"Educates on eyewear maintenance, repairs eyewear and sells a range of optical goods"
442531,Patient Care Assistant,1,"Assists with personal care needs such as showering, dressing, eating, mobility and communication"
442531,Patient Care Assistant,2,Negotiates with individuals and families regarding the acceptance of care provided
442531,Patient Care Assistant,3,Participates in care planning
442531,Patient Care Assistant,4,Supports a multidisciplinary team to adhere to health plans as directed by health care professionals
442531,Patient Care Assistant,5,Observes and reports changes in patients' conditions
442531,Patient Care Assistant,6,Reports complaints about care
442531,Patient Care Assistant,7,"Assists with rehabilitation exercises, basic treatment and delivery of medications"
442532,Patient Services Assistant,1,Transports patients in wheelchairs or mobile beds
442532,Patient Services Assistant,2,Provides safe patient handling and positioning in beds and transfers to and from beds
442532,Patient Services Assistant,3,"Undertakes general duties, ensuring hospital wards are clean, orderly and sanitised, maintaining infection control protocols"
442532,Patient Services Assistant,4,"Provides direct care and support to patients, assisting with their personal needs such as showering and dressing"
442532,Patient Services Assistant,5,"Stocks and replenishes supplies of medical equipment, and transfers items between departments or wards"
442532,Patient Services Assistant,6,Assists with the preparation and serving of patients' meals and beverages
442931,Patient Transport Officer,1,Provides routine and non-emergency transportation of patients to and from health care facilities
442931,Patient Transport Officer,2,"Transports essential equipment and materials, including wheelchairs and stretchers"
442931,Patient Transport Officer,3,Provides and administers basic care to non-emergency patients
442931,Patient Transport Officer,4,Maintains comprehensive and accurate patient transport records
442931,Patient Transport Officer,5,"Works with patients, relatives, Health Professionals and other emergency service providers to ensure optimal patient care"
451131,Defence Force Member - Other Ranks,1,Guards airfields and other Defence Force bases as directed by superiors
451131,Defence Force Member - Other Ranks,2,Serves as an infantry soldier
451131,Defence Force Member - Other Ranks,3,"Erects bridges, builds field defences, constructs temporary roads, clears minefields, repairs airfields, and demolishes targets using explosives"
451131,Defence Force Member - Other Ranks,4,Crews armoured fighting vehicles
451131,Defence Force Member - Other Ranks,5,"Operates artillery, ground and surface-based defence systems, shipboard weapons, and other advanced specialist military weapons and equipment"
451131,Defence Force Member - Other Ranks,6,Provides firepower and ground-based air defence
451131,Defence Force Member - Other Ranks,7,"Establishes and maintains command, control and communications equipment and facilities"
451131,Defence Force Member - Other Ranks,8,"Conducts surveillance, reconnaissance and boarding operations"
451131,Defence Force Member - Other Ranks,9,Maintains personal arms and ammunition
451131,Defence Force Member - Other Ranks,10,Provides support in combat and non-combat operations such as peacekeeping and disaster recovery
451231,Emergency Services Officer,1,"Responds in a timely and effective manner to emergency calls, and assesses the situation to ensure the safety of the community"
451231,Emergency Services Officer,2,Evacuates individuals from dangerous situations and provides support
451231,Emergency Services Officer,3,Provides information and updates during emergencies to the community and stakeholders
451231,Emergency Services Officer,4,Contributes to the development and implementation of emergency response plans
451231,Emergency Services Officer,5,Inspects and maintains on-site emergency response equipment
451231,Emergency Services Officer,6,May provide first aid to injured individuals
451232,Firefighter,1,Responds to fire alarms and emergency calls
451232,Firefighter,2,"Operates pumps, sprays water, foam and chemicals from hoses, portable extinguishers and other appliances to extinguish fires and to disperse or neutralise dangerous substances"
451232,Firefighter,3,"Locates, rescues and evacuates people trapped in dangerous situations, and provides first aid and medical assistance to injured individuals"
451232,Firefighter,4,Visits buildings and potential fire hazards to study access points and locations of hydrants
451232,Firefighter,5,Conducts fire prevention and safety education programs for the public
451232,Firefighter,6,Maintains firefighting equipment and vehicles
451232,Firefighter,7,"Participates in firefighting training exercises, drills and demonstrations"
451331,General Duties Police Officer,1,Patrols public areas to engage with the community and gather information to prevent crime and improve public safety in accordance with legislation
451331,General Duties Police Officer,2,"Attends emergency calls, accidents and incidents, and manages the scene to preserve evidence"
451331,General Duties Police Officer,3,"Identifies unsafe driver behaviour, records vehicle speeds, conducts vehicle stops and pullovers, and tests drivers suspected of drug and alcohol use"
451331,General Duties Police Officer,4,Assesses situations to determine if an offence has been committed and arrests suspected offenders
451331,General Duties Police Officer,5,"Conducts initial investigations, including gathering evidence, conducting interviews and undertaking searches"
451331,General Duties Police Officer,6,Manages people in police care or custody
451331,General Duties Police Officer,7,Engages with individuals and the community to identify police services options to support their needs
451931,Border Enforcement Operations Officer,1,"Inspects and searches vehicles, vessels and aircraft for prohibited items"
451931,Border Enforcement Operations Officer,2,"Conducts interviews and gathers information from individuals to assess their immigration status, and identifies and removes unlawful non-citizens from the country"
451931,Border Enforcement Operations Officer,3,Applies customs and border protection controls in accordance with relevant legislation and policies to support the legal movement of passengers and cargo
451931,Border Enforcement Operations Officer,4,Processes and records information related to customs and border protection activities
451931,Border Enforcement Operations Officer,5,May monitor and patrol the maritime domain to detect and prevent illegal activities
452131,Correctional Officer,1,Maintains security and order within a prison or other correctional institution
452131,Correctional Officer,2,"Inspects cells, common areas and facilities for weapons, drugs and other contraband items, and ensures compliance with institutional rules and regulations"
452131,Correctional Officer,3,"Monitors inmate activities and behaviour, intervenes in situations that may pose a risk to safety or security, and prevents disturbances and escapes"
452131,Correctional Officer,4,"Escorts inmates to and from various locations, such as medical facilities in the community, and the correctional institution"
452131,Correctional Officer,5,"Provides support and guidance to inmates, including conflict resolution"
452231,"Alarm, Security or Surveillance Monitor",1,"Monitors security alarms, CCTV and other surveillance equipment"
452231,"Alarm, Security or Surveillance Monitor",2,"Contacts supervisors, police and fire brigades by radio or phone if security is breached or fire is detected"
452231,"Alarm, Security or Surveillance Monitor",3,Observes and reports any suspicious activities or incidents
452231,"Alarm, Security or Surveillance Monitor",4,Maintains accurate records of security breaches and incidents
452231,"Alarm, Security or Surveillance Monitor",5,Operates and maintains security equipment and systems
452232,Cash In Transit Officer,1,"Collects and ensures the safe transportation and delivery of cash, payrolls and valuables"
452232,Cash In Transit Officer,2,Follows established procedures and protocols for the handling and transportation of cash and valuables
452232,Cash In Transit Officer,3,Monitors and maintains communication with control centre or base during transportation
452232,Cash In Transit Officer,4,Conducts regular inspections of vehicles and equipment to ensure they are in proper working order
452232,Cash In Transit Officer,5,Responds to emergency situations and takes appropriate action to protect cash and valuables
452232,Cash In Transit Officer,6,Maintains accurate records of all transactions and incidents during transportation
452232,Cash In Transit Officer,7,May transport cash and valuables in armoured vehicles or carry firearms
452233,Crowd Controller,1,"Monitors and controls the movement and behaviour of crowds at entertainment, sporting or recreational venues"
452233,Crowd Controller,2,"Checks entrants, issues security passes and provides assistance and guidance to individuals requiring directions or information"
452233,Crowd Controller,3,"Monitors and operates crowd control equipment, such as barriers and gates"
452233,Crowd Controller,4,Ensures compliance with venue rules and regulations
452233,Crowd Controller,5,"Identifies and resolves potential conflicts or disturbances within the crowd, including by removing people from the premises"
452233,Crowd Controller,6,"Responds to and manages emergency situations, including evacuations and first aid"
452233,Crowd Controller,7,"Maintains accurate records and reports of incidents and activities, which may include keeping count of people entering and exiting the venue"
452234,Private Investigator,1,"Conducts interviews and gathers information from various sources, including public records and databases, to investigate cases regarding legal, financial and personal matters"
452234,Private Investigator,2,Conducts surveillance and observes individuals to gather evidence
452234,Private Investigator,3,Makes enquiries concerning property and investigates insurance claims
452234,Private Investigator,4,"Seeks, obtains and supplies information pertaining to the personal character, financial position, occupation or whereabouts of any person"
452234,Private Investigator,5,"Collects and analyses data and evidence, and prepares detailed reports and documentation of findings"
452234,Private Investigator,6,Collaborates with law enforcement agencies and Legal Professionals
452234,Private Investigator,7,Testifies in court and presents evidence during legal proceedings
452234,Private Investigator,8,Maintains client confidentiality and ensures the security of sensitive information
452234,Private Investigator,9,"Uses specialised equipment and technology, such as binoculars, microphones and video or audio recording devices to obtain evidence for investigations"
452235,Protective Services Officer,1,Undertakes high visibility uniformed patrolling and guarding within designated locations
452235,Protective Services Officer,2,"Watches for antisocial behaviour, property damage, threats to public safety, and alcohol and transport-related offences within designated locations"
452235,Protective Services Officer,3,"Conducts searches on people and vehicles, issues warnings and fines, and places people under arrest for suspected involvement in criminal activity within designated locations"
452235,Protective Services Officer,4,"Maintains order at large public events and venues, such as sporting events or concerts, by enforcing laws and event rules and regulations, resolving minor conflicts, and preventing or dispersing antisocial behaviour"
452235,Protective Services Officer,5,"Responds to and reports on incidents occurring within designated locations in accordance with police regulations and protocols, which may include the use of force, speaking with witnesses, and collecting data for evidence"
452236,Retail Loss Prevention Officer,1,Monitors and patrols retail premises to detect and prevent theft and other unlawful activities
452236,Retail Loss Prevention Officer,2,"Observes and identifies suspicious behaviour or activities of employees or customers, and detains individuals suspected of theft or other unlawful acts"
452236,Retail Loss Prevention Officer,3,"Conducts investigations into incidents of theft, fraud or other unlawful activities, and collects and preserves evidence, including interviewing witnesses"
452236,Retail Loss Prevention Officer,4,Collaborates with law enforcement agencies to report and provide evidence of criminal activities
452236,Retail Loss Prevention Officer,5,"Implements security measures, such as CCTV surveillance and alarm systems"
452236,Retail Loss Prevention Officer,6,"May conduct audits and inspections to identify vulnerabilities, and recommend security improvements"
452236,Retail Loss Prevention Officer,7,May provide training and education to retail staff on loss prevention strategies and procedures
452237,Security Consultant,1,Conducts security assessments to identify potential risks and vulnerabilities
452237,Security Consultant,2,Develops security strategies and plans based on client needs and requirements
452237,Security Consultant,3,"Recommends and designs security systems, including access control, surveillance and alarm systems"
452237,Security Consultant,4,Provides advice and guidance to clients on security best practices
452237,Security Consultant,5,Assists in the implementation and testing of security measures
452237,Security Consultant,6,Conducts security audits and reviews to ensure compliance with regulations and standards
452237,Security Consultant,7,Provides training and education to clients on security awareness and procedures
452238,Security Officer,1,"Undertakes patrols to ensure the security and safety of property and personnel, including checking doors, windows and gates for unauthorised entry, and watching for irregularities such as fire hazards, malfunctioning equipment and property damage"
452238,Security Officer,2,"Operates security equipment, such as CCTV cameras and alarm systems"
452238,Security Officer,3,"Responds to alarms, investigates and records disturbances, and reports any suspicious activities or incidents to appropriate authorities"
452238,Security Officer,4,"Enforces security policies and procedures to maintain a secure environment, and conducts regular inspections of premises to identify and address security risks"
452238,Security Officer,5,"Monitors and controls access and exit of persons and vehicles from premises, and monitors individuals and crowds for suspicious or disruptive behaviour"
452238,Security Officer,6,Provides assistance and support to staff and visitors during emergencies or security incidents
452238,Security Officer,7,"May use alarm, restraint and duress systems to manage, control and prevent aggressive and violent incidents, and ensure the safety of patients, staff and visitors in health service settings"
452241,Security Screening Officer,1,"Controls access to, and conducts screening at, security checkpoints within high security facilities such as airports, ports and law courts"
452241,Security Screening Officer,2,"Uses X-ray equipment, body scanners, metal detectors, explosive trace detectors, and frisk or physical searches to screen visitors, parcels, staff, passengers, hand luggage and checked baggage for weapons, explosives and suspicious or prohibited items"
452241,Security Screening Officer,3,"Maintains security and order within and around high security zones and facilities, including by watching for irregularities, inspecting vehicles and responding to disturbances"
452241,Security Screening Officer,4,"Responds to security incidents, maintains detailed records and reports incidents to appropriate authorities"
452241,Security Screening Officer,5,Complies with security and safety procedures and regulatory requirements
452241,Security Screening Officer,6,"May monitor and maintain security within court rooms, and escort high risk persons within secure areas"
461131,Beauty Therapist,1,"Performs a range of beauty treatments such as facials, spray tanning, eyebrow shaping and waxing"
461131,Beauty Therapist,2,"Administers body treatments such as massages, body wraps and scrubs"
461131,Beauty Therapist,3,"Conducts skin analyses to determine clients' skin type and condition, and uses superficial beauty devices to treat clients' skin"
461131,Beauty Therapist,4,Advises on skincare routines and sells beauty products to clients
461131,Beauty Therapist,5,"Maintains a clean and hygienic work area, and sterilises equipment in adherence to health regulations"
461131,Beauty Therapist,6,May apply artificial beauty products such as nails or eyelashes
461131,Beauty Therapist,7,May perform cosmetic tattooing on clients
461132,Dermal Therapist,1,Completes skin analysis and assessment to determine appropriate treatments for clients
461132,Dermal Therapist,2,"Applies various dermal therapy treatments for skin rejuvenation, age management and acne treatments, such as microdermabrasion and cosmetic grade peels"
461132,Dermal Therapist,3,Uses laser and intense pulsed light devices for hair reduction treatment
461132,Dermal Therapist,4,"Provides non-invasive, superficial treatment of pigment and superficial vessels (telangiectasias)"
461132,Dermal Therapist,5,Performs a variety of non-surgical procedures within their scope to enhance skin appearance
461132,Dermal Therapist,6,"Provides advice to clients on skincare and maintenance, including product recommendation"
461231,Body Artist,1,Consults with clients to determine their desired body art design
461231,Body Artist,2,Prepares clients' skin for the chosen body art technique
461231,Body Artist,3,Applies permanent tattoos by inserting ink under layers of skin
461231,Body Artist,4,Paints or dyes skin to create temporary body art designs
461231,Body Artist,5,Pierces skin to implant jewellery and other biocompatible materials
461231,Body Artist,6,"Modifies the shape of the skin through cutting, branding, manipulating, stretching and scarring techniques"
461231,Body Artist,7,"Uses scalpel, heat and restraining techniques to create patterns in the skin"
461232,Make-up Artist,1,"Designs make-up looks that align with clients' requests, events or themes"
461232,Make-up Artist,2,"Prepares clients' skin by cleansing, moisturising and using appropriate primers"
461232,Make-up Artist,3,"Chooses make-up shades that complement clients' skin tone, eye colour and outfits"
461232,Make-up Artist,4,"Applies make-up products such as foundation, concealer, eyeshadow, eyeliner, mascara and lipstick"
461232,Make-up Artist,5,"May create special effects or creative designs using prosthetics, scars and other effects to transform an actor into a character"
461232,Make-up Artist,6,"May perform basic hairstyling, such as arranging hair for a specific look, or building, styling and fitting wigs"
461331,Civil Celebrant,1,Meets with clients to discuss ceremony requirements and preferences
461331,Civil Celebrant,2,Assists clients in planning and designing personalised ceremonies
461331,Civil Celebrant,3,"Conducts civil marriage ceremonies, ensuring all legal requirements are met"
461331,Civil Celebrant,4,Conducts funeral ceremonies and provides comfort to grieving families
461331,Civil Celebrant,5,Conducts commitment ceremonies and other significant life event ceremonies
461331,Civil Celebrant,6,Maintains accurate records of all ceremonies performed
461331,Civil Celebrant,7,Stays updated on laws and regulations related to civil ceremonies
461332,Funeral Director,1,Consults with family or friends of the deceased to determine their wishes for the funeral
461332,Funeral Director,2,Provides guidance and support in making funeral arrangements
461332,Funeral Director,3,"Coordinates with relevant parties, such as cemeteries, crematoriums and clergy, to arrange burial or cremation"
461332,Funeral Director,4,Schedules funeral services and speakers
461332,Funeral Director,5,"Arranges for the purchase of caskets, urns and other funeral merchandise"
461332,Funeral Director,6,Organises transportation of the deceased's body to the funeral location
461332,Funeral Director,7,Oversees the setup and decoration of the funeral venue
461332,Funeral Director,8,Provides support and comfort to grieving family members and friends
461332,Funeral Director,9,May prepare the deceased for viewing or burial
461333,Funeral Worker,1,"Assists Funeral Directors to plan, coordinate and run funeral services"
461333,Funeral Worker,2,Sets up and decorates the funeral venue
461333,Funeral Worker,3,"Transports the deceased to and from funeral homes, hospitals and other locations"
461333,Funeral Worker,4,Cleans and maintains funeral homes and equipment
461333,Funeral Worker,5,"May assist in preparing the deceased for viewing, burial or cremation"
461431,Dog Walker,1,Walks dogs for exercise
461431,Dog Walker,2,Transports dogs safely and securely between homes and exercise locations
461431,Dog Walker,3,Ensures health and safety of dogs under their care
461431,Dog Walker,4,Encourages good behaviour and applies positive reward methods to dogs in public settings
461431,Dog Walker,5,Cleans up waste and follows council guidelines
461431,Dog Walker,6,Evaluates situations to ensure own personal safety
461432,Domestic Animal Attendant,1,Feeds and waters animals according to their individual dietary requirements
461432,Domestic Animal Attendant,2,Exercises animals regularly to ensure their physical and mental well being
461432,Domestic Animal Attendant,3,Transfers animals between enclosures by leading or carrying them
461432,Domestic Animal Attendant,4,"Cleans and maintains kennels, cages and enclosures to ensure a safe environment for animals"
461432,Domestic Animal Attendant,5,"Provides basic grooming for animals, such as brushing and bathing"
461432,Domestic Animal Attendant,6,"Monitors the health of animals, treats minor injuries, and reports any health concerns"
461432,Domestic Animal Attendant,7,Administers medications or treatments to animals as directed by a Veterinarian
461432,Domestic Animal Attendant,8,Ensures adherence to infection control procedures
461433,Pet Groomer,1,"Washes, shampoos and dries pets' coats"
461433,Pet Groomer,2,Brushes and combs pets' coats to remove tangles and mats
461433,Pet Groomer,3,Trims and cuts pets' coats to desired length and style
461433,Pet Groomer,4,Clips pets' nails to ensure they are an appropriate length
461433,Pet Groomer,5,Cleans pets' ears to remove dirt and debris
461433,Pet Groomer,6,"Identifies health issues in pets, such as ear infections, skin conditions or tooth decay, and informs pet owners"
461433,Pet Groomer,7,Provides services such as teeth brushing and anal gland expression
461433,Pet Groomer,8,Maintains cleanliness and hygiene of grooming tools and equipment
461433,Pet Groomer,9,Provides advice and recommendations to pet owners regarding grooming techniques and products
461531,Driving Instructor,1,Provides instruction to individuals on the theory and practical application of driving motor vehicles
461531,Driving Instructor,2,Demonstrates the correct techniques for operating motor vehicles
461531,Driving Instructor,3,Assesses the driving skills and knowledge of learner drivers to determine their readiness for licensing
461531,Driving Instructor,4,Conducts driving lessons in a safe environment
461531,Driving Instructor,5,Provides feedback and guidance to improve driving skills
461531,Driving Instructor,6,Keeps accurate records of learner progress
461531,Driving Instructor,7,Stays updated on road rules and driving regulations
461631,Gallery or Museum Guide,1,"Meets and greets visitors, and provides general information about gallery or museum policies and programs"
461631,Gallery or Museum Guide,2,"Controls visitors' access to exhibits and monitors entrances, exits, stairwells and other public areas"
461631,Gallery or Museum Guide,3,Ensures safety of collections
461631,Gallery or Museum Guide,4,"Maintains records of attendance, memberships, donations and other statistics as needed"
461631,Gallery or Museum Guide,5,"Conducts detailed tours of exhibits for visitors, providing context and background information to enhance their understanding of the material on display"
461631,Gallery or Museum Guide,6,May assist with installing and dismantling exhibits
461632,Tour Guide,1,"Accompanies and guides visitors on tours, providing information and explanations about points of interest, and cultural, ecological or historical significance"
461632,Tour Guide,2,Transports visitors to and from their accommodation and points of interest
461632,Tour Guide,3,Prepares and delivers informative and engaging commentary during tours
461632,Tour Guide,4,Ensures the safety and wellbeing of tour participants throughout the tour
461632,Tour Guide,5,"Assists with the coordination and logistics of transportation, accommodation and meals for tour groups"
461632,Tour Guide,6,"Provides recommendations and suggestions to visitors regarding local attractions, activities and services"
461632,Tour Guide,7,"Answers questions and provides assistance to visitors, addressing any concerns or issues that may arise during the tour"
461632,Tour Guide,8,"Conducts research to stay updated on local history, culture, ecology and attractions to enhance tour commentary"
461632,Tour Guide,9,Collaborates with other tour guides and tourism professionals to develop tour itineraries and experiences
461632,Tour Guide,10,"Maintains accurate records of tour schedules, participant numbers, and any incidents or feedback received"
461633,Tourist Information Officer,1,Responds to enquiries from tourists regarding travel and accommodation options
461633,Tourist Information Officer,2,"Provides information about tourist attractions, events and activities"
461633,Tourist Information Officer,3,Assists tourists in planning itineraries and making reservations
461633,Tourist Information Officer,4,Maintains databases of tourist information
461633,Tourist Information Officer,5,Receives complaints and resolves issues raised by tourists
461633,Tourist Information Officer,6,Assists in the development of promotional materials and campaigns
461731,Flight Attendant,1,"Assists passengers with boarding and disembarking the aircraft, and provides assistance and support to passengers with specific needs or medical conditions"
461731,Flight Attendant,2,Conducts pre-flight safety briefings and demonstrates the use of safety equipment while ensuring passengers comply with safety regulations and procedures during the flight
461731,Flight Attendant,3,"Serves meals, beverages and snacks to passengers during the flight"
461731,Flight Attendant,4,Performs emergency procedures in response to in-flight emergencies or equipment malfunctions of the aeroplane
461731,Flight Attendant,5,Makes announcements during the flight and informs passengers about safety procedures and protocols
461731,Flight Attendant,6,Performs safety checks and maintains cleanliness of the aircraft cabin
461731,Flight Attendant,7,Responds to passenger enquiries and resolves any issues or complaints
461831,Travel Consultant,1,Consults with clients to determine their travel needs and preferences
461831,Travel Consultant,2,"Provides information and advice on travel destinations, accommodation options, transportation, medical requirements and baggage limits"
461831,Travel Consultant,3,"Makes and confirms travel bookings, including transportation, accommodation, vehicle hire and tours"
461831,Travel Consultant,4,Prepares travel itineraries and provides clients with necessary travel documents
461831,Travel Consultant,5,"Assists clients with visa applications, government regulations and travel insurance"
461831,Travel Consultant,6,"Resolves any issues or problems that may arise during travel, such as flight delays or cancellations"
461831,Travel Consultant,7,Promotes and sells travel packages and special offers to clients
461831,Travel Consultant,8,Maintains accurate records of client bookings and payments
461931,Airline Customer Support Worker,1,"Assists passengers with ticketing, check-in and directions"
461931,Airline Customer Support Worker,2,Rebooks flights for customers that are unexpectedly cancelled or delayed
461931,Airline Customer Support Worker,3,Assists unaccompanied minors and guests with special requirements to traverse the airport
461931,Airline Customer Support Worker,4,Ensures the maintenance of public areas and the safety of customers by reporting incidents
461931,Airline Customer Support Worker,5,Reports unattended luggage or suspicious persons
461931,Airline Customer Support Worker,6,Responds to passenger enquiries and resolves complaints
461932,Fashion Stylist,1,Assembles outfits with different garments and accessories according to specifications and personal aesthetics for clients or models
461932,Fashion Stylist,2,Consults with clients and designers to develop concept boards and style portfolios
461932,Fashion Stylist,3,"Researches fabrics, clothing construction and fashion accessories to ensure assembled outfits are suitable for client or brand ideals"
461932,Fashion Stylist,4,Sources garments and accessories from designers or retailers
461932,Fashion Stylist,5,"Coordinates and styles outfits for fashion shoots, events or personal appearances"
461932,Fashion Stylist,6,"Collaborates with Photographers, Make-up Artists and hairstylists to create cohesive looks"
461932,Fashion Stylist,7,"Maintains understanding of current and developing fashion trends, and applies trends to styling"
461933,First Aid Trainer,1,"Plans, prepares and delivers first aid training courses"
461933,First Aid Trainer,2,Demonstrates and explains first aid techniques and procedures
461933,First Aid Trainer,3,Assesses clients' understanding and competency in first aid
461933,First Aid Trainer,4,Evaluates the effectiveness of training courses and makes improvements as necessary
461933,First Aid Trainer,5,Maintains up-to-date knowledge of first aid practices and guidelines
461933,First Aid Trainer,6,Keeps accurate records of training courses and client attendance
461933,First Aid Trainer,7,Promotes first aid training services to potential clients
461934,Hair or Beauty Salon Assistant,1,Prepares clients for beauty and hair appointments
461934,Hair or Beauty Salon Assistant,2,"Assists during beauty treatments such as facials and manicures, or hair cutting, styling and colouring"
461934,Hair or Beauty Salon Assistant,3,Cleans and maintains salon equipment and tools
461934,Hair or Beauty Salon Assistant,4,Assists with reception duties such as answering phone calls and scheduling appointments
461934,Hair or Beauty Salon Assistant,5,Stocks and organises salon products and supplies
461935,Natural Remedy Consultant,1,Consults with clients to assess health concerns and goals
461935,Natural Remedy Consultant,2,Conducts diagnostic assessments for health issues
461935,Natural Remedy Consultant,3,"Recommends and administers natural remedies and therapies, and develops personalised treatment plans based on client needs"
461935,Natural Remedy Consultant,4,Monitors client progress and adjusts treatment plans
461935,Natural Remedy Consultant,5,Offers lifestyle and dietary recommendations for health support
461936,Photographer's Assistant,1,Schedules and coordinates photo shoots
461936,Photographer's Assistant,2,Prepares and positions props and backgrounds for photographs
461936,Photographer's Assistant,3,"Provides general assistance and support to the photographer during photo shoots, such as assisting with photographic equipment and lighting"
461936,Photographer's Assistant,4,Operates cameras and other photographic equipment under the direction of the photographer
461936,Photographer's Assistant,5,Assists in retouching and editing photographs using software
461936,Photographer's Assistant,6,Maintains and organises photographic equipment and supplies
461937,Religious Assistant,1,Assists Religious Leaders in conducting religious ceremonies and rituals
461937,Religious Assistant,2,Prepares and delivers religious teachings and sermons
461937,Religious Assistant,3,"Provides pastoral care, spiritual guidance and support to community members"
461937,Religious Assistant,4,Organises religious events and activities
461937,Religious Assistant,5,Participates in community outreach programs
461937,Religious Assistant,6,"Assists with day-to-day running and oversees facilities, including places of worship and other related spaces"
461938,Sex Worker or Escort,1,Meets with clients to discuss their desires and preferences
461938,Sex Worker or Escort,2,Negotiates and agrees upon sexual services and fees with clients
461938,Sex Worker or Escort,3,"Provides sexual services to clients in a safe and consensual manner, in person"
461938,Sex Worker or Escort,4,Takes necessary precautions to protect personal health and safety
461938,Sex Worker or Escort,5,Keeps accurate records of client interactions and transactions
461938,Sex Worker or Escort,6,May provide emotional support and companionship to clients
461941,Weight Loss Consultant,1,Conducts initial consultations with clients to assess their weight loss goals and needs
461941,Weight Loss Consultant,2,"Provides personalised advice and guidance on nutrition, exercise and lifestyle changes to support weight loss"
461941,Weight Loss Consultant,3,Develops customised weight loss plans for clients based on individual circumstances
461941,Weight Loss Consultant,4,Monitors client progress and adjusts plans as necessary
461941,Weight Loss Consultant,5,Educates clients on healthy eating habits and portion control
461941,Weight Loss Consultant,6,Offers support and motivation to clients throughout their weight loss journey
461941,Weight Loss Consultant,7,Provides information on weight loss supplements and products
461941,Weight Loss Consultant,8,Conducts group sessions or workshops on weight loss strategies
461941,Weight Loss Consultant,9,"Collaborates with health care professionals, such as Dietitians and fitness trainers, to provide comprehensive weight loss support"
462131,Fitness Instructor (General),1,"Designs individual fitness programs based on assessment of the client's age, level of fitness, goals and abilities"
462131,Fitness Instructor (General),2,Delivers group exercise classes and personal tuition in a variety of fitness activities in a safe manner
462131,Fitness Instructor (General),3,Demonstrates and teaches body movements and skills used in fitness routines
462131,Fitness Instructor (General),4,"Sets up and monitors fitness equipment and ensures that equipment is safe, clean and in working condition"
462131,Fitness Instructor (General),5,Teaches and advises on the use of fitness equipment to ensure clients are aware of and adhere to safety and injury prevention procedures
462131,Fitness Instructor (General),6,May consult with Health Professionals to develop and design fitness programs for clients
462231,Pilates Instructor,1,"Plans, teaches and delivers Pilates exercises and techniques to individuals and groups"
462231,Pilates Instructor,2,"Guides participants on how to use various Pilates apparatus such as mats, reformers and trapeze tables"
462231,Pilates Instructor,3,Inspires and trains people to improve their strength and flexibility through the Pilates method
462231,Pilates Instructor,4,Educates clients to ensure correct execution of Pilates exercises
462232,Yoga Teacher,1,"Plans and delivers group or individual yoga sessions, ensuring a safe and supportive environment for students"
462232,Yoga Teacher,2,Demonstrates different yoga practices and techniques to help students understand and perform them effectively
462232,Yoga Teacher,3,Assists students in achieving correct alignment during yoga poses
462232,Yoga Teacher,4,"Visually assesses students to evaluate and determine their skill level, and adapts teaching accordingly"
462232,Yoga Teacher,5,"Evaluates students with restricted movement, and modifies and guides poses to ensure safe practice"
462232,Yoga Teacher,6,Applies knowledge of biomechanics and movement patterns to ensure safe yoga practice for students
462331,Lifeguard,1,"Supervises, scans and patrols designated areas to ensure the safety of swimmers and beachgoers"
462331,Lifeguard,2,Identifies and assesses potential risks and hazards in the water and in immediately surrounding areas
462331,Lifeguard,3,Educates the public on water safety practices and provides advice on swimming conditions
462331,Lifeguard,4,Rescues individuals in distress and administers first aid and CPR as necessary
462331,Lifeguard,5,Maintains and operates rescue equipment and ensures it is in good working order
462331,Lifeguard,6,"Enforces rules and regulations at beach, pool or other swimming locations to prevent accidents and maintain order"
462331,Lifeguard,7,Assists in the coordination or emergency response efforts with other Lifeguards and emergency services
462331,Lifeguard,8,Conducts regular inspections of swimming areas and facilities to ensure compliance with safety standards
462431,Basketball Coach,1,Plans and organises basketball training sessions
462431,Basketball Coach,2,"Plans and directs basketball strategies, develops play patterns, analyses game progress, calls time-outs, and motivates and instructs players"
462431,Basketball Coach,3,Manages player rotations to ensure optimal performance and rest periods
462431,Basketball Coach,4,"Conducts post-game analysis of play, evaluates performances and makes changes in strategy"
462432,Diving Instructor (Open Water),1,"Trains and instructs open water diving students on diving techniques, safety procedures and the proper use of diving equipment"
462432,Diving Instructor (Open Water),2,Demonstrates and explains diving skills and techniques to students
462432,Diving Instructor (Open Water),3,Provides guidance and supervision to students during open water dives
462432,Diving Instructor (Open Water),4,"Assesses, evaluates and provides feedback on students' diving skills"
462432,Diving Instructor (Open Water),5,Conducts briefings and debriefings with students before and after dives
462432,Diving Instructor (Open Water),6,Ensures compliance with safety standards and regulations during diving activities
462432,Diving Instructor (Open Water),7,Maintains and inspects diving equipment to ensure its proper functioning and safety
462433,Football Coach,1,Plans and organises football training sessions
462433,Football Coach,2,"Develops training programs to improve football skills, monitors progress and makes adjustments as required"
462433,Football Coach,3,"Demonstrates football skills such as kicking, passing, shooting and tackling, and corrects form"
462433,Football Coach,4,"Plans and directs football strategies, develops play patterns, analyses game progress and motivates and instructs players"
462433,Football Coach,5,"Conducts post-game analysis of play, evaluates performances and makes changes in strategy"
462434,Gymnastics Coach or Instructor,1,Plans and organises gymnastics training sessions
462434,Gymnastics Coach or Instructor,2,Demonstrates and explains gymnastics techniques to participants
462434,Gymnastics Coach or Instructor,3,Assesses performances and develops individualised training programs
462434,Gymnastics Coach or Instructor,4,Provides feedback and guidance to improve skills
462434,Gymnastics Coach or Instructor,5,Ensures participant safety during training
462434,Gymnastics Coach or Instructor,6,Assists in competition preparation
462434,Gymnastics Coach or Instructor,7,Coordinates group training activities
462434,Gymnastics Coach or Instructor,8,Tracks participant progress and achievements
462435,Horse Riding Coach or Instructor,1,Assesses participants' riding abilities and develops individualised training programs
462435,Horse Riding Coach or Instructor,2,Selects and prepares suitable horses based on competencies of participants
462435,Horse Riding Coach or Instructor,3,Teaches participants proper riding techniques through demonstration and explanation of horse riding skills
462435,Horse Riding Coach or Instructor,4,"Monitors participants' progress and provides feedback and guidance for improvement, keeping a record of participants' progress"
462435,Horse Riding Coach or Instructor,5,Ensures safety of participants during horse riding activities
462435,Horse Riding Coach or Instructor,6,"Assists participants in grooming, saddling and caring for horses"
462435,Horse Riding Coach or Instructor,7,Organises and supervises horse riding competitions and events
462436,Martial Arts Instructor,1,Demonstrates and explains martial arts techniques to participants
462436,Martial Arts Instructor,2,"Plans and organises lesson activities in groups or individually for safe learning, monitors progress and adjusts instruction"
462436,Martial Arts Instructor,3,"Leads events such as gradings, workshops and tournaments"
462437,Netball Coach,1,Plans and organises netball training sessions
462437,Netball Coach,2,"Develops training programs to improve netball skills, monitors progress and makes adjustments as required"
462437,Netball Coach,3,"Demonstrates netball skills such as passing, catching, shooting accuracy, marking and interceptions, positioning and footwork, and corrects form"
462437,Netball Coach,4,"Plans and directs netball strategies, develops play patterns, analyses game progress, and motivates and instructs players"
462437,Netball Coach,5,"Conducts post-game analysis of play, evaluates performances and makes changes in strategy"
462438,Outdoor Adventure Leader or Guide,1,Leads and supervises participants involved in a range of outdoor adventure activities
462438,Outdoor Adventure Leader or Guide,2,Instructs and motivates participants and manages group participation and cohesion
462438,Outdoor Adventure Leader or Guide,3,"Sets up and maintains equipment, and ensures that outdoor adventure equipment is safe and in working condition"
462438,Outdoor Adventure Leader or Guide,4,Demonstrates and provides instruction in the use of outdoor adventure equipment and techniques required for participation
462438,Outdoor Adventure Leader or Guide,5,"Provides advice on safety measures, and ensures that activities are conducted in a manner to minimise risk to participants"
462438,Outdoor Adventure Leader or Guide,6,Provides first aid and emergency response in outdoor settings
462441,Snowsport Instructor,1,Demonstrates and explains snowsports techniques to participants
462441,Snowsport Instructor,2,Assesses and tailors instruction to participants' skill levels
462441,Snowsport Instructor,3,"Plans and organises lesson activities in groups or individually for safe learning, monitors progress, and adjusts instruction"
462441,Snowsport Instructor,4,Promotes safe practices on the slopes and provides information on snow conditions
462441,Snowsport Instructor,5,Assists participants in selecting equipment
462442,Swimming Instructor or Coach,1,Plans and organises swimming lessons and training sessions
462442,Swimming Instructor or Coach,2,"Provides instruction on swimming techniques and skills, monitors progress, and adjusts training programs to improve performance"
462442,Swimming Instructor or Coach,3,Develops individualised programs based on skill levels and goals
462442,Swimming Instructor or Coach,4,Demonstrates techniques and corrects form
462442,Swimming Instructor or Coach,5,Ensures participant safety during sessions
462442,Swimming Instructor or Coach,6,May coordinate and supervise swimming competitions
462442,Swimming Instructor or Coach,7,May keep records of progress and achievements
462443,Tennis Coach,1,Plans and organises group or individual tennis coaching and training sessions
462443,Tennis Coach,2,Assesses participants' skills and abilities
462443,Tennis Coach,3,"Develops training programs to improve tennis skills, monitors progress, and makes adjustments as required"
462443,Tennis Coach,4,Demonstrates tennis techniques and tactics
462443,Tennis Coach,5,Provides feedback and guidance to improve performance
462443,Tennis Coach,6,Ensures safety compliance during training sessions
462531,Dog and Horse Racing Official,1,Coordinates and directs horse or dog racing events
462531,Dog and Horse Racing Official,2,Enforces racing rules and regulations
462531,Dog and Horse Racing Official,3,Interprets racing rules and regulations for participants and spectators
462531,Dog and Horse Racing Official,4,Monitors race conditions and makes decisions regarding race cancellations or delays
462531,Dog and Horse Racing Official,5,Inspects racing facilities to ensure safety and compliance with regulations
462531,Dog and Horse Racing Official,6,Coordinates with veterinary staff to ensure the health and welfare of racing animals
462531,Dog and Horse Racing Official,7,Reviews race results and resolves any disputes or issues
462532,Sports Umpire,1,Interprets and enforces match rules at sporting events
462532,Sports Umpire,2,Observes and assesses player actions to determine rule violations
462532,Sports Umpire,3,"Makes decisions on penalties, fouls and other infractions during matches"
462532,Sports Umpire,4,"Communicates with players, coaches and officials to clarify rules and resolve disputes"
462532,Sports Umpire,5,Signals and announces decisions and penalties to players and spectators
462532,Sports Umpire,6,"Monitors the safety and fair play of the game, intervening when necessary"
462532,Sports Umpire,7,"Keeps accurate records of match events, including scores, penalties and player actions"
462532,Sports Umpire,8,Attends training sessions and meetings to stay updated on rule changes and officiating techniques
462532,Sports Umpire,9,Assists in the training and development of other sports officials
462631,Footballer,1,Plays football matches in competitions
462631,Footballer,2,Participates in team training sessions and follows the coach's instructions
462631,Footballer,3,Represents the team and sponsors at promotional events and public appearances
462632,Golfer,1,Plays in professional golf tournaments
462632,Golfer,2,Practices and trains regularly to maintain and improve golf skills
462632,Golfer,3,Analyses and evaluates golf courses to develop strategies and game plans
462632,Golfer,4,"Performs golf-related activities such as coaching, teaching and giving demonstrations"
462632,Golfer,5,Represents sponsors and promotes their products or services
462633,Jockey,1,"Rides horses in competitive races, race trials and in exercise"
462633,Jockey,2,Maintains a high level of physical fitness through regular exercise and training
462633,Jockey,3,Monitors the health and condition of horses and reports any concerns to trainers
462633,Jockey,4,Attends race meetings and participates in pre-race briefings
462633,Jockey,5,Weighs in and out before and after races to ensure compliance with weight requirements
471131,Bar Attendant,1,Takes orders from patrons for drinks
471131,Bar Attendant,2,Prepares and serves alcoholic and non-alcoholic drinks to patrons
471131,Bar Attendant,3,Creates and follows cocktail recipes using garnishes and other specialised ingredients
471131,Bar Attendant,4,Checks identification to verify legal drinking age
471131,Bar Attendant,5,"Cleans and maintains bar area, including equipment and utensils"
471131,Bar Attendant,6,Stocks and replenishes bar inventory and supplies
471131,Bar Attendant,7,Monitors patrons for signs of intoxication and refuses service as necessary
471131,Bar Attendant,8,Assists with bar opening and closing procedures
471231,Barista,1,Operates coffee machines and other equipment to brew and prepare beverages
471231,Barista,2,Grinds coffee beans and measures out appropriate amounts for each order
471231,Barista,3,Froths milk and adds it to coffee to create specialty drinks
471231,Barista,4,"Cleans and maintains coffee machines, equipment and work areas"
471231,Barista,5,"Stocks and replenishes coffee beans, milk options and other supplies, such as flavoured syrups, drinking chocolate or chai powder"
471231,Barista,6,Provides information and recommendations to customers on coffee and beverage options
471331,Cafe Worker,1,Takes customer orders for food and beverages
471331,Cafe Worker,2,Handles seating arrangements for customers and sets aside tables for reservations
471331,Cafe Worker,3,"Performs routine cleaning procedures such as clearing and wiping down tables, chairs and counters, and cleaning dishes"
471331,Cafe Worker,4,"Stocks and replenishes food and beverage supplies, such as refilling drink fridges or food displays"
471331,Cafe Worker,5,Handles customer payments
471431,Gaming Attendant,1,Maintains electronic gaming machines and online systems in a gaming venue
471431,Gaming Attendant,2,Assists patrons with using gaming machines and online systems
471431,Gaming Attendant,3,"Operates and reconciles EFTPOS and point of sale terminals, including systems to return patron winnings by exchanging chips and tokens"
471431,Gaming Attendant,4,"Monitors guest behaviour and spending, and follows venue procedures to maintain responsible gaming practices"
471431,Gaming Attendant,5,Assists with food and beverage services and cleaning services
471432,Gaming Dealer or Croupier,1,Operates gaming tables and equipment according to established rules and procedures
471432,Gaming Dealer or Croupier,2,"Deals cards, spins roulette wheels and operates other gaming equipment"
471432,Gaming Dealer or Croupier,3,"Collects bets, pays out winnings and resolves disputes or discrepancies"
471432,Gaming Dealer or Croupier,4,Monitors players to ensure compliance with gaming rules and regulations
471432,Gaming Dealer or Croupier,5,Provides information and assistance to players regarding game rules and procedures
471432,Gaming Dealer or Croupier,6,Handles cash and chips accurately and securely
471432,Gaming Dealer or Croupier,7,Monitors and reports suspicious or illegal activities to the Gaming Supervisor
471432,Gaming Dealer or Croupier,8,Assists in the setup and dismantling of gaming tables equipment
471531,Bar Supervisor,1,Supervises the daily operation of the bar and bar staff
471531,Bar Supervisor,2,Controls the scheduling and rostering of staff
471531,Bar Supervisor,3,Maintains quality standards for the service of alcoholic and non-alcoholic beverages
471531,Bar Supervisor,4,Trains and develops Bar Attendants and other bar staff
471531,Bar Supervisor,5,Ensures bar staff comply with all licensing and registration requirements
471531,Bar Supervisor,6,"Conducts venue opening and closing procedures, including the handling of cash"
471531,Bar Supervisor,7,Oversees the stocktake and inventory control of the venue
471531,Bar Supervisor,8,May prepare and serve alcoholic and non-alcoholic drinks to patrons
471532,Cafe or Restaurant Supervisor,1,Supervises the daily operation of a cafe or restaurant
471532,Cafe or Restaurant Supervisor,2,Supervises and supports the scheduling and rostering of staff
471532,Cafe or Restaurant Supervisor,3,Maintains quality standards for the service of food and alcoholic and non-alcoholic beverages
471532,Cafe or Restaurant Supervisor,4,"Assists with training and developing Cafe Workers, Waiters and other staff"
471532,Cafe or Restaurant Supervisor,5,Ensures staff comply with all licensing and registration requirements
471532,Cafe or Restaurant Supervisor,6,"Conducts venue opening and closing procedures, including the handling of cash"
471532,Cafe or Restaurant Supervisor,7,May prepare and serve food and alcoholic and non-alcoholic beverages to patrons
471533,Front Office Supervisor (Accommodation),1,"Ensures that the front office team is well-prepared, adequately staffed and meets service standards"
471533,Front Office Supervisor (Accommodation),2,Assigns tasks and responsibilities to accommodation service workers and maintains attendance records and rosters
471533,Front Office Supervisor (Accommodation),3,"Assists in managing guest check-ins, check-outs and enquiries"
471533,Front Office Supervisor (Accommodation),4,Assists with resolving any guest issues or special requests
471533,Front Office Supervisor (Accommodation),5,Collaborates with the front office manager to optimise room occupancy and assign rooms based on preferences and availability
471533,Front Office Supervisor (Accommodation),6,"Trains and mentors front desk staff with ongoing coaching and feedback, to improve their skills and knowledge"
471533,Front Office Supervisor (Accommodation),7,May perform front office and accommodation reception duties
471534,Gaming Supervisor,1,Supervises the gaming activities of an establishment and ensures rules and regulations are adhered to
471534,Gaming Supervisor,2,Supervises and supports the scheduling and rostering of staff
471534,Gaming Supervisor,3,Ensures that gaming activities run smoothly
471534,Gaming Supervisor,4,Monitors and reports suspicious or illegal activities to the appropriate authorities
471534,Gaming Supervisor,5,Monitors cash drops to cashiers
471534,Gaming Supervisor,6,Verifies cash and colour chip change involving larger amounts to ensure correctness
471534,Gaming Supervisor,7,Observes and responds to incidents and settles disputes
471534,Gaming Supervisor,8,"Trains and mentors Gaming Attendants, Dealers and Croupiers to improve their skills and knowledge"
471534,Gaming Supervisor,9,"May check playing cards, roulette wheels and dice to confirm validity"
471535,Housekeeping Supervisor,1,Allocates rooms and duties to an accommodation housekeeping team
471535,Housekeeping Supervisor,2,Coordinates the housekeeping workforce to meet daily deadlines
471535,Housekeeping Supervisor,3,Ensures suites are turned around as quickly and efficiently as possible
471535,Housekeeping Supervisor,4,"Upholds accommodation's cleanliness standards, and conducts daily inspections for assigned rooms"
471535,Housekeeping Supervisor,5,Trains and mentors the housekeeping team
471535,Housekeeping Supervisor,6,"Works with the executive housekeeper to maintain a high standard of appearance of suites, public areas and back of house"
471631,Sommelier,1,Curates and updates the wine list for the establishment
471631,Sommelier,2,Provides guidance to Chefs and kitchen staff on pairing wines and other alcoholic beverages with menu items
471631,Sommelier,3,"Decants, presents and pours wines for customers"
471631,Sommelier,4,Collaborates with vendors and suppliers on the procurement of specific beverages
471631,Sommelier,5,Keeps up to date on wines and other beverage releases and seasonal trends
471631,Sommelier,6,Tastes and evaluates new wines ensuring they meet the appropriate standards
471631,Sommelier,7,Trains front of house staff to ensure customers are recommended wines and other alcoholic beverages that match with food menu items
471632,Waiter,1,Sets up tables and arranges seating for customers
471632,Waiter,2,Takes orders from customers for food and beverages
471632,Waiter,3,Provides recommendations and suggestions to customers regarding menu items
471632,Waiter,4,Clears tables and ensures the dining area is clean and presentable
471632,Waiter,5,Handles customer enquiries and resolves issues or complaints
471632,Waiter,6,Takes payment from customers
471632,Waiter,7,Stocks and replenishes supplies and inventory as needed
471632,Waiter,8,Follows health and safety regulations and maintains a clean and hygienic work environment
471931,Bar Useful,1,"Collects used dishes, cutlery and glasses, and returns them to the kitchen or bar"
471931,Bar Useful,2,"Clears bottles, wipes tables, bars and spillages, and empties bins and ashtrays to maintain a clean environment"
471931,Bar Useful,3,Assists in setting up tables for customers
471931,Bar Useful,4,"Restocks supplies such as napkins, straws and condiments"
471931,Bar Useful,5,May assist in maintaining cleanliness of restrooms and other public areas
471932,Doorperson or Porter,1,Welcomes guests or passengers and provides assistance with their luggage
471932,Doorperson or Porter,2,Escorts guests or passengers to their rooms or designated areas
471932,Doorperson or Porter,3,Provides information and assistance to guests or passengers regarding the accommodation establishment or transport terminal
471932,Doorperson or Porter,4,Assists guests or passengers with check-in and check-out procedures
471932,Doorperson or Porter,5,Handles and stores luggage in a secure and organised manner
471932,Doorperson or Porter,6,Responds to guest or passenger enquiries and resolves any issues or complaints
511131,Contract Administrator,1,"Develops, reviews and negotiates contracts and contract variations, ensuring compliance with company policies, and laws and regulations"
511131,Contract Administrator,2,Reviews insurance requirements
511131,Contract Administrator,3,Resolves contract-related enquiries and issues
511131,Contract Administrator,4,Manages and maintains paperwork associated with contracts
511131,Contract Administrator,5,Oversees work by contractors and reports on variations to work orders
511131,Contract Administrator,6,"Manages contract renewals, extensions and terminations"
511131,Contract Administrator,7,Prepares and reviews organisational activity submissions and reports
511231,Program or Project Administrator,1,"Coordinates all resources, meetings, records of payments, key milestones, communications and documentation involved in a program or project"
511231,Program or Project Administrator,2,Develops plans and frameworks to organise and delegate tasks within a program or project
511231,Program or Project Administrator,3,"Works with Professionals, owners and senior management to ensure that deadlines and compliance requirements are met"
511231,Program or Project Administrator,4,Advises senior management on matters requiring attention and implements decisions
511231,Program or Project Administrator,5,Oversees work by contractors and reports on work order variations
511231,Program or Project Administrator,6,Prepares and reviews submissions and reports concerning organisational activities
511231,Program or Project Administrator,7,"Collects and analyses data associated with projects undertaken, and reports on project outcomes to internal and external stakeholders"
521131,Conveyancer,1,Prepares and reviews legal documents for property and business transfers
521131,Conveyancer,2,Conducts searches and investigations to ensure the validity of property titles and business transactions
521131,Conveyancer,3,Provides advice and guidance to clients on property and business transfers
521131,Conveyancer,4,Negotiates and finalises contracts and agreements on behalf of clients
521131,Conveyancer,5,Liaises with other parties involved in property and business transfers
521131,Conveyancer,6,"Handles the financial aspects of property and business transfers, including the collection and distribution of funds"
521131,Conveyancer,7,"Ensures compliance with laws and regulations in transfers, and maintains accurate records of transactions"
521131,Conveyancer,8,May represent clients in legal proceedings if required
521231,Clerk of Court,1,Administers court registry services and ensures efficient operation
521231,Clerk of Court,2,Provides administrative support to Judges and Magistrates
521231,Clerk of Court,3,"Maintains court records and files, ensuring accuracy and confidentiality"
521231,Clerk of Court,4,"Prepares court documents, including summonses, subpoenas and warrants"
521231,Clerk of Court,5,Assists in managing court calendars and scheduling court hearings
521231,Clerk of Court,6,"Receives and processes court fees, fines and other payments"
521231,Clerk of Court,7,Assists in the preparation of court orders and judgments
521231,Clerk of Court,8,"Responds to enquiries from the public, Legal Professionals and other stakeholders"
521231,Clerk of Court,9,Coordinates with other court staff and external agencies to facilitate court proceedings
521232,Court Bailiff or Sheriff,1,"Conducts investigations to locate individuals involved in court cases, and serves them with legal documents such as summonses and subpoenas"
521232,Court Bailiff or Sheriff,2,Prepares and maintains accurate records of served documents and executed court orders
521232,Court Bailiff or Sheriff,3,Collaborates with law enforcement for safe execution of court orders
521232,Court Bailiff or Sheriff,4,Conducts property seizures and evictions as directed by court orders
521232,Court Bailiff or Sheriff,5,Escorts prisoners to and from courtrooms and detention facilities
521232,Court Bailiff or Sheriff,6,Maintains order and security in courtrooms
521232,Court Bailiff or Sheriff,7,Provides testimony in court regarding the execution of court orders and served documents
521233,Court Orderly,1,Assists with the preparation of courtrooms for hearings and trials
521233,Court Orderly,2,"Escorts and supervises defendants, witnesses and jurors within the court premises"
521233,Court Orderly,3,Assists with the administration of oaths and affirmations to witnesses
521233,Court Orderly,4,"Receives, records and files court documents and exhibits"
521233,Court Orderly,5,Operates audiovisual equipment during court proceedings
521233,Court Orderly,6,"Performs general administrative tasks such as data entry, filing and photocopying"
521234,Law Clerk,1,Assists lawyers to prepare legal documents and correspondence
521234,Law Clerk,2,Conducts legal research and gathers relevant information for cases
521234,Law Clerk,3,Organises and maintains legal files and documents
521234,Law Clerk,4,Drafts and proofreads legal documents such as contracts and agreements
521234,Law Clerk,5,"Assists in the preparation of court documents, filings, trial materials and exhibits"
521234,Law Clerk,6,"Communicates with clients, witnesses and other parties involved in legal matters"
521235,Legal Secretary,1,"Prepares legal documents such as contracts, briefs and court forms"
521235,Legal Secretary,2,Organises and maintains legal files and documents
521235,Legal Secretary,3,Conducts legal research and gathers relevant information
521235,Legal Secretary,4,"Schedules appointments, meetings and court hearings for Legal Professionals"
521235,Legal Secretary,5,Drafts correspondence and emails on behalf of Legal Professionals
521235,Legal Secretary,6,Assists in the preparation of legal bills and invoices
521236,Trust Officer,1,"Receives and reviews legal documents related to trusts, estates and settlements"
521236,Trust Officer,2,Identifies and verifies beneficiaries and their entitlements
521236,Trust Officer,3,Communicates with beneficiaries to provide information and answer queries
521236,Trust Officer,4,"Manages and maintains trust accounts, including processing payments and distributions"
521236,Trust Officer,5,"Prepares and files legal documents, such as trust agreements and estate inventories"
521236,Trust Officer,6,Conducts research and analysis to support decision-making related to trust administration
521236,Trust Officer,7,Prepares financial reports and statements for beneficiaries and regulatory authorities
521236,Trust Officer,8,Ensures compliance with legal and regulatory requirements
521236,Trust Officer,9,Collaborates with legal and financial professionals
521236,Trust Officer,10,Resolves disputes among beneficiaries or involved parties
522131,Secretary (General),1,"Assists with document management, archiving and file maintenance"
522131,Secretary (General),2,Organises and manages appointments and schedules
522131,Secretary (General),3,"Manages enquiries, calls, messages and document preparation"
522131,Secretary (General),4,Welcomes and directs visitors and clients
522131,Secretary (General),5,"Assists with copying, scanning, emailing, notetaking and booking travel"
522131,Secretary (General),6,Performs other general clerical duties as requested
522131,Secretary (General),7,"May manage petty cash, maintain office supplies and coordinate equipment maintenance"
522231,Executive Assistant,1,Acts as a proxy for the individual executives they support
522231,Executive Assistant,2,"Organises and prepares for meetings, including gathering documents and attending to meeting logistics"
522231,Executive Assistant,3,"Drafts, reviews and sends communications on behalf of executives"
522231,Executive Assistant,4,Coordinates travel arrangements
522231,Executive Assistant,5,Sets daily schedules for executives
522231,Executive Assistant,6,Prioritises and responds to emails
522231,Executive Assistant,7,Answers and returns phone calls
522231,Executive Assistant,8,May assist with personal tasks such as making doctor's appointments or handling family-related matters
531131,Bank Officer,1,"Identifies customer needs and responds to customer enquiries on banking products, policies and services"
531131,Bank Officer,2,"Assists customers with opening and closing accounts, updating account information, preparing documentation and online banking"
531131,Bank Officer,3,Ensures customers' forms are filled in correctly and checks customer identification documents
531131,Bank Officer,4,"Verifies records and receipts, reconciles cash balances, and identifies unusual transactions and behaviour"
531131,Bank Officer,5,"Processes applications and payments of loans and mortgages, credit cards, term deposits, saving accounts and international money transfers"
531131,Bank Officer,6,Explains and promotes bank services and products to customers and refers them to appropriate financial services
531231,Credit or Loans Officer,1,"Analyses information about customers, and examines references, credit ratings, investment risks, pay slips and other information against predetermined policy standards"
531231,Credit or Loans Officer,2,Contacts financial and credit institutions to obtain information about customers
531231,Credit or Loans Officer,3,"Prepares papers setting out conditions of credit and loans, rates of repayments and loan periods, and provides information about customers' standing to financial and credit institutions"
531231,Credit or Loans Officer,4,"Authorises the approval of credit and loan applications, and recommends credit and loan conditions and limits"
531231,Credit or Loans Officer,5,"Keeps records of payments, and prepares routine letters requesting payment for overdue accounts and forwards these for legal action"
531231,Credit or Loans Officer,6,"Answers enquiries concerning credit standing of customers, loan balances and penalties"
531231,Credit or Loans Officer,7,"May recommend, approve and arrange mortgages"
531331,Business Broker,1,"Identifies potential buyers and sellers of businesses, and evaluates businesses to determine their value and marketability"
531331,Business Broker,2,"Prepares marketing materials and listings, and manages administrative tasks related to the buying and selling of businesses"
531331,Business Broker,3,Assists in the due diligence process for the sale of businesses
531331,Business Broker,4,"Provides advice and guidance to clients on the buying and selling process, and facilitates negotiations between buyers and sellers"
531332,Commodities Trader,1,"Monitors commodity prices, trends and other factors affecting the supply and demand of commodities"
531332,Commodities Trader,2,"Negotiates the purchase and sale of commodities such as grain, wool, minerals and metals"
531332,Commodities Trader,3,"Initiates, negotiates and agrees on terms of commodity purchases and sales contracts"
531332,Commodities Trader,4,"Determines supply and demand, surveys market conditions, and analyses other economic forces in order to establish a market position"
531333,Finance Broker,1,"Brokers complex and commercial leases, equipment finance, commercial finance, project finance and finance for property developers"
531333,Finance Broker,2,"Arranges home loan mortgages, car and personal loans, debtor finance, refinancing and other types of finance for clients through banks, lenders, financiers and insurance companies"
531333,Finance Broker,3,Assists with the application process and negotiates with lenders on behalf of clients
531333,Finance Broker,4,"Determines the specific financial requirements of clients, and researches and reviews available finance products for suitability to meet clients' requirements"
531333,Finance Broker,5,"Analyses clients' financial status, discusses financial options and develops financial strategies"
531333,Finance Broker,6,"Prepares documents that set out the conditions of finance, repayments and loan periods"
531334,Insurance Broker,1,"Interviews prospective clients to explain insurance policy conditions, risks covered, premium rates and benefits, and makes recommendations on the amount and type of cover"
531334,Insurance Broker,2,"Determines the specific insurance requirements of clients, and researches and reviews available insurance products for suitability to meet clients' requirements"
531334,Insurance Broker,3,Arranges insurance for clients through insurance companies
531334,Insurance Broker,4,Identifies and advises on significant risk changes to clients' insurance
531431,Insurance Consultant,1,Assists customers to make informed decisions by explaining the features and benefits of various insurance products
531431,Insurance Consultant,2,"Processes insurance applications, adjustments to insurance cover, standard endorsements and insurance claims"
531431,Insurance Consultant,3,Liaises with key internal and external stakeholders in obtaining necessary information relating to insurance variations
531531,Insurance Investigator,1,Examines scenes of incidents resulting in insurance claims to determine causes and effects
531531,Insurance Investigator,2,"Conducts interviews to assess the validity of claims and identify the parties responsible for accidents, damage and loss, and prepares statements and reports"
531531,Insurance Investigator,3,"Inspects damaged buildings, equipment and motor vehicles"
531531,Insurance Investigator,4,Interprets policy coverage and determines if coverage applies to claims submitted
531531,Insurance Investigator,5,Analyses data and information to identify patterns of fraudulent activity
531531,Insurance Investigator,6,Collaborates with law enforcement agencies and other professionals to gather information and evidence
531531,Insurance Investigator,7,Conducts surveillance and gathers evidence to support investigations
531532,Insurance Loss Adjuster,1,Examines scenes of accidents resulting in insurance claims to determine the extent of loss and damage
531532,Insurance Loss Adjuster,2,"Interviews witnesses and claimants to obtain details required to assess the validity of claims and identify the parties responsible for accidents, damage and loss, and prepares statements and reports"
531532,Insurance Loss Adjuster,3,"Estimates business losses resulting from fire, theft and other business disruptions"
531532,Insurance Loss Adjuster,4,Estimates the cost of repairs or replacement of damaged property
531532,Insurance Loss Adjuster,5,Reports the extent of damage and estimated costs to the insurance company
531532,Insurance Loss Adjuster,6,Provides advice on how to minimise the cost of claims
531533,Insurance Risk Surveyor,1,"Inspects property, buildings and operations of commercial and industrial establishments to assess physical conditions and work practices"
531533,Insurance Risk Surveyor,2,"Evaluates the adequacy of security, fire and related systems"
531533,Insurance Risk Surveyor,3,Prepares reports and recommends actions to reduce risks
531533,Insurance Risk Surveyor,4,Compiles data that influences the determination of premium rates
531931,Investment Administrator,1,"Reviews, checks, verifies and issues documentation relating to onboarding clients, client information, transactions and client instructions"
531931,Investment Administrator,2,"Uses various operating and database systems to input, assess, reconcile, manipulate and output information"
531931,Investment Administrator,3,"Processes, calculates and allocates commissions, distributions, dividends, rebates and other financial transactions"
531931,Investment Administrator,4,Investigates and responds to client and adviser queries
531931,Investment Administrator,5,"May complete asset transfers, bookings, corporate actions, portfolio reconciliations, client reporting and settlements"
531932,Paraplanner,1,Assists with financial advice strategy development and the preparation of legally compliant advice documents
531932,Paraplanner,2,Uses financial planning software programs and maintains client records
531932,Paraplanner,3,"Researches, compares, sources quotes and selects appropriate financial products"
531932,Paraplanner,4,May develop financial projections and modelling of client circumstances
531932,Paraplanner,5,"May coordinate and take notes in client meetings, and respond to client queries"
541131,Accounts Clerk,1,Prepares and maintains accounting documents and records
541131,Accounts Clerk,2,"Prepares bank deposits and statements, and posts entries to general ledgers"
541131,Accounts Clerk,3,Reconciles accounts
541131,Accounts Clerk,4,"Summarises financial transactions, including expenditure and receipts"
541131,Accounts Clerk,5,Investigates and resolves invoice discrepancies
541131,Accounts Clerk,6,Responds to internal and external account queries
541231,Estimator,1,"Calculates, analyses and investigates the costs of proposed expenditure, wages and standard costs"
541231,Estimator,2,Prepares records of standard costs and values for items such as raw materials and packaging supplies
541231,Estimator,3,"Prepares quotes and contracts on jobs, materials and services"
541231,Estimator,4,Records cost variations and contract price movements
541331,Payroll Officer,1,Creates and maintains employee records
541331,Payroll Officer,2,"Processes payments to employees, including pay adjustments"
541331,Payroll Officer,3,Prepares separation certificates or transfers
541331,Payroll Officer,4,"Interprets and applies legislation, awards and enterprise agreements"
541331,Payroll Officer,5,"Maintains records relating to leave taken, overtime, promotions, transfers and other variations to wages or salaries and employment arrangements"
542131,Bookkeeper,1,"Keeps financial records, including invoices, and maintains and balances accounts"
542131,Bookkeeper,2,"Verifies recorded transactions, and reports on irregularities and business tax entitlements"
542131,Bookkeeper,3,"Prepares and produces financial statements and budget and expenditure reports, and analyses ledgers and accounting software packages using account books"
542131,Bookkeeper,4,"Provides government authorities with tax file numbers, superannuation payments and business activity statements"
549131,Betting Clerk,1,"Takes bets, receives payments and pays out on winnings"
549131,Betting Clerk,2,Records and enters bets electronically and in transaction ledgers
549131,Betting Clerk,3,Issues tickets and prepares summaries of transactions
549131,Betting Clerk,4,Monitors amounts of money placed on race entrants
549131,Betting Clerk,5,Verifies the identity and account balances of betting agency customers
549131,Betting Clerk,6,Answers betting enquiries
549131,Betting Clerk,7,Monitors and intervenes to ensure gamblers are gambling responsibly
549131,Betting Clerk,8,May assist Bookmakers to provide oncourse betting services at race meetings
549132,Bookmaker,1,Determines risk and sets odds for various racing and other events
549132,Bookmaker,2,Accepts bets from customers and records details of each transaction
549132,Bookmaker,3,Calculates and pays out winnings to customers
549132,Bookmaker,4,Monitors and manages betting activity to ensure compliance with regulations and policies
549132,Bookmaker,5,Provides information and advice to customers regarding betting options and strategies
549132,Bookmaker,6,"Maintains accurate records of bets, payments and financial transactions"
549133,Debt Collector,1,"Liaises with clients, credit staff, accounts receivable departments, process servers, Private Investigators, Barristers, Solicitors, trustees, liquidators and other insolvency professionals to find solutions to payment problems"
549133,Debt Collector,2,"Identifies, locates and notifies debtors of overdue accounts in writing, by telephone and in person, and arranges for payments to be made"
549133,Debt Collector,3,Traces addresses of debtors who have moved
549133,Debt Collector,4,"Arranges new repayment plans for debtors having difficulties making existing repayments, including identifying and assisting customers experiencing financial hardship"
549133,Debt Collector,5,Refers debtors' disputes to creditors
549133,Debt Collector,6,Issues instructions for the commencement of legal action and enforcement to recover money
549133,Debt Collector,7,"Arranges for money and goods collected to be transferred to creditors, and prepares statements of account for creditors"
549133,Debt Collector,8,"Records amounts collected and notes any further action required, including identifying and reporting suspicious matters under legislation"
549133,Debt Collector,9,"Maintains accurate and compliant records for overdue accounts under collection, ensuring all relevant debtor information is obtained, verified and updated"
551131,Call or Contact Centre Operator,1,"Answers incoming calls, emails and messages, and assists customers with their specific enquiries"
551131,Call or Contact Centre Operator,2,Provides step-by-step guidance or instructions using established manuals and guides to help customers navigate through issues
551131,Call or Contact Centre Operator,3,Identifies and escalates complex or unresolved issues to appropriate departments or supervisors
551131,Call or Contact Centre Operator,4,"Records and updates customer information, enquiries and interactions in the company's database"
551131,Call or Contact Centre Operator,5,Provides additional information about the goods and services on offer to create further interest
551131,Call or Contact Centre Operator,6,"Arranges the dispatch of goods, information kits and brochures to customers and interested parties"
551132,Call or Contact Centre Team Leader,1,Guides and assists Call or Contact Centre Operators in resolving problems and addressing customer enquiries
551132,Call or Contact Centre Team Leader,2,Provides hands-on coaching to enhance team performance
551132,Call or Contact Centre Team Leader,3,Creates and manages staff rosters to meet performance targets
551132,Call or Contact Centre Team Leader,4,Oversees team members to ensure efficient operations
551132,Call or Contact Centre Team Leader,5,Listens to and evaluate calls conducted by centre operators and offers constructive feedback to improve performance
551231,Information Officer,1,"Answers enquiries about goods and services, and provides information about their availability, location, price and related issues"
551231,Information Officer,2,Responds to enquiries about problems and provides advice
551231,Information Officer,3,Records information about enquiries and complaints
551231,Information Officer,4,Refers complex enquiries to other sources
551232,Switchboard Operator,1,"Operates switchboards and consoles to connect, hold, transfer and disconnect telephone calls"
551232,Switchboard Operator,2,"Responds to caller enquiries by providing information such as telephone numbers, dialling codes, call costs, time delays and service difficulties"
551232,Switchboard Operator,3,Investigates operating system problems and informs maintenance services
551232,Switchboard Operator,4,Alerts emergency services when required
551232,Switchboard Operator,5,Records details and determines charges for designated types of calls
551232,Switchboard Operator,6,May monitor the efficiency of systems and maintain service sampling records
552131,Medical Receptionist,1,Greets and welcomes patients and clients
552131,Medical Receptionist,2,Schedules appointments for patients and manages the appointment calendar
552131,Medical Receptionist,3,Assists with billing and payment processes
552131,Medical Receptionist,4,"Responds to enquiries and requests from patients and clients in person, over the phone and through written communication"
552131,Medical Receptionist,5,Registers patients by collecting and verifying personal and insurance information
552131,Medical Receptionist,6,Coordinates with health care providers to ensure smooth patient flow
552131,Medical Receptionist,7,Maintains patient records and ensures confidentiality of patient information
552131,Medical Receptionist,8,"Provides information to patients regarding clinic policies, procedures and services"
552131,Medical Receptionist,9,Handles and resolves patient complaints and concerns
552231,Ward Clerk,1,"Welcomes patients and visitors, and directs them to the appropriate person or area"
552231,Ward Clerk,2,Prepares and updates patients' medical records and charts prior to admission
552231,Ward Clerk,3,"Manages patient administrative information, including payments and insurance details"
552231,Ward Clerk,4,"Records patient movements, transfers and discharges, liaising with other hospital departments and patient transport services"
552231,Ward Clerk,5,Schedules tests or procedures for patients and arranges follow up appointments
552231,Ward Clerk,6,Responds to telephone enquiries and complaints
552231,Ward Clerk,7,Collates all relevant administrative and patient documentation on the ward
552231,Ward Clerk,8,"May perform other clerical tasks such as data entry, filing and word processing"
553131,Receptionist (General),1,"Greets and welcomes visitors, customers or clients, and directs them to the appropriate person or department"
553131,Receptionist (General),2,"Arranges and records details of appointments, including the management of changes, cancellations and rescheduling where necessary"
553131,Receptionist (General),3,"Receives, sorts and distributes incoming mail and packages"
553131,Receptionist (General),4,Maintains and organises the reception desk and waiting areas
553131,Receptionist (General),5,"Answers enquires and provides information on the goods, services and activities of the organisation"
553131,Receptionist (General),6,Relays messages or information between staff and departments
553231,Hotel or Motel Receptionist,1,Welcomes guests and checks them in upon arrival
553231,Hotel or Motel Receptionist,2,"Provides information to guests about hotel facilities, services and local attractions"
553231,Hotel or Motel Receptionist,3,Handles guest enquiries and resolves any issues or complaints
553231,Hotel or Motel Receptionist,4,Takes and processes guest reservations and cancellations
553231,Hotel or Motel Receptionist,5,Handles cash and credit card transactions for guest payments
553231,Hotel or Motel Receptionist,6,Coordinates with housekeeping and maintenance staff to ensure guest rooms are clean and in good condition
553231,Hotel or Motel Receptionist,7,Maintains guest records and updates information in the establishment's booking system
561131,General Clerk,1,"Records, prepares, classifies and files information"
561131,General Clerk,2,"Sorts, opens and sends mail"
561131,General Clerk,3,"Copies, sends and files documents"
561131,General Clerk,4,Prepares routine correspondence and reports
561131,General Clerk,5,Maintains office supplies and equipment
561131,General Clerk,6,"Answers and transfers telephone calls, or takes messages"
561131,General Clerk,7,Schedules appointments
561131,General Clerk,8,Provides information to customers about services
561231,Data Entry Operator,1,Enters and codes data to process and store information
561231,Data Entry Operator,2,Retrieves and updates data using digital software
561231,Data Entry Operator,3,Monitors and maintains databases for accuracy
561231,Data Entry Operator,4,Prepares reports and material for publication
561232,Machine Shorthand Reporter,1,Records proceedings in shorthand using computerised equipment and shorthand writing machines
561232,Machine Shorthand Reporter,2,Transcribes recorded information
561232,Machine Shorthand Reporter,3,Proofreads and corrects transcripts
561232,Machine Shorthand Reporter,4,"Reproduces the spoken word, environmental sounds and song lyrics as captions in audiovisual productions"
561232,Machine Shorthand Reporter,5,May read portions of transcripts during proceedings
561233,Word Processing Operator,1,Prepares documents and reports using word processing software
561233,Word Processing Operator,2,Transcribes information recorded in shorthand or on audio equipment
561233,Word Processing Operator,3,"Ensures accuracy in typing, spelling, grammar and formatting"
561233,Word Processing Operator,4,Proofreads and edits documents for accuracy and clarity
571131,Logistics Officer,1,"Identifies items and containers of incoming and outgoing shipments, and verifies them against consignment records"
571131,Logistics Officer,2,Ensures outgoing shipments are in good condition and meet specifications
571131,Logistics Officer,3,Arranges internal distribution of goods received
571131,Logistics Officer,4,Organises the dispatch of goods with completed documentation
571131,Logistics Officer,5,Maintains prescribed records of goods received and dispatched
571231,Order Clerk,1,"Receives, checks and records sales orders"
571231,Order Clerk,2,"Checks sales orders against inventory records and stock on hand, and prepares invoices"
571231,Order Clerk,3,Provides price and product information to customers
571231,Order Clerk,4,"Complies with operational procedures for receiving, handling, storing and shipping goods"
571331,Procurement Officer,1,"Plans for the purchase of equipment, services and supplies"
571331,Procurement Officer,2,"Reviews, compares, evaluates and approves products and services"
571331,Procurement Officer,3,"Maintains inventories, accurate records and supplier information"
571331,Procurement Officer,4,"Prepares budgets, cost analyses and reports"
571331,Procurement Officer,5,Monitors the organisation's procurement policies and procedures
571332,Purchasing Officer,1,"Investigates and identifies supply sources, and prepares and processes purchase orders"
571332,Purchasing Officer,2,"Consults with suppliers, invites tenders and reviews quotations"
571332,Purchasing Officer,3,"Maintains inventories, accurate records and supplier information"
571332,Purchasing Officer,4,"Purchases equipment and materials, business services, and land or access rights"
571332,Purchasing Officer,5,Receives and checks purchase requests against inventory records and stock on hand
571431,Stock Clerk,1,"Confirms completion of orders and compliance with specified details, and signs tally sheets and attaches to checked items"
571431,Stock Clerk,2,Checks inventory records and stock on hand against purchase and sales orders
571431,Stock Clerk,3,Counts incoming stock and reconciles it with purchase orders
571431,Stock Clerk,4,Updates inventory and stock location records
571431,Stock Clerk,5,"Complies with operational procedures for receiving, handling, storing and shipping goods"
571531,Warehouse Administrator,1,Maintains inventory records and ensures accuracy of stock levels
571531,Warehouse Administrator,2,"Coordinates the receipt, storage and dispatch of goods"
571531,Warehouse Administrator,3,Monitors and controls stock movements and inventory levels
571531,Warehouse Administrator,4,Prepares and maintains documentation related to stock control and distribution
571531,Warehouse Administrator,5,Conducts regular stocktakes and reconciles discrepancies
571531,Warehouse Administrator,6,Implements improvements to warehouse operations
571931,Freight Forwarder,1,Examines shipping documents and verifies cargo to be released
571931,Freight Forwarder,2,Records customs clearance requirements and authorises collection of cargo
571931,Freight Forwarder,3,"Receives details of outgoing cargo, and arranges bookings of freight space and collection or delivery of goods"
571932,Production Coordinator (Logistics),1,Requisitions supplies from stock and sends orders to production departments and other firms
571932,Production Coordinator (Logistics),2,"Confirms completion of orders and compliance with details specified, and signs tally sheets and attaches to checked items"
571932,Production Coordinator (Logistics),3,Receives and checks purchase requests against inventory records and stock on hand
571932,Production Coordinator (Logistics),4,Examines orders and compiles data for production schedules
571932,Production Coordinator (Logistics),5,Checks inventories and prepares delivery schedules
591131,Aerodrome Reporting Officer,1,"Inspects airfields to check the condition of runways, visual aids, lighting and for the presence of off-aerodrome hazards, and reports findings"
591131,Aerodrome Reporting Officer,2,Supervises and facilitates the safety of airport works and work site access
591131,Aerodrome Reporting Officer,3,Participates in airport emergency planning and response
591131,Aerodrome Reporting Officer,4,"Manages airport wildlife hazards, including the use of repellents, deterrents and culling"
591131,Aerodrome Reporting Officer,5,Communicates hazards to pilots and other air workers
591132,Council Ranger,1,"Patrols, inspects and enforces regulations for companion animals, such as leash laws and registration requirements, and manages complaints about nuisance animals"
591132,Council Ranger,2,"Monitors and enforces regulations related to issues such as littering, illegal dumping, and protection of natural habitats"
591132,Council Ranger,3,"Patrols public areas to ensure compliance with safety regulations through actions such as monitoring parking, enforcing fire bans and ensuring compliance with alcohol consumption laws in public places"
591132,Council Ranger,4,"Educates the community about local laws and regulations, such as noxious weeds and responsible pet ownership, and participates in community events and initiatives"
591132,Council Ranger,5,"Assists with evacuation procedures, coordinating responses and providing support to affected communities in emergency situations"
591133,Electrical Asset Inspector,1,"Inspects electricity network assets to check for signs of damage or deterioration, and verifies compliance with safety standards"
591133,Electrical Asset Inspector,2,"Performs tests and measurements such as thermal imaging, voltage measurement or corona discharge detection, to identify faults in the electricity network"
591133,Electrical Asset Inspector,3,"Compiles reports of inspection findings and provides recommendations for maintenance, repairs or replacement"
591133,Electrical Asset Inspector,4,Collaborates with maintenance teams to schedule and prioritise necessary repairs or upgrades
591134,"Invasive Pest, Weed and Disease Inspector",1,"Conducts inspections to identify invasive pests, weeds and diseases, and determines treatment and management actions"
591134,"Invasive Pest, Weed and Disease Inspector",2,"Collects and analyses data on the presence and spread of invasive pests, weeds and diseases"
591134,"Invasive Pest, Weed and Disease Inspector",3,"Develops and implements control and eradication strategies for invasive pests, weeds and diseases"
591134,"Invasive Pest, Weed and Disease Inspector",4,Coordinates and liaises with relevant stakeholders and authorities to ensure effective control and eradication measures
591134,"Invasive Pest, Weed and Disease Inspector",5,"Provides advice and guidance to landowners and the public on the management and prevention of invasive pests, weeds and diseases"
591134,"Invasive Pest, Weed and Disease Inspector",6,"Conducts surveys to assess the impact of invasive pests, weeds and diseases"
591134,"Invasive Pest, Weed and Disease Inspector",7,Monitors and evaluates the effectiveness of control and eradication programs
591135,Meter Reader,1,Conducts meter readings consistent with designated routes and special meter read requests
591135,Meter Reader,2,Inspects and monitors meters for damage and abnormal usage
591135,Meter Reader,3,Inputs meter reading data into handheld devices
591135,Meter Reader,4,Supports the account and collection process
591135,Meter Reader,5,Assists in the coordination of meter reads to meet billing deadlines as required
591136,Motor Vehicle Licence Examiner,1,Tests applicants' ability to operate a motor vehicle by administering written tests to assess understanding of road rules and traffic signs
591136,Motor Vehicle Licence Examiner,2,Provides feedback to applicants on their test results
591136,Motor Vehicle Licence Examiner,3,Issues learner's permits and probationary licences to successful applicants
591136,Motor Vehicle Licence Examiner,4,Stays updated on road rules and regulations
591137,Parking Officer,1,Patrols street parking and car parks in accordance with parking plans
591137,Parking Officer,2,Checks vehicles for valid parking tickets and records how long they have been in free parking areas
591137,Parking Officer,3,"Uses handheld devices to issue and manage parking infringements, and provide data on revenue and parking usage"
591137,Parking Officer,4,Checks for proper use of permits in special use zones and loading zones
591137,Parking Officer,5,Arranges to have illegally parked vehicles towed away
591137,Parking Officer,6,"Assists with asset maintenance of parking equipment, including ticketing machines, lighting, boom gates and signage"
591137,Parking Officer,7,"Assists council with asset management of roads, paths, signs and other roadside equipment"
591137,Parking Officer,8,"Assists police with matters of stolen, abandoned or damaged vehicles"
591137,Parking Officer,9,May give evidence in court if someone appeals the infringement notice
591138,Transport Revenue Officer,1,"Conducts regular ticket inspections on public transport to ensure passengers have valid tickets and concession entitlements, and may issue fines to those without"
591138,Transport Revenue Officer,2,"Provides assistance and information to passengers regarding ticketing options, routes and schedules, including during special events and service disruptions"
591138,Transport Revenue Officer,3,"Monitors for potential safety or security threats, or suspicious behaviour on public transport networks, and may issue fines for disruptive or unsafe behaviour"
591138,Transport Revenue Officer,4,Collaborates with law enforcement agencies to address fare evasion issues and ensure passenger safety
591138,Transport Revenue Officer,5,"Maintains accurate records and documentation of fare evasion incidents, fines issued, and other relevant information"
591141,Water Inspector,1,Monitors and conducts inspections of water resources to ensure user compliance with regulations and water allocation plans
591141,Water Inspector,2,Conducts site inspections and collects water samples to facilitate the assessment of water quality and identification of potential issues
591141,Water Inspector,3,Receives and assesses applications for licences to use water
591141,Water Inspector,4,Conducts audits of water licence allocations
591141,Water Inspector,5,Investigates complaints and reports of water misuse or unauthorised water use
591141,Water Inspector,6,Provides advice and guidance to water users on sustainable water use practices
591231,Social Security Assessor,1,Assesses social welfare claims and determines eligibility for benefits based on policy guidelines
591231,Social Security Assessor,2,Interviews claimants to gather information and evidence for assessment
591231,Social Security Assessor,3,Reviews and analyses documentation and evidence
591231,Social Security Assessor,4,Conducts investigations into suspected fraud and breaches of legislation
591231,Social Security Assessor,5,Collaborates with other agencies and departments to gather information and evidence
591231,Social Security Assessor,6,Provides advice to claimants on their entitlements and obligations
591231,Social Security Assessor,7,Maintains accurate assessment and investigation records
591231,Social Security Assessor,8,Prepares reports for management and legal proceedings
591231,Social Security Assessor,9,Stays updated on changes in legislation and policy related to social welfare
591232,Taxation Compliance Officer,1,"Conducts taxation return audits to verify the accuracy and completeness of reported income and deductions, and to ensure compliance with government legislation"
591232,Taxation Compliance Officer,2,"Investigates suspected breaches of taxation legislation, gathers evidence, and calculates and assesses tax liabilities and penalties for non-compliance"
591232,Taxation Compliance Officer,3,Prepares reports and recommendations based on findings from audits and investigations
591232,Taxation Compliance Officer,4,Provides advice to taxpayers on tax compliance and obligations
591232,Taxation Compliance Officer,5,Collaborates with government agencies and law enforcement authorities in cases of suspected tax evasion or fraud
591233,Visa and Citizenship Processing Officer,1,Conducts interviews and investigations to gather credible information from applicants to support decision-making
591233,Visa and Citizenship Processing Officer,2,"Identifies and investigates integrity, fraud and legislative non-compliance issues when processing visa or citizenship cases"
591233,Visa and Citizenship Processing Officer,3,Communicates with applicants and relevant stakeholders to provide updates regarding visa or citizenship application processes and requirements
591233,Visa and Citizenship Processing Officer,4,Maintains accurate and up-to-date records of visa or citizenship applications and related documentation
591233,Visa and Citizenship Processing Officer,5,Remains informed about changes in legislation and policy to ensure accurate and consistent application processing
599131,Filing or Registry Clerk,1,Processes incoming documents and information according to database and record management systems
599131,Filing or Registry Clerk,2,Ensures accuracy and completeness of documents
599131,Filing or Registry Clerk,3,Provides support in accessing documents
599131,Filing or Registry Clerk,4,Records file and document movements
599131,Filing or Registry Clerk,5,Conducts audits to ensure database integrity
599131,Filing or Registry Clerk,6,Assists in disposal and archiving of documents
599131,Filing or Registry Clerk,7,Stays updated on filing practices and technologies
599132,Library Assistant,1,Operates library management systems to enable library users to borrow items
599132,Library Assistant,2,Sorts and shelves returned items
599132,Library Assistant,3,"Maintains, locates and retrieves library items on request"
599132,Library Assistant,4,Inspects returned physical items for damage and makes minor repairs
599132,Library Assistant,5,Undertakes routine troubleshooting of library equipment
599132,Library Assistant,6,Responds to routine enquiries from library users
599132,Library Assistant,7,Assists with the preparation of displays and promotional activities
599231,Human Resources Administration Assistant,1,"Updates information on leave taken and accumulated, employment history, salaries, superannuation, taxation, qualifications and training"
599231,Human Resources Administration Assistant,2,Creates records for newly appointed workers and checks records for completeness
599231,Human Resources Administration Assistant,3,"Processes applications for employment and promotions, and advises applicants of results"
599231,Human Resources Administration Assistant,4,Receives and answers enquiries about employment entitlements and conditions
599231,Human Resources Administration Assistant,5,Sends out announcements of job openings and job examinations
599231,Human Resources Administration Assistant,6,Issues job application forms
599231,Human Resources Administration Assistant,7,Compiles data from personnel records and prepares reports
599231,Human Resources Administration Assistant,8,Stores and retrieves personnel records and files on request
599232,Rostering Officer,1,"Assists in the creation of rosters, taking into account individual worker contract hours"
599232,Rostering Officer,2,"Administers, edits, maintains and manages rosters as advised by Managers, to ensure compliance with enterprise agreements"
599232,Rostering Officer,3,"Backfills any vacant positions due to unplanned leave, such as sick leave and bereavement leave, or any full-time equivalent deficits"
599232,Rostering Officer,4,Arranges redeployment of appropriately qualified staff to identified areas of need
599232,Rostering Officer,5,Communicates with employees regarding roster changes and availability for shift coverage
599232,Rostering Officer,6,"Completes internal documentation regarding rosters, staff details or attendance preferences as required"
599331,Mail Clerk,1,"Collects, sorts and dispatches incoming mail"
599331,Mail Clerk,2,Prepares outgoing mail for delivery
599331,Mail Clerk,3,Operates mail processing equipment
599331,Mail Clerk,4,Maintains mail records
599331,Mail Clerk,5,Assists with bulk mailing and special deliveries
599331,Mail Clerk,6,Resolves mail delivery issues
599331,Mail Clerk,7,Maintains mailroom supplies and equipment
599332,Postal Sorting Officer,1,Receives and sorts incoming mail
599332,Postal Sorting Officer,2,Operates sorting machines to categorise mail
599332,Postal Sorting Officer,3,Prepares mail for delivery
599332,Postal Sorting Officer,4,Identifies mail requiring special handling or additional services
599332,Postal Sorting Officer,5,"Maintains records of mail received, sorted and dispatched"
599332,Postal Sorting Officer,6,Assists customers with enquires about postal services
599332,Postal Sorting Officer,7,Investigates complaints regarding lost items
599931,Clinical Coder,1,Reviews patients' medical records and extracts relevant information
599931,Clinical Coder,2,"Assigns appropriate codes to diagnoses, procedures and other medical information, using recognised classification systems"
599931,Clinical Coder,3,Ensures accuracy and completeness of coded data
599931,Clinical Coder,4,Collaborates with Health Professionals to clarify documentation and obtain additional information as needed
599931,Clinical Coder,5,Conducts regular audits to ensure compliance with coding guidelines and standards
599931,Clinical Coder,6,Generates reports and statistical analysis based on coded data
599932,Customs Broker,1,"Provides organisations with information and paperwork to ship their goods out of the country, and helps businesses import goods successfully by clearing customs"
599932,Customs Broker,2,"Provides information to customers on custom tariffs, tariff classifications and concessions, and methods of clearing goods, and calculates storage and clearance charges"
599932,Customs Broker,3,Ensures compliance with biosecurity and other requirements
599932,Customs Broker,4,"Arranges permissions, licences or other approvals to ensure the smooth importation of particular types of goods"
599933,Facilities Administrator,1,"Supports the management of site facilities including fit-outs, relocations and general maintenance"
599933,Facilities Administrator,2,Assists in the location and provisioning of staff within a facility
599933,Facilities Administrator,3,"Assists with site safety, operations and projects"
599933,Facilities Administrator,4,Assists with on-site maintenance
599933,Facilities Administrator,5,"Keeps records and schedules of purchases, equipment, maintenance and contractors"
599933,Facilities Administrator,6,Ensures cost-effective support services for a facility
599933,Facilities Administrator,7,Receives and tracks delivery of goods
599934,"Production Assistant (Audio, Screen or Live Performance)",1,"Assists with the coordination and scheduling of production, animation or post-production activities"
599934,"Production Assistant (Audio, Screen or Live Performance)",2,Acts as a messenger or liaison person for production crew and directors
599934,"Production Assistant (Audio, Screen or Live Performance)",3,Obtains refreshments and catering for cast and crew
599934,"Production Assistant (Audio, Screen or Live Performance)",4,"Notifies crew of changes in script, production, post-production or animation arrangements"
599934,"Production Assistant (Audio, Screen or Live Performance)",5,Assists in the setting up and dismantling of film and television sets and other workspaces
599934,"Production Assistant (Audio, Screen or Live Performance)",6,"Compiles files and records, such as stills, personnel worksheets and talent releases"
599934,"Production Assistant (Audio, Screen or Live Performance)",7,"Organises, distributes and maintains production files, documents and records"
599934,"Production Assistant (Audio, Screen or Live Performance)",8,Maintains production calendars and other administrative documents
599935,"Production Coordinator (Audio, Screen or Live Performance)",1,Oversees and manages production assistants and production runners
599935,"Production Coordinator (Audio, Screen or Live Performance)",2,Coordinates and schedules travel arrangements for cast and crew
599935,"Production Coordinator (Audio, Screen or Live Performance)",3,Organises accommodation for cast and crew during production and for post-production
599935,"Production Coordinator (Audio, Screen or Live Performance)",4,Arranges work permits and visas for international cast and crew
599935,"Production Coordinator (Audio, Screen or Live Performance)",5,"Creates and maintains shooting, animation or post-production schedules"
599935,"Production Coordinator (Audio, Screen or Live Performance)",6,Liaises with various departments to ensure a smooth production process
599935,"Production Coordinator (Audio, Screen or Live Performance)",7,Manages logistics and transportation for equipment and materials
599935,"Production Coordinator (Audio, Screen or Live Performance)",8,Coordinates with location scouts to secure shooting locations
599935,"Production Coordinator (Audio, Screen or Live Performance)",9,Tracks and manages production expenses and budgets
599936,Radio Dispatcher,1,"Receives and relays radio or telecommunications messages from operational units, customers or the public"
599936,Radio Dispatcher,2,Coordinates communications between operational units
599936,Radio Dispatcher,3,"Records critical information from emergency, routine and administrative calls"
599936,Radio Dispatcher,4,Relays information to enable appropriate resources and personnel to be deployed
599936,Radio Dispatcher,5,Maintains communication and provides guidance to callers during emergency situations
599937,Strata Manager,1,Manages and coordinates the administrative functions of strata communities on behalf of owners
599937,Strata Manager,2,"Implements and enforces rules, regulations and maintenance schedules for common strata property"
599937,Strata Manager,3,"Oversees the maintenance and repair of common strata property, such as roofs, lifts, basements, air conditioning and heating systems"
599937,Strata Manager,4,Collects levies and manages budgets and financial resources for the maintenance and repair of common property
599937,Strata Manager,5,"Liaises with owners, tenants and contractors to address issues and resolve disputes"
599937,Strata Manager,6,Provides advice and guidance to owners and tenants on strata community rules and relevant strata title legislation and regulations
599937,Strata Manager,7,"Represents the strata community in meetings, negotiations and interactions with external stakeholders"
599938,Survey Interviewer,1,Contacts individuals to gather information in person or by telephone
599938,Survey Interviewer,2,Administers questionnaires on an area of interest following a set format
599938,Survey Interviewer,3,Records responses to questions on paper or electronically
599938,Survey Interviewer,4,"Tracks the distribution and collection of questionnaires to addresses, businesses or people"
599938,Survey Interviewer,5,Communicates the importance of survey participation and explains relevant privacy policies
599938,Survey Interviewer,6,May interview people at random in public settings
599941,Union Organiser,1,Oversees and promotes union operations
599941,Union Organiser,2,Recruits new members to the union
599941,Union Organiser,3,Advocates for reform or regulation of industry
599941,Union Organiser,4,Provides advice to other union officials
599941,Union Organiser,5,"Develops effective structures, including union members' communications, at worksites"
599941,Union Organiser,6,Runs mass meetings with union members
599941,Union Organiser,7,"Identifies and develops new and existing delegates, and health and safety representatives"
599941,Union Organiser,8,"Uses knowledge of legislation, awards, collective agreements, employment contracts and wage payment systems to represent union members in industrial relations disputes and assist in disciplinary proceedings, tribunals and courts"
599941,Union Organiser,9,Represents union members in negotiations or at conferences
599941,Union Organiser,10,Visits union members at their place of work to check conditions
611131,Checkout Operator,1,Operates cash registers and point of sale systems in an establishment that sells goods or services
611131,Checkout Operator,2,"Handles cash and digital transactions, and calculates and provides correct change to customers, following all cash handling and security procedures"
611131,Checkout Operator,3,"Scans and processes items for purchase, and ensures that all items are properly scanned and priced"
611131,Checkout Operator,4,Assists customers with bagging and packing their purchases
611131,Checkout Operator,5,Answers customer enquiries and provides information about products and services
611131,Checkout Operator,6,Maintains cleanliness and organisation of checkout area
611131,Checkout Operator,7,Escalates customer complaints or issues regarding payments or transactions to appropriate personnel
611131,Checkout Operator,8,"Compares recorded sales with the cash in the register and total digital transactions, reporting any discrepancies to a supervisor"
619131,Marketing Assistant,1,"Creates, collates and distributes marketing material"
619131,Marketing Assistant,2,Supports the marketing team in executing marketing strategies and campaigns
619131,Marketing Assistant,3,"Supports market research studies, opinion surveys and needs assessments"
619131,Marketing Assistant,4,Performs data entry and analysis
619131,Marketing Assistant,5,Monitors and reports on key metrics
619131,Marketing Assistant,6,Assists with social media to market products
619132,Model,1,"Prepares for photoshoots, runways and other events by researching and understanding the design concept and desired look"
619132,Model,2,Takes creative direction from photographers and art directors
619132,Model,3,Poses in various positions and angles to capture the desired image
619132,Model,4,Expresses emotions and conveys a specific mood or message through facial expressions and body language
619132,Model,5,Showcases clothing and accessories in a professional and appealing manner
619132,Model,6,"Collaborates with artists, photographers, designers and stylists to achieve the desired look for photoshoots or events"
619133,Sales Demonstrator,1,"Sets up displays of products at commercial premises, exhibitions and private homes"
619133,Sales Demonstrator,2,Demonstrates the features and benefits of goods to potential customers
619133,Sales Demonstrator,3,"Explains specifications, pricing and warranty information to customers"
619133,Sales Demonstrator,4,"Offers samples, pamphlets and catalogues advertising goods for sale to customers"
619133,Sales Demonstrator,5,"Takes orders and payments from customers, or directs customers to sales counters"
619133,Sales Demonstrator,6,Maintains inventory of demonstration materials and ensures they are in good working condition
619134,Telemarketer,1,Makes outbound calls to existing and potential customers to promote products and services
619134,Telemarketer,2,Adheres to scripts and guidelines to provide information about products and services to customers over the phone
619134,Telemarketer,3,Maintains a high level of product knowledge to effectively communicate with customers
619134,Telemarketer,4,"Persuades customers to purchase products or arrange sales visits, and handles customer objections by providing solutions or alternatives"
619134,Telemarketer,5,"Records customer details and sales information accurately, and follows up with customers to ensure customer satisfaction and repeat business"
619134,Telemarketer,6,"Arranges dispatch of goods and services, information kits and brochures to customers"
619134,Telemarketer,7,"Arranges appointments for customers and sales representatives, adhering to availability"
619134,Telemarketer,8,Achieves sales targets and meets performance metrics
619135,Visual Merchandiser,1,Designs and creates visual displays to optimise product visibility and overall customer engagement
619135,Visual Merchandiser,2,Collaborates with marketing and sales teams to develop display concepts
619135,Visual Merchandiser,3,"Selects and arranges props, lighting and signage to enhance displays"
619135,Visual Merchandiser,4,"Installs and maintains displays, ensuring they are visually appealing and in line with brand guidelines"
619135,Visual Merchandiser,5,Conducts market research to stay updated on current trends and competitor displays
619135,Visual Merchandiser,6,Trains and guides store staff on maintaining and updating displays
619135,Visual Merchandiser,7,May use digital systems (planograms) and 3D models to develop and install visual displays
619931,Entertainment Venue Attendant,1,Sells and verifies tickets or passes at entertainment venues
619931,Entertainment Venue Attendant,2,"Provides information to customers regarding locations, timing of services and established bookings"
619931,Entertainment Venue Attendant,3,"Assists with setting up signage, seating arrangements and equipment at the venue"
619931,Entertainment Venue Attendant,4,Assists customers in using automated ticketing systems and provides guidance when needed
619931,Entertainment Venue Attendant,5,Assists customers with finding their seats or designated areas
619931,Entertainment Venue Attendant,6,Handles any issues or complaints from customers and escalates them as appropriate
619931,Entertainment Venue Attendant,7,"Monitors the behaviour and conduct of customers during events, and assists in crowd control and emergency evacuation if necessary"
619931,Entertainment Venue Attendant,8,Assists to clean and secure the premises after an event
619931,Entertainment Venue Attendant,9,"May sell food, drink or merchandise at an entertainment venue"
619932,Merchandise Planner,1,Analyses sales data and market trends to create merchandise plans on forecast product demand
619932,Merchandise Planner,2,"Manages financial planning, forecasting and open-to-buy budgets"
619932,Merchandise Planner,3,Collaborates with buying and marketing teams to develop and manage product assortments and promotional strategies based on market analysis and financial planning
619932,Merchandise Planner,4,"Manages inventory across stores to ensure optimal stock levels, minimise excess inventory and prevent stockouts"
619932,Merchandise Planner,5,Monitors sales performance and adjusts merchandise plans as needed
619932,Merchandise Planner,6,Conducts financial analysis to track profitability and make recommendations for improvement
619933,Personal Shopper,1,"Receives customer orders or specifications via appointment, phone or online"
619933,Personal Shopper,2,Reviews orders and selects appropriate goods from a retail establishment or wholesaler
619933,Personal Shopper,3,Assesses chosen products for quality
619933,Personal Shopper,4,Packages goods to prepare for delivery or pickup
619933,Personal Shopper,5,"Reports unsatisfactory and out of stock goods, and selects substitutions"
619933,Personal Shopper,6,"Adheres to a specified budget, and records amount owed by customer for later transaction or verifies successful online payment"
619934,Reservations Agent,1,"Consults with customers regarding availability for reservations, including for accommodation, travel, sporting events and restaurants"
619934,Reservations Agent,2,Makes bookings or reservations on behalf of customers and provides confirmation
619934,Reservations Agent,3,"Maintains accurate records of bookings or reservations, and liaises with other service providers to ensure efficient delivery of reservation information"
619934,Reservations Agent,4,Processes payments and issues receipts or invoices to customers
619934,Reservations Agent,5,"Handles customer queries and complaints, and provides information to customers regarding cancellation or refund policies"
619935,Retail Buyer,1,"Sources and evaluates potential suppliers, and negotiates contracts and terms of trade"
619935,Retail Buyer,2,Reviews and assesses supplier performance and reports any issues or disputes
619935,Retail Buyer,3,"Monitors inventory levels, pricing and delivery times using business-relevant software or systems, and adjusts purchasing decisions accordingly"
619935,Retail Buyer,4,"Develops and maintains relationships with suppliers, and attends trade shows and industry events"
619935,Retail Buyer,5,Collaborates with marketing and sales teams to develop promotional strategies and campaigns
619935,Retail Buyer,6,"Reviews and evaluates product quality, and ensures compliance with industry standards and regulations"
619935,Retail Buyer,7,Prepares and presents reports on purchasing activities and performance to management
621131,Insurance Agent,1,Interviews clients to identify their insurance needs
621131,Insurance Agent,2,"Explains to clients details of insurance and conditions, risk coverage, premiums and benefits"
621131,Insurance Agent,3,Assists clients to determine the type and level of coverage required
621131,Insurance Agent,4,Reviews client's circumstances to ensure that the level and coverage of insurance is still appropriate
621131,Insurance Agent,5,Sets and monitors insurance claims to ensure that both client and insurer are satisfied with the outcome
621131,Insurance Agent,6,Records information about clients and their policies
621131,Insurance Agent,7,Keeps up to date with changes in the insurance industry and informs clients of new developments
621231,Sales Representative (Building and Plumbing Supplies),1,"Identifies potential customers and generates leads for builders' timber, building and plumbing hardware and supplies"
621231,Sales Representative (Building and Plumbing Supplies),2,"Contacts wholesale and retail establishments to promote and sell builders' timber, building and plumbing supplies"
621231,Sales Representative (Building and Plumbing Supplies),3,"Demonstrates and explains the features and benefits of products to customers, retailers and wholesalers"
621231,Sales Representative (Building and Plumbing Supplies),4,"Provides advice and recommendations to customers on the appropriate builders' timber, building and plumbing supplies for their needs"
621231,Sales Representative (Building and Plumbing Supplies),5,"Prepares and presents quotes and proposals to customers, retailers and wholesalers, negotiating terms and conditions of sale"
621231,Sales Representative (Building and Plumbing Supplies),6,"Processes orders and ensures timely delivery of builders' timber, building and plumbing supplies to customers, retailers and wholesalers"
621231,Sales Representative (Building and Plumbing Supplies),7,"Builds and maintains relationships with retailers and wholesalers, providing ongoing support and assistance"
621231,Sales Representative (Building and Plumbing Supplies),8,Prepares sales reports and forecasts for management
621232,Sales Representative (Business Services),1,Identifies potential clients and generates leads for selling business services
621232,Sales Representative (Business Services),2,Uses customer relationship management tools to manage all of their company's relationships and interactions with clients and potential clients
621232,Sales Representative (Business Services),3,"Presents and promotes financial, advertising, marketing, media and other business services to clients"
621232,Sales Representative (Business Services),4,Monitors and reports on sales activities and achievements
621232,Sales Representative (Business Services),5,Negotiates and closes sales deals with clients
621232,Sales Representative (Business Services),6,Builds and maintains relationships with clients regarding business services
621232,Sales Representative (Business Services),7,Collaborates with internal teams to ensure client satisfaction and successful delivery of business services
621232,Sales Representative (Business Services),8,Provides ongoing support and assistance to clients regarding business services
621233,Sales Representative (Motor Vehicle Parts and Accessories),1,"Identifies potential customers, and contacts wholesale and retail establishments"
621233,Sales Representative (Motor Vehicle Parts and Accessories),2,Presents and demonstrates motor vehicle parts and accessories to customers
621233,Sales Representative (Motor Vehicle Parts and Accessories),3,Provides information and advice to customers on the features and benefits of different parts and accessories
621233,Sales Representative (Motor Vehicle Parts and Accessories),4,Prepares and delivers sales presentations and proposals to potential customers
621233,Sales Representative (Motor Vehicle Parts and Accessories),5,Negotiates and finalises sales agreements with customers
621233,Sales Representative (Motor Vehicle Parts and Accessories),6,Attends trade shows and industry events to promote products and generate leads
621233,Sales Representative (Motor Vehicle Parts and Accessories),7,Maintains accurate records of sales activities and customer interactions
621234,Sales Representative (Personal and Household Goods),1,Identifies potential customers and makes sales calls to establish new accounts
621234,Sales Representative (Personal and Household Goods),2,Uses customer relationship management tools to manage all of their company's relationships and interactions with customers and potential customers
621234,Sales Representative (Personal and Household Goods),3,Presents and demonstrates personal and household products to potential customers
621234,Sales Representative (Personal and Household Goods),4,Provides information and advice to customers on the features and benefits of different personal and household consumer goods
621234,Sales Representative (Personal and Household Goods),5,Negotiates sales contracts and terms with customers
621234,Sales Representative (Personal and Household Goods),6,Follows up with customers to ensure satisfaction and resolve any issues
621234,Sales Representative (Personal and Household Goods),7,Builds and maintains relationships with key customers
621234,Sales Representative (Personal and Household Goods),8,Monitors market trends and competitor activity
621234,Sales Representative (Personal and Household Goods),9,Prepares sales reports and forecasts for management
621234,Sales Representative (Personal and Household Goods),10,Attends trade shows and sales events to promote products
622131,Property Manager,1,Inspects and assesses rental properties to determine rental value and marketability
622131,Property Manager,2,Advertises and promotes rental properties to attract potential tenants
622131,Property Manager,3,"Screens and selects tenants, including conducting background checks and verifying references"
622131,Property Manager,4,Negotiates and prepares rental agreements and leases
622131,Property Manager,5,Collects rent and ensures timely payment by tenants
622131,Property Manager,6,"Conducts inspections of tenanted properties to ensure compliance with lease agreements, and identifies and coordinates any necessary repairs or maintenance"
622131,Property Manager,7,"Resolves tenant complaints and issues, including addressing maintenance requests and resolving disputes"
622131,Property Manager,8,"Manages rental property finances, including budgeting, accounting and financial reporting"
622231,Auctioneer,1,"Appraises and lists real estate, goods and livestock for auction"
622231,Auctioneer,2,Organises advertising and other publicity to promote upcoming auctions
622231,Auctioneer,3,"Conducts auctions of real estate, goods and livestock"
622231,Auctioneer,4,"Facilitates bidding processes by asking for or setting opening bids, and maintains control of the auction"
622231,Auctioneer,5,Takes offers from buyers and closes the sale by accepting the highest purchase price
622231,Auctioneer,6,Resolves disputes or issues that may arise during the auction
622231,Auctioneer,7,Completes necessary paperwork and documentation related to the auction process
622232,Real Estate Agent,1,Accepts and lists properties and businesses for sale and lease
622232,Real Estate Agent,2,"Conducts inspections and advises buyers on the merits of properties and businesses, and the terms of sale or lease"
622232,Real Estate Agent,3,"Advises vendors of sales and marketing options, and develops and implements marketing strategies to promote properties for lease or sale"
622232,Real Estate Agent,4,"Catalogues and details land, buildings and businesses for lease or sale, and arranges advertising"
622232,Real Estate Agent,5,"Assesses buyers' needs, and locates properties and businesses for their consideration"
622232,Real Estate Agent,6,"Prepares and presents property reports and market analysis, offers valuations and advice for buying and selling properties and businesses, and structures the terms of settlement"
622232,Real Estate Agent,7,Collects and holds rent payments from tenants and remits to owner on an agreed basis
622232,Real Estate Agent,8,"Monitors and addresses non-compliance with terms and conditions of tenancy, and pursues rental arrears"
622232,Real Estate Agent,9,"May arrange finance, land brokerage, conveyancing and maintenance of premises"
622233,Real Estate Representative,1,"Assists clients in buying, selling and leasing properties"
622233,Real Estate Representative,2,Negotiates and finalises sales and lease agreements
622233,Real Estate Representative,3,Conducts market research to identify potential properties for clients
622233,Real Estate Representative,4,Arranges property inspections and open houses for potential buyers
622233,Real Estate Representative,5,"Provides advice and guidance to clients on property values, market trends and legal requirements"
622233,Real Estate Representative,6,Maintains and updates property databases and records
622234,Stock and Station Agent,1,"Conducts market research and analysis to determine the value and marketability of rural property, livestock, crops and agricultural products"
622234,Stock and Station Agent,2,Prepares and presents marketing strategies and campaigns to attract potential buyers and sellers
622234,Stock and Station Agent,3,"Inspects and assesses the condition and quality of rural property, livestock, crops and agricultural products"
622234,Stock and Station Agent,4,"Coordinates and facilitates auctions, private sales and negotiations between buyers and sellers"
622234,Stock and Station Agent,5,May act as an insurance agent for rural clients
631131,Sales Assistant (General),1,Greets and assists customers in selecting and purchasing goods and services
631131,Sales Assistant (General),2,Provides information and advice on products to customers
631131,Sales Assistant (General),3,"Processes sales transactions and handles payments, including the use of point of sale software"
631131,Sales Assistant (General),4,Replenishes and maintains stock levels
631131,Sales Assistant (General),5,"Handles customer enquiries, complaints and returns"
631131,Sales Assistant (General),6,Upsells products and services
631131,Sales Assistant (General),7,Maintains a clean and tidy sales area
631231,Community Pharmacy Sales Assistant,1,"Sells goods such as non-prescription drugs, health and first aid supplies, toiletries and cosmetics"
631231,Community Pharmacy Sales Assistant,2,"Receives payment for goods and services by a variety of payment methods, and prepares sales invoices"
631231,Community Pharmacy Sales Assistant,3,Promotes goods and services that are for sale
631231,Community Pharmacy Sales Assistant,4,Assists with the management of stock by ordering and receiving items for sale and by participating in stocktakes
631231,Community Pharmacy Sales Assistant,5,"Rotates, replenishes and presents goods for sale"
631231,Community Pharmacy Sales Assistant,6,Accepts prescriptions for dispensing by Community Pharmacists
631231,Community Pharmacy Sales Assistant,7,"Determines customer requirements and advises customers on the selection, price and usage of non-prescription medicines"
631231,Community Pharmacy Sales Assistant,8,Advises customers on the correct use and storage of medicines
631231,Community Pharmacy Sales Assistant,9,Assists pharmacist with the delivery of professional pharmacy services
631331,ICT Sales Assistant,1,Assists customers in selecting and purchasing computing and telecommunications products
631331,ICT Sales Assistant,2,Provides information and advice on the features and benefits of different computing and telecommunications products
631331,ICT Sales Assistant,3,Demonstrates the use of computing and telecommunications products to customers
631331,ICT Sales Assistant,4,"Processes sales transactions, and handles cash and credit card payments"
631331,ICT Sales Assistant,5,Maintains knowledge of current and upcoming computing and telecommunications products and technologies
631331,ICT Sales Assistant,6,"Tracks online stock levels, and stocks and replenishes computing and telecommunications products on the sales floor"
631331,ICT Sales Assistant,7,Handles customer enquiries and resolves issues or complaints
631331,ICT Sales Assistant,8,Maintains accurate records of sales and customer interactions
631431,Motor Vehicle or Caravan Salesperson,1,Greets customers and assists them in selecting suitable vehicles or equipment
631431,Motor Vehicle or Caravan Salesperson,2,Demonstrates the features and benefits of different vehicles or equipment to customers
631431,Motor Vehicle or Caravan Salesperson,3,"Provides information on pricing, financing options and warranties"
631431,Motor Vehicle or Caravan Salesperson,4,Negotiates and finalises sales agreements with customers
631431,Motor Vehicle or Caravan Salesperson,5,Processes paperwork and arranges for the delivery of vehicles or equipment
631432,Motor Vehicle Parts Interpreter,1,Assists customers in identifying and selecting appropriate motor vehicle accessories and parts
631432,Motor Vehicle Parts Interpreter,2,Provides information and advice to customers on the features and benefits of different motor vehicle accessories and parts
631432,Motor Vehicle Parts Interpreter,3,Processes customer orders and arranges for the delivery or pickup of motor vehicle accessories and parts
631432,Motor Vehicle Parts Interpreter,4,Maintains and updates inventory records of motor vehicle accessories and parts using online stock management systems and databases
631432,Motor Vehicle Parts Interpreter,5,Receives and inspects incoming shipments of motor vehicle accessories and parts
631432,Motor Vehicle Parts Interpreter,6,Stocks and displays motor vehicle accessories and parts in a neat and organised manner
631432,Motor Vehicle Parts Interpreter,7,Assists with pricing and promotional activities for motor vehicle accessories and parts
631432,Motor Vehicle Parts Interpreter,8,Handles customer enquiries and resolves any issues or complaints related to motor vehicle accessories and parts
631432,Motor Vehicle Parts Interpreter,9,"Keeps up to date with new motor vehicle accessories and parts, and informs customers of available options"
631432,Motor Vehicle Parts Interpreter,10,Collaborates with colleagues and suppliers to ensure smooth and efficient operation of the motor vehicle accessories and parts department
631531,Retail Supervisor,1,"Assigns tasks and responsibilities to retail sales workers, and monitors and evaluates their performance"
631531,Retail Supervisor,2,Ensures revenue matches the recorded sales to maintain accurate financial records and prevent losses
631531,Retail Supervisor,3,Resolves customer complaints and issues
631531,Retail Supervisor,4,Manages inventory and ensures stock levels are maintained
631531,Retail Supervisor,5,Implements strategies to increase sales and achieve targets
631531,Retail Supervisor,6,Oversees the merchandising and display of products
631631,Service Station Attendant,1,"Serves customers by selling fuel, automotive products, food and drink"
631631,Service Station Attendant,2,Collects payment from customers and provides receipts
631631,Service Station Attendant,3,Checks and maintains fuel pumps and other equipment at the service station
631631,Service Station Attendant,4,"Cleans and maintains the service station premises, including restrooms and convenience store area"
631631,Service Station Attendant,5,"Stocks and replenishes automotive products, food and accessories in the service station store"
631631,Service Station Attendant,6,Monitors inventory levels and places orders for additional products as needed
631631,Service Station Attendant,7,"Provides information and assistance to customers regarding fuel types, prices and promotions"
631631,Service Station Attendant,8,Ensures compliance with safety and environmental regulations at the service station
631931,Door-to-door Salesperson,1,Identifies potential customers in designated areas
631931,Door-to-door Salesperson,2,"Demonstrates and explains products, features and services"
631931,Door-to-door Salesperson,3,Addresses customer questions and concerns
631931,Door-to-door Salesperson,4,Processes orders and payments
631931,Door-to-door Salesperson,5,Follows up with customers to ensure their satisfaction
631931,Door-to-door Salesperson,6,Keeps records of sales and interactions
631931,Door-to-door Salesperson,7,Attends sales meetings and training sessions
631931,Door-to-door Salesperson,8,Collaborates with team members to achieve sales targets
631932,Materials Recycler,1,"Identifies, collects and assesses quality of recyclable materials from industrial, commercial and private establishments"
631932,Materials Recycler,2,Sorts and separates recyclable materials according to type and quality
631932,Materials Recycler,3,Cleans and prepares recyclable materials for resale
631932,Materials Recycler,4,Determines the market value of recyclable materials and negotiates prices with buyers
631932,Materials Recycler,5,"Maintains records of materials collected, processed and sold"
631932,Materials Recycler,6,Implements and maintains recycling programs in collaboration with local authorities and businesses
631933,Rental Salesperson,1,Assesses rental needs of individuals and businesses
631933,Rental Salesperson,2,Checks prices and provides information and advice on available rental options
631933,Rental Salesperson,3,Prepares rental agreements and contracts
631933,Rental Salesperson,4,Inspects and maintains rental goods and equipment
631933,Rental Salesperson,5,Demonstrates the use and operation of rental goods and equipment
631933,Rental Salesperson,6,Processes rental payments and manages rental accounts
631933,Rental Salesperson,7,Resolves customer complaints and issues related to rentals
631933,Rental Salesperson,8,Uses business systems to coordinate delivery times and pickup of rental goods and equipment
631933,Rental Salesperson,9,Monitors rental inventory and restocks as necessary
631933,Rental Salesperson,10,Keeps records of rental transactions and maintains rental database
631934,Street Vendor,1,"Sets up and arranges goods, or prepares food, for sale at a street or market location"
631934,Street Vendor,2,Advertises and promotes products to attract customers
631934,Street Vendor,3,Demonstrates and explains the features and benefits of products to customers
631934,Street Vendor,4,Maintains inventory levels and restocks products as needed
631934,Street Vendor,5,Keeps records of sales and inventory for reporting purposes
631934,Street Vendor,6,"Follows health and safety regulations, and maintains a clean and hygienic work environment"
711131,Chauffeur,1,"Drives a limousine, hire car or private car to transport passengers to their desired destinations"
711131,Chauffeur,2,Ensures the vehicle is clean and well maintained
711131,Chauffeur,3,Assists passengers with loading and unloading luggage or other items
711131,Chauffeur,4,"Provides a high level of customer service, including assisting passengers with special requirements or requests"
711131,Chauffeur,5,"Maintains records of trips, including mileage and fuel consumption"
711131,Chauffeur,6,Reports vehicle maintenance issues or accidents to the appropriate authorities
711132,Oversize Load Pilot Escort,1,"Plans and conducts route surveys to identify potential obstacles and hazards, such as low power lines and narrow bridges"
711132,Oversize Load Pilot Escort,2,Consults with relevant authorities and obtains necessary permits and approvals
711132,Oversize Load Pilot Escort,3,Drives an escort vehicle and coordinates the movement of oversize loads
711132,Oversize Load Pilot Escort,4,Communicates with drivers and provides guidance and assistance during the transportation of oversize loads
711132,Oversize Load Pilot Escort,5,Monitors and ensures compliance with road rules and regulations
711132,Oversize Load Pilot Escort,6,Provides traffic control and ensures the safety of other road users
711132,Oversize Load Pilot Escort,7,Maintains accurate records and documentation related to oversize load movements
711132,Oversize Load Pilot Escort,8,Responds to emergencies during escort and takes appropriate action to mitigate risks
711133,Rideshare Driver,1,"Accepts ride requests from an online application, with a predetermined fare"
711133,Rideshare Driver,2,Drives a privately owned vehicle to transport passengers to their desired destinations
711133,Rideshare Driver,3,Follows traffic laws and regulations to ensure the safety of passengers and other road users
711133,Rideshare Driver,4,Maintains cleanliness and tidiness of the vehicle
711133,Rideshare Driver,5,Tracks and records passenger fares and payments
711133,Rideshare Driver,6,Adheres to company platform policies and procedures
711133,Rideshare Driver,7,May rate or provide feedback on customers following each trip
711134,Taxi Driver,1,"Receives job requests, including from taxi ranks and kerbside hails"
711134,Taxi Driver,2,Plans routes to pick up passengers
711134,Taxi Driver,3,Drives a taxi to transport passengers to their desired destinations
711134,Taxi Driver,4,Assists passengers with loading and unloading luggage or other items
711134,Taxi Driver,5,Assists passengers with special requirements to arrive at their desired destination
711134,Taxi Driver,6,"Uses a meter to display and determine fares, collects payment, and issues a receipt"
711134,Taxi Driver,7,Maintains cleanliness and roadworthiness of the taxi
711134,Taxi Driver,8,Reports any vehicle maintenance or repair needs to the appropriate authorities
711134,Taxi Driver,9,"Maintains accurate records of trips, including mileage and fares collected"
711231,Bus Driver,1,Drives a bus to transport passengers over established routes while adhering to traffic regulations
711231,Bus Driver,2,Stops at set locations to enable passengers to board and alight
711231,Bus Driver,3,Assists passengers with boarding and disembarking from the bus
711231,Bus Driver,4,"Collects fares and issues tickets, and monitors electronic payment"
711231,Bus Driver,5,"Provides information to passengers regarding routes, schedules and fares"
711231,Bus Driver,6,"Monitors and ensures the safety of passengers during transit, and maintains the orderly conduct of passengers"
711231,Bus Driver,7,"Completes required paperwork and documentation, such as daily logs and incident reports"
711232,Charter and Tour Bus Driver,1,Plans and organises tour itineraries and routes
711232,Charter and Tour Bus Driver,2,Drives a coach to transport passengers to destinations
711232,Charter and Tour Bus Driver,3,Assists passengers with boarding and disembarking the coach
711232,Charter and Tour Bus Driver,4,Provides commentary and information to passengers about points of interest
711232,Charter and Tour Bus Driver,5,Handles customer enquiries and resolves any issues or complaints
711232,Charter and Tour Bus Driver,6,"Keeps records of milage, fuel consumption and passenger numbers for reporting purposes"
711233,Passenger Coach Driver,1,Drives a coach to transport passengers on scheduled services
711233,Passenger Coach Driver,2,Adheres to established routes and schedules
711233,Passenger Coach Driver,3,Assists passengers with boarding and disembarking the coach
711233,Passenger Coach Driver,4,"Collects fares, issues tickets to passengers, and monitors an automated ticketing machine"
711233,Passenger Coach Driver,5,"Provides information and assistance to passengers regarding routes, schedules and destinations"
711233,Passenger Coach Driver,6,Communicates with dispatch or control centre to report any delays or incidents
711233,Passenger Coach Driver,7,"Adheres to road safety regulations and legislation, including the completion of relevant log books"
711331,Freight Train Driver,1,"Inspects locomotives and rolling stock before, during and after journeys"
711331,Freight Train Driver,2,"Operates and monitors controls to regulate speed, direction and braking, and track fuel consumption"
711331,Freight Train Driver,3,Ensures livestock freight are safe and in good physical condition
711331,Freight Train Driver,4,Communicates with control centres and other train crew using radios and signals
711331,Freight Train Driver,5,Manages the loading and unloading of freight
711331,Freight Train Driver,6,Performs minor repairs and maintenance tasks on-track if necessary
711331,Freight Train Driver,7,Couples and uncouples wagons using manual tools
711331,Freight Train Driver,8,"Keeps records of journeys, delays and any incidents that occur"
711331,Freight Train Driver,9,Follows timetables and schedules to ensure on-time delivery of freight
711332,Passenger Train Driver,1,"Operates and monitors controls to regulate speed, direction and braking of the train"
711332,Passenger Train Driver,2,Monitors track and weather conditions and railway signals
711332,Passenger Train Driver,3,"Ensures passengers, including those with mobility restrictions, board and alight vehicles in a safe and timely manner"
711332,Passenger Train Driver,4,Communicates with control centres using radio or other communication devices
711332,Passenger Train Driver,5,Adheres to timetables and schedules to ensure on-time arrival and departures of trains
711332,Passenger Train Driver,6,Makes announcements to passengers and liaises with onboard staff
711332,Passenger Train Driver,7,"Responds to emergencies or unexpected situations, such as mechanical failures or medical incidents"
711332,Passenger Train Driver,8,Ensures public safety by adhering to public duty of care protocols and monitoring transit security procedures
711332,Passenger Train Driver,9,Completes reports related to train operations and incidents
711333,Tram Driver,1,Operates tram controls and regulates speed
711333,Tram Driver,2,Monitors traffic conditions and adjusts driving accordingly
711333,Tram Driver,3,Announces stops and provides passenger information
711333,Tram Driver,4,Reports mechanical or operational issues
712131,Furniture Removalist,1,"Plans and organises the loading, transportation and unloading of furniture and equipment"
712131,Furniture Removalist,2,Uses appropriate lifting techniques for heavy items
712131,Furniture Removalist,3,Packs and secures furniture and equipment for safe transportation
712131,Furniture Removalist,4,Drives a removal vehicle to transport furniture and equipment
712131,Furniture Removalist,5,Liaises with clients to determine preferences for placing furniture and equipment
712131,Furniture Removalist,6,"Completes documentation, including inventories of furniture and equipment moved"
712131,Furniture Removalist,7,Inspects and maintains a removal vehicle
712131,Furniture Removalist,8,"May assist with packing, assembling and disassembling furniture and equipment"
712231,Delivery Person,1,Collects goods from a collection point for delivery
712231,Delivery Person,2,Plans delivery routes to ensure efficient and timely delivery of goods
712231,Delivery Person,3,Organises items for delivery according to delivery routes
712231,Delivery Person,4,Loads and unloads items for delivery in a safe and secure manner
712231,Delivery Person,5,Receives certification of delivery and completes delivery logs and records
712231,Delivery Person,6,Returns undelivered items to the appropriate location
712231,Delivery Person,7,Performs routine maintenance and inspections on the delivery vehicle to ensure safe and efficient operation
712231,Delivery Person,8,May receive and process payments for deliveries
712232,Postal Delivery Officer,1,Sorts and organises mail for delivery
712232,Postal Delivery Officer,2,Completes daily vehicle safety checks and loads mail onto a delivery vehicle
712232,Postal Delivery Officer,3,Delivers mail to homes and businesses
712232,Postal Delivery Officer,4,Obtains signatures from recipients for some delivered items
712232,Postal Delivery Officer,5,Returns undelivered mail to a post office
712232,Postal Delivery Officer,6,"Maintains records of mail counts, deliveries and equipment"
712232,Postal Delivery Officer,7,"Assists with checking wrongly addressed, missorted, undelivered and redirected mail, and processing freepost and underpaid mail"
713131,Truck Driver (General),1,Drives and manoeuvres a truck into position for loading and unloading goods
713131,Truck Driver (General),2,Drives a truck to transport goods to designated locations
713131,Truck Driver (General),3,Communicates with dispatchers and other truck drivers to coordinate deliveries
713131,Truck Driver (General),4,"Maintains accurate records of goods transported, including delivery times and locations"
713131,Truck Driver (General),5,"Performs routine maintenance on the truck, such as checking oil and tyre pressure"
713132,Tow Truck Driver,1,Drives a tow truck to the location of broken-down or damaged motor vehicles
713132,Tow Truck Driver,2,Attaches vehicles securely onto the tow truck using appropriate equipment
713132,Tow Truck Driver,3,Transports broken-down or damaged vehicles to designated repair facilities or other requested locations
713132,Tow Truck Driver,4,Unloads vehicles safely at requested locations
713132,Tow Truck Driver,5,Completes necessary paperwork and documentation for each tow
713231,Articulated Truck Driver,1,Drives and manoeuvres articulated truck and trailer combinations
713231,Articulated Truck Driver,2,Couples and uncouples trailer combinations as required
713231,Articulated Truck Driver,3,Loads and unloads goods using specialised vehicles such as side loaders
713231,Articulated Truck Driver,4,"Performs maintenance and repairs on the truck, utilising specialised mechanical knowledge, particularly when driving in isolated areas"
713231,Articulated Truck Driver,5,Maintains knowledge of road rules relating to haulage across all states and territories
713231,Articulated Truck Driver,6,Operates relevant company and client applications to provide real time visibility and trip reports
713231,Articulated Truck Driver,7,Manages cargo weights to comply with load limitations and ensures safe distribution of weight
713231,Articulated Truck Driver,8,"May transport livestock or dangerous goods, complying with relevant safety standards"
713232,Tanker Truck Driver,1,Inspects and maintains a tanker truck to ensure it is in proper working condition
713232,Tanker Truck Driver,2,Loads and unloads bulk liquids into the tanker truck
713232,Tanker Truck Driver,3,Drives the tanker truck to transport bulk liquids to designated locations
713232,Tanker Truck Driver,4,Follows all safety regulations and procedures while operating the tanker truck
713232,Tanker Truck Driver,5,Monitors the levels and conditions of bulk liquids during transportation
713232,Tanker Truck Driver,6,Completes necessary paperwork and documentation for each delivery
721131,Storeperson,1,"Unloads vehicles, opens packages and removes contents"
721131,Storeperson,2,"Checks incoming goods for damage and discrepancies between orders, supply and invoices"
721131,Storeperson,3,Labels goods with details of storage locations
721131,Storeperson,4,Uses software to record and obtain details of location and quantity of items in stock
721131,Storeperson,5,Orders goods and issues invoices as required to ensure readiness for demand
721131,Storeperson,6,"Selects, packs, weighs and seals goods for distribution"
721131,Storeperson,7,May use materials handling equipment such as hydraulic pallet lifters and hand trucks
721132,Warehouse Supervisor,1,Oversees the handling and organisation of goods within a store or warehouse
721132,Warehouse Supervisor,2,"Manages inventory, allocates shipments and verifies orders"
721132,Warehouse Supervisor,3,Trains and supervises warehouse staff to ensure efficient operations
721132,Warehouse Supervisor,4,Implements and enforces safety regulations within the warehouse
721132,Warehouse Supervisor,5,Prepares relevant documentation and records as required
731131,Industrial Spray Painter,1,"Prepares surfaces for painting by cleaning, sanding and masking"
731131,Industrial Spray Painter,2,Mixes and prepares paint colours to achieve desired results
731131,Industrial Spray Painter,3,"Sets up and operates spray painting equipment, ensuring proper pressure and nozzle settings"
731131,Industrial Spray Painter,4,Applies paint and other coatings to manufactured items using spray guns or other application methods
731131,Industrial Spray Painter,5,"Monitors and adjusts paint flow, coverage and thickness to achieve desired finish"
731131,Industrial Spray Painter,6,Inspects painted items for defects and touches up as necessary
731132,Sandblaster,1,Prepares surfaces for sandblasting by cleaning and removing any debris or contaminants
731132,Sandblaster,2,Prepares machines for operation by selecting and installing attachments and components for specialised functions
731132,Sandblaster,3,"Directs and controls the flow of abrasive materials onto surfaces to remove paint, rust or other coatings"
731132,Sandblaster,4,Adjusts sandblasting machine settings to achieve desired results
731132,Sandblaster,5,Inspects surfaces after sandblasting to ensure they are clean and free of imperfections
731132,Sandblaster,6,Maintains and repairs sandblasting equipment as needed
731231,Paper and Pulp Production Operator,1,Operates and adjusts the settings of paper and pulp production machinery to ensure consistent output as per the specifications
731231,Paper and Pulp Production Operator,2,Loads raw materials and chemicals into plant equipment to make and bleach pulp
731231,Paper and Pulp Production Operator,3,"Operates machinery such as blenders, agitators and driers to process, sample, wash and blend pulp"
731231,Paper and Pulp Production Operator,4,Transfers pulp to storage tanks and operates machinery to agitate pulp to maintain consistency
731231,Paper and Pulp Production Operator,5,"Loads pulp and additives such as dye into paper making equipment or machines, and operates machinery to make paper and pulp products"
731231,Paper and Pulp Production Operator,6,Monitors and controls the flow of materials throughout the pulp and paper making process
731231,Paper and Pulp Production Operator,7,"Operates drier and calendar rolls, and imparts gloss and coating mixtures to paper or paper products"
731232,Timber and Wood Production Operator,1,Coordinates the loading and unloading of logs onto equipment and conveyors
731232,Timber and Wood Production Operator,2,"Operates timber and wood processing machines or plant equipment to strip, debark and prepare logs for processing"
731232,Timber and Wood Production Operator,3,"Operates machines and equipment such as saws, planers and sanders to process and cut logs and timber into desired sizes and shapes"
731232,Timber and Wood Production Operator,4,"Operates machines such as lathes and slicing machines to produce veneers, and laminates veneers using glue"
731232,Timber and Wood Production Operator,5,"Inspects, measures and grades planks and wood products to ensure they meet quality standards"
731232,Timber and Wood Production Operator,6,"Monitors the wood drying process, which may involve the use of kilns, to ensure the wood reaches the specific moisture content"
731232,Timber and Wood Production Operator,7,"Keeps records of timber and wood products processed, equipment maintenance schedules, and any production issues encountered"
731331,Plastics Fabricator or Welder,1,"Reads blueprints, drawings and specifications to determine product requirements"
731331,Plastics Fabricator or Welder,2,"Sets up and operates machines to measure, cut, shape, fit and assemble plastics materials"
731331,Plastics Fabricator or Welder,3,"Cuts, trims and shapes plastics materials using hand tools"
731331,Plastics Fabricator or Welder,4,Fastens seams or joints together with welds or bonds to assemble components into products or to repair plastic items
731331,Plastics Fabricator or Welder,5,Carries out butt and electrofusion welding of polyethylene plastic pipe works and components
731331,Plastics Fabricator or Welder,6,"Carries out routine quality checks on products, such as dimensional checks, clarity of colour, and impact resistance"
731331,Plastics Fabricator or Welder,7,"Finishes off plastic parts, including sanding and polishing"
731332,Plastics Production Machine Operator,1,Sets up and prepares machines ready for plastics production
731332,Plastics Production Machine Operator,2,"Sets injection moulding parameters to machinery, and places and aligns robots to prepare for robotic processes"
731332,Plastics Production Machine Operator,3,"Operates controls to regulate temperature, pressure, speed and flow of plastics operation"
731332,Plastics Production Machine Operator,4,"Measures and loads raw plastic materials, items and ingredients for mixing into machines and feeding mechanisms"
731332,Plastics Production Machine Operator,5,"Threads uncoated wire and cable through plastic coating machines, around take-up reels, and through dies and cooling chambers"
731332,Plastics Production Machine Operator,6,"Performs routine quality checks on products, such as dimensional checks, clarity of colour, and impact resistance"
731332,Plastics Production Machine Operator,7,Examines output for defects and conformity to specifications
731333,Reinforced Plastic and Composite Production Worker,1,Sets up and prepares machines for reinforced plastics production
731333,Reinforced Plastic and Composite Production Worker,2,"Checks all templates, moulds and cut-out patterns to be used in the manufacturing process to ensure that they conform to specifications"
731333,Reinforced Plastic and Composite Production Worker,3,"Applies gelcoat, colouring and fibre-reinforced plastic to moulds according to specifications"
731333,Reinforced Plastic and Composite Production Worker,4,Monitors and adjusts machine settings to ensure proper application of materials
731333,Reinforced Plastic and Composite Production Worker,5,Ensures the correct applications of mixtures for effective setting of resins and gelcoats
731333,Reinforced Plastic and Composite Production Worker,6,Checks completed products for conformance to specifications and to identify any deficiencies
731333,Reinforced Plastic and Composite Production Worker,7,Repairs or modifies damaged or defective fibreglass parts to ensure they are fit for purpose
731334,Rubber Production Machine Operator,1,Monitors the functioning of rubber processing machinery producing products
731334,Rubber Production Machine Operator,2,Sets up and calibrates rubber processing machines based on the specific production requirements
731334,Rubber Production Machine Operator,3,"Operates controls to regulate temperature, pressure, speed and flow of operation to achieve desired rubber quality"
731334,Rubber Production Machine Operator,4,"Measures and loads raw rubber materials, items and ingredients for mixing into machines and feeding mechanisms"
731334,Rubber Production Machine Operator,5,"Monitors operations, regulates material supply, and adds chemicals and colorants to mixture"
731334,Rubber Production Machine Operator,6,Examines finished rubber products for defects and conformity to specifications
731431,Sewing Machinist,1,Reads and interprets work orders and sewing patterns
731431,Sewing Machinist,2,"Guides fabric and materials through industrial sewing machines, ensuring accurate stitching"
731431,Sewing Machinist,3,"Adjusts machine settings such as tension, stitch length and speed"
731431,Sewing Machinist,4,Trims excess threads and removes waste
731431,Sewing Machinist,5,Inspects finished products for quality and makes necessary adjustments
731431,Sewing Machinist,6,"Performs routine maintenance on sewing machines, such as cleaning and oiling"
731432,Textile or Footwear Production Machine Operator,1,"Prepares textile or footwear production machines for operation to process raw hides, skins and textile fibres"
731432,Textile or Footwear Production Machine Operator,2,"Operates automated machines that dye and tan hides and skins, and dye textiles"
731432,Textile or Footwear Production Machine Operator,3,"Operates automated machines that cut and machine leather and synthetic shoe uppers, and make shoes"
731432,Textile or Footwear Production Machine Operator,4,"Operates automated machines that convert raw textile fibres into continuous untwisted and twisted strands of yarn for use in clothing, carpets, curtains, linens and other fabrics"
731432,Textile or Footwear Production Machine Operator,5,"Programs machines to position and feed fibre packages to produce carpets, linens and other textiles"
731432,Textile or Footwear Production Machine Operator,6,Oversees process of tying and splicing ends to repair broken yarns
731931,Chemical Production Machine Operator,1,Sets up and prepares machines to produce chemical goods
731931,Chemical Production Machine Operator,2,Measures the ingredients used in chemical products to be mixed and blended
731931,Chemical Production Machine Operator,3,Operates crushing machines or mills to grind and pulverise solid chemicals and other materials to a specified size suitable for processing
731931,Chemical Production Machine Operator,4,"Monitors the removal of the ground product from machines, and inspects and tests samples of products for quality and consistency"
731931,Chemical Production Machine Operator,5,"Performs regular checks and basic maintenance on processing machines, and reports any faults"
731931,Chemical Production Machine Operator,6,Follows safety procedures and guidelines to ensure a safe working environment
731931,Chemical Production Machine Operator,7,Records production data and maintains production logs
731932,Clay Products Machine Operator,1,Sets up and prepares machines for clay product manufacturing
731932,Clay Products Machine Operator,2,"Operates and controls clay processing machinery, including extruders, moulds, kilns and drying equipment"
731932,Clay Products Machine Operator,3,Inspects clay products for defects and quality control
731932,Clay Products Machine Operator,4,Loads raw clay materials into machines and feeds them through production
731932,Clay Products Machine Operator,5,Mixes clay and other materials according to specified formulas
731932,Clay Products Machine Operator,6,Assists in the development and testing of new clay product designs
731933,Concrete Products Machine Operator,1,Sets up and prepares machines for operation
731933,Concrete Products Machine Operator,2,Monitors and adjusts machine settings to ensure proper operation and quality of products
731933,Concrete Products Machine Operator,3,Feeds raw materials into machines and removes finished products
731933,Concrete Products Machine Operator,4,Inspects products for defects and ensures they meet quality standards
731933,Concrete Products Machine Operator,5,"Performs routine maintenance on machines, troubleshoots and resolves machine malfunctions and issues"
731933,Concrete Products Machine Operator,6,Records production data and maintains production logs
731934,Crushing Machine Operator,1,"Operates and maintains crushing machines and equipment to crush materials such as cement, ore, rock and coal"
731934,Crushing Machine Operator,2,Ensures proper feed rate of material for consistent operations
731934,Crushing Machine Operator,3,Adjusts machine settings to achieve desired granularity and consistency of crushed materials
731934,Crushing Machine Operator,4,"Monitors the crushing process for any abnormalities and malfunctions, and makes required adjustments"
731934,Crushing Machine Operator,5,"Dislodges and clears jammed materials or other items from machinery or equipment, and transfers crushed materials between work areas using loaders, excavators or other earthmoving machinery"
731934,Crushing Machine Operator,6,Examines crushed materials visually or with hands to ensure conformance to established standards
731935,Glass Production Machine Operator,1,Understands the production specifications and sets up glass production machines to ensure precise production
731935,Glass Production Machine Operator,2,"Monitors the melting and refining process of raw materials to form molten glass, and adjusts machine settings to control the temperature and flow of molten glass"
731935,Glass Production Machine Operator,3,"Changes, positions and aligns moulds on glass production machines as per production requirements"
731935,Glass Production Machine Operator,4,Inspects glass products for defects and ensures they meet quality standards
731935,Glass Production Machine Operator,5,"Conducts regular inspections and basic upkeep of glass production machines to ensure optimal performance, while identifying and resolving mechanical issues"
731935,Glass Production Machine Operator,6,"Monitors and controls the production rate to meet production targets, and maintains production records, while reporting any issues or discrepancies"
731936,Photographic Print Processor,1,Evaluates digital images for quality issues like exposure and focus
731936,Photographic Print Processor,2,"Adjusts images by cropping and adjusting colour, brightness and contrast for optimal print quality"
731936,Photographic Print Processor,3,Adjusts settings and runs automatic developing equipment
731936,Photographic Print Processor,4,"Inspects prints and adjusts settings on print-making equipment to produce required number, size and type of prints"
731936,Photographic Print Processor,5,"Monitors and tests photographic processing and printing equipment, and maintains operational standards"
731936,Photographic Print Processor,6,"May develop black and white images by separate processes, and operate enlargers"
731936,Photographic Print Processor,7,May assist customers to turn photographs into customisable products
731937,Sterilisation Technician,1,"Assembles, packages, inspects and sorts surgical instruments and other hospital equipment, soft goods and linen for cleaning and sterilisation"
731937,Sterilisation Technician,2,Operates cleaning and sterilisation equipment according to guidelines
731937,Sterilisation Technician,3,Monitors sterilisation cycles and equipment functionality
731937,Sterilisation Technician,4,Maintains inventory of sterile supplies and restocks as needed
731937,Sterilisation Technician,5,Adheres to infection control and safety protocols
731937,Sterilisation Technician,6,Collaborates with Health Professionals to ensure that sterilised equipment is readily available for patient care
731937,Sterilisation Technician,7,Cleans and maintains the sterilisation service facility and equipment
731938,Stone Processing Machine Operator,1,Sets up and prepares machines for stone cutting and finishing
731938,Stone Processing Machine Operator,2,Measures and marks stones according to specifications
731938,Stone Processing Machine Operator,3,Loads and unloads stones into machines
731938,Stone Processing Machine Operator,4,Operates and monitors machines to ensure stones are cut accurately and efficiently
731938,Stone Processing Machine Operator,5,Inspects finished stones for quality and makes adjustments to machines as needed
731938,Stone Processing Machine Operator,6,Uses hand tools to finish and polish stones
731938,Stone Processing Machine Operator,7,Cleans and maintains machines to ensure proper functioning
732131,"Crane, Hoist or Lift Operator",1,"Operates controls for cranes, hoists, lifts and winches to lift, move and place materials, equipment and people"
732131,"Crane, Hoist or Lift Operator",2,"Inspects and maintains cranes, hoists, lifts and winches to ensure they are in proper working condition"
732131,"Crane, Hoist or Lift Operator",3,"Determines the weight and dimensions of loads to be lifted, and selects appropriate equipment and lifting methods"
732131,"Crane, Hoist or Lift Operator",4,"Positions and secures loads using slings, chains or other lifting devices"
732131,"Crane, Hoist or Lift Operator",5,Monitors and adjusts crane movements to ensure safe and efficient operation
732231,Engineering Production Worker,1,Interprets engineering production schematics and blueprints
732231,Engineering Production Worker,2,"Operates and monitors rolling plant, machinery and equipment to process mineral ore"
732231,Engineering Production Worker,3,"Operates and adjusts production plant to shape metal stock and castings, and cut sheet metal"
732231,Engineering Production Worker,4,Operates computer-controlled production plant
732231,Engineering Production Worker,5,Operates furnaces and quenching plant to smelt and change the structure of metals
732231,Engineering Production Worker,6,Operates welding and electroplating plant
732231,Engineering Production Worker,7,Casts molten metal and operates plant to draw metal wire through dies
732231,Engineering Production Worker,8,Uses kilns and ovens to fire ceramics
732331,Miner,1,"Operates mining equipment to excavate coal, ore, rock and other minerals"
732331,Miner,2,Loads materials onto trucks or conveyors for transportation
732331,Miner,3,Inspects equipment and performs routine maintenance and repairs
732331,Miner,4,Follows mining plans and procedures to extract minerals from the earth
732331,Miner,5,Assists in the installation and maintenance of underground support systems
732331,Miner,6,Collects and analyses samples to determine the quality and composition of minerals
732332,Shot Firer,1,Inspects and prepares blast sites for explosives
732332,Shot Firer,2,Assembles and positions explosives according to safety regulations and blast plans
732332,Shot Firer,3,Monitors weather conditions and adjusts blast plans accordingly
732332,Shot Firer,4,Conducts pre-blast checks and ensures that the blast area is clear
732332,Shot Firer,5,Detonates explosives using appropriate methods and techniques
732332,Shot Firer,6,Inspects blast sites after detonation to assess the effectiveness of the blast and ensure safety standards are met
732332,Shot Firer,7,Tests and maintains detonation equipment
732431,Wastewater or Water Plant Operator,1,Monitors and operates wastewater or water treatment processes and equipment
732431,Wastewater or Water Plant Operator,2,Adjusts chemical dosages and treatment processes to maintain water quality
732431,Wastewater or Water Plant Operator,3,Monitors and controls water storage and distribution systems
732431,Wastewater or Water Plant Operator,4,Inspects and maintains wastewater or water treatment equipment and machinery
732431,Wastewater or Water Plant Operator,5,"Responds to emergencies at a wastewater treatment facility, and takes appropriate action"
732431,Wastewater or Water Plant Operator,6,Collects samples of water or wastewater for testing
732431,Wastewater or Water Plant Operator,7,Collects and analyses data on water quality and treatment processes
732431,Wastewater or Water Plant Operator,8,Prepares reports on plant operations and water quality
732931,Boiler or Engine Operator,1,"Performs routine maintenance and repairs on engines, boilers and mechanical systems"
732931,Boiler or Engine Operator,2,Monitors and adjusts controls to maintain optimal operating conditions
732931,Boiler or Engine Operator,3,Records and reports on the performance and maintenance of equipment
732931,Boiler or Engine Operator,4,Inspects and tests safety devices and equipment to ensure compliance with regulations and standards
732931,Boiler or Engine Operator,5,"Responds to alarms and emergencies, and takes appropriate action to prevent damage or accidents"
732931,Boiler or Engine Operator,6,Assists with the installation and commissioning of new equipment
732932,Bulk Materials Handling Plant Operator,1,"Loads bulk materials onto trucks, trains or ships"
732932,Bulk Materials Handling Plant Operator,2,"Unloads bulk materials from trucks, trains or ships"
732932,Bulk Materials Handling Plant Operator,3,"Moves, stores and stacks bulk materials"
732932,Bulk Materials Handling Plant Operator,4,Monitors and adjusts plant and equipment settings for efficiency and safety
732932,Bulk Materials Handling Plant Operator,5,Performs routine maintenance and inspections on plant and equipment
732932,Bulk Materials Handling Plant Operator,6,Records and maintains accurate documentation of materials handled
732933,Concrete Batching Plant Operator,1,Operates controls to transfer specified quantities of ingredients to mixing area
732933,Concrete Batching Plant Operator,2,Starts mixer to blend ingredients for specified time and to discharge batch into truck or other container
732933,Concrete Batching Plant Operator,3,Monitors machinery operation for processing specifications
732933,Concrete Batching Plant Operator,4,Cleans and maintains equipment and work area
732933,Concrete Batching Plant Operator,5,Tests and adjusts machine settings and mixes to ensure concrete meets specifications
732933,Concrete Batching Plant Operator,6,Monitors and records production output and quality control data
732933,Concrete Batching Plant Operator,7,Inspects and maintains raw material inventory levels
732933,Concrete Batching Plant Operator,8,Performs routine maintenance and repairs on equipment
732933,Concrete Batching Plant Operator,9,Follows safety procedures and regulations to ensure a safe working environment
732933,Concrete Batching Plant Operator,10,May operate concrete mixer truck to transport mixed concrete to construction site
732934,Concrete Pump Operator,1,Operates concrete pumping equipment to pump concrete
732934,Concrete Pump Operator,2,"Pours, sprays and spreads concrete over areas such as foundations, pools and retaining walls"
732934,Concrete Pump Operator,3,"Prepares concrete pump for operation by setting up and connecting hoses, pipes and other equipment"
732934,Concrete Pump Operator,4,Maintains concrete pump equipment
732935,Railway Signal Operator,1,Interprets movement orders and timetables to monitor train movements and the arrangement of rolling stock
732935,Railway Signal Operator,2,Operates control panels and switches to control the movement of trains
732935,Railway Signal Operator,3,Communicates with train drivers and other railway personnel using radios and communication systems
732935,Railway Signal Operator,4,Notifies control centres of delays or accidents
732935,Railway Signal Operator,5,Operates railway turntables to change the direction of rolling stock
732935,Railway Signal Operator,6,"Inspects railway signals and equipment, and reports faults and malfunctions"
732936,Weighbridge Operator,1,Operates plant and equipment to weigh vehicles and their loads
732936,Weighbridge Operator,2,Ensures weighing plant and equipment are calibrated and maintained in accordance with standards and regulations
732936,Weighbridge Operator,3,Monitors and controls traffic flow to ensure efficient and safe operation of the weighing plant
732936,Weighbridge Operator,4,Issues measurement tickets to record readings of weight
732936,Weighbridge Operator,5,Inspects vehicles and their loads to ensure compliance with weight restrictions and regulations
732936,Weighbridge Operator,6,Maintains accurate records of weight measurements and transactions
741131,Agricultural and Horticultural Mobile Plant Operator,1,Prepares and positions agricultural and horticultural plant for operation
741131,Agricultural and Horticultural Mobile Plant Operator,2,"Operates tractor-drawn and self-propelled plant to plough land and sow, fertilise, cultivate and harvest crops, and avoids damaging crops"
741131,Agricultural and Horticultural Mobile Plant Operator,3,"Calibrates and monitors agricultural and horticultural plant performance, including adjusting speed, height and depth of implements, as well as distribution or collection rates as needed"
741132,Logging Plant Operator,1,Prepares and positions logging plant for operation
741132,Logging Plant Operator,2,"Operates logging plant to hold, lift and cut trees"
741132,Logging Plant Operator,3,"Operates attachments to lift, swing, release and sort trees and logs, and operates auxiliary plant such as chipping machines and log splitting machines"
741132,Logging Plant Operator,4,"Feeds felled trees into processors to strip limbs and cut logs, and loads logs onto stockpiles and onto trucks"
741132,Logging Plant Operator,5,Keeps log tallies and writes work reports
741132,Logging Plant Operator,6,Services logging plant and performs minor repairs
741231,Earthmoving Plant Operator (General),1,"Maintains and operates a range of earthmoving plant to excavate, level, compact and shape earth and other materials"
741231,Earthmoving Plant Operator (General),2,"Loads, transports and unloads materials using earthmoving plant and equipment"
741231,Earthmoving Plant Operator (General),3,"Performs routine pre-start checks, maintenance, minor repairs and adjustments on earthmoving plant and equipment"
741231,Earthmoving Plant Operator (General),4,Monitors and reports any faults or malfunctions of earthmoving plant and equipment
741232,Backhoe Operator,1,"Operates a backhoe and attachments to excavate and remove earth, rock and other materials"
741232,Backhoe Operator,2,Breaks through hard surfaces using backhoe attachments
741232,Backhoe Operator,3,"Uses backhoe attachments to lift and place objects such as pipes, poles and logs"
741232,Backhoe Operator,4,Loads and unloads materials onto trucks or other vehicles using a backhoe
741232,Backhoe Operator,5,Performs routine maintenance and inspections on backhoe and attachments
741233,Bulldozer Operator,1,Prepares the bulldozer for operation by conducting pre-start checks and maintenance
741233,Bulldozer Operator,2,"Operates the bulldozer to gouge out, level and move materials according to project specifications"
741233,Bulldozer Operator,3,"Uses blades and other attachments to perform tasks such as pushing, grading and compacting materials"
741233,Bulldozer Operator,4,Monitors and adjusts the bulldozer's controls to ensure safe and efficient operation
741233,Bulldozer Operator,5,Performs routine repairs on the bulldozer as required
741234,Excavator Operator,1,"Positions, operates, controls, monitors and adjusts heavy excavation plant to excavate, move and load earth, rock and rubble in a safe and efficient manner"
741234,Excavator Operator,2,Loads and unloads excavation plant with materials
741234,Excavator Operator,3,Performs pre-start checks and routine maintenance on excavation plant
741234,Excavator Operator,4,May perform manual excavation and shovelling as required
741235,Grader Operator,1,Determines the appropriate grades and slopes for the construction project
741235,Grader Operator,2,"Operates and controls a grader to spread and level materials such as soil, gravel and asphalt on construction sites"
741235,Grader Operator,3,Monitors and adjusts the grader's speed and blade position to achieve desired results
741235,Grader Operator,4,"Performs routine maintenance tasks on the grader, such as cleaning and lubricating"
741236,Loader Operator,1,"Moves materials to designated areas, and loads and unloads materials onto trucks or other vehicles using the loader"
741236,Loader Operator,2,Weighs and measures materials to ensure accurate loading
741236,Loader Operator,3,Inspects and maintains the loader to ensure it is in proper working condition
741236,Loader Operator,4,"Performs routine maintenance on the loader, such as cleaning and lubricating"
741237,Tunnel Constructor,1,"Operates and performs routine repairs and maintenance on tunnelling equipment and machinery, such as road header machines and tunnel boring machines"
741237,Tunnel Constructor,2,Excavates and removes soil and rock to create tunnels and shafts
741237,Tunnel Constructor,3,"Installs and maintains support systems, such as timber, steel or concrete linings"
741237,Tunnel Constructor,4,"Installs site services such as air supply, ventilation, dust extraction and drainage"
741237,Tunnel Constructor,5,Monitors and adjusts tunnelling equipment to ensure safe and efficient operation
741237,Tunnel Constructor,6,Inspects and tests tunnelling structures for stability and integrity
741237,Tunnel Constructor,7,Follows engineering plans and specifications to ensure accurate tunnel construction
741237,Tunnel Constructor,8,Collaborates with engineers and other construction workers to coordinate tunnelling activities
741331,Forklift Driver,1,"Aligns, raises and lowers forks to stack and unstack items in warehouses, factories, timber yards and shipping terminals"
741331,Forklift Driver,2,Operates forklifts on rails or using electronic guidance systems to control movement
741331,Forklift Driver,3,"Transports goods to designated areas in warehouses, factories, timber yards and shipping terminals using a lift truck"
741331,Forklift Driver,4,May operate a vehicle capable of lifting fully loaded shipping containers
741331,Forklift Driver,5,May operate specialised trucks to carry items beneath elevated frames
741931,Aircraft Baggage Handler and Ground Crew,1,Loads and unloads air freight from aircraft
741931,Aircraft Baggage Handler and Ground Crew,2,Inspects air freight to ensure it is properly loaded and secured
741931,Aircraft Baggage Handler and Ground Crew,3,"Operates vehicles and material-moving equipment during the loading, unloading and transportation of air freight"
741931,Aircraft Baggage Handler and Ground Crew,4,"Sorts air freight for processing, transport or storage"
741931,Aircraft Baggage Handler and Ground Crew,5,Positions loading ramps and staircases to allow passengers to board and disembark aircraft
741931,Aircraft Baggage Handler and Ground Crew,6,Assists in the movement of aircraft on the ground
741931,Aircraft Baggage Handler and Ground Crew,7,"Communicates with pilots, Flight Attendants and other ground crew members to coordinate aircraft operations"
741932,Aircraft Refueller,1,Operates fuelling vehicles and equipment to refuel aircraft according to specific fuel requirements
741932,Aircraft Refueller,2,"Connects ground fuel storage tanks to aircraft by operating pumps and valves, managing flow rates to prevent overfilling or under filling"
741932,Aircraft Refueller,3,Monitors fuel levels in storage tanks and ensures accurate and safe fuelling of aircraft
741932,Aircraft Refueller,4,Inspects fuelling equipment and reports any malfunctions or damage while following safety procedures and regulations
741932,Aircraft Refueller,5,"Maintains records of fuel transactions, completes necessary paperwork and communicates with aircraft crew and ground personnel to coordinate fuelling operations"
741932,Aircraft Refueller,6,Performs routine maintenance and cleaning of fuelling equipment
741932,Aircraft Refueller,7,"Responds to fuel-related emergencies, such as spills or leaks, by executing emergency response procedures"
741933,Linemarker,1,Prepares roads and other surfaces for line marking
741933,Linemarker,2,Measures and marks out lines and symbols on roads and other surfaces
741933,Linemarker,3,Operates line marking machinery and equipment to apply markings to surfaces accurately
741934,Railway Shunter,1,"Assembles and disassembles trains, locomotives and/or rolling stock in the marshalling yard"
741934,Railway Shunter,2,Places wagons into railway parking tracks (sidings)
741934,Railway Shunter,3,Moves trains safely between yards and platforms
741934,Railway Shunter,4,Conducts safety checks on trains and rolling stock
741934,Railway Shunter,5,Directs train drivers around the marshalling yard
741935,Railway Track Plant Operator,1,Inspects and assesses railway tracks to identify maintenance and repair needs
741935,Railway Track Plant Operator,2,Operates plant machinery to lay and align railway tracks
741935,Railway Track Plant Operator,3,Repairs and maintains railway tracks using appropriate tools and equipment
741935,Railway Track Plant Operator,4,Monitors and adjusts track alignment to ensure safe and efficient train operations
741935,Railway Track Plant Operator,5,Performs routine maintenance tasks on plant machinery to ensure proper functioning
741935,Railway Track Plant Operator,6,Collaborates with other railway personnel to coordinate track maintenance activities
741936,Road Roller Operator,1,Controls roller speed and direction to achieve desired compaction and smoothness
741936,Road Roller Operator,2,Monitors surface conditions and adjusts roller operation as necessary
741936,Road Roller Operator,3,Performs routine maintenance and cleaning of roller equipment
741936,Road Roller Operator,4,Follows project plans and specifications for surface preparation and compaction
741937,Stevedore,1,"Loads and unloads cargo from ships using appropriate techniques and equipment such as forklifts, gantry cranes, reach stackers, straddle carriers, front-end loaders, excavators, mobile wharf cranes or conveyor systems"
741937,Stevedore,2,"Secures cargo using ropes, chains and other devices"
741937,Stevedore,3,"Transfers cargo between vessels and wharf storage facilities, and between storage facilities and road or rail transport"
741937,Stevedore,4,Inspects cargo for damage and reports any issues
741937,Stevedore,5,Communicates with supervisors and other workers to coordinate cargo transfer operations
741937,Stevedore,6,Organises and prioritises cargo based on shipping schedules and requirements
741938,Streetsweeper Operator,1,Operates equipment to dampen dust and collect and dispose of litter and debris from streets and other paved surfaces
741938,Streetsweeper Operator,2,Keeps records of areas cleaned
741938,Streetsweeper Operator,3,Inspects and undertakes minor maintenance on street cleaning equipment
811131,Commercial Cleaner,1,"Cleans and sanitises various commercial premises, including offices, hospitals, schools and construction sites"
811131,Commercial Cleaner,2,"Operates heavy duty cleaning equipment such as vacuum cleaners, floor scrubbers and pressure washers"
811131,Commercial Cleaner,3,Removes rubbish and waste materials from designated areas
811131,Commercial Cleaner,4,"Dusts, polishes and disinfects furniture, fixtures and surfaces"
811131,Commercial Cleaner,5,"Sweeps, mops and vacuums floors"
811131,Commercial Cleaner,6,"Cleans internal window surfaces, mirrors and other glass surfaces"
811131,Commercial Cleaner,7,Maintains and organises cleaning equipment and supplies
811131,Commercial Cleaner,8,"Reports any maintenance or repair needs, or diminished supplies to the appropriate personnel"
811131,Commercial Cleaner,9,Follows safety procedures and guidelines while performing cleaning tasks
811231,Domestic Cleaner,1,"Cleans and sanitises rooms in private dwellings, such as houses, units, flats, apartments and townhouses"
811231,Domestic Cleaner,2,"Sweeps, mops and vacuums floors in living areas"
811231,Domestic Cleaner,3,"Cleans and disinfects kitchen and bathroom areas, including countertops, sinks, appliances, toilets and showers"
811231,Domestic Cleaner,4,"Dusts and polishes furniture, surfaces and fixtures"
811231,Domestic Cleaner,5,"Empties and cleans rubbish bins, and disposes of waste"
811231,Domestic Cleaner,6,Reports any maintenance or repair needs to the homeowner
811231,Domestic Cleaner,7,Follows health and safety guidelines to ensure a clean and safe environment
811331,Drycleaner,1,"Inspects clothing, garments, upholstery and other fabrics for stains, damage and special care instructions"
811331,Drycleaner,2,"Sorts and separates items based on colour, fabric and cleaning requirements"
811331,Drycleaner,3,Treats stains and spots using appropriate cleaning agents
811331,Drycleaner,4,"Loads items into dry or wet cleaning machines, ensuring proper weight and balance"
811331,Drycleaner,5,Adds cleaning agents and solvents to cleaning machines according to manufacturer instructions
811331,Drycleaner,6,"Operates dry or wet cleaning machines to remove dirt, stains and odours from clothing and fabrics"
811331,Drycleaner,7,"Removes cleaned clothing and fabrics from cleaning machines, and inspects for any remaining stains or damage"
811331,Drycleaner,8,Packages and prepares cleaned clothing and fabrics for return to customers
811331,Drycleaner,9,"May repair minor damage to clothing, such as loose buttons or broken zippers"
811332,Laundry Worker,1,"Sorts and separates soiled linen, clothing and other articles by type, colour and hygiene requirements"
811332,Laundry Worker,2,"Mixes and adds detergents, dyes, bleaches, starches and other chemicals used in the cleaning process"
811332,Laundry Worker,3,"Operates washing machines, dryers and other laundry equipment to clean and dry linen, clothing and other articles"
811332,Laundry Worker,4,"Irons and presses clothing, garments and other articles using steam irons or pressing machines"
811332,Laundry Worker,5,"Checks clothing, linen, fabrics and other articles for damage or defects"
811332,Laundry Worker,6,"Folds or hangs garments, fabrics or other articles for storage or delivery"
811332,Laundry Worker,7,"May perform minor repairs or alterations to clothing, linen or other articles"
811431,Commercial Housekeeper,1,"Cleans and maintains cleanliness of hotel and motel rooms, and other commercial premises"
811431,Commercial Housekeeper,2,Vacuums and mops floors to ensure cleanliness and hygiene
811431,Commercial Housekeeper,3,Makes beds and changes bed linen for guest comfort
811431,Commercial Housekeeper,4,Restocks mini bars and bathroom supplies to ensure availability for guests
811431,Commercial Housekeeper,5,Removes trash and empties waste bins
811431,Commercial Housekeeper,6,Dusts and polishes furniture and fixtures to keep them clean and presentable
811431,Commercial Housekeeper,7,"Cleans and sanitises bathrooms, and takes used towels or linen to be washed"
811431,Commercial Housekeeper,8,Reports any maintenance issues or damages to the appropriate personnel
811432,Domestic Housekeeper,1,"Cleans and tidies private residences, including dusting, vacuuming, mopping floors and cleaning surfaces"
811432,Domestic Housekeeper,2,"Makes beds and changes bed linen, and washes and irons clothes and linen"
811432,Domestic Housekeeper,3,"Cleans and organises bathrooms, including toilets, showers and sinks"
811432,Domestic Housekeeper,4,"Cleans and organises kitchens, including washing dishes, cleaning appliances and organising pantries"
811432,Domestic Housekeeper,5,"Shops for groceries and household supplies, and prepares and cooks meals according to clients' preferences and dietary restrictions"
811432,Domestic Housekeeper,6,"Takes care of household pets, including feeding, walking and grooming"
811432,Domestic Housekeeper,7,Performs light gardening and outdoor maintenance tasks
811432,Domestic Housekeeper,8,"Assists with other household tasks as needed, such as running errands or organising cupboards"
811531,Vehicle Detailer,1,Inspects vehicles to identify areas that require cleaning and detailing
811531,Vehicle Detailer,2,Consults with customers regarding detailing services and provides quotes
811531,Vehicle Detailer,3,Washes and cleans the exteriors of vehicles using appropriate cleaning agents and equipment
811531,Vehicle Detailer,4,"Vacuums, cleans and removes stains and odours from the interiors of vehicles, including seats, carpets and upholstery"
811531,Vehicle Detailer,5,"Cleans and polishes windows, mirrors, other glass surfaces, chrome and other metal surfaces of vehicles"
811531,Vehicle Detailer,6,Touches up paint work on vehicles to restore their appearance
811531,Vehicle Detailer,7,"Performs final inspections to ensure vehicles are clean and presentable for private or commercial usage, sale or rent"
811931,Carpet Cleaner,1,"Inspects carpets, rugs and upholstery to determine an appropriate cleaning method"
811931,Carpet Cleaner,2,"Vacuums carpets, rugs and upholstery to remove dirt and debris"
811931,Carpet Cleaner,3,Applies pre-treatment solutions to stains and heavily soiled areas
811931,Carpet Cleaner,4,"Cleans carpets, rugs and upholstery using appropriate cleaning equipment, such as steam cleaners and extraction machines"
811931,Carpet Cleaner,5,"Applies soil-repellent chemicals and deodorants to carpets, rugs and upholstery"
811931,Carpet Cleaner,6,"Removes excess moisture from carpets, rugs and upholstery using extraction equipment"
811931,Carpet Cleaner,7,"Inspects and evaluates the cleanliness of carpets, rugs and upholstery post-cleaning"
811932,Roof Gutter Cleaner,1,Inspects gutters and surrounding work area for hazards
811932,Roof Gutter Cleaner,2,"Removes leaves, dirt and other debris from gutters"
811932,Roof Gutter Cleaner,3,Uses ladders or other equipment to access gutters at different heights
811932,Roof Gutter Cleaner,4,Checks and clears any downspouts for blockages
811932,Roof Gutter Cleaner,5,Ensures that all safety precautions are followed while working at heights
811932,Roof Gutter Cleaner,6,May perform minor repairs to gutters
811933,Window Cleaner,1,"Inspects interior and exterior windows of residential, commercial and high-rise buildings to determine the extent of cleaning required"
811933,Window Cleaner,2,"Removes dirt, dust, grime and other stains from window surfaces using specialised cleaning solutions and tools"
811933,Window Cleaner,3,"Cleans window frames, sills and tracks"
811933,Window Cleaner,4,Removes and replaces screens for cleaning
811933,Window Cleaner,5,"Uses ladders, scaffolding, ropes or other equipment to access windows at different heights"
811933,Window Cleaner,6,"Ensures that all safety precautions are followed while working, including the use of chemicals and working at heights"
821131,Asbestos Removalist,1,"Identifies the presence and type of asbestos in buildings and in building materials, pipes, boilers and other structures"
821131,Asbestos Removalist,2,Sets up containment enclosures and safety measures to prevent the spread of asbestos fibres during removal
821131,Asbestos Removalist,3,"Operates specialised equipment such as airless sprayers and injection equipment, to safely remove and seal asbestos in secure containers for safe disposal, ensuring no leakage of asbestos fibres"
821131,Asbestos Removalist,4,Cleans the site after asbestos removal using specialised vacuum cleaners and other cleaning tools to ensure that there are no residual asbestos fibres
821131,Asbestos Removalist,5,Conducts air monitoring and clearance testing to ensure the area is safe for reoccupation after asbestos removal
821132,Builder's Labourer,1,"Assists with the preparation of building sites, including clearing debris and setting up barricades and scaffolding"
821132,Builder's Labourer,2,Carries and lifts materials and tools to and from work areas and around building sites
821132,Builder's Labourer,3,"Operates hand and power tools, such as drills, saws and hammers, to assist with the assembly and installation of prefabricated or structural building components"
821132,Builder's Labourer,4,"Cleans building and construction sites, and maintains tools and equipment"
821133,Concreter's Labourer,1,"Assists with concrete mixing, pouring and finishing"
821133,Concreter's Labourer,2,Spreads and levels concrete surfaces
821133,Concreter's Labourer,3,Installs reinforcement materials under supervision
821133,Concreter's Labourer,4,Handles and transports concreting materials and tools
821133,Concreter's Labourer,5,Prepares worksites by cleaning and organising materials
821133,Concreter's Labourer,6,Assists with the setup and dismantling of formwork
821133,Concreter's Labourer,7,Assists with the placement and alignment of concrete forms
821133,Concreter's Labourer,8,Cleans and maintains concreting tools and equipment
821134,Demolition Labourer,1,Continually assesses building structures to ensure that the demolition process is safe and efficient
821134,Demolition Labourer,2,"Dismantles and removes building materials such as brick, timber, concrete and metal"
821134,Demolition Labourer,3,Operates machinery and other equipment to assist in the demolition process
821135,Earthmoving Labourer,1,"Performs routine tasks to manually excavate and move earth, rocks and other materials"
821135,Earthmoving Labourer,2,"Loads excavated materials onto conveyors, wheelbarrows and trucks for removal"
821135,Earthmoving Labourer,3,"Spreads and levels soil, gravel and sand on roads and driveways, trench bottoms and similar locations"
821231,Construction Rigger,1,"Determines the necessary type and size of rigging gear, and inspects and prepares the appropriate rigging gear for the task"
821231,Construction Rigger,2,"Attaches rigging gear to equipment, structural steel or other heavy objects"
821231,Construction Rigger,3,Builds and dismantles cranes and hoists
821231,Construction Rigger,4,"Uses mechanical load shifting equipment and associated tools, such as winches, hoists and other lifting equipment, to lift, lower, move, position and secure objects"
821231,Construction Rigger,5,Maintains and repairs rigging gear
821232,Dogger,1,Inspects and prepares cranes and winches for operation
821232,Dogger,2,"Attaches slings and hooks to loads, ensuring proper placement and secure attachment"
821232,Dogger,3,"Monitors and controls the movement of loads via communication with crane drivers, ensuring they do not exceed lifting capacities"
821232,Dogger,4,Assists in rigging and dismantling cranes and winches
821232,Dogger,5,Performs routine maintenance and repairs on cranes and winches
821232,Dogger,6,"Keeps records of crane operations, including load weights and movements"
821331,Fencer,1,Inspects and measures the area for fence or gate installation or repair
821331,Fencer,2,Cuts and shapes fence panels or gates
821331,Fencer,3,Digs holes and secures fence posts or gate supports
821331,Fencer,4,Attaches fence panels or gates to posts or supports
821331,Fencer,5,Repairs damaged fences and gates by fixing or replacing components
821431,Building Insulation Installer,1,"Measures and cuts insulation material, including window tint, to fit specified areas of buildings"
821431,Building Insulation Installer,2,"Installs insulation material in walls, floors, windows and ceilings of buildings using tools and equipment such as spray guns, blowers and staplers"
821431,Building Insulation Installer,3,Applies adhesive or fasteners to secure insulation material in place
821431,Building Insulation Installer,4,Seals gaps and joints in insulation material to ensure airtightness
821432,Garage Door Installer,1,"Removes and disassembles existing garage doors, and installs and assembles new garage doors"
821432,Garage Door Installer,2,"Installs tracks, springs and rollers for proper functioning of garage doors"
821432,Garage Door Installer,3,"Installs motor units, drive systems and control mechanisms for automated opening and closing of garage doors"
821432,Garage Door Installer,4,Repairs or replaces damaged or malfunctioning parts of garage doors
821433,Shed Builder,1,"Measures, marks out, excavates and levels the ground for shed foundations"
821433,Shed Builder,2,Constructs shed foundations using concrete or other suitable materials
821433,Shed Builder,3,"Constructs shed frames, including walls, roofing, doors and windows"
821433,Shed Builder,4,"Applies external finishing to sheds, such as paint or stains"
821433,Shed Builder,5,"Installs internal finishing such as insulation, plasterboard and flooring, to sheds"
821434,Window Furnishing Installer,1,"Measures windows to determine the size and dimensions of window treatments needed, and cuts them to the appropriate size"
821434,Window Furnishing Installer,2,"Mounts brackets and threading rods onto windows, and installs blinds or curtains onto the brackets and threading rods"
821434,Window Furnishing Installer,3,"Ensures that awnings, blinds, curtains or shutters are properly aligned and level"
821434,Window Furnishing Installer,4,Removes existing window treatments such as blinds or curtains
821531,Paving and Surfacing Labourer,1,Sweeps paving bases prior to laying asphalt and other surfaces
821531,Paving and Surfacing Labourer,2,Sprinkles and brushes hot and cold-mix asphalt over surfaces to be paved and repaired to bond asphalt toppings to bases
821531,Paving and Surfacing Labourer,3,Operates tank-truck distributors and hoses to spray tar and road oils and emulsions on graded surfaces prior to paving
821531,Paving and Surfacing Labourer,4,"Trips tailgate levers to discharge hot-mix asphalt into paving machines, and spreads stone chips, gravel and cold-mix asphalt onto road surfaces"
821531,Paving and Surfacing Labourer,5,"Removes water and debris from potholes or damaged areas, and trims damaged surfaces before repair"
821531,Paving and Surfacing Labourer,6,Shovels asphalt mix into areas inaccessible to paving machines and compacts mix using rakes and hand tampers
821531,Paving and Surfacing Labourer,7,Erects and dismantles barriers
821531,Paving and Surfacing Labourer,8,Loads and unloads equipment and cleans work sites
821531,Paving and Surfacing Labourer,9,May direct traffic
821631,"Drainage, Sewerage and Stormwater Labourer",1,Cleans and performs minor repairs to stormwater drains and canals
821631,"Drainage, Sewerage and Stormwater Labourer",2,Checks for cracks and leaks in sewerage systems
821631,"Drainage, Sewerage and Stormwater Labourer",3,"Assists with the installation of on-site domestic wastewater treatment plants, disposal systems, stormwater systems, and below ground sanitary drainage systems"
821631,"Drainage, Sewerage and Stormwater Labourer",4,Installs prefabricated inspection openings and inspection chambers
821632,Pipe Layer,1,"Inspects the ground to determine the suitability for pipe laying, and digs and backfills trenches for pipe installation"
821632,Pipe Layer,2,"Measures and cuts pipes to required lengths, and assembles and connects pipes using appropriate fittings and tools"
821632,Pipe Layer,3,"Seals pipe joints to ensure they are watertight, tests pipe systems for leaks, and makes necessary repairs"
821633,Plumber's Assistant,1,"Assists Plumbers in fabricating, laying, installing and maintaining pipes, fixtures, water meters and regulators"
821633,Plumber's Assistant,2,"Assists in measuring, cutting and fitting pipes and fixtures, and holds pipes in place while Plumbers weld or solder joints"
821633,Plumber's Assistant,3,"Assists in installing and repairing plumbing fixtures such as toilets, sinks and taps"
821731,Scaffolder,1,"Fits and bolts tubes, support braces and components to form bases and build up scaffolding"
821731,Scaffolder,2,Lifts and positions sections of scaffolding
821731,Scaffolder,3,"Erects guard rails, guy wires, ropes and clamps, lays planks, and hangs safety nets"
821731,Scaffolder,4,Dismantles and removes scaffolding from building sites
821732,Steel Fixer,1,"Determines size, shape, quantity and location of reinforcing metal according to drawings or verbal instructions"
821732,Steel Fixer,2,"Measures, cuts and bends steel and welded wire mesh according to specifications"
821732,Steel Fixer,3,Fixes mesh and reinforced steel into position in formwork for concrete pours
821733,Structural Steel Erector,1,"Erects lifts and positions girders, plates, columns and other structural steel components"
821733,Structural Steel Erector,2,"Aligns, levels and secures structural steel components"
821733,Structural Steel Erector,3,"Lifts, positions and installs bracing, temporary supports, safety nets and scaffolding"
821733,Structural Steel Erector,4,Dismantles and removes steel structures and temporary structures at project completion
821931,Driller's Offsider,1,"Assists in setting up drilling equipment and machinery at drilling sites, and the installation and maintenance of drill casings and pipes"
821931,Driller's Offsider,2,Operates drilling equipment under the supervision of Drillers
821931,Driller's Offsider,3,Assists in the collection and analysis of drilling samples
821931,Driller's Offsider,4,Cleans and maintains drilling equipment and work areas
821931,Driller's Offsider,5,Assists in the dismantling and removal of drilling equipment and machinery
821931,Driller's Offsider,6,Assists in the transportation of drilling equipment and materials to and from drill sites
821932,Lagger,1,"Determines insulation requirements for pipes, steam generators, process vats and ducting"
821932,Lagger,2,"Measures and cuts insulating materials to fit pipes, steam generators, process vats and ducting"
821932,Lagger,3,Secures insulation using tools or machinery
821932,Lagger,4,Repairs or replaces damaged insulation
821933,Mining Support Worker,1,Assembles and operates mining equipment according to instructions
821933,Mining Support Worker,2,Dismantles mining equipment and ensures proper storage and maintenance
821933,Mining Support Worker,3,"Takes ore, rock and dust samples for analysis and testing"
821933,Mining Support Worker,4,Mixes ore treating chemicals and catalysts according to specified ratios
821933,Mining Support Worker,5,"Assists in the transportation of ore, rock and other materials within the mining site"
821933,Mining Support Worker,6,Cleans and maintains work areas and equipment
821934,Rail Protection Officer,1,Conducts safety assessments for rail worksites
821934,Rail Protection Officer,2,Ensures the safety of workers in the rail corridor by maintaining safe separation of workers and rail traffic
821934,Rail Protection Officer,3,Determines safety measures required for occupancy of the track
821934,Rail Protection Officer,4,Obtains track work authority from Railway Network Controllers to allow rail traffic to proceed through worksites
821934,Rail Protection Officer,5,Advises Railway Network Controllers of any delays in returning the track to service
821934,Rail Protection Officer,6,May conduct risk assessments and provide safety briefings to rail work crews
821934,Rail Protection Officer,7,Applies emergency procedures and responds to conditions affecting the rail network
821935,Railway Track Worker,1,Removes and replaces damaged or worn-out tracks
821935,Railway Track Worker,2,Measures and marks out areas for track construction or repair
821935,Railway Track Worker,3,Operates small machinery and equipment to lay tracks
821935,Railway Track Worker,4,Aligns and levels tracks using specialised tools and equipment
821935,Railway Track Worker,5,Welds or bolts tracks together to ensure stability and safety
821935,Railway Track Worker,6,Conducts regular maintenance and repairs on tracks and equipment
821936,Surveyor's Assistant,1,"Transports surveying equipment to and from work sites, and assembles, operates and disassembles surveying equipment as required"
821936,Surveyor's Assistant,2,Maintains and calibrates surveying equipment to ensure accuracy
821936,Surveyor's Assistant,3,Operates and maintains vehicles and equipment used in surveying activities
821936,Surveyor's Assistant,4,Assists in the marking and setting out of survey marks
821936,Surveyor's Assistant,5,Records and maintains accurate data and measurements for surveyors
821936,Surveyor's Assistant,6,Assists in the interpretation of surveying data and the preparation of surveying reports and maps
831131,Baking Factory Worker,1,"Operates baking machines to mix and knead dough for bread, cakes and other baked products"
831131,Baking Factory Worker,2,"Monitors baking process, and adjusts temperature and timing as necessary"
831131,Baking Factory Worker,3,"Loads and removes baking trays and tins from ovens, and allows baked goods to cool"
831131,Baking Factory Worker,4,Operates slicing machines to slice bread and other baked products
831131,Baking Factory Worker,5,Wraps and packages baked products for storage or sale
831131,Baking Factory Worker,6,Cleans and maintains baking equipment and work area
831131,Baking Factory Worker,7,Adheres to health and safety regulations and practices in the baking factory
831132,Brewery Worker,1,Operates and monitors beer production machines according to standard procedures
831132,Brewery Worker,2,"Measures and adds ingredients such as malt, hops, yeast and water to brewing vessels"
831132,Brewery Worker,3,"Monitors and adjusts temperature, pressure and flow rates during brewing process"
831132,Brewery Worker,4,Conducts quality control tests on beer samples to ensure consistency and quality
831132,Brewery Worker,5,"Packages beer into bottles, cans or kegs using automated or manual equipment"
831132,Brewery Worker,6,Loads and unloads beer onto trucks for distribution
831133,Coffee Roaster,1,Inspects and sorts green coffee beans for roasting
831133,Coffee Roaster,2,"Loads green coffee beans into coffee roasting machinery and operates machinery, such as drum or air roasters and quenching equipment"
831133,Coffee Roaster,3,"Monitors and adjusts temperature, time and airflow settings during the coffee bean roasting processes, including the cracking process, to ensure quality and efficiency"
831133,Coffee Roaster,4,Tests and checks roasted coffee beans for quality and flavour consistency
831133,Coffee Roaster,5,"Weighs and packs roasted coffee beans accurately, and keeps track of inventory to prepare for distribution"
831134,Confectionery Maker,1,Measures and mixes confectionery ingredients
831134,Confectionery Maker,2,Operates confectionery-making equipment
831134,Confectionery Maker,3,Monitors product quality before packaging
831134,Confectionery Maker,4,Packages confectionery products
831134,Confectionery Maker,5,"Cleans equipment, including pumps, hoses, storage tanks and machinery"
831134,Confectionery Maker,6,Records production data
831134,Confectionery Maker,7,Assists in inventory management for confectionery ingredients
831135,Dairy Products Factory Worker,1,Operates machines to pasteurise and homogenise milk
831135,Dairy Products Factory Worker,2,Adds ingredients and additives to milk to create specific dairy products
831135,Dairy Products Factory Worker,3,"Monitors and controls temperature, pressure and flow rates during production process to ensure proper processing and storage of dairy products"
831135,Dairy Products Factory Worker,4,Performs fermentation and culturing processes to produce various types of dairy products
831135,Dairy Products Factory Worker,5,"Ensures proper bottling, wrapping, packaging, labelling and sealing of dairy products"
831135,Dairy Products Factory Worker,6,Moves packaged products to storage areas to prepare for distribution
831135,Dairy Products Factory Worker,7,"Tests samples of dairy products for quality and consistency, and follows industry standards and safety guidelines to ensure efficient and safe production of dairy products"
831136,Fruit and Vegetable Factory Worker,1,"Operates heating, chilling, pasteurising, carbonating and sulphuring equipment to prepare canned and frozen fruits and vegetables"
831136,Fruit and Vegetable Factory Worker,2,"Peels, cores, chops, pits and juices fruit and vegetables"
831136,Fruit and Vegetable Factory Worker,3,Inspects and removes damaged produce
831136,Fruit and Vegetable Factory Worker,4,"Prepares sauces, jams and juices"
831136,Fruit and Vegetable Factory Worker,5,"Cleans equipment, including pumps, hoses, storage tanks and machinery"
831136,Fruit and Vegetable Factory Worker,6,Packages finished products with proper labelling
831137,Grain Mill Worker,1,Operates machines to clean and sort grains
831137,Grain Mill Worker,2,Weighs and measures ingredients according to recipes or formulas
831137,Grain Mill Worker,3,Loads grains into milling machines and adjusts settings to achieve desired consistency
831137,Grain Mill Worker,4,Inspects finished products for quality and makes adjustments as necessary
831137,Grain Mill Worker,5,Packages and labels finished products for distribution
831138,Sugar Mill Worker,1,Cleans and prepares sugar cane for processing
831138,Sugar Mill Worker,2,Operates and maintains machines used in the extraction of juice from sugar cane
831138,Sugar Mill Worker,3,Monitors and controls the production of granular sugar and molasses
831138,Sugar Mill Worker,4,Monitors and adjusts the temperature and pressure of the extraction process
831138,Sugar Mill Worker,5,Collects and tests samples of juice for quality control purposes
831141,Winery Cellar Hand,1,Operates wine-making machinery and equipment
831141,Winery Cellar Hand,2,"Monitors and adjusts temperature, pressure and flow rates during wine production"
831141,Winery Cellar Hand,3,"Assists in the crushing and pressing of grapes, and transfers wine between tanks and barrels"
831141,Winery Cellar Hand,4,"Monitors fermentation process, takes samples for analysis, and adds chemicals and additives to wine as directed"
831141,Winery Cellar Hand,5,Assists in the bottling and packaging of wine
831231,Meat Boner and Slicer,1,"Receives and inspects carcasses of slaughtered livestock for bruises, blood clots and other matter to remove"
831231,Meat Boner and Slicer,2,Operates controls to direct and drop carcasses from supply rails to boning tables
831231,Meat Boner and Slicer,3,"Cuts and separates meat, fat and tissue from bones, and washes, scrapes and trims fat, gristle and other unwanted matter from meat"
831231,Meat Boner and Slicer,4,Operates and maintains meat cutting and slicing equipment to cut sides and quarters of meat into standard meat cuts
831231,Meat Boner and Slicer,5,"Removes internal fat, blood clots and bruises to prepare cuts of meat for further processing or packing"
831231,Meat Boner and Slicer,6,"Cleans and sanitises work area and equipment, and follows safety and hygiene regulations while handling meat"
831231,Meat Boner and Slicer,7,Collaborates with other meat processing workers to ensure efficient workflow
831231,Meat Boner and Slicer,8,Assists in receiving and storing meat products
831232,Slaughterer,1,Receives livestock for slaughter and inspects them for any signs of disease or injury
831232,Slaughterer,2,Operates stunning equipment to render livestock unconscious before slaughter
831232,Slaughterer,3,Uses knives and other tools to slaughter livestock according to industry standards and regulations
831232,Slaughterer,4,"Removes internal organs and hides from carcasses, and separates them for further processing"
831232,Slaughterer,5,Cleans and maintains work areas and equipment used in the slaughtering process
831232,Slaughterer,6,Packs and labels carcasses for transportation to further processing facilities
831232,Slaughterer,7,Adheres to animal welfare standards and regulations throughout the slaughtering process
831331,Meat Process Worker,1,"Operates machinery and equipment in a meat processing factory, such as grinders, slicers and tenderisers, to process cut and trimmed meat"
831331,Meat Process Worker,2,"Processes meat, offal and tripe by adding ingredients such as spices and herbs, to make a variety of meat products"
831331,Meat Process Worker,3,Maintains cleanliness and hygiene standards in the meat processing area
831331,Meat Process Worker,4,"Moves processed meat and meat products into storage areas, and monitors and adjusts temperature and humidity levels in meat storage areas"
831331,Meat Process Worker,5,Adheres to quality control standards to ensure the production of high quality meat products
831332,Poultry Process Worker,1,Stuns and kills poultry according to standard procedures
831332,Poultry Process Worker,2,"Dresses poultry by removing feathers, internal organs and other unneeded parts"
831332,Poultry Process Worker,3,Trims poultry to remove excess fat or skin
831332,Poultry Process Worker,4,Bones poultry by removing bones from meat
831332,Poultry Process Worker,5,Cuts and fillets poultry into portions or specific cuts as required
831332,Poultry Process Worker,6,Weighs poultry to ensure accurate portioning and packaging
831332,Poultry Process Worker,7,Grades poultry based on quality standards
831332,Poultry Process Worker,8,Packages poultry in appropriate containers or packaging materials
831332,Poultry Process Worker,9,Cleans and maintains work area and equipment used in poultry processing
831333,Seafood Process Worker,1,Weighs and measures fish and shellfish for quality compliance
831333,Seafood Process Worker,2,Cleans and prepares fish and shellfish for processing
831333,Seafood Process Worker,3,"Fillets and bones fish, and separates flesh"
831333,Seafood Process Worker,4,Cuts fish and shellfish into portions for processing or packaging
831333,Seafood Process Worker,5,Grades fish and shellfish based on quality and size
831333,Seafood Process Worker,6,Packages fish and shellfish with appropriate labelling
832131,Packer (General),1,"Operates machinery and equipment to fill containers, bottles or boxes with products"
832131,Packer (General),2,Inspects goods to ensure they are free of defects and meet quality standards
832131,Packer (General),3,Weighs and measures goods to ensure they are packaged correctly
832131,Packer (General),4,"Seals the containers, bottles or boxes securely using appropriate methods to safeguard the contents during storage or transit"
832131,Packer (General),5,"Affixes labels to packages, indicating contents, destination, weight and other relevant information"
832131,Packer (General),6,Organises and arranges packaged goods for storage or shipment
832132,Chocolate Packer,1,Weighs chocolate products to ensure accurate packaging
832132,Chocolate Packer,2,Wraps chocolate products in packaging materials
832132,Chocolate Packer,3,Seals packaging to ensure product freshness and prevent tampering
832132,Chocolate Packer,4,Labels packaged chocolate products with appropriate information
832132,Chocolate Packer,5,Inspects packaged chocolate products for quality and adherence to packaging standards
832132,Chocolate Packer,6,Monitors packaging supplies and replenishes as needed
832133,Fruit and Vegetable Packer,1,Weighs fruit and vegetables to ensure accurate measurement
832133,Fruit and Vegetable Packer,2,Wraps and seals fruit and vegetables in appropriate packaging
832133,Fruit and Vegetable Packer,3,Labels packaged fruit and vegetables with relevant information
832133,Fruit and Vegetable Packer,4,"Inspects fruit and vegetables for quality, and removes any damaged or spoiled items"
832133,Fruit and Vegetable Packer,5,"Sorts and organises fruit and vegetables according to size, type or variety"
832133,Fruit and Vegetable Packer,6,"Packs fruit and vegetables into crates, boxes or containers for transportation"
832134,Meat Packer,1,Weighs meat and meat products to ensure accurate packaging
832134,Meat Packer,2,Wraps and seals meat and meat products using appropriate packaging materials
832134,Meat Packer,3,"Labels packaged meat and meat products with accurate information, such as dates, times and batch numbers"
832134,Meat Packer,4,Inspects packaged meat and meat products for quality and freshness in preparation for sale
832134,Meat Packer,5,"Assists in inventory management by counting packaged products, and placing products onto trays and racks and shipping cartons"
832134,Meat Packer,6,Maintains cleanliness and hygiene standards in the packaging area
832134,Meat Packer,7,"May operate packaging machinery and equipment, or package meat and meat products by hand"
832135,Seafood Packer,1,Weighs seafood products for accurate packaging
832135,Seafood Packer,2,Encases seafood products in appropriate packaging
832135,Seafood Packer,3,Seals packaging to maintain freshness and prevent leakage
832135,Seafood Packer,4,Labels packaged seafood products with relevant information
832135,Seafood Packer,5,Assists inventory management by counting and recording packaged seafood products
832231,Product Assembler,1,"Interprets work orders, specifications, diagrams and drawings to determine assembly instructions and materials needed"
832231,Product Assembler,2,"Gathers, organises and aligns parts and components for assembly, and bolts, screws or rivets components together"
832231,Product Assembler,3,"Assembles components and subassemblies, either by hand or by using power tools, soldering or micro-welding equipment"
832231,Product Assembler,4,Checks that sub-assemblies are securely connected and meet the required specifications for further assembly in a production line
832231,Product Assembler,5,Identifies and resolves any issues or defects in the assembly process
839131,Cement and Concrete Plant Worker,1,Greases and assembles concrete moulds
839131,Cement and Concrete Plant Worker,2,Positions reinforcing steel during concrete pours
839131,Cement and Concrete Plant Worker,3,Operates machinery and equipment in manufacturing process
839131,Cement and Concrete Plant Worker,4,Monitors and adjusts machine settings for product quality
839131,Cement and Concrete Plant Worker,5,Inspects finished products for defects and quality standards
839131,Cement and Concrete Plant Worker,6,Assists with loading and unloading materials and products
839132,Chemical Plant Worker,1,Transports and delivers chemical substances to designated processing areas within the plant
839132,Chemical Plant Worker,2,Dumps ingredients into hoppers to ensure accuracy and timeliness for chemical processes
839132,Chemical Plant Worker,3,"Fills and fastens covers on containers, such as paint tins, to avoid spills and contamination"
839132,Chemical Plant Worker,4,Affixes labels and information on products to ensure proper handling
839132,Chemical Plant Worker,5,Assist technicians and machine operators with the chemical manufacturing processes
839133,Fabric and Textile Factory Worker,1,"Cuts canvas, upholstery and curtain fabrics according to specified patterns"
839133,Fabric and Textile Factory Worker,2,Operates automatic machines using computerised patterns
839133,Fabric and Textile Factory Worker,3,Inspects completed garments for quality and makes necessary adjustments or repairs
839133,Fabric and Textile Factory Worker,4,"Finishes completed garments by attaching buttons, zippers or other fasteners"
839133,Fabric and Textile Factory Worker,5,Maintains and cleans machines and work area for safety
839133,Fabric and Textile Factory Worker,6,Assists in the packaging and labelling of finished garments for shipment
839134,Glass Processing Worker,1,Sets up and adjusts automatic machines and equipment for glassware manufacturing
839134,Glass Processing Worker,2,"Loads glass sheets onto machines for edging, drilling and finishing"
839134,Glass Processing Worker,3,Checks weight and inspects glassware for defects
839134,Glass Processing Worker,4,Packs and labels glassware for shipment or storage
839135,Metal Engineering Process Worker,1,"Performs assembling and dismantling operations, such as screwing and bolting"
839135,Metal Engineering Process Worker,2,"Operates hammers, presses and cutting and shaping tools to manufacture and repair fabricated plant and equipment"
839135,Metal Engineering Process Worker,3,Solders and spot welds components using spot- and butt-welding machines
839135,Metal Engineering Process Worker,4,"Assembles metal components using various techniques such as welding, riveting and soldering"
839135,Metal Engineering Process Worker,5,Inspects finished products for quality and compliance with specifications
839136,Paper and Pulp Process Worker,1,"Places logs onto conveyors for chipping, and loads woodchip and pulp onto processing equipment"
839136,Paper and Pulp Process Worker,2,"Assists production operators in the operation of paper and pulp processing machinery and equipment to manufacture paper sheets, paper or cardboard packaging, and other products"
839136,Paper and Pulp Process Worker,3,Assists with controlling the flow of materials throughout the production process
839136,Paper and Pulp Process Worker,4,"Inspects paper products and reports any inconsistencies, such as holes and discoloration"
839136,Paper and Pulp Process Worker,5,Sorts finished paper products and relocates them to storage areas for transportation
839137,Plastics Factory Worker,1,Feeds raw plastic materials into machines and removes finished products
839137,Plastics Factory Worker,2,Brushes and sprays release agents onto moulds to assist with the removal of moulded products
839137,Plastics Factory Worker,3,Stops moulding machines and discharges contents
839137,Plastics Factory Worker,4,"Inspects finished products for defects, removes from production line, and reports the findings"
839137,Plastics Factory Worker,5,Assists supervisor and machine operators with the plastic manufacturing processes
839137,Plastics Factory Worker,6,"May smooth rough edges of moulded products using files, grinders and sanders"
839137,Plastics Factory Worker,7,May build up layers of fibreglass and resin on moulds
839138,Recycling Worker,1,Inspects materials for contamination and removes non-recyclable items
839138,Recycling Worker,2,Sorts and packs materials for further processing
839138,Recycling Worker,3,Operates machinery and equipment to assist in the recycling process
839138,Recycling Worker,4,Monitors and maintains inventory of recyclable materials
839138,Recycling Worker,5,Follows safety procedures and guidelines to prevent accidents and injuries
839141,Timber and Wood Process Worker,1,Loads and unloads logs and timber onto equipment and conveyors for stripping and seasoning
839141,Timber and Wood Process Worker,2,"Transports wood and processed wood products such as plywood, chipboard sheets, and panels, to work areas"
839141,Timber and Wood Process Worker,3,"Examines timber or wood for faults such as knots, bad edges and stains"
839141,Timber and Wood Process Worker,4,"Assists production operators in operating timber and wood processing machinery or equipment, such as saws, planers and sanders"
839141,Timber and Wood Process Worker,5,Measures and cuts timber or wood products to specific dimensions using machines or hand tools
839141,Timber and Wood Process Worker,6,"Sorts and stacks timber or wood products according to size, type and quality"
839141,Timber and Wood Process Worker,7,Racks offcuts and removes waste timber or wood products from processing area for disposal or recycling
839141,Timber and Wood Process Worker,8,Assembles orders by selecting and gathering required timber pieces or wood products
839141,Timber and Wood Process Worker,9,Packs and loads finished timber or wood products for transportation
839231,Product Examiner,1,Examines products to verify adherence to manufacturing standards and functionality specifications
839231,Product Examiner,2,Conducts regular audits and inspections to ensure ongoing compliance with standards
839231,Product Examiner,3,Examines products for defects and collaborates with the relevant teams to address the inconsistencies
839231,Product Examiner,4,Identifies any deviations or non-conformities in product quality
839231,Product Examiner,5,Maintains accurate records and documentation of product inspections and test results
839232,Product Grader,1,Evaluates individual items or batches of primary produce against established standards
839232,Product Grader,2,Determines the quality and grade of primary produce based on visual inspection and other relevant criteria
839232,Product Grader,3,Sorts and separates primary produce into different grades or categories
839232,Product Grader,4,Monitors and maintains the quality and condition of graded produce
839232,Product Grader,5,Records and maintains accurate records of grading results
839233,Product Tester,1,Obtains product samples for testing from various stages of the production process
839233,Product Tester,2,Carries out tests using standardised procedures to assess product quality
839233,Product Tester,3,"Analyses test data and product performance during testing processes, and prepares reports summarising findings"
839233,Product Tester,4,Identifies and reports any deviations or abnormalities in test results
841131,Cotton Farm Worker,1,"Patrols, inspects and reports on the condition of cotton crops"
841131,Cotton Farm Worker,2,"Undertakes soil preparation, cultivation and crop maintenance activities, such as thinning, weeding and hoeing"
841131,Cotton Farm Worker,3,Operates water and irrigation systems for cotton growth
841131,Cotton Farm Worker,4,"Maintains and cleans cotton farming infrastructure and equipment, such as sheds, fences and machinery"
841131,Cotton Farm Worker,5,"Bales and packs cotton, and loads it into transporters"
841131,Cotton Farm Worker,6,"May spray cotton crops with pesticides to control weed growth, insects, fungus growth and diseases"
841132,Fruit Farm Worker,1,"Patrols, inspects and reports on the condition of fruit crops"
841132,Fruit Farm Worker,2,"Undertakes soil preparation, cultivation and fruit crop maintenance duties, such as planting, thinning, weeding and hoeing row crops, and pruning and thinning fruit trees and vines"
841132,Fruit Farm Worker,3,"Erects growing supports such as trellises, and protective structures such as greenhouses, netting and fences"
841132,Fruit Farm Worker,4,Operates water supply and irrigation systems for fruit crop growth
841132,Fruit Farm Worker,5,"Maintains, cleans and operates fruit farming infrastructure and equipment, such as sheds, fences and machinery"
841132,Fruit Farm Worker,6,"May spray trees, vines and other fruit crops with pesticides to control weed growth, insects, fungus growth and diseases"
841133,Fruit Picker,1,"Selects and picks fruit according to set requirements, and discards rotting or overripened fruit"
841133,Fruit Picker,2,"Grades, sorts, bunches and packs fruit into containers for transport"
841133,Fruit Picker,3,Loads containers of fruit into transporters
841134,"Grain, Oilseed, Pulse and Pasture Farm Worker",1,"Patrols, inspects and reports on the condition of grain, oilseed, pulse and pasture crops"
841134,"Grain, Oilseed, Pulse and Pasture Farm Worker",2,"Undertakes soil preparation and crop maintenance duties, such as ploughing, harrowing and weeding"
841134,"Grain, Oilseed, Pulse and Pasture Farm Worker",3,"Operates water and irrigation systems for grain, oilseed, pulse or pasture crop growth"
841134,"Grain, Oilseed, Pulse and Pasture Farm Worker",4,"Siloes and bales produce, and loads it into transporters when required"
841134,"Grain, Oilseed, Pulse and Pasture Farm Worker",5,"Maintains, cleans and operates grain, oilseed, pulse and pasture farming infrastructure and equipment, such as sheds, fences and machinery"
841134,"Grain, Oilseed, Pulse and Pasture Farm Worker",6,"May spray crops with pesticides to control weed growth, insects, fungus growth and diseases"
841135,Mushroom Picker,1,"Selects and picks mushrooms according to set requirements, and discards rotting or overripened mushrooms"
841135,Mushroom Picker,2,"Grades, sorts, bunches and packs mushrooms into containers for transport"
841135,Mushroom Picker,3,Loads containers of mushrooms into transporters
841136,Nut Farm Worker,1,"Patrols, inspects and reports on the condition of nut trees"
841136,Nut Farm Worker,2,"Undertakes soil preparation, cultivation and nut tree maintenance duties, such as planting, thinning, weeding and pruning"
841136,Nut Farm Worker,3,Operates water and irrigation systems for nut tree growth
841136,Nut Farm Worker,4,"Maintains, cleans and operates nut farming infrastructure and equipment, such as sheds, fences and machinery"
841136,Nut Farm Worker,5,"May spray nut trees with pesticides to control weed growth, insects, fungus growth and diseases"
841137,Sugar Cane Farm Worker,1,"Patrols, inspects and reports on the condition of sugar cane crops"
841137,Sugar Cane Farm Worker,2,Prepares soil and plants sugar cane setts using hand tools and farm machines
841137,Sugar Cane Farm Worker,3,"Undertakes cultivation and maintenance duties, such as thinning and weeding sugar cane crops"
841137,Sugar Cane Farm Worker,4,Operates water and irrigation systems for sugar cane crop growth
841137,Sugar Cane Farm Worker,5,"Maintains and cleans sugar cane farming infrastructure and equipment, such as sheds, fences and machinery"
841137,Sugar Cane Farm Worker,6,"May spray sugar cane crops with pesticides to control weed growth, pests, fungus growth and diseases"
841138,Vegetable Farm Worker,1,"Patrols, inspects and reports on the condition of vegetable crops"
841138,Vegetable Farm Worker,2,"Undertakes soil preparation, cultivation and vegetable crop maintenance duties, such as planting, thinning, weeding and hoeing row crops"
841138,Vegetable Farm Worker,3,"Erects growing supports such as trellises, and protective structures such as greenhouses and fences"
841138,Vegetable Farm Worker,4,Operates water and irrigation systems for vegetable growth
841138,Vegetable Farm Worker,5,"Maintains, cleans and operates vegetable farming infrastructure and equipment, such as sheds, fences and machinery"
841138,Vegetable Farm Worker,6,"May spray vegetable crops with pesticides to control weed growth, insects, fungus growth and diseases"
841141,Vegetable Picker,1,"Selects and picks vegetables according to set requirements, and discards rotting or overripened vegetables"
841141,Vegetable Picker,2,"Grades, sorts, bunches and packs vegetables into containers for transport"
841141,Vegetable Picker,3,Loads containers of vegetables onto transporters
841142,Vineyard Worker,1,"Plants, prunes and sprays vines to establish, maintain and manage the health and growth of wine grapes in vineyards"
841142,Vineyard Worker,2,Picks and sorts the wine grapes during harvest season for processing
841142,Vineyard Worker,3,Cultivates and fertilises soil in wine vineyards
841142,Vineyard Worker,4,"Monitors wine vineyards for pests and diseases, and takes appropriate action"
841142,Vineyard Worker,5,Assists with irrigation and watering of vines
841142,Vineyard Worker,6,Assists with the installation and maintenance of trellises and supports for vines
841142,Vineyard Worker,7,"Maintains and repairs wine vineyard equipment and machinery, and performs general maintenance and cleaning in vineyards"
841231,Beef Cattle Farm Worker,1,"Provides beef cattle with feed and water in accordance with feeding schedules, and monitors feed and water intake"
841231,Beef Cattle Farm Worker,2,"Musters and droves beef cattle between paddocks, ensuring sufficient feed and water is available and pasture does not become degraded"
841231,Beef Cattle Farm Worker,3,"Patrols, inspects and reports on the health, welfare and condition of beef cattle, and the condition of fences and other enclosures"
841231,Beef Cattle Farm Worker,4,Assists with animal husbandry practices and maintaining the health and welfare of beef cattle
841231,Beef Cattle Farm Worker,5,Assists with the safe transportation of beef cattle to market or other locations
841232,Cattle and Sheep Farm Worker,1,"Assists with maintaining the health and welfare of cattle and sheep, including by patrolling, inspecting and reporting on their condition"
841232,Cattle and Sheep Farm Worker,2,"Provides cattle and sheep with feed and water, and implements cattle and sheep feeding and welfare programs"
841232,Cattle and Sheep Farm Worker,3,Establishes pastures and crops for cattle and sheep production
841232,Cattle and Sheep Farm Worker,4,"Herds and droves cattle and sheep to access feed, as well as for shearing, milking and other farming operations"
841232,Cattle and Sheep Farm Worker,5,"Undertakes general cattle and sheep farming activities, such as erecting and repairing fences, and maintaining and cleaning cattle and sheep housing"
841232,Cattle and Sheep Farm Worker,6,"Operates and maintains general farm machinery, and water supply and irrigation systems"
841233,Dairy Cattle Farm Worker,1,"Assists with maintaining the health and welfare of dairy cattle, including by patrolling, inspecting and reporting on their condition"
841233,Dairy Cattle Farm Worker,2,"Provides dairy cattle with feed and water, and implements dairy cattle feeding and welfare programs"
841233,Dairy Cattle Farm Worker,3,Establishes pastures and crops for dairy cattle production
841233,Dairy Cattle Farm Worker,4,"Herds and droves dairy cattle to access feed, as well as for milking and other farming operations"
841233,Dairy Cattle Farm Worker,5,"Washes and cleans udders, uses and sterilises milking machines, and performs milking shed hygiene processes"
841233,Dairy Cattle Farm Worker,6,"Undertakes general dairy cattle farming activities, such as erecting and repairing fences, and maintaining and cleaning dairy cattle housing"
841233,Dairy Cattle Farm Worker,7,"Operates and maintains general farm machinery, and water supply and irrigation systems"
841234,Livestock Husbandry Worker,1,"Assists with maintaining the health and welfare of livestock, including patrolling, inspecting and reporting on condition of livestock"
841234,Livestock Husbandry Worker,2,"Provides livestock with feed and water, and implements livestock welfare programs"
841234,Livestock Husbandry Worker,3,"Performs animal husbandry duties for livestock, such as lamb and calf marking, mulesing, foot paring and hoof trimming"
841234,Livestock Husbandry Worker,4,Administers vaccines and drenches to livestock to prevent diseases
841235,Piggery Farm Worker,1,"Assists with maintaining the health and welfare of pigs, including by inspecting and reporting on their condition"
841235,Piggery Farm Worker,2,"Provides pigs with feed and water, and implements pig feeding and welfare programs"
841235,Piggery Farm Worker,3,Assists with birthing and rearing of piglets
841235,Piggery Farm Worker,4,Moves and weighs pigs
841235,Piggery Farm Worker,5,"Undertakes general pig farming activities, such moving and weighing pigs, and cleaning and maintaining pig housing and equipment"
841236,Poultry Farm Worker,1,"Assists with maintaining the health and welfare of poultry, including by patrolling, inspecting and reporting on their condition"
841236,Poultry Farm Worker,2,"Provides poultry with feed and water, and implements poultry feeding and welfare programs"
841236,Poultry Farm Worker,3,Carries out poultry hatching duties
841236,Poultry Farm Worker,4,Collects eggs and places eggs into incubators
841236,Poultry Farm Worker,5,"Undertakes general farming and maintenance activities, such as erecting and repairing fences, and maintaining and cleaning poultry barns and sheds"
841236,Poultry Farm Worker,6,Operates and maintains general poultry farm machinery and equipment
841237,Sheep Farm Worker,1,"Assists with maintaining the health and welfare of sheep, including by patrolling, inspecting and reporting on their condition"
841237,Sheep Farm Worker,2,"Provides sheep with feed and water, and implements sheep feeding and welfare programs"
841237,Sheep Farm Worker,3,Establishes pastures and crops for sheep production
841237,Sheep Farm Worker,4,"Herds and droves sheep to access feed, as well as for shearing, milking and other farming operations"
841237,Sheep Farm Worker,5,"Undertakes general sheep farming activities, such as erecting and repairing fences, and maintaining and cleaning sheep housing"
841237,Sheep Farm Worker,6,"Operates and maintains general farm machinery, and water supply and irrigation systems"
841238,Stablehand,1,"Feeds, waters, grooms and brushes horses to maintain their health, appearance and cleanliness"
841238,Stablehand,2,Cleans and maintains stables
841238,Stablehand,3,"Assembles, prepares and stores feed, bedding and horse equipment"
841238,Stablehand,4,Assists with saddling and bridling horses
841238,Stablehand,5,"Assists with exercising horses by walking, lunging and long reining, riding (excluding galloping), leading and swimming"
841238,Stablehand,6,"May assist with readying horses for sales, breeding and race days, and attending to horses at track work, barrier trials and races"
841238,Stablehand,7,"May administer equine first aid and assist in the delivery of some allied therapies, including massage therapies and ice boots"
841241,Wool Handler,1,Herds sheep into pens and keeps mobs separate during shearing
841241,Wool Handler,2,Monitors and maintains the supply of sheep to shearers
841241,Wool Handler,3,"Spreads fleeces on skirting tables for classing, presses wool and brands bales"
841241,Wool Handler,4,"Maintains shearing shed cleanliness, including by removing wool waste and contaminants"
841331,Aquaculture Worker,1,"Feeds and grades fish, and monitors their growth"
841331,Aquaculture Worker,2,"Assists with farm layout and constructs nets, long-lines and cages"
841331,Aquaculture Worker,3,"Checks and looks after equipment and fish housing, and operates pumps and other equipment"
841331,Aquaculture Worker,4,"Tests and checks on water quality, and removes dead or dying fish"
841331,Aquaculture Worker,5,"Harvests fish and other aquatic stock, and sorts and packs it for transportation"
841331,Aquaculture Worker,6,"Restocks pens, pools, tanks, ponds, rivers and dams with juvenile fish"
841331,Aquaculture Worker,7,"Collects and records growth, production and water quality data"
841331,Aquaculture Worker,8,May operate lifting equipment such as forklifts and small cranes
841332,Broadacre Crop and Livestock Farm Worker,1,"Patrols, inspects and reports on the condition of broadacre crops and livestock"
841332,Broadacre Crop and Livestock Farm Worker,2,"Maintains and cleans farm infrastructure and equipment, such as sheds, pens, fences, plant, and water and irrigation systems"
841332,Broadacre Crop and Livestock Farm Worker,3,"Loads and unloads seed grain, fertilisers and livestock feed, and loads produce into transporters"
841332,Broadacre Crop and Livestock Farm Worker,4,"Provides livestock with feed and water, and implements livestock feeding programs"
841332,Broadacre Crop and Livestock Farm Worker,5,Assists with maintaining the health and welfare of livestock
841332,Broadacre Crop and Livestock Farm Worker,6,"Musters and droves livestock to milking and shearing sheds, and between paddocks to ensure sufficient feed is available"
842131,Garden Labourer,1,"Loads, unloads and moves garden supplies and equipment"
842131,Garden Labourer,2,Assists with preparation of garden sites and plots using hand tools and machines
842131,Garden Labourer,3,"Assists with planting and transplanting flowers, shrubs, trees and lawns"
842131,Garden Labourer,4,"Assists with propagating, planting and potting seeds, bulbs and cuttings"
842131,Garden Labourer,5,"Maintains gardens by watering, weeding and mowing lawns"
842131,Garden Labourer,6,Cleans and maintains garden tools and equipment
842231,Horticultural Nursery Assistant,1,"Loads, unloads and moves nursery supplies and equipment"
842231,Horticultural Nursery Assistant,2,Prepares nursery sites and plots using hand tools and machines
842231,Horticultural Nursery Assistant,3,Assists with propagating and transplanting plants
842231,Horticultural Nursery Assistant,4,Tends plants by hand watering and weeding
842231,Horticultural Nursery Assistant,5,"Adjusts mist irrigation systems, shade and ventilation"
842931,Bush Regenerator,1,"Clears and removes weeds, and implements weed control strategies to prevent the spread of invasive species"
842931,Bush Regenerator,2,Implements erosion control measures to prevent soil erosion
842931,Bush Regenerator,3,Plants and seeds native vegetation to restore bushland
842931,Bush Regenerator,4,"Assists in the preparation and maintenance of tools, equipment and herbicides, and ensures they are secured when not in use"
842931,Bush Regenerator,5,Assists in the removal or stockpiling of rubbish and vegetative debris
842931,Bush Regenerator,6,"Assists in the preparation of reports on daily work activities, including time sheets, site conditions, site monitoring and the preparation of species lists, and assists in the preparation of site reports for clients"
842932,Forestry Worker,1,"Maintains forest roads, buildings, facilities, signs and equipment"
842932,Forestry Worker,2,"Kills weeds, fells and de-barks non-productive trees, and thins young plantations"
842932,Forestry Worker,3,"Collects seeds and cones, and cultivates and plants seedlings for reforestation purposes"
842932,Forestry Worker,4,Applies fertilisers and pesticides to individual trees and general forest areas
842932,Forestry Worker,5,"May engage in fire prevention, control and suppression activities"
842932,Forestry Worker,6,"May assist with measuring and recording data for maintaining and enhancing the health and productivity of forested areas, such as seedling survival surveys"
842933,Irrigation Assistant,1,Assists in the installation of irrigation and/or fertigation systems
842933,Irrigation Assistant,2,"Assists in the testing, calibration, servicing and maintenance of irrigation and/or fertigation systems"
842933,Irrigation Assistant,3,Assists in the repair and replacement of irrigation and/or fertigation system components
842933,Irrigation Assistant,4,Assists in the monitoring and scheduling of irrigation and/or fertigation system activities and performance
842933,Irrigation Assistant,5,Assists in the collection and analysis of data related to irrigation and/or fertigation systems
851131,Fast Food Cook,1,"Prepares and cooks a restricted range of standardised menu items such as hamburgers, pizzas, fish and chips, in a timely manner"
851131,Fast Food Cook,2,"Operates cooking equipment such as grills, deep fryers, pizza ovens and microwaves"
851131,Fast Food Cook,3,Stocks and replenishes food supplies and ingredients
851131,Fast Food Cook,4,"Follows health and safety regulations, and maintains a clean and hygienic work environment"
851231,Kitchenhand (General),1,"Assists in the preparation of food by chopping, peeling and slicing ingredients"
851231,Kitchenhand (General),2,"Assists with simple tasks relating to the cooking, baking, plating and presentation of food"
851231,Kitchenhand (General),3,Assists in stocking and replenishing food supplies and ingredients
851231,Kitchenhand (General),4,Assists in the setup and pack down of kitchen stations
851231,Kitchenhand (General),5,Follows the instructions of other kitchen staff
851231,Kitchenhand (General),6,Follows food safety and hygiene standards
851231,Kitchenhand (General),7,"May assist in the packaging and plating of food for delivery or service in hospitals, aged care facilities and off-site events"
851232,Dishwasher,1,"Washes dishes, cutlery, pots, pans and other kitchen utensils and equipment"
851232,Dishwasher,2,Removes trash and maintains cleanliness in the kitchen area
851232,Dishwasher,3,Performs deep cleaning of food preparation and general kitchen areas at the end of service
851232,Dishwasher,4,Inspects and disposes of damaged service or kitchen utensils
851233,Pastrycook's Assistant,1,Assists in the preparation of ingredients for pastry production
851233,Pastrycook's Assistant,2,Cleans and maintains kitchen equipment and utensils
851233,Pastrycook's Assistant,3,"Assists in the production of pastry products such as cakes, pastries and desserts"
851233,Pastrycook's Assistant,4,Follows recipes and instructions provided by the Pastrycook
851233,Pastrycook's Assistant,5,Assists in the decoration and presentation of pastry products
851233,Pastrycook's Assistant,6,Monitors and maintains stock levels of ingredients and supplies
851233,Pastrycook's Assistant,7,Assists in the packaging and labelling of pastry products
851233,Pastrycook's Assistant,8,Ensures compliance with food safety and hygiene standards
851233,Pastrycook's Assistant,9,Assists in the cleaning and maintenance of the kitchen
891131,Freight Handler (Rail or Road),1,Determines the appropriate method and equipment for loading and unloading freight
891131,Freight Handler (Rail or Road),2,"Communicates with drivers, warehouse staff and other personnel to coordinate loading and unloading activities"
891131,Freight Handler (Rail or Road),3,"Operates equipment to move freight onto and off trucks, containers and rail cars"
891131,Freight Handler (Rail or Road),4,"Secures freight using straps, chains and other restraints to prevent shifting during transportation"
891131,Freight Handler (Rail or Road),5,Checks and verifies freight against transportation documents
891131,Freight Handler (Rail or Road),6,Sorts and organises freight in designated areas for efficient storage and retrieval
891132,Truck Driver's Offsider,1,Assists Truck Drivers in loading and unloading trucks and containers
891132,Truck Driver's Offsider,2,Assists with arranging items within the truck or container to maximise space and prevent damage
891132,Truck Driver's Offsider,3,Secures and covers cargo using appropriate equipment
891132,Truck Driver's Offsider,4,Guides Truck Drivers into loading bays and through confined spaces
891132,Truck Driver's Offsider,5,Assists in the inspection of loads during transportation
891231,Shelf Filler,1,Receives stock and fills shelves and display areas with products
891231,Shelf Filler,2,Rotates stock on shelves to ensure older products are at the front
891231,Shelf Filler,3,Ensures shelves and display areas are clean and presentable
891231,Shelf Filler,4,Removes expired or damaged products from shelves
891231,Shelf Filler,5,"Monitors stock levels and notifies supervisor when replenishment is needed, reporting any discrepancies"
891231,Shelf Filler,6,Assists customers to locate products and by answering questions
899131,Caretaker,1,"Performs general cleaning duties, simple repairs and maintenance tasks"
899131,Caretaker,2,Ensures security and monitors access to premises
899131,Caretaker,3,"Inspects and maintains building condition and grounds, and notifies management or owners of the need for major repairs"
899131,Caretaker,4,Assists with event setup and room preparation
899131,Caretaker,5,Manages waste disposal and recycling processes
899131,Caretaker,6,Responds to maintenance and cleaning emergencies
899231,Deck Hand,1,"Operates and maintains deck equipment, rigging, and lifesaving and firefighting equipment"
899231,Deck Hand,2,Handles and secures lines and ropes during docking procedures
899231,Deck Hand,3,Keeps lookout while vessel is at sea
899231,Deck Hand,4,Assists passengers with enquiries and luggage needs
899231,Deck Hand,5,Assists with loading and unloading cargo
899231,Deck Hand,6,"Maintains the appearance of deck structures by removing rust, treating and painting as necessary"
899231,Deck Hand,7,"Maintains a vessel's kitchens, laundries, cabins and recreation areas"
899231,Deck Hand,8,Assists in maintaining cleanliness and seaworthiness of a vessel
899231,Deck Hand,9,May serve food and drinks onboard a passenger vessel
899231,Deck Hand,10,May perform routine mechanical tasks on smaller vessels
899231,Deck Hand,11,May perform routine mechanical tasks on smaller vessels.
899232,Fishing Hand,1,Attaches fishing gear and fastens towing cables to nets
899232,Fishing Hand,2,"Casts and lowers fishing nets, pots, lines and traps into water"
899232,Fishing Hand,3,"Prepares fishing lines, attaches running gear and bait, and sets lines into position"
899232,Fishing Hand,4,"Hauls in fishing gear, and removes fish and other marine life"
899232,Fishing Hand,5,"Sorts, cleans, preserves, stows and refrigerates fishing catch"
899331,Handyperson,1,"Performs routine maintenance tasks, such as changing light bulbs and fixing leaks"
899331,Handyperson,2,"Cleans and maintains buildings, grounds and facilities"
899331,Handyperson,3,"Repairs and replaces broken or damaged fixtures, furniture and equipment"
899331,Handyperson,4,"Paints walls, ceilings and other surfaces"
899331,Handyperson,5,Operates and maintains hand and power tools
899331,Handyperson,6,Assists with the installation of new equipment or fixtures
899331,Handyperson,7,"Inspects buildings and facilities for safety hazards, and reports any issues"
899331,Handyperson,8,Performs landscaping and gardening tasks
899331,Handyperson,9,Moves and arranges furniture and equipment as needed
899331,Handyperson,10,Keeps records of maintenance and repair work performed
899431,Motor Vehicle Parts and Accessories Fitter (General),1,"Inspects motor vehicles to identify parts and accessories that need to be fitted, replaced or repaired"
899431,Motor Vehicle Parts and Accessories Fitter (General),2,"Removes old or damaged parts and accessories from motor vehicles, including radiators, cooling systems, and exhaust and muffler systems"
899431,Motor Vehicle Parts and Accessories Fitter (General),3,"Installs new parts and accessories onto motor vehicles, including exhaust and muffler systems, radiators, thermostats, batteries, sunroofs, audio systems, alarms, seats and seat covers"
899431,Motor Vehicle Parts and Accessories Fitter (General),4,"Tests, calibrates and adjusts fitted parts and accessories on motor vehicles to ensure proper functioning"
899431,Motor Vehicle Parts and Accessories Fitter (General),5,"Uses hand tools and power tools to perform fitting, repairing and replacement tasks of parts and accessories"
899432,Autoglazier,1,Examines damaged windscreens and side and rear glass to determine extent of damage
899432,Autoglazier,2,"Removes damaged glass from vehicles, and measures and cuts replacement glass for proper fit"
899432,Autoglazier,3,Installs and tests repaired or replaced glass for proper fit and function
899432,Autoglazier,4,Repairs minor glass damage using resin and polishing tools
899432,Autoglazier,5,Cleans and polishes glass surfaces to ensure clarity and visibility
899432,Autoglazier,6,Provides advice and recommendations to customers on glass repair and replacement options
899433,Mechanic's Assistant,1,Assists in the replacement and repair of worn and faulty motor parts
899433,Mechanic's Assistant,2,Reassembles mechanical components under the guidance of automotive technicians
899433,Mechanic's Assistant,3,"Performs routine mechanical tasks such as checking and adjusting fluid levels, replacing batteries and filters, and cleaning components"
899433,Mechanic's Assistant,4,Assists in diagnosing and resolving mechanical issues
899433,Mechanic's Assistant,5,Assists in conducting vehicle inspections and tests
899433,Mechanic's Assistant,6,Retrieves and delivers vehicles to customers or other locations as required
899434,Tyre Fitter,1,Inspects tyres on motor vehicles to determine the need for repairs or replacements
899434,Tyre Fitter,2,"Moves vehicles onto raising platforms or other lifting devices, or uses a jack to raise vehicles for wheel removal"
899434,Tyre Fitter,3,"Removes or dismounts old tyres, and fits and mounts new or repaired tyres from vehicles using appropriate tools and equipment"
899434,Tyre Fitter,4,Repairs punctured and damaged tyres using patching materials and vulcanising equipment
899434,Tyre Fitter,5,Balances tyres using wheel balancing machines to ensure smooth and even rotation
899434,Tyre Fitter,6,Inflates tyres to recommended pressure levels using air compressors or other inflation equipment
899434,Tyre Fitter,7,Aligns and adjusts wheel and tyre assemblies to ensure proper alignment and handling
899434,Tyre Fitter,8,Rotates tyres on vehicles to promote even wear and extend tyre life
899531,Rail Guard or Conductor,1,Ensures safe and efficient boarding and disembarking of passengers from trains
899531,Rail Guard or Conductor,2,Controls crowd movements and ensures the safety of passengers around a railway station
899531,Rail Guard or Conductor,3,Monitors ticket barriers
899531,Rail Guard or Conductor,4,Announces the arrival and departure of train services
899531,Rail Guard or Conductor,5,"Assists passengers with information regarding train schedules, delays and any disruptions to services"
899531,Rail Guard or Conductor,6,May check and sell tickets on regional and long-haul services
899532,Railways Assistant,1,"Assists rail passengers by providing information regarding train schedules and services, and answering enquiries"
899532,Railways Assistant,2,"Assists rail passengers with additional needs, such as wheelchair users, or those with large luggage or prams"
899532,Railways Assistant,3,Sells tickets to rail passengers and assists with monitoring ticket barriers
899532,Railways Assistant,4,"Maintains the cleanliness of railway station facilities, including platforms, waiting areas and restrooms"
899532,Railways Assistant,5,Reports any safety hazards or maintenance issues to the appropriate authorities for action
899631,Road Traffic Controller,1,"Sets up, manages and removes temporary traffic control schemes and signs"
899631,Road Traffic Controller,2,"Directs vehicular and pedestrian traffic around construction zones, accidents or other road disruptions"
899631,Road Traffic Controller,3,"Uses a stop-slow sign and manages other similar traffic control signs and devices to direct traffic and ensure the safety of workers, motorists and pedestrians"
899631,Road Traffic Controller,4,"Communicates with other road traffic personnel, construction workers and emergency response teams via radio to provide and receive updates on traffic conditions"
899631,Road Traffic Controller,5,Completes site checks and monitors traffic behaviour and/or flow to ensure safety is maintained at all times
899631,Road Traffic Controller,6,"Takes instructions from crew leaders, foremen, managers, inspectors, auditors or officials"
899931,Car Park Attendant,1,Monitors and patrols car parking areas to ensure compliance with parking regulations
899931,Car Park Attendant,2,Collects parking fees and issues tickets
899931,Car Park Attendant,3,Assists customers with parking enquiries and directions
899931,Car Park Attendant,4,Operates boom gates and controls access points
899931,Car Park Attendant,5,Parks and retrieves vehicles as needed
899931,Car Park Attendant,6,Reports incidents or issues to authorities
899931,Car Park Attendant,7,Performs routine maintenance on parking equipment
899931,Car Park Attendant,8,Keeps records of parking transactions
899932,Crossing Supervisor,1,"Assists children, people with disability, or other pedestrians to cross roads safely by escorting them"
899932,Crossing Supervisor,2,Monitors traffic flow and the number of pedestrians at designated crossings
899932,Crossing Supervisor,3,"Halts traffic when appropriate, to enable pedestrians to cross roads safely"
899932,Crossing Supervisor,4,Ensures all pedestrians have crossed safely before traffic is allowed to flow through the designated crossing
899932,Crossing Supervisor,5,Ensures appropriate signage and warning signals are displayed and observable to traffic and crossing pedestrians
899932,Crossing Supervisor,6,"Reports hazards, incidents and signage issues to immediate supervisor or local authorities"
899932,Crossing Supervisor,7,Provides direction to pedestrians to advocate for road safety
899933,Electrical or Telecommunications Trades Assistant,1,"Assists in the installation, maintenance and repair of electrical and telecommunications systems"
899933,Electrical or Telecommunications Trades Assistant,2,Carries out basic electrical and telecommunications tasks under the guidance of trades workers
899933,Electrical or Telecommunications Trades Assistant,3,Assists in the testing and troubleshooting of electrical and telecommunications systems
899933,Electrical or Telecommunications Trades Assistant,4,Prepares materials and tools for electrical and telecommunications installations
899934,Leaflet or Newspaper Deliverer,1,"Collects leaflets, catalogues, pamphlets or newspapers from a designated collection point, or receives stock directly through a delivery"
899934,Leaflet or Newspaper Deliverer,2,"Organises and arranges the collected materials for delivery, and inserts flyers or promotional materials when required"
899934,Leaflet or Newspaper Deliverer,3,Plans travel routes and delivers items to homes in a specified area
899934,Leaflet or Newspaper Deliverer,4,"Reports any issues or concerns regarding travel routes or delivery materials, and adheres to safety guidelines and practices"
899934,Leaflet or Newspaper Deliverer,5,"Adheres to signage at delivery points regarding junk mail, and maintains confidentiality of delivery addresses and customer information"
899935,Recycling or Waste Collector,1,"Collects waste and recycling bins and containers from residential, commercial and industrial areas"
899935,Recycling or Waste Collector,2,Positions bins for collection and manually empties bins into waste collection trucks
899935,Recycling or Waste Collector,3,Communicates with supervisors and team members to coordinate waste collection
899935,Recycling or Waste Collector,4,"Assists in transporting waste and recyclable materials to waste transfer stations, landfill sites and materials recovery facilities"
899936,Sign Installer,1,Reads and interprets work orders and plans to determine sign installation requirements
899936,Sign Installer,2,"Prepares sign installation sites, and ensures signs are positioned correctly and securely fastened"
899936,Sign Installer,3,Cleans signs and their sites after installation to maintain appearance and visibility
899936,Sign Installer,4,"Inspects signs for damage or wear, and performs necessary repairs or replacements"
899936,Sign Installer,5,Dismantles and removes unwanted signs
899936,Sign Installer,6,Adheres to safety protocols and regulations while working at heights and with heavy equipment
899936,Sign Installer,7,May assist in installing electronic signs
899937,Swimming Pool or Spa Technician,1,"Inspects and services existing pool or spa systems, and repairs any faults, cracks or leaks"
899937,Swimming Pool or Spa Technician,2,"Installs, maintains, services and repairs pool and spa equipment, including filters, pumps, chlorinators and heaters"
899937,Swimming Pool or Spa Technician,3,"Conducts pool or spa maintenance, including testing for water quality and pH levels, pool and water cleaning, and applying chemicals for correct water balance"
899937,Swimming Pool or Spa Technician,4,"Provides advice and recommendations to clients on pool and spa maintenance and water quality, in accordance with relevant health and safety regulations and standards"
899938,Trolley Collector,1,Collects supermarket trolleys from designated drop off areas and surrounding areas
899938,Trolley Collector,2,Inspects and reports trolleys for damage or defects
899938,Trolley Collector,3,Pushes or pulls trolleys manually or with a small tractor
899938,Trolley Collector,4,Organises and arranges trolleys in customer collection areas for easy access
899938,Trolley Collector,5,Cleans and maintains trolleys
899941,Vending Machine Attendant,1,Stocks vending and amusement machines with products and ensures they are properly displayed
899941,Vending Machine Attendant,2,"Performs routine maintenance on vending machines, such as replacing light bulbs or fixing jammed mechanisms"
899941,Vending Machine Attendant,3,"Collects money from coin boxes, replenishes change, and ensures digital payment devices and EFTPOS machines are functional"
899941,Vending Machine Attendant,4,Cleans and sanitises vending machines and surrounding areas
899941,Vending Machine Attendant,5,Monitors inventory levels and orders products as needed
899941,Vending Machine Attendant,6,Prepares reports for management by maintaining accurate records of sales and collections
