level,state,region_name,region_code,region_level,anzsco_code,anzsco_title,date,vacancies
1,NSW,Greater Sydney,1GSYD,GCCSA,0,Greater Sydney TOTAL,2026-07-01,42880
2,NSW,Greater Sydney,1GSYD,GCCSA,1,MANAGERS,2026-07-01,6593
3,NSW,Greater Sydney,1GSYD,GCCSA,11,"Chief Executives, Managing Directors & Legislators",2026-07-01,268
3,NSW,Greater Sydney,1GSYD,GCCSA,12,Farmers and Farm Managers,2026-07-01,8
3,NSW,Greater Sydney,1GSYD,GCCSA,14,"Hospitality, Retail and Service Managers",2026-07-01,1716
3,NSW,Greater Sydney,1GSYD,GCCSA,1A,Corporate Managers,2026-07-01,2618
3,NSW,Greater Sydney,1GSYD,GCCSA,1B,"Construction, Production and Distribution Managers",2026-07-01,1457
3,NSW,Greater Sydney,1GSYD,GCCSA,1C,"Health, Education, ICT and Other Managers",2026-07-01,526
2,NSW,Greater Sydney,1GSYD,GCCSA,2,PROFESSIONALS,2026-07-01,12657
3,NSW,Greater Sydney,1GSYD,GCCSA,21,Arts and Media Professionals,2026-07-01,308
3,NSW,Greater Sydney,1GSYD,GCCSA,24,Education Professionals,2026-07-01,510
3,NSW,Greater Sydney,1GSYD,GCCSA,26,ICT Professionals,2026-07-01,1994
3,NSW,Greater Sydney,1GSYD,GCCSA,27,"Legal, Social and Welfare Professionals",2026-07-01,1582
3,NSW,Greater Sydney,1GSYD,GCCSA,2A,"Business, Finance and Human Resource Professionals",2026-07-01,2131
3,NSW,Greater Sydney,1GSYD,GCCSA,2B,Information Professionals,2026-07-01,564
3,NSW,Greater Sydney,1GSYD,GCCSA,2C,"Sales, Marketing & Public Relations Professionals",2026-07-01,888
3,NSW,Greater Sydney,1GSYD,GCCSA,2D,"Transport and Design Professionals, and Architects",2026-07-01,545
3,NSW,Greater Sydney,1GSYD,GCCSA,2E,Engineers,2026-07-01,896
3,NSW,Greater Sydney,1GSYD,GCCSA,2F,Science Professionals and Veterinarians,2026-07-01,172
3,NSW,Greater Sydney,1GSYD,GCCSA,2G,Health Diagnostic and Therapy Professionals,2026-07-01,1204
3,NSW,Greater Sydney,1GSYD,GCCSA,2H,Medical Practitioners and Nurses,2026-07-01,1864
2,NSW,Greater Sydney,1GSYD,GCCSA,3,TECHNICIANS AND TRADES WORKERS,2026-07-01,5086
3,NSW,Greater Sydney,1GSYD,GCCSA,31,"Engineering, ICT and Science Technicians",2026-07-01,1060
3,NSW,Greater Sydney,1GSYD,GCCSA,32,Automotive and Engineering Trades,2026-07-01,1122
3,NSW,Greater Sydney,1GSYD,GCCSA,33,Construction Trades,2026-07-01,555
3,NSW,Greater Sydney,1GSYD,GCCSA,34,Electrotechnology and Telecommunications Trades,2026-07-01,708
3,NSW,Greater Sydney,1GSYD,GCCSA,35,Food Trades,2026-07-01,857
3,NSW,Greater Sydney,1GSYD,GCCSA,36,Skilled Animal and Horticultural Workers,2026-07-01,270
3,NSW,Greater Sydney,1GSYD,GCCSA,3A,"Hairdressers, Printing, Clothing and Wood Trades",2026-07-01,213
3,NSW,Greater Sydney,1GSYD,GCCSA,3B,"Jewellers, Arts and Other Trades Workers",2026-07-01,302
2,NSW,Greater Sydney,1GSYD,GCCSA,4,COMMUNITY AND PERSONAL SERVICE WORKERS,2026-07-01,3745
3,NSW,Greater Sydney,1GSYD,GCCSA,41,Health and Welfare Support Workers,2026-07-01,309
3,NSW,Greater Sydney,1GSYD,GCCSA,42,Carers and Aides,2026-07-01,1930
3,NSW,Greater Sydney,1GSYD,GCCSA,43,Hospitality Workers,2026-07-01,843
3,NSW,Greater Sydney,1GSYD,GCCSA,44,Protective Service Workers,2026-07-01,214
3,NSW,Greater Sydney,1GSYD,GCCSA,45,"Sports, Travel and Personal Service Workers",2026-07-01,449
2,NSW,Greater Sydney,1GSYD,GCCSA,5,CLERICAL AND ADMINISTRATIVE WORKERS,2026-07-01,7070
3,NSW,Greater Sydney,1GSYD,GCCSA,55,Numerical Clerks,2026-07-01,1581
3,NSW,Greater Sydney,1GSYD,GCCSA,56,"Clerical and Office Support Workers, Couriers",2026-07-01,143
3,NSW,Greater Sydney,1GSYD,GCCSA,59,Other Clerical and Administrative Workers,2026-07-01,1630
3,NSW,Greater Sydney,1GSYD,GCCSA,5A,"Office Managers, Administrators and Secretaries",2026-07-01,1136
3,NSW,Greater Sydney,1GSYD,GCCSA,5B,"General-Inquiry Clerks, Call Centre, Receptionists",2026-07-01,2580
2,NSW,Greater Sydney,1GSYD,GCCSA,6,SALES WORKERS,2026-07-01,3464
3,NSW,Greater Sydney,1GSYD,GCCSA,61,Sales Representatives and Agents,2026-07-01,1283
3,NSW,Greater Sydney,1GSYD,GCCSA,62,Sales Assistants and Salespersons,2026-07-01,1943
3,NSW,Greater Sydney,1GSYD,GCCSA,63,Sales Support Workers,2026-07-01,239
2,NSW,Greater Sydney,1GSYD,GCCSA,7,MACHINERY OPERATORS AND DRIVERS,2026-07-01,2073
3,NSW,Greater Sydney,1GSYD,GCCSA,71,Machine and Stationary Plant Operators,2026-07-01,384
3,NSW,Greater Sydney,1GSYD,GCCSA,72,Mobile Plant Operators,2026-07-01,649
3,NSW,Greater Sydney,1GSYD,GCCSA,7A,Drivers and Storepersons,2026-07-01,1041
2,NSW,Greater Sydney,1GSYD,GCCSA,8,LABOURERS,2026-07-01,2191
3,NSW,Greater Sydney,1GSYD,GCCSA,81,Cleaners and Laundry Workers,2026-07-01,474
3,NSW,Greater Sydney,1GSYD,GCCSA,82,Construction and Mining Labourers,2026-07-01,207
3,NSW,Greater Sydney,1GSYD,GCCSA,83,Factory Process Workers,2026-07-01,402
3,NSW,Greater Sydney,1GSYD,GCCSA,84,"Farm, Forestry and Garden Workers",2026-07-01,83
3,NSW,Greater Sydney,1GSYD,GCCSA,85,Food Preparation Assistants,2026-07-01,145
3,NSW,Greater Sydney,1GSYD,GCCSA,89,Other Labourers,2026-07-01,880
1,NSW,Capital Region,101,SA4,0,Capital Region TOTAL,2026-07-01,1344
2,NSW,Capital Region,101,SA4,1,MANAGERS,2026-07-01,93
3,NSW,Capital Region,101,SA4,11,"Chief Executives, Managing Directors & Legislators",2026-07-01,2
3,NSW,Capital Region,101,SA4,12,Farmers and Farm Managers,2026-07-01,4
3,NSW,Capital Region,101,SA4,14,"Hospitality, Retail and Service Managers",2026-07-01,39
3,NSW,Capital Region,101,SA4,1A,Corporate Managers,2026-07-01,22
3,NSW,Capital Region,101,SA4,1B,"Construction, Production and Distribution Managers",2026-07-01,18
3,NSW,Capital Region,101,SA4,1C,"Health, Education, ICT and Other Managers",2026-07-01,7
2,NSW,Capital Region,101,SA4,2,PROFESSIONALS,2026-07-01,555
3,NSW,Capital Region,101,SA4,21,Arts and Media Professionals,2026-07-01,3
3,NSW,Capital Region,101,SA4,24,Education Professionals,2026-07-01,16
3,NSW,Capital Region,101,SA4,26,ICT Professionals,2026-07-01,5
3,NSW,Capital Region,101,SA4,27,"Legal, Social and Welfare Professionals",2026-07-01,135
3,NSW,Capital Region,101,SA4,2A,"Business, Finance and Human Resource Professionals",2026-07-01,21
3,NSW,Capital Region,101,SA4,2B,Information Professionals,2026-07-01,4
3,NSW,Capital Region,101,SA4,2C,"Sales, Marketing & Public Relations Professionals",2026-07-01,7
3,NSW,Capital Region,101,SA4,2D,"Transport and Design Professionals, and Architects",2026-07-01,7
3,NSW,Capital Region,101,SA4,2E,Engineers,2026-07-01,18
3,NSW,Capital Region,101,SA4,2F,Science Professionals and Veterinarians,2026-07-01,8
3,NSW,Capital Region,101,SA4,2G,Health Diagnostic and Therapy Professionals,2026-07-01,42
3,NSW,Capital Region,101,SA4,2H,Medical Practitioners and Nurses,2026-07-01,288
2,NSW,Capital Region,101,SA4,3,TECHNICIANS AND TRADES WORKERS,2026-07-01,181
3,NSW,Capital Region,101,SA4,31,"Engineering, ICT and Science Technicians",2026-07-01,22
3,NSW,Capital Region,101,SA4,32,Automotive and Engineering Trades,2026-07-01,59
3,NSW,Capital Region,101,SA4,33,Construction Trades,2026-07-01,17
3,NSW,Capital Region,101,SA4,34,Electrotechnology and Telecommunications Trades,2026-07-01,20
3,NSW,Capital Region,101,SA4,35,Food Trades,2026-07-01,37
3,NSW,Capital Region,101,SA4,36,Skilled Animal and Horticultural Workers,2026-07-01,11
3,NSW,Capital Region,101,SA4,3A,"Hairdressers, Printing, Clothing and Wood Trades",2026-07-01,4
3,NSW,Capital Region,101,SA4,3B,"Jewellers, Arts and Other Trades Workers",2026-07-01,10
2,NSW,Capital Region,101,SA4,4,COMMUNITY AND PERSONAL SERVICE WORKERS,2026-07-01,171
3,NSW,Capital Region,101,SA4,41,Health and Welfare Support Workers,2026-07-01,20
3,NSW,Capital Region,101,SA4,42,Carers and Aides,2026-07-01,117
3,NSW,Capital Region,101,SA4,43,Hospitality Workers,2026-07-01,19
3,NSW,Capital Region,101,SA4,44,Protective Service Workers,2026-07-01,4
3,NSW,Capital Region,101,SA4,45,"Sports, Travel and Personal Service Workers",2026-07-01,12
2,NSW,Capital Region,101,SA4,5,CLERICAL AND ADMINISTRATIVE WORKERS,2026-07-01,115
3,NSW,Capital Region,101,SA4,55,Numerical Clerks,2026-07-01,14
3,NSW,Capital Region,101,SA4,56,"Clerical and Office Support Workers, Couriers",2026-07-01,5
3,NSW,Capital Region,101,SA4,59,Other Clerical and Administrative Workers,2026-07-01,16
3,NSW,Capital Region,101,SA4,5A,"Office Managers, Administrators and Secretaries",2026-07-01,16
3,NSW,Capital Region,101,SA4,5B,"General-Inquiry Clerks, Call Centre, Receptionists",2026-07-01,63
2,NSW,Capital Region,101,SA4,6,SALES WORKERS,2026-07-01,70
3,NSW,Capital Region,101,SA4,61,Sales Representatives and Agents,2026-07-01,13
3,NSW,Capital Region,101,SA4,62,Sales Assistants and Salespersons,2026-07-01,50
3,NSW,Capital Region,101,SA4,63,Sales Support Workers,2026-07-01,8
2,NSW,Capital Region,101,SA4,7,MACHINERY OPERATORS AND DRIVERS,2026-07-01,78
3,NSW,Capital Region,101,SA4,71,Machine and Stationary Plant Operators,2026-07-01,21
3,NSW,Capital Region,101,SA4,72,Mobile Plant Operators,2026-07-01,16
3,NSW,Capital Region,101,SA4,7A,Drivers and Storepersons,2026-07-01,41
2,NSW,Capital Region,101,SA4,8,LABOURERS,2026-07-01,82
3,NSW,Capital Region,101,SA4,81,Cleaners and Laundry Workers,2026-07-01,19
3,NSW,Capital Region,101,SA4,82,Construction and Mining Labourers,2026-07-01,6
3,NSW,Capital Region,101,SA4,83,Factory Process Workers,2026-07-01,7
3,NSW,Capital Region,101,SA4,84,"Farm, Forestry and Garden Workers",2026-07-01,7
3,NSW,Capital Region,101,SA4,85,Food Preparation Assistants,2026-07-01,5
3,NSW,Capital Region,101,SA4,89,Other Labourers,2026-07-01,38
1,NSW,Central West,103,SA4,0,Central West TOTAL,2026-07-01,1425
2,NSW,Central West,103,SA4,1,MANAGERS,2026-07-01,112
3,NSW,Central West,103,SA4,11,"Chief Executives, Managing Directors & Legislators",2026-07-01,2
3,NSW,Central West,103,SA4,12,Farmers and Farm Managers,2026-07-01,3
3,NSW,Central West,103,SA4,14,"Hospitality, Retail and Service Managers",2026-07-01,45
3,NSW,Central West,103,SA4,1A,Corporate Managers,2026-07-01,29
3,NSW,Central West,103,SA4,1B,"Construction, Production and Distribution Managers",2026-07-01,24
3,NSW,Central West,103,SA4,1C,"Health, Education, ICT and Other Managers",2026-07-01,9
2,NSW,Central West,103,SA4,2,PROFESSIONALS,2026-07-01,494
3,NSW,Central West,103,SA4,21,Arts and Media Professionals,2026-07-01,7
3,NSW,Central West,103,SA4,24,Education Professionals,2026-07-01,23
3,NSW,Central West,103,SA4,26,ICT Professionals,2026-07-01,6
3,NSW,Central West,103,SA4,27,"Legal, Social and Welfare Professionals",2026-07-01,105
3,NSW,Central West,103,SA4,2A,"Business, Finance and Human Resource Professionals",2026-07-01,29
3,NSW,Central West,103,SA4,2B,Information Professionals,2026-07-01,9
3,NSW,Central West,103,SA4,2C,"Sales, Marketing & Public Relations Professionals",2026-07-01,5
3,NSW,Central West,103,SA4,2D,"Transport and Design Professionals, and Architects",2026-07-01,11
3,NSW,Central West,103,SA4,2E,Engineers,2026-07-01,43
3,NSW,Central West,103,SA4,2F,Science Professionals and Veterinarians,2026-07-01,15
3,NSW,Central West,103,SA4,2G,Health Diagnostic and Therapy Professionals,2026-07-01,36
3,NSW,Central West,103,SA4,2H,Medical Practitioners and Nurses,2026-07-01,205
2,NSW,Central West,103,SA4,3,TECHNICIANS AND TRADES WORKERS,2026-07-01,221
3,NSW,Central West,103,SA4,31,"Engineering, ICT and Science Technicians",2026-07-01,29
3,NSW,Central West,103,SA4,32,Automotive and Engineering Trades,2026-07-01,80
3,NSW,Central West,103,SA4,33,Construction Trades,2026-07-01,14
3,NSW,Central West,103,SA4,34,Electrotechnology and Telecommunications Trades,2026-07-01,43
3,NSW,Central West,103,SA4,35,Food Trades,2026-07-01,30
3,NSW,Central West,103,SA4,36,Skilled Animal and Horticultural Workers,2026-07-01,6
3,NSW,Central West,103,SA4,3A,"Hairdressers, Printing, Clothing and Wood Trades",2026-07-01,3
3,NSW,Central West,103,SA4,3B,"Jewellers, Arts and Other Trades Workers",2026-07-01,16
2,NSW,Central West,103,SA4,4,COMMUNITY AND PERSONAL SERVICE WORKERS,2026-07-01,168
3,NSW,Central West,103,SA4,41,Health and Welfare Support Workers,2026-07-01,23
3,NSW,Central West,103,SA4,42,Carers and Aides,2026-07-01,113
3,NSW,Central West,103,SA4,43,Hospitality Workers,2026-07-01,19
3,NSW,Central West,103,SA4,44,Protective Service Workers,2026-07-01,5
3,NSW,Central West,103,SA4,45,"Sports, Travel and Personal Service Workers",2026-07-01,9
2,NSW,Central West,103,SA4,5,CLERICAL AND ADMINISTRATIVE WORKERS,2026-07-01,124
3,NSW,Central West,103,SA4,55,Numerical Clerks,2026-07-01,15
3,NSW,Central West,103,SA4,56,"Clerical and Office Support Workers, Couriers",2026-07-01,8
3,NSW,Central West,103,SA4,59,Other Clerical and Administrative Workers,2026-07-01,23
3,NSW,Central West,103,SA4,5A,"Office Managers, Administrators and Secretaries",2026-07-01,16
3,NSW,Central West,103,SA4,5B,"General-Inquiry Clerks, Call Centre, Receptionists",2026-07-01,63
2,NSW,Central West,103,SA4,6,SALES WORKERS,2026-07-01,85
3,NSW,Central West,103,SA4,61,Sales Representatives and Agents,2026-07-01,14
3,NSW,Central West,103,SA4,62,Sales Assistants and Salespersons,2026-07-01,60
3,NSW,Central West,103,SA4,63,Sales Support Workers,2026-07-01,11
2,NSW,Central West,103,SA4,7,MACHINERY OPERATORS AND DRIVERS,2026-07-01,125
3,NSW,Central West,103,SA4,71,Machine and Stationary Plant Operators,2026-07-01,41
3,NSW,Central West,103,SA4,72,Mobile Plant Operators,2026-07-01,31
3,NSW,Central West,103,SA4,7A,Drivers and Storepersons,2026-07-01,53
2,NSW,Central West,103,SA4,8,LABOURERS,2026-07-01,97
3,NSW,Central West,103,SA4,81,Cleaners and Laundry Workers,2026-07-01,25
3,NSW,Central West,103,SA4,82,Construction and Mining Labourers,2026-07-01,10
3,NSW,Central West,103,SA4,83,Factory Process Workers,2026-07-01,8
3,NSW,Central West,103,SA4,84,"Farm, Forestry and Garden Workers",2026-07-01,9
3,NSW,Central West,103,SA4,85,Food Preparation Assistants,2026-07-01,5
3,NSW,Central West,103,SA4,89,Other Labourers,2026-07-01,40
1,NSW,Coffs Harbour - Grafton,104,SA4,0,Coffs Harbour - Grafton TOTAL,2026-07-01,821
2,NSW,Coffs Harbour - Grafton,104,SA4,1,MANAGERS,2026-07-01,61
3,NSW,Coffs Harbour - Grafton,104,SA4,11,"Chief Executives, Managing Directors & Legislators",2026-07-01,4
3,NSW,Coffs Harbour - Grafton,104,SA4,12,Farmers and Farm Managers,2026-07-01,1
3,NSW,Coffs Harbour - Grafton,104,SA4,14,"Hospitality, Retail and Service Managers",2026-07-01,20
3,NSW,Coffs Harbour - Grafton,104,SA4,1A,Corporate Managers,2026-07-01,17
3,NSW,Coffs Harbour - Grafton,104,SA4,1B,"Construction, Production and Distribution Managers",2026-07-01,12
3,NSW,Coffs Harbour - Grafton,104,SA4,1C,"Health, Education, ICT and Other Managers",2026-07-01,6
2,NSW,Coffs Harbour - Grafton,104,SA4,2,PROFESSIONALS,2026-07-01,345
3,NSW,Coffs Harbour - Grafton,104,SA4,21,Arts and Media Professionals,2026-07-01,3
3,NSW,Coffs Harbour - Grafton,104,SA4,24,Education Professionals,2026-07-01,14
3,NSW,Coffs Harbour - Grafton,104,SA4,26,ICT Professionals,2026-07-01,2
3,NSW,Coffs Harbour - Grafton,104,SA4,27,"Legal, Social and Welfare Professionals",2026-07-01,106
3,NSW,Coffs Harbour - Grafton,104,SA4,2A,"Business, Finance and Human Resource Professionals",2026-07-01,14
3,NSW,Coffs Harbour - Grafton,104,SA4,2B,Information Professionals,2026-07-01,2
3,NSW,Coffs Harbour - Grafton,104,SA4,2C,"Sales, Marketing & Public Relations Professionals",2026-07-01,1
3,NSW,Coffs Harbour - Grafton,104,SA4,2D,"Transport and Design Professionals, and Architects",2026-07-01,4
3,NSW,Coffs Harbour - Grafton,104,SA4,2E,Engineers,2026-07-01,7
3,NSW,Coffs Harbour - Grafton,104,SA4,2F,Science Professionals and Veterinarians,2026-07-01,4
3,NSW,Coffs Harbour - Grafton,104,SA4,2G,Health Diagnostic and Therapy Professionals,2026-07-01,27
3,NSW,Coffs Harbour - Grafton,104,SA4,2H,Medical Practitioners and Nurses,2026-07-01,161
2,NSW,Coffs Harbour - Grafton,104,SA4,3,TECHNICIANS AND TRADES WORKERS,2026-07-01,78
3,NSW,Coffs Harbour - Grafton,104,SA4,31,"Engineering, ICT and Science Technicians",2026-07-01,13
3,NSW,Coffs Harbour - Grafton,104,SA4,32,Automotive and Engineering Trades,2026-07-01,22
3,NSW,Coffs Harbour - Grafton,104,SA4,33,Construction Trades,2026-07-01,10
3,NSW,Coffs Harbour - Grafton,104,SA4,34,Electrotechnology and Telecommunications Trades,2026-07-01,9
3,NSW,Coffs Harbour - Grafton,104,SA4,35,Food Trades,2026-07-01,13
3,NSW,Coffs Harbour - Grafton,104,SA4,36,Skilled Animal and Horticultural Workers,2026-07-01,7
3,NSW,Coffs Harbour - Grafton,104,SA4,3A,"Hairdressers, Printing, Clothing and Wood Trades",2026-07-01,2
3,NSW,Coffs Harbour - Grafton,104,SA4,3B,"Jewellers, Arts and Other Trades Workers",2026-07-01,3
2,NSW,Coffs Harbour - Grafton,104,SA4,4,COMMUNITY AND PERSONAL SERVICE WORKERS,2026-07-01,116
3,NSW,Coffs Harbour - Grafton,104,SA4,41,Health and Welfare Support Workers,2026-07-01,17
3,NSW,Coffs Harbour - Grafton,104,SA4,42,Carers and Aides,2026-07-01,74
3,NSW,Coffs Harbour - Grafton,104,SA4,43,Hospitality Workers,2026-07-01,9
3,NSW,Coffs Harbour - Grafton,104,SA4,44,Protective Service Workers,2026-07-01,4
3,NSW,Coffs Harbour - Grafton,104,SA4,45,"Sports, Travel and Personal Service Workers",2026-07-01,13
2,NSW,Coffs Harbour - Grafton,104,SA4,5,CLERICAL AND ADMINISTRATIVE WORKERS,2026-07-01,71
3,NSW,Coffs Harbour - Grafton,104,SA4,55,Numerical Clerks,2026-07-01,9
3,NSW,Coffs Harbour - Grafton,104,SA4,56,"Clerical and Office Support Workers, Couriers",2026-07-01,3
3,NSW,Coffs Harbour - Grafton,104,SA4,59,Other Clerical and Administrative Workers,2026-07-01,13
3,NSW,Coffs Harbour - Grafton,104,SA4,5A,"Office Managers, Administrators and Secretaries",2026-07-01,5
3,NSW,Coffs Harbour - Grafton,104,SA4,5B,"General-Inquiry Clerks, Call Centre, Receptionists",2026-07-01,40
2,NSW,Coffs Harbour - Grafton,104,SA4,6,SALES WORKERS,2026-07-01,58
3,NSW,Coffs Harbour - Grafton,104,SA4,61,Sales Representatives and Agents,2026-07-01,11
3,NSW,Coffs Harbour - Grafton,104,SA4,62,Sales Assistants and Salespersons,2026-07-01,41
3,NSW,Coffs Harbour - Grafton,104,SA4,63,Sales Support Workers,2026-07-01,5
2,NSW,Coffs Harbour - Grafton,104,SA4,7,MACHINERY OPERATORS AND DRIVERS,2026-07-01,43
3,NSW,Coffs Harbour - Grafton,104,SA4,71,Machine and Stationary Plant Operators,2026-07-01,4
3,NSW,Coffs Harbour - Grafton,104,SA4,72,Mobile Plant Operators,2026-07-01,10
3,NSW,Coffs Harbour - Grafton,104,SA4,7A,Drivers and Storepersons,2026-07-01,28
2,NSW,Coffs Harbour - Grafton,104,SA4,8,LABOURERS,2026-07-01,50
3,NSW,Coffs Harbour - Grafton,104,SA4,81,Cleaners and Laundry Workers,2026-07-01,13
3,NSW,Coffs Harbour - Grafton,104,SA4,82,Construction and Mining Labourers,2026-07-01,3
3,NSW,Coffs Harbour - Grafton,104,SA4,83,Factory Process Workers,2026-07-01,4
3,NSW,Coffs Harbour - Grafton,104,SA4,84,"Farm, Forestry and Garden Workers",2026-07-01,5
3,NSW,Coffs Harbour - Grafton,104,SA4,85,Food Preparation Assistants,2026-07-01,3
3,NSW,Coffs Harbour - Grafton,104,SA4,89,Other Labourers,2026-07-01,22
1,NSW,Far West and Orana,105,SA4,0,Far West and Orana TOTAL,2026-07-01,974
2,NSW,Far West and Orana,105,SA4,1,MANAGERS,2026-07-01,74
3,NSW,Far West and Orana,105,SA4,11,"Chief Executives, Managing Directors & Legislators",2026-07-01,2
3,NSW,Far West and Orana,105,SA4,12,Farmers and Farm Managers,2026-07-01,3
3,NSW,Far West and Orana,105,SA4,14,"Hospitality, Retail and Service Managers",2026-07-01,32
3,NSW,Far West and Orana,105,SA4,1A,Corporate Managers,2026-07-01,16
3,NSW,Far West and Orana,105,SA4,1B,"Construction, Production and Distribution Managers",2026-07-01,15
3,NSW,Far West and Orana,105,SA4,1C,"Health, Education, ICT and Other Managers",2026-07-01,6
2,NSW,Far West and Orana,105,SA4,2,PROFESSIONALS,2026-07-01,348
3,NSW,Far West and Orana,105,SA4,21,Arts and Media Professionals,2026-07-01,5
3,NSW,Far West and Orana,105,SA4,24,Education Professionals,2026-07-01,12
3,NSW,Far West and Orana,105,SA4,26,ICT Professionals,2026-07-01,2
3,NSW,Far West and Orana,105,SA4,27,"Legal, Social and Welfare Professionals",2026-07-01,84
3,NSW,Far West and Orana,105,SA4,2A,"Business, Finance and Human Resource Professionals",2026-07-01,18
3,NSW,Far West and Orana,105,SA4,2B,Information Professionals,2026-07-01,6
3,NSW,Far West and Orana,105,SA4,2C,"Sales, Marketing & Public Relations Professionals",2026-07-01,2
3,NSW,Far West and Orana,105,SA4,2D,"Transport and Design Professionals, and Architects",2026-07-01,5
3,NSW,Far West and Orana,105,SA4,2E,Engineers,2026-07-01,25
3,NSW,Far West and Orana,105,SA4,2F,Science Professionals and Veterinarians,2026-07-01,10
3,NSW,Far West and Orana,105,SA4,2G,Health Diagnostic and Therapy Professionals,2026-07-01,32
3,NSW,Far West and Orana,105,SA4,2H,Medical Practitioners and Nurses,2026-07-01,148
2,NSW,Far West and Orana,105,SA4,3,TECHNICIANS AND TRADES WORKERS,2026-07-01,135
3,NSW,Far West and Orana,105,SA4,31,"Engineering, ICT and Science Technicians",2026-07-01,17
3,NSW,Far West and Orana,105,SA4,32,Automotive and Engineering Trades,2026-07-01,57
3,NSW,Far West and Orana,105,SA4,33,Construction Trades,2026-07-01,8
3,NSW,Far West and Orana,105,SA4,34,Electrotechnology and Telecommunications Trades,2026-07-01,25
3,NSW,Far West and Orana,105,SA4,35,Food Trades,2026-07-01,15
3,NSW,Far West and Orana,105,SA4,36,Skilled Animal and Horticultural Workers,2026-07-01,5
3,NSW,Far West and Orana,105,SA4,3A,"Hairdressers, Printing, Clothing and Wood Trades",2026-07-01,1
3,NSW,Far West and Orana,105,SA4,3B,"Jewellers, Arts and Other Trades Workers",2026-07-01,7
2,NSW,Far West and Orana,105,SA4,4,COMMUNITY AND PERSONAL SERVICE WORKERS,2026-07-01,119
3,NSW,Far West and Orana,105,SA4,41,Health and Welfare Support Workers,2026-07-01,17
3,NSW,Far West and Orana,105,SA4,42,Carers and Aides,2026-07-01,75
3,NSW,Far West and Orana,105,SA4,43,Hospitality Workers,2026-07-01,16
3,NSW,Far West and Orana,105,SA4,44,Protective Service Workers,2026-07-01,4
3,NSW,Far West and Orana,105,SA4,45,"Sports, Travel and Personal Service Workers",2026-07-01,7
2,NSW,Far West and Orana,105,SA4,5,CLERICAL AND ADMINISTRATIVE WORKERS,2026-07-01,86
3,NSW,Far West and Orana,105,SA4,55,Numerical Clerks,2026-07-01,11
3,NSW,Far West and Orana,105,SA4,56,"Clerical and Office Support Workers, Couriers",2026-07-01,6
3,NSW,Far West and Orana,105,SA4,59,Other Clerical and Administrative Workers,2026-07-01,15
3,NSW,Far West and Orana,105,SA4,5A,"Office Managers, Administrators and Secretaries",2026-07-01,11
3,NSW,Far West and Orana,105,SA4,5B,"General-Inquiry Clerks, Call Centre, Receptionists",2026-07-01,42
2,NSW,Far West and Orana,105,SA4,6,SALES WORKERS,2026-07-01,62
3,NSW,Far West and Orana,105,SA4,61,Sales Representatives and Agents,2026-07-01,7
3,NSW,Far West and Orana,105,SA4,62,Sales Assistants and Salespersons,2026-07-01,45
3,NSW,Far West and Orana,105,SA4,63,Sales Support Workers,2026-07-01,9
2,NSW,Far West and Orana,105,SA4,7,MACHINERY OPERATORS AND DRIVERS,2026-07-01,95
3,NSW,Far West and Orana,105,SA4,71,Machine and Stationary Plant Operators,2026-07-01,39
3,NSW,Far West and Orana,105,SA4,72,Mobile Plant Operators,2026-07-01,17
3,NSW,Far West and Orana,105,SA4,7A,Drivers and Storepersons,2026-07-01,40
2,NSW,Far West and Orana,105,SA4,8,LABOURERS,2026-07-01,56
3,NSW,Far West and Orana,105,SA4,81,Cleaners and Laundry Workers,2026-07-01,15
3,NSW,Far West and Orana,105,SA4,82,Construction and Mining Labourers,2026-07-01,5
3,NSW,Far West and Orana,105,SA4,83,Factory Process Workers,2026-07-01,2
3,NSW,Far West and Orana,105,SA4,84,"Farm, Forestry and Garden Workers",2026-07-01,8
3,NSW,Far West and Orana,105,SA4,85,Food Preparation Assistants,2026-07-01,2
3,NSW,Far West and Orana,105,SA4,89,Other Labourers,2026-07-01,24
1,NSW,Hunter Valley exc Newcastle,106,SA4,0,Hunter Valley exc Newcastle TOTAL,2026-07-01,1900
2,NSW,Hunter Valley exc Newcastle,106,SA4,1,MANAGERS,2026-07-01,176
3,NSW,Hunter Valley exc Newcastle,106,SA4,11,"Chief Executives, Managing Directors & Legislators",2026-07-01,7
3,NSW,Hunter Valley exc Newcastle,106,SA4,12,Farmers and Farm Managers,2026-07-01,1
3,NSW,Hunter Valley exc Newcastle,106,SA4,14,"Hospitality, Retail and Service Managers",2026-07-01,64
3,NSW,Hunter Valley exc Newcastle,106,SA4,1A,Corporate Managers,2026-07-01,45
3,NSW,Hunter Valley exc Newcastle,106,SA4,1B,"Construction, Production and Distribution Managers",2026-07-01,44
3,NSW,Hunter Valley exc Newcastle,106,SA4,1C,"Health, Education, ICT and Other Managers",2026-07-01,16
2,NSW,Hunter Valley exc Newcastle,106,SA4,2,PROFESSIONALS,2026-07-01,554
3,NSW,Hunter Valley exc Newcastle,106,SA4,21,Arts and Media Professionals,2026-07-01,7
3,NSW,Hunter Valley exc Newcastle,106,SA4,24,Education Professionals,2026-07-01,44
3,NSW,Hunter Valley exc Newcastle,106,SA4,26,ICT Professionals,2026-07-01,18
3,NSW,Hunter Valley exc Newcastle,106,SA4,27,"Legal, Social and Welfare Professionals",2026-07-01,84
3,NSW,Hunter Valley exc Newcastle,106,SA4,2A,"Business, Finance and Human Resource Professionals",2026-07-01,54
3,NSW,Hunter Valley exc Newcastle,106,SA4,2B,Information Professionals,2026-07-01,8
3,NSW,Hunter Valley exc Newcastle,106,SA4,2C,"Sales, Marketing & Public Relations Professionals",2026-07-01,9
3,NSW,Hunter Valley exc Newcastle,106,SA4,2D,"Transport and Design Professionals, and Architects",2026-07-01,9
3,NSW,Hunter Valley exc Newcastle,106,SA4,2E,Engineers,2026-07-01,46
3,NSW,Hunter Valley exc Newcastle,106,SA4,2F,Science Professionals and Veterinarians,2026-07-01,10
3,NSW,Hunter Valley exc Newcastle,106,SA4,2G,Health Diagnostic and Therapy Professionals,2026-07-01,61
3,NSW,Hunter Valley exc Newcastle,106,SA4,2H,Medical Practitioners and Nurses,2026-07-01,202
2,NSW,Hunter Valley exc Newcastle,106,SA4,3,TECHNICIANS AND TRADES WORKERS,2026-07-01,311
3,NSW,Hunter Valley exc Newcastle,106,SA4,31,"Engineering, ICT and Science Technicians",2026-07-01,49
3,NSW,Hunter Valley exc Newcastle,106,SA4,32,Automotive and Engineering Trades,2026-07-01,110
3,NSW,Hunter Valley exc Newcastle,106,SA4,33,Construction Trades,2026-07-01,34
3,NSW,Hunter Valley exc Newcastle,106,SA4,34,Electrotechnology and Telecommunications Trades,2026-07-01,46
3,NSW,Hunter Valley exc Newcastle,106,SA4,35,Food Trades,2026-07-01,37
3,NSW,Hunter Valley exc Newcastle,106,SA4,36,Skilled Animal and Horticultural Workers,2026-07-01,15
3,NSW,Hunter Valley exc Newcastle,106,SA4,3A,"Hairdressers, Printing, Clothing and Wood Trades",2026-07-01,8
3,NSW,Hunter Valley exc Newcastle,106,SA4,3B,"Jewellers, Arts and Other Trades Workers",2026-07-01,12
2,NSW,Hunter Valley exc Newcastle,106,SA4,4,COMMUNITY AND PERSONAL SERVICE WORKERS,2026-07-01,240
3,NSW,Hunter Valley exc Newcastle,106,SA4,41,Health and Welfare Support Workers,2026-07-01,28
3,NSW,Hunter Valley exc Newcastle,106,SA4,42,Carers and Aides,2026-07-01,142
3,NSW,Hunter Valley exc Newcastle,106,SA4,43,Hospitality Workers,2026-07-01,37
3,NSW,Hunter Valley exc Newcastle,106,SA4,44,Protective Service Workers,2026-07-01,10
3,NSW,Hunter Valley exc Newcastle,106,SA4,45,"Sports, Travel and Personal Service Workers",2026-07-01,22
2,NSW,Hunter Valley exc Newcastle,106,SA4,5,CLERICAL AND ADMINISTRATIVE WORKERS,2026-07-01,217
3,NSW,Hunter Valley exc Newcastle,106,SA4,55,Numerical Clerks,2026-07-01,30
3,NSW,Hunter Valley exc Newcastle,106,SA4,56,"Clerical and Office Support Workers, Couriers",2026-07-01,8
3,NSW,Hunter Valley exc Newcastle,106,SA4,59,Other Clerical and Administrative Workers,2026-07-01,34
3,NSW,Hunter Valley exc Newcastle,106,SA4,5A,"Office Managers, Administrators and Secretaries",2026-07-01,27
3,NSW,Hunter Valley exc Newcastle,106,SA4,5B,"General-Inquiry Clerks, Call Centre, Receptionists",2026-07-01,118
2,NSW,Hunter Valley exc Newcastle,106,SA4,6,SALES WORKERS,2026-07-01,138
3,NSW,Hunter Valley exc Newcastle,106,SA4,61,Sales Representatives and Agents,2026-07-01,33
3,NSW,Hunter Valley exc Newcastle,106,SA4,62,Sales Assistants and Salespersons,2026-07-01,97
3,NSW,Hunter Valley exc Newcastle,106,SA4,63,Sales Support Workers,2026-07-01,8
2,NSW,Hunter Valley exc Newcastle,106,SA4,7,MACHINERY OPERATORS AND DRIVERS,2026-07-01,126
3,NSW,Hunter Valley exc Newcastle,106,SA4,71,Machine and Stationary Plant Operators,2026-07-01,30
3,NSW,Hunter Valley exc Newcastle,106,SA4,72,Mobile Plant Operators,2026-07-01,26
3,NSW,Hunter Valley exc Newcastle,106,SA4,7A,Drivers and Storepersons,2026-07-01,71
2,NSW,Hunter Valley exc Newcastle,106,SA4,8,LABOURERS,2026-07-01,137
3,NSW,Hunter Valley exc Newcastle,106,SA4,81,Cleaners and Laundry Workers,2026-07-01,33
3,NSW,Hunter Valley exc Newcastle,106,SA4,82,Construction and Mining Labourers,2026-07-01,22
3,NSW,Hunter Valley exc Newcastle,106,SA4,83,Factory Process Workers,2026-07-01,11
3,NSW,Hunter Valley exc Newcastle,106,SA4,84,"Farm, Forestry and Garden Workers",2026-07-01,7
3,NSW,Hunter Valley exc Newcastle,106,SA4,85,Food Preparation Assistants,2026-07-01,6
3,NSW,Hunter Valley exc Newcastle,106,SA4,89,Other Labourers,2026-07-01,57
1,NSW,Illawarra,107,SA4,0,Illawarra TOTAL,2026-07-01,1321
2,NSW,Illawarra,107,SA4,1,MANAGERS,2026-07-01,109
3,NSW,Illawarra,107,SA4,11,"Chief Executives, Managing Directors & Legislators",2026-07-01,4
3,NSW,Illawarra,107,SA4,12,Farmers and Farm Managers,2026-07-01,0
3,NSW,Illawarra,107,SA4,14,"Hospitality, Retail and Service Managers",2026-07-01,48
3,NSW,Illawarra,107,SA4,1A,Corporate Managers,2026-07-01,23
3,NSW,Illawarra,107,SA4,1B,"Construction, Production and Distribution Managers",2026-07-01,22
3,NSW,Illawarra,107,SA4,1C,"Health, Education, ICT and Other Managers",2026-07-01,11
2,NSW,Illawarra,107,SA4,2,PROFESSIONALS,2026-07-01,399
3,NSW,Illawarra,107,SA4,21,Arts and Media Professionals,2026-07-01,3
3,NSW,Illawarra,107,SA4,24,Education Professionals,2026-07-01,28
3,NSW,Illawarra,107,SA4,26,ICT Professionals,2026-07-01,11
3,NSW,Illawarra,107,SA4,27,"Legal, Social and Welfare Professionals",2026-07-01,105
3,NSW,Illawarra,107,SA4,2A,"Business, Finance and Human Resource Professionals",2026-07-01,25
3,NSW,Illawarra,107,SA4,2B,Information Professionals,2026-07-01,7
3,NSW,Illawarra,107,SA4,2C,"Sales, Marketing & Public Relations Professionals",2026-07-01,7
3,NSW,Illawarra,107,SA4,2D,"Transport and Design Professionals, and Architects",2026-07-01,6
3,NSW,Illawarra,107,SA4,2E,Engineers,2026-07-01,19
3,NSW,Illawarra,107,SA4,2F,Science Professionals and Veterinarians,2026-07-01,8
3,NSW,Illawarra,107,SA4,2G,Health Diagnostic and Therapy Professionals,2026-07-01,72
3,NSW,Illawarra,107,SA4,2H,Medical Practitioners and Nurses,2026-07-01,108
2,NSW,Illawarra,107,SA4,3,TECHNICIANS AND TRADES WORKERS,2026-07-01,211
3,NSW,Illawarra,107,SA4,31,"Engineering, ICT and Science Technicians",2026-07-01,27
3,NSW,Illawarra,107,SA4,32,Automotive and Engineering Trades,2026-07-01,67
3,NSW,Illawarra,107,SA4,33,Construction Trades,2026-07-01,23
3,NSW,Illawarra,107,SA4,34,Electrotechnology and Telecommunications Trades,2026-07-01,26
3,NSW,Illawarra,107,SA4,35,Food Trades,2026-07-01,38
3,NSW,Illawarra,107,SA4,36,Skilled Animal and Horticultural Workers,2026-07-01,17
3,NSW,Illawarra,107,SA4,3A,"Hairdressers, Printing, Clothing and Wood Trades",2026-07-01,5
3,NSW,Illawarra,107,SA4,3B,"Jewellers, Arts and Other Trades Workers",2026-07-01,9
2,NSW,Illawarra,107,SA4,4,COMMUNITY AND PERSONAL SERVICE WORKERS,2026-07-01,196
3,NSW,Illawarra,107,SA4,41,Health and Welfare Support Workers,2026-07-01,23
3,NSW,Illawarra,107,SA4,42,Carers and Aides,2026-07-01,122
3,NSW,Illawarra,107,SA4,43,Hospitality Workers,2026-07-01,29
3,NSW,Illawarra,107,SA4,44,Protective Service Workers,2026-07-01,4
3,NSW,Illawarra,107,SA4,45,"Sports, Travel and Personal Service Workers",2026-07-01,17
2,NSW,Illawarra,107,SA4,5,CLERICAL AND ADMINISTRATIVE WORKERS,2026-07-01,157
3,NSW,Illawarra,107,SA4,55,Numerical Clerks,2026-07-01,21
3,NSW,Illawarra,107,SA4,56,"Clerical and Office Support Workers, Couriers",2026-07-01,5
3,NSW,Illawarra,107,SA4,59,Other Clerical and Administrative Workers,2026-07-01,19
3,NSW,Illawarra,107,SA4,5A,"Office Managers, Administrators and Secretaries",2026-07-01,21
3,NSW,Illawarra,107,SA4,5B,"General-Inquiry Clerks, Call Centre, Receptionists",2026-07-01,90
2,NSW,Illawarra,107,SA4,6,SALES WORKERS,2026-07-01,103
3,NSW,Illawarra,107,SA4,61,Sales Representatives and Agents,2026-07-01,25
3,NSW,Illawarra,107,SA4,62,Sales Assistants and Salespersons,2026-07-01,70
3,NSW,Illawarra,107,SA4,63,Sales Support Workers,2026-07-01,8
2,NSW,Illawarra,107,SA4,7,MACHINERY OPERATORS AND DRIVERS,2026-07-01,58
3,NSW,Illawarra,107,SA4,71,Machine and Stationary Plant Operators,2026-07-01,14
3,NSW,Illawarra,107,SA4,72,Mobile Plant Operators,2026-07-01,11
3,NSW,Illawarra,107,SA4,7A,Drivers and Storepersons,2026-07-01,34
2,NSW,Illawarra,107,SA4,8,LABOURERS,2026-07-01,89
3,NSW,Illawarra,107,SA4,81,Cleaners and Laundry Workers,2026-07-01,26
3,NSW,Illawarra,107,SA4,82,Construction and Mining Labourers,2026-07-01,13
3,NSW,Illawarra,107,SA4,83,Factory Process Workers,2026-07-01,5
3,NSW,Illawarra,107,SA4,84,"Farm, Forestry and Garden Workers",2026-07-01,2
3,NSW,Illawarra,107,SA4,85,Food Preparation Assistants,2026-07-01,6
3,NSW,Illawarra,107,SA4,89,Other Labourers,2026-07-01,38
1,NSW,Mid North Coast,108,SA4,0,Mid North Coast TOTAL,2026-07-01,1553
2,NSW,Mid North Coast,108,SA4,1,MANAGERS,2026-07-01,107
3,NSW,Mid North Coast,108,SA4,11,"Chief Executives, Managing Directors & Legislators",2026-07-01,5
3,NSW,Mid North Coast,108,SA4,12,Farmers and Farm Managers,2026-07-01,3
3,NSW,Mid North Coast,108,SA4,14,"Hospitality, Retail and Service Managers",2026-07-01,46
3,NSW,Mid North Coast,108,SA4,1A,Corporate Managers,2026-07-01,26
3,NSW,Mid North Coast,108,SA4,1B,"Construction, Production and Distribution Managers",2026-07-01,17
3,NSW,Mid North Coast,108,SA4,1C,"Health, Education, ICT and Other Managers",2026-07-01,11
2,NSW,Mid North Coast,108,SA4,2,PROFESSIONALS,2026-07-01,764
3,NSW,Mid North Coast,108,SA4,21,Arts and Media Professionals,2026-07-01,4
3,NSW,Mid North Coast,108,SA4,24,Education Professionals,2026-07-01,18
3,NSW,Mid North Coast,108,SA4,26,ICT Professionals,2026-07-01,5
3,NSW,Mid North Coast,108,SA4,27,"Legal, Social and Welfare Professionals",2026-07-01,259
3,NSW,Mid North Coast,108,SA4,2A,"Business, Finance and Human Resource Professionals",2026-07-01,25
3,NSW,Mid North Coast,108,SA4,2B,Information Professionals,2026-07-01,4
3,NSW,Mid North Coast,108,SA4,2C,"Sales, Marketing & Public Relations Professionals",2026-07-01,4
3,NSW,Mid North Coast,108,SA4,2D,"Transport and Design Professionals, and Architects",2026-07-01,4
3,NSW,Mid North Coast,108,SA4,2E,Engineers,2026-07-01,13
3,NSW,Mid North Coast,108,SA4,2F,Science Professionals and Veterinarians,2026-07-01,4
3,NSW,Mid North Coast,108,SA4,2G,Health Diagnostic and Therapy Professionals,2026-07-01,51
3,NSW,Mid North Coast,108,SA4,2H,Medical Practitioners and Nurses,2026-07-01,373
2,NSW,Mid North Coast,108,SA4,3,TECHNICIANS AND TRADES WORKERS,2026-07-01,129
3,NSW,Mid North Coast,108,SA4,31,"Engineering, ICT and Science Technicians",2026-07-01,19
3,NSW,Mid North Coast,108,SA4,32,Automotive and Engineering Trades,2026-07-01,35
3,NSW,Mid North Coast,108,SA4,33,Construction Trades,2026-07-01,14
3,NSW,Mid North Coast,108,SA4,34,Electrotechnology and Telecommunications Trades,2026-07-01,17
3,NSW,Mid North Coast,108,SA4,35,Food Trades,2026-07-01,28
3,NSW,Mid North Coast,108,SA4,36,Skilled Animal and Horticultural Workers,2026-07-01,9
3,NSW,Mid North Coast,108,SA4,3A,"Hairdressers, Printing, Clothing and Wood Trades",2026-07-01,3
3,NSW,Mid North Coast,108,SA4,3B,"Jewellers, Arts and Other Trades Workers",2026-07-01,4
2,NSW,Mid North Coast,108,SA4,4,COMMUNITY AND PERSONAL SERVICE WORKERS,2026-07-01,181
3,NSW,Mid North Coast,108,SA4,41,Health and Welfare Support Workers,2026-07-01,22
3,NSW,Mid North Coast,108,SA4,42,Carers and Aides,2026-07-01,118
3,NSW,Mid North Coast,108,SA4,43,Hospitality Workers,2026-07-01,20
3,NSW,Mid North Coast,108,SA4,44,Protective Service Workers,2026-07-01,4
3,NSW,Mid North Coast,108,SA4,45,"Sports, Travel and Personal Service Workers",2026-07-01,17
2,NSW,Mid North Coast,108,SA4,5,CLERICAL AND ADMINISTRATIVE WORKERS,2026-07-01,137
3,NSW,Mid North Coast,108,SA4,55,Numerical Clerks,2026-07-01,22
3,NSW,Mid North Coast,108,SA4,56,"Clerical and Office Support Workers, Couriers",2026-07-01,9
3,NSW,Mid North Coast,108,SA4,59,Other Clerical and Administrative Workers,2026-07-01,21
3,NSW,Mid North Coast,108,SA4,5A,"Office Managers, Administrators and Secretaries",2026-07-01,13
3,NSW,Mid North Coast,108,SA4,5B,"General-Inquiry Clerks, Call Centre, Receptionists",2026-07-01,72
2,NSW,Mid North Coast,108,SA4,6,SALES WORKERS,2026-07-01,89
3,NSW,Mid North Coast,108,SA4,61,Sales Representatives and Agents,2026-07-01,18
3,NSW,Mid North Coast,108,SA4,62,Sales Assistants and Salespersons,2026-07-01,66
3,NSW,Mid North Coast,108,SA4,63,Sales Support Workers,2026-07-01,6
2,NSW,Mid North Coast,108,SA4,7,MACHINERY OPERATORS AND DRIVERS,2026-07-01,55
3,NSW,Mid North Coast,108,SA4,71,Machine and Stationary Plant Operators,2026-07-01,12
3,NSW,Mid North Coast,108,SA4,72,Mobile Plant Operators,2026-07-01,11
3,NSW,Mid North Coast,108,SA4,7A,Drivers and Storepersons,2026-07-01,32
2,NSW,Mid North Coast,108,SA4,8,LABOURERS,2026-07-01,92
3,NSW,Mid North Coast,108,SA4,81,Cleaners and Laundry Workers,2026-07-01,27
3,NSW,Mid North Coast,108,SA4,82,Construction and Mining Labourers,2026-07-01,8
3,NSW,Mid North Coast,108,SA4,83,Factory Process Workers,2026-07-01,10
3,NSW,Mid North Coast,108,SA4,84,"Farm, Forestry and Garden Workers",2026-07-01,4
3,NSW,Mid North Coast,108,SA4,85,Food Preparation Assistants,2026-07-01,8
3,NSW,Mid North Coast,108,SA4,89,Other Labourers,2026-07-01,35
1,NSW,Murray,109,SA4,0,Murray TOTAL,2026-07-01,985
2,NSW,Murray,109,SA4,1,MANAGERS,2026-07-01,98
3,NSW,Murray,109,SA4,11,"Chief Executives, Managing Directors & Legislators",2026-07-01,3
3,NSW,Murray,109,SA4,12,Farmers and Farm Managers,2026-07-01,6
3,NSW,Murray,109,SA4,14,"Hospitality, Retail and Service Managers",2026-07-01,34
3,NSW,Murray,109,SA4,1A,Corporate Managers,2026-07-01,24
3,NSW,Murray,109,SA4,1B,"Construction, Production and Distribution Managers",2026-07-01,20
3,NSW,Murray,109,SA4,1C,"Health, Education, ICT and Other Managers",2026-07-01,11
2,NSW,Murray,109,SA4,2,PROFESSIONALS,2026-07-01,318
3,NSW,Murray,109,SA4,21,Arts and Media Professionals,2026-07-01,5
3,NSW,Murray,109,SA4,24,Education Professionals,2026-07-01,15
3,NSW,Murray,109,SA4,26,ICT Professionals,2026-07-01,5
3,NSW,Murray,109,SA4,27,"Legal, Social and Welfare Professionals",2026-07-01,61
3,NSW,Murray,109,SA4,2A,"Business, Finance and Human Resource Professionals",2026-07-01,30
3,NSW,Murray,109,SA4,2B,Information Professionals,2026-07-01,6
3,NSW,Murray,109,SA4,2C,"Sales, Marketing & Public Relations Professionals",2026-07-01,4
3,NSW,Murray,109,SA4,2D,"Transport and Design Professionals, and Architects",2026-07-01,4
3,NSW,Murray,109,SA4,2E,Engineers,2026-07-01,12
3,NSW,Murray,109,SA4,2F,Science Professionals and Veterinarians,2026-07-01,6
3,NSW,Murray,109,SA4,2G,Health Diagnostic and Therapy Professionals,2026-07-01,41
3,NSW,Murray,109,SA4,2H,Medical Practitioners and Nurses,2026-07-01,129
2,NSW,Murray,109,SA4,3,TECHNICIANS AND TRADES WORKERS,2026-07-01,133
3,NSW,Murray,109,SA4,31,"Engineering, ICT and Science Technicians",2026-07-01,21
3,NSW,Murray,109,SA4,32,Automotive and Engineering Trades,2026-07-01,40
3,NSW,Murray,109,SA4,33,Construction Trades,2026-07-01,16
3,NSW,Murray,109,SA4,34,Electrotechnology and Telecommunications Trades,2026-07-01,15
3,NSW,Murray,109,SA4,35,Food Trades,2026-07-01,26
3,NSW,Murray,109,SA4,36,Skilled Animal and Horticultural Workers,2026-07-01,4
3,NSW,Murray,109,SA4,3A,"Hairdressers, Printing, Clothing and Wood Trades",2026-07-01,5
3,NSW,Murray,109,SA4,3B,"Jewellers, Arts and Other Trades Workers",2026-07-01,6
2,NSW,Murray,109,SA4,4,COMMUNITY AND PERSONAL SERVICE WORKERS,2026-07-01,122
3,NSW,Murray,109,SA4,41,Health and Welfare Support Workers,2026-07-01,16
3,NSW,Murray,109,SA4,42,Carers and Aides,2026-07-01,77
3,NSW,Murray,109,SA4,43,Hospitality Workers,2026-07-01,18
3,NSW,Murray,109,SA4,44,Protective Service Workers,2026-07-01,2
3,NSW,Murray,109,SA4,45,"Sports, Travel and Personal Service Workers",2026-07-01,9
2,NSW,Murray,109,SA4,5,CLERICAL AND ADMINISTRATIVE WORKERS,2026-07-01,109
3,NSW,Murray,109,SA4,55,Numerical Clerks,2026-07-01,15
3,NSW,Murray,109,SA4,56,"Clerical and Office Support Workers, Couriers",2026-07-01,8
3,NSW,Murray,109,SA4,59,Other Clerical and Administrative Workers,2026-07-01,21
3,NSW,Murray,109,SA4,5A,"Office Managers, Administrators and Secretaries",2026-07-01,13
3,NSW,Murray,109,SA4,5B,"General-Inquiry Clerks, Call Centre, Receptionists",2026-07-01,52
2,NSW,Murray,109,SA4,6,SALES WORKERS,2026-07-01,71
3,NSW,Murray,109,SA4,61,Sales Representatives and Agents,2026-07-01,13
3,NSW,Murray,109,SA4,62,Sales Assistants and Salespersons,2026-07-01,54
3,NSW,Murray,109,SA4,63,Sales Support Workers,2026-07-01,4
2,NSW,Murray,109,SA4,7,MACHINERY OPERATORS AND DRIVERS,2026-07-01,67
3,NSW,Murray,109,SA4,71,Machine and Stationary Plant Operators,2026-07-01,17
3,NSW,Murray,109,SA4,72,Mobile Plant Operators,2026-07-01,18
3,NSW,Murray,109,SA4,7A,Drivers and Storepersons,2026-07-01,32
2,NSW,Murray,109,SA4,8,LABOURERS,2026-07-01,67
3,NSW,Murray,109,SA4,81,Cleaners and Laundry Workers,2026-07-01,14
3,NSW,Murray,109,SA4,82,Construction and Mining Labourers,2026-07-01,3
3,NSW,Murray,109,SA4,83,Factory Process Workers,2026-07-01,6
3,NSW,Murray,109,SA4,84,"Farm, Forestry and Garden Workers",2026-07-01,14
3,NSW,Murray,109,SA4,85,Food Preparation Assistants,2026-07-01,6
3,NSW,Murray,109,SA4,89,Other Labourers,2026-07-01,23
1,NSW,New England and North West,110,SA4,0,New England and North West TOTAL,2026-07-01,1586
2,NSW,New England and North West,110,SA4,1,MANAGERS,2026-07-01,99
3,NSW,New England and North West,110,SA4,11,"Chief Executives, Managing Directors & Legislators",2026-07-01,5
3,NSW,New England and North West,110,SA4,12,Farmers and Farm Managers,2026-07-01,8
3,NSW,New England and North West,110,SA4,14,"Hospitality, Retail and Service Managers",2026-07-01,44
3,NSW,New England and North West,110,SA4,1A,Corporate Managers,2026-07-01,22
3,NSW,New England and North West,110,SA4,1B,"Construction, Production and Distribution Managers",2026-07-01,15
3,NSW,New England and North West,110,SA4,1C,"Health, Education, ICT and Other Managers",2026-07-01,7
2,NSW,New England and North West,110,SA4,2,PROFESSIONALS,2026-07-01,851
3,NSW,New England and North West,110,SA4,21,Arts and Media Professionals,2026-07-01,3
3,NSW,New England and North West,110,SA4,24,Education Professionals,2026-07-01,26
3,NSW,New England and North West,110,SA4,26,ICT Professionals,2026-07-01,9
3,NSW,New England and North West,110,SA4,27,"Legal, Social and Welfare Professionals",2026-07-01,236
3,NSW,New England and North West,110,SA4,2A,"Business, Finance and Human Resource Professionals",2026-07-01,24
3,NSW,New England and North West,110,SA4,2B,Information Professionals,2026-07-01,4
3,NSW,New England and North West,110,SA4,2C,"Sales, Marketing & Public Relations Professionals",2026-07-01,2
3,NSW,New England and North West,110,SA4,2D,"Transport and Design Professionals, and Architects",2026-07-01,6
3,NSW,New England and North West,110,SA4,2E,Engineers,2026-07-01,15
3,NSW,New England and North West,110,SA4,2F,Science Professionals and Veterinarians,2026-07-01,5
3,NSW,New England and North West,110,SA4,2G,Health Diagnostic and Therapy Professionals,2026-07-01,32
3,NSW,New England and North West,110,SA4,2H,Medical Practitioners and Nurses,2026-07-01,489
2,NSW,New England and North West,110,SA4,3,TECHNICIANS AND TRADES WORKERS,2026-07-01,167
3,NSW,New England and North West,110,SA4,31,"Engineering, ICT and Science Technicians",2026-07-01,22
3,NSW,New England and North West,110,SA4,32,Automotive and Engineering Trades,2026-07-01,66
3,NSW,New England and North West,110,SA4,33,Construction Trades,2026-07-01,13
3,NSW,New England and North West,110,SA4,34,Electrotechnology and Telecommunications Trades,2026-07-01,24
3,NSW,New England and North West,110,SA4,35,Food Trades,2026-07-01,25
3,NSW,New England and North West,110,SA4,36,Skilled Animal and Horticultural Workers,2026-07-01,4
3,NSW,New England and North West,110,SA4,3A,"Hairdressers, Printing, Clothing and Wood Trades",2026-07-01,3
3,NSW,New England and North West,110,SA4,3B,"Jewellers, Arts and Other Trades Workers",2026-07-01,10
2,NSW,New England and North West,110,SA4,4,COMMUNITY AND PERSONAL SERVICE WORKERS,2026-07-01,121
3,NSW,New England and North West,110,SA4,41,Health and Welfare Support Workers,2026-07-01,18
3,NSW,New England and North West,110,SA4,42,Carers and Aides,2026-07-01,77
3,NSW,New England and North West,110,SA4,43,Hospitality Workers,2026-07-01,14
3,NSW,New England and North West,110,SA4,44,Protective Service Workers,2026-07-01,3
3,NSW,New England and North West,110,SA4,45,"Sports, Travel and Personal Service Workers",2026-07-01,9
2,NSW,New England and North West,110,SA4,5,CLERICAL AND ADMINISTRATIVE WORKERS,2026-07-01,101
3,NSW,New England and North West,110,SA4,55,Numerical Clerks,2026-07-01,14
3,NSW,New England and North West,110,SA4,56,"Clerical and Office Support Workers, Couriers",2026-07-01,7
3,NSW,New England and North West,110,SA4,59,Other Clerical and Administrative Workers,2026-07-01,15
3,NSW,New England and North West,110,SA4,5A,"Office Managers, Administrators and Secretaries",2026-07-01,11
3,NSW,New England and North West,110,SA4,5B,"General-Inquiry Clerks, Call Centre, Receptionists",2026-07-01,54
2,NSW,New England and North West,110,SA4,6,SALES WORKERS,2026-07-01,77
3,NSW,New England and North West,110,SA4,61,Sales Representatives and Agents,2026-07-01,12
3,NSW,New England and North West,110,SA4,62,Sales Assistants and Salespersons,2026-07-01,55
3,NSW,New England and North West,110,SA4,63,Sales Support Workers,2026-07-01,10
2,NSW,New England and North West,110,SA4,7,MACHINERY OPERATORS AND DRIVERS,2026-07-01,72
3,NSW,New England and North West,110,SA4,71,Machine and Stationary Plant Operators,2026-07-01,17
3,NSW,New England and North West,110,SA4,72,Mobile Plant Operators,2026-07-01,13
3,NSW,New England and North West,110,SA4,7A,Drivers and Storepersons,2026-07-01,42
2,NSW,New England and North West,110,SA4,8,LABOURERS,2026-07-01,97
3,NSW,New England and North West,110,SA4,81,Cleaners and Laundry Workers,2026-07-01,19
3,NSW,New England and North West,110,SA4,82,Construction and Mining Labourers,2026-07-01,8
3,NSW,New England and North West,110,SA4,83,Factory Process Workers,2026-07-01,10
3,NSW,New England and North West,110,SA4,84,"Farm, Forestry and Garden Workers",2026-07-01,14
3,NSW,New England and North West,110,SA4,85,Food Preparation Assistants,2026-07-01,4
3,NSW,New England and North West,110,SA4,89,Other Labourers,2026-07-01,42
1,NSW,Newcastle and Lake Macquarie,111,SA4,0,Newcastle and Lake Macquarie TOTAL,2026-07-01,2671
2,NSW,Newcastle and Lake Macquarie,111,SA4,1,MANAGERS,2026-07-01,255
3,NSW,Newcastle and Lake Macquarie,111,SA4,11,"Chief Executives, Managing Directors & Legislators",2026-07-01,14
3,NSW,Newcastle and Lake Macquarie,111,SA4,12,Farmers and Farm Managers,2026-07-01,2
3,NSW,Newcastle and Lake Macquarie,111,SA4,14,"Hospitality, Retail and Service Managers",2026-07-01,89
3,NSW,Newcastle and Lake Macquarie,111,SA4,1A,Corporate Managers,2026-07-01,63
3,NSW,Newcastle and Lake Macquarie,111,SA4,1B,"Construction, Production and Distribution Managers",2026-07-01,62
3,NSW,Newcastle and Lake Macquarie,111,SA4,1C,"Health, Education, ICT and Other Managers",2026-07-01,25
2,NSW,Newcastle and Lake Macquarie,111,SA4,2,PROFESSIONALS,2026-07-01,793
3,NSW,Newcastle and Lake Macquarie,111,SA4,21,Arts and Media Professionals,2026-07-01,12
3,NSW,Newcastle and Lake Macquarie,111,SA4,24,Education Professionals,2026-07-01,51
3,NSW,Newcastle and Lake Macquarie,111,SA4,26,ICT Professionals,2026-07-01,29
3,NSW,Newcastle and Lake Macquarie,111,SA4,27,"Legal, Social and Welfare Professionals",2026-07-01,134
3,NSW,Newcastle and Lake Macquarie,111,SA4,2A,"Business, Finance and Human Resource Professionals",2026-07-01,74
3,NSW,Newcastle and Lake Macquarie,111,SA4,2B,Information Professionals,2026-07-01,12
3,NSW,Newcastle and Lake Macquarie,111,SA4,2C,"Sales, Marketing & Public Relations Professionals",2026-07-01,19
3,NSW,Newcastle and Lake Macquarie,111,SA4,2D,"Transport and Design Professionals, and Architects",2026-07-01,14
3,NSW,Newcastle and Lake Macquarie,111,SA4,2E,Engineers,2026-07-01,74
3,NSW,Newcastle and Lake Macquarie,111,SA4,2F,Science Professionals and Veterinarians,2026-07-01,14
3,NSW,Newcastle and Lake Macquarie,111,SA4,2G,Health Diagnostic and Therapy Professionals,2026-07-01,100
3,NSW,Newcastle and Lake Macquarie,111,SA4,2H,Medical Practitioners and Nurses,2026-07-01,260
2,NSW,Newcastle and Lake Macquarie,111,SA4,3,TECHNICIANS AND TRADES WORKERS,2026-07-01,407
3,NSW,Newcastle and Lake Macquarie,111,SA4,31,"Engineering, ICT and Science Technicians",2026-07-01,64
3,NSW,Newcastle and Lake Macquarie,111,SA4,32,Automotive and Engineering Trades,2026-07-01,133
3,NSW,Newcastle and Lake Macquarie,111,SA4,33,Construction Trades,2026-07-01,48
3,NSW,Newcastle and Lake Macquarie,111,SA4,34,Electrotechnology and Telecommunications Trades,2026-07-01,56
3,NSW,Newcastle and Lake Macquarie,111,SA4,35,Food Trades,2026-07-01,60
3,NSW,Newcastle and Lake Macquarie,111,SA4,36,Skilled Animal and Horticultural Workers,2026-07-01,20
3,NSW,Newcastle and Lake Macquarie,111,SA4,3A,"Hairdressers, Printing, Clothing and Wood Trades",2026-07-01,10
3,NSW,Newcastle and Lake Macquarie,111,SA4,3B,"Jewellers, Arts and Other Trades Workers",2026-07-01,17
2,NSW,Newcastle and Lake Macquarie,111,SA4,4,COMMUNITY AND PERSONAL SERVICE WORKERS,2026-07-01,353
3,NSW,Newcastle and Lake Macquarie,111,SA4,41,Health and Welfare Support Workers,2026-07-01,44
3,NSW,Newcastle and Lake Macquarie,111,SA4,42,Carers and Aides,2026-07-01,206
3,NSW,Newcastle and Lake Macquarie,111,SA4,43,Hospitality Workers,2026-07-01,59
3,NSW,Newcastle and Lake Macquarie,111,SA4,44,Protective Service Workers,2026-07-01,16
3,NSW,Newcastle and Lake Macquarie,111,SA4,45,"Sports, Travel and Personal Service Workers",2026-07-01,29
2,NSW,Newcastle and Lake Macquarie,111,SA4,5,CLERICAL AND ADMINISTRATIVE WORKERS,2026-07-01,320
3,NSW,Newcastle and Lake Macquarie,111,SA4,55,Numerical Clerks,2026-07-01,40
3,NSW,Newcastle and Lake Macquarie,111,SA4,56,"Clerical and Office Support Workers, Couriers",2026-07-01,12
3,NSW,Newcastle and Lake Macquarie,111,SA4,59,Other Clerical and Administrative Workers,2026-07-01,55
3,NSW,Newcastle and Lake Macquarie,111,SA4,5A,"Office Managers, Administrators and Secretaries",2026-07-01,45
3,NSW,Newcastle and Lake Macquarie,111,SA4,5B,"General-Inquiry Clerks, Call Centre, Receptionists",2026-07-01,167
2,NSW,Newcastle and Lake Macquarie,111,SA4,6,SALES WORKERS,2026-07-01,201
3,NSW,Newcastle and Lake Macquarie,111,SA4,61,Sales Representatives and Agents,2026-07-01,57
3,NSW,Newcastle and Lake Macquarie,111,SA4,62,Sales Assistants and Salespersons,2026-07-01,134
3,NSW,Newcastle and Lake Macquarie,111,SA4,63,Sales Support Workers,2026-07-01,9
2,NSW,Newcastle and Lake Macquarie,111,SA4,7,MACHINERY OPERATORS AND DRIVERS,2026-07-01,152
3,NSW,Newcastle and Lake Macquarie,111,SA4,71,Machine and Stationary Plant Operators,2026-07-01,34
3,NSW,Newcastle and Lake Macquarie,111,SA4,72,Mobile Plant Operators,2026-07-01,32
3,NSW,Newcastle and Lake Macquarie,111,SA4,7A,Drivers and Storepersons,2026-07-01,86
2,NSW,Newcastle and Lake Macquarie,111,SA4,8,LABOURERS,2026-07-01,190
3,NSW,Newcastle and Lake Macquarie,111,SA4,81,Cleaners and Laundry Workers,2026-07-01,50
3,NSW,Newcastle and Lake Macquarie,111,SA4,82,Construction and Mining Labourers,2026-07-01,27
3,NSW,Newcastle and Lake Macquarie,111,SA4,83,Factory Process Workers,2026-07-01,17
3,NSW,Newcastle and Lake Macquarie,111,SA4,84,"Farm, Forestry and Garden Workers",2026-07-01,8
3,NSW,Newcastle and Lake Macquarie,111,SA4,85,Food Preparation Assistants,2026-07-01,9
3,NSW,Newcastle and Lake Macquarie,111,SA4,89,Other Labourers,2026-07-01,79
1,NSW,Richmond - Tweed,112,SA4,0,Richmond - Tweed TOTAL,2026-07-01,1379
2,NSW,Richmond - Tweed,112,SA4,1,MANAGERS,2026-07-01,119
3,NSW,Richmond - Tweed,112,SA4,11,"Chief Executives, Managing Directors & Legislators",2026-07-01,4
3,NSW,Richmond - Tweed,112,SA4,12,Farmers and Farm Managers,2026-07-01,0
3,NSW,Richmond - Tweed,112,SA4,14,"Hospitality, Retail and Service Managers",2026-07-01,54
3,NSW,Richmond - Tweed,112,SA4,1A,Corporate Managers,2026-07-01,31
3,NSW,Richmond - Tweed,112,SA4,1B,"Construction, Production and Distribution Managers",2026-07-01,21
3,NSW,Richmond - Tweed,112,SA4,1C,"Health, Education, ICT and Other Managers",2026-07-01,9
2,NSW,Richmond - Tweed,112,SA4,2,PROFESSIONALS,2026-07-01,407
3,NSW,Richmond - Tweed,112,SA4,21,Arts and Media Professionals,2026-07-01,6
3,NSW,Richmond - Tweed,112,SA4,24,Education Professionals,2026-07-01,31
3,NSW,Richmond - Tweed,112,SA4,26,ICT Professionals,2026-07-01,3
3,NSW,Richmond - Tweed,112,SA4,27,"Legal, Social and Welfare Professionals",2026-07-01,115
3,NSW,Richmond - Tweed,112,SA4,2A,"Business, Finance and Human Resource Professionals",2026-07-01,29
3,NSW,Richmond - Tweed,112,SA4,2B,Information Professionals,2026-07-01,3
3,NSW,Richmond - Tweed,112,SA4,2C,"Sales, Marketing & Public Relations Professionals",2026-07-01,10
3,NSW,Richmond - Tweed,112,SA4,2D,"Transport and Design Professionals, and Architects",2026-07-01,8
3,NSW,Richmond - Tweed,112,SA4,2E,Engineers,2026-07-01,12
3,NSW,Richmond - Tweed,112,SA4,2F,Science Professionals and Veterinarians,2026-07-01,4
3,NSW,Richmond - Tweed,112,SA4,2G,Health Diagnostic and Therapy Professionals,2026-07-01,42
3,NSW,Richmond - Tweed,112,SA4,2H,Medical Practitioners and Nurses,2026-07-01,144
2,NSW,Richmond - Tweed,112,SA4,3,TECHNICIANS AND TRADES WORKERS,2026-07-01,166
3,NSW,Richmond - Tweed,112,SA4,31,"Engineering, ICT and Science Technicians",2026-07-01,21
3,NSW,Richmond - Tweed,112,SA4,32,Automotive and Engineering Trades,2026-07-01,36
3,NSW,Richmond - Tweed,112,SA4,33,Construction Trades,2026-07-01,18
3,NSW,Richmond - Tweed,112,SA4,34,Electrotechnology and Telecommunications Trades,2026-07-01,18
3,NSW,Richmond - Tweed,112,SA4,35,Food Trades,2026-07-01,46
3,NSW,Richmond - Tweed,112,SA4,36,Skilled Animal and Horticultural Workers,2026-07-01,12
3,NSW,Richmond - Tweed,112,SA4,3A,"Hairdressers, Printing, Clothing and Wood Trades",2026-07-01,6
3,NSW,Richmond - Tweed,112,SA4,3B,"Jewellers, Arts and Other Trades Workers",2026-07-01,9
2,NSW,Richmond - Tweed,112,SA4,4,COMMUNITY AND PERSONAL SERVICE WORKERS,2026-07-01,206
3,NSW,Richmond - Tweed,112,SA4,41,Health and Welfare Support Workers,2026-07-01,27
3,NSW,Richmond - Tweed,112,SA4,42,Carers and Aides,2026-07-01,132
3,NSW,Richmond - Tweed,112,SA4,43,Hospitality Workers,2026-07-01,33
3,NSW,Richmond - Tweed,112,SA4,44,Protective Service Workers,2026-07-01,3
3,NSW,Richmond - Tweed,112,SA4,45,"Sports, Travel and Personal Service Workers",2026-07-01,11
2,NSW,Richmond - Tweed,112,SA4,5,CLERICAL AND ADMINISTRATIVE WORKERS,2026-07-01,168
3,NSW,Richmond - Tweed,112,SA4,55,Numerical Clerks,2026-07-01,22
3,NSW,Richmond - Tweed,112,SA4,56,"Clerical and Office Support Workers, Couriers",2026-07-01,9
3,NSW,Richmond - Tweed,112,SA4,59,Other Clerical and Administrative Workers,2026-07-01,29
3,NSW,Richmond - Tweed,112,SA4,5A,"Office Managers, Administrators and Secretaries",2026-07-01,21
3,NSW,Richmond - Tweed,112,SA4,5B,"General-Inquiry Clerks, Call Centre, Receptionists",2026-07-01,88
2,NSW,Richmond - Tweed,112,SA4,6,SALES WORKERS,2026-07-01,126
3,NSW,Richmond - Tweed,112,SA4,61,Sales Representatives and Agents,2026-07-01,22
3,NSW,Richmond - Tweed,112,SA4,62,Sales Assistants and Salespersons,2026-07-01,95
3,NSW,Richmond - Tweed,112,SA4,63,Sales Support Workers,2026-07-01,9
2,NSW,Richmond - Tweed,112,SA4,7,MACHINERY OPERATORS AND DRIVERS,2026-07-01,72
3,NSW,Richmond - Tweed,112,SA4,71,Machine and Stationary Plant Operators,2026-07-01,12
3,NSW,Richmond - Tweed,112,SA4,72,Mobile Plant Operators,2026-07-01,16
3,NSW,Richmond - Tweed,112,SA4,7A,Drivers and Storepersons,2026-07-01,44
2,NSW,Richmond - Tweed,112,SA4,8,LABOURERS,2026-07-01,115
3,NSW,Richmond - Tweed,112,SA4,81,Cleaners and Laundry Workers,2026-07-01,37
3,NSW,Richmond - Tweed,112,SA4,82,Construction and Mining Labourers,2026-07-01,9
3,NSW,Richmond - Tweed,112,SA4,83,Factory Process Workers,2026-07-01,11
3,NSW,Richmond - Tweed,112,SA4,84,"Farm, Forestry and Garden Workers",2026-07-01,7
3,NSW,Richmond - Tweed,112,SA4,85,Food Preparation Assistants,2026-07-01,7
3,NSW,Richmond - Tweed,112,SA4,89,Other Labourers,2026-07-01,43
1,NSW,Riverina,113,SA4,0,Riverina TOTAL,2026-07-01,1102
2,NSW,Riverina,113,SA4,1,MANAGERS,2026-07-01,103
3,NSW,Riverina,113,SA4,11,"Chief Executives, Managing Directors & Legislators",2026-07-01,4
3,NSW,Riverina,113,SA4,12,Farmers and Farm Managers,2026-07-01,10
3,NSW,Riverina,113,SA4,14,"Hospitality, Retail and Service Managers",2026-07-01,37
3,NSW,Riverina,113,SA4,1A,Corporate Managers,2026-07-01,20
3,NSW,Riverina,113,SA4,1B,"Construction, Production and Distribution Managers",2026-07-01,20
3,NSW,Riverina,113,SA4,1C,"Health, Education, ICT and Other Managers",2026-07-01,12
2,NSW,Riverina,113,SA4,2,PROFESSIONALS,2026-07-01,339
3,NSW,Riverina,113,SA4,21,Arts and Media Professionals,2026-07-01,3
3,NSW,Riverina,113,SA4,24,Education Professionals,2026-07-01,14
3,NSW,Riverina,113,SA4,26,ICT Professionals,2026-07-01,7
3,NSW,Riverina,113,SA4,27,"Legal, Social and Welfare Professionals",2026-07-01,72
3,NSW,Riverina,113,SA4,2A,"Business, Finance and Human Resource Professionals",2026-07-01,28
3,NSW,Riverina,113,SA4,2B,Information Professionals,2026-07-01,2
3,NSW,Riverina,113,SA4,2C,"Sales, Marketing & Public Relations Professionals",2026-07-01,2
3,NSW,Riverina,113,SA4,2D,"Transport and Design Professionals, and Architects",2026-07-01,7
3,NSW,Riverina,113,SA4,2E,Engineers,2026-07-01,26
3,NSW,Riverina,113,SA4,2F,Science Professionals and Veterinarians,2026-07-01,10
3,NSW,Riverina,113,SA4,2G,Health Diagnostic and Therapy Professionals,2026-07-01,31
3,NSW,Riverina,113,SA4,2H,Medical Practitioners and Nurses,2026-07-01,137
2,NSW,Riverina,113,SA4,3,TECHNICIANS AND TRADES WORKERS,2026-07-01,181
3,NSW,Riverina,113,SA4,31,"Engineering, ICT and Science Technicians",2026-07-01,29
3,NSW,Riverina,113,SA4,32,Automotive and Engineering Trades,2026-07-01,80
3,NSW,Riverina,113,SA4,33,Construction Trades,2026-07-01,18
3,NSW,Riverina,113,SA4,34,Electrotechnology and Telecommunications Trades,2026-07-01,20
3,NSW,Riverina,113,SA4,35,Food Trades,2026-07-01,19
3,NSW,Riverina,113,SA4,36,Skilled Animal and Horticultural Workers,2026-07-01,4
3,NSW,Riverina,113,SA4,3A,"Hairdressers, Printing, Clothing and Wood Trades",2026-07-01,4
3,NSW,Riverina,113,SA4,3B,"Jewellers, Arts and Other Trades Workers",2026-07-01,8
2,NSW,Riverina,113,SA4,4,COMMUNITY AND PERSONAL SERVICE WORKERS,2026-07-01,118
3,NSW,Riverina,113,SA4,41,Health and Welfare Support Workers,2026-07-01,18
3,NSW,Riverina,113,SA4,42,Carers and Aides,2026-07-01,73
3,NSW,Riverina,113,SA4,43,Hospitality Workers,2026-07-01,15
3,NSW,Riverina,113,SA4,44,Protective Service Workers,2026-07-01,3
3,NSW,Riverina,113,SA4,45,"Sports, Travel and Personal Service Workers",2026-07-01,8
2,NSW,Riverina,113,SA4,5,CLERICAL AND ADMINISTRATIVE WORKERS,2026-07-01,112
3,NSW,Riverina,113,SA4,55,Numerical Clerks,2026-07-01,20
3,NSW,Riverina,113,SA4,56,"Clerical and Office Support Workers, Couriers",2026-07-01,6
3,NSW,Riverina,113,SA4,59,Other Clerical and Administrative Workers,2026-07-01,18
3,NSW,Riverina,113,SA4,5A,"Office Managers, Administrators and Secretaries",2026-07-01,10
3,NSW,Riverina,113,SA4,5B,"General-Inquiry Clerks, Call Centre, Receptionists",2026-07-01,57
2,NSW,Riverina,113,SA4,6,SALES WORKERS,2026-07-01,78
3,NSW,Riverina,113,SA4,61,Sales Representatives and Agents,2026-07-01,14
3,NSW,Riverina,113,SA4,62,Sales Assistants and Salespersons,2026-07-01,58
3,NSW,Riverina,113,SA4,63,Sales Support Workers,2026-07-01,5
2,NSW,Riverina,113,SA4,7,MACHINERY OPERATORS AND DRIVERS,2026-07-01,72
3,NSW,Riverina,113,SA4,71,Machine and Stationary Plant Operators,2026-07-01,13
3,NSW,Riverina,113,SA4,72,Mobile Plant Operators,2026-07-01,22
3,NSW,Riverina,113,SA4,7A,Drivers and Storepersons,2026-07-01,36
2,NSW,Riverina,113,SA4,8,LABOURERS,2026-07-01,101
3,NSW,Riverina,113,SA4,81,Cleaners and Laundry Workers,2026-07-01,19
3,NSW,Riverina,113,SA4,82,Construction and Mining Labourers,2026-07-01,7
3,NSW,Riverina,113,SA4,83,Factory Process Workers,2026-07-01,12
3,NSW,Riverina,113,SA4,84,"Farm, Forestry and Garden Workers",2026-07-01,18
3,NSW,Riverina,113,SA4,85,Food Preparation Assistants,2026-07-01,5
3,NSW,Riverina,113,SA4,89,Other Labourers,2026-07-01,39
1,NSW,Southern Highlands and Shoalhaven,114,SA4,0,Southern Highlands and Shoalhaven TOTAL,2026-07-01,734
2,NSW,Southern Highlands and Shoalhaven,114,SA4,1,MANAGERS,2026-07-01,54
3,NSW,Southern Highlands and Shoalhaven,114,SA4,11,"Chief Executives, Managing Directors & Legislators",2026-07-01,1
3,NSW,Southern Highlands and Shoalhaven,114,SA4,12,Farmers and Farm Managers,2026-07-01,2
3,NSW,Southern Highlands and Shoalhaven,114,SA4,14,"Hospitality, Retail and Service Managers",2026-07-01,23
3,NSW,Southern Highlands and Shoalhaven,114,SA4,1A,Corporate Managers,2026-07-01,13
3,NSW,Southern Highlands and Shoalhaven,114,SA4,1B,"Construction, Production and Distribution Managers",2026-07-01,10
3,NSW,Southern Highlands and Shoalhaven,114,SA4,1C,"Health, Education, ICT and Other Managers",2026-07-01,4
2,NSW,Southern Highlands and Shoalhaven,114,SA4,2,PROFESSIONALS,2026-07-01,247
3,NSW,Southern Highlands and Shoalhaven,114,SA4,21,Arts and Media Professionals,2026-07-01,1
3,NSW,Southern Highlands and Shoalhaven,114,SA4,24,Education Professionals,2026-07-01,10
3,NSW,Southern Highlands and Shoalhaven,114,SA4,26,ICT Professionals,2026-07-01,4
3,NSW,Southern Highlands and Shoalhaven,114,SA4,27,"Legal, Social and Welfare Professionals",2026-07-01,78
3,NSW,Southern Highlands and Shoalhaven,114,SA4,2A,"Business, Finance and Human Resource Professionals",2026-07-01,15
3,NSW,Southern Highlands and Shoalhaven,114,SA4,2B,Information Professionals,2026-07-01,2
3,NSW,Southern Highlands and Shoalhaven,114,SA4,2C,"Sales, Marketing & Public Relations Professionals",2026-07-01,3
3,NSW,Southern Highlands and Shoalhaven,114,SA4,2D,"Transport and Design Professionals, and Architects",2026-07-01,3
3,NSW,Southern Highlands and Shoalhaven,114,SA4,2E,Engineers,2026-07-01,7
3,NSW,Southern Highlands and Shoalhaven,114,SA4,2F,Science Professionals and Veterinarians,2026-07-01,4
3,NSW,Southern Highlands and Shoalhaven,114,SA4,2G,Health Diagnostic and Therapy Professionals,2026-07-01,34
3,NSW,Southern Highlands and Shoalhaven,114,SA4,2H,Medical Practitioners and Nurses,2026-07-01,86
2,NSW,Southern Highlands and Shoalhaven,114,SA4,3,TECHNICIANS AND TRADES WORKERS,2026-07-01,102
3,NSW,Southern Highlands and Shoalhaven,114,SA4,31,"Engineering, ICT and Science Technicians",2026-07-01,15
3,NSW,Southern Highlands and Shoalhaven,114,SA4,32,Automotive and Engineering Trades,2026-07-01,27
3,NSW,Southern Highlands and Shoalhaven,114,SA4,33,Construction Trades,2026-07-01,9
3,NSW,Southern Highlands and Shoalhaven,114,SA4,34,Electrotechnology and Telecommunications Trades,2026-07-01,11
3,NSW,Southern Highlands and Shoalhaven,114,SA4,35,Food Trades,2026-07-01,24
3,NSW,Southern Highlands and Shoalhaven,114,SA4,36,Skilled Animal and Horticultural Workers,2026-07-01,9
3,NSW,Southern Highlands and Shoalhaven,114,SA4,3A,"Hairdressers, Printing, Clothing and Wood Trades",2026-07-01,3
3,NSW,Southern Highlands and Shoalhaven,114,SA4,3B,"Jewellers, Arts and Other Trades Workers",2026-07-01,4
2,NSW,Southern Highlands and Shoalhaven,114,SA4,4,COMMUNITY AND PERSONAL SERVICE WORKERS,2026-07-01,108
3,NSW,Southern Highlands and Shoalhaven,114,SA4,41,Health and Welfare Support Workers,2026-07-01,11
3,NSW,Southern Highlands and Shoalhaven,114,SA4,42,Carers and Aides,2026-07-01,72
3,NSW,Southern Highlands and Shoalhaven,114,SA4,43,Hospitality Workers,2026-07-01,13
3,NSW,Southern Highlands and Shoalhaven,114,SA4,44,Protective Service Workers,2026-07-01,2
3,NSW,Southern Highlands and Shoalhaven,114,SA4,45,"Sports, Travel and Personal Service Workers",2026-07-01,10
2,NSW,Southern Highlands and Shoalhaven,114,SA4,5,CLERICAL AND ADMINISTRATIVE WORKERS,2026-07-01,72
3,NSW,Southern Highlands and Shoalhaven,114,SA4,55,Numerical Clerks,2026-07-01,9
3,NSW,Southern Highlands and Shoalhaven,114,SA4,56,"Clerical and Office Support Workers, Couriers",2026-07-01,2
3,NSW,Southern Highlands and Shoalhaven,114,SA4,59,Other Clerical and Administrative Workers,2026-07-01,10
3,NSW,Southern Highlands and Shoalhaven,114,SA4,5A,"Office Managers, Administrators and Secretaries",2026-07-01,9
3,NSW,Southern Highlands and Shoalhaven,114,SA4,5B,"General-Inquiry Clerks, Call Centre, Receptionists",2026-07-01,43
2,NSW,Southern Highlands and Shoalhaven,114,SA4,6,SALES WORKERS,2026-07-01,55
3,NSW,Southern Highlands and Shoalhaven,114,SA4,61,Sales Representatives and Agents,2026-07-01,10
3,NSW,Southern Highlands and Shoalhaven,114,SA4,62,Sales Assistants and Salespersons,2026-07-01,41
3,NSW,Southern Highlands and Shoalhaven,114,SA4,63,Sales Support Workers,2026-07-01,3
2,NSW,Southern Highlands and Shoalhaven,114,SA4,7,MACHINERY OPERATORS AND DRIVERS,2026-07-01,38
3,NSW,Southern Highlands and Shoalhaven,114,SA4,71,Machine and Stationary Plant Operators,2026-07-01,7
3,NSW,Southern Highlands and Shoalhaven,114,SA4,72,Mobile Plant Operators,2026-07-01,8
3,NSW,Southern Highlands and Shoalhaven,114,SA4,7A,Drivers and Storepersons,2026-07-01,23
2,NSW,Southern Highlands and Shoalhaven,114,SA4,8,LABOURERS,2026-07-01,59
3,NSW,Southern Highlands and Shoalhaven,114,SA4,81,Cleaners and Laundry Workers,2026-07-01,15
3,NSW,Southern Highlands and Shoalhaven,114,SA4,82,Construction and Mining Labourers,2026-07-01,6
3,NSW,Southern Highlands and Shoalhaven,114,SA4,83,Factory Process Workers,2026-07-01,7
3,NSW,Southern Highlands and Shoalhaven,114,SA4,84,"Farm, Forestry and Garden Workers",2026-07-01,4
3,NSW,Southern Highlands and Shoalhaven,114,SA4,85,Food Preparation Assistants,2026-07-01,3
3,NSW,Southern Highlands and Shoalhaven,114,SA4,89,Other Labourers,2026-07-01,24
1,VIC,Greater Melbourne,2GMEL,GCCSA,0,Greater Melbourne TOTAL,2026-07-01,36904
2,VIC,Greater Melbourne,2GMEL,GCCSA,1,MANAGERS,2026-07-01,5218
3,VIC,Greater Melbourne,2GMEL,GCCSA,11,"Chief Executives, Managing Directors & Legislators",2026-07-01,242
3,VIC,Greater Melbourne,2GMEL,GCCSA,12,Farmers and Farm Managers,2026-07-01,22
3,VIC,Greater Melbourne,2GMEL,GCCSA,14,"Hospitality, Retail and Service Managers",2026-07-01,1377
3,VIC,Greater Melbourne,2GMEL,GCCSA,1A,Corporate Managers,2026-07-01,1966
3,VIC,Greater Melbourne,2GMEL,GCCSA,1B,"Construction, Production and Distribution Managers",2026-07-01,1146
3,VIC,Greater Melbourne,2GMEL,GCCSA,1C,"Health, Education, ICT and Other Managers",2026-07-01,464
2,VIC,Greater Melbourne,2GMEL,GCCSA,2,PROFESSIONALS,2026-07-01,11393
3,VIC,Greater Melbourne,2GMEL,GCCSA,21,Arts and Media Professionals,2026-07-01,265
3,VIC,Greater Melbourne,2GMEL,GCCSA,24,Education Professionals,2026-07-01,570
3,VIC,Greater Melbourne,2GMEL,GCCSA,26,ICT Professionals,2026-07-01,1542
3,VIC,Greater Melbourne,2GMEL,GCCSA,27,"Legal, Social and Welfare Professionals",2026-07-01,1549
3,VIC,Greater Melbourne,2GMEL,GCCSA,2A,"Business, Finance and Human Resource Professionals",2026-07-01,1698
3,VIC,Greater Melbourne,2GMEL,GCCSA,2B,Information Professionals,2026-07-01,448
3,VIC,Greater Melbourne,2GMEL,GCCSA,2C,"Sales, Marketing & Public Relations Professionals",2026-07-01,720
3,VIC,Greater Melbourne,2GMEL,GCCSA,2D,"Transport and Design Professionals, and Architects",2026-07-01,417
3,VIC,Greater Melbourne,2GMEL,GCCSA,2E,Engineers,2026-07-01,662
3,VIC,Greater Melbourne,2GMEL,GCCSA,2F,Science Professionals and Veterinarians,2026-07-01,178
3,VIC,Greater Melbourne,2GMEL,GCCSA,2G,Health Diagnostic and Therapy Professionals,2026-07-01,1381
3,VIC,Greater Melbourne,2GMEL,GCCSA,2H,Medical Practitioners and Nurses,2026-07-01,1962
2,VIC,Greater Melbourne,2GMEL,GCCSA,3,TECHNICIANS AND TRADES WORKERS,2026-07-01,4517
3,VIC,Greater Melbourne,2GMEL,GCCSA,31,"Engineering, ICT and Science Technicians",2026-07-01,837
3,VIC,Greater Melbourne,2GMEL,GCCSA,32,Automotive and Engineering Trades,2026-07-01,1157
3,VIC,Greater Melbourne,2GMEL,GCCSA,33,Construction Trades,2026-07-01,567
3,VIC,Greater Melbourne,2GMEL,GCCSA,34,Electrotechnology and Telecommunications Trades,2026-07-01,576
3,VIC,Greater Melbourne,2GMEL,GCCSA,35,Food Trades,2026-07-01,756
3,VIC,Greater Melbourne,2GMEL,GCCSA,36,Skilled Animal and Horticultural Workers,2026-07-01,235
3,VIC,Greater Melbourne,2GMEL,GCCSA,3A,"Hairdressers, Printing, Clothing and Wood Trades",2026-07-01,172
3,VIC,Greater Melbourne,2GMEL,GCCSA,3B,"Jewellers, Arts and Other Trades Workers",2026-07-01,217
2,VIC,Greater Melbourne,2GMEL,GCCSA,4,COMMUNITY AND PERSONAL SERVICE WORKERS,2026-07-01,3395
3,VIC,Greater Melbourne,2GMEL,GCCSA,41,Health and Welfare Support Workers,2026-07-01,377
3,VIC,Greater Melbourne,2GMEL,GCCSA,42,Carers and Aides,2026-07-01,1780
3,VIC,Greater Melbourne,2GMEL,GCCSA,43,Hospitality Workers,2026-07-01,619
3,VIC,Greater Melbourne,2GMEL,GCCSA,44,Protective Service Workers,2026-07-01,191
3,VIC,Greater Melbourne,2GMEL,GCCSA,45,"Sports, Travel and Personal Service Workers",2026-07-01,428
2,VIC,Greater Melbourne,2GMEL,GCCSA,5,CLERICAL AND ADMINISTRATIVE WORKERS,2026-07-01,6068
3,VIC,Greater Melbourne,2GMEL,GCCSA,55,Numerical Clerks,2026-07-01,1288
3,VIC,Greater Melbourne,2GMEL,GCCSA,56,"Clerical and Office Support Workers, Couriers",2026-07-01,123
3,VIC,Greater Melbourne,2GMEL,GCCSA,59,Other Clerical and Administrative Workers,2026-07-01,1298
3,VIC,Greater Melbourne,2GMEL,GCCSA,5A,"Office Managers, Administrators and Secretaries",2026-07-01,922
3,VIC,Greater Melbourne,2GMEL,GCCSA,5B,"General-Inquiry Clerks, Call Centre, Receptionists",2026-07-01,2438
2,VIC,Greater Melbourne,2GMEL,GCCSA,6,SALES WORKERS,2026-07-01,2881
3,VIC,Greater Melbourne,2GMEL,GCCSA,61,Sales Representatives and Agents,2026-07-01,963
3,VIC,Greater Melbourne,2GMEL,GCCSA,62,Sales Assistants and Salespersons,2026-07-01,1705
3,VIC,Greater Melbourne,2GMEL,GCCSA,63,Sales Support Workers,2026-07-01,213
2,VIC,Greater Melbourne,2GMEL,GCCSA,7,MACHINERY OPERATORS AND DRIVERS,2026-07-01,1605
3,VIC,Greater Melbourne,2GMEL,GCCSA,71,Machine and Stationary Plant Operators,2026-07-01,380
3,VIC,Greater Melbourne,2GMEL,GCCSA,72,Mobile Plant Operators,2026-07-01,454
3,VIC,Greater Melbourne,2GMEL,GCCSA,7A,Drivers and Storepersons,2026-07-01,770
2,VIC,Greater Melbourne,2GMEL,GCCSA,8,LABOURERS,2026-07-01,1828
3,VIC,Greater Melbourne,2GMEL,GCCSA,81,Cleaners and Laundry Workers,2026-07-01,425
3,VIC,Greater Melbourne,2GMEL,GCCSA,82,Construction and Mining Labourers,2026-07-01,139
3,VIC,Greater Melbourne,2GMEL,GCCSA,83,Factory Process Workers,2026-07-01,386
3,VIC,Greater Melbourne,2GMEL,GCCSA,84,"Farm, Forestry and Garden Workers",2026-07-01,73
3,VIC,Greater Melbourne,2GMEL,GCCSA,85,Food Preparation Assistants,2026-07-01,153
3,VIC,Greater Melbourne,2GMEL,GCCSA,89,Other Labourers,2026-07-01,652
1,VIC,Ballarat,201,SA4,0,Ballarat TOTAL,2026-07-01,901
2,VIC,Ballarat,201,SA4,1,MANAGERS,2026-07-01,79
3,VIC,Ballarat,201,SA4,11,"Chief Executives, Managing Directors & Legislators",2026-07-01,3
3,VIC,Ballarat,201,SA4,12,Farmers and Farm Managers,2026-07-01,1
3,VIC,Ballarat,201,SA4,14,"Hospitality, Retail and Service Managers",2026-07-01,28
3,VIC,Ballarat,201,SA4,1A,Corporate Managers,2026-07-01,22
3,VIC,Ballarat,201,SA4,1B,"Construction, Production and Distribution Managers",2026-07-01,14
3,VIC,Ballarat,201,SA4,1C,"Health, Education, ICT and Other Managers",2026-07-01,11
2,VIC,Ballarat,201,SA4,2,PROFESSIONALS,2026-07-01,268
3,VIC,Ballarat,201,SA4,21,Arts and Media Professionals,2026-07-01,6
3,VIC,Ballarat,201,SA4,24,Education Professionals,2026-07-01,15
3,VIC,Ballarat,201,SA4,26,ICT Professionals,2026-07-01,8
3,VIC,Ballarat,201,SA4,27,"Legal, Social and Welfare Professionals",2026-07-01,57
3,VIC,Ballarat,201,SA4,2A,"Business, Finance and Human Resource Professionals",2026-07-01,28
3,VIC,Ballarat,201,SA4,2B,Information Professionals,2026-07-01,7
3,VIC,Ballarat,201,SA4,2C,"Sales, Marketing & Public Relations Professionals",2026-07-01,4
3,VIC,Ballarat,201,SA4,2D,"Transport and Design Professionals, and Architects",2026-07-01,4
3,VIC,Ballarat,201,SA4,2E,Engineers,2026-07-01,11
3,VIC,Ballarat,201,SA4,2F,Science Professionals and Veterinarians,2026-07-01,4
3,VIC,Ballarat,201,SA4,2G,Health Diagnostic and Therapy Professionals,2026-07-01,53
3,VIC,Ballarat,201,SA4,2H,Medical Practitioners and Nurses,2026-07-01,69
2,VIC,Ballarat,201,SA4,3,TECHNICIANS AND TRADES WORKERS,2026-07-01,123
3,VIC,Ballarat,201,SA4,31,"Engineering, ICT and Science Technicians",2026-07-01,22
3,VIC,Ballarat,201,SA4,32,Automotive and Engineering Trades,2026-07-01,35
3,VIC,Ballarat,201,SA4,33,Construction Trades,2026-07-01,15
3,VIC,Ballarat,201,SA4,34,Electrotechnology and Telecommunications Trades,2026-07-01,13
3,VIC,Ballarat,201,SA4,35,Food Trades,2026-07-01,25
3,VIC,Ballarat,201,SA4,36,Skilled Animal and Horticultural Workers,2026-07-01,8
3,VIC,Ballarat,201,SA4,3A,"Hairdressers, Printing, Clothing and Wood Trades",2026-07-01,3
3,VIC,Ballarat,201,SA4,3B,"Jewellers, Arts and Other Trades Workers",2026-07-01,3
2,VIC,Ballarat,201,SA4,4,COMMUNITY AND PERSONAL SERVICE WORKERS,2026-07-01,120
3,VIC,Ballarat,201,SA4,41,Health and Welfare Support Workers,2026-07-01,22
3,VIC,Ballarat,201,SA4,42,Carers and Aides,2026-07-01,71
3,VIC,Ballarat,201,SA4,43,Hospitality Workers,2026-07-01,17
3,VIC,Ballarat,201,SA4,44,Protective Service Workers,2026-07-01,3
3,VIC,Ballarat,201,SA4,45,"Sports, Travel and Personal Service Workers",2026-07-01,7
2,VIC,Ballarat,201,SA4,5,CLERICAL AND ADMINISTRATIVE WORKERS,2026-07-01,131
3,VIC,Ballarat,201,SA4,55,Numerical Clerks,2026-07-01,18
3,VIC,Ballarat,201,SA4,56,"Clerical and Office Support Workers, Couriers",2026-07-01,3
3,VIC,Ballarat,201,SA4,59,Other Clerical and Administrative Workers,2026-07-01,20
3,VIC,Ballarat,201,SA4,5A,"Office Managers, Administrators and Secretaries",2026-07-01,15
3,VIC,Ballarat,201,SA4,5B,"General-Inquiry Clerks, Call Centre, Receptionists",2026-07-01,75
2,VIC,Ballarat,201,SA4,6,SALES WORKERS,2026-07-01,82
3,VIC,Ballarat,201,SA4,61,Sales Representatives and Agents,2026-07-01,16
3,VIC,Ballarat,201,SA4,62,Sales Assistants and Salespersons,2026-07-01,61
3,VIC,Ballarat,201,SA4,63,Sales Support Workers,2026-07-01,5
2,VIC,Ballarat,201,SA4,7,MACHINERY OPERATORS AND DRIVERS,2026-07-01,39
3,VIC,Ballarat,201,SA4,71,Machine and Stationary Plant Operators,2026-07-01,8
3,VIC,Ballarat,201,SA4,72,Mobile Plant Operators,2026-07-01,10
3,VIC,Ballarat,201,SA4,7A,Drivers and Storepersons,2026-07-01,21
2,VIC,Ballarat,201,SA4,8,LABOURERS,2026-07-01,59
3,VIC,Ballarat,201,SA4,81,Cleaners and Laundry Workers,2026-07-01,12
3,VIC,Ballarat,201,SA4,82,Construction and Mining Labourers,2026-07-01,7
3,VIC,Ballarat,201,SA4,83,Factory Process Workers,2026-07-01,5
3,VIC,Ballarat,201,SA4,84,"Farm, Forestry and Garden Workers",2026-07-01,7
3,VIC,Ballarat,201,SA4,85,Food Preparation Assistants,2026-07-01,3
3,VIC,Ballarat,201,SA4,89,Other Labourers,2026-07-01,26
1,VIC,Bendigo,202,SA4,0,Bendigo TOTAL,2026-07-01,911
2,VIC,Bendigo,202,SA4,1,MANAGERS,2026-07-01,82
3,VIC,Bendigo,202,SA4,11,"Chief Executives, Managing Directors & Legislators",2026-07-01,2
3,VIC,Bendigo,202,SA4,12,Farmers and Farm Managers,2026-07-01,5
3,VIC,Bendigo,202,SA4,14,"Hospitality, Retail and Service Managers",2026-07-01,23
3,VIC,Bendigo,202,SA4,1A,Corporate Managers,2026-07-01,23
3,VIC,Bendigo,202,SA4,1B,"Construction, Production and Distribution Managers",2026-07-01,18
3,VIC,Bendigo,202,SA4,1C,"Health, Education, ICT and Other Managers",2026-07-01,11
2,VIC,Bendigo,202,SA4,2,PROFESSIONALS,2026-07-01,296
3,VIC,Bendigo,202,SA4,21,Arts and Media Professionals,2026-07-01,5
3,VIC,Bendigo,202,SA4,24,Education Professionals,2026-07-01,15
3,VIC,Bendigo,202,SA4,26,ICT Professionals,2026-07-01,5
3,VIC,Bendigo,202,SA4,27,"Legal, Social and Welfare Professionals",2026-07-01,64
3,VIC,Bendigo,202,SA4,2A,"Business, Finance and Human Resource Professionals",2026-07-01,20
3,VIC,Bendigo,202,SA4,2B,Information Professionals,2026-07-01,6
3,VIC,Bendigo,202,SA4,2C,"Sales, Marketing & Public Relations Professionals",2026-07-01,3
3,VIC,Bendigo,202,SA4,2D,"Transport and Design Professionals, and Architects",2026-07-01,5
3,VIC,Bendigo,202,SA4,2E,Engineers,2026-07-01,15
3,VIC,Bendigo,202,SA4,2F,Science Professionals and Veterinarians,2026-07-01,10
3,VIC,Bendigo,202,SA4,2G,Health Diagnostic and Therapy Professionals,2026-07-01,51
3,VIC,Bendigo,202,SA4,2H,Medical Practitioners and Nurses,2026-07-01,96
2,VIC,Bendigo,202,SA4,3,TECHNICIANS AND TRADES WORKERS,2026-07-01,114
3,VIC,Bendigo,202,SA4,31,"Engineering, ICT and Science Technicians",2026-07-01,19
3,VIC,Bendigo,202,SA4,32,Automotive and Engineering Trades,2026-07-01,38
3,VIC,Bendigo,202,SA4,33,Construction Trades,2026-07-01,15
3,VIC,Bendigo,202,SA4,34,Electrotechnology and Telecommunications Trades,2026-07-01,10
3,VIC,Bendigo,202,SA4,35,Food Trades,2026-07-01,20
3,VIC,Bendigo,202,SA4,36,Skilled Animal and Horticultural Workers,2026-07-01,6
3,VIC,Bendigo,202,SA4,3A,"Hairdressers, Printing, Clothing and Wood Trades",2026-07-01,2
3,VIC,Bendigo,202,SA4,3B,"Jewellers, Arts and Other Trades Workers",2026-07-01,3
2,VIC,Bendigo,202,SA4,4,COMMUNITY AND PERSONAL SERVICE WORKERS,2026-07-01,145
3,VIC,Bendigo,202,SA4,41,Health and Welfare Support Workers,2026-07-01,28
3,VIC,Bendigo,202,SA4,42,Carers and Aides,2026-07-01,92
3,VIC,Bendigo,202,SA4,43,Hospitality Workers,2026-07-01,11
3,VIC,Bendigo,202,SA4,44,Protective Service Workers,2026-07-01,5
3,VIC,Bendigo,202,SA4,45,"Sports, Travel and Personal Service Workers",2026-07-01,9
2,VIC,Bendigo,202,SA4,5,CLERICAL AND ADMINISTRATIVE WORKERS,2026-07-01,102
3,VIC,Bendigo,202,SA4,55,Numerical Clerks,2026-07-01,12
3,VIC,Bendigo,202,SA4,56,"Clerical and Office Support Workers, Couriers",2026-07-01,2
3,VIC,Bendigo,202,SA4,59,Other Clerical and Administrative Workers,2026-07-01,14
3,VIC,Bendigo,202,SA4,5A,"Office Managers, Administrators and Secretaries",2026-07-01,11
3,VIC,Bendigo,202,SA4,5B,"General-Inquiry Clerks, Call Centre, Receptionists",2026-07-01,63
2,VIC,Bendigo,202,SA4,6,SALES WORKERS,2026-07-01,61
3,VIC,Bendigo,202,SA4,61,Sales Representatives and Agents,2026-07-01,13
3,VIC,Bendigo,202,SA4,62,Sales Assistants and Salespersons,2026-07-01,45
3,VIC,Bendigo,202,SA4,63,Sales Support Workers,2026-07-01,2
2,VIC,Bendigo,202,SA4,7,MACHINERY OPERATORS AND DRIVERS,2026-07-01,43
3,VIC,Bendigo,202,SA4,71,Machine and Stationary Plant Operators,2026-07-01,11
3,VIC,Bendigo,202,SA4,72,Mobile Plant Operators,2026-07-01,9
3,VIC,Bendigo,202,SA4,7A,Drivers and Storepersons,2026-07-01,23
2,VIC,Bendigo,202,SA4,8,LABOURERS,2026-07-01,69
3,VIC,Bendigo,202,SA4,81,Cleaners and Laundry Workers,2026-07-01,21
3,VIC,Bendigo,202,SA4,82,Construction and Mining Labourers,2026-07-01,6
3,VIC,Bendigo,202,SA4,83,Factory Process Workers,2026-07-01,8
3,VIC,Bendigo,202,SA4,84,"Farm, Forestry and Garden Workers",2026-07-01,8
3,VIC,Bendigo,202,SA4,85,Food Preparation Assistants,2026-07-01,6
3,VIC,Bendigo,202,SA4,89,Other Labourers,2026-07-01,20
1,VIC,Geelong,203,SA4,0,Geelong TOTAL,2026-07-01,1576
2,VIC,Geelong,203,SA4,1,MANAGERS,2026-07-01,156
3,VIC,Geelong,203,SA4,11,"Chief Executives, Managing Directors & Legislators",2026-07-01,9
3,VIC,Geelong,203,SA4,12,Farmers and Farm Managers,2026-07-01,2
3,VIC,Geelong,203,SA4,14,"Hospitality, Retail and Service Managers",2026-07-01,55
3,VIC,Geelong,203,SA4,1A,Corporate Managers,2026-07-01,38
3,VIC,Geelong,203,SA4,1B,"Construction, Production and Distribution Managers",2026-07-01,35
3,VIC,Geelong,203,SA4,1C,"Health, Education, ICT and Other Managers",2026-07-01,18
2,VIC,Geelong,203,SA4,2,PROFESSIONALS,2026-07-01,404
3,VIC,Geelong,203,SA4,21,Arts and Media Professionals,2026-07-01,6
3,VIC,Geelong,203,SA4,24,Education Professionals,2026-07-01,21
3,VIC,Geelong,203,SA4,26,ICT Professionals,2026-07-01,29
3,VIC,Geelong,203,SA4,27,"Legal, Social and Welfare Professionals",2026-07-01,72
3,VIC,Geelong,203,SA4,2A,"Business, Finance and Human Resource Professionals",2026-07-01,40
3,VIC,Geelong,203,SA4,2B,Information Professionals,2026-07-01,13
3,VIC,Geelong,203,SA4,2C,"Sales, Marketing & Public Relations Professionals",2026-07-01,11
3,VIC,Geelong,203,SA4,2D,"Transport and Design Professionals, and Architects",2026-07-01,12
3,VIC,Geelong,203,SA4,2E,Engineers,2026-07-01,18
3,VIC,Geelong,203,SA4,2F,Science Professionals and Veterinarians,2026-07-01,8
3,VIC,Geelong,203,SA4,2G,Health Diagnostic and Therapy Professionals,2026-07-01,60
3,VIC,Geelong,203,SA4,2H,Medical Practitioners and Nurses,2026-07-01,112
2,VIC,Geelong,203,SA4,3,TECHNICIANS AND TRADES WORKERS,2026-07-01,209
3,VIC,Geelong,203,SA4,31,"Engineering, ICT and Science Technicians",2026-07-01,29
3,VIC,Geelong,203,SA4,32,Automotive and Engineering Trades,2026-07-01,50
3,VIC,Geelong,203,SA4,33,Construction Trades,2026-07-01,31
3,VIC,Geelong,203,SA4,34,Electrotechnology and Telecommunications Trades,2026-07-01,26
3,VIC,Geelong,203,SA4,35,Food Trades,2026-07-01,42
3,VIC,Geelong,203,SA4,36,Skilled Animal and Horticultural Workers,2026-07-01,12
3,VIC,Geelong,203,SA4,3A,"Hairdressers, Printing, Clothing and Wood Trades",2026-07-01,8
3,VIC,Geelong,203,SA4,3B,"Jewellers, Arts and Other Trades Workers",2026-07-01,10
2,VIC,Geelong,203,SA4,4,COMMUNITY AND PERSONAL SERVICE WORKERS,2026-07-01,217
3,VIC,Geelong,203,SA4,41,Health and Welfare Support Workers,2026-07-01,37
3,VIC,Geelong,203,SA4,42,Carers and Aides,2026-07-01,130
3,VIC,Geelong,203,SA4,43,Hospitality Workers,2026-07-01,27
3,VIC,Geelong,203,SA4,44,Protective Service Workers,2026-07-01,6
3,VIC,Geelong,203,SA4,45,"Sports, Travel and Personal Service Workers",2026-07-01,16
2,VIC,Geelong,203,SA4,5,CLERICAL AND ADMINISTRATIVE WORKERS,2026-07-01,224
3,VIC,Geelong,203,SA4,55,Numerical Clerks,2026-07-01,39
3,VIC,Geelong,203,SA4,56,"Clerical and Office Support Workers, Couriers",2026-07-01,3
3,VIC,Geelong,203,SA4,59,Other Clerical and Administrative Workers,2026-07-01,33
3,VIC,Geelong,203,SA4,5A,"Office Managers, Administrators and Secretaries",2026-07-01,29
3,VIC,Geelong,203,SA4,5B,"General-Inquiry Clerks, Call Centre, Receptionists",2026-07-01,120
2,VIC,Geelong,203,SA4,6,SALES WORKERS,2026-07-01,160
3,VIC,Geelong,203,SA4,61,Sales Representatives and Agents,2026-07-01,38
3,VIC,Geelong,203,SA4,62,Sales Assistants and Salespersons,2026-07-01,114
3,VIC,Geelong,203,SA4,63,Sales Support Workers,2026-07-01,9
2,VIC,Geelong,203,SA4,7,MACHINERY OPERATORS AND DRIVERS,2026-07-01,82
3,VIC,Geelong,203,SA4,71,Machine and Stationary Plant Operators,2026-07-01,20
3,VIC,Geelong,203,SA4,72,Mobile Plant Operators,2026-07-01,14
3,VIC,Geelong,203,SA4,7A,Drivers and Storepersons,2026-07-01,48
2,VIC,Geelong,203,SA4,8,LABOURERS,2026-07-01,124
3,VIC,Geelong,203,SA4,81,Cleaners and Laundry Workers,2026-07-01,40
3,VIC,Geelong,203,SA4,82,Construction and Mining Labourers,2026-07-01,9
3,VIC,Geelong,203,SA4,83,Factory Process Workers,2026-07-01,12
3,VIC,Geelong,203,SA4,84,"Farm, Forestry and Garden Workers",2026-07-01,8
3,VIC,Geelong,203,SA4,85,Food Preparation Assistants,2026-07-01,15
3,VIC,Geelong,203,SA4,89,Other Labourers,2026-07-01,41
1,VIC,Hume,204,SA4,0,Hume TOTAL,2026-07-01,924
2,VIC,Hume,204,SA4,1,MANAGERS,2026-07-01,76
3,VIC,Hume,204,SA4,11,"Chief Executives, Managing Directors & Legislators",2026-07-01,3
3,VIC,Hume,204,SA4,12,Farmers and Farm Managers,2026-07-01,4
3,VIC,Hume,204,SA4,14,"Hospitality, Retail and Service Managers",2026-07-01,28
3,VIC,Hume,204,SA4,1A,Corporate Managers,2026-07-01,18
3,VIC,Hume,204,SA4,1B,"Construction, Production and Distribution Managers",2026-07-01,10
3,VIC,Hume,204,SA4,1C,"Health, Education, ICT and Other Managers",2026-07-01,12
2,VIC,Hume,204,SA4,2,PROFESSIONALS,2026-07-01,285
3,VIC,Hume,204,SA4,21,Arts and Media Professionals,2026-07-01,5
3,VIC,Hume,204,SA4,24,Education Professionals,2026-07-01,23
3,VIC,Hume,204,SA4,26,ICT Professionals,2026-07-01,4
3,VIC,Hume,204,SA4,27,"Legal, Social and Welfare Professionals",2026-07-01,53
3,VIC,Hume,204,SA4,2A,"Business, Finance and Human Resource Professionals",2026-07-01,13
3,VIC,Hume,204,SA4,2B,Information Professionals,2026-07-01,3
3,VIC,Hume,204,SA4,2C,"Sales, Marketing & Public Relations Professionals",2026-07-01,4
3,VIC,Hume,204,SA4,2D,"Transport and Design Professionals, and Architects",2026-07-01,3
3,VIC,Hume,204,SA4,2E,Engineers,2026-07-01,7
3,VIC,Hume,204,SA4,2F,Science Professionals and Veterinarians,2026-07-01,4
3,VIC,Hume,204,SA4,2G,Health Diagnostic and Therapy Professionals,2026-07-01,41
3,VIC,Hume,204,SA4,2H,Medical Practitioners and Nurses,2026-07-01,125
2,VIC,Hume,204,SA4,3,TECHNICIANS AND TRADES WORKERS,2026-07-01,141
3,VIC,Hume,204,SA4,31,"Engineering, ICT and Science Technicians",2026-07-01,12
3,VIC,Hume,204,SA4,32,Automotive and Engineering Trades,2026-07-01,44
3,VIC,Hume,204,SA4,33,Construction Trades,2026-07-01,13
3,VIC,Hume,204,SA4,34,Electrotechnology and Telecommunications Trades,2026-07-01,13
3,VIC,Hume,204,SA4,35,Food Trades,2026-07-01,39
3,VIC,Hume,204,SA4,36,Skilled Animal and Horticultural Workers,2026-07-01,6
3,VIC,Hume,204,SA4,3A,"Hairdressers, Printing, Clothing and Wood Trades",2026-07-01,5
3,VIC,Hume,204,SA4,3B,"Jewellers, Arts and Other Trades Workers",2026-07-01,10
2,VIC,Hume,204,SA4,4,COMMUNITY AND PERSONAL SERVICE WORKERS,2026-07-01,144
3,VIC,Hume,204,SA4,41,Health and Welfare Support Workers,2026-07-01,31
3,VIC,Hume,204,SA4,42,Carers and Aides,2026-07-01,89
3,VIC,Hume,204,SA4,43,Hospitality Workers,2026-07-01,11
3,VIC,Hume,204,SA4,44,Protective Service Workers,2026-07-01,5
3,VIC,Hume,204,SA4,45,"Sports, Travel and Personal Service Workers",2026-07-01,9
2,VIC,Hume,204,SA4,5,CLERICAL AND ADMINISTRATIVE WORKERS,2026-07-01,108
3,VIC,Hume,204,SA4,55,Numerical Clerks,2026-07-01,12
3,VIC,Hume,204,SA4,56,"Clerical and Office Support Workers, Couriers",2026-07-01,2
3,VIC,Hume,204,SA4,59,Other Clerical and Administrative Workers,2026-07-01,22
3,VIC,Hume,204,SA4,5A,"Office Managers, Administrators and Secretaries",2026-07-01,9
3,VIC,Hume,204,SA4,5B,"General-Inquiry Clerks, Call Centre, Receptionists",2026-07-01,64
2,VIC,Hume,204,SA4,6,SALES WORKERS,2026-07-01,59
3,VIC,Hume,204,SA4,61,Sales Representatives and Agents,2026-07-01,9
3,VIC,Hume,204,SA4,62,Sales Assistants and Salespersons,2026-07-01,45
3,VIC,Hume,204,SA4,63,Sales Support Workers,2026-07-01,5
2,VIC,Hume,204,SA4,7,MACHINERY OPERATORS AND DRIVERS,2026-07-01,38
3,VIC,Hume,204,SA4,71,Machine and Stationary Plant Operators,2026-07-01,9
3,VIC,Hume,204,SA4,72,Mobile Plant Operators,2026-07-01,9
3,VIC,Hume,204,SA4,7A,Drivers and Storepersons,2026-07-01,21
2,VIC,Hume,204,SA4,8,LABOURERS,2026-07-01,73
3,VIC,Hume,204,SA4,81,Cleaners and Laundry Workers,2026-07-01,21
3,VIC,Hume,204,SA4,82,Construction and Mining Labourers,2026-07-01,5
3,VIC,Hume,204,SA4,83,Factory Process Workers,2026-07-01,10
3,VIC,Hume,204,SA4,84,"Farm, Forestry and Garden Workers",2026-07-01,8
3,VIC,Hume,204,SA4,85,Food Preparation Assistants,2026-07-01,6
3,VIC,Hume,204,SA4,89,Other Labourers,2026-07-01,23
1,VIC,Latrobe - Gippsland,205,SA4,0,Latrobe - Gippsland TOTAL,2026-07-01,1223
2,VIC,Latrobe - Gippsland,205,SA4,1,MANAGERS,2026-07-01,96
3,VIC,Latrobe - Gippsland,205,SA4,11,"Chief Executives, Managing Directors & Legislators",2026-07-01,6
3,VIC,Latrobe - Gippsland,205,SA4,12,Farmers and Farm Managers,2026-07-01,3
3,VIC,Latrobe - Gippsland,205,SA4,14,"Hospitality, Retail and Service Managers",2026-07-01,42
3,VIC,Latrobe - Gippsland,205,SA4,1A,Corporate Managers,2026-07-01,19
3,VIC,Latrobe - Gippsland,205,SA4,1B,"Construction, Production and Distribution Managers",2026-07-01,15
3,VIC,Latrobe - Gippsland,205,SA4,1C,"Health, Education, ICT and Other Managers",2026-07-01,12
2,VIC,Latrobe - Gippsland,205,SA4,2,PROFESSIONALS,2026-07-01,387
3,VIC,Latrobe - Gippsland,205,SA4,21,Arts and Media Professionals,2026-07-01,3
3,VIC,Latrobe - Gippsland,205,SA4,24,Education Professionals,2026-07-01,26
3,VIC,Latrobe - Gippsland,205,SA4,26,ICT Professionals,2026-07-01,4
3,VIC,Latrobe - Gippsland,205,SA4,27,"Legal, Social and Welfare Professionals",2026-07-01,94
3,VIC,Latrobe - Gippsland,205,SA4,2A,"Business, Finance and Human Resource Professionals",2026-07-01,28
3,VIC,Latrobe - Gippsland,205,SA4,2B,Information Professionals,2026-07-01,7
3,VIC,Latrobe - Gippsland,205,SA4,2C,"Sales, Marketing & Public Relations Professionals",2026-07-01,7
3,VIC,Latrobe - Gippsland,205,SA4,2D,"Transport and Design Professionals, and Architects",2026-07-01,6
3,VIC,Latrobe - Gippsland,205,SA4,2E,Engineers,2026-07-01,8
3,VIC,Latrobe - Gippsland,205,SA4,2F,Science Professionals and Veterinarians,2026-07-01,7
3,VIC,Latrobe - Gippsland,205,SA4,2G,Health Diagnostic and Therapy Professionals,2026-07-01,45
3,VIC,Latrobe - Gippsland,205,SA4,2H,Medical Practitioners and Nurses,2026-07-01,153
2,VIC,Latrobe - Gippsland,205,SA4,3,TECHNICIANS AND TRADES WORKERS,2026-07-01,150
3,VIC,Latrobe - Gippsland,205,SA4,31,"Engineering, ICT and Science Technicians",2026-07-01,16
3,VIC,Latrobe - Gippsland,205,SA4,32,Automotive and Engineering Trades,2026-07-01,43
3,VIC,Latrobe - Gippsland,205,SA4,33,Construction Trades,2026-07-01,16
3,VIC,Latrobe - Gippsland,205,SA4,34,Electrotechnology and Telecommunications Trades,2026-07-01,16
3,VIC,Latrobe - Gippsland,205,SA4,35,Food Trades,2026-07-01,36
3,VIC,Latrobe - Gippsland,205,SA4,36,Skilled Animal and Horticultural Workers,2026-07-01,8
3,VIC,Latrobe - Gippsland,205,SA4,3A,"Hairdressers, Printing, Clothing and Wood Trades",2026-07-01,7
3,VIC,Latrobe - Gippsland,205,SA4,3B,"Jewellers, Arts and Other Trades Workers",2026-07-01,7
2,VIC,Latrobe - Gippsland,205,SA4,4,COMMUNITY AND PERSONAL SERVICE WORKERS,2026-07-01,215
3,VIC,Latrobe - Gippsland,205,SA4,41,Health and Welfare Support Workers,2026-07-01,46
3,VIC,Latrobe - Gippsland,205,SA4,42,Carers and Aides,2026-07-01,136
3,VIC,Latrobe - Gippsland,205,SA4,43,Hospitality Workers,2026-07-01,9
3,VIC,Latrobe - Gippsland,205,SA4,44,Protective Service Workers,2026-07-01,7
3,VIC,Latrobe - Gippsland,205,SA4,45,"Sports, Travel and Personal Service Workers",2026-07-01,18
2,VIC,Latrobe - Gippsland,205,SA4,5,CLERICAL AND ADMINISTRATIVE WORKERS,2026-07-01,156
3,VIC,Latrobe - Gippsland,205,SA4,55,Numerical Clerks,2026-07-01,21
3,VIC,Latrobe - Gippsland,205,SA4,56,"Clerical and Office Support Workers, Couriers",2026-07-01,4
3,VIC,Latrobe - Gippsland,205,SA4,59,Other Clerical and Administrative Workers,2026-07-01,37
3,VIC,Latrobe - Gippsland,205,SA4,5A,"Office Managers, Administrators and Secretaries",2026-07-01,21
3,VIC,Latrobe - Gippsland,205,SA4,5B,"General-Inquiry Clerks, Call Centre, Receptionists",2026-07-01,73
2,VIC,Latrobe - Gippsland,205,SA4,6,SALES WORKERS,2026-07-01,81
3,VIC,Latrobe - Gippsland,205,SA4,61,Sales Representatives and Agents,2026-07-01,14
3,VIC,Latrobe - Gippsland,205,SA4,62,Sales Assistants and Salespersons,2026-07-01,61
3,VIC,Latrobe - Gippsland,205,SA4,63,Sales Support Workers,2026-07-01,6
2,VIC,Latrobe - Gippsland,205,SA4,7,MACHINERY OPERATORS AND DRIVERS,2026-07-01,46
3,VIC,Latrobe - Gippsland,205,SA4,71,Machine and Stationary Plant Operators,2026-07-01,8
3,VIC,Latrobe - Gippsland,205,SA4,72,Mobile Plant Operators,2026-07-01,12
3,VIC,Latrobe - Gippsland,205,SA4,7A,Drivers and Storepersons,2026-07-01,26
2,VIC,Latrobe - Gippsland,205,SA4,8,LABOURERS,2026-07-01,91
3,VIC,Latrobe - Gippsland,205,SA4,81,Cleaners and Laundry Workers,2026-07-01,19
3,VIC,Latrobe - Gippsland,205,SA4,82,Construction and Mining Labourers,2026-07-01,7
3,VIC,Latrobe - Gippsland,205,SA4,83,Factory Process Workers,2026-07-01,11
3,VIC,Latrobe - Gippsland,205,SA4,84,"Farm, Forestry and Garden Workers",2026-07-01,22
3,VIC,Latrobe - Gippsland,205,SA4,85,Food Preparation Assistants,2026-07-01,6
3,VIC,Latrobe - Gippsland,205,SA4,89,Other Labourers,2026-07-01,27
1,VIC,North West,215,SA4,0,North West TOTAL,2026-07-01,899
2,VIC,North West,215,SA4,1,MANAGERS,2026-07-01,95
3,VIC,North West,215,SA4,11,"Chief Executives, Managing Directors & Legislators",2026-07-01,6
3,VIC,North West,215,SA4,12,Farmers and Farm Managers,2026-07-01,6
3,VIC,North West,215,SA4,14,"Hospitality, Retail and Service Managers",2026-07-01,33
3,VIC,North West,215,SA4,1A,Corporate Managers,2026-07-01,21
3,VIC,North West,215,SA4,1B,"Construction, Production and Distribution Managers",2026-07-01,16
3,VIC,North West,215,SA4,1C,"Health, Education, ICT and Other Managers",2026-07-01,12
2,VIC,North West,215,SA4,2,PROFESSIONALS,2026-07-01,283
3,VIC,North West,215,SA4,21,Arts and Media Professionals,2026-07-01,2
3,VIC,North West,215,SA4,24,Education Professionals,2026-07-01,23
3,VIC,North West,215,SA4,26,ICT Professionals,2026-07-01,4
3,VIC,North West,215,SA4,27,"Legal, Social and Welfare Professionals",2026-07-01,56
3,VIC,North West,215,SA4,2A,"Business, Finance and Human Resource Professionals",2026-07-01,23
3,VIC,North West,215,SA4,2B,Information Professionals,2026-07-01,4
3,VIC,North West,215,SA4,2C,"Sales, Marketing & Public Relations Professionals",2026-07-01,7
3,VIC,North West,215,SA4,2D,"Transport and Design Professionals, and Architects",2026-07-01,3
3,VIC,North West,215,SA4,2E,Engineers,2026-07-01,6
3,VIC,North West,215,SA4,2F,Science Professionals and Veterinarians,2026-07-01,7
3,VIC,North West,215,SA4,2G,Health Diagnostic and Therapy Professionals,2026-07-01,35
3,VIC,North West,215,SA4,2H,Medical Practitioners and Nurses,2026-07-01,112
2,VIC,North West,215,SA4,3,TECHNICIANS AND TRADES WORKERS,2026-07-01,107
3,VIC,North West,215,SA4,31,"Engineering, ICT and Science Technicians",2026-07-01,17
3,VIC,North West,215,SA4,32,Automotive and Engineering Trades,2026-07-01,36
3,VIC,North West,215,SA4,33,Construction Trades,2026-07-01,9
3,VIC,North West,215,SA4,34,Electrotechnology and Telecommunications Trades,2026-07-01,11
3,VIC,North West,215,SA4,35,Food Trades,2026-07-01,23
3,VIC,North West,215,SA4,36,Skilled Animal and Horticultural Workers,2026-07-01,3
3,VIC,North West,215,SA4,3A,"Hairdressers, Printing, Clothing and Wood Trades",2026-07-01,5
3,VIC,North West,215,SA4,3B,"Jewellers, Arts and Other Trades Workers",2026-07-01,4
2,VIC,North West,215,SA4,4,COMMUNITY AND PERSONAL SERVICE WORKERS,2026-07-01,123
3,VIC,North West,215,SA4,41,Health and Welfare Support Workers,2026-07-01,31
3,VIC,North West,215,SA4,42,Carers and Aides,2026-07-01,80
3,VIC,North West,215,SA4,43,Hospitality Workers,2026-07-01,6
3,VIC,North West,215,SA4,44,Protective Service Workers,2026-07-01,2
3,VIC,North West,215,SA4,45,"Sports, Travel and Personal Service Workers",2026-07-01,3
2,VIC,North West,215,SA4,5,CLERICAL AND ADMINISTRATIVE WORKERS,2026-07-01,100
3,VIC,North West,215,SA4,55,Numerical Clerks,2026-07-01,14
3,VIC,North West,215,SA4,56,"Clerical and Office Support Workers, Couriers",2026-07-01,4
3,VIC,North West,215,SA4,59,Other Clerical and Administrative Workers,2026-07-01,19
3,VIC,North West,215,SA4,5A,"Office Managers, Administrators and Secretaries",2026-07-01,10
3,VIC,North West,215,SA4,5B,"General-Inquiry Clerks, Call Centre, Receptionists",2026-07-01,53
2,VIC,North West,215,SA4,6,SALES WORKERS,2026-07-01,71
3,VIC,North West,215,SA4,61,Sales Representatives and Agents,2026-07-01,10
3,VIC,North West,215,SA4,62,Sales Assistants and Salespersons,2026-07-01,54
3,VIC,North West,215,SA4,63,Sales Support Workers,2026-07-01,7
2,VIC,North West,215,SA4,7,MACHINERY OPERATORS AND DRIVERS,2026-07-01,52
3,VIC,North West,215,SA4,71,Machine and Stationary Plant Operators,2026-07-01,8
3,VIC,North West,215,SA4,72,Mobile Plant Operators,2026-07-01,17
3,VIC,North West,215,SA4,7A,Drivers and Storepersons,2026-07-01,27
2,VIC,North West,215,SA4,8,LABOURERS,2026-07-01,69
3,VIC,North West,215,SA4,81,Cleaners and Laundry Workers,2026-07-01,12
3,VIC,North West,215,SA4,82,Construction and Mining Labourers,2026-07-01,3
3,VIC,North West,215,SA4,83,Factory Process Workers,2026-07-01,6
3,VIC,North West,215,SA4,84,"Farm, Forestry and Garden Workers",2026-07-01,20
3,VIC,North West,215,SA4,85,Food Preparation Assistants,2026-07-01,6
3,VIC,North West,215,SA4,89,Other Labourers,2026-07-01,22
1,VIC,Shepparton,216,SA4,0,Shepparton TOTAL,2026-07-01,883
2,VIC,Shepparton,216,SA4,1,MANAGERS,2026-07-01,89
3,VIC,Shepparton,216,SA4,11,"Chief Executives, Managing Directors & Legislators",2026-07-01,4
3,VIC,Shepparton,216,SA4,12,Farmers and Farm Managers,2026-07-01,4
3,VIC,Shepparton,216,SA4,14,"Hospitality, Retail and Service Managers",2026-07-01,37
3,VIC,Shepparton,216,SA4,1A,Corporate Managers,2026-07-01,18
3,VIC,Shepparton,216,SA4,1B,"Construction, Production and Distribution Managers",2026-07-01,10
3,VIC,Shepparton,216,SA4,1C,"Health, Education, ICT and Other Managers",2026-07-01,15
2,VIC,Shepparton,216,SA4,2,PROFESSIONALS,2026-07-01,283
3,VIC,Shepparton,216,SA4,21,Arts and Media Professionals,2026-07-01,4
3,VIC,Shepparton,216,SA4,24,Education Professionals,2026-07-01,18
3,VIC,Shepparton,216,SA4,26,ICT Professionals,2026-07-01,2
3,VIC,Shepparton,216,SA4,27,"Legal, Social and Welfare Professionals",2026-07-01,68
3,VIC,Shepparton,216,SA4,2A,"Business, Finance and Human Resource Professionals",2026-07-01,18
3,VIC,Shepparton,216,SA4,2B,Information Professionals,2026-07-01,3
3,VIC,Shepparton,216,SA4,2C,"Sales, Marketing & Public Relations Professionals",2026-07-01,4
3,VIC,Shepparton,216,SA4,2D,"Transport and Design Professionals, and Architects",2026-07-01,3
3,VIC,Shepparton,216,SA4,2E,Engineers,2026-07-01,7
3,VIC,Shepparton,216,SA4,2F,Science Professionals and Veterinarians,2026-07-01,4
3,VIC,Shepparton,216,SA4,2G,Health Diagnostic and Therapy Professionals,2026-07-01,54
3,VIC,Shepparton,216,SA4,2H,Medical Practitioners and Nurses,2026-07-01,96
2,VIC,Shepparton,216,SA4,3,TECHNICIANS AND TRADES WORKERS,2026-07-01,111
3,VIC,Shepparton,216,SA4,31,"Engineering, ICT and Science Technicians",2026-07-01,18
3,VIC,Shepparton,216,SA4,32,Automotive and Engineering Trades,2026-07-01,41
3,VIC,Shepparton,216,SA4,33,Construction Trades,2026-07-01,13
3,VIC,Shepparton,216,SA4,34,Electrotechnology and Telecommunications Trades,2026-07-01,10
3,VIC,Shepparton,216,SA4,35,Food Trades,2026-07-01,16
3,VIC,Shepparton,216,SA4,36,Skilled Animal and Horticultural Workers,2026-07-01,7
3,VIC,Shepparton,216,SA4,3A,"Hairdressers, Printing, Clothing and Wood Trades",2026-07-01,3
3,VIC,Shepparton,216,SA4,3B,"Jewellers, Arts and Other Trades Workers",2026-07-01,3
2,VIC,Shepparton,216,SA4,4,COMMUNITY AND PERSONAL SERVICE WORKERS,2026-07-01,110
3,VIC,Shepparton,216,SA4,41,Health and Welfare Support Workers,2026-07-01,27
3,VIC,Shepparton,216,SA4,42,Carers and Aides,2026-07-01,69
3,VIC,Shepparton,216,SA4,43,Hospitality Workers,2026-07-01,6
3,VIC,Shepparton,216,SA4,44,Protective Service Workers,2026-07-01,1
3,VIC,Shepparton,216,SA4,45,"Sports, Travel and Personal Service Workers",2026-07-01,7
2,VIC,Shepparton,216,SA4,5,CLERICAL AND ADMINISTRATIVE WORKERS,2026-07-01,112
3,VIC,Shepparton,216,SA4,55,Numerical Clerks,2026-07-01,14
3,VIC,Shepparton,216,SA4,56,"Clerical and Office Support Workers, Couriers",2026-07-01,3
3,VIC,Shepparton,216,SA4,59,Other Clerical and Administrative Workers,2026-07-01,29
3,VIC,Shepparton,216,SA4,5A,"Office Managers, Administrators and Secretaries",2026-07-01,9
3,VIC,Shepparton,216,SA4,5B,"General-Inquiry Clerks, Call Centre, Receptionists",2026-07-01,57
2,VIC,Shepparton,216,SA4,6,SALES WORKERS,2026-07-01,59
3,VIC,Shepparton,216,SA4,61,Sales Representatives and Agents,2026-07-01,10
3,VIC,Shepparton,216,SA4,62,Sales Assistants and Salespersons,2026-07-01,43
3,VIC,Shepparton,216,SA4,63,Sales Support Workers,2026-07-01,6
2,VIC,Shepparton,216,SA4,7,MACHINERY OPERATORS AND DRIVERS,2026-07-01,49
3,VIC,Shepparton,216,SA4,71,Machine and Stationary Plant Operators,2026-07-01,8
3,VIC,Shepparton,216,SA4,72,Mobile Plant Operators,2026-07-01,13
3,VIC,Shepparton,216,SA4,7A,Drivers and Storepersons,2026-07-01,28
2,VIC,Shepparton,216,SA4,8,LABOURERS,2026-07-01,71
3,VIC,Shepparton,216,SA4,81,Cleaners and Laundry Workers,2026-07-01,10
3,VIC,Shepparton,216,SA4,82,Construction and Mining Labourers,2026-07-01,3
3,VIC,Shepparton,216,SA4,83,Factory Process Workers,2026-07-01,7
3,VIC,Shepparton,216,SA4,84,"Farm, Forestry and Garden Workers",2026-07-01,23
3,VIC,Shepparton,216,SA4,85,Food Preparation Assistants,2026-07-01,5
3,VIC,Shepparton,216,SA4,89,Other Labourers,2026-07-01,23
1,VIC,Warrnambool and South West,217,SA4,0,Warrnambool and South West TOTAL,2026-07-01,716
2,VIC,Warrnambool and South West,217,SA4,1,MANAGERS,2026-07-01,64
3,VIC,Warrnambool and South West,217,SA4,11,"Chief Executives, Managing Directors & Legislators",2026-07-01,3
3,VIC,Warrnambool and South West,217,SA4,12,Farmers and Farm Managers,2026-07-01,2
3,VIC,Warrnambool and South West,217,SA4,14,"Hospitality, Retail and Service Managers",2026-07-01,28
3,VIC,Warrnambool and South West,217,SA4,1A,Corporate Managers,2026-07-01,12
3,VIC,Warrnambool and South West,217,SA4,1B,"Construction, Production and Distribution Managers",2026-07-01,12
3,VIC,Warrnambool and South West,217,SA4,1C,"Health, Education, ICT and Other Managers",2026-07-01,7
2,VIC,Warrnambool and South West,217,SA4,2,PROFESSIONALS,2026-07-01,185
3,VIC,Warrnambool and South West,217,SA4,21,Arts and Media Professionals,2026-07-01,2
3,VIC,Warrnambool and South West,217,SA4,24,Education Professionals,2026-07-01,8
3,VIC,Warrnambool and South West,217,SA4,26,ICT Professionals,2026-07-01,6
3,VIC,Warrnambool and South West,217,SA4,27,"Legal, Social and Welfare Professionals",2026-07-01,38
3,VIC,Warrnambool and South West,217,SA4,2A,"Business, Finance and Human Resource Professionals",2026-07-01,15
3,VIC,Warrnambool and South West,217,SA4,2B,Information Professionals,2026-07-01,3
3,VIC,Warrnambool and South West,217,SA4,2C,"Sales, Marketing & Public Relations Professionals",2026-07-01,3
3,VIC,Warrnambool and South West,217,SA4,2D,"Transport and Design Professionals, and Architects",2026-07-01,2
3,VIC,Warrnambool and South West,217,SA4,2E,Engineers,2026-07-01,8
3,VIC,Warrnambool and South West,217,SA4,2F,Science Professionals and Veterinarians,2026-07-01,4
3,VIC,Warrnambool and South West,217,SA4,2G,Health Diagnostic and Therapy Professionals,2026-07-01,27
3,VIC,Warrnambool and South West,217,SA4,2H,Medical Practitioners and Nurses,2026-07-01,67
2,VIC,Warrnambool and South West,217,SA4,3,TECHNICIANS AND TRADES WORKERS,2026-07-01,88
3,VIC,Warrnambool and South West,217,SA4,31,"Engineering, ICT and Science Technicians",2026-07-01,13
3,VIC,Warrnambool and South West,217,SA4,32,Automotive and Engineering Trades,2026-07-01,22
3,VIC,Warrnambool and South West,217,SA4,33,Construction Trades,2026-07-01,11
3,VIC,Warrnambool and South West,217,SA4,34,Electrotechnology and Telecommunications Trades,2026-07-01,10
3,VIC,Warrnambool and South West,217,SA4,35,Food Trades,2026-07-01,21
3,VIC,Warrnambool and South West,217,SA4,36,Skilled Animal and Horticultural Workers,2026-07-01,5
3,VIC,Warrnambool and South West,217,SA4,3A,"Hairdressers, Printing, Clothing and Wood Trades",2026-07-01,3
3,VIC,Warrnambool and South West,217,SA4,3B,"Jewellers, Arts and Other Trades Workers",2026-07-01,3
2,VIC,Warrnambool and South West,217,SA4,4,COMMUNITY AND PERSONAL SERVICE WORKERS,2026-07-01,97
3,VIC,Warrnambool and South West,217,SA4,41,Health and Welfare Support Workers,2026-07-01,21
3,VIC,Warrnambool and South West,217,SA4,42,Carers and Aides,2026-07-01,55
3,VIC,Warrnambool and South West,217,SA4,43,Hospitality Workers,2026-07-01,11
3,VIC,Warrnambool and South West,217,SA4,44,Protective Service Workers,2026-07-01,2
3,VIC,Warrnambool and South West,217,SA4,45,"Sports, Travel and Personal Service Workers",2026-07-01,7
2,VIC,Warrnambool and South West,217,SA4,5,CLERICAL AND ADMINISTRATIVE WORKERS,2026-07-01,110
3,VIC,Warrnambool and South West,217,SA4,55,Numerical Clerks,2026-07-01,15
3,VIC,Warrnambool and South West,217,SA4,56,"Clerical and Office Support Workers, Couriers",2026-07-01,2
3,VIC,Warrnambool and South West,217,SA4,59,Other Clerical and Administrative Workers,2026-07-01,37
3,VIC,Warrnambool and South West,217,SA4,5A,"Office Managers, Administrators and Secretaries",2026-07-01,11
3,VIC,Warrnambool and South West,217,SA4,5B,"General-Inquiry Clerks, Call Centre, Receptionists",2026-07-01,47
2,VIC,Warrnambool and South West,217,SA4,6,SALES WORKERS,2026-07-01,65
3,VIC,Warrnambool and South West,217,SA4,61,Sales Representatives and Agents,2026-07-01,14
3,VIC,Warrnambool and South West,217,SA4,62,Sales Assistants and Salespersons,2026-07-01,46
3,VIC,Warrnambool and South West,217,SA4,63,Sales Support Workers,2026-07-01,5
2,VIC,Warrnambool and South West,217,SA4,7,MACHINERY OPERATORS AND DRIVERS,2026-07-01,40
3,VIC,Warrnambool and South West,217,SA4,71,Machine and Stationary Plant Operators,2026-07-01,9
3,VIC,Warrnambool and South West,217,SA4,72,Mobile Plant Operators,2026-07-01,11
3,VIC,Warrnambool and South West,217,SA4,7A,Drivers and Storepersons,2026-07-01,20
2,VIC,Warrnambool and South West,217,SA4,8,LABOURERS,2026-07-01,69
3,VIC,Warrnambool and South West,217,SA4,81,Cleaners and Laundry Workers,2026-07-01,13
3,VIC,Warrnambool and South West,217,SA4,82,Construction and Mining Labourers,2026-07-01,4
3,VIC,Warrnambool and South West,217,SA4,83,Factory Process Workers,2026-07-01,6
3,VIC,Warrnambool and South West,217,SA4,84,"Farm, Forestry and Garden Workers",2026-07-01,20
3,VIC,Warrnambool and South West,217,SA4,85,Food Preparation Assistants,2026-07-01,6
3,VIC,Warrnambool and South West,217,SA4,89,Other Labourers,2026-07-01,19
1,QLD,Greater Brisbane,3GBRI,GCCSA,0,Greater Brisbane TOTAL,2026-07-01,28020
2,QLD,Greater Brisbane,3GBRI,GCCSA,1,MANAGERS,2026-07-01,3593
3,QLD,Greater Brisbane,3GBRI,GCCSA,11,"Chief Executives, Managing Directors & Legislators",2026-07-01,161
3,QLD,Greater Brisbane,3GBRI,GCCSA,12,Farmers and Farm Managers,2026-07-01,9
3,QLD,Greater Brisbane,3GBRI,GCCSA,14,"Hospitality, Retail and Service Managers",2026-07-01,950
3,QLD,Greater Brisbane,3GBRI,GCCSA,1A,Corporate Managers,2026-07-01,1227
3,QLD,Greater Brisbane,3GBRI,GCCSA,1B,"Construction, Production and Distribution Managers",2026-07-01,944
3,QLD,Greater Brisbane,3GBRI,GCCSA,1C,"Health, Education, ICT and Other Managers",2026-07-01,302
2,QLD,Greater Brisbane,3GBRI,GCCSA,2,PROFESSIONALS,2026-07-01,7491
3,QLD,Greater Brisbane,3GBRI,GCCSA,21,Arts and Media Professionals,2026-07-01,152
3,QLD,Greater Brisbane,3GBRI,GCCSA,24,Education Professionals,2026-07-01,411
3,QLD,Greater Brisbane,3GBRI,GCCSA,26,ICT Professionals,2026-07-01,860
3,QLD,Greater Brisbane,3GBRI,GCCSA,27,"Legal, Social and Welfare Professionals",2026-07-01,951
3,QLD,Greater Brisbane,3GBRI,GCCSA,2A,"Business, Finance and Human Resource Professionals",2026-07-01,1263
3,QLD,Greater Brisbane,3GBRI,GCCSA,2B,Information Professionals,2026-07-01,285
3,QLD,Greater Brisbane,3GBRI,GCCSA,2C,"Sales, Marketing & Public Relations Professionals",2026-07-01,351
3,QLD,Greater Brisbane,3GBRI,GCCSA,2D,"Transport and Design Professionals, and Architects",2026-07-01,296
3,QLD,Greater Brisbane,3GBRI,GCCSA,2E,Engineers,2026-07-01,844
3,QLD,Greater Brisbane,3GBRI,GCCSA,2F,Science Professionals and Veterinarians,2026-07-01,131
3,QLD,Greater Brisbane,3GBRI,GCCSA,2G,Health Diagnostic and Therapy Professionals,2026-07-01,796
3,QLD,Greater Brisbane,3GBRI,GCCSA,2H,Medical Practitioners and Nurses,2026-07-01,1151
2,QLD,Greater Brisbane,3GBRI,GCCSA,3,TECHNICIANS AND TRADES WORKERS,2026-07-01,3936
3,QLD,Greater Brisbane,3GBRI,GCCSA,31,"Engineering, ICT and Science Technicians",2026-07-01,830
3,QLD,Greater Brisbane,3GBRI,GCCSA,32,Automotive and Engineering Trades,2026-07-01,1128
3,QLD,Greater Brisbane,3GBRI,GCCSA,33,Construction Trades,2026-07-01,474
3,QLD,Greater Brisbane,3GBRI,GCCSA,34,Electrotechnology and Telecommunications Trades,2026-07-01,568
3,QLD,Greater Brisbane,3GBRI,GCCSA,35,Food Trades,2026-07-01,453
3,QLD,Greater Brisbane,3GBRI,GCCSA,36,Skilled Animal and Horticultural Workers,2026-07-01,163
3,QLD,Greater Brisbane,3GBRI,GCCSA,3A,"Hairdressers, Printing, Clothing and Wood Trades",2026-07-01,163
3,QLD,Greater Brisbane,3GBRI,GCCSA,3B,"Jewellers, Arts and Other Trades Workers",2026-07-01,159
2,QLD,Greater Brisbane,3GBRI,GCCSA,4,COMMUNITY AND PERSONAL SERVICE WORKERS,2026-07-01,2550
3,QLD,Greater Brisbane,3GBRI,GCCSA,41,Health and Welfare Support Workers,2026-07-01,258
3,QLD,Greater Brisbane,3GBRI,GCCSA,42,Carers and Aides,2026-07-01,1529
3,QLD,Greater Brisbane,3GBRI,GCCSA,43,Hospitality Workers,2026-07-01,365
3,QLD,Greater Brisbane,3GBRI,GCCSA,44,Protective Service Workers,2026-07-01,124
3,QLD,Greater Brisbane,3GBRI,GCCSA,45,"Sports, Travel and Personal Service Workers",2026-07-01,274
2,QLD,Greater Brisbane,3GBRI,GCCSA,5,CLERICAL AND ADMINISTRATIVE WORKERS,2026-07-01,4351
3,QLD,Greater Brisbane,3GBRI,GCCSA,55,Numerical Clerks,2026-07-01,784
3,QLD,Greater Brisbane,3GBRI,GCCSA,56,"Clerical and Office Support Workers, Couriers",2026-07-01,105
3,QLD,Greater Brisbane,3GBRI,GCCSA,59,Other Clerical and Administrative Workers,2026-07-01,958
3,QLD,Greater Brisbane,3GBRI,GCCSA,5A,"Office Managers, Administrators and Secretaries",2026-07-01,685
3,QLD,Greater Brisbane,3GBRI,GCCSA,5B,"General-Inquiry Clerks, Call Centre, Receptionists",2026-07-01,1821
2,QLD,Greater Brisbane,3GBRI,GCCSA,6,SALES WORKERS,2026-07-01,2210
3,QLD,Greater Brisbane,3GBRI,GCCSA,61,Sales Representatives and Agents,2026-07-01,776
3,QLD,Greater Brisbane,3GBRI,GCCSA,62,Sales Assistants and Salespersons,2026-07-01,1299
3,QLD,Greater Brisbane,3GBRI,GCCSA,63,Sales Support Workers,2026-07-01,135
2,QLD,Greater Brisbane,3GBRI,GCCSA,7,MACHINERY OPERATORS AND DRIVERS,2026-07-01,2006
3,QLD,Greater Brisbane,3GBRI,GCCSA,71,Machine and Stationary Plant Operators,2026-07-01,420
3,QLD,Greater Brisbane,3GBRI,GCCSA,72,Mobile Plant Operators,2026-07-01,653
3,QLD,Greater Brisbane,3GBRI,GCCSA,7A,Drivers and Storepersons,2026-07-01,934
2,QLD,Greater Brisbane,3GBRI,GCCSA,8,LABOURERS,2026-07-01,1882
3,QLD,Greater Brisbane,3GBRI,GCCSA,81,Cleaners and Laundry Workers,2026-07-01,357
3,QLD,Greater Brisbane,3GBRI,GCCSA,82,Construction and Mining Labourers,2026-07-01,237
3,QLD,Greater Brisbane,3GBRI,GCCSA,83,Factory Process Workers,2026-07-01,313
3,QLD,Greater Brisbane,3GBRI,GCCSA,84,"Farm, Forestry and Garden Workers",2026-07-01,71
3,QLD,Greater Brisbane,3GBRI,GCCSA,85,Food Preparation Assistants,2026-07-01,97
3,QLD,Greater Brisbane,3GBRI,GCCSA,89,Other Labourers,2026-07-01,808
1,QLD,Cairns,306,SA4,0,Cairns TOTAL,2026-07-01,2104
2,QLD,Cairns,306,SA4,1,MANAGERS,2026-07-01,206
3,QLD,Cairns,306,SA4,11,"Chief Executives, Managing Directors & Legislators",2026-07-01,7
3,QLD,Cairns,306,SA4,12,Farmers and Farm Managers,2026-07-01,2
3,QLD,Cairns,306,SA4,14,"Hospitality, Retail and Service Managers",2026-07-01,92
3,QLD,Cairns,306,SA4,1A,Corporate Managers,2026-07-01,45
3,QLD,Cairns,306,SA4,1B,"Construction, Production and Distribution Managers",2026-07-01,45
3,QLD,Cairns,306,SA4,1C,"Health, Education, ICT and Other Managers",2026-07-01,16
2,QLD,Cairns,306,SA4,2,PROFESSIONALS,2026-07-01,533
3,QLD,Cairns,306,SA4,21,Arts and Media Professionals,2026-07-01,6
3,QLD,Cairns,306,SA4,24,Education Professionals,2026-07-01,35
3,QLD,Cairns,306,SA4,26,ICT Professionals,2026-07-01,7
3,QLD,Cairns,306,SA4,27,"Legal, Social and Welfare Professionals",2026-07-01,85
3,QLD,Cairns,306,SA4,2A,"Business, Finance and Human Resource Professionals",2026-07-01,58
3,QLD,Cairns,306,SA4,2B,Information Professionals,2026-07-01,11
3,QLD,Cairns,306,SA4,2C,"Sales, Marketing & Public Relations Professionals",2026-07-01,8
3,QLD,Cairns,306,SA4,2D,"Transport and Design Professionals, and Architects",2026-07-01,16
3,QLD,Cairns,306,SA4,2E,Engineers,2026-07-01,26
3,QLD,Cairns,306,SA4,2F,Science Professionals and Veterinarians,2026-07-01,13
3,QLD,Cairns,306,SA4,2G,Health Diagnostic and Therapy Professionals,2026-07-01,96
3,QLD,Cairns,306,SA4,2H,Medical Practitioners and Nurses,2026-07-01,172
2,QLD,Cairns,306,SA4,3,TECHNICIANS AND TRADES WORKERS,2026-07-01,319
3,QLD,Cairns,306,SA4,31,"Engineering, ICT and Science Technicians",2026-07-01,34
3,QLD,Cairns,306,SA4,32,Automotive and Engineering Trades,2026-07-01,97
3,QLD,Cairns,306,SA4,33,Construction Trades,2026-07-01,41
3,QLD,Cairns,306,SA4,34,Electrotechnology and Telecommunications Trades,2026-07-01,39
3,QLD,Cairns,306,SA4,35,Food Trades,2026-07-01,69
3,QLD,Cairns,306,SA4,36,Skilled Animal and Horticultural Workers,2026-07-01,18
3,QLD,Cairns,306,SA4,3A,"Hairdressers, Printing, Clothing and Wood Trades",2026-07-01,7
3,QLD,Cairns,306,SA4,3B,"Jewellers, Arts and Other Trades Workers",2026-07-01,13
2,QLD,Cairns,306,SA4,4,COMMUNITY AND PERSONAL SERVICE WORKERS,2026-07-01,243
3,QLD,Cairns,306,SA4,41,Health and Welfare Support Workers,2026-07-01,44
3,QLD,Cairns,306,SA4,42,Carers and Aides,2026-07-01,116
3,QLD,Cairns,306,SA4,43,Hospitality Workers,2026-07-01,44
3,QLD,Cairns,306,SA4,44,Protective Service Workers,2026-07-01,10
3,QLD,Cairns,306,SA4,45,"Sports, Travel and Personal Service Workers",2026-07-01,28
2,QLD,Cairns,306,SA4,5,CLERICAL AND ADMINISTRATIVE WORKERS,2026-07-01,302
3,QLD,Cairns,306,SA4,55,Numerical Clerks,2026-07-01,48
3,QLD,Cairns,306,SA4,56,"Clerical and Office Support Workers, Couriers",2026-07-01,8
3,QLD,Cairns,306,SA4,59,Other Clerical and Administrative Workers,2026-07-01,41
3,QLD,Cairns,306,SA4,5A,"Office Managers, Administrators and Secretaries",2026-07-01,36
3,QLD,Cairns,306,SA4,5B,"General-Inquiry Clerks, Call Centre, Receptionists",2026-07-01,168
2,QLD,Cairns,306,SA4,6,SALES WORKERS,2026-07-01,168
3,QLD,Cairns,306,SA4,61,Sales Representatives and Agents,2026-07-01,37
3,QLD,Cairns,306,SA4,62,Sales Assistants and Salespersons,2026-07-01,119
3,QLD,Cairns,306,SA4,63,Sales Support Workers,2026-07-01,12
2,QLD,Cairns,306,SA4,7,MACHINERY OPERATORS AND DRIVERS,2026-07-01,167
3,QLD,Cairns,306,SA4,71,Machine and Stationary Plant Operators,2026-07-01,22
3,QLD,Cairns,306,SA4,72,Mobile Plant Operators,2026-07-01,43
3,QLD,Cairns,306,SA4,7A,Drivers and Storepersons,2026-07-01,102
2,QLD,Cairns,306,SA4,8,LABOURERS,2026-07-01,166
3,QLD,Cairns,306,SA4,81,Cleaners and Laundry Workers,2026-07-01,44
3,QLD,Cairns,306,SA4,82,Construction and Mining Labourers,2026-07-01,15
3,QLD,Cairns,306,SA4,83,Factory Process Workers,2026-07-01,10
3,QLD,Cairns,306,SA4,84,"Farm, Forestry and Garden Workers",2026-07-01,22
3,QLD,Cairns,306,SA4,85,Food Preparation Assistants,2026-07-01,9
3,QLD,Cairns,306,SA4,89,Other Labourers,2026-07-01,66
1,QLD,Central Queensland,308,SA4,0,Central Queensland TOTAL,2026-07-01,2091
2,QLD,Central Queensland,308,SA4,1,MANAGERS,2026-07-01,179
3,QLD,Central Queensland,308,SA4,11,"Chief Executives, Managing Directors & Legislators",2026-07-01,5
3,QLD,Central Queensland,308,SA4,12,Farmers and Farm Managers,2026-07-01,1
3,QLD,Central Queensland,308,SA4,14,"Hospitality, Retail and Service Managers",2026-07-01,68
3,QLD,Central Queensland,308,SA4,1A,Corporate Managers,2026-07-01,45
3,QLD,Central Queensland,308,SA4,1B,"Construction, Production and Distribution Managers",2026-07-01,41
3,QLD,Central Queensland,308,SA4,1C,"Health, Education, ICT and Other Managers",2026-07-01,20
2,QLD,Central Queensland,308,SA4,2,PROFESSIONALS,2026-07-01,483
3,QLD,Central Queensland,308,SA4,21,Arts and Media Professionals,2026-07-01,8
3,QLD,Central Queensland,308,SA4,24,Education Professionals,2026-07-01,29
3,QLD,Central Queensland,308,SA4,26,ICT Professionals,2026-07-01,7
3,QLD,Central Queensland,308,SA4,27,"Legal, Social and Welfare Professionals",2026-07-01,88
3,QLD,Central Queensland,308,SA4,2A,"Business, Finance and Human Resource Professionals",2026-07-01,34
3,QLD,Central Queensland,308,SA4,2B,Information Professionals,2026-07-01,5
3,QLD,Central Queensland,308,SA4,2C,"Sales, Marketing & Public Relations Professionals",2026-07-01,8
3,QLD,Central Queensland,308,SA4,2D,"Transport and Design Professionals, and Architects",2026-07-01,12
3,QLD,Central Queensland,308,SA4,2E,Engineers,2026-07-01,63
3,QLD,Central Queensland,308,SA4,2F,Science Professionals and Veterinarians,2026-07-01,13
3,QLD,Central Queensland,308,SA4,2G,Health Diagnostic and Therapy Professionals,2026-07-01,60
3,QLD,Central Queensland,308,SA4,2H,Medical Practitioners and Nurses,2026-07-01,157
2,QLD,Central Queensland,308,SA4,3,TECHNICIANS AND TRADES WORKERS,2026-07-01,416
3,QLD,Central Queensland,308,SA4,31,"Engineering, ICT and Science Technicians",2026-07-01,59
3,QLD,Central Queensland,308,SA4,32,Automotive and Engineering Trades,2026-07-01,190
3,QLD,Central Queensland,308,SA4,33,Construction Trades,2026-07-01,44
3,QLD,Central Queensland,308,SA4,34,Electrotechnology and Telecommunications Trades,2026-07-01,60
3,QLD,Central Queensland,308,SA4,35,Food Trades,2026-07-01,32
3,QLD,Central Queensland,308,SA4,36,Skilled Animal and Horticultural Workers,2026-07-01,11
3,QLD,Central Queensland,308,SA4,3A,"Hairdressers, Printing, Clothing and Wood Trades",2026-07-01,11
3,QLD,Central Queensland,308,SA4,3B,"Jewellers, Arts and Other Trades Workers",2026-07-01,9
2,QLD,Central Queensland,308,SA4,4,COMMUNITY AND PERSONAL SERVICE WORKERS,2026-07-01,198
3,QLD,Central Queensland,308,SA4,41,Health and Welfare Support Workers,2026-07-01,44
3,QLD,Central Queensland,308,SA4,42,Carers and Aides,2026-07-01,117
3,QLD,Central Queensland,308,SA4,43,Hospitality Workers,2026-07-01,14
3,QLD,Central Queensland,308,SA4,44,Protective Service Workers,2026-07-01,6
3,QLD,Central Queensland,308,SA4,45,"Sports, Travel and Personal Service Workers",2026-07-01,17
2,QLD,Central Queensland,308,SA4,5,CLERICAL AND ADMINISTRATIVE WORKERS,2026-07-01,220
3,QLD,Central Queensland,308,SA4,55,Numerical Clerks,2026-07-01,19
3,QLD,Central Queensland,308,SA4,56,"Clerical and Office Support Workers, Couriers",2026-07-01,7
3,QLD,Central Queensland,308,SA4,59,Other Clerical and Administrative Workers,2026-07-01,38
3,QLD,Central Queensland,308,SA4,5A,"Office Managers, Administrators and Secretaries",2026-07-01,29
3,QLD,Central Queensland,308,SA4,5B,"General-Inquiry Clerks, Call Centre, Receptionists",2026-07-01,128
2,QLD,Central Queensland,308,SA4,6,SALES WORKERS,2026-07-01,159
3,QLD,Central Queensland,308,SA4,61,Sales Representatives and Agents,2026-07-01,34
3,QLD,Central Queensland,308,SA4,62,Sales Assistants and Salespersons,2026-07-01,110
3,QLD,Central Queensland,308,SA4,63,Sales Support Workers,2026-07-01,14
2,QLD,Central Queensland,308,SA4,7,MACHINERY OPERATORS AND DRIVERS,2026-07-01,255
3,QLD,Central Queensland,308,SA4,71,Machine and Stationary Plant Operators,2026-07-01,61
3,QLD,Central Queensland,308,SA4,72,Mobile Plant Operators,2026-07-01,66
3,QLD,Central Queensland,308,SA4,7A,Drivers and Storepersons,2026-07-01,128
2,QLD,Central Queensland,308,SA4,8,LABOURERS,2026-07-01,180
3,QLD,Central Queensland,308,SA4,81,Cleaners and Laundry Workers,2026-07-01,33
3,QLD,Central Queensland,308,SA4,82,Construction and Mining Labourers,2026-07-01,38
3,QLD,Central Queensland,308,SA4,83,Factory Process Workers,2026-07-01,9
3,QLD,Central Queensland,308,SA4,84,"Farm, Forestry and Garden Workers",2026-07-01,12
3,QLD,Central Queensland,308,SA4,85,Food Preparation Assistants,2026-07-01,7
3,QLD,Central Queensland,308,SA4,89,Other Labourers,2026-07-01,81
1,QLD,Darling Downs - Maranoa,307,SA4,0,Darling Downs - Maranoa TOTAL,2026-07-01,967
2,QLD,Darling Downs - Maranoa,307,SA4,1,MANAGERS,2026-07-01,83
3,QLD,Darling Downs - Maranoa,307,SA4,11,"Chief Executives, Managing Directors & Legislators",2026-07-01,4
3,QLD,Darling Downs - Maranoa,307,SA4,12,Farmers and Farm Managers,2026-07-01,7
3,QLD,Darling Downs - Maranoa,307,SA4,14,"Hospitality, Retail and Service Managers",2026-07-01,27
3,QLD,Darling Downs - Maranoa,307,SA4,1A,Corporate Managers,2026-07-01,19
3,QLD,Darling Downs - Maranoa,307,SA4,1B,"Construction, Production and Distribution Managers",2026-07-01,18
3,QLD,Darling Downs - Maranoa,307,SA4,1C,"Health, Education, ICT and Other Managers",2026-07-01,7
2,QLD,Darling Downs - Maranoa,307,SA4,2,PROFESSIONALS,2026-07-01,221
3,QLD,Darling Downs - Maranoa,307,SA4,21,Arts and Media Professionals,2026-07-01,3
3,QLD,Darling Downs - Maranoa,307,SA4,24,Education Professionals,2026-07-01,13
3,QLD,Darling Downs - Maranoa,307,SA4,26,ICT Professionals,2026-07-01,2
3,QLD,Darling Downs - Maranoa,307,SA4,27,"Legal, Social and Welfare Professionals",2026-07-01,28
3,QLD,Darling Downs - Maranoa,307,SA4,2A,"Business, Finance and Human Resource Professionals",2026-07-01,22
3,QLD,Darling Downs - Maranoa,307,SA4,2B,Information Professionals,2026-07-01,4
3,QLD,Darling Downs - Maranoa,307,SA4,2C,"Sales, Marketing & Public Relations Professionals",2026-07-01,3
3,QLD,Darling Downs - Maranoa,307,SA4,2D,"Transport and Design Professionals, and Architects",2026-07-01,5
3,QLD,Darling Downs - Maranoa,307,SA4,2E,Engineers,2026-07-01,24
3,QLD,Darling Downs - Maranoa,307,SA4,2F,Science Professionals and Veterinarians,2026-07-01,6
3,QLD,Darling Downs - Maranoa,307,SA4,2G,Health Diagnostic and Therapy Professionals,2026-07-01,33
3,QLD,Darling Downs - Maranoa,307,SA4,2H,Medical Practitioners and Nurses,2026-07-01,78
2,QLD,Darling Downs - Maranoa,307,SA4,3,TECHNICIANS AND TRADES WORKERS,2026-07-01,173
3,QLD,Darling Downs - Maranoa,307,SA4,31,"Engineering, ICT and Science Technicians",2026-07-01,26
3,QLD,Darling Downs - Maranoa,307,SA4,32,Automotive and Engineering Trades,2026-07-01,67
3,QLD,Darling Downs - Maranoa,307,SA4,33,Construction Trades,2026-07-01,16
3,QLD,Darling Downs - Maranoa,307,SA4,34,Electrotechnology and Telecommunications Trades,2026-07-01,23
3,QLD,Darling Downs - Maranoa,307,SA4,35,Food Trades,2026-07-01,20
3,QLD,Darling Downs - Maranoa,307,SA4,36,Skilled Animal and Horticultural Workers,2026-07-01,8
3,QLD,Darling Downs - Maranoa,307,SA4,3A,"Hairdressers, Printing, Clothing and Wood Trades",2026-07-01,7
3,QLD,Darling Downs - Maranoa,307,SA4,3B,"Jewellers, Arts and Other Trades Workers",2026-07-01,6
2,QLD,Darling Downs - Maranoa,307,SA4,4,COMMUNITY AND PERSONAL SERVICE WORKERS,2026-07-01,114
3,QLD,Darling Downs - Maranoa,307,SA4,41,Health and Welfare Support Workers,2026-07-01,16
3,QLD,Darling Downs - Maranoa,307,SA4,42,Carers and Aides,2026-07-01,72
3,QLD,Darling Downs - Maranoa,307,SA4,43,Hospitality Workers,2026-07-01,7
3,QLD,Darling Downs - Maranoa,307,SA4,44,Protective Service Workers,2026-07-01,4
3,QLD,Darling Downs - Maranoa,307,SA4,45,"Sports, Travel and Personal Service Workers",2026-07-01,15
2,QLD,Darling Downs - Maranoa,307,SA4,5,CLERICAL AND ADMINISTRATIVE WORKERS,2026-07-01,126
3,QLD,Darling Downs - Maranoa,307,SA4,55,Numerical Clerks,2026-07-01,15
3,QLD,Darling Downs - Maranoa,307,SA4,56,"Clerical and Office Support Workers, Couriers",2026-07-01,3
3,QLD,Darling Downs - Maranoa,307,SA4,59,Other Clerical and Administrative Workers,2026-07-01,24
3,QLD,Darling Downs - Maranoa,307,SA4,5A,"Office Managers, Administrators and Secretaries",2026-07-01,12
3,QLD,Darling Downs - Maranoa,307,SA4,5B,"General-Inquiry Clerks, Call Centre, Receptionists",2026-07-01,71
2,QLD,Darling Downs - Maranoa,307,SA4,6,SALES WORKERS,2026-07-01,68
3,QLD,Darling Downs - Maranoa,307,SA4,61,Sales Representatives and Agents,2026-07-01,11
3,QLD,Darling Downs - Maranoa,307,SA4,62,Sales Assistants and Salespersons,2026-07-01,51
3,QLD,Darling Downs - Maranoa,307,SA4,63,Sales Support Workers,2026-07-01,6
2,QLD,Darling Downs - Maranoa,307,SA4,7,MACHINERY OPERATORS AND DRIVERS,2026-07-01,94
3,QLD,Darling Downs - Maranoa,307,SA4,71,Machine and Stationary Plant Operators,2026-07-01,22
3,QLD,Darling Downs - Maranoa,307,SA4,72,Mobile Plant Operators,2026-07-01,25
3,QLD,Darling Downs - Maranoa,307,SA4,7A,Drivers and Storepersons,2026-07-01,47
2,QLD,Darling Downs - Maranoa,307,SA4,8,LABOURERS,2026-07-01,87
3,QLD,Darling Downs - Maranoa,307,SA4,81,Cleaners and Laundry Workers,2026-07-01,12
3,QLD,Darling Downs - Maranoa,307,SA4,82,Construction and Mining Labourers,2026-07-01,11
3,QLD,Darling Downs - Maranoa,307,SA4,83,Factory Process Workers,2026-07-01,9
3,QLD,Darling Downs - Maranoa,307,SA4,84,"Farm, Forestry and Garden Workers",2026-07-01,14
3,QLD,Darling Downs - Maranoa,307,SA4,85,Food Preparation Assistants,2026-07-01,3
3,QLD,Darling Downs - Maranoa,307,SA4,89,Other Labourers,2026-07-01,38
1,QLD,Gold Coast,309,SA4,0,Gold Coast TOTAL,2026-07-01,5125
2,QLD,Gold Coast,309,SA4,1,MANAGERS,2026-07-01,604
3,QLD,Gold Coast,309,SA4,11,"Chief Executives, Managing Directors & Legislators",2026-07-01,16
3,QLD,Gold Coast,309,SA4,12,Farmers and Farm Managers,2026-07-01,3
3,QLD,Gold Coast,309,SA4,14,"Hospitality, Retail and Service Managers",2026-07-01,231
3,QLD,Gold Coast,309,SA4,1A,Corporate Managers,2026-07-01,188
3,QLD,Gold Coast,309,SA4,1B,"Construction, Production and Distribution Managers",2026-07-01,132
3,QLD,Gold Coast,309,SA4,1C,"Health, Education, ICT and Other Managers",2026-07-01,34
2,QLD,Gold Coast,309,SA4,2,PROFESSIONALS,2026-07-01,1073
3,QLD,Gold Coast,309,SA4,21,Arts and Media Professionals,2026-07-01,21
3,QLD,Gold Coast,309,SA4,24,Education Professionals,2026-07-01,71
3,QLD,Gold Coast,309,SA4,26,ICT Professionals,2026-07-01,55
3,QLD,Gold Coast,309,SA4,27,"Legal, Social and Welfare Professionals",2026-07-01,146
3,QLD,Gold Coast,309,SA4,2A,"Business, Finance and Human Resource Professionals",2026-07-01,155
3,QLD,Gold Coast,309,SA4,2B,Information Professionals,2026-07-01,19
3,QLD,Gold Coast,309,SA4,2C,"Sales, Marketing & Public Relations Professionals",2026-07-01,84
3,QLD,Gold Coast,309,SA4,2D,"Transport and Design Professionals, and Architects",2026-07-01,45
3,QLD,Gold Coast,309,SA4,2E,Engineers,2026-07-01,86
3,QLD,Gold Coast,309,SA4,2F,Science Professionals and Veterinarians,2026-07-01,19
3,QLD,Gold Coast,309,SA4,2G,Health Diagnostic and Therapy Professionals,2026-07-01,166
3,QLD,Gold Coast,309,SA4,2H,Medical Practitioners and Nurses,2026-07-01,206
2,QLD,Gold Coast,309,SA4,3,TECHNICIANS AND TRADES WORKERS,2026-07-01,803
3,QLD,Gold Coast,309,SA4,31,"Engineering, ICT and Science Technicians",2026-07-01,134
3,QLD,Gold Coast,309,SA4,32,Automotive and Engineering Trades,2026-07-01,200
3,QLD,Gold Coast,309,SA4,33,Construction Trades,2026-07-01,99
3,QLD,Gold Coast,309,SA4,34,Electrotechnology and Telecommunications Trades,2026-07-01,89
3,QLD,Gold Coast,309,SA4,35,Food Trades,2026-07-01,164
3,QLD,Gold Coast,309,SA4,36,Skilled Animal and Horticultural Workers,2026-07-01,43
3,QLD,Gold Coast,309,SA4,3A,"Hairdressers, Printing, Clothing and Wood Trades",2026-07-01,53
3,QLD,Gold Coast,309,SA4,3B,"Jewellers, Arts and Other Trades Workers",2026-07-01,21
2,QLD,Gold Coast,309,SA4,4,COMMUNITY AND PERSONAL SERVICE WORKERS,2026-07-01,568
3,QLD,Gold Coast,309,SA4,41,Health and Welfare Support Workers,2026-07-01,55
3,QLD,Gold Coast,309,SA4,42,Carers and Aides,2026-07-01,258
3,QLD,Gold Coast,309,SA4,43,Hospitality Workers,2026-07-01,158
3,QLD,Gold Coast,309,SA4,44,Protective Service Workers,2026-07-01,22
3,QLD,Gold Coast,309,SA4,45,"Sports, Travel and Personal Service Workers",2026-07-01,74
2,QLD,Gold Coast,309,SA4,5,CLERICAL AND ADMINISTRATIVE WORKERS,2026-07-01,773
3,QLD,Gold Coast,309,SA4,55,Numerical Clerks,2026-07-01,127
3,QLD,Gold Coast,309,SA4,56,"Clerical and Office Support Workers, Couriers",2026-07-01,15
3,QLD,Gold Coast,309,SA4,59,Other Clerical and Administrative Workers,2026-07-01,141
3,QLD,Gold Coast,309,SA4,5A,"Office Managers, Administrators and Secretaries",2026-07-01,125
3,QLD,Gold Coast,309,SA4,5B,"General-Inquiry Clerks, Call Centre, Receptionists",2026-07-01,365
2,QLD,Gold Coast,309,SA4,6,SALES WORKERS,2026-07-01,512
3,QLD,Gold Coast,309,SA4,61,Sales Representatives and Agents,2026-07-01,142
3,QLD,Gold Coast,309,SA4,62,Sales Assistants and Salespersons,2026-07-01,340
3,QLD,Gold Coast,309,SA4,63,Sales Support Workers,2026-07-01,31
2,QLD,Gold Coast,309,SA4,7,MACHINERY OPERATORS AND DRIVERS,2026-07-01,350
3,QLD,Gold Coast,309,SA4,71,Machine and Stationary Plant Operators,2026-07-01,75
3,QLD,Gold Coast,309,SA4,72,Mobile Plant Operators,2026-07-01,99
3,QLD,Gold Coast,309,SA4,7A,Drivers and Storepersons,2026-07-01,175
2,QLD,Gold Coast,309,SA4,8,LABOURERS,2026-07-01,442
3,QLD,Gold Coast,309,SA4,81,Cleaners and Laundry Workers,2026-07-01,106
3,QLD,Gold Coast,309,SA4,82,Construction and Mining Labourers,2026-07-01,43
3,QLD,Gold Coast,309,SA4,83,Factory Process Workers,2026-07-01,51
3,QLD,Gold Coast,309,SA4,84,"Farm, Forestry and Garden Workers",2026-07-01,14
3,QLD,Gold Coast,309,SA4,85,Food Preparation Assistants,2026-07-01,29
3,QLD,Gold Coast,309,SA4,89,Other Labourers,2026-07-01,199
1,QLD,Mackay - Isaac - Whitsunday,312,SA4,0,Mackay - Isaac - Whitsunday TOTAL,2026-07-01,2275
2,QLD,Mackay - Isaac - Whitsunday,312,SA4,1,MANAGERS,2026-07-01,180
3,QLD,Mackay - Isaac - Whitsunday,312,SA4,11,"Chief Executives, Managing Directors & Legislators",2026-07-01,3
3,QLD,Mackay - Isaac - Whitsunday,312,SA4,12,Farmers and Farm Managers,2026-07-01,0
3,QLD,Mackay - Isaac - Whitsunday,312,SA4,14,"Hospitality, Retail and Service Managers",2026-07-01,60
3,QLD,Mackay - Isaac - Whitsunday,312,SA4,1A,Corporate Managers,2026-07-01,48
3,QLD,Mackay - Isaac - Whitsunday,312,SA4,1B,"Construction, Production and Distribution Managers",2026-07-01,48
3,QLD,Mackay - Isaac - Whitsunday,312,SA4,1C,"Health, Education, ICT and Other Managers",2026-07-01,20
2,QLD,Mackay - Isaac - Whitsunday,312,SA4,2,PROFESSIONALS,2026-07-01,462
3,QLD,Mackay - Isaac - Whitsunday,312,SA4,21,Arts and Media Professionals,2026-07-01,14
3,QLD,Mackay - Isaac - Whitsunday,312,SA4,24,Education Professionals,2026-07-01,22
3,QLD,Mackay - Isaac - Whitsunday,312,SA4,26,ICT Professionals,2026-07-01,7
3,QLD,Mackay - Isaac - Whitsunday,312,SA4,27,"Legal, Social and Welfare Professionals",2026-07-01,55
3,QLD,Mackay - Isaac - Whitsunday,312,SA4,2A,"Business, Finance and Human Resource Professionals",2026-07-01,64
3,QLD,Mackay - Isaac - Whitsunday,312,SA4,2B,Information Professionals,2026-07-01,8
3,QLD,Mackay - Isaac - Whitsunday,312,SA4,2C,"Sales, Marketing & Public Relations Professionals",2026-07-01,5
3,QLD,Mackay - Isaac - Whitsunday,312,SA4,2D,"Transport and Design Professionals, and Architects",2026-07-01,15
3,QLD,Mackay - Isaac - Whitsunday,312,SA4,2E,Engineers,2026-07-01,105
3,QLD,Mackay - Isaac - Whitsunday,312,SA4,2F,Science Professionals and Veterinarians,2026-07-01,13
3,QLD,Mackay - Isaac - Whitsunday,312,SA4,2G,Health Diagnostic and Therapy Professionals,2026-07-01,54
3,QLD,Mackay - Isaac - Whitsunday,312,SA4,2H,Medical Practitioners and Nurses,2026-07-01,101
2,QLD,Mackay - Isaac - Whitsunday,312,SA4,3,TECHNICIANS AND TRADES WORKERS,2026-07-01,548
3,QLD,Mackay - Isaac - Whitsunday,312,SA4,31,"Engineering, ICT and Science Technicians",2026-07-01,62
3,QLD,Mackay - Isaac - Whitsunday,312,SA4,32,Automotive and Engineering Trades,2026-07-01,276
3,QLD,Mackay - Isaac - Whitsunday,312,SA4,33,Construction Trades,2026-07-01,52
3,QLD,Mackay - Isaac - Whitsunday,312,SA4,34,Electrotechnology and Telecommunications Trades,2026-07-01,79
3,QLD,Mackay - Isaac - Whitsunday,312,SA4,35,Food Trades,2026-07-01,36
3,QLD,Mackay - Isaac - Whitsunday,312,SA4,36,Skilled Animal and Horticultural Workers,2026-07-01,10
3,QLD,Mackay - Isaac - Whitsunday,312,SA4,3A,"Hairdressers, Printing, Clothing and Wood Trades",2026-07-01,11
3,QLD,Mackay - Isaac - Whitsunday,312,SA4,3B,"Jewellers, Arts and Other Trades Workers",2026-07-01,22
2,QLD,Mackay - Isaac - Whitsunday,312,SA4,4,COMMUNITY AND PERSONAL SERVICE WORKERS,2026-07-01,155
3,QLD,Mackay - Isaac - Whitsunday,312,SA4,41,Health and Welfare Support Workers,2026-07-01,29
3,QLD,Mackay - Isaac - Whitsunday,312,SA4,42,Carers and Aides,2026-07-01,85
3,QLD,Mackay - Isaac - Whitsunday,312,SA4,43,Hospitality Workers,2026-07-01,17
3,QLD,Mackay - Isaac - Whitsunday,312,SA4,44,Protective Service Workers,2026-07-01,10
3,QLD,Mackay - Isaac - Whitsunday,312,SA4,45,"Sports, Travel and Personal Service Workers",2026-07-01,14
2,QLD,Mackay - Isaac - Whitsunday,312,SA4,5,CLERICAL AND ADMINISTRATIVE WORKERS,2026-07-01,249
3,QLD,Mackay - Isaac - Whitsunday,312,SA4,55,Numerical Clerks,2026-07-01,26
3,QLD,Mackay - Isaac - Whitsunday,312,SA4,56,"Clerical and Office Support Workers, Couriers",2026-07-01,9
3,QLD,Mackay - Isaac - Whitsunday,312,SA4,59,Other Clerical and Administrative Workers,2026-07-01,46
3,QLD,Mackay - Isaac - Whitsunday,312,SA4,5A,"Office Managers, Administrators and Secretaries",2026-07-01,23
3,QLD,Mackay - Isaac - Whitsunday,312,SA4,5B,"General-Inquiry Clerks, Call Centre, Receptionists",2026-07-01,146
2,QLD,Mackay - Isaac - Whitsunday,312,SA4,6,SALES WORKERS,2026-07-01,156
3,QLD,Mackay - Isaac - Whitsunday,312,SA4,61,Sales Representatives and Agents,2026-07-01,29
3,QLD,Mackay - Isaac - Whitsunday,312,SA4,62,Sales Assistants and Salespersons,2026-07-01,114
3,QLD,Mackay - Isaac - Whitsunday,312,SA4,63,Sales Support Workers,2026-07-01,13
2,QLD,Mackay - Isaac - Whitsunday,312,SA4,7,MACHINERY OPERATORS AND DRIVERS,2026-07-01,329
3,QLD,Mackay - Isaac - Whitsunday,312,SA4,71,Machine and Stationary Plant Operators,2026-07-01,98
3,QLD,Mackay - Isaac - Whitsunday,312,SA4,72,Mobile Plant Operators,2026-07-01,74
3,QLD,Mackay - Isaac - Whitsunday,312,SA4,7A,Drivers and Storepersons,2026-07-01,157
2,QLD,Mackay - Isaac - Whitsunday,312,SA4,8,LABOURERS,2026-07-01,196
3,QLD,Mackay - Isaac - Whitsunday,312,SA4,81,Cleaners and Laundry Workers,2026-07-01,35
3,QLD,Mackay - Isaac - Whitsunday,312,SA4,82,Construction and Mining Labourers,2026-07-01,55
3,QLD,Mackay - Isaac - Whitsunday,312,SA4,83,Factory Process Workers,2026-07-01,10
3,QLD,Mackay - Isaac - Whitsunday,312,SA4,84,"Farm, Forestry and Garden Workers",2026-07-01,6
3,QLD,Mackay - Isaac - Whitsunday,312,SA4,85,Food Preparation Assistants,2026-07-01,8
3,QLD,Mackay - Isaac - Whitsunday,312,SA4,89,Other Labourers,2026-07-01,82
1,QLD,Queensland - Outback,315,SA4,0,Queensland - Outback TOTAL,2026-07-01,777
2,QLD,Queensland - Outback,315,SA4,1,MANAGERS,2026-07-01,61
3,QLD,Queensland - Outback,315,SA4,11,"Chief Executives, Managing Directors & Legislators",2026-07-01,2
3,QLD,Queensland - Outback,315,SA4,12,Farmers and Farm Managers,2026-07-01,1
3,QLD,Queensland - Outback,315,SA4,14,"Hospitality, Retail and Service Managers",2026-07-01,24
3,QLD,Queensland - Outback,315,SA4,1A,Corporate Managers,2026-07-01,12
3,QLD,Queensland - Outback,315,SA4,1B,"Construction, Production and Distribution Managers",2026-07-01,14
3,QLD,Queensland - Outback,315,SA4,1C,"Health, Education, ICT and Other Managers",2026-07-01,7
2,QLD,Queensland - Outback,315,SA4,2,PROFESSIONALS,2026-07-01,229
3,QLD,Queensland - Outback,315,SA4,21,Arts and Media Professionals,2026-07-01,11
3,QLD,Queensland - Outback,315,SA4,24,Education Professionals,2026-07-01,12
3,QLD,Queensland - Outback,315,SA4,26,ICT Professionals,2026-07-01,3
3,QLD,Queensland - Outback,315,SA4,27,"Legal, Social and Welfare Professionals",2026-07-01,39
3,QLD,Queensland - Outback,315,SA4,2A,"Business, Finance and Human Resource Professionals",2026-07-01,15
3,QLD,Queensland - Outback,315,SA4,2B,Information Professionals,2026-07-01,4
3,QLD,Queensland - Outback,315,SA4,2C,"Sales, Marketing & Public Relations Professionals",2026-07-01,2
3,QLD,Queensland - Outback,315,SA4,2D,"Transport and Design Professionals, and Architects",2026-07-01,6
3,QLD,Queensland - Outback,315,SA4,2E,Engineers,2026-07-01,28
3,QLD,Queensland - Outback,315,SA4,2F,Science Professionals and Veterinarians,2026-07-01,9
3,QLD,Queensland - Outback,315,SA4,2G,Health Diagnostic and Therapy Professionals,2026-07-01,28
3,QLD,Queensland - Outback,315,SA4,2H,Medical Practitioners and Nurses,2026-07-01,72
2,QLD,Queensland - Outback,315,SA4,3,TECHNICIANS AND TRADES WORKERS,2026-07-01,144
3,QLD,Queensland - Outback,315,SA4,31,"Engineering, ICT and Science Technicians",2026-07-01,20
3,QLD,Queensland - Outback,315,SA4,32,Automotive and Engineering Trades,2026-07-01,54
3,QLD,Queensland - Outback,315,SA4,33,Construction Trades,2026-07-01,19
3,QLD,Queensland - Outback,315,SA4,34,Electrotechnology and Telecommunications Trades,2026-07-01,18
3,QLD,Queensland - Outback,315,SA4,35,Food Trades,2026-07-01,20
3,QLD,Queensland - Outback,315,SA4,36,Skilled Animal and Horticultural Workers,2026-07-01,6
3,QLD,Queensland - Outback,315,SA4,3A,"Hairdressers, Printing, Clothing and Wood Trades",2026-07-01,2
3,QLD,Queensland - Outback,315,SA4,3B,"Jewellers, Arts and Other Trades Workers",2026-07-01,5
2,QLD,Queensland - Outback,315,SA4,4,COMMUNITY AND PERSONAL SERVICE WORKERS,2026-07-01,75
3,QLD,Queensland - Outback,315,SA4,41,Health and Welfare Support Workers,2026-07-01,20
3,QLD,Queensland - Outback,315,SA4,42,Carers and Aides,2026-07-01,36
3,QLD,Queensland - Outback,315,SA4,43,Hospitality Workers,2026-07-01,7
3,QLD,Queensland - Outback,315,SA4,44,Protective Service Workers,2026-07-01,6
3,QLD,Queensland - Outback,315,SA4,45,"Sports, Travel and Personal Service Workers",2026-07-01,6
2,QLD,Queensland - Outback,315,SA4,5,CLERICAL AND ADMINISTRATIVE WORKERS,2026-07-01,100
3,QLD,Queensland - Outback,315,SA4,55,Numerical Clerks,2026-07-01,15
3,QLD,Queensland - Outback,315,SA4,56,"Clerical and Office Support Workers, Couriers",2026-07-01,2
3,QLD,Queensland - Outback,315,SA4,59,Other Clerical and Administrative Workers,2026-07-01,11
3,QLD,Queensland - Outback,315,SA4,5A,"Office Managers, Administrators and Secretaries",2026-07-01,9
3,QLD,Queensland - Outback,315,SA4,5B,"General-Inquiry Clerks, Call Centre, Receptionists",2026-07-01,63
2,QLD,Queensland - Outback,315,SA4,6,SALES WORKERS,2026-07-01,45
3,QLD,Queensland - Outback,315,SA4,61,Sales Representatives and Agents,2026-07-01,7
3,QLD,Queensland - Outback,315,SA4,62,Sales Assistants and Salespersons,2026-07-01,33
3,QLD,Queensland - Outback,315,SA4,63,Sales Support Workers,2026-07-01,5
2,QLD,Queensland - Outback,315,SA4,7,MACHINERY OPERATORS AND DRIVERS,2026-07-01,71
3,QLD,Queensland - Outback,315,SA4,71,Machine and Stationary Plant Operators,2026-07-01,18
3,QLD,Queensland - Outback,315,SA4,72,Mobile Plant Operators,2026-07-01,16
3,QLD,Queensland - Outback,315,SA4,7A,Drivers and Storepersons,2026-07-01,36
2,QLD,Queensland - Outback,315,SA4,8,LABOURERS,2026-07-01,53
3,QLD,Queensland - Outback,315,SA4,81,Cleaners and Laundry Workers,2026-07-01,13
3,QLD,Queensland - Outback,315,SA4,82,Construction and Mining Labourers,2026-07-01,6
3,QLD,Queensland - Outback,315,SA4,83,Factory Process Workers,2026-07-01,2
3,QLD,Queensland - Outback,315,SA4,84,"Farm, Forestry and Garden Workers",2026-07-01,9
3,QLD,Queensland - Outback,315,SA4,85,Food Preparation Assistants,2026-07-01,3
3,QLD,Queensland - Outback,315,SA4,89,Other Labourers,2026-07-01,20
1,QLD,Sunshine Coast,316,SA4,0,Sunshine Coast TOTAL,2026-07-01,2945
2,QLD,Sunshine Coast,316,SA4,1,MANAGERS,2026-07-01,272
3,QLD,Sunshine Coast,316,SA4,11,"Chief Executives, Managing Directors & Legislators",2026-07-01,8
3,QLD,Sunshine Coast,316,SA4,12,Farmers and Farm Managers,2026-07-01,1
3,QLD,Sunshine Coast,316,SA4,14,"Hospitality, Retail and Service Managers",2026-07-01,125
3,QLD,Sunshine Coast,316,SA4,1A,Corporate Managers,2026-07-01,67
3,QLD,Sunshine Coast,316,SA4,1B,"Construction, Production and Distribution Managers",2026-07-01,54
3,QLD,Sunshine Coast,316,SA4,1C,"Health, Education, ICT and Other Managers",2026-07-01,17
2,QLD,Sunshine Coast,316,SA4,2,PROFESSIONALS,2026-07-01,674
3,QLD,Sunshine Coast,316,SA4,21,Arts and Media Professionals,2026-07-01,8
3,QLD,Sunshine Coast,316,SA4,24,Education Professionals,2026-07-01,44
3,QLD,Sunshine Coast,316,SA4,26,ICT Professionals,2026-07-01,14
3,QLD,Sunshine Coast,316,SA4,27,"Legal, Social and Welfare Professionals",2026-07-01,100
3,QLD,Sunshine Coast,316,SA4,2A,"Business, Finance and Human Resource Professionals",2026-07-01,81
3,QLD,Sunshine Coast,316,SA4,2B,Information Professionals,2026-07-01,10
3,QLD,Sunshine Coast,316,SA4,2C,"Sales, Marketing & Public Relations Professionals",2026-07-01,25
3,QLD,Sunshine Coast,316,SA4,2D,"Transport and Design Professionals, and Architects",2026-07-01,23
3,QLD,Sunshine Coast,316,SA4,2E,Engineers,2026-07-01,38
3,QLD,Sunshine Coast,316,SA4,2F,Science Professionals and Veterinarians,2026-07-01,18
3,QLD,Sunshine Coast,316,SA4,2G,Health Diagnostic and Therapy Professionals,2026-07-01,126
3,QLD,Sunshine Coast,316,SA4,2H,Medical Practitioners and Nurses,2026-07-01,189
2,QLD,Sunshine Coast,316,SA4,3,TECHNICIANS AND TRADES WORKERS,2026-07-01,465
3,QLD,Sunshine Coast,316,SA4,31,"Engineering, ICT and Science Technicians",2026-07-01,71
3,QLD,Sunshine Coast,316,SA4,32,Automotive and Engineering Trades,2026-07-01,91
3,QLD,Sunshine Coast,316,SA4,33,Construction Trades,2026-07-01,73
3,QLD,Sunshine Coast,316,SA4,34,Electrotechnology and Telecommunications Trades,2026-07-01,48
3,QLD,Sunshine Coast,316,SA4,35,Food Trades,2026-07-01,111
3,QLD,Sunshine Coast,316,SA4,36,Skilled Animal and Horticultural Workers,2026-07-01,31
3,QLD,Sunshine Coast,316,SA4,3A,"Hairdressers, Printing, Clothing and Wood Trades",2026-07-01,26
3,QLD,Sunshine Coast,316,SA4,3B,"Jewellers, Arts and Other Trades Workers",2026-07-01,14
2,QLD,Sunshine Coast,316,SA4,4,COMMUNITY AND PERSONAL SERVICE WORKERS,2026-07-01,375
3,QLD,Sunshine Coast,316,SA4,41,Health and Welfare Support Workers,2026-07-01,34
3,QLD,Sunshine Coast,316,SA4,42,Carers and Aides,2026-07-01,243
3,QLD,Sunshine Coast,316,SA4,43,Hospitality Workers,2026-07-01,56
3,QLD,Sunshine Coast,316,SA4,44,Protective Service Workers,2026-07-01,9
3,QLD,Sunshine Coast,316,SA4,45,"Sports, Travel and Personal Service Workers",2026-07-01,34
2,QLD,Sunshine Coast,316,SA4,5,CLERICAL AND ADMINISTRATIVE WORKERS,2026-07-01,413
3,QLD,Sunshine Coast,316,SA4,55,Numerical Clerks,2026-07-01,69
3,QLD,Sunshine Coast,316,SA4,56,"Clerical and Office Support Workers, Couriers",2026-07-01,15
3,QLD,Sunshine Coast,316,SA4,59,Other Clerical and Administrative Workers,2026-07-01,67
3,QLD,Sunshine Coast,316,SA4,5A,"Office Managers, Administrators and Secretaries",2026-07-01,54
3,QLD,Sunshine Coast,316,SA4,5B,"General-Inquiry Clerks, Call Centre, Receptionists",2026-07-01,208
2,QLD,Sunshine Coast,316,SA4,6,SALES WORKERS,2026-07-01,316
3,QLD,Sunshine Coast,316,SA4,61,Sales Representatives and Agents,2026-07-01,82
3,QLD,Sunshine Coast,316,SA4,62,Sales Assistants and Salespersons,2026-07-01,219
3,QLD,Sunshine Coast,316,SA4,63,Sales Support Workers,2026-07-01,15
2,QLD,Sunshine Coast,316,SA4,7,MACHINERY OPERATORS AND DRIVERS,2026-07-01,163
3,QLD,Sunshine Coast,316,SA4,71,Machine and Stationary Plant Operators,2026-07-01,31
3,QLD,Sunshine Coast,316,SA4,72,Mobile Plant Operators,2026-07-01,38
3,QLD,Sunshine Coast,316,SA4,7A,Drivers and Storepersons,2026-07-01,94
2,QLD,Sunshine Coast,316,SA4,8,LABOURERS,2026-07-01,266
3,QLD,Sunshine Coast,316,SA4,81,Cleaners and Laundry Workers,2026-07-01,66
3,QLD,Sunshine Coast,316,SA4,82,Construction and Mining Labourers,2026-07-01,33
3,QLD,Sunshine Coast,316,SA4,83,Factory Process Workers,2026-07-01,26
3,QLD,Sunshine Coast,316,SA4,84,"Farm, Forestry and Garden Workers",2026-07-01,12
3,QLD,Sunshine Coast,316,SA4,85,Food Preparation Assistants,2026-07-01,27
3,QLD,Sunshine Coast,316,SA4,89,Other Labourers,2026-07-01,102
1,QLD,Toowoomba,317,SA4,0,Toowoomba TOTAL,2026-07-01,1092
2,QLD,Toowoomba,317,SA4,1,MANAGERS,2026-07-01,102
3,QLD,Toowoomba,317,SA4,11,"Chief Executives, Managing Directors & Legislators",2026-07-01,3
3,QLD,Toowoomba,317,SA4,12,Farmers and Farm Managers,2026-07-01,5
3,QLD,Toowoomba,317,SA4,14,"Hospitality, Retail and Service Managers",2026-07-01,33
3,QLD,Toowoomba,317,SA4,1A,Corporate Managers,2026-07-01,27
3,QLD,Toowoomba,317,SA4,1B,"Construction, Production and Distribution Managers",2026-07-01,21
3,QLD,Toowoomba,317,SA4,1C,"Health, Education, ICT and Other Managers",2026-07-01,12
2,QLD,Toowoomba,317,SA4,2,PROFESSIONALS,2026-07-01,217
3,QLD,Toowoomba,317,SA4,21,Arts and Media Professionals,2026-07-01,4
3,QLD,Toowoomba,317,SA4,24,Education Professionals,2026-07-01,16
3,QLD,Toowoomba,317,SA4,26,ICT Professionals,2026-07-01,3
3,QLD,Toowoomba,317,SA4,27,"Legal, Social and Welfare Professionals",2026-07-01,33
3,QLD,Toowoomba,317,SA4,2A,"Business, Finance and Human Resource Professionals",2026-07-01,24
3,QLD,Toowoomba,317,SA4,2B,Information Professionals,2026-07-01,5
3,QLD,Toowoomba,317,SA4,2C,"Sales, Marketing & Public Relations Professionals",2026-07-01,3
3,QLD,Toowoomba,317,SA4,2D,"Transport and Design Professionals, and Architects",2026-07-01,5
3,QLD,Toowoomba,317,SA4,2E,Engineers,2026-07-01,19
3,QLD,Toowoomba,317,SA4,2F,Science Professionals and Veterinarians,2026-07-01,5
3,QLD,Toowoomba,317,SA4,2G,Health Diagnostic and Therapy Professionals,2026-07-01,43
3,QLD,Toowoomba,317,SA4,2H,Medical Practitioners and Nurses,2026-07-01,57
2,QLD,Toowoomba,317,SA4,3,TECHNICIANS AND TRADES WORKERS,2026-07-01,183
3,QLD,Toowoomba,317,SA4,31,"Engineering, ICT and Science Technicians",2026-07-01,25
3,QLD,Toowoomba,317,SA4,32,Automotive and Engineering Trades,2026-07-01,64
3,QLD,Toowoomba,317,SA4,33,Construction Trades,2026-07-01,22
3,QLD,Toowoomba,317,SA4,34,Electrotechnology and Telecommunications Trades,2026-07-01,23
3,QLD,Toowoomba,317,SA4,35,Food Trades,2026-07-01,25
3,QLD,Toowoomba,317,SA4,36,Skilled Animal and Horticultural Workers,2026-07-01,10
3,QLD,Toowoomba,317,SA4,3A,"Hairdressers, Printing, Clothing and Wood Trades",2026-07-01,5
3,QLD,Toowoomba,317,SA4,3B,"Jewellers, Arts and Other Trades Workers",2026-07-01,10
2,QLD,Toowoomba,317,SA4,4,COMMUNITY AND PERSONAL SERVICE WORKERS,2026-07-01,140
3,QLD,Toowoomba,317,SA4,41,Health and Welfare Support Workers,2026-07-01,21
3,QLD,Toowoomba,317,SA4,42,Carers and Aides,2026-07-01,88
3,QLD,Toowoomba,317,SA4,43,Hospitality Workers,2026-07-01,13
3,QLD,Toowoomba,317,SA4,44,Protective Service Workers,2026-07-01,4
3,QLD,Toowoomba,317,SA4,45,"Sports, Travel and Personal Service Workers",2026-07-01,14
2,QLD,Toowoomba,317,SA4,5,CLERICAL AND ADMINISTRATIVE WORKERS,2026-07-01,148
3,QLD,Toowoomba,317,SA4,55,Numerical Clerks,2026-07-01,16
3,QLD,Toowoomba,317,SA4,56,"Clerical and Office Support Workers, Couriers",2026-07-01,4
3,QLD,Toowoomba,317,SA4,59,Other Clerical and Administrative Workers,2026-07-01,31
3,QLD,Toowoomba,317,SA4,5A,"Office Managers, Administrators and Secretaries",2026-07-01,15
3,QLD,Toowoomba,317,SA4,5B,"General-Inquiry Clerks, Call Centre, Receptionists",2026-07-01,81
2,QLD,Toowoomba,317,SA4,6,SALES WORKERS,2026-07-01,89
3,QLD,Toowoomba,317,SA4,61,Sales Representatives and Agents,2026-07-01,16
3,QLD,Toowoomba,317,SA4,62,Sales Assistants and Salespersons,2026-07-01,69
3,QLD,Toowoomba,317,SA4,63,Sales Support Workers,2026-07-01,4
2,QLD,Toowoomba,317,SA4,7,MACHINERY OPERATORS AND DRIVERS,2026-07-01,117
3,QLD,Toowoomba,317,SA4,71,Machine and Stationary Plant Operators,2026-07-01,25
3,QLD,Toowoomba,317,SA4,72,Mobile Plant Operators,2026-07-01,36
3,QLD,Toowoomba,317,SA4,7A,Drivers and Storepersons,2026-07-01,56
2,QLD,Toowoomba,317,SA4,8,LABOURERS,2026-07-01,96
3,QLD,Toowoomba,317,SA4,81,Cleaners and Laundry Workers,2026-07-01,17
3,QLD,Toowoomba,317,SA4,82,Construction and Mining Labourers,2026-07-01,10
3,QLD,Toowoomba,317,SA4,83,Factory Process Workers,2026-07-01,9
3,QLD,Toowoomba,317,SA4,84,"Farm, Forestry and Garden Workers",2026-07-01,9
3,QLD,Toowoomba,317,SA4,85,Food Preparation Assistants,2026-07-01,3
3,QLD,Toowoomba,317,SA4,89,Other Labourers,2026-07-01,49
1,QLD,Townsville,318,SA4,0,Townsville TOTAL,2026-07-01,2181
2,QLD,Townsville,318,SA4,1,MANAGERS,2026-07-01,209
3,QLD,Townsville,318,SA4,11,"Chief Executives, Managing Directors & Legislators",2026-07-01,6
3,QLD,Townsville,318,SA4,12,Farmers and Farm Managers,2026-07-01,1
3,QLD,Townsville,318,SA4,14,"Hospitality, Retail and Service Managers",2026-07-01,79
3,QLD,Townsville,318,SA4,1A,Corporate Managers,2026-07-01,56
3,QLD,Townsville,318,SA4,1B,"Construction, Production and Distribution Managers",2026-07-01,54
3,QLD,Townsville,318,SA4,1C,"Health, Education, ICT and Other Managers",2026-07-01,13
2,QLD,Townsville,318,SA4,2,PROFESSIONALS,2026-07-01,477
3,QLD,Townsville,318,SA4,21,Arts and Media Professionals,2026-07-01,7
3,QLD,Townsville,318,SA4,24,Education Professionals,2026-07-01,61
3,QLD,Townsville,318,SA4,26,ICT Professionals,2026-07-01,7
3,QLD,Townsville,318,SA4,27,"Legal, Social and Welfare Professionals",2026-07-01,87
3,QLD,Townsville,318,SA4,2A,"Business, Finance and Human Resource Professionals",2026-07-01,50
3,QLD,Townsville,318,SA4,2B,Information Professionals,2026-07-01,12
3,QLD,Townsville,318,SA4,2C,"Sales, Marketing & Public Relations Professionals",2026-07-01,9
3,QLD,Townsville,318,SA4,2D,"Transport and Design Professionals, and Architects",2026-07-01,12
3,QLD,Townsville,318,SA4,2E,Engineers,2026-07-01,44
3,QLD,Townsville,318,SA4,2F,Science Professionals and Veterinarians,2026-07-01,13
3,QLD,Townsville,318,SA4,2G,Health Diagnostic and Therapy Professionals,2026-07-01,72
3,QLD,Townsville,318,SA4,2H,Medical Practitioners and Nurses,2026-07-01,102
2,QLD,Townsville,318,SA4,3,TECHNICIANS AND TRADES WORKERS,2026-07-01,382
3,QLD,Townsville,318,SA4,31,"Engineering, ICT and Science Technicians",2026-07-01,58
3,QLD,Townsville,318,SA4,32,Automotive and Engineering Trades,2026-07-01,131
3,QLD,Townsville,318,SA4,33,Construction Trades,2026-07-01,54
3,QLD,Townsville,318,SA4,34,Electrotechnology and Telecommunications Trades,2026-07-01,47
3,QLD,Townsville,318,SA4,35,Food Trades,2026-07-01,50
3,QLD,Townsville,318,SA4,36,Skilled Animal and Horticultural Workers,2026-07-01,15
3,QLD,Townsville,318,SA4,3A,"Hairdressers, Printing, Clothing and Wood Trades",2026-07-01,16
3,QLD,Townsville,318,SA4,3B,"Jewellers, Arts and Other Trades Workers",2026-07-01,11
2,QLD,Townsville,318,SA4,4,COMMUNITY AND PERSONAL SERVICE WORKERS,2026-07-01,239
3,QLD,Townsville,318,SA4,41,Health and Welfare Support Workers,2026-07-01,36
3,QLD,Townsville,318,SA4,42,Carers and Aides,2026-07-01,149
3,QLD,Townsville,318,SA4,43,Hospitality Workers,2026-07-01,25
3,QLD,Townsville,318,SA4,44,Protective Service Workers,2026-07-01,11
3,QLD,Townsville,318,SA4,45,"Sports, Travel and Personal Service Workers",2026-07-01,19
2,QLD,Townsville,318,SA4,5,CLERICAL AND ADMINISTRATIVE WORKERS,2026-07-01,250
3,QLD,Townsville,318,SA4,55,Numerical Clerks,2026-07-01,29
3,QLD,Townsville,318,SA4,56,"Clerical and Office Support Workers, Couriers",2026-07-01,10
3,QLD,Townsville,318,SA4,59,Other Clerical and Administrative Workers,2026-07-01,39
3,QLD,Townsville,318,SA4,5A,"Office Managers, Administrators and Secretaries",2026-07-01,31
3,QLD,Townsville,318,SA4,5B,"General-Inquiry Clerks, Call Centre, Receptionists",2026-07-01,141
2,QLD,Townsville,318,SA4,6,SALES WORKERS,2026-07-01,174
3,QLD,Townsville,318,SA4,61,Sales Representatives and Agents,2026-07-01,36
3,QLD,Townsville,318,SA4,62,Sales Assistants and Salespersons,2026-07-01,125
3,QLD,Townsville,318,SA4,63,Sales Support Workers,2026-07-01,13
2,QLD,Townsville,318,SA4,7,MACHINERY OPERATORS AND DRIVERS,2026-07-01,250
3,QLD,Townsville,318,SA4,71,Machine and Stationary Plant Operators,2026-07-01,62
3,QLD,Townsville,318,SA4,72,Mobile Plant Operators,2026-07-01,62
3,QLD,Townsville,318,SA4,7A,Drivers and Storepersons,2026-07-01,126
2,QLD,Townsville,318,SA4,8,LABOURERS,2026-07-01,201
3,QLD,Townsville,318,SA4,81,Cleaners and Laundry Workers,2026-07-01,42
3,QLD,Townsville,318,SA4,82,Construction and Mining Labourers,2026-07-01,33
3,QLD,Townsville,318,SA4,83,Factory Process Workers,2026-07-01,16
3,QLD,Townsville,318,SA4,84,"Farm, Forestry and Garden Workers",2026-07-01,9
3,QLD,Townsville,318,SA4,85,Food Preparation Assistants,2026-07-01,10
3,QLD,Townsville,318,SA4,89,Other Labourers,2026-07-01,92
1,QLD,Wide Bay,319,SA4,0,Wide Bay TOTAL,2026-07-01,1719
2,QLD,Wide Bay,319,SA4,1,MANAGERS,2026-07-01,128
3,QLD,Wide Bay,319,SA4,11,"Chief Executives, Managing Directors & Legislators",2026-07-01,3
3,QLD,Wide Bay,319,SA4,12,Farmers and Farm Managers,2026-07-01,4
3,QLD,Wide Bay,319,SA4,14,"Hospitality, Retail and Service Managers",2026-07-01,47
3,QLD,Wide Bay,319,SA4,1A,Corporate Managers,2026-07-01,24
3,QLD,Wide Bay,319,SA4,1B,"Construction, Production and Distribution Managers",2026-07-01,37
3,QLD,Wide Bay,319,SA4,1C,"Health, Education, ICT and Other Managers",2026-07-01,14
2,QLD,Wide Bay,319,SA4,2,PROFESSIONALS,2026-07-01,474
3,QLD,Wide Bay,319,SA4,21,Arts and Media Professionals,2026-07-01,3
3,QLD,Wide Bay,319,SA4,24,Education Professionals,2026-07-01,27
3,QLD,Wide Bay,319,SA4,26,ICT Professionals,2026-07-01,8
3,QLD,Wide Bay,319,SA4,27,"Legal, Social and Welfare Professionals",2026-07-01,91
3,QLD,Wide Bay,319,SA4,2A,"Business, Finance and Human Resource Professionals",2026-07-01,38
3,QLD,Wide Bay,319,SA4,2B,Information Professionals,2026-07-01,5
3,QLD,Wide Bay,319,SA4,2C,"Sales, Marketing & Public Relations Professionals",2026-07-01,6
3,QLD,Wide Bay,319,SA4,2D,"Transport and Design Professionals, and Architects",2026-07-01,9
3,QLD,Wide Bay,319,SA4,2E,Engineers,2026-07-01,21
3,QLD,Wide Bay,319,SA4,2F,Science Professionals and Veterinarians,2026-07-01,10
3,QLD,Wide Bay,319,SA4,2G,Health Diagnostic and Therapy Professionals,2026-07-01,85
3,QLD,Wide Bay,319,SA4,2H,Medical Practitioners and Nurses,2026-07-01,172
2,QLD,Wide Bay,319,SA4,3,TECHNICIANS AND TRADES WORKERS,2026-07-01,234
3,QLD,Wide Bay,319,SA4,31,"Engineering, ICT and Science Technicians",2026-07-01,32
3,QLD,Wide Bay,319,SA4,32,Automotive and Engineering Trades,2026-07-01,71
3,QLD,Wide Bay,319,SA4,33,Construction Trades,2026-07-01,40
3,QLD,Wide Bay,319,SA4,34,Electrotechnology and Telecommunications Trades,2026-07-01,29
3,QLD,Wide Bay,319,SA4,35,Food Trades,2026-07-01,33
3,QLD,Wide Bay,319,SA4,36,Skilled Animal and Horticultural Workers,2026-07-01,13
3,QLD,Wide Bay,319,SA4,3A,"Hairdressers, Printing, Clothing and Wood Trades",2026-07-01,8
3,QLD,Wide Bay,319,SA4,3B,"Jewellers, Arts and Other Trades Workers",2026-07-01,7
2,QLD,Wide Bay,319,SA4,4,COMMUNITY AND PERSONAL SERVICE WORKERS,2026-07-01,260
3,QLD,Wide Bay,319,SA4,41,Health and Welfare Support Workers,2026-07-01,48
3,QLD,Wide Bay,319,SA4,42,Carers and Aides,2026-07-01,173
3,QLD,Wide Bay,319,SA4,43,Hospitality Workers,2026-07-01,17
3,QLD,Wide Bay,319,SA4,44,Protective Service Workers,2026-07-01,5
3,QLD,Wide Bay,319,SA4,45,"Sports, Travel and Personal Service Workers",2026-07-01,17
2,QLD,Wide Bay,319,SA4,5,CLERICAL AND ADMINISTRATIVE WORKERS,2026-07-01,202
3,QLD,Wide Bay,319,SA4,55,Numerical Clerks,2026-07-01,21
3,QLD,Wide Bay,319,SA4,56,"Clerical and Office Support Workers, Couriers",2026-07-01,11
3,QLD,Wide Bay,319,SA4,59,Other Clerical and Administrative Workers,2026-07-01,33
3,QLD,Wide Bay,319,SA4,5A,"Office Managers, Administrators and Secretaries",2026-07-01,19
3,QLD,Wide Bay,319,SA4,5B,"General-Inquiry Clerks, Call Centre, Receptionists",2026-07-01,118
2,QLD,Wide Bay,319,SA4,6,SALES WORKERS,2026-07-01,140
3,QLD,Wide Bay,319,SA4,61,Sales Representatives and Agents,2026-07-01,31
3,QLD,Wide Bay,319,SA4,62,Sales Assistants and Salespersons,2026-07-01,102
3,QLD,Wide Bay,319,SA4,63,Sales Support Workers,2026-07-01,7
2,QLD,Wide Bay,319,SA4,7,MACHINERY OPERATORS AND DRIVERS,2026-07-01,131
3,QLD,Wide Bay,319,SA4,71,Machine and Stationary Plant Operators,2026-07-01,24
3,QLD,Wide Bay,319,SA4,72,Mobile Plant Operators,2026-07-01,34
3,QLD,Wide Bay,319,SA4,7A,Drivers and Storepersons,2026-07-01,73
2,QLD,Wide Bay,319,SA4,8,LABOURERS,2026-07-01,151
3,QLD,Wide Bay,319,SA4,81,Cleaners and Laundry Workers,2026-07-01,27
3,QLD,Wide Bay,319,SA4,82,Construction and Mining Labourers,2026-07-01,15
3,QLD,Wide Bay,319,SA4,83,Factory Process Workers,2026-07-01,12
3,QLD,Wide Bay,319,SA4,84,"Farm, Forestry and Garden Workers",2026-07-01,24
3,QLD,Wide Bay,319,SA4,85,Food Preparation Assistants,2026-07-01,14
3,QLD,Wide Bay,319,SA4,89,Other Labourers,2026-07-01,59
1,SA,Greater Adelaide,4GADE,GCCSA,0,Greater Adelaide TOTAL,2026-07-01,11914
2,SA,Greater Adelaide,4GADE,GCCSA,1,MANAGERS,2026-07-01,1425
3,SA,Greater Adelaide,4GADE,GCCSA,11,"Chief Executives, Managing Directors & Legislators",2026-07-01,65
3,SA,Greater Adelaide,4GADE,GCCSA,12,Farmers and Farm Managers,2026-07-01,9
3,SA,Greater Adelaide,4GADE,GCCSA,14,"Hospitality, Retail and Service Managers",2026-07-01,416
3,SA,Greater Adelaide,4GADE,GCCSA,1A,Corporate Managers,2026-07-01,428
3,SA,Greater Adelaide,4GADE,GCCSA,1B,"Construction, Production and Distribution Managers",2026-07-01,373
3,SA,Greater Adelaide,4GADE,GCCSA,1C,"Health, Education, ICT and Other Managers",2026-07-01,135
2,SA,Greater Adelaide,4GADE,GCCSA,2,PROFESSIONALS,2026-07-01,3157
3,SA,Greater Adelaide,4GADE,GCCSA,21,Arts and Media Professionals,2026-07-01,71
3,SA,Greater Adelaide,4GADE,GCCSA,24,Education Professionals,2026-07-01,85
3,SA,Greater Adelaide,4GADE,GCCSA,26,ICT Professionals,2026-07-01,334
3,SA,Greater Adelaide,4GADE,GCCSA,27,"Legal, Social and Welfare Professionals",2026-07-01,393
3,SA,Greater Adelaide,4GADE,GCCSA,2A,"Business, Finance and Human Resource Professionals",2026-07-01,430
3,SA,Greater Adelaide,4GADE,GCCSA,2B,Information Professionals,2026-07-01,106
3,SA,Greater Adelaide,4GADE,GCCSA,2C,"Sales, Marketing & Public Relations Professionals",2026-07-01,121
3,SA,Greater Adelaide,4GADE,GCCSA,2D,"Transport and Design Professionals, and Architects",2026-07-01,90
3,SA,Greater Adelaide,4GADE,GCCSA,2E,Engineers,2026-07-01,286
3,SA,Greater Adelaide,4GADE,GCCSA,2F,Science Professionals and Veterinarians,2026-07-01,60
3,SA,Greater Adelaide,4GADE,GCCSA,2G,Health Diagnostic and Therapy Professionals,2026-07-01,433
3,SA,Greater Adelaide,4GADE,GCCSA,2H,Medical Practitioners and Nurses,2026-07-01,749
2,SA,Greater Adelaide,4GADE,GCCSA,3,TECHNICIANS AND TRADES WORKERS,2026-07-01,1739
3,SA,Greater Adelaide,4GADE,GCCSA,31,"Engineering, ICT and Science Technicians",2026-07-01,287
3,SA,Greater Adelaide,4GADE,GCCSA,32,Automotive and Engineering Trades,2026-07-01,527
3,SA,Greater Adelaide,4GADE,GCCSA,33,Construction Trades,2026-07-01,227
3,SA,Greater Adelaide,4GADE,GCCSA,34,Electrotechnology and Telecommunications Trades,2026-07-01,231
3,SA,Greater Adelaide,4GADE,GCCSA,35,Food Trades,2026-07-01,252
3,SA,Greater Adelaide,4GADE,GCCSA,36,Skilled Animal and Horticultural Workers,2026-07-01,89
3,SA,Greater Adelaide,4GADE,GCCSA,3A,"Hairdressers, Printing, Clothing and Wood Trades",2026-07-01,58
3,SA,Greater Adelaide,4GADE,GCCSA,3B,"Jewellers, Arts and Other Trades Workers",2026-07-01,69
2,SA,Greater Adelaide,4GADE,GCCSA,4,COMMUNITY AND PERSONAL SERVICE WORKERS,2026-07-01,1072
3,SA,Greater Adelaide,4GADE,GCCSA,41,Health and Welfare Support Workers,2026-07-01,164
3,SA,Greater Adelaide,4GADE,GCCSA,42,Carers and Aides,2026-07-01,571
3,SA,Greater Adelaide,4GADE,GCCSA,43,Hospitality Workers,2026-07-01,146
3,SA,Greater Adelaide,4GADE,GCCSA,44,Protective Service Workers,2026-07-01,59
3,SA,Greater Adelaide,4GADE,GCCSA,45,"Sports, Travel and Personal Service Workers",2026-07-01,131
2,SA,Greater Adelaide,4GADE,GCCSA,5,CLERICAL AND ADMINISTRATIVE WORKERS,2026-07-01,1862
3,SA,Greater Adelaide,4GADE,GCCSA,55,Numerical Clerks,2026-07-01,272
3,SA,Greater Adelaide,4GADE,GCCSA,56,"Clerical and Office Support Workers, Couriers",2026-07-01,65
3,SA,Greater Adelaide,4GADE,GCCSA,59,Other Clerical and Administrative Workers,2026-07-01,352
3,SA,Greater Adelaide,4GADE,GCCSA,5A,"Office Managers, Administrators and Secretaries",2026-07-01,269
3,SA,Greater Adelaide,4GADE,GCCSA,5B,"General-Inquiry Clerks, Call Centre, Receptionists",2026-07-01,903
2,SA,Greater Adelaide,4GADE,GCCSA,6,SALES WORKERS,2026-07-01,914
3,SA,Greater Adelaide,4GADE,GCCSA,61,Sales Representatives and Agents,2026-07-01,243
3,SA,Greater Adelaide,4GADE,GCCSA,62,Sales Assistants and Salespersons,2026-07-01,601
3,SA,Greater Adelaide,4GADE,GCCSA,63,Sales Support Workers,2026-07-01,70
2,SA,Greater Adelaide,4GADE,GCCSA,7,MACHINERY OPERATORS AND DRIVERS,2026-07-01,860
3,SA,Greater Adelaide,4GADE,GCCSA,71,Machine and Stationary Plant Operators,2026-07-01,196
3,SA,Greater Adelaide,4GADE,GCCSA,72,Mobile Plant Operators,2026-07-01,229
3,SA,Greater Adelaide,4GADE,GCCSA,7A,Drivers and Storepersons,2026-07-01,435
2,SA,Greater Adelaide,4GADE,GCCSA,8,LABOURERS,2026-07-01,885
3,SA,Greater Adelaide,4GADE,GCCSA,81,Cleaners and Laundry Workers,2026-07-01,198
3,SA,Greater Adelaide,4GADE,GCCSA,82,Construction and Mining Labourers,2026-07-01,124
3,SA,Greater Adelaide,4GADE,GCCSA,83,Factory Process Workers,2026-07-01,132
3,SA,Greater Adelaide,4GADE,GCCSA,84,"Farm, Forestry and Garden Workers",2026-07-01,34
3,SA,Greater Adelaide,4GADE,GCCSA,85,Food Preparation Assistants,2026-07-01,62
3,SA,Greater Adelaide,4GADE,GCCSA,89,Other Labourers,2026-07-01,335
1,SA,Barossa - Yorke - Mid North,405,SA4,0,Barossa - Yorke - Mid North TOTAL,2026-07-01,572
2,SA,Barossa - Yorke - Mid North,405,SA4,1,MANAGERS,2026-07-01,39
3,SA,Barossa - Yorke - Mid North,405,SA4,11,"Chief Executives, Managing Directors & Legislators",2026-07-01,1
3,SA,Barossa - Yorke - Mid North,405,SA4,12,Farmers and Farm Managers,2026-07-01,4
3,SA,Barossa - Yorke - Mid North,405,SA4,14,"Hospitality, Retail and Service Managers",2026-07-01,17
3,SA,Barossa - Yorke - Mid North,405,SA4,1A,Corporate Managers,2026-07-01,9
3,SA,Barossa - Yorke - Mid North,405,SA4,1B,"Construction, Production and Distribution Managers",2026-07-01,5
3,SA,Barossa - Yorke - Mid North,405,SA4,1C,"Health, Education, ICT and Other Managers",2026-07-01,2
2,SA,Barossa - Yorke - Mid North,405,SA4,2,PROFESSIONALS,2026-07-01,191
3,SA,Barossa - Yorke - Mid North,405,SA4,21,Arts and Media Professionals,2026-07-01,2
3,SA,Barossa - Yorke - Mid North,405,SA4,24,Education Professionals,2026-07-01,5
3,SA,Barossa - Yorke - Mid North,405,SA4,26,ICT Professionals,2026-07-01,2
3,SA,Barossa - Yorke - Mid North,405,SA4,27,"Legal, Social and Welfare Professionals",2026-07-01,19
3,SA,Barossa - Yorke - Mid North,405,SA4,2A,"Business, Finance and Human Resource Professionals",2026-07-01,9
3,SA,Barossa - Yorke - Mid North,405,SA4,2B,Information Professionals,2026-07-01,1
3,SA,Barossa - Yorke - Mid North,405,SA4,2C,"Sales, Marketing & Public Relations Professionals",2026-07-01,2
3,SA,Barossa - Yorke - Mid North,405,SA4,2D,"Transport and Design Professionals, and Architects",2026-07-01,0
3,SA,Barossa - Yorke - Mid North,405,SA4,2E,Engineers,2026-07-01,6
3,SA,Barossa - Yorke - Mid North,405,SA4,2F,Science Professionals and Veterinarians,2026-07-01,5
3,SA,Barossa - Yorke - Mid North,405,SA4,2G,Health Diagnostic and Therapy Professionals,2026-07-01,33
3,SA,Barossa - Yorke - Mid North,405,SA4,2H,Medical Practitioners and Nurses,2026-07-01,106
2,SA,Barossa - Yorke - Mid North,405,SA4,3,TECHNICIANS AND TRADES WORKERS,2026-07-01,69
3,SA,Barossa - Yorke - Mid North,405,SA4,31,"Engineering, ICT and Science Technicians",2026-07-01,10
3,SA,Barossa - Yorke - Mid North,405,SA4,32,Automotive and Engineering Trades,2026-07-01,19
3,SA,Barossa - Yorke - Mid North,405,SA4,33,Construction Trades,2026-07-01,3
3,SA,Barossa - Yorke - Mid North,405,SA4,34,Electrotechnology and Telecommunications Trades,2026-07-01,8
3,SA,Barossa - Yorke - Mid North,405,SA4,35,Food Trades,2026-07-01,19
3,SA,Barossa - Yorke - Mid North,405,SA4,36,Skilled Animal and Horticultural Workers,2026-07-01,5
3,SA,Barossa - Yorke - Mid North,405,SA4,3A,"Hairdressers, Printing, Clothing and Wood Trades",2026-07-01,1
3,SA,Barossa - Yorke - Mid North,405,SA4,3B,"Jewellers, Arts and Other Trades Workers",2026-07-01,4
2,SA,Barossa - Yorke - Mid North,405,SA4,4,COMMUNITY AND PERSONAL SERVICE WORKERS,2026-07-01,96
3,SA,Barossa - Yorke - Mid North,405,SA4,41,Health and Welfare Support Workers,2026-07-01,46
3,SA,Barossa - Yorke - Mid North,405,SA4,42,Carers and Aides,2026-07-01,40
3,SA,Barossa - Yorke - Mid North,405,SA4,43,Hospitality Workers,2026-07-01,5
3,SA,Barossa - Yorke - Mid North,405,SA4,44,Protective Service Workers,2026-07-01,1
3,SA,Barossa - Yorke - Mid North,405,SA4,45,"Sports, Travel and Personal Service Workers",2026-07-01,5
2,SA,Barossa - Yorke - Mid North,405,SA4,5,CLERICAL AND ADMINISTRATIVE WORKERS,2026-07-01,60
3,SA,Barossa - Yorke - Mid North,405,SA4,55,Numerical Clerks,2026-07-01,8
3,SA,Barossa - Yorke - Mid North,405,SA4,56,"Clerical and Office Support Workers, Couriers",2026-07-01,5
3,SA,Barossa - Yorke - Mid North,405,SA4,59,Other Clerical and Administrative Workers,2026-07-01,6
3,SA,Barossa - Yorke - Mid North,405,SA4,5A,"Office Managers, Administrators and Secretaries",2026-07-01,8
3,SA,Barossa - Yorke - Mid North,405,SA4,5B,"General-Inquiry Clerks, Call Centre, Receptionists",2026-07-01,33
2,SA,Barossa - Yorke - Mid North,405,SA4,6,SALES WORKERS,2026-07-01,34
3,SA,Barossa - Yorke - Mid North,405,SA4,61,Sales Representatives and Agents,2026-07-01,4
3,SA,Barossa - Yorke - Mid North,405,SA4,62,Sales Assistants and Salespersons,2026-07-01,24
3,SA,Barossa - Yorke - Mid North,405,SA4,63,Sales Support Workers,2026-07-01,6
2,SA,Barossa - Yorke - Mid North,405,SA4,7,MACHINERY OPERATORS AND DRIVERS,2026-07-01,31
3,SA,Barossa - Yorke - Mid North,405,SA4,71,Machine and Stationary Plant Operators,2026-07-01,10
3,SA,Barossa - Yorke - Mid North,405,SA4,72,Mobile Plant Operators,2026-07-01,9
3,SA,Barossa - Yorke - Mid North,405,SA4,7A,Drivers and Storepersons,2026-07-01,13
2,SA,Barossa - Yorke - Mid North,405,SA4,8,LABOURERS,2026-07-01,52
3,SA,Barossa - Yorke - Mid North,405,SA4,81,Cleaners and Laundry Workers,2026-07-01,10
3,SA,Barossa - Yorke - Mid North,405,SA4,82,Construction and Mining Labourers,2026-07-01,4
3,SA,Barossa - Yorke - Mid North,405,SA4,83,Factory Process Workers,2026-07-01,3
3,SA,Barossa - Yorke - Mid North,405,SA4,84,"Farm, Forestry and Garden Workers",2026-07-01,6
3,SA,Barossa - Yorke - Mid North,405,SA4,85,Food Preparation Assistants,2026-07-01,7
3,SA,Barossa - Yorke - Mid North,405,SA4,89,Other Labourers,2026-07-01,21
1,SA,South Australia - Outback,406,SA4,0,South Australia - Outback TOTAL,2026-07-01,673
2,SA,South Australia - Outback,406,SA4,1,MANAGERS,2026-07-01,49
3,SA,South Australia - Outback,406,SA4,11,"Chief Executives, Managing Directors & Legislators",2026-07-01,1
3,SA,South Australia - Outback,406,SA4,12,Farmers and Farm Managers,2026-07-01,1
3,SA,South Australia - Outback,406,SA4,14,"Hospitality, Retail and Service Managers",2026-07-01,26
3,SA,South Australia - Outback,406,SA4,1A,Corporate Managers,2026-07-01,9
3,SA,South Australia - Outback,406,SA4,1B,"Construction, Production and Distribution Managers",2026-07-01,8
3,SA,South Australia - Outback,406,SA4,1C,"Health, Education, ICT and Other Managers",2026-07-01,3
2,SA,South Australia - Outback,406,SA4,2,PROFESSIONALS,2026-07-01,224
3,SA,South Australia - Outback,406,SA4,21,Arts and Media Professionals,2026-07-01,2
3,SA,South Australia - Outback,406,SA4,24,Education Professionals,2026-07-01,3
3,SA,South Australia - Outback,406,SA4,26,ICT Professionals,2026-07-01,1
3,SA,South Australia - Outback,406,SA4,27,"Legal, Social and Welfare Professionals",2026-07-01,41
3,SA,South Australia - Outback,406,SA4,2A,"Business, Finance and Human Resource Professionals",2026-07-01,8
3,SA,South Australia - Outback,406,SA4,2B,Information Professionals,2026-07-01,2
3,SA,South Australia - Outback,406,SA4,2C,"Sales, Marketing & Public Relations Professionals",2026-07-01,0
3,SA,South Australia - Outback,406,SA4,2D,"Transport and Design Professionals, and Architects",2026-07-01,3
3,SA,South Australia - Outback,406,SA4,2E,Engineers,2026-07-01,9
3,SA,South Australia - Outback,406,SA4,2F,Science Professionals and Veterinarians,2026-07-01,6
3,SA,South Australia - Outback,406,SA4,2G,Health Diagnostic and Therapy Professionals,2026-07-01,35
3,SA,South Australia - Outback,406,SA4,2H,Medical Practitioners and Nurses,2026-07-01,114
2,SA,South Australia - Outback,406,SA4,3,TECHNICIANS AND TRADES WORKERS,2026-07-01,114
3,SA,South Australia - Outback,406,SA4,31,"Engineering, ICT and Science Technicians",2026-07-01,13
3,SA,South Australia - Outback,406,SA4,32,Automotive and Engineering Trades,2026-07-01,47
3,SA,South Australia - Outback,406,SA4,33,Construction Trades,2026-07-01,7
3,SA,South Australia - Outback,406,SA4,34,Electrotechnology and Telecommunications Trades,2026-07-01,22
3,SA,South Australia - Outback,406,SA4,35,Food Trades,2026-07-01,16
3,SA,South Australia - Outback,406,SA4,36,Skilled Animal and Horticultural Workers,2026-07-01,3
3,SA,South Australia - Outback,406,SA4,3A,"Hairdressers, Printing, Clothing and Wood Trades",2026-07-01,2
3,SA,South Australia - Outback,406,SA4,3B,"Jewellers, Arts and Other Trades Workers",2026-07-01,2
2,SA,South Australia - Outback,406,SA4,4,COMMUNITY AND PERSONAL SERVICE WORKERS,2026-07-01,93
3,SA,South Australia - Outback,406,SA4,41,Health and Welfare Support Workers,2026-07-01,34
3,SA,South Australia - Outback,406,SA4,42,Carers and Aides,2026-07-01,43
3,SA,South Australia - Outback,406,SA4,43,Hospitality Workers,2026-07-01,7
3,SA,South Australia - Outback,406,SA4,44,Protective Service Workers,2026-07-01,4
3,SA,South Australia - Outback,406,SA4,45,"Sports, Travel and Personal Service Workers",2026-07-01,5
2,SA,South Australia - Outback,406,SA4,5,CLERICAL AND ADMINISTRATIVE WORKERS,2026-07-01,66
3,SA,South Australia - Outback,406,SA4,55,Numerical Clerks,2026-07-01,6
3,SA,South Australia - Outback,406,SA4,56,"Clerical and Office Support Workers, Couriers",2026-07-01,4
3,SA,South Australia - Outback,406,SA4,59,Other Clerical and Administrative Workers,2026-07-01,5
3,SA,South Australia - Outback,406,SA4,5A,"Office Managers, Administrators and Secretaries",2026-07-01,6
3,SA,South Australia - Outback,406,SA4,5B,"General-Inquiry Clerks, Call Centre, Receptionists",2026-07-01,45
2,SA,South Australia - Outback,406,SA4,6,SALES WORKERS,2026-07-01,40
3,SA,South Australia - Outback,406,SA4,61,Sales Representatives and Agents,2026-07-01,5
3,SA,South Australia - Outback,406,SA4,62,Sales Assistants and Salespersons,2026-07-01,28
3,SA,South Australia - Outback,406,SA4,63,Sales Support Workers,2026-07-01,6
2,SA,South Australia - Outback,406,SA4,7,MACHINERY OPERATORS AND DRIVERS,2026-07-01,42
3,SA,South Australia - Outback,406,SA4,71,Machine and Stationary Plant Operators,2026-07-01,15
3,SA,South Australia - Outback,406,SA4,72,Mobile Plant Operators,2026-07-01,5
3,SA,South Australia - Outback,406,SA4,7A,Drivers and Storepersons,2026-07-01,22
2,SA,South Australia - Outback,406,SA4,8,LABOURERS,2026-07-01,45
3,SA,South Australia - Outback,406,SA4,81,Cleaners and Laundry Workers,2026-07-01,7
3,SA,South Australia - Outback,406,SA4,82,Construction and Mining Labourers,2026-07-01,9
3,SA,South Australia - Outback,406,SA4,83,Factory Process Workers,2026-07-01,5
3,SA,South Australia - Outback,406,SA4,84,"Farm, Forestry and Garden Workers",2026-07-01,5
3,SA,South Australia - Outback,406,SA4,85,Food Preparation Assistants,2026-07-01,3
3,SA,South Australia - Outback,406,SA4,89,Other Labourers,2026-07-01,16
1,SA,South Australia - South East,407,SA4,0,South Australia - South East TOTAL,2026-07-01,899
2,SA,South Australia - South East,407,SA4,1,MANAGERS,2026-07-01,71
3,SA,South Australia - South East,407,SA4,11,"Chief Executives, Managing Directors & Legislators",2026-07-01,3
3,SA,South Australia - South East,407,SA4,12,Farmers and Farm Managers,2026-07-01,8
3,SA,South Australia - South East,407,SA4,14,"Hospitality, Retail and Service Managers",2026-07-01,30
3,SA,South Australia - South East,407,SA4,1A,Corporate Managers,2026-07-01,15
3,SA,South Australia - South East,407,SA4,1B,"Construction, Production and Distribution Managers",2026-07-01,11
3,SA,South Australia - South East,407,SA4,1C,"Health, Education, ICT and Other Managers",2026-07-01,4
2,SA,South Australia - South East,407,SA4,2,PROFESSIONALS,2026-07-01,247
3,SA,South Australia - South East,407,SA4,21,Arts and Media Professionals,2026-07-01,2
3,SA,South Australia - South East,407,SA4,24,Education Professionals,2026-07-01,6
3,SA,South Australia - South East,407,SA4,26,ICT Professionals,2026-07-01,2
3,SA,South Australia - South East,407,SA4,27,"Legal, Social and Welfare Professionals",2026-07-01,50
3,SA,South Australia - South East,407,SA4,2A,"Business, Finance and Human Resource Professionals",2026-07-01,14
3,SA,South Australia - South East,407,SA4,2B,Information Professionals,2026-07-01,3
3,SA,South Australia - South East,407,SA4,2C,"Sales, Marketing & Public Relations Professionals",2026-07-01,2
3,SA,South Australia - South East,407,SA4,2D,"Transport and Design Professionals, and Architects",2026-07-01,0
3,SA,South Australia - South East,407,SA4,2E,Engineers,2026-07-01,6
3,SA,South Australia - South East,407,SA4,2F,Science Professionals and Veterinarians,2026-07-01,6
3,SA,South Australia - South East,407,SA4,2G,Health Diagnostic and Therapy Professionals,2026-07-01,48
3,SA,South Australia - South East,407,SA4,2H,Medical Practitioners and Nurses,2026-07-01,108
2,SA,South Australia - South East,407,SA4,3,TECHNICIANS AND TRADES WORKERS,2026-07-01,122
3,SA,South Australia - South East,407,SA4,31,"Engineering, ICT and Science Technicians",2026-07-01,21
3,SA,South Australia - South East,407,SA4,32,Automotive and Engineering Trades,2026-07-01,34
3,SA,South Australia - South East,407,SA4,33,Construction Trades,2026-07-01,8
3,SA,South Australia - South East,407,SA4,34,Electrotechnology and Telecommunications Trades,2026-07-01,14
3,SA,South Australia - South East,407,SA4,35,Food Trades,2026-07-01,31
3,SA,South Australia - South East,407,SA4,36,Skilled Animal and Horticultural Workers,2026-07-01,6
3,SA,South Australia - South East,407,SA4,3A,"Hairdressers, Printing, Clothing and Wood Trades",2026-07-01,5
3,SA,South Australia - South East,407,SA4,3B,"Jewellers, Arts and Other Trades Workers",2026-07-01,2
2,SA,South Australia - South East,407,SA4,4,COMMUNITY AND PERSONAL SERVICE WORKERS,2026-07-01,121
3,SA,South Australia - South East,407,SA4,41,Health and Welfare Support Workers,2026-07-01,24
3,SA,South Australia - South East,407,SA4,42,Carers and Aides,2026-07-01,68
3,SA,South Australia - South East,407,SA4,43,Hospitality Workers,2026-07-01,16
3,SA,South Australia - South East,407,SA4,44,Protective Service Workers,2026-07-01,4
3,SA,South Australia - South East,407,SA4,45,"Sports, Travel and Personal Service Workers",2026-07-01,10
2,SA,South Australia - South East,407,SA4,5,CLERICAL AND ADMINISTRATIVE WORKERS,2026-07-01,104
3,SA,South Australia - South East,407,SA4,55,Numerical Clerks,2026-07-01,10
3,SA,South Australia - South East,407,SA4,56,"Clerical and Office Support Workers, Couriers",2026-07-01,8
3,SA,South Australia - South East,407,SA4,59,Other Clerical and Administrative Workers,2026-07-01,15
3,SA,South Australia - South East,407,SA4,5A,"Office Managers, Administrators and Secretaries",2026-07-01,6
3,SA,South Australia - South East,407,SA4,5B,"General-Inquiry Clerks, Call Centre, Receptionists",2026-07-01,65
2,SA,South Australia - South East,407,SA4,6,SALES WORKERS,2026-07-01,79
3,SA,South Australia - South East,407,SA4,61,Sales Representatives and Agents,2026-07-01,9
3,SA,South Australia - South East,407,SA4,62,Sales Assistants and Salespersons,2026-07-01,50
3,SA,South Australia - South East,407,SA4,63,Sales Support Workers,2026-07-01,20
2,SA,South Australia - South East,407,SA4,7,MACHINERY OPERATORS AND DRIVERS,2026-07-01,55
3,SA,South Australia - South East,407,SA4,71,Machine and Stationary Plant Operators,2026-07-01,9
3,SA,South Australia - South East,407,SA4,72,Mobile Plant Operators,2026-07-01,16
3,SA,South Australia - South East,407,SA4,7A,Drivers and Storepersons,2026-07-01,31
2,SA,South Australia - South East,407,SA4,8,LABOURERS,2026-07-01,99
3,SA,South Australia - South East,407,SA4,81,Cleaners and Laundry Workers,2026-07-01,17
3,SA,South Australia - South East,407,SA4,82,Construction and Mining Labourers,2026-07-01,6
3,SA,South Australia - South East,407,SA4,83,Factory Process Workers,2026-07-01,13
3,SA,South Australia - South East,407,SA4,84,"Farm, Forestry and Garden Workers",2026-07-01,21
3,SA,South Australia - South East,407,SA4,85,Food Preparation Assistants,2026-07-01,7
3,SA,South Australia - South East,407,SA4,89,Other Labourers,2026-07-01,34
1,WA,Greater Perth,5GPER,GCCSA,0,Greater Perth TOTAL,2026-07-01,21801
2,WA,Greater Perth,5GPER,GCCSA,1,MANAGERS,2026-07-01,2442
3,WA,Greater Perth,5GPER,GCCSA,11,"Chief Executives, Managing Directors & Legislators",2026-07-01,95
3,WA,Greater Perth,5GPER,GCCSA,12,Farmers and Farm Managers,2026-07-01,10
3,WA,Greater Perth,5GPER,GCCSA,14,"Hospitality, Retail and Service Managers",2026-07-01,702
3,WA,Greater Perth,5GPER,GCCSA,1A,Corporate Managers,2026-07-01,763
3,WA,Greater Perth,5GPER,GCCSA,1B,"Construction, Production and Distribution Managers",2026-07-01,692
3,WA,Greater Perth,5GPER,GCCSA,1C,"Health, Education, ICT and Other Managers",2026-07-01,181
2,WA,Greater Perth,5GPER,GCCSA,2,PROFESSIONALS,2026-07-01,5510
3,WA,Greater Perth,5GPER,GCCSA,21,Arts and Media Professionals,2026-07-01,129
3,WA,Greater Perth,5GPER,GCCSA,24,Education Professionals,2026-07-01,184
3,WA,Greater Perth,5GPER,GCCSA,26,ICT Professionals,2026-07-01,441
3,WA,Greater Perth,5GPER,GCCSA,27,"Legal, Social and Welfare Professionals",2026-07-01,553
3,WA,Greater Perth,5GPER,GCCSA,2A,"Business, Finance and Human Resource Professionals",2026-07-01,957
3,WA,Greater Perth,5GPER,GCCSA,2B,Information Professionals,2026-07-01,201
3,WA,Greater Perth,5GPER,GCCSA,2C,"Sales, Marketing & Public Relations Professionals",2026-07-01,233
3,WA,Greater Perth,5GPER,GCCSA,2D,"Transport and Design Professionals, and Architects",2026-07-01,189
3,WA,Greater Perth,5GPER,GCCSA,2E,Engineers,2026-07-01,1001
3,WA,Greater Perth,5GPER,GCCSA,2F,Science Professionals and Veterinarians,2026-07-01,249
3,WA,Greater Perth,5GPER,GCCSA,2G,Health Diagnostic and Therapy Professionals,2026-07-01,698
3,WA,Greater Perth,5GPER,GCCSA,2H,Medical Practitioners and Nurses,2026-07-01,675
2,WA,Greater Perth,5GPER,GCCSA,3,TECHNICIANS AND TRADES WORKERS,2026-07-01,4470
3,WA,Greater Perth,5GPER,GCCSA,31,"Engineering, ICT and Science Technicians",2026-07-01,770
3,WA,Greater Perth,5GPER,GCCSA,32,Automotive and Engineering Trades,2026-07-01,1646
3,WA,Greater Perth,5GPER,GCCSA,33,Construction Trades,2026-07-01,506
3,WA,Greater Perth,5GPER,GCCSA,34,Electrotechnology and Telecommunications Trades,2026-07-01,719
3,WA,Greater Perth,5GPER,GCCSA,35,Food Trades,2026-07-01,383
3,WA,Greater Perth,5GPER,GCCSA,36,Skilled Animal and Horticultural Workers,2026-07-01,165
3,WA,Greater Perth,5GPER,GCCSA,3A,"Hairdressers, Printing, Clothing and Wood Trades",2026-07-01,130
3,WA,Greater Perth,5GPER,GCCSA,3B,"Jewellers, Arts and Other Trades Workers",2026-07-01,152
2,WA,Greater Perth,5GPER,GCCSA,4,COMMUNITY AND PERSONAL SERVICE WORKERS,2026-07-01,1326
3,WA,Greater Perth,5GPER,GCCSA,41,Health and Welfare Support Workers,2026-07-01,191
3,WA,Greater Perth,5GPER,GCCSA,42,Carers and Aides,2026-07-01,582
3,WA,Greater Perth,5GPER,GCCSA,43,Hospitality Workers,2026-07-01,261
3,WA,Greater Perth,5GPER,GCCSA,44,Protective Service Workers,2026-07-01,89
3,WA,Greater Perth,5GPER,GCCSA,45,"Sports, Travel and Personal Service Workers",2026-07-01,204
2,WA,Greater Perth,5GPER,GCCSA,5,CLERICAL AND ADMINISTRATIVE WORKERS,2026-07-01,3295
3,WA,Greater Perth,5GPER,GCCSA,55,Numerical Clerks,2026-07-01,547
3,WA,Greater Perth,5GPER,GCCSA,56,"Clerical and Office Support Workers, Couriers",2026-07-01,119
3,WA,Greater Perth,5GPER,GCCSA,59,Other Clerical and Administrative Workers,2026-07-01,614
3,WA,Greater Perth,5GPER,GCCSA,5A,"Office Managers, Administrators and Secretaries",2026-07-01,556
3,WA,Greater Perth,5GPER,GCCSA,5B,"General-Inquiry Clerks, Call Centre, Receptionists",2026-07-01,1459
2,WA,Greater Perth,5GPER,GCCSA,6,SALES WORKERS,2026-07-01,1473
3,WA,Greater Perth,5GPER,GCCSA,61,Sales Representatives and Agents,2026-07-01,477
3,WA,Greater Perth,5GPER,GCCSA,62,Sales Assistants and Salespersons,2026-07-01,912
3,WA,Greater Perth,5GPER,GCCSA,63,Sales Support Workers,2026-07-01,84
2,WA,Greater Perth,5GPER,GCCSA,7,MACHINERY OPERATORS AND DRIVERS,2026-07-01,1913
3,WA,Greater Perth,5GPER,GCCSA,71,Machine and Stationary Plant Operators,2026-07-01,644
3,WA,Greater Perth,5GPER,GCCSA,72,Mobile Plant Operators,2026-07-01,480
3,WA,Greater Perth,5GPER,GCCSA,7A,Drivers and Storepersons,2026-07-01,790
2,WA,Greater Perth,5GPER,GCCSA,8,LABOURERS,2026-07-01,1372
3,WA,Greater Perth,5GPER,GCCSA,81,Cleaners and Laundry Workers,2026-07-01,197
3,WA,Greater Perth,5GPER,GCCSA,82,Construction and Mining Labourers,2026-07-01,363
3,WA,Greater Perth,5GPER,GCCSA,83,Factory Process Workers,2026-07-01,150
3,WA,Greater Perth,5GPER,GCCSA,84,"Farm, Forestry and Garden Workers",2026-07-01,55
3,WA,Greater Perth,5GPER,GCCSA,85,Food Preparation Assistants,2026-07-01,61
3,WA,Greater Perth,5GPER,GCCSA,89,Other Labourers,2026-07-01,547
1,WA,Bunbury,501,SA4,0,Bunbury TOTAL,2026-07-01,1113
2,WA,Bunbury,501,SA4,1,MANAGERS,2026-07-01,114
3,WA,Bunbury,501,SA4,11,"Chief Executives, Managing Directors & Legislators",2026-07-01,5
3,WA,Bunbury,501,SA4,12,Farmers and Farm Managers,2026-07-01,2
3,WA,Bunbury,501,SA4,14,"Hospitality, Retail and Service Managers",2026-07-01,59
3,WA,Bunbury,501,SA4,1A,Corporate Managers,2026-07-01,22
3,WA,Bunbury,501,SA4,1B,"Construction, Production and Distribution Managers",2026-07-01,17
3,WA,Bunbury,501,SA4,1C,"Health, Education, ICT and Other Managers",2026-07-01,8
2,WA,Bunbury,501,SA4,2,PROFESSIONALS,2026-07-01,250
3,WA,Bunbury,501,SA4,21,Arts and Media Professionals,2026-07-01,6
3,WA,Bunbury,501,SA4,24,Education Professionals,2026-07-01,18
3,WA,Bunbury,501,SA4,26,ICT Professionals,2026-07-01,7
3,WA,Bunbury,501,SA4,27,"Legal, Social and Welfare Professionals",2026-07-01,44
3,WA,Bunbury,501,SA4,2A,"Business, Finance and Human Resource Professionals",2026-07-01,27
3,WA,Bunbury,501,SA4,2B,Information Professionals,2026-07-01,5
3,WA,Bunbury,501,SA4,2C,"Sales, Marketing & Public Relations Professionals",2026-07-01,5
3,WA,Bunbury,501,SA4,2D,"Transport and Design Professionals, and Architects",2026-07-01,6
3,WA,Bunbury,501,SA4,2E,Engineers,2026-07-01,18
3,WA,Bunbury,501,SA4,2F,Science Professionals and Veterinarians,2026-07-01,12
3,WA,Bunbury,501,SA4,2G,Health Diagnostic and Therapy Professionals,2026-07-01,47
3,WA,Bunbury,501,SA4,2H,Medical Practitioners and Nurses,2026-07-01,55
2,WA,Bunbury,501,SA4,3,TECHNICIANS AND TRADES WORKERS,2026-07-01,224
3,WA,Bunbury,501,SA4,31,"Engineering, ICT and Science Technicians",2026-07-01,21
3,WA,Bunbury,501,SA4,32,Automotive and Engineering Trades,2026-07-01,85
3,WA,Bunbury,501,SA4,33,Construction Trades,2026-07-01,32
3,WA,Bunbury,501,SA4,34,Electrotechnology and Telecommunications Trades,2026-07-01,29
3,WA,Bunbury,501,SA4,35,Food Trades,2026-07-01,35
3,WA,Bunbury,501,SA4,36,Skilled Animal and Horticultural Workers,2026-07-01,14
3,WA,Bunbury,501,SA4,3A,"Hairdressers, Printing, Clothing and Wood Trades",2026-07-01,5
3,WA,Bunbury,501,SA4,3B,"Jewellers, Arts and Other Trades Workers",2026-07-01,3
2,WA,Bunbury,501,SA4,4,COMMUNITY AND PERSONAL SERVICE WORKERS,2026-07-01,101
3,WA,Bunbury,501,SA4,41,Health and Welfare Support Workers,2026-07-01,13
3,WA,Bunbury,501,SA4,42,Carers and Aides,2026-07-01,50
3,WA,Bunbury,501,SA4,43,Hospitality Workers,2026-07-01,21
3,WA,Bunbury,501,SA4,44,Protective Service Workers,2026-07-01,4
3,WA,Bunbury,501,SA4,45,"Sports, Travel and Personal Service Workers",2026-07-01,13
2,WA,Bunbury,501,SA4,5,CLERICAL AND ADMINISTRATIVE WORKERS,2026-07-01,124
3,WA,Bunbury,501,SA4,55,Numerical Clerks,2026-07-01,14
3,WA,Bunbury,501,SA4,56,"Clerical and Office Support Workers, Couriers",2026-07-01,4
3,WA,Bunbury,501,SA4,59,Other Clerical and Administrative Workers,2026-07-01,19
3,WA,Bunbury,501,SA4,5A,"Office Managers, Administrators and Secretaries",2026-07-01,16
3,WA,Bunbury,501,SA4,5B,"General-Inquiry Clerks, Call Centre, Receptionists",2026-07-01,71
2,WA,Bunbury,501,SA4,6,SALES WORKERS,2026-07-01,114
3,WA,Bunbury,501,SA4,61,Sales Representatives and Agents,2026-07-01,21
3,WA,Bunbury,501,SA4,62,Sales Assistants and Salespersons,2026-07-01,85
3,WA,Bunbury,501,SA4,63,Sales Support Workers,2026-07-01,8
2,WA,Bunbury,501,SA4,7,MACHINERY OPERATORS AND DRIVERS,2026-07-01,84
3,WA,Bunbury,501,SA4,71,Machine and Stationary Plant Operators,2026-07-01,19
3,WA,Bunbury,501,SA4,72,Mobile Plant Operators,2026-07-01,16
3,WA,Bunbury,501,SA4,7A,Drivers and Storepersons,2026-07-01,49
2,WA,Bunbury,501,SA4,8,LABOURERS,2026-07-01,103
3,WA,Bunbury,501,SA4,81,Cleaners and Laundry Workers,2026-07-01,26
3,WA,Bunbury,501,SA4,82,Construction and Mining Labourers,2026-07-01,16
3,WA,Bunbury,501,SA4,83,Factory Process Workers,2026-07-01,10
3,WA,Bunbury,501,SA4,84,"Farm, Forestry and Garden Workers",2026-07-01,17
3,WA,Bunbury,501,SA4,85,Food Preparation Assistants,2026-07-01,4
3,WA,Bunbury,501,SA4,89,Other Labourers,2026-07-01,30
1,WA,Western Australia - Outback (North),510,SA4,0,Western Australia - Outback (North) TOTAL,2026-07-01,1669
2,WA,Western Australia - Outback (North),510,SA4,1,MANAGERS,2026-07-01,116
3,WA,Western Australia - Outback (North),510,SA4,11,"Chief Executives, Managing Directors & Legislators",2026-07-01,4
3,WA,Western Australia - Outback (North),510,SA4,12,Farmers and Farm Managers,2026-07-01,1
3,WA,Western Australia - Outback (North),510,SA4,14,"Hospitality, Retail and Service Managers",2026-07-01,41
3,WA,Western Australia - Outback (North),510,SA4,1A,Corporate Managers,2026-07-01,26
3,WA,Western Australia - Outback (North),510,SA4,1B,"Construction, Production and Distribution Managers",2026-07-01,33
3,WA,Western Australia - Outback (North),510,SA4,1C,"Health, Education, ICT and Other Managers",2026-07-01,11
2,WA,Western Australia - Outback (North),510,SA4,2,PROFESSIONALS,2026-07-01,344
3,WA,Western Australia - Outback (North),510,SA4,21,Arts and Media Professionals,2026-07-01,9
3,WA,Western Australia - Outback (North),510,SA4,24,Education Professionals,2026-07-01,20
3,WA,Western Australia - Outback (North),510,SA4,26,ICT Professionals,2026-07-01,4
3,WA,Western Australia - Outback (North),510,SA4,27,"Legal, Social and Welfare Professionals",2026-07-01,48
3,WA,Western Australia - Outback (North),510,SA4,2A,"Business, Finance and Human Resource Professionals",2026-07-01,21
3,WA,Western Australia - Outback (North),510,SA4,2B,Information Professionals,2026-07-01,7
3,WA,Western Australia - Outback (North),510,SA4,2C,"Sales, Marketing & Public Relations Professionals",2026-07-01,4
3,WA,Western Australia - Outback (North),510,SA4,2D,"Transport and Design Professionals, and Architects",2026-07-01,16
3,WA,Western Australia - Outback (North),510,SA4,2E,Engineers,2026-07-01,71
3,WA,Western Australia - Outback (North),510,SA4,2F,Science Professionals and Veterinarians,2026-07-01,25
3,WA,Western Australia - Outback (North),510,SA4,2G,Health Diagnostic and Therapy Professionals,2026-07-01,39
3,WA,Western Australia - Outback (North),510,SA4,2H,Medical Practitioners and Nurses,2026-07-01,81
2,WA,Western Australia - Outback (North),510,SA4,3,TECHNICIANS AND TRADES WORKERS,2026-07-01,492
3,WA,Western Australia - Outback (North),510,SA4,31,"Engineering, ICT and Science Technicians",2026-07-01,52
3,WA,Western Australia - Outback (North),510,SA4,32,Automotive and Engineering Trades,2026-07-01,212
3,WA,Western Australia - Outback (North),510,SA4,33,Construction Trades,2026-07-01,57
3,WA,Western Australia - Outback (North),510,SA4,34,Electrotechnology and Telecommunications Trades,2026-07-01,98
3,WA,Western Australia - Outback (North),510,SA4,35,Food Trades,2026-07-01,40
3,WA,Western Australia - Outback (North),510,SA4,36,Skilled Animal and Horticultural Workers,2026-07-01,12
3,WA,Western Australia - Outback (North),510,SA4,3A,"Hairdressers, Printing, Clothing and Wood Trades",2026-07-01,6
3,WA,Western Australia - Outback (North),510,SA4,3B,"Jewellers, Arts and Other Trades Workers",2026-07-01,15
2,WA,Western Australia - Outback (North),510,SA4,4,COMMUNITY AND PERSONAL SERVICE WORKERS,2026-07-01,125
3,WA,Western Australia - Outback (North),510,SA4,41,Health and Welfare Support Workers,2026-07-01,40
3,WA,Western Australia - Outback (North),510,SA4,42,Carers and Aides,2026-07-01,41
3,WA,Western Australia - Outback (North),510,SA4,43,Hospitality Workers,2026-07-01,25
3,WA,Western Australia - Outback (North),510,SA4,44,Protective Service Workers,2026-07-01,8
3,WA,Western Australia - Outback (North),510,SA4,45,"Sports, Travel and Personal Service Workers",2026-07-01,11
2,WA,Western Australia - Outback (North),510,SA4,5,CLERICAL AND ADMINISTRATIVE WORKERS,2026-07-01,180
3,WA,Western Australia - Outback (North),510,SA4,55,Numerical Clerks,2026-07-01,13
3,WA,Western Australia - Outback (North),510,SA4,56,"Clerical and Office Support Workers, Couriers",2026-07-01,7
3,WA,Western Australia - Outback (North),510,SA4,59,Other Clerical and Administrative Workers,2026-07-01,26
3,WA,Western Australia - Outback (North),510,SA4,5A,"Office Managers, Administrators and Secretaries",2026-07-01,24
3,WA,Western Australia - Outback (North),510,SA4,5B,"General-Inquiry Clerks, Call Centre, Receptionists",2026-07-01,110
2,WA,Western Australia - Outback (North),510,SA4,6,SALES WORKERS,2026-07-01,81
3,WA,Western Australia - Outback (North),510,SA4,61,Sales Representatives and Agents,2026-07-01,6
3,WA,Western Australia - Outback (North),510,SA4,62,Sales Assistants and Salespersons,2026-07-01,65
3,WA,Western Australia - Outback (North),510,SA4,63,Sales Support Workers,2026-07-01,10
2,WA,Western Australia - Outback (North),510,SA4,7,MACHINERY OPERATORS AND DRIVERS,2026-07-01,181
3,WA,Western Australia - Outback (North),510,SA4,71,Machine and Stationary Plant Operators,2026-07-01,62
3,WA,Western Australia - Outback (North),510,SA4,72,Mobile Plant Operators,2026-07-01,50
3,WA,Western Australia - Outback (North),510,SA4,7A,Drivers and Storepersons,2026-07-01,69
2,WA,Western Australia - Outback (North),510,SA4,8,LABOURERS,2026-07-01,149
3,WA,Western Australia - Outback (North),510,SA4,81,Cleaners and Laundry Workers,2026-07-01,30
3,WA,Western Australia - Outback (North),510,SA4,82,Construction and Mining Labourers,2026-07-01,45
3,WA,Western Australia - Outback (North),510,SA4,83,Factory Process Workers,2026-07-01,2
3,WA,Western Australia - Outback (North),510,SA4,84,"Farm, Forestry and Garden Workers",2026-07-01,6
3,WA,Western Australia - Outback (North),510,SA4,85,Food Preparation Assistants,2026-07-01,4
3,WA,Western Australia - Outback (North),510,SA4,89,Other Labourers,2026-07-01,61
1,WA,Western Australia - Outback (South),511,SA4,0,Western Australia - Outback (South) TOTAL,2026-07-01,1528
2,WA,Western Australia - Outback (South),511,SA4,1,MANAGERS,2026-07-01,127
3,WA,Western Australia - Outback (South),511,SA4,11,"Chief Executives, Managing Directors & Legislators",2026-07-01,4
3,WA,Western Australia - Outback (South),511,SA4,12,Farmers and Farm Managers,2026-07-01,3
3,WA,Western Australia - Outback (South),511,SA4,14,"Hospitality, Retail and Service Managers",2026-07-01,51
3,WA,Western Australia - Outback (South),511,SA4,1A,Corporate Managers,2026-07-01,36
3,WA,Western Australia - Outback (South),511,SA4,1B,"Construction, Production and Distribution Managers",2026-07-01,29
3,WA,Western Australia - Outback (South),511,SA4,1C,"Health, Education, ICT and Other Managers",2026-07-01,4
2,WA,Western Australia - Outback (South),511,SA4,2,PROFESSIONALS,2026-07-01,330
3,WA,Western Australia - Outback (South),511,SA4,21,Arts and Media Professionals,2026-07-01,5
3,WA,Western Australia - Outback (South),511,SA4,24,Education Professionals,2026-07-01,10
3,WA,Western Australia - Outback (South),511,SA4,26,ICT Professionals,2026-07-01,4
3,WA,Western Australia - Outback (South),511,SA4,27,"Legal, Social and Welfare Professionals",2026-07-01,52
3,WA,Western Australia - Outback (South),511,SA4,2A,"Business, Finance and Human Resource Professionals",2026-07-01,20
3,WA,Western Australia - Outback (South),511,SA4,2B,Information Professionals,2026-07-01,7
3,WA,Western Australia - Outback (South),511,SA4,2C,"Sales, Marketing & Public Relations Professionals",2026-07-01,5
3,WA,Western Australia - Outback (South),511,SA4,2D,"Transport and Design Professionals, and Architects",2026-07-01,10
3,WA,Western Australia - Outback (South),511,SA4,2E,Engineers,2026-07-01,74
3,WA,Western Australia - Outback (South),511,SA4,2F,Science Professionals and Veterinarians,2026-07-01,48
3,WA,Western Australia - Outback (South),511,SA4,2G,Health Diagnostic and Therapy Professionals,2026-07-01,30
3,WA,Western Australia - Outback (South),511,SA4,2H,Medical Practitioners and Nurses,2026-07-01,64
2,WA,Western Australia - Outback (South),511,SA4,3,TECHNICIANS AND TRADES WORKERS,2026-07-01,390
3,WA,Western Australia - Outback (South),511,SA4,31,"Engineering, ICT and Science Technicians",2026-07-01,53
3,WA,Western Australia - Outback (South),511,SA4,32,Automotive and Engineering Trades,2026-07-01,198
3,WA,Western Australia - Outback (South),511,SA4,33,Construction Trades,2026-07-01,27
3,WA,Western Australia - Outback (South),511,SA4,34,Electrotechnology and Telecommunications Trades,2026-07-01,57
3,WA,Western Australia - Outback (South),511,SA4,35,Food Trades,2026-07-01,25
3,WA,Western Australia - Outback (South),511,SA4,36,Skilled Animal and Horticultural Workers,2026-07-01,7
3,WA,Western Australia - Outback (South),511,SA4,3A,"Hairdressers, Printing, Clothing and Wood Trades",2026-07-01,4
3,WA,Western Australia - Outback (South),511,SA4,3B,"Jewellers, Arts and Other Trades Workers",2026-07-01,19
2,WA,Western Australia - Outback (South),511,SA4,4,COMMUNITY AND PERSONAL SERVICE WORKERS,2026-07-01,79
3,WA,Western Australia - Outback (South),511,SA4,41,Health and Welfare Support Workers,2026-07-01,21
3,WA,Western Australia - Outback (South),511,SA4,42,Carers and Aides,2026-07-01,28
3,WA,Western Australia - Outback (South),511,SA4,43,Hospitality Workers,2026-07-01,10
3,WA,Western Australia - Outback (South),511,SA4,44,Protective Service Workers,2026-07-01,11
3,WA,Western Australia - Outback (South),511,SA4,45,"Sports, Travel and Personal Service Workers",2026-07-01,9
2,WA,Western Australia - Outback (South),511,SA4,5,CLERICAL AND ADMINISTRATIVE WORKERS,2026-07-01,153
3,WA,Western Australia - Outback (South),511,SA4,55,Numerical Clerks,2026-07-01,12
3,WA,Western Australia - Outback (South),511,SA4,56,"Clerical and Office Support Workers, Couriers",2026-07-01,6
3,WA,Western Australia - Outback (South),511,SA4,59,Other Clerical and Administrative Workers,2026-07-01,34
3,WA,Western Australia - Outback (South),511,SA4,5A,"Office Managers, Administrators and Secretaries",2026-07-01,15
3,WA,Western Australia - Outback (South),511,SA4,5B,"General-Inquiry Clerks, Call Centre, Receptionists",2026-07-01,86
2,WA,Western Australia - Outback (South),511,SA4,6,SALES WORKERS,2026-07-01,90
3,WA,Western Australia - Outback (South),511,SA4,61,Sales Representatives and Agents,2026-07-01,14
3,WA,Western Australia - Outback (South),511,SA4,62,Sales Assistants and Salespersons,2026-07-01,65
3,WA,Western Australia - Outback (South),511,SA4,63,Sales Support Workers,2026-07-01,10
2,WA,Western Australia - Outback (South),511,SA4,7,MACHINERY OPERATORS AND DRIVERS,2026-07-01,252
3,WA,Western Australia - Outback (South),511,SA4,71,Machine and Stationary Plant Operators,2026-07-01,100
3,WA,Western Australia - Outback (South),511,SA4,72,Mobile Plant Operators,2026-07-01,52
3,WA,Western Australia - Outback (South),511,SA4,7A,Drivers and Storepersons,2026-07-01,100
2,WA,Western Australia - Outback (South),511,SA4,8,LABOURERS,2026-07-01,108
3,WA,Western Australia - Outback (South),511,SA4,81,Cleaners and Laundry Workers,2026-07-01,20
3,WA,Western Australia - Outback (South),511,SA4,82,Construction and Mining Labourers,2026-07-01,25
3,WA,Western Australia - Outback (South),511,SA4,83,Factory Process Workers,2026-07-01,1
3,WA,Western Australia - Outback (South),511,SA4,84,"Farm, Forestry and Garden Workers",2026-07-01,6
3,WA,Western Australia - Outback (South),511,SA4,85,Food Preparation Assistants,2026-07-01,5
3,WA,Western Australia - Outback (South),511,SA4,89,Other Labourers,2026-07-01,51
1,WA,Western Australia - Wheat Belt,509,SA4,0,Western Australia - Wheat Belt TOTAL,2026-07-01,648
2,WA,Western Australia - Wheat Belt,509,SA4,1,MANAGERS,2026-07-01,66
3,WA,Western Australia - Wheat Belt,509,SA4,11,"Chief Executives, Managing Directors & Legislators",2026-07-01,3
3,WA,Western Australia - Wheat Belt,509,SA4,12,Farmers and Farm Managers,2026-07-01,7
3,WA,Western Australia - Wheat Belt,509,SA4,14,"Hospitality, Retail and Service Managers",2026-07-01,27
3,WA,Western Australia - Wheat Belt,509,SA4,1A,Corporate Managers,2026-07-01,11
3,WA,Western Australia - Wheat Belt,509,SA4,1B,"Construction, Production and Distribution Managers",2026-07-01,13
3,WA,Western Australia - Wheat Belt,509,SA4,1C,"Health, Education, ICT and Other Managers",2026-07-01,6
2,WA,Western Australia - Wheat Belt,509,SA4,2,PROFESSIONALS,2026-07-01,140
3,WA,Western Australia - Wheat Belt,509,SA4,21,Arts and Media Professionals,2026-07-01,4
3,WA,Western Australia - Wheat Belt,509,SA4,24,Education Professionals,2026-07-01,6
3,WA,Western Australia - Wheat Belt,509,SA4,26,ICT Professionals,2026-07-01,1
3,WA,Western Australia - Wheat Belt,509,SA4,27,"Legal, Social and Welfare Professionals",2026-07-01,37
3,WA,Western Australia - Wheat Belt,509,SA4,2A,"Business, Finance and Human Resource Professionals",2026-07-01,16
3,WA,Western Australia - Wheat Belt,509,SA4,2B,Information Professionals,2026-07-01,2
3,WA,Western Australia - Wheat Belt,509,SA4,2C,"Sales, Marketing & Public Relations Professionals",2026-07-01,2
3,WA,Western Australia - Wheat Belt,509,SA4,2D,"Transport and Design Professionals, and Architects",2026-07-01,0
3,WA,Western Australia - Wheat Belt,509,SA4,2E,Engineers,2026-07-01,8
3,WA,Western Australia - Wheat Belt,509,SA4,2F,Science Professionals and Veterinarians,2026-07-01,5
3,WA,Western Australia - Wheat Belt,509,SA4,2G,Health Diagnostic and Therapy Professionals,2026-07-01,19
3,WA,Western Australia - Wheat Belt,509,SA4,2H,Medical Practitioners and Nurses,2026-07-01,38
2,WA,Western Australia - Wheat Belt,509,SA4,3,TECHNICIANS AND TRADES WORKERS,2026-07-01,127
3,WA,Western Australia - Wheat Belt,509,SA4,31,"Engineering, ICT and Science Technicians",2026-07-01,12
3,WA,Western Australia - Wheat Belt,509,SA4,32,Automotive and Engineering Trades,2026-07-01,58
3,WA,Western Australia - Wheat Belt,509,SA4,33,Construction Trades,2026-07-01,10
3,WA,Western Australia - Wheat Belt,509,SA4,34,Electrotechnology and Telecommunications Trades,2026-07-01,16
3,WA,Western Australia - Wheat Belt,509,SA4,35,Food Trades,2026-07-01,18
3,WA,Western Australia - Wheat Belt,509,SA4,36,Skilled Animal and Horticultural Workers,2026-07-01,6
3,WA,Western Australia - Wheat Belt,509,SA4,3A,"Hairdressers, Printing, Clothing and Wood Trades",2026-07-01,3
3,WA,Western Australia - Wheat Belt,509,SA4,3B,"Jewellers, Arts and Other Trades Workers",2026-07-01,4
2,WA,Western Australia - Wheat Belt,509,SA4,4,COMMUNITY AND PERSONAL SERVICE WORKERS,2026-07-01,58
3,WA,Western Australia - Wheat Belt,509,SA4,41,Health and Welfare Support Workers,2026-07-01,14
3,WA,Western Australia - Wheat Belt,509,SA4,42,Carers and Aides,2026-07-01,32
3,WA,Western Australia - Wheat Belt,509,SA4,43,Hospitality Workers,2026-07-01,7
3,WA,Western Australia - Wheat Belt,509,SA4,44,Protective Service Workers,2026-07-01,2
3,WA,Western Australia - Wheat Belt,509,SA4,45,"Sports, Travel and Personal Service Workers",2026-07-01,4
2,WA,Western Australia - Wheat Belt,509,SA4,5,CLERICAL AND ADMINISTRATIVE WORKERS,2026-07-01,75
3,WA,Western Australia - Wheat Belt,509,SA4,55,Numerical Clerks,2026-07-01,16
3,WA,Western Australia - Wheat Belt,509,SA4,56,"Clerical and Office Support Workers, Couriers",2026-07-01,1
3,WA,Western Australia - Wheat Belt,509,SA4,59,Other Clerical and Administrative Workers,2026-07-01,7
3,WA,Western Australia - Wheat Belt,509,SA4,5A,"Office Managers, Administrators and Secretaries",2026-07-01,6
3,WA,Western Australia - Wheat Belt,509,SA4,5B,"General-Inquiry Clerks, Call Centre, Receptionists",2026-07-01,44
2,WA,Western Australia - Wheat Belt,509,SA4,6,SALES WORKERS,2026-07-01,55
3,WA,Western Australia - Wheat Belt,509,SA4,61,Sales Representatives and Agents,2026-07-01,5
3,WA,Western Australia - Wheat Belt,509,SA4,62,Sales Assistants and Salespersons,2026-07-01,41
3,WA,Western Australia - Wheat Belt,509,SA4,63,Sales Support Workers,2026-07-01,8
2,WA,Western Australia - Wheat Belt,509,SA4,7,MACHINERY OPERATORS AND DRIVERS,2026-07-01,58
3,WA,Western Australia - Wheat Belt,509,SA4,71,Machine and Stationary Plant Operators,2026-07-01,9
3,WA,Western Australia - Wheat Belt,509,SA4,72,Mobile Plant Operators,2026-07-01,23
3,WA,Western Australia - Wheat Belt,509,SA4,7A,Drivers and Storepersons,2026-07-01,26
2,WA,Western Australia - Wheat Belt,509,SA4,8,LABOURERS,2026-07-01,68
3,WA,Western Australia - Wheat Belt,509,SA4,81,Cleaners and Laundry Workers,2026-07-01,13
3,WA,Western Australia - Wheat Belt,509,SA4,82,Construction and Mining Labourers,2026-07-01,5
3,WA,Western Australia - Wheat Belt,509,SA4,83,Factory Process Workers,2026-07-01,3
3,WA,Western Australia - Wheat Belt,509,SA4,84,"Farm, Forestry and Garden Workers",2026-07-01,20
3,WA,Western Australia - Wheat Belt,509,SA4,85,Food Preparation Assistants,2026-07-01,4
3,WA,Western Australia - Wheat Belt,509,SA4,89,Other Labourers,2026-07-01,23
1,TAS,Greater Hobart,6GHOB,GCCSA,0,Greater Hobart TOTAL,2026-07-01,1564
2,TAS,Greater Hobart,6GHOB,GCCSA,1,MANAGERS,2026-07-01,172
3,TAS,Greater Hobart,6GHOB,GCCSA,11,"Chief Executives, Managing Directors & Legislators",2026-07-01,14
3,TAS,Greater Hobart,6GHOB,GCCSA,12,Farmers and Farm Managers,2026-07-01,1
3,TAS,Greater Hobart,6GHOB,GCCSA,14,"Hospitality, Retail and Service Managers",2026-07-01,54
3,TAS,Greater Hobart,6GHOB,GCCSA,1A,Corporate Managers,2026-07-01,56
3,TAS,Greater Hobart,6GHOB,GCCSA,1B,"Construction, Production and Distribution Managers",2026-07-01,32
3,TAS,Greater Hobart,6GHOB,GCCSA,1C,"Health, Education, ICT and Other Managers",2026-07-01,14
2,TAS,Greater Hobart,6GHOB,GCCSA,2,PROFESSIONALS,2026-07-01,532
3,TAS,Greater Hobart,6GHOB,GCCSA,21,Arts and Media Professionals,2026-07-01,12
3,TAS,Greater Hobart,6GHOB,GCCSA,24,Education Professionals,2026-07-01,22
3,TAS,Greater Hobart,6GHOB,GCCSA,26,ICT Professionals,2026-07-01,45
3,TAS,Greater Hobart,6GHOB,GCCSA,27,"Legal, Social and Welfare Professionals",2026-07-01,105
3,TAS,Greater Hobart,6GHOB,GCCSA,2A,"Business, Finance and Human Resource Professionals",2026-07-01,55
3,TAS,Greater Hobart,6GHOB,GCCSA,2B,Information Professionals,2026-07-01,18
3,TAS,Greater Hobart,6GHOB,GCCSA,2C,"Sales, Marketing & Public Relations Professionals",2026-07-01,14
3,TAS,Greater Hobart,6GHOB,GCCSA,2D,"Transport and Design Professionals, and Architects",2026-07-01,8
3,TAS,Greater Hobart,6GHOB,GCCSA,2E,Engineers,2026-07-01,19
3,TAS,Greater Hobart,6GHOB,GCCSA,2F,Science Professionals and Veterinarians,2026-07-01,7
3,TAS,Greater Hobart,6GHOB,GCCSA,2G,Health Diagnostic and Therapy Professionals,2026-07-01,92
3,TAS,Greater Hobart,6GHOB,GCCSA,2H,Medical Practitioners and Nurses,2026-07-01,135
2,TAS,Greater Hobart,6GHOB,GCCSA,3,TECHNICIANS AND TRADES WORKERS,2026-07-01,198
3,TAS,Greater Hobart,6GHOB,GCCSA,31,"Engineering, ICT and Science Technicians",2026-07-01,45
3,TAS,Greater Hobart,6GHOB,GCCSA,32,Automotive and Engineering Trades,2026-07-01,53
3,TAS,Greater Hobart,6GHOB,GCCSA,33,Construction Trades,2026-07-01,21
3,TAS,Greater Hobart,6GHOB,GCCSA,34,Electrotechnology and Telecommunications Trades,2026-07-01,19
3,TAS,Greater Hobart,6GHOB,GCCSA,35,Food Trades,2026-07-01,36
3,TAS,Greater Hobart,6GHOB,GCCSA,36,Skilled Animal and Horticultural Workers,2026-07-01,9
3,TAS,Greater Hobart,6GHOB,GCCSA,3A,"Hairdressers, Printing, Clothing and Wood Trades",2026-07-01,5
3,TAS,Greater Hobart,6GHOB,GCCSA,3B,"Jewellers, Arts and Other Trades Workers",2026-07-01,11
2,TAS,Greater Hobart,6GHOB,GCCSA,4,COMMUNITY AND PERSONAL SERVICE WORKERS,2026-07-01,173
3,TAS,Greater Hobart,6GHOB,GCCSA,41,Health and Welfare Support Workers,2026-07-01,23
3,TAS,Greater Hobart,6GHOB,GCCSA,42,Carers and Aides,2026-07-01,71
3,TAS,Greater Hobart,6GHOB,GCCSA,43,Hospitality Workers,2026-07-01,58
3,TAS,Greater Hobart,6GHOB,GCCSA,44,Protective Service Workers,2026-07-01,7
3,TAS,Greater Hobart,6GHOB,GCCSA,45,"Sports, Travel and Personal Service Workers",2026-07-01,14
2,TAS,Greater Hobart,6GHOB,GCCSA,5,CLERICAL AND ADMINISTRATIVE WORKERS,2026-07-01,236
3,TAS,Greater Hobart,6GHOB,GCCSA,55,Numerical Clerks,2026-07-01,41
3,TAS,Greater Hobart,6GHOB,GCCSA,56,"Clerical and Office Support Workers, Couriers",2026-07-01,6
3,TAS,Greater Hobart,6GHOB,GCCSA,59,Other Clerical and Administrative Workers,2026-07-01,36
3,TAS,Greater Hobart,6GHOB,GCCSA,5A,"Office Managers, Administrators and Secretaries",2026-07-01,31
3,TAS,Greater Hobart,6GHOB,GCCSA,5B,"General-Inquiry Clerks, Call Centre, Receptionists",2026-07-01,123
2,TAS,Greater Hobart,6GHOB,GCCSA,6,SALES WORKERS,2026-07-01,121
3,TAS,Greater Hobart,6GHOB,GCCSA,61,Sales Representatives and Agents,2026-07-01,30
3,TAS,Greater Hobart,6GHOB,GCCSA,62,Sales Assistants and Salespersons,2026-07-01,83
3,TAS,Greater Hobart,6GHOB,GCCSA,63,Sales Support Workers,2026-07-01,8
2,TAS,Greater Hobart,6GHOB,GCCSA,7,MACHINERY OPERATORS AND DRIVERS,2026-07-01,59
3,TAS,Greater Hobart,6GHOB,GCCSA,71,Machine and Stationary Plant Operators,2026-07-01,11
3,TAS,Greater Hobart,6GHOB,GCCSA,72,Mobile Plant Operators,2026-07-01,11
3,TAS,Greater Hobart,6GHOB,GCCSA,7A,Drivers and Storepersons,2026-07-01,36
2,TAS,Greater Hobart,6GHOB,GCCSA,8,LABOURERS,2026-07-01,73
3,TAS,Greater Hobart,6GHOB,GCCSA,81,Cleaners and Laundry Workers,2026-07-01,16
3,TAS,Greater Hobart,6GHOB,GCCSA,82,Construction and Mining Labourers,2026-07-01,6
3,TAS,Greater Hobart,6GHOB,GCCSA,83,Factory Process Workers,2026-07-01,8
3,TAS,Greater Hobart,6GHOB,GCCSA,84,"Farm, Forestry and Garden Workers",2026-07-01,4
3,TAS,Greater Hobart,6GHOB,GCCSA,85,Food Preparation Assistants,2026-07-01,9
3,TAS,Greater Hobart,6GHOB,GCCSA,89,Other Labourers,2026-07-01,30
1,TAS,Launceston and North East,602,SA4,0,Launceston and North East TOTAL,2026-07-01,819
2,TAS,Launceston and North East,602,SA4,1,MANAGERS,2026-07-01,78
3,TAS,Launceston and North East,602,SA4,11,"Chief Executives, Managing Directors & Legislators",2026-07-01,2
3,TAS,Launceston and North East,602,SA4,12,Farmers and Farm Managers,2026-07-01,4
3,TAS,Launceston and North East,602,SA4,14,"Hospitality, Retail and Service Managers",2026-07-01,22
3,TAS,Launceston and North East,602,SA4,1A,Corporate Managers,2026-07-01,23
3,TAS,Launceston and North East,602,SA4,1B,"Construction, Production and Distribution Managers",2026-07-01,19
3,TAS,Launceston and North East,602,SA4,1C,"Health, Education, ICT and Other Managers",2026-07-01,8
2,TAS,Launceston and North East,602,SA4,2,PROFESSIONALS,2026-07-01,239
3,TAS,Launceston and North East,602,SA4,21,Arts and Media Professionals,2026-07-01,4
3,TAS,Launceston and North East,602,SA4,24,Education Professionals,2026-07-01,7
3,TAS,Launceston and North East,602,SA4,26,ICT Professionals,2026-07-01,3
3,TAS,Launceston and North East,602,SA4,27,"Legal, Social and Welfare Professionals",2026-07-01,50
3,TAS,Launceston and North East,602,SA4,2A,"Business, Finance and Human Resource Professionals",2026-07-01,17
3,TAS,Launceston and North East,602,SA4,2B,Information Professionals,2026-07-01,5
3,TAS,Launceston and North East,602,SA4,2C,"Sales, Marketing & Public Relations Professionals",2026-07-01,3
3,TAS,Launceston and North East,602,SA4,2D,"Transport and Design Professionals, and Architects",2026-07-01,2
3,TAS,Launceston and North East,602,SA4,2E,Engineers,2026-07-01,7
3,TAS,Launceston and North East,602,SA4,2F,Science Professionals and Veterinarians,2026-07-01,9
3,TAS,Launceston and North East,602,SA4,2G,Health Diagnostic and Therapy Professionals,2026-07-01,53
3,TAS,Launceston and North East,602,SA4,2H,Medical Practitioners and Nurses,2026-07-01,78
2,TAS,Launceston and North East,602,SA4,3,TECHNICIANS AND TRADES WORKERS,2026-07-01,105
3,TAS,Launceston and North East,602,SA4,31,"Engineering, ICT and Science Technicians",2026-07-01,13
3,TAS,Launceston and North East,602,SA4,32,Automotive and Engineering Trades,2026-07-01,31
3,TAS,Launceston and North East,602,SA4,33,Construction Trades,2026-07-01,15
3,TAS,Launceston and North East,602,SA4,34,Electrotechnology and Telecommunications Trades,2026-07-01,15
3,TAS,Launceston and North East,602,SA4,35,Food Trades,2026-07-01,16
3,TAS,Launceston and North East,602,SA4,36,Skilled Animal and Horticultural Workers,2026-07-01,4
3,TAS,Launceston and North East,602,SA4,3A,"Hairdressers, Printing, Clothing and Wood Trades",2026-07-01,6
3,TAS,Launceston and North East,602,SA4,3B,"Jewellers, Arts and Other Trades Workers",2026-07-01,5
2,TAS,Launceston and North East,602,SA4,4,COMMUNITY AND PERSONAL SERVICE WORKERS,2026-07-01,90
3,TAS,Launceston and North East,602,SA4,41,Health and Welfare Support Workers,2026-07-01,12
3,TAS,Launceston and North East,602,SA4,42,Carers and Aides,2026-07-01,55
3,TAS,Launceston and North East,602,SA4,43,Hospitality Workers,2026-07-01,14
3,TAS,Launceston and North East,602,SA4,44,Protective Service Workers,2026-07-01,3
3,TAS,Launceston and North East,602,SA4,45,"Sports, Travel and Personal Service Workers",2026-07-01,6
2,TAS,Launceston and North East,602,SA4,5,CLERICAL AND ADMINISTRATIVE WORKERS,2026-07-01,100
3,TAS,Launceston and North East,602,SA4,55,Numerical Clerks,2026-07-01,8
3,TAS,Launceston and North East,602,SA4,56,"Clerical and Office Support Workers, Couriers",2026-07-01,5
3,TAS,Launceston and North East,602,SA4,59,Other Clerical and Administrative Workers,2026-07-01,16
3,TAS,Launceston and North East,602,SA4,5A,"Office Managers, Administrators and Secretaries",2026-07-01,17
3,TAS,Launceston and North East,602,SA4,5B,"General-Inquiry Clerks, Call Centre, Receptionists",2026-07-01,54
2,TAS,Launceston and North East,602,SA4,6,SALES WORKERS,2026-07-01,72
3,TAS,Launceston and North East,602,SA4,61,Sales Representatives and Agents,2026-07-01,12
3,TAS,Launceston and North East,602,SA4,62,Sales Assistants and Salespersons,2026-07-01,57
3,TAS,Launceston and North East,602,SA4,63,Sales Support Workers,2026-07-01,3
2,TAS,Launceston and North East,602,SA4,7,MACHINERY OPERATORS AND DRIVERS,2026-07-01,55
3,TAS,Launceston and North East,602,SA4,71,Machine and Stationary Plant Operators,2026-07-01,8
3,TAS,Launceston and North East,602,SA4,72,Mobile Plant Operators,2026-07-01,8
3,TAS,Launceston and North East,602,SA4,7A,Drivers and Storepersons,2026-07-01,38
2,TAS,Launceston and North East,602,SA4,8,LABOURERS,2026-07-01,82
3,TAS,Launceston and North East,602,SA4,81,Cleaners and Laundry Workers,2026-07-01,16
3,TAS,Launceston and North East,602,SA4,82,Construction and Mining Labourers,2026-07-01,5
3,TAS,Launceston and North East,602,SA4,83,Factory Process Workers,2026-07-01,9
3,TAS,Launceston and North East,602,SA4,84,"Farm, Forestry and Garden Workers",2026-07-01,15
3,TAS,Launceston and North East,602,SA4,85,Food Preparation Assistants,2026-07-01,8
3,TAS,Launceston and North East,602,SA4,89,Other Labourers,2026-07-01,29
1,TAS,South East,603,SA4,0,South East TOTAL,2026-07-01,82
2,TAS,South East,603,SA4,1,MANAGERS,2026-07-01,10
3,TAS,South East,603,SA4,11,"Chief Executives, Managing Directors & Legislators",2026-07-01,1
3,TAS,South East,603,SA4,12,Farmers and Farm Managers,2026-07-01,0
3,TAS,South East,603,SA4,14,"Hospitality, Retail and Service Managers",2026-07-01,5
3,TAS,South East,603,SA4,1A,Corporate Managers,2026-07-01,2
3,TAS,South East,603,SA4,1B,"Construction, Production and Distribution Managers",2026-07-01,2
3,TAS,South East,603,SA4,1C,"Health, Education, ICT and Other Managers",2026-07-01,0
2,TAS,South East,603,SA4,2,PROFESSIONALS,2026-07-01,17
3,TAS,South East,603,SA4,21,Arts and Media Professionals,2026-07-01,1
3,TAS,South East,603,SA4,24,Education Professionals,2026-07-01,1
3,TAS,South East,603,SA4,26,ICT Professionals,2026-07-01,0
3,TAS,South East,603,SA4,27,"Legal, Social and Welfare Professionals",2026-07-01,3
3,TAS,South East,603,SA4,2A,"Business, Finance and Human Resource Professionals",2026-07-01,1
3,TAS,South East,603,SA4,2B,Information Professionals,2026-07-01,0
3,TAS,South East,603,SA4,2C,"Sales, Marketing & Public Relations Professionals",2026-07-01,0
3,TAS,South East,603,SA4,2D,"Transport and Design Professionals, and Architects",2026-07-01,0
3,TAS,South East,603,SA4,2E,Engineers,2026-07-01,1
3,TAS,South East,603,SA4,2F,Science Professionals and Veterinarians,2026-07-01,1
3,TAS,South East,603,SA4,2G,Health Diagnostic and Therapy Professionals,2026-07-01,4
3,TAS,South East,603,SA4,2H,Medical Practitioners and Nurses,2026-07-01,5
2,TAS,South East,603,SA4,3,TECHNICIANS AND TRADES WORKERS,2026-07-01,20
3,TAS,South East,603,SA4,31,"Engineering, ICT and Science Technicians",2026-07-01,9
3,TAS,South East,603,SA4,32,Automotive and Engineering Trades,2026-07-01,3
3,TAS,South East,603,SA4,33,Construction Trades,2026-07-01,1
3,TAS,South East,603,SA4,34,Electrotechnology and Telecommunications Trades,2026-07-01,1
3,TAS,South East,603,SA4,35,Food Trades,2026-07-01,4
3,TAS,South East,603,SA4,36,Skilled Animal and Horticultural Workers,2026-07-01,1
3,TAS,South East,603,SA4,3A,"Hairdressers, Printing, Clothing and Wood Trades",2026-07-01,0
3,TAS,South East,603,SA4,3B,"Jewellers, Arts and Other Trades Workers",2026-07-01,1
2,TAS,South East,603,SA4,4,COMMUNITY AND PERSONAL SERVICE WORKERS,2026-07-01,7
3,TAS,South East,603,SA4,41,Health and Welfare Support Workers,2026-07-01,1
3,TAS,South East,603,SA4,42,Carers and Aides,2026-07-01,4
3,TAS,South East,603,SA4,43,Hospitality Workers,2026-07-01,2
3,TAS,South East,603,SA4,44,Protective Service Workers,2026-07-01,0
3,TAS,South East,603,SA4,45,"Sports, Travel and Personal Service Workers",2026-07-01,0
2,TAS,South East,603,SA4,5,CLERICAL AND ADMINISTRATIVE WORKERS,2026-07-01,8
3,TAS,South East,603,SA4,55,Numerical Clerks,2026-07-01,1
3,TAS,South East,603,SA4,56,"Clerical and Office Support Workers, Couriers",2026-07-01,0
3,TAS,South East,603,SA4,59,Other Clerical and Administrative Workers,2026-07-01,1
3,TAS,South East,603,SA4,5A,"Office Managers, Administrators and Secretaries",2026-07-01,1
3,TAS,South East,603,SA4,5B,"General-Inquiry Clerks, Call Centre, Receptionists",2026-07-01,5
2,TAS,South East,603,SA4,6,SALES WORKERS,2026-07-01,5
3,TAS,South East,603,SA4,61,Sales Representatives and Agents,2026-07-01,1
3,TAS,South East,603,SA4,62,Sales Assistants and Salespersons,2026-07-01,3
3,TAS,South East,603,SA4,63,Sales Support Workers,2026-07-01,1
2,TAS,South East,603,SA4,7,MACHINERY OPERATORS AND DRIVERS,2026-07-01,5
3,TAS,South East,603,SA4,71,Machine and Stationary Plant Operators,2026-07-01,1
3,TAS,South East,603,SA4,72,Mobile Plant Operators,2026-07-01,1
3,TAS,South East,603,SA4,7A,Drivers and Storepersons,2026-07-01,3
2,TAS,South East,603,SA4,8,LABOURERS,2026-07-01,9
3,TAS,South East,603,SA4,81,Cleaners and Laundry Workers,2026-07-01,2
3,TAS,South East,603,SA4,82,Construction and Mining Labourers,2026-07-01,1
3,TAS,South East,603,SA4,83,Factory Process Workers,2026-07-01,0
3,TAS,South East,603,SA4,84,"Farm, Forestry and Garden Workers",2026-07-01,2
3,TAS,South East,603,SA4,85,Food Preparation Assistants,2026-07-01,0
3,TAS,South East,603,SA4,89,Other Labourers,2026-07-01,3
1,TAS,West and North West,604,SA4,0,West and North West TOTAL,2026-07-01,613
2,TAS,West and North West,604,SA4,1,MANAGERS,2026-07-01,53
3,TAS,West and North West,604,SA4,11,"Chief Executives, Managing Directors & Legislators",2026-07-01,3
3,TAS,West and North West,604,SA4,12,Farmers and Farm Managers,2026-07-01,3
3,TAS,West and North West,604,SA4,14,"Hospitality, Retail and Service Managers",2026-07-01,14
3,TAS,West and North West,604,SA4,1A,Corporate Managers,2026-07-01,10
3,TAS,West and North West,604,SA4,1B,"Construction, Production and Distribution Managers",2026-07-01,14
3,TAS,West and North West,604,SA4,1C,"Health, Education, ICT and Other Managers",2026-07-01,9
2,TAS,West and North West,604,SA4,2,PROFESSIONALS,2026-07-01,193
3,TAS,West and North West,604,SA4,21,Arts and Media Professionals,2026-07-01,4
3,TAS,West and North West,604,SA4,24,Education Professionals,2026-07-01,6
3,TAS,West and North West,604,SA4,26,ICT Professionals,2026-07-01,3
3,TAS,West and North West,604,SA4,27,"Legal, Social and Welfare Professionals",2026-07-01,42
3,TAS,West and North West,604,SA4,2A,"Business, Finance and Human Resource Professionals",2026-07-01,16
3,TAS,West and North West,604,SA4,2B,Information Professionals,2026-07-01,2
3,TAS,West and North West,604,SA4,2C,"Sales, Marketing & Public Relations Professionals",2026-07-01,2
3,TAS,West and North West,604,SA4,2D,"Transport and Design Professionals, and Architects",2026-07-01,3
3,TAS,West and North West,604,SA4,2E,Engineers,2026-07-01,10
3,TAS,West and North West,604,SA4,2F,Science Professionals and Veterinarians,2026-07-01,5
3,TAS,West and North West,604,SA4,2G,Health Diagnostic and Therapy Professionals,2026-07-01,19
3,TAS,West and North West,604,SA4,2H,Medical Practitioners and Nurses,2026-07-01,80
2,TAS,West and North West,604,SA4,3,TECHNICIANS AND TRADES WORKERS,2026-07-01,81
3,TAS,West and North West,604,SA4,31,"Engineering, ICT and Science Technicians",2026-07-01,13
3,TAS,West and North West,604,SA4,32,Automotive and Engineering Trades,2026-07-01,28
3,TAS,West and North West,604,SA4,33,Construction Trades,2026-07-01,8
3,TAS,West and North West,604,SA4,34,Electrotechnology and Telecommunications Trades,2026-07-01,12
3,TAS,West and North West,604,SA4,35,Food Trades,2026-07-01,12
3,TAS,West and North West,604,SA4,36,Skilled Animal and Horticultural Workers,2026-07-01,2
3,TAS,West and North West,604,SA4,3A,"Hairdressers, Printing, Clothing and Wood Trades",2026-07-01,2
3,TAS,West and North West,604,SA4,3B,"Jewellers, Arts and Other Trades Workers",2026-07-01,4
2,TAS,West and North West,604,SA4,4,COMMUNITY AND PERSONAL SERVICE WORKERS,2026-07-01,76
3,TAS,West and North West,604,SA4,41,Health and Welfare Support Workers,2026-07-01,14
3,TAS,West and North West,604,SA4,42,Carers and Aides,2026-07-01,50
3,TAS,West and North West,604,SA4,43,Hospitality Workers,2026-07-01,7
3,TAS,West and North West,604,SA4,44,Protective Service Workers,2026-07-01,3
3,TAS,West and North West,604,SA4,45,"Sports, Travel and Personal Service Workers",2026-07-01,3
2,TAS,West and North West,604,SA4,5,CLERICAL AND ADMINISTRATIVE WORKERS,2026-07-01,71
3,TAS,West and North West,604,SA4,55,Numerical Clerks,2026-07-01,7
3,TAS,West and North West,604,SA4,56,"Clerical and Office Support Workers, Couriers",2026-07-01,1
3,TAS,West and North West,604,SA4,59,Other Clerical and Administrative Workers,2026-07-01,12
3,TAS,West and North West,604,SA4,5A,"Office Managers, Administrators and Secretaries",2026-07-01,11
3,TAS,West and North West,604,SA4,5B,"General-Inquiry Clerks, Call Centre, Receptionists",2026-07-01,40
2,TAS,West and North West,604,SA4,6,SALES WORKERS,2026-07-01,45
3,TAS,West and North West,604,SA4,61,Sales Representatives and Agents,2026-07-01,8
3,TAS,West and North West,604,SA4,62,Sales Assistants and Salespersons,2026-07-01,35
3,TAS,West and North West,604,SA4,63,Sales Support Workers,2026-07-01,2
2,TAS,West and North West,604,SA4,7,MACHINERY OPERATORS AND DRIVERS,2026-07-01,49
3,TAS,West and North West,604,SA4,71,Machine and Stationary Plant Operators,2026-07-01,18
3,TAS,West and North West,604,SA4,72,Mobile Plant Operators,2026-07-01,4
3,TAS,West and North West,604,SA4,7A,Drivers and Storepersons,2026-07-01,27
2,TAS,West and North West,604,SA4,8,LABOURERS,2026-07-01,46
3,TAS,West and North West,604,SA4,81,Cleaners and Laundry Workers,2026-07-01,7
3,TAS,West and North West,604,SA4,82,Construction and Mining Labourers,2026-07-01,4
3,TAS,West and North West,604,SA4,83,Factory Process Workers,2026-07-01,8
3,TAS,West and North West,604,SA4,84,"Farm, Forestry and Garden Workers",2026-07-01,6
3,TAS,West and North West,604,SA4,85,Food Preparation Assistants,2026-07-01,2
3,TAS,West and North West,604,SA4,89,Other Labourers,2026-07-01,18
1,NT,Greater Darwin,7GDAR,GCCSA,0,Greater Darwin TOTAL,2026-07-01,1804
2,NT,Greater Darwin,7GDAR,GCCSA,1,MANAGERS,2026-07-01,198
3,NT,Greater Darwin,7GDAR,GCCSA,11,"Chief Executives, Managing Directors & Legislators",2026-07-01,16
3,NT,Greater Darwin,7GDAR,GCCSA,12,Farmers and Farm Managers,2026-07-01,0
3,NT,Greater Darwin,7GDAR,GCCSA,14,"Hospitality, Retail and Service Managers",2026-07-01,57
3,NT,Greater Darwin,7GDAR,GCCSA,1A,Corporate Managers,2026-07-01,55
3,NT,Greater Darwin,7GDAR,GCCSA,1B,"Construction, Production and Distribution Managers",2026-07-01,53
3,NT,Greater Darwin,7GDAR,GCCSA,1C,"Health, Education, ICT and Other Managers",2026-07-01,17
2,NT,Greater Darwin,7GDAR,GCCSA,2,PROFESSIONALS,2026-07-01,493
3,NT,Greater Darwin,7GDAR,GCCSA,21,Arts and Media Professionals,2026-07-01,7
3,NT,Greater Darwin,7GDAR,GCCSA,24,Education Professionals,2026-07-01,28
3,NT,Greater Darwin,7GDAR,GCCSA,26,ICT Professionals,2026-07-01,32
3,NT,Greater Darwin,7GDAR,GCCSA,27,"Legal, Social and Welfare Professionals",2026-07-01,98
3,NT,Greater Darwin,7GDAR,GCCSA,2A,"Business, Finance and Human Resource Professionals",2026-07-01,54
3,NT,Greater Darwin,7GDAR,GCCSA,2B,Information Professionals,2026-07-01,15
3,NT,Greater Darwin,7GDAR,GCCSA,2C,"Sales, Marketing & Public Relations Professionals",2026-07-01,12
3,NT,Greater Darwin,7GDAR,GCCSA,2D,"Transport and Design Professionals, and Architects",2026-07-01,12
3,NT,Greater Darwin,7GDAR,GCCSA,2E,Engineers,2026-07-01,44
3,NT,Greater Darwin,7GDAR,GCCSA,2F,Science Professionals and Veterinarians,2026-07-01,15
3,NT,Greater Darwin,7GDAR,GCCSA,2G,Health Diagnostic and Therapy Professionals,2026-07-01,86
3,NT,Greater Darwin,7GDAR,GCCSA,2H,Medical Practitioners and Nurses,2026-07-01,88
2,NT,Greater Darwin,7GDAR,GCCSA,3,TECHNICIANS AND TRADES WORKERS,2026-07-01,308
3,NT,Greater Darwin,7GDAR,GCCSA,31,"Engineering, ICT and Science Technicians",2026-07-01,51
3,NT,Greater Darwin,7GDAR,GCCSA,32,Automotive and Engineering Trades,2026-07-01,105
3,NT,Greater Darwin,7GDAR,GCCSA,33,Construction Trades,2026-07-01,47
3,NT,Greater Darwin,7GDAR,GCCSA,34,Electrotechnology and Telecommunications Trades,2026-07-01,46
3,NT,Greater Darwin,7GDAR,GCCSA,35,Food Trades,2026-07-01,28
3,NT,Greater Darwin,7GDAR,GCCSA,36,Skilled Animal and Horticultural Workers,2026-07-01,11
3,NT,Greater Darwin,7GDAR,GCCSA,3A,"Hairdressers, Printing, Clothing and Wood Trades",2026-07-01,10
3,NT,Greater Darwin,7GDAR,GCCSA,3B,"Jewellers, Arts and Other Trades Workers",2026-07-01,8
2,NT,Greater Darwin,7GDAR,GCCSA,4,COMMUNITY AND PERSONAL SERVICE WORKERS,2026-07-01,150
3,NT,Greater Darwin,7GDAR,GCCSA,41,Health and Welfare Support Workers,2026-07-01,26
3,NT,Greater Darwin,7GDAR,GCCSA,42,Carers and Aides,2026-07-01,65
3,NT,Greater Darwin,7GDAR,GCCSA,43,Hospitality Workers,2026-07-01,23
3,NT,Greater Darwin,7GDAR,GCCSA,44,Protective Service Workers,2026-07-01,15
3,NT,Greater Darwin,7GDAR,GCCSA,45,"Sports, Travel and Personal Service Workers",2026-07-01,22
2,NT,Greater Darwin,7GDAR,GCCSA,5,CLERICAL AND ADMINISTRATIVE WORKERS,2026-07-01,260
3,NT,Greater Darwin,7GDAR,GCCSA,55,Numerical Clerks,2026-07-01,34
3,NT,Greater Darwin,7GDAR,GCCSA,56,"Clerical and Office Support Workers, Couriers",2026-07-01,12
3,NT,Greater Darwin,7GDAR,GCCSA,59,Other Clerical and Administrative Workers,2026-07-01,40
3,NT,Greater Darwin,7GDAR,GCCSA,5A,"Office Managers, Administrators and Secretaries",2026-07-01,48
3,NT,Greater Darwin,7GDAR,GCCSA,5B,"General-Inquiry Clerks, Call Centre, Receptionists",2026-07-01,126
2,NT,Greater Darwin,7GDAR,GCCSA,6,SALES WORKERS,2026-07-01,112
3,NT,Greater Darwin,7GDAR,GCCSA,61,Sales Representatives and Agents,2026-07-01,23
3,NT,Greater Darwin,7GDAR,GCCSA,62,Sales Assistants and Salespersons,2026-07-01,76
3,NT,Greater Darwin,7GDAR,GCCSA,63,Sales Support Workers,2026-07-01,13
2,NT,Greater Darwin,7GDAR,GCCSA,7,MACHINERY OPERATORS AND DRIVERS,2026-07-01,164
3,NT,Greater Darwin,7GDAR,GCCSA,71,Machine and Stationary Plant Operators,2026-07-01,34
3,NT,Greater Darwin,7GDAR,GCCSA,72,Mobile Plant Operators,2026-07-01,38
3,NT,Greater Darwin,7GDAR,GCCSA,7A,Drivers and Storepersons,2026-07-01,92
2,NT,Greater Darwin,7GDAR,GCCSA,8,LABOURERS,2026-07-01,119
3,NT,Greater Darwin,7GDAR,GCCSA,81,Cleaners and Laundry Workers,2026-07-01,25
3,NT,Greater Darwin,7GDAR,GCCSA,82,Construction and Mining Labourers,2026-07-01,21
3,NT,Greater Darwin,7GDAR,GCCSA,83,Factory Process Workers,2026-07-01,8
3,NT,Greater Darwin,7GDAR,GCCSA,84,"Farm, Forestry and Garden Workers",2026-07-01,5
3,NT,Greater Darwin,7GDAR,GCCSA,85,Food Preparation Assistants,2026-07-01,7
3,NT,Greater Darwin,7GDAR,GCCSA,89,Other Labourers,2026-07-01,52
1,NT,Northern Territory - Outback,702,SA4,0,Northern Territory - Outback TOTAL,2026-07-01,954
2,NT,Northern Territory - Outback,702,SA4,1,MANAGERS,2026-07-01,99
3,NT,Northern Territory - Outback,702,SA4,11,"Chief Executives, Managing Directors & Legislators",2026-07-01,7
3,NT,Northern Territory - Outback,702,SA4,12,Farmers and Farm Managers,2026-07-01,2
3,NT,Northern Territory - Outback,702,SA4,14,"Hospitality, Retail and Service Managers",2026-07-01,26
3,NT,Northern Territory - Outback,702,SA4,1A,Corporate Managers,2026-07-01,22
3,NT,Northern Territory - Outback,702,SA4,1B,"Construction, Production and Distribution Managers",2026-07-01,25
3,NT,Northern Territory - Outback,702,SA4,1C,"Health, Education, ICT and Other Managers",2026-07-01,18
2,NT,Northern Territory - Outback,702,SA4,2,PROFESSIONALS,2026-07-01,320
3,NT,Northern Territory - Outback,702,SA4,21,Arts and Media Professionals,2026-07-01,8
3,NT,Northern Territory - Outback,702,SA4,24,Education Professionals,2026-07-01,13
3,NT,Northern Territory - Outback,702,SA4,26,ICT Professionals,2026-07-01,3
3,NT,Northern Territory - Outback,702,SA4,27,"Legal, Social and Welfare Professionals",2026-07-01,62
3,NT,Northern Territory - Outback,702,SA4,2A,"Business, Finance and Human Resource Professionals",2026-07-01,16
3,NT,Northern Territory - Outback,702,SA4,2B,Information Professionals,2026-07-01,8
3,NT,Northern Territory - Outback,702,SA4,2C,"Sales, Marketing & Public Relations Professionals",2026-07-01,4
3,NT,Northern Territory - Outback,702,SA4,2D,"Transport and Design Professionals, and Architects",2026-07-01,5
3,NT,Northern Territory - Outback,702,SA4,2E,Engineers,2026-07-01,15
3,NT,Northern Territory - Outback,702,SA4,2F,Science Professionals and Veterinarians,2026-07-01,7
3,NT,Northern Territory - Outback,702,SA4,2G,Health Diagnostic and Therapy Professionals,2026-07-01,49
3,NT,Northern Territory - Outback,702,SA4,2H,Medical Practitioners and Nurses,2026-07-01,131
2,NT,Northern Territory - Outback,702,SA4,3,TECHNICIANS AND TRADES WORKERS,2026-07-01,133
3,NT,Northern Territory - Outback,702,SA4,31,"Engineering, ICT and Science Technicians",2026-07-01,20
3,NT,Northern Territory - Outback,702,SA4,32,Automotive and Engineering Trades,2026-07-01,30
3,NT,Northern Territory - Outback,702,SA4,33,Construction Trades,2026-07-01,16
3,NT,Northern Territory - Outback,702,SA4,34,Electrotechnology and Telecommunications Trades,2026-07-01,23
3,NT,Northern Territory - Outback,702,SA4,35,Food Trades,2026-07-01,25
3,NT,Northern Territory - Outback,702,SA4,36,Skilled Animal and Horticultural Workers,2026-07-01,11
3,NT,Northern Territory - Outback,702,SA4,3A,"Hairdressers, Printing, Clothing and Wood Trades",2026-07-01,2
3,NT,Northern Territory - Outback,702,SA4,3B,"Jewellers, Arts and Other Trades Workers",2026-07-01,7
2,NT,Northern Territory - Outback,702,SA4,4,COMMUNITY AND PERSONAL SERVICE WORKERS,2026-07-01,115
3,NT,Northern Territory - Outback,702,SA4,41,Health and Welfare Support Workers,2026-07-01,31
3,NT,Northern Territory - Outback,702,SA4,42,Carers and Aides,2026-07-01,46
3,NT,Northern Territory - Outback,702,SA4,43,Hospitality Workers,2026-07-01,15
3,NT,Northern Territory - Outback,702,SA4,44,Protective Service Workers,2026-07-01,12
3,NT,Northern Territory - Outback,702,SA4,45,"Sports, Travel and Personal Service Workers",2026-07-01,10
2,NT,Northern Territory - Outback,702,SA4,5,CLERICAL AND ADMINISTRATIVE WORKERS,2026-07-01,136
3,NT,Northern Territory - Outback,702,SA4,55,Numerical Clerks,2026-07-01,13
3,NT,Northern Territory - Outback,702,SA4,56,"Clerical and Office Support Workers, Couriers",2026-07-01,3
3,NT,Northern Territory - Outback,702,SA4,59,Other Clerical and Administrative Workers,2026-07-01,21
3,NT,Northern Territory - Outback,702,SA4,5A,"Office Managers, Administrators and Secretaries",2026-07-01,20
3,NT,Northern Territory - Outback,702,SA4,5B,"General-Inquiry Clerks, Call Centre, Receptionists",2026-07-01,79
2,NT,Northern Territory - Outback,702,SA4,6,SALES WORKERS,2026-07-01,39
3,NT,Northern Territory - Outback,702,SA4,61,Sales Representatives and Agents,2026-07-01,6
3,NT,Northern Territory - Outback,702,SA4,62,Sales Assistants and Salespersons,2026-07-01,29
3,NT,Northern Territory - Outback,702,SA4,63,Sales Support Workers,2026-07-01,3
2,NT,Northern Territory - Outback,702,SA4,7,MACHINERY OPERATORS AND DRIVERS,2026-07-01,35
3,NT,Northern Territory - Outback,702,SA4,71,Machine and Stationary Plant Operators,2026-07-01,6
3,NT,Northern Territory - Outback,702,SA4,72,Mobile Plant Operators,2026-07-01,8
3,NT,Northern Territory - Outback,702,SA4,7A,Drivers and Storepersons,2026-07-01,21
2,NT,Northern Territory - Outback,702,SA4,8,LABOURERS,2026-07-01,78
3,NT,Northern Territory - Outback,702,SA4,81,Cleaners and Laundry Workers,2026-07-01,20
3,NT,Northern Territory - Outback,702,SA4,82,Construction and Mining Labourers,2026-07-01,10
3,NT,Northern Territory - Outback,702,SA4,83,Factory Process Workers,2026-07-01,3
3,NT,Northern Territory - Outback,702,SA4,84,"Farm, Forestry and Garden Workers",2026-07-01,10
3,NT,Northern Territory - Outback,702,SA4,85,Food Preparation Assistants,2026-07-01,5
3,NT,Northern Territory - Outback,702,SA4,89,Other Labourers,2026-07-01,29
1,ACT,Australian Capital Territory,8ACTE,GCCSA,0,Australian Capital Territory TOTAL,2026-07-01,4393
2,ACT,Australian Capital Territory,8ACTE,GCCSA,1,MANAGERS,2026-07-01,632
3,ACT,Australian Capital Territory,8ACTE,GCCSA,11,"Chief Executives, Managing Directors & Legislators",2026-07-01,26
3,ACT,Australian Capital Territory,8ACTE,GCCSA,12,Farmers and Farm Managers,2026-07-01,1
3,ACT,Australian Capital Territory,8ACTE,GCCSA,14,"Hospitality, Retail and Service Managers",2026-07-01,162
3,ACT,Australian Capital Territory,8ACTE,GCCSA,1A,Corporate Managers,2026-07-01,186
3,ACT,Australian Capital Territory,8ACTE,GCCSA,1B,"Construction, Production and Distribution Managers",2026-07-01,174
3,ACT,Australian Capital Territory,8ACTE,GCCSA,1C,"Health, Education, ICT and Other Managers",2026-07-01,83
2,ACT,Australian Capital Territory,8ACTE,GCCSA,2,PROFESSIONALS,2026-07-01,1673
3,ACT,Australian Capital Territory,8ACTE,GCCSA,21,Arts and Media Professionals,2026-07-01,78
3,ACT,Australian Capital Territory,8ACTE,GCCSA,24,Education Professionals,2026-07-01,67
3,ACT,Australian Capital Territory,8ACTE,GCCSA,26,ICT Professionals,2026-07-01,494
3,ACT,Australian Capital Territory,8ACTE,GCCSA,27,"Legal, Social and Welfare Professionals",2026-07-01,189
3,ACT,Australian Capital Territory,8ACTE,GCCSA,2A,"Business, Finance and Human Resource Professionals",2026-07-01,163
3,ACT,Australian Capital Territory,8ACTE,GCCSA,2B,Information Professionals,2026-07-01,94
3,ACT,Australian Capital Territory,8ACTE,GCCSA,2C,"Sales, Marketing & Public Relations Professionals",2026-07-01,60
3,ACT,Australian Capital Territory,8ACTE,GCCSA,2D,"Transport and Design Professionals, and Architects",2026-07-01,67
3,ACT,Australian Capital Territory,8ACTE,GCCSA,2E,Engineers,2026-07-01,66
3,ACT,Australian Capital Territory,8ACTE,GCCSA,2F,Science Professionals and Veterinarians,2026-07-01,22
3,ACT,Australian Capital Territory,8ACTE,GCCSA,2G,Health Diagnostic and Therapy Professionals,2026-07-01,159
3,ACT,Australian Capital Territory,8ACTE,GCCSA,2H,Medical Practitioners and Nurses,2026-07-01,215
2,ACT,Australian Capital Territory,8ACTE,GCCSA,3,TECHNICIANS AND TRADES WORKERS,2026-07-01,429
3,ACT,Australian Capital Territory,8ACTE,GCCSA,31,"Engineering, ICT and Science Technicians",2026-07-01,100
3,ACT,Australian Capital Territory,8ACTE,GCCSA,32,Automotive and Engineering Trades,2026-07-01,74
3,ACT,Australian Capital Territory,8ACTE,GCCSA,33,Construction Trades,2026-07-01,59
3,ACT,Australian Capital Territory,8ACTE,GCCSA,34,Electrotechnology and Telecommunications Trades,2026-07-01,51
3,ACT,Australian Capital Territory,8ACTE,GCCSA,35,Food Trades,2026-07-01,70
3,ACT,Australian Capital Territory,8ACTE,GCCSA,36,Skilled Animal and Horticultural Workers,2026-07-01,27
3,ACT,Australian Capital Territory,8ACTE,GCCSA,3A,"Hairdressers, Printing, Clothing and Wood Trades",2026-07-01,22
3,ACT,Australian Capital Territory,8ACTE,GCCSA,3B,"Jewellers, Arts and Other Trades Workers",2026-07-01,26
2,ACT,Australian Capital Territory,8ACTE,GCCSA,4,COMMUNITY AND PERSONAL SERVICE WORKERS,2026-07-01,411
3,ACT,Australian Capital Territory,8ACTE,GCCSA,41,Health and Welfare Support Workers,2026-07-01,41
3,ACT,Australian Capital Territory,8ACTE,GCCSA,42,Carers and Aides,2026-07-01,173
3,ACT,Australian Capital Territory,8ACTE,GCCSA,43,Hospitality Workers,2026-07-01,60
3,ACT,Australian Capital Territory,8ACTE,GCCSA,44,Protective Service Workers,2026-07-01,77
3,ACT,Australian Capital Territory,8ACTE,GCCSA,45,"Sports, Travel and Personal Service Workers",2026-07-01,60
2,ACT,Australian Capital Territory,8ACTE,GCCSA,5,CLERICAL AND ADMINISTRATIVE WORKERS,2026-07-01,663
3,ACT,Australian Capital Territory,8ACTE,GCCSA,55,Numerical Clerks,2026-07-01,85
3,ACT,Australian Capital Territory,8ACTE,GCCSA,56,"Clerical and Office Support Workers, Couriers",2026-07-01,11
3,ACT,Australian Capital Territory,8ACTE,GCCSA,59,Other Clerical and Administrative Workers,2026-07-01,96
3,ACT,Australian Capital Territory,8ACTE,GCCSA,5A,"Office Managers, Administrators and Secretaries",2026-07-01,151
3,ACT,Australian Capital Territory,8ACTE,GCCSA,5B,"General-Inquiry Clerks, Call Centre, Receptionists",2026-07-01,320
2,ACT,Australian Capital Territory,8ACTE,GCCSA,6,SALES WORKERS,2026-07-01,283
3,ACT,Australian Capital Territory,8ACTE,GCCSA,61,Sales Representatives and Agents,2026-07-01,79
3,ACT,Australian Capital Territory,8ACTE,GCCSA,62,Sales Assistants and Salespersons,2026-07-01,174
3,ACT,Australian Capital Territory,8ACTE,GCCSA,63,Sales Support Workers,2026-07-01,31
2,ACT,Australian Capital Territory,8ACTE,GCCSA,7,MACHINERY OPERATORS AND DRIVERS,2026-07-01,122
3,ACT,Australian Capital Territory,8ACTE,GCCSA,71,Machine and Stationary Plant Operators,2026-07-01,12
3,ACT,Australian Capital Territory,8ACTE,GCCSA,72,Mobile Plant Operators,2026-07-01,19
3,ACT,Australian Capital Territory,8ACTE,GCCSA,7A,Drivers and Storepersons,2026-07-01,91
2,ACT,Australian Capital Territory,8ACTE,GCCSA,8,LABOURERS,2026-07-01,181
3,ACT,Australian Capital Territory,8ACTE,GCCSA,81,Cleaners and Laundry Workers,2026-07-01,37
3,ACT,Australian Capital Territory,8ACTE,GCCSA,82,Construction and Mining Labourers,2026-07-01,20
3,ACT,Australian Capital Territory,8ACTE,GCCSA,83,Factory Process Workers,2026-07-01,36
3,ACT,Australian Capital Territory,8ACTE,GCCSA,84,"Farm, Forestry and Garden Workers",2026-07-01,9
3,ACT,Australian Capital Territory,8ACTE,GCCSA,85,Food Preparation Assistants,2026-07-01,11
3,ACT,Australian Capital Territory,8ACTE,GCCSA,89,Other Labourers,2026-07-01,67
